﻿<?xml version="1.0" encoding="UTF-8"?>
<!--Created by 'eHMI'version2.2.32-->
<ResMap>
  <Message ID="B:HSHPDefaultParam:Cp:Lab_PrmNo::PrmNo" Content="Index" />
  <Message ID="B:HSHPDefaultParam:Cp:Lab_RestoreDefault::RestoreDefault" Content="Restore Default Value?" />
  <Message ID="B:HSHPDefaultParam:Cp:Lab_401::401" Content="401" />
  <Message ID="B:HSHPDefaultParam:Cp:Lab_402::402" Content="402" />
  <Message ID="B:HSHPDefaultParam:Cp:Lab_404::404" Content="404" />
  <Message ID="B:HSHPDefaultParam:Cp:Lab_406::406" Content="406" />
  <Message ID="B:HSHPDefaultParam:Cp:Lab_408::408" Content="408" />
  <Message ID="B:HSHPDefaultParam:Cp:Lab_3808::3808" Content="3808" />
  <Message ID="B:HSHPDefaultParam:Cp:Lab_Note::Note" Content="P1Q3: Rough, Accuracy, and applied to thin part stock&#xD;&#xA;P2Q3: Rough, Steady, and to thick part stock" />
  <Message ID="B:HSHPDefaultParam:Cp:Lab_Precision::Precision" Content="Fine &#xD;&#xA;Precision" />
  <Message ID="B:HSHPDefaultParam:Cp:Lab_Velocity::Velocity" Content="Fine&#xD;&#xA;Velocity" />
  <Message ID="B:HSHPDefaultParam:Cp:Lab_Rough::Rough" Content="Rough" />
  <Message ID="B:HSHPDefaultParam:Cp:Lab_Accuracy::Accuracy" Content="Fine&#xD;&#xA;Precision" />
  <Message ID="B:HSHPDefaultParam:Cp:Lab_Speed::Speed" Content="Fine&#xD;&#xA;Velocity" />
  <Message ID="B:HSHPDefaultParam:Cp:Lab_Mill::Mill" Content="Rough" />
  <Message ID="B:HSHPDefaultParam:Cp:Lab_phone::Phone" Content="Phone&#xD;&#xA;mold" />
  <Message ID="B:HSHPDefaultParam:Cp:Lab_Tablet::Tablet" Content="Tablet&#xD;&#xA;mold" />
  <Message ID="B:HSHPDefaultParam:Cp:Lab_NonMeatal::NonMeatal" Content="Non-Metal&#xD;&#xA;Material" />
  <Message ID="B:HSHPDefaultParam:Cp:Lab_3C::3C" Content="3C Product" />
  <Message ID="B:HSHPDefaultParam:Cp:Lab_arc::Arc" Content="More Arcs" />
  <Message ID="B:HSHPDefaultParam:Cp:Lab_Corner::Corner" Content="More Corner" />
  <Message ID="B:HSHPDefaultParam:Cp:Lab_P1Q1::P1Q1" Content="P1Q1" />
  <Message ID="B:HSHPDefaultParam:Cp:Lab_P1Q2::P1Q2" Content="P1Q2" />
  <Message ID="B:HSHPDefaultParam:Cp:Lab_P1Q3::P1Q3" Content="P1Q3" />
  <Message ID="B:HSHPDefaultParam:Cp:Lab_P2Q1::P2Q1" Content="P2Q1" />
  <Message ID="B:HSHPDefaultParam:Cp:Lab_P2Q2::P2Q2" Content="P2Q2" />
  <Message ID="B:HSHPDefaultParam:Cp:Lab_P2Q3::P2Q3" Content="P2Q3" />
  <Message ID="B:HSHPDefaultParam:Cp:Lab_P3Q1::P3Q1" Content="P3Q1" />
  <Message ID="B:HSHPDefaultParam:Cp:Lab_P3Q2::P3Q2" Content="P3Q2" />
  <Message ID="B:HSHPDefaultParam:Cp:Lab_P3Q3::P3Q3" Content="P3Q3" />
</ResMap>