﻿<?xml version="1.0" encoding="UTF-8"?>
<!--Created by 'eHMI'version2.2.10-->
<!--BROWSER SIZE|H:100|W:350-->
<Screen>
  <Name>SerialTunning_Input1</Name>
  <Panel>
    <Name>Pan_Backgnd</Name>
    <Left>0</Left>
    <Top>0</Top>
    <Width>450</Width>
    <Height>100</Height>
    <BorderStyle>1</BorderStyle>
    <BackColor>213,213,213</BackColor>
  </Panel>
  <Label>
    <Left>218</Left>
    <Top>20</Top>
    <Height>33</Height>
    <Width>400</Width>
    <Name>Lab_Unit</Name>
    <FontSize>14</FontSize>
    <BorderStyle>0</BorderStyle>
    <Visible>False</Visible>
    <Depth>1</Depth>
    <ForeColor>0,0,0</ForeColor>
    <BackColor>213,213,213</BackColor>
    <Caption>
    </Caption>
  </Label>
  <Input>
    <Left>111</Left>
    <Top>20</Top>
    <Height>31</Height>
    <Width>96</Width>
    <Name>Inp_Value</Name>
    <BorderStyle>0</BorderStyle>
    <Depth>0</Depth>
    <BackColor>128,128,128</BackColor>
  </Input>
</Screen>
