﻿<?xml version="1.0" encoding="UTF-8"?>
<!--Created by 'eHMI'version2.2.22-->
<!--BROWSER SIZE|H:470|W:800-->
<Screen>
  <Name>SerialTuning_AT1</Name>
  <Panel>
    <Left>2</Left>
    <Top>-1</Top>
    <Width>800</Width>
    <Height>470</Height>
    <Name>Panel1</Name>
    <BackColor>0,0,0</BackColor>
    <Depth>16</Depth>
  </Panel>
  <ListInput>
    <Left>21</Left>
    <Top>203</Top>
    <Height>32</Height>
    <Width>94</Width>
    <Name>Param1</Name>
    <FontSize>14</FontSize>
    <Alignment>2</Alignment>
    <InputStorage>R</InputStorage>
    <MappingToRegistry>0</MappingToRegistry>
    <Depth>14</Depth>
    <Value>0</Value>
  </ListInput>
  <Label>
    <Left>21</Left>
    <Top>165</Top>
    <Height>32</Height>
    <Width>94</Width>
    <Name>Label1</Name>
    <FontSize>18</FontSize>
    <Alignment>0</Alignment>
    <ForeColor>0,128,0</ForeColor>
    <BackColor>0,0,0</BackColor>
    <Caption>STR::Browser::AutoTuning::Label::SelectAxis</Caption>
    <Wrap>True</Wrap>
    <Depth>13</Depth>
  </Label>
  <Label>
    <Left>265</Left>
    <Top>51</Top>
    <Height>105</Height>
    <Width>510</Width>
    <Name>Board</Name>
    <BorderStyle>2</BorderStyle>
    <BorderColor>255,255,255</BorderColor>
    <BackColor>0,0,0</BackColor>
    <Caption>
    </Caption>
  </Label>
  <Label>
    <Left>270</Left>
    <Top>56</Top>
    <Height>95</Height>
    <Width>502</Width>
    <Name>TAction</Name>
    <FontSize>14</FontSize>
    <Alignment>3</Alignment>
    <ForeColor>255,255,255</ForeColor>
    <BackColor>0,0,0</BackColor>
    <Caption>STR::Browser::AutoTuning::Action::Hint1</Caption>
    <Wrap>True</Wrap>
    <Depth>12</Depth>
  </Label>
  <Label>
    <Left>4</Left>
    <Top>58</Top>
    <Height>40</Height>
    <Width>240</Width>
    <Name>TStep</Name>
    <FontSize>18</FontSize>
    <BorderStyle>2</BorderStyle>
    <ForeColor>255,255,255</ForeColor>
    <BackColor>0,0,0</BackColor>
    <Caption>STR::Browser::AutoTuning::Chart::Step1</Caption>
    <Wrap>True</Wrap>
    <Depth>10</Depth>
  </Label>
  <Label>
    <Left>4</Left>
    <Top>4</Top>
    <Height>39</Height>
    <Width>138</Width>
    <Name>Label2</Name>
    <FontSize>20</FontSize>
    <ForeColor>0,255,0</ForeColor>
    <BackColor>0,0,0</BackColor>
    <Caption>STR::Browser::AutoTuning::Label::TuningStatus</Caption>
  </Label>
  <Label>
    <Left>4</Left>
    <Top>110</Top>
    <Height>39</Height>
    <Width>138</Width>
    <Name>Label3</Name>
    <FontSize>20</FontSize>
    <ForeColor>0,255,0</ForeColor>
    <BackColor>0,0,0</BackColor>
    <Caption>STR::Browser::AutoTuning::Label::Setting</Caption>
  </Label>
  <Label>
    <Left>265</Left>
    <Top>4</Top>
    <Height>38</Height>
    <Width>138</Width>
    <Name>Label4</Name>
    <FontSize>20</FontSize>
    <ForeColor>0,255,64</ForeColor>
    <BackColor>0,0,0</BackColor>
    <Caption>STR::Browser::AutoTuning::Label::Hint</Caption>
  </Label>
</Screen>