﻿<?xml version="1.0" encoding="UTF-8"?>
<ResMap>
	<Message ID="Browser::SPLCAMonitor::Title" Content="串列PLC轴 轴向讯息" />
	
	<Message ID="Browser::SPLCAMonitor::Mode" Content="模式" />
	<Message ID="Browser::SPLCAMonitor::Running" Content="执行中(状态)" />
	<Message ID="Browser::SPLCAMonitor::Feedhold" Content="暂停(状态)" />
	<Message ID="Browser::SPLCAMonitor::Alarm" Content="警报(状态)" />
	<Message ID="Browser::SPLCAMonitor::Ready" Content="就绪(状态)" />
	<Message ID="Browser::SPLCAMonitor::InPosition" Content="位置到达(状态)" />
	<Message ID="Browser::SPLCAMonitor::AbsMode" Content="绝对(状态)" />
	<Message ID="Browser::SPLCAMonitor::ServoOn" Content="Servo On(状态)" />
	<Message ID="Browser::SPLCAMonitor::TargetPosition" Content="目标位置" />
	<Message ID="Browser::SPLCAMonitor::TargetVelocity" Content="目标速度" />
	<Message ID="Browser::SPLCAMonitor::CurPosition" Content="现在位置" />
	<Message ID="Browser::SPLCAMonitor::CurVelocity" Content="现在速度" />
</ResMap>