﻿<?xml version="1.0" encoding="UTF-8"?>
<!--Created by 'eHMI'version2.2.17-->
<ResMap>
  <Message ID="Browser::MonGData::Caption::Lab_GStatusTitle::GCode" Content="G Code" />
  <Message ID="Browser::MonGData::Caption::Lab_Feedrate::FeedRate" Content="Feed Rate" />
  <Message ID="Browser::MonGData::Caption::Lab_SpindleTitle::SpindleRate" Content="Spindle" />
  <Message ID="Browser::MonGData::Caption::Lab_InteruptLineNO::InteruptLineNO" Content="Interupt Line NO." />
  <Message ID="Browser::MonGData::Caption::Lab_InteruptColNO::InteruptColNO" Content="Interupt Col NO." />
  <Message ID="Browser::MonGData::Caption::Lab_PartCountSet::PartCountSet" Content="Part Count" />
  <Message ID="Browser::MonGData::Caption::Lab_AccmRunTime::AcumRunTime" Content="Accum Run Time" />
  <Message ID="Browser::MonGData::Caption::Lab_WorkHour::Hour" Content="H" />
  <Message ID="Browser::MonGData::Caption::Lab_WorkMin::Min" Content="M" />
  <Message ID="Browser::MonGData::Caption::Lab_TotalAcumPartCount::TotalAcumPartCount" Content="TotalAcumPartCount" />
  <Message ID="Browser::MonGData::Caption::Lab_AcumPartCount::AcumPartCount" Content="Part Count" />
  <Message ID="Browser::MonGData::Caption::Lab_RequiredPartCount::RequiredPartCount" Content="Required Part" />
  <Message ID="Browser::MonGData::Caption::Lab_SpindleStatus::SpindleStatus" Content="Spindle" />
  <Message ID="Browser::MonGData::Caption::Lab_SpindleStatus1::Spindle1st" Content="1st Spindle" />
  <Message ID="Browser::MonGData::Caption::Lab_SpindleStatus2::Spindle2nd" Content="2nd Spindle" />
  <Message ID="Browser::MonGData::Caption::Lab_SpindleStatus3::Spindle3rd" Content="3rd Spindle" />
  <Message ID="Browser::MonGData::Caption::Lab_SpindleStatus4::Spindle4th" Content="4th Spindle" />
  <Message ID="Browser::MonGData::Caption::Lab_SpindleStatus5::Spindle5th" Content="5th Spindle" />
  <Message ID="Browser::MonGData::Caption::Lab_SpindleStatus6::Spindle6th" Content="6th Spindle" />
  <Message ID="Browser::MonGData::Caption::Lab_123::SyncDeltaAngle" Content="Sy. Shift Angle" />
  <Message ID="Browser::MonGData::Caption::Lab_123::SyncDiffAngle" Content="Sy. Diff. Angle" />
  <Message ID="Browser::MonGData::Caption::SpindlesStatusRate::SpindleStatusRate" Content="Override" />
  <Message ID="Browser::MonGData::Caption::SpindleRate::SpindleRate" Content="Spindle Speed" />
  <Message ID="Browser::MonGData::Caption::Lab_Loading::Loading" Content="Loading" />
  <Message ID="Browser::MonGData::Caption::Label1::ParamSet" Content="Parameter Set" />
  <Message ID="Browser::MonGData::Caption::Lab_HSHPParam::SmoothLevel" Content="Smooth Level"/>
  <Message ID="Browser::MonGData::Caption::Lab_HSHPParam::SpeedLevel" Content="Speed Level"/>
</ResMap>