﻿<?xml version="1.0" encoding="UTF-8"?>
<ResMap>
	<!-- ========== AutoTunning =============== -->	
	<Message ID="Browser::AutoTuning::Chart::Start" Content="慣量比估測開始" />
	<Message ID="Browser::AutoTuning::Chart::Step1" Content="選擇軸向" />	
	<Message ID="Browser::AutoTuning::Chart::Step2" Content="設定調機行程極限" />
	<Message ID="Browser::AutoTuning::Chart::Step3" Content="設定功能選項" />	
	<Message ID="Browser::AutoTuning::Chart::Step4" Content="調機中..." />
	<Message ID="Browser::AutoTuning::Chart::Step5" Content="調機結果" />
	<Message ID="Browser::AutoTuning::Chart::Step6" Content="進階調機" />	
	<Message ID="Browser::AutoTuning::Action::Hint1" Content="
	一次只能進行一軸的調機，利用左方的拉棒選擇調機軸
	後，再按下功能鍵「下一步」。" />
	<Message ID="Browser::AutoTuning::Action::Hint2" Content="
	先將機台位置移至第一極限，接著按下功能鍵「設定第
	一極限」;再將機台移至第二極限，接著按下功能鍵「
	設定第二極限」。設定完成後按下功能鍵「下一步」。" />
	<Message ID="Browser::AutoTuning::Action::Hint3" Content="
	選擇欲進行之調機功能，以及調機參數的設定。然後按
	下功能鍵「下一步」，開始調機。" />
	<Message ID="Browser::AutoTuning::Action::Hint4" Content="
	調機動作將自動停止，亦可按下功能鍵「調機停止」停
	止調機行程。調機停止後，被調適的參數值將刷新" />
	<Message ID="Browser::AutoTuning::Action::Hint5" Content="
	自動調機結束或手動中斷調機行程後，請立即重啟控制
	器及驅動器，以便進行下次調機或後續的動作。" />
	<Message ID="Browser::AutoTuning::Action::Hint100" Content="
	自動調機結束或手動中斷調機行程後，請立即重啟控制
	器及驅動器，以便進行下次調機或後續的動作。" />
	<Message ID="Browser::AutoTuning::Action::Syntec::Hint3" Content="
	設定主軸機構類型，按下功能鍵「下一步」開始調機，
	或直接按「進階調機」，進行增益值調整(建議先完成
	初次調機)。" />
	<Message ID="Browser::AutoTuning::Action::Syntec::Hint4" Content="
	調機動作將自動停止，亦可按下功能鍵「調機停止」停
	止調機行程。" />
	<Message ID="Browser::AutoTuning::Action::Syntec::Hint5" Content="
	調機完成，請檢查調機結果。
	可直接進入「進階調機」，進行增益值調整" />
	<Message ID="Browser::AutoTuning::Action::Syntec::Hint6" Content="
	1.設定頻寬或直接修改增益值
	2.設定頻寬後，按下「增益計算」
	3.設定試運轉參數，按下「主軸啟動」
	4.按下「主軸轉動」進行試運轉
	5.按下「主軸停轉」結束試運轉" />
	<Message ID="Browser::AutoTuning::Label::SelectAxis" Content="調機軸" />
	<Message ID="Browser::AutoTuning::Label::LimitPos1" Content="第一極限" />
	<Message ID="Browser::AutoTuning::Label::LimitPos2" Content="第二極限" />
	<Message ID="Browser::AutoTuning::Label::TuningStatus" Content="目前狀態" />
	<Message ID="Browser::AutoTuning::Label::Setting" Content="調機設定" />
	<Message ID="Browser::AutoTuning::Label::Hint" Content="動作說明" />
	<Message ID="Browser::AutoTuning::Label::Result" Content="調機結果" />
	<Message ID="Browser::AutoTuning::Label::Monitor" Content="狀態監視器" />
	<Message ID="Browser::AutoTuning::ListItem::open" Content="開啟" />
	<Message ID="Browser::AutoTuning::ListItem::close" Content="關閉" />
	<!-- ========== AutoTunning_Opt_477 Browser =============== -->	
	<Message ID="Browser::AutoTuning::Opt::Gain" Content="自動增益調整" />
	<Message ID="Browser::AutoTuning::Opt::Estimate" Content="多共振點自動估測" />
	<Message ID="Browser::AutoTuning::Opt::Response" Content="速度迴路響應頻寬(Hz)" />
	<!-- ========== AutoTunning_Opt_1000 Browser =============== -->
	<Message ID="Browser::AutoTuning::Opt::Related Mode" Content="調機流程" />
	<Message ID="Browser::AutoTuning::Opt::ListItem::RelMode1" Content="慣量與增益值調試" />
	<Message ID="Browser::AutoTuning::Opt::ListItem::RelMode2" Content="增益值調試" />
	<Message ID="Browser::AutoTuning::Opt::ListItem::Type1" Content="皮帶驅動機構" />
	<Message ID="Browser::AutoTuning::Opt::ListItem::Type2" Content="滾珠螺桿驅動機構" />
	<Message ID="Browser::AutoTuning::Opt::ListItem::Type3" Content="直接連結機構" />
	<Message ID="Browser::AutoTuning::Opt::ListItem::Mode1" Content="標準" />
	<Message ID="Browser::AutoTuning::Opt::ListItem::Mode2" Content="定位專用調整" />
	<Message ID="Browser::AutoTuning::Opt::ListItem::Mode3" Content="加強過沖抑制" />
	<Message ID="Browser::AutoTuning::Opt::ListItem::Notch0" Content="不進行調整" />
	<Message ID="Browser::AutoTuning::Opt::ListItem::Notch1" Content="調整 notch filter 1" />
	<Message ID="Browser::AutoTuning::Opt::ListItem::Notch256" Content="調整 notch filter 2" />
	<Message ID="Browser::AutoTuning::Opt::ListItem::Notch257" Content="調整 notch filter 1&amp;2" />
	<Message ID="Browser::AutoTuning::Opt::Type" Content="機構類型" />
	<Message ID="Browser::AutoTuning::Opt::Mode" Content="調機模式" />
	<Message ID="Browser::AutoTuning::Opt::NotchFilter" Content="共振抑制選擇" />
	<!-- ========== AutoTunning_Opt_2000 Browser =============== -->
	<Message ID="Browser::AutoTuning::Opt::ListItem::RelModeNone" Content="調機功能選擇" />
	<Message ID="Browser::AutoTuning::Opt::ListItem::Syntec::Type0" Content="直結式" />
	<Message ID="Browser::AutoTuning::Opt::ListItem::Syntec::Type1" Content="滾珠螺桿" />
	<Message ID="Browser::AutoTuning::Opt::ListItem::Syntec::Type2" Content="皮帶" />
	<!-- ========== AutoTunning_Para_1000 Browser =============== -->	
	<Message ID="Browser::AutoTuning::Para::InertiaEstimate" Content="慣量比估測值" />
	<Message ID="Browser::AutoTuning::Para::Kpp" Content="位置迴路增益" />
	<Message ID="Browser::AutoTuning::Para::Kvp" Content="速度迴路增益" />
	<Message ID="Browser::AutoTuning::Para::Kvi" Content="速度迴路積分時間" />
	<Message ID="Browser::AutoTuning::Para::Notch1freq" Content="第一組共振抑制頻率" />
	<Message ID="Browser::AutoTuning::Para::Notch1atte" Content="第一組共振抑制深度" />
	<Message ID="Browser::AutoTuning::Para::Notch2freq" Content="第二組共振抑制頻率" />
	<Message ID="Browser::AutoTuning::Para::Notch2atte" Content="第二組共振抑制深度" />
	<!-- ========== AutoTunning_Para_2000 Browser =============== -->
	<Message ID="Browser::AutoTuning::Para::Syntec::InertiaEstimated" Content="負載慣量" />
	<Message ID="Browser::AutoTuning::Para::Syntec::Bandwidth" Content="頻寬" />
	<Message ID="Browser::AutoTuning::Para::Syntec::Polarity" Content="馬達極數" />
	<Message ID="Browser::AutoTuning::Para::Syntec::Resolution" Content="解析度" />
	<Message ID="Browser::AutoTuning::Para::Syntec::Parameter" Content="參數名稱" />
	<Message ID="Browser::AutoTuning::Para::Syntec::Value" Content="設定值" />
	<Message ID="Browser::AutoTuning::Para::Syntec::PosLoopGain" Content="位置迴路增益(0.1rad/s)" />
	<Message ID="Browser::AutoTuning::Para::Syntec::SpdLoopGain" Content="速度迴路增益(0.1Hz)" />
	<Message ID="Browser::AutoTuning::Para::Syntec::SpdLoopTimeCons" Content="速度迴路積分時間(0.01ms)" />
	<Message ID="Browser::AutoTuning::Para::Syntec::SpdFilterBandwidth" Content="速度濾波頻寬(0.01ms)" />
	<Message ID="Browser::AutoTuning::Para::Syntec::TrqCmdFilterTimeCons" Content="扭力命令濾波時間(0.01ms)" />
	<Message ID="Browser::AutoTuning::Para::Syntec::Speed" Content="V:轉速(RPM)" />
	<Message ID="Browser::AutoTuning::Para::Syntec::Acceleration" Content="A:加速度時間(ms)" />
	<Message ID="Browser::AutoTuning::Para::Syntec::Jerk" Content="J:加加速度時間(ms)" />
	<!-- ========== MMI MesageBox =============== -->	
	<Message ID="MMI::AutoTuning::MSG::CheckMachine" Content="調整動作即將開始，請
確認機台是否正常並確
保人員安全" />
	<Message ID="MMI::AutoTuning::Title::CheckMachine" Content="調機確認" />
	<Message ID="MMI::AutoTuning::MSG::ConfirmAbortTuning" Content="調機未完成，確定要中斷?" />
	<Message ID="MMI::AutoTuning::Title::ConfirmAbortTuning" Content="中斷確認" />
	<Message ID="MMI::AutoTuning::MSG::AbortTuning" Content="調機動作被中斷，請在狀況解除後再次調機" />
	<Message ID="MMI::AutoTuning::MSG::CheckAxisPos" Content="調機前請將軸向移動至第二極限附近，或重新確認兩極限設定" />
	<Message ID="MMI::AutoTuning::MSG::AxisPosErr" Content="軸向位置錯誤，請重新設定兩極限" />
	<Message ID="MMI::AutoTuning::MSG::MovingErr" Content="軸向快速移動的速度值太低" />
	<Message ID="MMI::AutoTuning::MSG::EndTuning" Content="若曾進行調機動作，請重開控制器
及驅動器，確保調機結果生效。" />
	<Message ID="MMI::AutoTuning::MSG::StopAutoTunning" Content="自動調機完成，請確認調機結果" />
	<Message ID="MMI::AutoTuning::MSG::CheckAutoMode" Content="請切換至自動模式" />
	<Message ID="MMI::AutoTuning::MSG::CheckServo" Content="請確認系統為就緒狀態" />
	<Message ID="MMI::AutoTuning::MSG::EndTuning" Content="離開自動調機，加工前請重新
啟動控制器與驅動器。" />
	<Message ID="MMI::AutoTuning::MSG::LimitLength" Content="輸入的兩點距離過短，
請超過:" />
	<Message ID="MMI::AutoTuning::MSG::MaxLength" Content="輸入的兩點距離過大，
請低於:" />
	<Message ID="MMI::AutoTuning::MSG::OnTunning" Content="調機中" />
	<Message ID="MMI::AutoTuning::MSG::TunningOver" Content="調機結束" />
	<Message ID="MMI::AutoTuning::MSG::TuningFail" Content="錯誤碼0x11:調機失敗" />
	<Message ID="MMI::AutoTuning::MSG::OperationErr" Content="錯誤碼0x21:動作錯誤" />
	<Message ID="MMI::AutoTuning::MSG::InterruptByAbnormal" Content="錯誤碼0x22:因異常而中斷調機" />
	<Message ID="MMI::AutoTuning::MSG::InertiaEstimateErr" Content="錯誤碼0x31:慣量估測失敗" />
	<Message ID="MMI::AutoTuning::MSG::ServoAlarmOccurErr" Content="調機過程發生警報，請排除警報後再進行調機。" />
	<Message ID="MMI::AutoTuning::MSG::RestartSystem" Content="請對該軸使用串列參數初始化功能，然後將控制器與驅動器斷電重開，再次進行" />
	<Message ID="MMI::AutoTuning::MSG::CheckCNCStatus" Content="系統未就緒，無法調機" />
	<Message ID="MMI::AutoTuning::MSG::JogMotorErr" Content="馬達尚未啟動" />
	<Message ID="MMI::AutoTuning::MSG::ShowPermaStorage" Content="離開進階調機，是否執行參數永久儲存?" />
	<Message ID="MMI::AutoTuning::Title::ShowPermaStorage" Content="永久儲存確認" />
</ResMap>