﻿<?xml version="1.0" encoding="UTF-8"?>
<!--Created by 'eHMI'version2.2.17-->
<ResMap>
  <Message ID="Browser::HSHPParamData::Caption::Lab_ParamNoHead::ParamID" Content="編號" />
  <Message ID="Browser::HSHPParamData::Caption::Lab_ParamTitleHead::ParamItem" Content="說明" />
  <Message ID="Browser::HSHPParamData::Caption::DecriptionLabel::Description" Content="預設值參數說明" />
  <Message ID="Browser::HSHPParamData::Caption::DescriptLabel_P1::P1_desp" Content="P1" />
  <Message ID="Browser::HSHPParamData::Caption::DescriptLabel_P2::P2_desp" Content="P2" />
  <Message ID="Browser::HSHPParamData::Caption::DescriptLabel_P3::P3_desp" Content="P3" />
  <Message ID="Browser::HSHPParamData::Caption::DescriptLabel_P4::P4_desp" Content="P4" />
  <Message ID="Browser::HSHPParamData::Caption::DescriptLabel_P5::P5_desp" Content="P5" />
  <Message ID="Browser::HSHPParamData::Caption::WorkTypeLabel::WorkType" Content="加工類型" />
  <Message ID="Browser::HSHPParamData::Caption::WorkTypeP1Label::finish" Content="精加工" />
  <Message ID="Browser::HSHPParamData::Caption::WorkTypeP2Label::finish" Content="精加工" />
  <Message ID="Browser::HSHPParamData::Caption::WorkTypeP3Label::finish" Content="精加工" />
  <Message ID="Browser::HSHPParamData::Caption::WorkTypeP4Label::rough" Content="粗加工" />
  <Message ID="Browser::HSHPParamData::Caption::WorkTypeP5Label::rough" Content="粗加工" />
  <Message ID="Browser::HSHPParamData::Caption::CharLabel::Characteristic" Content="加工特性" />
  <Message ID="Browser::HSHPParamData::Caption::CharP1Label::HighPrecision" Content="　高精度（路徑貼合）" />
  <Message ID="Browser::HSHPParamData::Caption::CharP2Label::Normal" Content="　一般（速度優先）" />
  <Message ID="Browser::HSHPParamData::Caption::CharP3Label::HighSmooth" Content="　高平滑性（速度變化平穩，但轉角處有較大輪廓誤差）" />
  <Message ID="Browser::HSHPParamData::Caption::CharP4Label::Accuracy" Content="　精度佳（適用於材料預留量少時）" />
  <Message ID="Browser::HSHPParamData::Caption::CharP5Label::Steady" Content="　穩度佳（適用於材料預留量多時）" />
  <Message ID="Browser::HSHPParamData::Caption::PostscriptumLabel::PostscriptumLabel" Content="（備註：預設值Pr401數值的設置，是基於Pr405 = 5000）" />
  <Message ID="Browser::HSHPParamData::Caption::Lab_P_Default::HSHPParamDefault" Content="參數總表" />
</ResMap>