﻿<?xml version="1.0" encoding="UTF-8"?>
<!--Created by 'eHMI'version2.1.7-->
<!--BROWSER SIZE|H:600|W:800-->
<Screen>
  <Name>_MonSTDData</Name>
  <Panel>
    <Left>0</Left>
    <Top>0</Top>
    <Width>399</Width>
    <Height>314</Height>
    <Name>Pan_RunSimulation</Name>
    <FontSize>9</FontSize>
    <Alignment>2</Alignment>
    <BorderStyle>1</BorderStyle>
    <Visible>True</Visible>
    <Depth>34</Depth>
    <BorderColor>255,255,255</BorderColor>
    <ForeColor>0,0,0</ForeColor>
  </Panel>
  <Panel>
    <Left>401</Left>
    <Top>215</Top>
    <Width>399</Width>
    <Height>255</Height>
    <Name>Pan_RunProgram</Name>
    <FontSize>9</FontSize>
    <Alignment>2</Alignment>
    <BorderStyle>1</BorderStyle>
    <Visible>True</Visible>
    <Depth>38</Depth>
    <BorderColor>255,255,255</BorderColor>
    <ForeColor>0,0,0</ForeColor>
    <BackColor>0,0,0</BackColor>
  </Panel>
  <Panel>
    <Left>0</Left>
    <Top>315</Top>
    <Width>400</Width>
    <Height>155</Height>
    <Name>Pan_RunCoord</Name>
    <FontSize>9</FontSize>
    <Alignment>2</Alignment>
    <BorderStyle>1</BorderStyle>
    <Visible>True</Visible>
    <Depth>36</Depth>
    <BorderColor>0,0,0</BorderColor>
    <ForeColor>0,0,0</ForeColor>
    <BackColor>0,0,0</BackColor>
  </Panel>
  <Panel>
    <Left>400</Left>
    <Top>0</Top>
    <Width>400</Width>
    <Height>214</Height>
    <Name>Pan_RunStatus</Name>
    <FontSize>9</FontSize>
    <Alignment>2</Alignment>
    <BorderStyle>1</BorderStyle>
    <Visible>True</Visible>
    <Depth>35</Depth>
    <BorderColor>255,255,255</BorderColor>
    <ForeColor>0,0,0</ForeColor>
    <BackColor>0,0,0</BackColor>
  </Panel>
  <Panel>
    <Left>400</Left>
    <Top>0</Top>
    <Width>400</Width>
    <Height>470</Height>
    <Name>Pan_RunSubStatus</Name>
    <FontSize>9</FontSize>
    <Alignment>2</Alignment>
    <BorderStyle>0</BorderStyle>
    <Visible>True</Visible>
    <Depth>40</Depth>
    <BorderColor>255,255,255</BorderColor>
    <ForeColor>122,22,22</ForeColor>
    <BackColor>0,0,0</BackColor>
    <Show_Simu>TRUE</Show_Simu>
    <Show_Prog>False</Show_Prog>
  </Panel>
  <Panel>
    <Left>0</Left>
    <Top>0</Top>
    <Width>800</Width>
    <Height>470</Height>
    <Name>Pan_MillToolStatus</Name>
    <FontSize>9</FontSize>
    <Alignment>2</Alignment>
    <BorderStyle>1</BorderStyle>
    <Visible>True</Visible>
    <Depth>39</Depth>
    <BorderColor>0,0,0</BorderColor>
    <ForeColor>122,22,22</ForeColor>
    <BackColor>192,192,192</BackColor>
    <Show_Simu>TRUE</Show_Simu>
    <Show_Prog>FALSE</Show_Prog>
  </Panel>
  <Panel>
    <Left>0</Left>
    <Top>0</Top>
    <Width>400</Width>
    <Height>214</Height>
    <Name>Panel</Name>
    <FontSize>9</FontSize>
    <Alignment>2</Alignment>
    <BorderStyle>1</BorderStyle>
    <Visible>True</Visible>
    <Depth>37</Depth>
    <BorderColor>255,255,255</BorderColor>
    <ForeColor>0,0,0</ForeColor>
    <BackColor>0,0,0</BackColor>
  </Panel>
  <Label>
    <Left>20</Left>
    <Top>1</Top>
    <Width>100</Width>
    <Height>20</Height>
    <Name>Lab_StatusTitle</Name>
    <FontSize>12</FontSize>
    <Alignment>0</Alignment>
    <BorderStyle>0</BorderStyle>
    <Visible>True</Visible>
    <Depth>33</Depth>
    <BorderColor>128,128,128</BorderColor>
    <ForeColor>0,255,255</ForeColor>
    <BackColor>0,0,0</BackColor>
    <Caption>STR::Browser::_MonSTDData::Caption::Lab_StatusTitle::RunStatus</Caption>
  </Label>
  <Label>
    <Left>20</Left>
    <Top>24</Top>
    <Width>100</Width>
    <Height>20</Height>
    <Name>Lab_WorkTime</Name>
    <FontSize>12</FontSize>
    <Alignment>0</Alignment>
    <BorderStyle>0</BorderStyle>
    <Visible>True</Visible>
    <Depth>32</Depth>
    <BorderColor>128,128,128</BorderColor>
    <ForeColor>0,255,0</ForeColor>
    <BackColor>0,0,0</BackColor>
    <Caption>STR::Browser::_MonSTDData::Caption::Lab_WorkTime::RunTime</Caption>
  </Label>
  <Label>
    <Left>218</Left>
    <Top>24</Top>
    <Width>47</Width>
    <Height>20</Height>
    <Name>Lab_HourValue</Name>
    <FontSize>10</FontSize>
    <Alignment>2</Alignment>
    <BorderStyle>0</BorderStyle>
    <Visible>True</Visible>
    <Depth>31</Depth>
    <BorderColor>128,128,128</BorderColor>
    <ForeColor>255,255,255</ForeColor>
    <BackColor>0,0,0</BackColor>
    <Caption>
    </Caption>
  </Label>
  <Label>
    <Left>265</Left>
    <Top>24</Top>
    <Width>20</Width>
    <Height>20</Height>
    <Name>Lab_WorkHour</Name>
    <FontSize>12</FontSize>
    <Alignment>2</Alignment>
    <BorderStyle>0</BorderStyle>
    <Visible>True</Visible>
    <Depth>30</Depth>
    <BorderColor>128,128,128</BorderColor>
    <ForeColor>0,255,0</ForeColor>
    <BackColor>0,0,0</BackColor>
    <Caption>STR::Browser::_MonSTDData::Caption::Lab_WorkHour::Hour</Caption>
  </Label>
  <Label>
    <Left>290</Left>
    <Top>24</Top>
    <Width>25</Width>
    <Height>20</Height>
    <Name>Lab_MinValue</Name>
    <FontSize>10</FontSize>
    <Alignment>2</Alignment>
    <BorderStyle>0</BorderStyle>
    <Visible>True</Visible>
    <Depth>29</Depth>
    <BorderColor>128,128,128</BorderColor>
    <ForeColor>255,255,255</ForeColor>
    <BackColor>0,0,0</BackColor>
    <Caption>
    </Caption>
  </Label>
  <Label>
    <Left>315</Left>
    <Top>24</Top>
    <Width>20</Width>
    <Height>20</Height>
    <Name>Lab_WorkMin</Name>
    <FontSize>12</FontSize>
    <Alignment>2</Alignment>
    <BorderStyle>0</BorderStyle>
    <Visible>True</Visible>
    <Depth>28</Depth>
    <BorderColor>128,128,128</BorderColor>
    <ForeColor>0,255,0</ForeColor>
    <BackColor>0,0,0</BackColor>
    <Caption>STR::Browser::_MonSTDData::Caption::Lab_WorkMin::Min</Caption>
  </Label>
  <Label>
    <Left>340</Left>
    <Top>24</Top>
    <Width>25</Width>
    <Height>20</Height>
    <Name>Lab_SecValue</Name>
    <FontSize>10</FontSize>
    <Alignment>2</Alignment>
    <BorderStyle>0</BorderStyle>
    <Visible>True</Visible>
    <Depth>27</Depth>
    <BorderColor>128,128,128</BorderColor>
    <ForeColor>255,255,255</ForeColor>
    <BackColor>0,0,0</BackColor>
    <Caption>
    </Caption>
  </Label>
  <Label>
    <Left>365</Left>
    <Top>24</Top>
    <Width>20</Width>
    <Height>20</Height>
    <Name>Lab_WorkSec</Name>
    <FontSize>12</FontSize>
    <Alignment>2</Alignment>
    <BorderStyle>0</BorderStyle>
    <Visible>True</Visible>
    <Depth>26</Depth>
    <BorderColor>128,128,128</BorderColor>
    <ForeColor>0,255,0</ForeColor>
    <BackColor>0,0,0</BackColor>
    <Caption>STR::Browser::_MonSTDData::Caption::Lab_WorkSec::Sec</Caption>
  </Label>
  <Label>
    <Left>20</Left>
    <Top>49</Top>
    <Width>100</Width>
    <Height>20</Height>
    <Name>Lab_AcumPartCount</Name>
    <FontSize>12</FontSize>
    <Alignment>0</Alignment>
    <BorderStyle>0</BorderStyle>
    <Visible>True</Visible>
    <Depth>25</Depth>
    <BorderColor>128,128,128</BorderColor>
    <ForeColor>0,255,0</ForeColor>
    <BackColor>0,0,0</BackColor>
    <Caption>STR::Browser::_MonSTDData::Caption::Lab_AcumPartCount::TotalAcumPartCount</Caption>
  </Label>
  <Display>
    <Left>120</Left>
    <Top>49</Top>
    <Width>80</Width>
    <Height>20</Height>
    <Name>Dis_TotalAcumPartCount</Name>
    <FontSize>12</FontSize>
    <Alignment>1</Alignment>
    <BorderStyle>0</BorderStyle>
    <Visible>True</Visible>
    <Depth>24</Depth>
    <BorderColor>128,128,128</BorderColor>
    <ForeColor>255,255,255</ForeColor>
    <BackColor>0,0,0</BackColor>
    <DisplayFormat>Long</DisplayFormat>
    <DisplaySource>R1004</DisplaySource>
  </Display>
  <Label>
    <Left>224</Left>
    <Top>49</Top>
    <Width>81</Width>
    <Height>20</Height>
    <Name>Lab_AcumPartCount</Name>
    <FontSize>12</FontSize>
    <Alignment>0</Alignment>
    <BorderStyle>0</BorderStyle>
    <Visible>True</Visible>
    <Depth>23</Depth>
    <BorderColor>128,128,128</BorderColor>
    <ForeColor>0,255,0</ForeColor>
    <BackColor>0,0,0</BackColor>
    <Caption>STR::Browser::_MonSTDData::Caption::Lab_AcumPartCount::AcumPartCount</Caption>
  </Label>
  <Display>
    <Left>290</Left>
    <Top>49</Top>
    <Width>80</Width>
    <Height>20</Height>
    <Name>Dis_AcumPartCount</Name>
    <FontSize>12</FontSize>
    <Alignment>1</Alignment>
    <BorderStyle>0</BorderStyle>
    <Visible>True</Visible>
    <Depth>22</Depth>
    <BorderColor>128,128,128</BorderColor>
    <ForeColor>255,255,255</ForeColor>
    <BackColor>0,0,0</BackColor>
    <DisplayFormat>Long</DisplayFormat>
    <DisplaySource>R1000</DisplaySource>
  </Display>
  <Label>
    <Left>113</Left>
    <Top>72</Top>
    <Width>25</Width>
    <Height>20</Height>
    <Name>Lab_FTitle1</Name>
    <FontSize>12</FontSize>
    <Alignment>0</Alignment>
    <BorderStyle>0</BorderStyle>
    <Visible>True</Visible>
    <Depth>21</Depth>
    <BorderColor>128,128,128</BorderColor>
    <ForeColor>0,255,0</ForeColor>
    <BackColor>0,0,0</BackColor>
    <Caption>$1</Caption>
  </Label>
  <Label>
    <Left>113</Left>
    <Top>92</Top>
    <Width>24</Width>
    <Height>20</Height>
    <Name>Lab_FTitle2</Name>
    <FontSize>12</FontSize>
    <Alignment>0</Alignment>
    <BorderStyle>0</BorderStyle>
    <Visible>True</Visible>
    <Depth>20</Depth>
    <BorderColor>128,128,128</BorderColor>
    <ForeColor>0,255,0</ForeColor>
    <BackColor>0,0,0</BackColor>
    <Caption>$2</Caption>
  </Label>
  <Label>
    <Left>20</Left>
    <Top>72</Top>
    <Width>80</Width>
    <Height>20</Height>
    <Name>Lab_Feedrate</Name>
    <FontSize>12</FontSize>
    <Alignment>0</Alignment>
    <BorderStyle>0</BorderStyle>
    <Visible>True</Visible>
    <Depth>19</Depth>
    <BorderColor>128,128,128</BorderColor>
    <ForeColor>0,255,0</ForeColor>
    <BackColor>0,0,0</BackColor>
    <Caption>STR::Browser::_MonSTDData::Caption::Lab_Feedrate::FeedRate</Caption>
  </Label>
  <Label>
    <Left>242</Left>
    <Top>72</Top>
    <Width>90</Width>
    <Height>20</Height>
    <Name>Dis_Feedrate_1</Name>
    <FontSize>12</FontSize>
    <Alignment>1</Alignment>
    <BorderStyle>0</BorderStyle>
    <Visible>True</Visible>
    <Depth>18</Depth>
    <BorderColor>128,128,128</BorderColor>
    <ForeColor>255,255,255</ForeColor>
    <BackColor>0,0,0</BackColor>
    <Caption>0.000</Caption>
  </Label>
  <Display>
    <Left>334</Left>
    <Top>72</Top>
    <Width>60</Width>
    <Height>20</Height>
    <Name>Lab_FeedTail1</Name>
    <FontSize>12</FontSize>
    <Alignment>0</Alignment>
    <BorderStyle>0</BorderStyle>
    <Visible>True</Visible>
    <Depth>17</Depth>
    <BorderColor>128,128,128</BorderColor>
    <ForeColor>0,255,0</ForeColor>
    <BackColor>0,0,0</BackColor>
    <DisplayFormat>Long</DisplayFormat>
    <DisplaySource>K13</DisplaySource>
    <ListItems>
      <Item Id="0">
        <Caption>mm/min</Caption>
      </Item>
      <Item Id="1">
        <Caption>in/min</Caption>
      </Item>
    </ListItems>
  </Display>
  <Label>
    <Left>113</Left>
    <Top>110</Top>
    <Width>24</Width>
    <Height>20</Height>
    <Name>Lab_STitle1</Name>
    <FontSize>12</FontSize>
    <Alignment>0</Alignment>
    <BorderStyle>0</BorderStyle>
    <Visible>True</Visible>
    <Depth>16</Depth>
    <BorderColor>128,128,128</BorderColor>
    <ForeColor>0,255,0</ForeColor>
    <BackColor>0,0,0</BackColor>
    <Caption>$1</Caption>
  </Label>
  <Label>
    <Left>19</Left>
    <Top>109</Top>
    <Width>80</Width>
    <Height>20</Height>
    <Name>Lab_SpindleTitle</Name>
    <FontSize>12</FontSize>
    <Alignment>0</Alignment>
    <BorderStyle>0</BorderStyle>
    <Visible>True</Visible>
    <Depth>15</Depth>
    <BorderColor>128,128,128</BorderColor>
    <ForeColor>0,255,0</ForeColor>
    <BackColor>0,0,0</BackColor>
    <Caption>STR::Browser::_MonSTDData::Caption::Lab_SpindleTitle::SpindleRate</Caption>
  </Label>
  <Label>
    <Left>242</Left>
    <Top>109</Top>
    <Width>90</Width>
    <Height>20</Height>
    <Name>Dis_Spindle_1</Name>
    <FontSize>12</FontSize>
    <Alignment>1</Alignment>
    <BorderStyle>0</BorderStyle>
    <Visible>True</Visible>
    <Depth>14</Depth>
    <BorderColor>128,128,128</BorderColor>
    <ForeColor>255,255,255</ForeColor>
    <BackColor>0,0,0</BackColor>
    <Caption>0</Caption>
    <DisplayFormat>Long</DisplayFormat>
    <DisplaySource>K3</DisplaySource>
  </Label>
  <Label>
    <Left>334</Left>
    <Top>109</Top>
    <Width>60</Width>
    <Height>20</Height>
    <Name>Lab_SpindleTail1</Name>
    <FontSize>12</FontSize>
    <Alignment>0</Alignment>
    <BorderStyle>0</BorderStyle>
    <Visible>True</Visible>
    <Depth>13</Depth>
    <BorderColor>128,128,128</BorderColor>
    <ForeColor>0,255,0</ForeColor>
    <BackColor>0,0,0</BackColor>
    <Caption>RPM</Caption>
  </Label>
  <Label>
    <Left>20</Left>
    <Top>169</Top>
    <Width>35</Width>
    <Height>20</Height>
    <Name>Lab_1</Name>
    <FontSize>12</FontSize>
    <Alignment>0</Alignment>
    <BorderStyle>0</BorderStyle>
    <Visible>True</Visible>
    <Depth>12</Depth>
    <BorderColor>128,128,128</BorderColor>
    <ForeColor>0,255,0</ForeColor>
    <BackColor>0,0,0</BackColor>
    <Caption>$1</Caption>
  </Label>
  <Label>
    <Left>190</Left>
    <Top>169</Top>
    <Width>35</Width>
    <Height>20</Height>
    <Name>Lab_2</Name>
    <FontSize>12</FontSize>
    <Alignment>0</Alignment>
    <BorderStyle>0</BorderStyle>
    <Visible>True</Visible>
    <Depth>11</Depth>
    <BorderColor>128,128,128</BorderColor>
    <ForeColor>0,255,0</ForeColor>
    <BackColor>0,0,0</BackColor>
    <Caption>$2</Caption>
  </Label>
  <Label>
    <Left>20</Left>
    <Top>190</Top>
    <Width>100</Width>
    <Height>20</Height>
    <Name>Lab_StartNo</Name>
    <FontSize>12</FontSize>
    <Alignment>0</Alignment>
    <BorderStyle>0</BorderStyle>
    <Visible>True</Visible>
    <Depth>10</Depth>
    <BorderColor>128,128,128</BorderColor>
    <ForeColor>0,255,0</ForeColor>
    <BackColor>0,0,0</BackColor>
    <Caption>STR::Browser::_MonSTDData::Caption::Lab_StartNo::StartBlockNo</Caption>
  </Label>
  <Input>
    <Left>150</Left>
    <Top>190</Top>
    <Width>90</Width>
    <Height>20</Height>
    <Name>Inp_NLabelValue</Name>
    <FontSize>10</FontSize>
    <Alignment>1</Alignment>
    <BorderStyle>1</BorderStyle>
    <Visible>True</Visible>
    <Depth>9</Depth>
    <BorderColor>128,128,128</BorderColor>
    <ForeColor>255,255,255</ForeColor>
    <BackColor>0,0,0</BackColor>
    <InputFormat>String</InputFormat>
  </Input>
  <Display>
    <Left>334</Left>
    <Top>92</Top>
    <Width>60</Width>
    <Height>20</Height>
    <Name>Lab_FeedTail2</Name>
    <FontSize>12</FontSize>
    <Alignment>0</Alignment>
    <BorderStyle>0</BorderStyle>
    <Visible>True</Visible>
    <Depth>8</Depth>
    <BorderColor>128,128,128</BorderColor>
    <ForeColor>0,255,0</ForeColor>
    <BackColor>0,0,0</BackColor>
    <DisplayFormat>Long</DisplayFormat>
    <DisplaySource>K13</DisplaySource>
    <ListItems>
      <Item Id="0">
        <Caption>mm/min</Caption>
      </Item>
      <Item Id="1">
        <Caption>in/min</Caption>
      </Item>
    </ListItems>
  </Display>
  <Label>
    <Left>242</Left>
    <Top>91</Top>
    <Width>90</Width>
    <Height>20</Height>
    <Name>Dis_Feedrate_2</Name>
    <FontSize>12</FontSize>
    <Alignment>1</Alignment>
    <BorderStyle>0</BorderStyle>
    <Visible>True</Visible>
    <Depth>7</Depth>
    <BorderColor>128,128,128</BorderColor>
    <ForeColor>255,255,255</ForeColor>
    <BackColor>0,0,0</BackColor>
    <Caption>0.000</Caption>
  </Label>
  <Label>
    <Left>334</Left>
    <Top>129</Top>
    <Width>60</Width>
    <Height>20</Height>
    <Name>Lab_SpindleTail2</Name>
    <FontSize>12</FontSize>
    <Alignment>0</Alignment>
    <BorderStyle>0</BorderStyle>
    <Visible>True</Visible>
    <Depth>6</Depth>
    <BorderColor>128,128,128</BorderColor>
    <ForeColor>0,255,0</ForeColor>
    <BackColor>0,0,0</BackColor>
    <Caption>RPM</Caption>
  </Label>
  <Label>
    <Left>113</Left>
    <Top>130</Top>
    <Width>24</Width>
    <Height>20</Height>
    <Name>Lab_STitle2</Name>
    <FontSize>12</FontSize>
    <Alignment>0</Alignment>
    <BorderStyle>0</BorderStyle>
    <Visible>True</Visible>
    <Depth>5</Depth>
    <BorderColor>128,128,128</BorderColor>
    <ForeColor>0,255,0</ForeColor>
    <BackColor>0,0,0</BackColor>
    <Caption>$2</Caption>
  </Label>
  <Label>
    <Left>242</Left>
    <Top>129</Top>
    <Width>90</Width>
    <Height>20</Height>
    <Name>Dis_Spindle_2</Name>
    <FontSize>12</FontSize>
    <Alignment>1</Alignment>
    <BorderStyle>0</BorderStyle>
    <Visible>True</Visible>
    <Depth>4</Depth>
    <BorderColor>128,128,128</BorderColor>
    <ForeColor>255,255,255</ForeColor>
    <BackColor>0,0,0</BackColor>
    <Caption>0</Caption>
    <DisplayFormat>Long</DisplayFormat>
    <DisplaySource>K3</DisplaySource>
  </Label>
  <Label>
    <Left>83</Left>
    <Top>169</Top>
    <Width>59</Width>
    <Height>20</Height>
    <Name>Dis_T1</Name>
    <FontSize>12</FontSize>
    <Alignment>0</Alignment>
    <BorderStyle>0</BorderStyle>
    <Visible>True</Visible>
    <Depth>3</Depth>
    <BorderColor>128,128,128</BorderColor>
    <ForeColor>255,255,255</ForeColor>
    <BackColor>0,0,0</BackColor>
    <Caption>0000</Caption>
    <DisplayFormat>Long</DisplayFormat>
    <DisplaySource>K3</DisplaySource>
  </Label>
  <Label>
    <Left>256</Left>
    <Top>169</Top>
    <Width>60</Width>
    <Height>20</Height>
    <Name>Dis_T2</Name>
    <FontSize>12</FontSize>
    <Alignment>0</Alignment>
    <BorderStyle>0</BorderStyle>
    <Visible>True</Visible>
    <Depth>2</Depth>
    <BorderColor>128,128,128</BorderColor>
    <ForeColor>255,255,255</ForeColor>
    <BackColor>0,0,0</BackColor>
    <Caption>0000</Caption>
    <DisplayFormat>Long</DisplayFormat>
    <DisplaySource>K3</DisplaySource>
  </Label>
  <Label>
    <Left>68</Left>
    <Top>169</Top>
    <Width>15</Width>
    <Height>20</Height>
    <Name>Lab_T1</Name>
    <FontSize>12</FontSize>
    <Alignment>0</Alignment>
    <BorderStyle>0</BorderStyle>
    <Visible>True</Visible>
    <Depth>1</Depth>
    <BorderColor>128,128,128</BorderColor>
    <ForeColor>0,255,0</ForeColor>
    <BackColor>0,0,0</BackColor>
    <Caption>T</Caption>
  </Label>
  <Label>
    <Left>240</Left>
    <Top>169</Top>
    <Width>15</Width>
    <Height>20</Height>
    <Name>Lab_T2</Name>
    <FontSize>12</FontSize>
    <Alignment>0</Alignment>
    <BorderStyle>0</BorderStyle>
    <Visible>True</Visible>
    <Depth>0</Depth>
    <BorderColor>128,128,128</BorderColor>
    <ForeColor>0,255,0</ForeColor>
    <BackColor>0,0,0</BackColor>
    <Caption>T</Caption>
  </Label>
  <Label>
    <Left>20</Left>
    <Top>150</Top>
    <Width>90</Width>
    <Name>Lab_LoadingRate</Name>
    <FontSize>12</FontSize>
    <Alignment>0</Alignment>
    <BorderStyle>0</BorderStyle>
    <Visible>False</Visible>
    <Depth>2</Depth>
    <BorderColor>128,128,128</BorderColor>
    <ForeColor>0,255,0</ForeColor>
    <BackColor>0,0,0</BackColor>
    <Caption>STR::MMI::Run::LoadingRate</Caption>
    <Wrap>True</Wrap>
  </Label>
  <Label>
    <Left>109</Left>
    <Top>150</Top>
    <Width>90</Width>
    <Name>Dis_LoadingRate</Name>
    <FontSize>12</FontSize>
    <Alignment>1</Alignment>
    <BorderStyle>0</BorderStyle>
    <Visible>False</Visible>
    <Depth>1</Depth>
    <BorderColor>128,128,128</BorderColor>
    <ForeColor>255,255,255</ForeColor>
    <BackColor>0,0,0</BackColor>
    <Caption>0</Caption>
    <Wrap>True</Wrap>
    <DisplayFormat>Long</DisplayFormat>
  </Label>
  <Label>
    <Left>200</Left>
    <Top>150</Top>
    <Width>20</Width>
    <Name>Lab_Percent2</Name>
    <FontSize>12</FontSize>
    <Alignment>0</Alignment>
    <BorderStyle>0</BorderStyle>
    <Visible>False</Visible>
    <Depth>0</Depth>
    <BorderColor>128,128,128</BorderColor>
    <ForeColor>0,255,0</ForeColor>
    <BackColor>0,0,0</BackColor>
    <Caption>%</Caption>
    <Wrap>True</Wrap>
  </Label>
  <!--  Monitor Backgnd layout setting -->
  <!--  Monitor Status setting -->
  <Label>
    <Left>350</Left>
    <Top>190</Top>
    <Width>43</Width>
    <Name>lbl_HPCC</Name>
    <FontSize>10</FontSize>
    <ForeColor>0,255,0</ForeColor>
    <BackColor>0,0,0</BackColor>
    <Caption>HPCC</Caption>
  </Label>
</Screen>
