﻿<?xml version="1.0" encoding="UTF-8"?>
<ResMap>
	<!-- ==========================Servo(NOTE: Servo Alarm ID is in HEX mode[According to SYNTEC data-sheet])========================== -->
	<Message ID="AlarmMsg::Drv_SYNTEC::ID=10h" Content="IGBT over temperature."/>
	<Message ID="AlarmMsg::Drv_SYNTEC::ID=11h" Content="Motor over temperature."/>
	<Message ID="AlarmMsg::Drv_SYNTEC::ID=12h" Content="Over voltage."/>
	<Message ID="AlarmMsg::Drv_SYNTEC::ID=13h" Content="Low voltage."/>
	<Message ID="AlarmMsg::Drv_SYNTEC::ID=14h" Content="Over speed."/>
	<Message ID="AlarmMsg::Drv_SYNTEC::ID=15h" Content="Over current."/>
	<Message ID="AlarmMsg::Drv_SYNTEC::ID=16h" Content="Over load."/>
	<Message ID="AlarmMsg::Drv_SYNTEC::ID=17h" Content="rsvd2."/>
	<Message ID="AlarmMsg::Drv_SYNTEC::ID=18h" Content="rsvd3."/>
	<Message ID="AlarmMsg::Drv_SYNTEC::ID=19h" Content="rsvd4."/>
	<Message ID="AlarmMsg::Drv_SYNTEC::ID=1Ah" Content="IPM over current."/>
	<Message ID="AlarmMsg::Drv_SYNTEC::ID=1Ch" Content="Encoder error."/>
	<Message ID="AlarmMsg::Drv_SYNTEC::ID=1Dh" Content="Hall sensor error 1."/>
	<Message ID="AlarmMsg::Drv_SYNTEC::ID=1Eh" Content="Hall sensor error 2."/>
	<Message ID="AlarmMsg::Drv_SYNTEC::ID=1Fh" Content="Following Error execute."/>
	<Message ID="AlarmMsg::Drv_SYNTEC::ID=20h" Content="rsvd6."/>
	<Message ID="AlarmMsg::Drv_SYNTEC::ID=21h" Content="Regenerative resistance error."/>
	<Message ID="AlarmMsg::Drv_SYNTEC::ID=22h" Content="FAN error."/>
	<Message ID="AlarmMsg::Drv_SYNTEC::ID=23h" Content="Encoder index error."/>
	<Message ID="AlarmMsg::Drv_SYNTEC::ID=24h" Content="Encoder direction error."/>
	<Message ID="AlarmMsg::Drv_SYNTEC::ID=25h" Content="Encoder resolution error."/>
	<Message ID="AlarmMsg::Drv_SYNTEC::ID=26h" Content="Motor pole number error."/>
	<Message ID="AlarmMsg::Drv_SYNTEC::ID=27h" Content="Encoder no feedback."/>
	<Message ID="AlarmMsg::Drv_SYNTEC::ID=28h" Content="Encoder pulse loss."/>
	<Message ID="AlarmMsg::Drv_SYNTEC::ID=29h" Content="Identification error of induction motor parameter 1."/>
	<Message ID="AlarmMsg::Drv_SYNTEC::ID=2Ah" Content="Identification error of induction motor parameter 2."/>
	<Message ID="AlarmMsg::Drv_SYNTEC::ID=2Bh" Content="Acceleration limit is too large."/>
	<Message ID="AlarmMsg::Drv_SYNTEC::ID=2Ch" Content="Initial value of inertia is set unsuitable."/>
	<Message ID="AlarmMsg::Drv_SYNTEC::ID=2Dh" Content="Voltage saturation."/>
	<Message ID="AlarmMsg::Drv_SYNTEC::ID=2Eh" Content="Control board error."/>
	<Message ID="AlarmMsg::Drv_SYNTEC::ID=2Fh" Content="Incorrect setting of operational curve for V/f control."/>
	<Message ID="AlarmMsg::Drv_SYNTEC::ID=30h" Content="V/f overcurrent fault."/>
	<Message ID="AlarmMsg::Drv_SYNTEC::ID=31h" Content="Over torque 1."/>
	<Message ID="AlarmMsg::Drv_SYNTEC::ID=32h" Content="Over torque 2"/>
	<Message ID="AlarmMsg::Drv_SYNTEC::ID=33h" Content="Encoder2 index error."/>	
	<Message ID="AlarmMsg::Drv_SYNTEC::ID=34h" Content="Encoder2 direction error."/>
	<Message ID="AlarmMsg::Drv_SYNTEC::ID=35h" Content="Encoder2 resolution error."/>
	<Message ID="AlarmMsg::Drv_SYNTEC::ID=36h" Content="Encoder2 no feedback."/>
	<Message ID="AlarmMsg::Drv_SYNTEC::ID=37h" Content="Encoder2 error."/>
	<Message ID="AlarmMsg::Drv_SYNTEC::ID=38h" Content="Over position error between 1st and 2nd feedback"/>
	<Message ID="AlarmMsg::Drv_SYNTEC::ID=39h" Content="Encoder2 pulse loss."/>
	<Message ID="AlarmMsg::Drv_SYNTEC::ID=3Ah" Content="Syntec Encoder Pitch Compensation Error."/>
	<Message ID="AlarmMsg::Drv_SYNTEC::ID=3Ch" Content="Posing Failure"/>
	<Message ID="AlarmMsg::Drv_SYNTEC::ID=3Dh" Content="Encoder Offset Searching Failure"/>
	<Message ID="AlarmMsg::Drv_SYNTEC::ID=3Eh" Content="Inertia Tuning Startup Failure"/>
	<Message ID="AlarmMsg::Drv_SYNTEC::ID=3Fh" Content="Param. Saving Command is Illegal"/>
	<Message ID="AlarmMsg::Drv_SYNTEC::ID=40h" Content="Encoder Internal KTY84 Over Temperature"/>
	<Message ID="AlarmMsg::Drv_SYNTEC::ID=41h" Content="Encoder External(1) KTY84 Over Temperature"/>
	<Message ID="AlarmMsg::Drv_SYNTEC::ID=42h" Content="Encoder External(2) KTY84 Over Temperature"/>
	<Message ID="AlarmMsg::Drv_SYNTEC::ID=44h" Content="Encoder2 Internal KTY84 Over Temperature"/>
	<Message ID="AlarmMsg::Drv_SYNTEC::ID=45h" Content="Encoder2 External(1) KTY84 Over Temperature"/>
	<Message ID="AlarmMsg::Drv_SYNTEC::ID=46h" Content="Encoder2 External(2) KTY84 Over Temperature"/>
	<Message ID="AlarmMsg::Drv_SYNTEC::ID=48h" Content="Encoder Packet Successive Error."/>
	<Message ID="AlarmMsg::Drv_SYNTEC::ID=49h" Content="Encoder2 Packet Successive Error."/>
	<Message ID="AlarmMsg::Drv_SYNTEC::ID=4Ah" Content="1st Syntec Encoder Runs in Bootloader Mode"/>
	<Message ID="AlarmMsg::Drv_SYNTEC::ID=4Bh" Content="2nd Syntec Encoder Runs in Bootloader Mode"/>
	<Message ID="AlarmMsg::Drv_SYNTEC::ID=4Ch" Content="1st Serial Encoder Communication Type is Wrong"/>
	<Message ID="AlarmMsg::Drv_SYNTEC::ID=4Dh" Content="2nd Serial Encoder Communication Type is Wrong"/>
	<Message ID="AlarmMsg::Drv_SYNTEC::ID=4Fh" Content="Syntec Encoder Calibration Stall Error"/>
	<Message ID="AlarmMsg::Drv_SYNTEC::ID=50h" Content="Current tuning error."/>
	<Message ID="AlarmMsg::Drv_SYNTEC::ID=51h" Content="Encoder Halt Alarm."/>
	<Message ID="AlarmMsg::Drv_SYNTEC::ID=52h" Content="Encoder2 Halt Alarm."/>
	<Message ID="AlarmMsg::Drv_SYNTEC::ID=53h" Content="Inverter type error."/>
	<Message ID="AlarmMsg::Drv_SYNTEC::ID=54h" Content="Encoder Z Index Shift."/>
	<Message ID="AlarmMsg::Drv_SYNTEC::ID=55h" Content="Encoder2 Z Index Shift."/>
	<Message ID="AlarmMsg::Drv_SYNTEC::ID=56h" Content="Encoder2 Battery Low Voltage Position Loss"/>
	<Message ID="AlarmMsg::Drv_SYNTEC::ID=57h" Content="ABS Type Encoder2 Battery Low Voltage Alarm"/>
	<Message ID="AlarmMsg::Drv_SYNTEC::ID=58h" Content="Encoder1 Download Parameter Fail."/>
	<Message ID="AlarmMsg::Drv_SYNTEC::ID=59h" Content="Encoder2 Download Parameter Fail."/>
	<Message ID="AlarmMsg::Drv_SYNTEC::ID=5Ah" Content="Encoder Internal KTY84 Error"/>
	<Message ID="AlarmMsg::Drv_SYNTEC::ID=5Bh" Content="Encoder External(1) KTY84 is Unplugged"/>
	<Message ID="AlarmMsg::Drv_SYNTEC::ID=5Ch" Content="Encoder External(2) KTY84 is Unplugged"/>
	<Message ID="AlarmMsg::Drv_SYNTEC::ID=5Eh" Content="Encoder2 Internal KTY84 Error"/>
	<Message ID="AlarmMsg::Drv_SYNTEC::ID=5Fh" Content="Encoder2 External(1) KTY84 is Unplugged"/>
	<Message ID="AlarmMsg::Drv_SYNTEC::ID=60h" Content="Encoder2 External(2) KTY84 is Unplugged"/>
	<Message ID="AlarmMsg::Drv_SYNTEC::ID=99h" Content="Driver Alarm."/>
	<Message ID="AlarmMsg::Drv_SYNTEC::ID=E50h" Content="Mechatrolink Synchronization Error"/>
	<Message ID="AlarmMsg::Drv_SYNTEC::ID=810h" Content="Encoder Battery Low Voltage Position Loss"/>	
	<Message ID="AlarmMsg::Drv_SYNTEC::ID=830h" Content="ABS Type Encoder Battery Low Voltage Alarm"/>
</ResMap>
