﻿<?xml version="1.0" encoding="UTF-8"?>
<!--Created by 'eHMI'version2.2.26-->
<ResMap>
  <Message ID="Browser::RestoreSerialDefault::Caption::Lab_AxesTitle::AxesTitle" Content="Select axis" />
  <Message ID="Browser::RestoreSerialDefault::Caption::Lab_SpindleTitle::SpindleTitle" Content="Select spindle" />
  <Message ID="Browser::RestoreSerialDefault::Caption::Lab_Tipps::Notes" Content="2.Shut down and reboot the controller and servo driver after initialization." />
  <Message ID="Browser::RestoreSerialDefault::Caption::Cbx_SelectAllAxes::AllAxes" Content="All" />
  <Message ID="Browser::RestoreSerialDefault::Caption::Cbx_SelectAllSpindle::AllSpindle" Content="All" />
  <Message ID="Browser::RestoreSerialDefault::Caption::Lab_TippsTitle::NoteTitle" Content="NOTE : 1. Push Emergency Stop button before initialization." />
  <Message ID="Browser::RestoreSerialDefault::RestoreSerialSuccess" Content="Restore Success, please reset controller and servo." />
  <Message ID="Browser::RestoreSerialDefault::RestoreSerialFail" Content="Restore Fail, please retry it." />
  <Message ID="Browser::RestoreSerialDefault::TransferNotReady" Content="Before restore, please transfer to not ready status." />
</ResMap>