﻿<?xml version="1.0" encoding="UTF-8"?>
<ResMap>
	<!-- ＝＝＝＝＝＝＝＝＝＝＝＝Drv_SYNTEC（注意：伺服警報號為十六位元顯示［配合新代手冊］）＝＝＝＝＝＝＝＝＝＝-->
	<Message ID="AlarmMsg::Drv_SYNTEC::ID=10h" Content="IGBT過熱。"/>
	<Message ID="AlarmMsg::Drv_SYNTEC::ID=11h" Content="電機過熱。"/>
	<Message ID="AlarmMsg::Drv_SYNTEC::ID=12h" Content="過電壓。"/>
	<Message ID="AlarmMsg::Drv_SYNTEC::ID=13h" Content="低電壓。"/>
	<Message ID="AlarmMsg::Drv_SYNTEC::ID=14h" Content="過速度。"/>
	<Message ID="AlarmMsg::Drv_SYNTEC::ID=15h" Content="過電流。"/>
	<Message ID="AlarmMsg::Drv_SYNTEC::ID=16h" Content="過載。"/>
	<Message ID="AlarmMsg::Drv_SYNTEC::ID=17h" Content="保留2。"/>
	<Message ID="AlarmMsg::Drv_SYNTEC::ID=18h" Content="保留3。"/>
	<Message ID="AlarmMsg::Drv_SYNTEC::ID=19h" Content="保留4。"/>
	<Message ID="AlarmMsg::Drv_SYNTEC::ID=1Ah" Content="IPM過電流。"/>
	<Message ID="AlarmMsg::Drv_SYNTEC::ID=1Dh" Content="電流檢出故障1。"/>
	<Message ID="AlarmMsg::Drv_SYNTEC::ID=1Eh" Content="電流檢出故障2。"/>
	<Message ID="AlarmMsg::Drv_SYNTEC::ID=1Fh" Content="位置控制偏差過大。"/>
	<Message ID="AlarmMsg::Drv_SYNTEC::ID=20h" Content="保留6。"/>
	<Message ID="AlarmMsg::Drv_SYNTEC::ID=21h" Content="回升異常。"/>
	<Message ID="AlarmMsg::Drv_SYNTEC::ID=22h" Content="風扇故障。"/>
	<Message ID="AlarmMsg::Drv_SYNTEC::ID=23h" Content="編碼器Index訊號異常。"/>
	<Message ID="AlarmMsg::Drv_SYNTEC::ID=24h" Content="編碼器極性錯誤。"/>
	<Message ID="AlarmMsg::Drv_SYNTEC::ID=25h" Content="編碼器解析度錯誤。"/>
	<Message ID="AlarmMsg::Drv_SYNTEC::ID=26h" Content="馬達極數錯誤。"/>
	<Message ID="AlarmMsg::Drv_SYNTEC::ID=27h" Content="編碼器無回授。"/>
	<Message ID="AlarmMsg::Drv_SYNTEC::ID=28h" Content="編碼器脈波遺漏。"/>
	<Message ID="AlarmMsg::Drv_SYNTEC::ID=29h" Content="感應電機參數估測錯誤一。"/>
	<Message ID="AlarmMsg::Drv_SYNTEC::ID=2Ah" Content="感應電機參數估測錯誤二。"/>
	<Message ID="AlarmMsg::Drv_SYNTEC::ID=2Bh" Content="最大加速度過大。"/>
	<Message ID="AlarmMsg::Drv_SYNTEC::ID=2Ch" Content="慣量初始值設定不良。"/>
	<Message ID="AlarmMsg::Drv_SYNTEC::ID=2Dh" Content="電壓飽和。"/>
	<Message ID="AlarmMsg::Drv_SYNTEC::ID=2Eh" Content="控制板故障。"/>
	<Message ID="AlarmMsg::Drv_SYNTEC::ID=2Fh" Content="V/f操作曲線設定有誤。"/>
	<Message ID="AlarmMsg::Drv_SYNTEC::ID=30h" Content="V/f模式過電流。"/>
	<Message ID="AlarmMsg::Drv_SYNTEC::ID=31h" Content="過轉矩檢出1。"/>
	<Message ID="AlarmMsg::Drv_SYNTEC::ID=32h" Content="過轉矩檢出2。"/>
	<Message ID="AlarmMsg::Drv_SYNTEC::ID=33h" Content="第二編碼器Index訊號異常。"/>	
	<Message ID="AlarmMsg::Drv_SYNTEC::ID=34h" Content="第二編碼器極性錯誤。"/>
	<Message ID="AlarmMsg::Drv_SYNTEC::ID=35h" Content="第二編碼器解析度錯誤。"/>
	<Message ID="AlarmMsg::Drv_SYNTEC::ID=36h" Content="第二編碼器無回授。"/>
	<Message ID="AlarmMsg::Drv_SYNTEC::ID=38h" Content="內外回授位置誤差過大。"/>
	<Message ID="AlarmMsg::Drv_SYNTEC::ID=39h" Content="第二編碼器脈波遺漏。"/>
	<Message ID="AlarmMsg::Drv_SYNTEC::ID=3Ah" Content="新代編碼器節距補償失敗。"/>	
	<Message ID="AlarmMsg::Drv_SYNTEC::ID=3Ch" Content="主軸定位失敗。"/>
	<Message ID="AlarmMsg::Drv_SYNTEC::ID=3Dh" Content="磁極偏移量失敗。"/>
	<Message ID="AlarmMsg::Drv_SYNTEC::ID=3Eh" Content="慣量調機電機未轉動。"/>
	<Message ID="AlarmMsg::Drv_SYNTEC::ID=3Fh" Content="參數儲存命令不合法。"/>
	<Message ID="AlarmMsg::Drv_SYNTEC::ID=40h" Content="編碼器內部KTY84過熱。"/>
	<Message ID="AlarmMsg::Drv_SYNTEC::ID=41h" Content="編碼器外部一KTY84過熱。"/>
	<Message ID="AlarmMsg::Drv_SYNTEC::ID=42h" Content="編碼器外部二KTY84過熱。"/>
	<Message ID="AlarmMsg::Drv_SYNTEC::ID=44h" Content="第二編碼器內部KTY84過熱。"/>
	<Message ID="AlarmMsg::Drv_SYNTEC::ID=45h" Content="第二編碼器外部一KTY84過熱。"/>
	<Message ID="AlarmMsg::Drv_SYNTEC::ID=46h" Content="第二編碼器外部二KTY84過熱。"/>
	<Message ID="AlarmMsg::Drv_SYNTEC::ID=48h" Content="編碼器連續通訊封包異常。"/>
	<Message ID="AlarmMsg::Drv_SYNTEC::ID=49h" Content="第二編碼器連續通訊封包異常。"/>
	<Message ID="AlarmMsg::Drv_SYNTEC::ID=4Ah" Content="第一回授新代編碼器處於燒錄模式。"/>
	<Message ID="AlarmMsg::Drv_SYNTEC::ID=4Bh" Content="第二回授新代編碼器處於燒錄模式。"/>
	<Message ID="AlarmMsg::Drv_SYNTEC::ID=4Ch" Content="第一串列編碼器通訊介面型態錯誤。"/>
	<Message ID="AlarmMsg::Drv_SYNTEC::ID=4Dh" Content="第二串列編碼器通訊介面型態錯誤。"/>
	<Message ID="AlarmMsg::Drv_SYNTEC::ID=4Fh" Content="新代編碼器校正時馬達未轉動。"/>
	<Message ID="AlarmMsg::Drv_SYNTEC::ID=50h" Content="電流調機異常。"/>
	<Message ID="AlarmMsg::Drv_SYNTEC::ID=51h" Content="第一編碼器失效。"/>
	<Message ID="AlarmMsg::Drv_SYNTEC::ID=52h" Content="第二編碼器失效。"/>
	<Message ID="AlarmMsg::Drv_SYNTEC::ID=53h" Content="後級類型錯誤。"/>
	<Message ID="AlarmMsg::Drv_SYNTEC::ID=54h" Content="第一編碼器Z相訊號位置飄移。"/>
	<Message ID="AlarmMsg::Drv_SYNTEC::ID=55h" Content="第二編碼器Z相訊號位置飄移。"/>
	<Message ID="AlarmMsg::Drv_SYNTEC::ID=56h" Content="第二絕對型編碼器位置遺失。"/>
	<Message ID="AlarmMsg::Drv_SYNTEC::ID=57h" Content="第二絕對型編碼器電池警報。"/>
	<Message ID="AlarmMsg::Drv_SYNTEC::ID=58h" Content="第一編碼器回讀參數失敗。"/>
	<Message ID="AlarmMsg::Drv_SYNTEC::ID=59h" Content="第二編碼器回讀參數失敗。"/>
	<Message ID="AlarmMsg::Drv_SYNTEC::ID=5Ah" Content="第一編碼器內部KTY84異常。"/>
	<Message ID="AlarmMsg::Drv_SYNTEC::ID=5Bh" Content="第一編碼器外部一KTY84未連接。"/>
	<Message ID="AlarmMsg::Drv_SYNTEC::ID=5Ch" Content="第一編碼器外部二KTY84未連接。"/>
	<Message ID="AlarmMsg::Drv_SYNTEC::ID=5Eh" Content="第二編碼器內部KTY84異常。"/>
	<Message ID="AlarmMsg::Drv_SYNTEC::ID=5Fh" Content="第二編碼器外部一KTY84未連接。"/>
	<Message ID="AlarmMsg::Drv_SYNTEC::ID=60h" Content="第二編碼器外部二KTY84未連接。"/>
	<Message ID="AlarmMsg::Drv_SYNTEC::ID=99h" Content="驅動器警報。"/>
	<Message ID="AlarmMsg::Drv_SYNTEC::ID=E50h" Content="Mechatrolink同步錯誤"/>	
	<Message ID="AlarmMsg::Drv_SYNTEC::ID=810h" Content="絕對型編碼器位置遺失"/>
	<Message ID="AlarmMsg::Drv_SYNTEC::ID=830h" Content="絕對型編碼器電池警報"/>
</ResMap>
