﻿<?xml version="1.0" encoding="UTF-8"?>
<!--Created by 'eHMI'version2.2.16-->
<!--BROWSER SIZE|H:600|W:800-->
<Screen>
	<Name>AuthoNameList</Name>
	<Grid Name="NameGrid" Height="52" Repeat="9">
		<Input>
			<Name>Inp_Name</Name>
			<Left>0</Left>
			<Top>0</Top>
			<Height>52</Height>
			<Width>118</Width>
			<BorderStyle>1</BorderStyle>
			<Alignment>2</Alignment>
			<FontSize>12</FontSize>
			<ForeColor>51,51,51</ForeColor>
			<BackColor>192,192,192</BackColor>
			<InputFormat>String</InputFormat>
		</Input>
	</Grid>
</Screen>