<CNCParameter>
   <Subject name="End User">
      <Section lowbound="3451" upbound="3460"/>
      <Section lowbound="4001" upbound="7000"/>
   </Subject>
   <Subject name="Service">
      <Section lowbound="401" upbound="409"/>
      <Section lowbound="421" upbound="680"/>
      <Section lowbound="821" upbound="860"/>
      <Section lowbound="881" upbound="920"/>
      <Section lowbound="941" upbound="960"/>
      <Section lowbound="1421" upbound="1440"/>
      <Section lowbound="1631" upbound="1640"/>
      <Section lowbound="1721" upbound="1790"/>
      <Section lowbound="1801" upbound="1810"/>
      <Section lowbound="1821" upbound="1900"/>
      <Section lowbound="1971" upbound="1993"/>
      <Section lowbound="2401" upbound="2860"/>
      <Section lowbound="3209" upbound="3209"/>
      <Section lowbound="3219" upbound="3219"/>
      <Section lowbound="3223" upbound="3225"/>
      <Section lowbound="3228" upbound="3230"/>
      <Section lowbound="3901" upbound="3970"/>
   </Subject>
   <Subject name="Maker">
      <Section lowbound="14" upbound="15"/>
      <Section lowbound="21" upbound="400"/>
      <Section lowbound="410" upbound="420"/>
      <Section lowbound="861" upbound="880"/>
      <Section lowbound="921" upbound="940"/>
      <Section lowbound="961" upbound="1016"/>
	  <Section lowbound="1481" upbound="1490"/>
      <Section lowbound="1621" upbound="1630"/>
      <Section lowbound="1641" upbound="1720"/>
      <Section lowbound="1791" upbound="1800"/>
      <Section lowbound="1811" upbound="1820"/>
      <Section lowbound="1901" upbound="1970"/>
      <Section lowbound="3201" upbound="3207"/>
      <Section lowbound="3211" upbound="3215"/>
      <Section lowbound="3221" upbound="3221"/>
      <Section lowbound="3231" upbound="3251"/>
      <Section lowbound="3256" upbound="3450"/>
      <Section lowbound="3461" upbound="3899"/>
      <Section lowbound="2001" upbound="2001"/>
      <Section lowbound="2003" upbound="2003"/>
      <Section lowbound="2021" upbound="2023"/>
      <Section lowbound="2031" upbound="2033"/>
      <Section lowbound="2041" upbound="2043"/>
      <Section lowbound="2051" upbound="2053"/>
      <Section lowbound="2061" upbound="2066"/>
	  <Section lowbound="2900" upbound="3000"/>
	  <Section lowbound="7001" upbound="7050"/>
   </Subject>	
   <Subject name="Syntec">
      <Section lowbound="1" upbound="13"/>
      <Section lowbound="17" upbound="17"/>
      <Section lowbound="801" upbound="820"/>
      <Section lowbound="3217" upbound="3217"/>
      <Section lowbound="3227" upbound="3227"/>
      <Section lowbound="701" upbound="740"/>
   </Subject>
   <Subject name="Error Compensation" storeType="2D" size="12">
      <Section lowbound="1301" upbound="1320"/>
	  <Section lowbound="1321" upbound="1340"/>
	  <Section lowbound="1341" upbound="1360"/>
	  <Section lowbound="1221" upbound="1240"/>
	  <Section lowbound="1241" upbound="1260"/>
	  <Section lowbound="1261" upbound="1280"/>
	  <Section lowbound="1281" upbound="1300"/>
	  <Section lowbound="1401" upbound="1420"/>
	  <Section lowbound="1361" upbound="1380"/>
	  <Section lowbound="1441" upbound="1460"/>
	  <Section lowbound="1461" upbound="1480"/>
	  <Section lowbound="1381" upbound="1400"/>
   </Subject>
   <Subject name="Pitch Error" storeType="2D" size="20">
      <Section lowbound="8001" upbound="8100"/>
	  <Section lowbound="8101" upbound="8200"/>
	  <Section lowbound="8201" upbound="8300"/>
	  <Section lowbound="8301" upbound="8400"/>
	  <Section lowbound="8401" upbound="8500"/>
	  <Section lowbound="8501" upbound="8600"/>
	  <Section lowbound="8601" upbound="8700"/>
	  <Section lowbound="8701" upbound="8800"/>
	  <Section lowbound="8801" upbound="8900"/>
	  <Section lowbound="8901" upbound="9000"/>
	  <Section lowbound="9001" upbound="9100"/>
	  <Section lowbound="9101" upbound="9200"/>
	  <Section lowbound="9201" upbound="9300"/>
	  <Section lowbound="9301" upbound="9400"/>
	  <Section lowbound="9401" upbound="9500"/>
	  <Section lowbound="9501" upbound="9600"/>
	  <Section lowbound="9601" upbound="9700"/>
	  <Section lowbound="9701" upbound="9800"/>
	  <Section lowbound="9801" upbound="9900"/>
	  <Section lowbound="9901" upbound="10000"/>
   </Subject>
   <Subject name="FiveAxis">
   		<Section lowbound="3001" upbound="3060"/>
   </Subject>
   <Subject name="PLC R Bit">
   		<Section lowbound="3401" upbound="3420"/>
   </Subject>
</CNCParameter>
