﻿<?xml version="1.0" encoding="utf-8" ?>
<ResMap>
	<Message ID="MMI::SerialSpindleAdjust::Tapping::Section2_1" Content="攻牙加减速" />
	<Message ID="MMI::SerialSpindleAdjust::Tapping::Unit::Section2_1" Content="(ms)" />
	<Message ID="MMI::SerialSpindleAdjust::Tapping::Section2_2" Content="攻牙加加速" />
	<Message ID="MMI::SerialSpindleAdjust::Tapping::Unit::Section2_2" Content="(ms)" />
	<Message ID="MMI::SerialSpindleAdjust::Tapping::Section3_2" Content="螺距" />
	<Message ID="MMI::SerialSpindleAdjust::Tapping::Section3_3" Content="坐标系" />
	<Message ID="MMI::SerialSpindleAdjust::Tapping::Section3_4" Content="R点" />
	<Message ID="MMI::SerialSpindleAdjust::Tapping::Section3_5" Content="深度" />
	<Message ID="MMI::SerialSpindleAdjust::Tapping::Section3_6" Content="主轴正转M码" />
	<Message ID="MMI::SerialSpindleAdjust::Tapping::Section3_7" Content="主轴停止M码" />
	<Message ID="MMI::SerialSpindleAdjust::Tapping::Section3_8" Content="有效主轴M码" />
	<Message ID="MMI::SerialSpindleAdjust::Tapping::Section3_9" Content="指定轴群" />
	<Message ID="MMI::SerialSpindleAdjust::Tapping::Section3_10" Content="转速S" />
	<Message ID="MMI::SerialSpindleAdjust::Tapping::Section3_11" Content="进给轴" />
	<Message ID="MMI::SerialSpindleAdjust::Tapping::Lab_DebugTitle_1" Content="进给轴追随最大误差" />
</ResMap>
