﻿<?xml version="1.0" encoding="UTF-8"?>
<!--Created by 'eHMI'version2.1.5-->
<ResMap>
  <Message ID="Browser::RemoteConnSet::Caption::Lab_RemoteParamSettingTitle::RemoteConnSet" Content="远端连线设定参数" />
  <Message ID="Browser::RemoteConnSet::Caption::Lab_ServerIPTitle::ServerIP" Content="远端核心IP" />
  <Message ID="Browser::RemoteConnSet::Caption::Lab_ErrRetryTitle::ErrorRetry" Content="连线错误重试次数" />
  <Message ID="Browser::RemoteConnSet::Caption::Lab_RetryWaitTitle::RetryGapTime" Content="连线错误后，重试等待时间 (毫秒)" />
  <Message ID="Browser::RemoteConnSet::Caption::Lab_TimeOut::TimeOut" Content="逾时时间 (毫秒)" />
  <Message ID="Browser::RemoteConnSet::TestConnect::Success" Content="连线成功" />
  <Message ID="Browser::RemoteConnSet::TestConnect::False" Content="连线失败. 错误代码:" />
  <Message ID="Browser::RemoteConnSet::SetRemoteKernel" Content="设定已储存，重新启动后将连线至远端核心。" />
  <Message ID="Browser::RemoteConnSet::SetLocalKernel" Content="设定已储存，重新启动后将连线至本地核心。" />
  <Message ID="Browser::RemoteConnSet::SetRemoteKernelatLan" Content="设定已储存，重新启动后将自动连线至网域内的远端核心。" />
  <Message ID="Browser::RemoteConnSet::UnSetRemoteKernelIp" Content="未设定远端核心IP。" />
</ResMap>