﻿<?xml version="1.0" encoding="utf-8" ?>
<ResMap>
	<Message ID="MMI::SerialSpindleAdjust::Positioning::Section2_1" Content="TRAJ_AMAX_TIME" />
	<Message ID="MMI::SerialSpindleAdjust::Positioning::Unit::Section2_1" Content="(ms)" />
	<Message ID="MMI::SerialSpindleAdjust::Positioning::Section2_2" Content="TRAJ_JMAX_TIME" />
	<Message ID="MMI::SerialSpindleAdjust::Positioning::Unit::Section2_2" Content="(ms)" />
	<Message ID="MMI::SerialSpindleAdjust::Positioning::Section2_3" Content="In position window" />
	<Message ID="MMI::SerialSpindleAdjust::Positioning::Unit::Section2_3" Content="(mdeg)" />
	<Message ID="MMI::SerialSpindleAdjust::Positioning::Section2_4" Content="POSING_TYPE" />
	<Message ID="MMI::SerialSpindleAdjust::Positioning::Section2_End" Content="0:ClockWise, 1:C-ClockWise, 2:Shortest" />
	<Message ID="MMI::SerialSpindleAdjust::Positioning::Section3_2" Content="FeedRate S" />
	<Message ID="MMI::SerialSpindleAdjust::Positioning::Section3_3" Content="ClockWise M" />
	<Message ID="MMI::SerialSpindleAdjust::Positioning::Section3_4" Content="Positioning M" />
	<Message ID="MMI::SerialSpindleAdjust::Positioning::Section3_5" Content="Axis Group" />
	<Message ID="MMI::SerialSpindleAdjust::Positioning::Section3_6" Content="Spindle Stop M" />
	<Message ID="MMI::SerialSpindleAdjust::Positioning::Lab_DebugTitle_1" Content="POSING_TIME" />
</ResMap>
