﻿<?xml version="1.0" encoding="UTF-8"?>
<ResMap>
	<!-- ========== AutoTunning =============== -->	
	<Message ID="Browser::AutoTuning::Chart::Start" Content="Inertia Estimation Start" />
	<Message ID="Browser::AutoTuning::Chart::Step1" Content="Select Axis" />	
	<Message ID="Browser::AutoTuning::Chart::Step2" Content="Set Limitation" />
	<Message ID="Browser::AutoTuning::Chart::Step3" Content="Select Function" />	
	<Message ID="Browser::AutoTuning::Chart::Step4" Content="Tuning..." />
	<Message ID="Browser::AutoTuning::Chart::Step5" Content="Check Tuning Result" />
	<Message ID="Browser::AutoTuning::Chart::Step6" Content="Advanced Tuning" />	
	<Message ID="Browser::AutoTuning::Action::Hint1" Content="
Only one axis be tuned at one time. Select the axis by the scrollbar in the left side, and then push the fuction key [Next Step]" />
	<Message ID="Browser::AutoTuning::Action::Hint2" Content="
Move the machine pos. to the 1st limit, and push function key [Set 1st Limit].Move the machine pos. to the 2nd limit, and push function key [Set 2nd Limit].Finally, push function key[Next Step]."/>
	<Message ID="Browser::AutoTuning::Action::Hint3" Content="
Select the tuning function you want, and modify the tunning paramenter. After that, press the funciton key [Next Step] to start tunning." />
	<Message ID="Browser::AutoTuning::Action::Hint4" Content="
The movement of tunning will stop automatically. You can push the function key [Tuning Stop] to terminate the tunning. After the Tuning, the related parameter will be refresh." />
	<Message ID="Browser::AutoTuning::Action::Hint5" Content="
For next auto-tunning or other operation, please restart the controller and servo-driver after the tunning process is completed or terminated manually." />
	<Message ID="Browser::AutoTuning::Action::Hint100" Content="
For next auto-tunning or other operation, please restart the controller and servo-driver after the tunning process is completed or terminated manually." />
	<Message ID="Browser::AutoTuning::Action::Syntec::Hint3" Content="
Select the tuning function you want, and then press the funciton key [Next Step] to start tunning. You can also press the funciton key [Advanced Mode] to adjust Gains." />
	<Message ID="Browser::AutoTuning::Action::Syntec::Hint4" Content="
The movement of tunning will stop automatically. You can press the function key [Tuning Stop] to terminate the tunning." />
	<Message ID="Browser::AutoTuning::Action::Syntec::Hint5" Content="
	Tuning is finished. Please check results.
	You can press the funciton key [Advanced Mode] to adjust Gains." />
	<Message ID="Browser::AutoTuning::Action::Syntec::Hint6" Content="
	1.Modify the bandwidth.
	2.Press the function key[Calculate Gain].
	3.Modify commissioning parameters, then press the function key[Servo On].
	4.Press the function key[JOG].
	5.If commissioning is finished, you can press the function key[Stop]." />
	<Message ID="Browser::AutoTuning::Label::SelectAxis" Content="Tuning Axis" />
	<Message ID="Browser::AutoTuning::Label::LimitPos1" Content="1st Limit" />
	<Message ID="Browser::AutoTuning::Label::LimitPos2" Content="2nd Limit" />
	<Message ID="Browser::AutoTuning::Label::TuningStatus" Content="Current Status" />
	<Message ID="Browser::AutoTuning::Label::Setting" Content="Tuning Setting" />
	<Message ID="Browser::AutoTuning::Label::Hint" Content="Operation Hint" />
	<Message ID="Browser::AutoTuning::Label::Result" Content="Tuning Result" />
	<Message ID="Browser::AutoTuning::Label::Monitor" Content="Monitor" />
	<Message ID="Browser::AutoTuning::ListItem::open" Content="Open" />
	<Message ID="Browser::AutoTuning::ListItem::close" Content="Close" />
	<!-- ========== AutoTunning_Opt_477 Browser =============== -->	
	<Message ID="Browser::AutoTuning::Opt::Gain" Content="Gain Tunning" />
	<Message ID="Browser::AutoTuning::Opt::Estimate" Content="Estimation of Multi-Vibration Point" />
	<Message ID="Browser::AutoTuning::Opt::Response" Content="Bandwith of Speed Loop(Hz)" />
	<!-- ========== AutoTunning_Opt_1000 Browser =============== -->	
	<Message ID="Browser::AutoTuning::Opt::Related Mode" Content="Tuning Process" />
	<Message ID="Browser::AutoTuning::Opt::ListItem::RelMode1" Content="Estimated Inertia &amp; Gain" />
	<Message ID="Browser::AutoTuning::Opt::ListItem::RelMode2" Content="Estimated Gain" />
	<Message ID="Browser::AutoTuning::Opt::ListItem::Type1" Content="Belt Drive Mechanism" />
	<Message ID="Browser::AutoTuning::Opt::ListItem::Type2" Content="Ball Screw Drive Mechanism" />
	<Message ID="Browser::AutoTuning::Opt::ListItem::Type3" Content="Direct Coupled Mechanism" />
	<Message ID="Browser::AutoTuning::Opt::ListItem::Mode1" Content="Standard" />
	<Message ID="Browser::AutoTuning::Opt::ListItem::Mode2" Content="For Positioning" />
	<Message ID="Browser::AutoTuning::Opt::ListItem::Mode3" Content="For Positioning, Priority to Overshooting Suppression" />
	<Message ID="Browser::AutoTuning::Opt::ListItem::Notch0" Content="Do not tune" />
	<Message ID="Browser::AutoTuning::Opt::ListItem::Notch1" Content="Tune notch filter 1" />
	<Message ID="Browser::AutoTuning::Opt::ListItem::Notch256" Content="Tune notch filter 2" />
	<Message ID="Browser::AutoTuning::Opt::ListItem::Notch257" Content="Tune notch filter 1&amp;2" />
	<Message ID="Browser::AutoTuning::Opt::Type" Content="Type" />
	<Message ID="Browser::AutoTuning::Opt::Mode" Content="Mode" />
	<Message ID="Browser::AutoTuning::Opt::NotchFilter" Content="Notch Filter" />
	<!-- ========== AutoTunning_Opt_2000 Browser =============== -->
	<Message ID="Browser::AutoTuning::Opt::ListItem::RelModeNone" Content="Select function" />
	<Message ID="Browser::AutoTuning::Opt::ListItem::Syntec::Type0" Content="Direct Coupled Mechanism" />
	<Message ID="Browser::AutoTuning::Opt::ListItem::Syntec::Type1" Content="Ball Screw Drive Mechanism" />
	<Message ID="Browser::AutoTuning::Opt::ListItem::Syntec::Type2" Content="Belt Drive Mechanism" />
	<!-- ========== AutoTunning_Para_477 Browser =============== -->	
	<Message ID="Browser::AutoTuning::Para::InertiaEstimate" Content="Estimated Inertia" />
	<Message ID="Browser::AutoTuning::Para::Kpp" Content="Kpp" />
	<Message ID="Browser::AutoTuning::Para::Kvp" Content="Kvp" />
	<Message ID="Browser::AutoTuning::Para::Kvi" Content="Kvi" />
	<Message ID="Browser::AutoTuning::Para::Notch1freq" Content="Notch1_freq" />
	<Message ID="Browser::AutoTuning::Para::Notch1atte" Content="Notch1_atte" />
	<Message ID="Browser::AutoTuning::Para::Notch2freq" Content="Notch2_freq" />
	<Message ID="Browser::AutoTuning::Para::Notch2atte" Content="Notch2_atte" />
	<!-- ========== AutoTunning_Para_2000 Browser =============== -->
	<Message ID="Browser::AutoTuning::Para::Syntec::InertiaEstimated" Content="Inertia" />
	<Message ID="Browser::AutoTuning::Para::Syntec::Bandwidth" Content="Bandwidth" />
	<Message ID="Browser::AutoTuning::Para::Syntec::Polarity" Content="Pole" />
	<Message ID="Browser::AutoTuning::Para::Syntec::Resolution" Content="Resolution" />
	<Message ID="Browser::AutoTuning::Para::Syntec::Parameter" Content="Parameter" />
	<Message ID="Browser::AutoTuning::Para::Syntec::Value" Content="Value" />
	<Message ID="Browser::AutoTuning::Para::Syntec::PosLoopGain" Content="Position Gain(0.1rad/s)" />
	<Message ID="Browser::AutoTuning::Para::Syntec::SpdLoopGain" Content="Speed Gain(0.1Hz)" />
	<Message ID="Browser::AutoTuning::Para::Syntec::SpdLoopTimeCons" Content="Speed intergal time(0.01ms)" />
	<Message ID="Browser::AutoTuning::Para::Syntec::SpdFilterBandwidth" Content="Speed Filter time(0.01ms)" />
	<Message ID="Browser::AutoTuning::Para::Syntec::TrqCmdFilterTimeCons" Content="Torque Filter time(0.01ms)" />
	<Message ID="Browser::AutoTuning::Para::Syntec::Speed" Content="V:rotation rate(RPM)" />
	<Message ID="Browser::AutoTuning::Para::Syntec::Acceleration" Content="A:Acceleration(ms)" />
	<Message ID="Browser::AutoTuning::Para::Syntec::Jerk" Content="J:Jerk(ms)" />
	<!-- ========== MMI MesageBox =============== -->	
	<Message ID="MMI::AutoTuning::MSG::CheckMachine" Content="The tuning movemnt start soon. 
Please make sure the Machine is allright
and the safety of people." />
	<Message ID="MMI::AutoTuning::Title::CheckMachine" Content="Comfirm Tuning" />
	<Message ID="MMI::AutoTuning::MSG::ConfirmAbortTuning" Content="Autotuning is not finished. Do you want to terminate the process?" />
	<Message ID="MMI::AutoTuning::Title::ConfirmAbortTuning" Content="Interrupt" />
	<Message ID="MMI::AutoTuning::MSG::AbortTuning" Content="Autotuning has been terminated. After troubleshooting, you can try again." />
	<Message ID="MMI::AutoTuning::MSG::CheckAxisPos" Content="The Starting Pos. is not near the 2nd limit. Please check setting of two pos. limits." />
	<Message ID="MMI::AutoTuning::MSG::AxisPosErr" Content="Axis Position is wrong. Please Reset two pos. limits" />
	<Message ID="MMI::AutoTuning::MSG::MovingErr" Content="Speed of rapid travel is too slow." />
	<Message ID="MMI::AutoTuning::MSG::EndTuning" Content="If you have excuted auto-tuning, 
restart the controller and servo drive before machining." />
	<Message ID="MMI::AutoTuning::MSG::StopAutoTunning" Content="AutoTunning is stopped. Please Check the result." />
	<Message ID="MMI::AutoTuning::MSG::CheckAutoMode" Content="Please switch to auto-mode." />
	<Message ID="MMI::AutoTuning::MSG::CheckServo" Content="Please make sure the system 
status is servo on." />
	<Message ID="MMI::AutoTuning::MSG::LimitLength" Content="The distance between two point
is too short. Please make sure it is larger than: " />
	<Message ID="MMI::AutoTuning::MSG::MaxLength" Content="The distance between two point
is too long，Please make sure it is less than:" />
	<Message ID="MMI::AutoTuning::MSG::OnTunning" Content="On Tunning" />
	<Message ID="MMI::AutoTuning::MSG::TunningOver" Content="Tunning over" />
	<Message ID="MMI::AutoTuning::MSG::TuningFail" Content="Error 0x11:Autotuning is failed" />
	<Message ID="MMI::AutoTuning::MSG::OperationErr" Content="Error 0x21:Operation Error" />
	<Message ID="MMI::AutoTuning::MSG::InterruptByAbnormal" Content="Error 0x22:Be interrupted by abnormal" />
	<Message ID="MMI::AutoTuning::MSG::InertiaEstimateErr" Content="Error 0x31:Inertia Estimate Error" />
	<Message ID="MMI::AutoTuning::MSG::ServoAlarmOccurErr" Content="Servo Alarm Occur While AutoTuning. Please try again after troubleshooting" />
	<Message ID="MMI::AutoTuning::MSG::RestartSystem" Content="Please press Default Param., and restart the Controller and Servo drive, and Try again." />
	<Message ID="MMI::AutoTuning::MSG::CheckCNCStatus" Content="System is not READY. Autotuning is disable." />
	<Message ID="MMI::AutoTuning::MSG::JogMotorErr" Content="Motor is not Servo ON." />
	<Message ID="MMI::AutoTuning::MSG::ShowPermaStorage" Content="Leave advanced tuning. Do you want to execute permanent storage." />
	<Message ID="MMI::AutoTuning::Title::ShowPermaStorage" Content="Permanent Storage" />
</ResMap>