﻿<?xml version="1.0" encoding="utf-8" ?>
<ResMap>
	<!-- =============== User status =============== -->
	<Message ID="Autho::User::DEFAULT" Content="未登入" />
	<Message ID="Autho::User::SYNTEC" Content="新代客服" />
	<Message ID="Autho::User::M" Content="機械廠" />
	<Message ID="Autho::User::U" Content="管理者" />
	
	<!-- =============== Autho label =============== -->
	<Message ID="Autho::Lab_Title" Content="【權限管理】" />
	<Message ID="Autho::Lab_SubTitle" Content="功能鍵說明如下" />
	<Message ID="Autho::Lab_F1TipsTitleForSyntec" Content="F1：檢視終端客戶最大權限" />
	<Message ID="Autho::Lab_F1TipsForSyntec" Content="可檢視機械廠開放予終端客戶之最大權限設定。" />
	<Message ID="Autho::Lab_F1TipsTitle" Content="F1：變更密碼" />
	<Message ID="Autho::Lab_F1Tips" Content="可輸入目前密碼與新密碼，按下確定後密碼立即變更為新密碼。" />
	<Message ID="Autho::Lab_F2TipsTitleForMaker" Content="F2：設定終端客戶最大權限" />
	<Message ID="Autho::Lab_F2TipsForMaker" Content="可設定開放予終端客戶之最大權限，以保護重要資料被修改。" />
	<Message ID="Autho::Lab_F2TipsTitle" Content="F2：設定未登入權限" />
	<Message ID="Autho::Lab_F2Tips" Content="可設定未登入任何使用者時，操作系統之權限範圍。" />
	<Message ID="Autho::Lab_F3TipsTitle" Content="F3：設定其他使用者權限" />
	<Message ID="Autho::Lab_F3Tips" Content="可設定其他使用者之帳號、密碼，以及操作系統之權限範圍。" />
	<Message ID="Autho::Lab_TitleOfEndUser" Content="【終端客戶最大權限】" />
	<Message ID="Autho::Lab_TitleOfDefault" Content="【未登入權限】" />
	<Message ID="Autho::Lab_Page" Content="頁面" />
	<Message ID="Autho::Lab_Name" Content="帳號:" />
	<Message ID="Autho::Lab_Password" Content="密碼:" />
	<Message ID="Autho::Lab_NowPassword" Content="目前密碼:" />
	<Message ID="Autho::Lab_NewPassword" Content="新密碼:" />
	<Message ID="Autho::Lab_ConfirmPassword" Content="確認新密碼:" />
	<Message ID="Autho::Lab_ResetPassword" Content="設定碼:" />
	
	<!-- =============== Autho message =============== -->
	<Message ID="Autho::TitleLogIn" Content="使用者登入" />
	<Message ID="Autho::TitleChangePassword" Content="變更密碼" />
	<Message ID="Autho::TitleForgetPassword" Content="忘記密碼" />
	<Message ID="Autho::TitleResetPassword" Content="重置密碼" />
	<Message ID="Autho::TitleFindUser" Content="搜尋使用者" />
	<Message ID="Autho::TitleDeleteUser" Content="刪除使用者" />
	
	<Message ID="Autho::PromptInputNamePwd" Content="請輸入帳號與密碼" />
	<Message ID="Autho::PromptChooseNamePwd" Content="請選擇帳號與輸入密碼" />
	<Message ID="Autho::PromptChangePwd" Content="請輸入目前密碼以及欲變更之新密碼" />
	<Message ID="Autho::PromptResetPwd" Content="請輸入帳號與設定碼" />
	<Message ID="Autho::PromptFindUser" Content="請輸入欲搜尋之帳號" />
	<Message ID="Autho::PromptDeleteUser" Content="確定刪除此帳號?" />
	
	<Message ID="Autho::Error" Content="錯誤" />
	<Message ID="Autho::Warning" Content="警告" />
	<Message ID="Autho::Success" Content="完成" />
	<Message ID="Autho::NameIsNotFound" Content="帳號不存在!" />
	<Message ID="Autho::NameIsRepeated" Content="帳號重複!" />
	<Message ID="Autho::PasswordIsNotMatch" Content="密碼輸入錯誤!" />
	<Message ID="Autho::ExpressionIllegal" Content="輸入格式不符!" />
	<Message ID="Autho::ConfirmPasswordFail" Content="確認密碼與新密碼不符!" />
	<Message ID="Autho::ChangePasswordSuccess" Content="密碼變更成功!" />
	<Message ID="Autho::ValidateFail" Content="設定碼輸入錯誤!" />
	<Message ID="Autho::ResetPasswordSuccess" Content="密碼重置成功!" />
	<Message ID="Autho::NotPermitted" Content="權限不足!" />
	<Message ID="Autho::ForgetPassword" Content="一般使用者，請聯絡管理者重新設定密碼。

若為機械廠或管理者，請聯絡新代客服人員。" />
	<Message ID="Autho::ValueSetFail" Content="設定值寫入失敗!" />
	<Message ID="Autho::ValueOverRange" Content="設定值超出範圍!" />
	<Message ID="Autho::ValueNotSupport" Content="設定值無效!" />
	<Message ID="Autho::DeleteUserFail" Content="帳號刪除失敗!" />
	<Message ID="Autho::NameLengthIllegal" Content="帳號長度超出限制!" />
	<Message ID="Autho::PasswordLengthIllegal" Content="密碼長度超出限制!" />
	<Message ID="Autho::AuthoUserFileDamaged" Content="權限設定檔案毀損，請進行資料還原。" />
	
	<!-- =============== Autho setting =============== -->
	<Message ID="AuthoValueClose" Content="關閉" />
	<Message ID="AuthoValueOpen" Content="開啟" />
	<Message ID="AuthoValueDisplayOnly" Content="僅顯示" />
	
	<!-- =============== Autho HintLabel =============== -->
	<Message ID="Autho::ExpressionHint" Content="由英文或數字組成，限制為8個字元" />
	<Message ID="Autho::NameExpressionHint" Content="由英文或數字組成，限制為8個字元，起始不可為數字" />
	<Message ID="Autho::LogInValidateNumberHint" Content="(驗證碼 = {0})請用此驗證碼向蘇州企推部或臺灣技術中心取得密碼" />
	<Message ID="Autho::ResetValidateNumberHint" Content="(驗證碼 = {0})請用此驗證碼向蘇州企推部或臺灣技術中心取得密碼" />
</ResMap>