﻿<?xml version="1.0" encoding="UTF-8"?>
<!--Created by 'eHMI'version2.0.0-->
<!--BROWSER SIZE|H:470|W:800-->
<Screen>
  <Name>G73</Name>
  <Picture>
    <Left>5</Left>
    <Top>4</Top>
    <Width>736</Width>
    <Height>392</Height>
    <Name>Picture1</Name>
    <FontSize>9</FontSize>
    <Alignment>5</Alignment>
    <BorderStyle>0</BorderStyle>
    <Visible>True</Visible>
    <Depth>29</Depth>
    <BorderColor>0,0,0</BorderColor>
    <ForeColor>0,0,0</ForeColor>
    <Picture Fit2Height="False" Fit2Width="False">Image\Back1.bmp</Picture>
  </Picture>
  <Label>
    <Left>445</Left>
    <Top>111</Top>
    <Width>109</Width>
    <Height>30</Height>
    <Name>Label7</Name>
    <FontSize>15</FontSize>
    <Alignment>1</Alignment>
    <BorderStyle>0</BorderStyle>
    <Visible>True</Visible>
    <Depth>28</Depth>
    <BorderColor>0,0,0</BorderColor>
    <ForeColor>247,239,97</ForeColor>
    <BackColor>159,145,124</BackColor>
    <Caption>STR::Browser::G73::Caption::X_Allow</Caption>
  </Label>
  <Label>
    <Left>445</Left>
    <Top>138</Top>
    <Width>110</Width>
    <Height>30</Height>
    <Name>Label6</Name>
    <FontSize>15</FontSize>
    <Alignment>1</Alignment>
    <BorderStyle>0</BorderStyle>
    <Visible>True</Visible>
    <Depth>27</Depth>
    <BorderColor>0,0,0</BorderColor>
    <ForeColor>247,239,97</ForeColor>
    <BackColor>159,145,124</BackColor>
    <Caption>STR::Browser::G73::Caption::Z_Allow</Caption>
  </Label>
  <Label>
    <Left>420</Left>
    <Top>89</Top>
    <Width>275</Width>
    <Height>92</Height>
    <Name>Label18</Name>
    <FontSize>15</FontSize>
    <Alignment>0</Alignment>
    <BorderStyle>1</BorderStyle>
    <Visible>True</Visible>
    <Depth>26</Depth>
    <BorderColor>0,0,0</BorderColor>
    <ForeColor>255,255,255</ForeColor>
    <BackColor>159,145,124</BackColor>
    <Caption>
    </Caption>
  </Label>
  <Label>
    <Left>420</Left>
    <Top>189</Top>
    <Width>275</Width>
    <Height>92</Height>
    <Name>Label8</Name>
    <FontSize>15</FontSize>
    <Alignment>0</Alignment>
    <BorderStyle>1</BorderStyle>
    <Visible>True</Visible>
    <Depth>25</Depth>
    <BorderColor>0,0,0</BorderColor>
    <ForeColor>255,255,255</ForeColor>
    <BackColor>159,145,124</BackColor>
    <Caption>
    </Caption>
  </Label>
  <Label>
    <Left>421</Left>
    <Top>90</Top>
    <Width>204</Width>
    <Height>30</Height>
    <Name>Label11</Name>
    <FontSize>15</FontSize>
    <Alignment>0</Alignment>
    <BorderStyle>0</BorderStyle>
    <Visible>True</Visible>
    <Depth>24</Depth>
    <BorderColor>0,0,0</BorderColor>
    <ForeColor>255,255,255</ForeColor>
    <BackColor>159,145,124</BackColor>
    <Caption>STR::Browser::G73::Caption::Residue</Caption>
  </Label>
  <Label>
    <Left>420</Left>
    <Top>285</Top>
    <Width>155</Width>
    <Height>30</Height>
    <Name>Label15</Name>
    <FontSize>15</FontSize>
    <Alignment>1</Alignment>
    <BorderStyle>0</BorderStyle>
    <Visible>True</Visible>
    <Depth>23</Depth>
    <BorderColor>0,0,0</BorderColor>
    <ForeColor>247,239,97</ForeColor>
    <BackColor>159,145,124</BackColor>
    <Caption>STR::Browser::G73::Caption::Speed_S</Caption>
  </Label>
  <Label>
    <Left>445</Left>
    <Top>120</Top>
    <Width>130</Width>
    <Height>30</Height>
    <Name>Label10</Name>
    <FontSize>15</FontSize>
    <Alignment>1</Alignment>
    <BorderStyle>0</BorderStyle>
    <Visible>True</Visible>
    <Depth>22</Depth>
    <BorderColor>0,0,0</BorderColor>
    <ForeColor>247,239,97</ForeColor>
    <BackColor>159,145,124</BackColor>
    <Caption>STR::Browser::G73::Caption::X_Allow</Caption>
  </Label>
  <Label>
    <Left>445</Left>
    <Top>150</Top>
    <Width>130</Width>
    <Height>30</Height>
    <Name>Label9</Name>
    <FontSize>15</FontSize>
    <Alignment>1</Alignment>
    <BorderStyle>0</BorderStyle>
    <Visible>True</Visible>
    <Depth>21</Depth>
    <BorderColor>0,0,0</BorderColor>
    <ForeColor>247,239,97</ForeColor>
    <BackColor>159,145,124</BackColor>
    <Caption>STR::Browser::G73::Caption::Z_Allow</Caption>
  </Label>
  <Label>
    <Left>421</Left>
    <Top>190</Top>
    <Width>207</Width>
    <Height>30</Height>
    <Name>Label14</Name>
    <FontSize>15</FontSize>
    <Alignment>0</Alignment>
    <BorderStyle>0</BorderStyle>
    <Visible>True</Visible>
    <Depth>20</Depth>
    <BorderColor>0,0,0</BorderColor>
    <ForeColor>255,255,255</ForeColor>
    <BackColor>159,145,124</BackColor>
    <Caption>STR::Browser::G73::Caption::Cut_Dep&amp;Esc</Caption>
  </Label>
  <Label>
    <Left>445</Left>
    <Top>220</Top>
    <Width>130</Width>
    <Height>30</Height>
    <Name>Label13</Name>
    <FontSize>15</FontSize>
    <Alignment>1</Alignment>
    <BorderStyle>0</BorderStyle>
    <Visible>True</Visible>
    <Depth>19</Depth>
    <BorderColor>0,0,0</BorderColor>
    <ForeColor>247,239,97</ForeColor>
    <BackColor>159,145,124</BackColor>
    <Caption>STR::Browser::G73::Caption::Cut_Dep</Caption>
  </Label>
  <Label>
    <Left>445</Left>
    <Top>250</Top>
    <Width>130</Width>
    <Height>30</Height>
    <Name>Label12</Name>
    <FontSize>15</FontSize>
    <Alignment>1</Alignment>
    <BorderStyle>0</BorderStyle>
    <Visible>True</Visible>
    <Depth>18</Depth>
    <BorderColor>0,0,0</BorderColor>
    <ForeColor>247,239,97</ForeColor>
    <BackColor>159,145,124</BackColor>
    <Caption>STR::Browser::G73::Caption::Escpae_E</Caption>
  </Label>
  <Label>
    <Left>420</Left>
    <Top>25</Top>
    <Width>155</Width>
    <Height>30</Height>
    <Name>Label5</Name>
    <FontSize>15</FontSize>
    <Alignment>1</Alignment>
    <BorderStyle>0</BorderStyle>
    <Visible>True</Visible>
    <Depth>17</Depth>
    <BorderColor>0,0,0</BorderColor>
    <ForeColor>247,239,97</ForeColor>
    <BackColor>159,145,124</BackColor>
    <Caption>STR::Browser::G73::Caption::Start BLK NO.</Caption>
  </Label>
  <Label>
    <Left>420</Left>
    <Top>315</Top>
    <Width>155</Width>
    <Height>30</Height>
    <Name>Label16</Name>
    <FontSize>15</FontSize>
    <Alignment>1</Alignment>
    <BorderStyle>0</BorderStyle>
    <Visible>True</Visible>
    <Depth>16</Depth>
    <BorderColor>0,0,0</BorderColor>
    <ForeColor>247,239,97</ForeColor>
    <BackColor>159,145,124</BackColor>
    <Caption>STR::Browser::G73::Caption::Feedrate_F</Caption>
  </Label>
  <Label>
    <Left>420</Left>
    <Top>345</Top>
    <Width>155</Width>
    <Height>30</Height>
    <Name>Label17</Name>
    <FontSize>15</FontSize>
    <Alignment>1</Alignment>
    <BorderStyle>0</BorderStyle>
    <Visible>True</Visible>
    <Depth>15</Depth>
    <BorderColor>0,0,0</BorderColor>
    <ForeColor>247,239,97</ForeColor>
    <BackColor>159,145,124</BackColor>
    <Caption>STR::Browser::G73::Caption::Tool_NO.T</Caption>
  </Label>
  <Label>
    <Left>420</Left>
    <Top>55</Top>
    <Width>155</Width>
    <Height>30</Height>
    <Name>Label4</Name>
    <FontSize>15</FontSize>
    <Alignment>1</Alignment>
    <BorderStyle>0</BorderStyle>
    <Visible>True</Visible>
    <Depth>14</Depth>
    <BorderColor>0,0,0</BorderColor>
    <ForeColor>247,239,97</ForeColor>
    <BackColor>159,145,124</BackColor>
    <Caption>STR::Browser::G73::Caption::End BLK NO.</Caption>
  </Label>
  <Picture>
    <Left>47</Left>
    <Top>154</Top>
    <Width>270</Width>
    <Height>180</Height>
    <Name>Picture2</Name>
    <FontSize>9</FontSize>
    <Alignment>5</Alignment>
    <BorderStyle>1</BorderStyle>
    <Visible>True</Visible>
    <Depth>13</Depth>
    <BorderColor>0,0,0</BorderColor>
    <ForeColor>0,0,0</ForeColor>
    <Picture Fit2Height="False" Fit2Width="False">Image\G73.bmp</Picture>
  </Picture>
  <Label>
    <Left>23</Left>
    <Top>119</Top>
    <Width>351</Width>
    <Height>23</Height>
    <Name>Label2</Name>
    <FontSize>15</FontSize>
    <Alignment>0</Alignment>
    <BorderStyle>0</BorderStyle>
    <Visible>True</Visible>
    <Depth>11</Depth>
    <BorderColor>0,0,0</BorderColor>
    <ForeColor>255,255,255</ForeColor>
    <BackColor>159,145,124</BackColor>
    <Caption>STR::Browser::G73::Caption::G_Code_Type</Caption>
  </Label>
  <Label>
    <Left>15</Left>
    <Top>27</Top>
    <Width>350</Width>
    <Height>25</Height>
    <Name>G73_Title</Name>
    <FontSize>15</FontSize>
    <Alignment>2</Alignment>
    <BorderStyle>0</BorderStyle>
    <Visible>True</Visible>
    <Depth>10</Depth>
    <BorderColor>0,0,0</BorderColor>
    <ForeColor>255,255,255</ForeColor>
    <BackColor>159,145,124</BackColor>
    <Caption>STR::Browser::G73::Caption::G73_Title</Caption>
  </Label>
  <Input>
    <Left>575</Left>
    <Top>25</Top>
    <Width>120</Width>
    <Height>30</Height>
    <Name>Input1</Name>
    <FontSize>12</FontSize>
    <Alignment>1</Alignment>
    <BorderStyle>1</BorderStyle>
    <Visible>True</Visible>
    <Depth>9</Depth>
    <BorderColor>0,0,0</BorderColor>
    <ForeColor>0,0,0</ForeColor>
    <BackColor>235,235,235</BackColor>
    <InputFormat>Double</InputFormat>
    <MacroAddr>P</MacroAddr>
    <MappingToRegistry>0</MappingToRegistry>
    <HintLabel>STR::Browser::G73::HintLabel::Start BLK NO.</HintLabel>
  </Input>
  <Input>
    <Left>575</Left>
    <Top>55</Top>
    <Width>120</Width>
    <Height>30</Height>
    <Name>Input2</Name>
    <FontSize>12</FontSize>
    <Alignment>1</Alignment>
    <BorderStyle>1</BorderStyle>
    <Visible>True</Visible>
    <Depth>8</Depth>
    <BorderColor>0,0,0</BorderColor>
    <ForeColor>0,0,0</ForeColor>
    <BackColor>235,235,235</BackColor>
    <InputFormat>Double</InputFormat>
    <MacroAddr>Q</MacroAddr>
    <MappingToRegistry>0</MappingToRegistry>
    <HintLabel>STR::Browser::G73::HintLabel::End BLK NO.</HintLabel>
  </Input>
  <Input>
    <Left>575</Left>
    <Top>120</Top>
    <Width>120</Width>
    <Height>30</Height>
    <Name>Input3</Name>
    <FontSize>12</FontSize>
    <Alignment>1</Alignment>
    <BorderStyle>1</BorderStyle>
    <Visible>True</Visible>
    <Depth>7</Depth>
    <BorderColor>0,0,0</BorderColor>
    <ForeColor>0,0,0</ForeColor>
    <BackColor>235,235,235</BackColor>
    <InputFormat>Double:3F</InputFormat>
    <MacroAddr>U</MacroAddr>
    <MappingToRegistry>0</MappingToRegistry>
    <HintLabel>STR::Browser::G73::HintLabel::X_Allow</HintLabel>
  </Input>
  <Input>
    <Left>575</Left>
    <Top>150</Top>
    <Width>120</Width>
    <Height>30</Height>
    <Name>Input4</Name>
    <FontSize>12</FontSize>
    <Alignment>1</Alignment>
    <BorderStyle>1</BorderStyle>
    <Visible>True</Visible>
    <Depth>6</Depth>
    <BorderColor>0,0,0</BorderColor>
    <ForeColor>0,0,0</ForeColor>
    <BackColor>235,235,235</BackColor>
    <InputFormat>Double:3F</InputFormat>
    <MacroAddr>W</MacroAddr>
    <MappingToRegistry>0</MappingToRegistry>
    <HintLabel>STR::Browser::G73::HintLabel::Z_Allow</HintLabel>
  </Input>
  <Input>
    <Left>575</Left>
    <Top>220</Top>
    <Width>120</Width>
    <Height>30</Height>
    <Name>Input5</Name>
    <FontSize>12</FontSize>
    <Alignment>1</Alignment>
    <BorderStyle>1</BorderStyle>
    <Visible>True</Visible>
    <Depth>5</Depth>
    <BorderColor>0,0,0</BorderColor>
    <ForeColor>0,0,0</ForeColor>
    <BackColor>235,235,235</BackColor>
    <InputFormat>Double:3F</InputFormat>
    <MacroAddr>D</MacroAddr>
    <MappingToRegistry>0</MappingToRegistry>
    <HintLabel>STR::Browser::G73::HintLabel::Depth_of_Cut</HintLabel>
  </Input>
  <Input>
    <Left>575</Left>
    <Top>250</Top>
    <Width>120</Width>
    <Height>30</Height>
    <Name>Input6</Name>
    <FontSize>12</FontSize>
    <Alignment>1</Alignment>
    <BorderStyle>1</BorderStyle>
    <Visible>True</Visible>
    <Depth>4</Depth>
    <BorderColor>0,0,0</BorderColor>
    <ForeColor>0,0,0</ForeColor>
    <BackColor>235,235,235</BackColor>
    <InputFormat>Double:3F</InputFormat>
    <MacroAddr>E</MacroAddr>
    <MappingToRegistry>0</MappingToRegistry>
    <HintLabel>STR::Browser::G73::HintLabel::Esc_Amount</HintLabel>
  </Input>
  <Input>
    <Left>575</Left>
    <Top>285</Top>
    <Width>120</Width>
    <Height>30</Height>
    <Name>Input7</Name>
    <FontSize>12</FontSize>
    <Alignment>1</Alignment>
    <BorderStyle>1</BorderStyle>
    <Visible>True</Visible>
    <Depth>3</Depth>
    <BorderColor>0,0,0</BorderColor>
    <ForeColor>0,0,0</ForeColor>
    <BackColor>235,235,235</BackColor>
    <InputFormat>Double:3F</InputFormat>
    <MacroAddr>S</MacroAddr>
    <MappingToRegistry>0</MappingToRegistry>
    <HintLabel>STR::Browser::G73::HintLabel::Speed_S</HintLabel>
  </Input>
  <Input>
    <Left>575</Left>
    <Top>315</Top>
    <Width>120</Width>
    <Height>30</Height>
    <Name>Input8</Name>
    <FontSize>12</FontSize>
    <Alignment>1</Alignment>
    <BorderStyle>1</BorderStyle>
    <Visible>True</Visible>
    <Depth>2</Depth>
    <BorderColor>0,0,0</BorderColor>
    <ForeColor>0,0,0</ForeColor>
    <BackColor>235,235,235</BackColor>
    <InputFormat>Double:3F</InputFormat>
    <MacroAddr>F</MacroAddr>
    <MappingToRegistry>0</MappingToRegistry>
    <HintLabel>STR::Browser::G73::HintLabel::Feedrate_F</HintLabel>
  </Input>
  <Input>
    <Left>575</Left>
    <Top>345</Top>
    <Width>120</Width>
    <Height>30</Height>
    <Name>Input9</Name>
    <FontSize>12</FontSize>
    <Alignment>1</Alignment>
    <BorderStyle>1</BorderStyle>
    <Visible>True</Visible>
    <Depth>1</Depth>
    <BorderColor>0,0,0</BorderColor>
    <ForeColor>0,0,0</ForeColor>
    <BackColor>235,235,235</BackColor>
    <InputFormat>Double:3F</InputFormat>
    <MacroAddr>T</MacroAddr>
    <MappingToRegistry>0</MappingToRegistry>
    <HintLabel>STR::Browser::G73::HintLabel::Tool_NO.</HintLabel>
  </Input>
</Screen>
