﻿<?xml version="1.0" encoding="UTF-8"?>
<ResMap>
	<!-- ＝＝＝＝＝＝＝＝＝＝＝＝Drv_SYNTEC（注意：伺服警报号为十六位元显示［配合新代手册］）＝＝＝＝＝＝＝＝＝＝-->
	<Message ID="AlarmMsg::Drv_SYNTEC::ID=10h" Content="IGBT过热。"/>
	<Message ID="AlarmMsg::Drv_SYNTEC::ID=11h" Content="电机过热。"/>
	<Message ID="AlarmMsg::Drv_SYNTEC::ID=12h" Content="过电压。"/>
	<Message ID="AlarmMsg::Drv_SYNTEC::ID=13h" Content="低电压。"/>
	<Message ID="AlarmMsg::Drv_SYNTEC::ID=14h" Content="过速度。"/>
	<Message ID="AlarmMsg::Drv_SYNTEC::ID=15h" Content="过电流。"/>
	<Message ID="AlarmMsg::Drv_SYNTEC::ID=16h" Content="过载。"/>
	<Message ID="AlarmMsg::Drv_SYNTEC::ID=17h" Content="保留2。"/>
	<Message ID="AlarmMsg::Drv_SYNTEC::ID=18h" Content="保留3。"/>
	<Message ID="AlarmMsg::Drv_SYNTEC::ID=19h" Content="保留4。"/>
	<Message ID="AlarmMsg::Drv_SYNTEC::ID=1Ah" Content="IPM过电流。"/>
	<Message ID="AlarmMsg::Drv_SYNTEC::ID=1Dh" Content="电流检出故障1。"/>
	<Message ID="AlarmMsg::Drv_SYNTEC::ID=1Eh" Content="电流检出故障2。"/>
	<Message ID="AlarmMsg::Drv_SYNTEC::ID=1Fh" Content="位置控制偏差过大。"/>
	<Message ID="AlarmMsg::Drv_SYNTEC::ID=20h" Content="保留6。"/>
	<Message ID="AlarmMsg::Drv_SYNTEC::ID=21h" Content="回升异常。"/>
	<Message ID="AlarmMsg::Drv_SYNTEC::ID=22h" Content="风扇故障。"/>
	<Message ID="AlarmMsg::Drv_SYNTEC::ID=23h" Content="编码器Index讯号异常。"/>
	<Message ID="AlarmMsg::Drv_SYNTEC::ID=24h" Content="编码器极性错误。"/>
	<Message ID="AlarmMsg::Drv_SYNTEC::ID=25h" Content="编码器解析度错误。"/>
	<Message ID="AlarmMsg::Drv_SYNTEC::ID=26h" Content="马达极数错误。"/>
	<Message ID="AlarmMsg::Drv_SYNTEC::ID=27h" Content="编码器无回授。"/>
	<Message ID="AlarmMsg::Drv_SYNTEC::ID=28h" Content="编码器脉波遗漏。"/>
	<Message ID="AlarmMsg::Drv_SYNTEC::ID=29h" Content="感应电机参数估测错误一。"/>
	<Message ID="AlarmMsg::Drv_SYNTEC::ID=2Ah" Content="感应电机参数估测错误二。"/>
	<Message ID="AlarmMsg::Drv_SYNTEC::ID=2Bh" Content="最大加速度过大。"/>
	<Message ID="AlarmMsg::Drv_SYNTEC::ID=2Ch" Content="惯量初始值设定不良。"/>
	<Message ID="AlarmMsg::Drv_SYNTEC::ID=2Dh" Content="电压饱和。"/>
	<Message ID="AlarmMsg::Drv_SYNTEC::ID=2Eh" Content="控制板故障。"/>
	<Message ID="AlarmMsg::Drv_SYNTEC::ID=2Fh" Content="V/f操作曲线设定有误。"/>
	<Message ID="AlarmMsg::Drv_SYNTEC::ID=30h" Content="V/f模式过电流。"/>
	<Message ID="AlarmMsg::Drv_SYNTEC::ID=31h" Content="过转矩检出1。"/>
	<Message ID="AlarmMsg::Drv_SYNTEC::ID=32h" Content="过转矩检出2。"/>
	<Message ID="AlarmMsg::Drv_SYNTEC::ID=33h" Content="第二编码器Index讯号异常。"/>
	<Message ID="AlarmMsg::Drv_SYNTEC::ID=34h" Content="第二编码器极性错误。"/>
	<Message ID="AlarmMsg::Drv_SYNTEC::ID=35h" Content="第二编码器解析度错误。"/>
	<Message ID="AlarmMsg::Drv_SYNTEC::ID=36h" Content="第二编码器无回授。"/>
	<Message ID="AlarmMsg::Drv_SYNTEC::ID=38h" Content="内外回授位置误差过大。"/>
	<Message ID="AlarmMsg::Drv_SYNTEC::ID=39h" Content="第二编码器脉波遗漏。"/>
	<Message ID="AlarmMsg::Drv_SYNTEC::ID=3Ah" Content="新代编码器节距补偿失败。"/>	
	<Message ID="AlarmMsg::Drv_SYNTEC::ID=3Ch" Content="主轴定位失败。"/>
	<Message ID="AlarmMsg::Drv_SYNTEC::ID=3Dh" Content="磁极偏移量失败。"/>
	<Message ID="AlarmMsg::Drv_SYNTEC::ID=3Eh" Content="惯量调机电机未转动。"/>
	<Message ID="AlarmMsg::Drv_SYNTEC::ID=3Fh" Content="参数储存命令不合法。"/>
	<Message ID="AlarmMsg::Drv_SYNTEC::ID=40h" Content="编码器内部KTY84过热。"/>
	<Message ID="AlarmMsg::Drv_SYNTEC::ID=41h" Content="编码器外部一KTY84过热。"/>
	<Message ID="AlarmMsg::Drv_SYNTEC::ID=42h" Content="编码器外部二KTY84过热。"/>
	<Message ID="AlarmMsg::Drv_SYNTEC::ID=44h" Content="第二编码器内部KTY84过热。"/>
	<Message ID="AlarmMsg::Drv_SYNTEC::ID=45h" Content="第二编码器外部一KTY84过热。"/>
	<Message ID="AlarmMsg::Drv_SYNTEC::ID=46h" Content="第二编码器外部二KTY84过热。"/>
	<Message ID="AlarmMsg::Drv_SYNTEC::ID=48h" Content="编码器连续通讯封包异常。"/>
	<Message ID="AlarmMsg::Drv_SYNTEC::ID=49h" Content="第二编码器连续通讯封包异常。"/>
	<Message ID="AlarmMsg::Drv_SYNTEC::ID=4Ah" Content="第一回授新代编码器处于刻录模式。"/>
	<Message ID="AlarmMsg::Drv_SYNTEC::ID=4Bh" Content="第二回授新代编码器处于刻录模式。"/>
	<Message ID="AlarmMsg::Drv_SYNTEC::ID=4Ch" Content="第一串行编码器通讯接口型态错误。"/>
	<Message ID="AlarmMsg::Drv_SYNTEC::ID=4Dh" Content="第二串行编码器通讯接口型态错误。"/>
	<Message ID="AlarmMsg::Drv_SYNTEC::ID=4Fh" Content="新代编码器校正时马达未转动。"/>
	<Message ID="AlarmMsg::Drv_SYNTEC::ID=50h" Content="电流调机异常。"/>
	<Message ID="AlarmMsg::Drv_SYNTEC::ID=51h" Content="第一编码器失效。"/>
	<Message ID="AlarmMsg::Drv_SYNTEC::ID=52h" Content="第二编码器失效。"/>
	<Message ID="AlarmMsg::Drv_SYNTEC::ID=53h" Content="后级类型错误。"/>
	<Message ID="AlarmMsg::Drv_SYNTEC::ID=54h" Content="第一编码器Z相讯号位置飘移。"/>
	<Message ID="AlarmMsg::Drv_SYNTEC::ID=55h" Content="第二编码器Z相讯号位置飘移。"/>
	<Message ID="AlarmMsg::Drv_SYNTEC::ID=56h" Content="第二绝对型编码器位置遗失。"/>
	<Message ID="AlarmMsg::Drv_SYNTEC::ID=57h" Content="第二绝对型编码器电池警报。"/>
	<Message ID="AlarmMsg::Drv_SYNTEC::ID=58h" Content="第一编码器回读参数失败。"/>
	<Message ID="AlarmMsg::Drv_SYNTEC::ID=59h" Content="第二编码器回读参数失败。"/>
	<Message ID="AlarmMsg::Drv_SYNTEC::ID=5Ah" Content="第一编码器内部KTY84异常。"/>
	<Message ID="AlarmMsg::Drv_SYNTEC::ID=5Bh" Content="第一编码器外部一KTY84未连接。"/>
	<Message ID="AlarmMsg::Drv_SYNTEC::ID=5Ch" Content="第一编码器外部二KTY84未连接。"/>
	<Message ID="AlarmMsg::Drv_SYNTEC::ID=5Eh" Content="第二编码器内部KTY84异常。"/>
	<Message ID="AlarmMsg::Drv_SYNTEC::ID=5Fh" Content="第二编码器外部一KTY84未连接。"/>
	<Message ID="AlarmMsg::Drv_SYNTEC::ID=60h" Content="第二编码器外部二KTY84未连接。"/>
	<Message ID="AlarmMsg::Drv_SYNTEC::ID=99h" Content="驱动器警报。"/>
	<Message ID="AlarmMsg::Drv_SYNTEC::ID=E50h" Content="Mechatrolink同步错误。"/>
	<Message ID="AlarmMsg::Drv_SYNTEC::ID=810h" Content="绝对型编码器位置遗失。"/>
	<Message ID="AlarmMsg::Drv_SYNTEC::ID=830h" Content="绝对型编码器电池警报。"/>
</ResMap>
