<?xml version="1.0" encoding="utf-8" ?>
<ResMap>
	<!-- ================ YASKAWA Parameter ===================== -->
	<Message ID="MMI::DriverParameter::YASKAWA::Pn0" Content="Function Selection" />
	<Message ID="MMI::DriverParameter::YASKAWA::Pn0-00" Content="Basic Function Selection Sw. 0" />
	<Message ID="MMI::DriverParameter::YASKAWA::Pn0-01" Content="Appl. Function Selection Sw. 1" />
	<Message ID="MMI::DriverParameter::YASKAWA::Pn0-02" Content="Appl. Function Selection Sw. 2" />
	<Message ID="MMI::DriverParameter::YASKAWA::Pn0-06" Content="Appl. Function Selection Sw. 6" />
	<Message ID="MMI::DriverParameter::YASKAWA::Pn0-07" Content="Appl. Function Selection Sw. 7" />
	<Message ID="MMI::DriverParameter::YASKAWA::Pn0-08" Content="Appl. Function Selection Sw. 8" />
	<Message ID="MMI::DriverParameter::YASKAWA::Pn0-09" Content="Appl. Function Selection Sw. 9" />
	<Message ID="MMI::DriverParameter::YASKAWA::Pn0-0A" Content="Appl. Function Selection Sw. A" />
	<Message ID="MMI::DriverParameter::YASKAWA::Pn0-0B" Content="Appl. Function Selection Sw. B" />
	<Message ID="MMI::DriverParameter::YASKAWA::Pn0-0C" Content="Appl. Function Selection Sw. C" />
	<Message ID="MMI::DriverParameter::YASKAWA::Pn0-0D" Content="Appl. Function Selection Sw. D" />
	<Message ID="MMI::DriverParameter::YASKAWA::Pn0-0F" Content="Appl. Function Selection Sw. F" />
	<Message ID="MMI::DriverParameter::YASKAWA::Pn0-80" Content="Appl. Function Selection Sw. 80" />
	<Message ID="MMI::DriverParameter::YASKAWA::Pn0-81" Content="Appl. Function Selection Sw. 81" />
	<Message ID="MMI::DriverParameter::YASKAWA::Pn1" Content="Gain" />
	<Message ID="MMI::DriverParameter::YASKAWA::Pn1-00" Content="Speed Loop Gain" />
	<Message ID="MMI::DriverParameter::YASKAWA::Pn1-01" Content="Speed Loop Intergral Time Constant" />
	<Message ID="MMI::DriverParameter::YASKAWA::Pn1-02" Content="Position Loop Gain" />
	<Message ID="MMI::DriverParameter::YASKAWA::Pn1-03" Content="Mass Ratio" />
	<Message ID="MMI::DriverParameter::YASKAWA::Pn1-04" Content="2nd Speed Loop Gain" />
	<Message ID="MMI::DriverParameter::YASKAWA::Pn1-05" Content="2nd Speed Loop Intergral Time Constant" />
	<Message ID="MMI::DriverParameter::YASKAWA::Pn1-06" Content="Secondary Position Loop Gain" />
	<Message ID="MMI::DriverParameter::YASKAWA::Pn1-09" Content="Feedforward Gain" />
	<Message ID="MMI::DriverParameter::YASKAWA::Pn1-0A" Content="Feedforward Filter Time Constant" />
	<Message ID="MMI::DriverParameter::YASKAWA::Pn1-0B" Content="Appl. Function Sel. for Gain Select Sw." />
	<Message ID="MMI::DriverParameter::YASKAWA::Pn1-0C" Content="Mode Switch(Force Ref.)" />
	<Message ID="MMI::DriverParameter::YASKAWA::Pn1-0D" Content="Mode Switch(Speed Ref.)" />
	<Message ID="MMI::DriverParameter::YASKAWA::Pn1-0E" Content="Mode Switch(Accelaration)" />
	<Message ID="MMI::DriverParameter::YASKAWA::Pn1-0F" Content="Mode Switch(position err. pulse)" />
	<Message ID="MMI::DriverParameter::YASKAWA::Pn1-1F" Content="Position Intergral Time Constant" />
	<Message ID="MMI::DriverParameter::YASKAWA::Pn1-21" Content="Friction Compensation Gain" />
	<Message ID="MMI::DriverParameter::YASKAWA::Pn1-22" Content="2nd Gain for Friction Comp." />
	<Message ID="MMI::DriverParameter::YASKAWA::Pn1-23" Content="Friction Comp. Coefficient" />
	<Message ID="MMI::DriverParameter::YASKAWA::Pn1-24" Content="Friction Comp. Freq. Correction" />
	<Message ID="MMI::DriverParameter::YASKAWA::Pn1-25" Content="Friction Comp. Gain Correction" />
	<Message ID="MMI::DriverParameter::YASKAWA::Pn1-31" Content="Gain Switch Time 1" />
	<Message ID="MMI::DriverParameter::YASKAWA::Pn1-32" Content="Gain Switch Time 2" />
	<Message ID="MMI::DriverParameter::YASKAWA::Pn1-35" Content="Gain Switch Waiting Time 1" />
	<Message ID="MMI::DriverParameter::YASKAWA::Pn1-36" Content="Gain Switch Waiting Time 2" />
	<Message ID="MMI::DriverParameter::YASKAWA::Pn1-39" Content="Auto. Gain Changeover Related Switch1" />
	<Message ID="MMI::DriverParameter::YASKAWA::Pn1-3D" Content="Current Gain Level" />
	<Message ID="MMI::DriverParameter::YASKAWA::Pn1-40" Content="Model Following Ctrl Related Switch" />
	<Message ID="MMI::DriverParameter::YASKAWA::Pn1-41" Content="Model Following Ctrl Gain" />
	<Message ID="MMI::DriverParameter::YASKAWA::Pn1-42" Content="Model Following Ctrl Gain Comp." />
	<Message ID="MMI::DriverParameter::YASKAWA::Pn1-43" Content="Model Following Ctrl Bias(F.D.)" />
	<Message ID="MMI::DriverParameter::YASKAWA::Pn1-44" Content="Model Following Ctrl Bias(R.D.)" />
	<Message ID="MMI::DriverParameter::YASKAWA::Pn1-45" Content="Vib. Suppression 1 Freq. A" />
	<Message ID="MMI::DriverParameter::YASKAWA::Pn1-46" Content="Vib. Suppression 1 Freq. B" />
	<Message ID="MMI::DriverParameter::YASKAWA::Pn1-47" Content="Model Following Ctrl Speed FF Comp." />
	<Message ID="MMI::DriverParameter::YASKAWA::Pn1-48" Content="2nd Model Following Ctrl Gain" />
	<Message ID="MMI::DriverParameter::YASKAWA::Pn1-49" Content="2nd Model Following Ctrl Gain Comp." />
	<Message ID="MMI::DriverParameter::YASKAWA::Pn1-4A" Content="Vib. Suppression 2 Freq." />
	<Message ID="MMI::DriverParameter::YASKAWA::Pn1-4B" Content="Vib. Suppression 2 Comp." />
	<Message ID="MMI::DriverParameter::YASKAWA::Pn1-4F" Content="Control Related switch" />
	<Message ID="MMI::DriverParameter::YASKAWA::Pn1-60" Content="Anti-Resonance Ctrl Related switch" />
	<Message ID="MMI::DriverParameter::YASKAWA::Pn1-61" Content="Anti-Resonance Freq." />
	<Message ID="MMI::DriverParameter::YASKAWA::Pn1-62" Content="Anti-Resonance Gain Comp." />
	<Message ID="MMI::DriverParameter::YASKAWA::Pn1-63" Content="Anti-Resonance Damping Gain" />
	<Message ID="MMI::DriverParameter::YASKAWA::Pn1-64" Content="Anti-Resonance Filter T.C. 1 Comp." />
	<Message ID="MMI::DriverParameter::YASKAWA::Pn1-65" Content="Anti-Resonance Filter T.C. 2 Comp." />
	<Message ID="MMI::DriverParameter::YASKAWA::Pn1-66" Content="Anti-Resonance Damping Gain2" />
	<Message ID="MMI::DriverParameter::YASKAWA::Pn1-70" Content="Tuning-less Function Related swtch" />
	<Message ID="MMI::DriverParameter::YASKAWA::Pn1-81" Content="Mode Switching Level for Speed Ref." />
	<Message ID="MMI::DriverParameter::YASKAWA::Pn1-82" Content="Mode Switching Level for Acc." />
	<Message ID="MMI::DriverParameter::YASKAWA::Pn2" Content="Position" />
	<Message ID="MMI::DriverParameter::YASKAWA::Pn2-05" Content="Multiturn Limit Setting" />
	<Message ID="MMI::DriverParameter::YASKAWA::Pn2-07" Content="Position Ctrl Function switch" />
	<Message ID="MMI::DriverParameter::YASKAWA::Pn2-0A" Content="Num. of External Scale Pitch" />
	<Message ID="MMI::DriverParameter::YASKAWA::Pn2-0E" Content="Elec. Gear Ratio(numerator)" />
	<Message ID="MMI::DriverParameter::YASKAWA::Pn2-10" Content="Elec. Gear Ratio(denominator)" />
	<Message ID="MMI::DriverParameter::YASKAWA::Pn2-12" Content="Encoder Output Pulses" />
	<Message ID="MMI::DriverParameter::YASKAWA::Pn2-2A" Content="Fully-closed Ctrl Selection Switch" />
	<Message ID="MMI::DriverParameter::YASKAWA::Pn2-30" Content="Pos. Ctrl Expanded Function Switch" />
	<Message ID="MMI::DriverParameter::YASKAWA::Pn2-31" Content="Backlash Compensation" />
	<Message ID="MMI::DriverParameter::YASKAWA::Pn2-33" Content="Backlash Compensation T.C." />
	<Message ID="MMI::DriverParameter::YASKAWA::Pn2-81" Content="Encoder Output Resolution" />
	<Message ID="MMI::DriverParameter::YASKAWA::Pn2-82" Content="Linear Encoder Scale Pitch" />
	<Message ID="MMI::DriverParameter::YASKAWA::Pn3" Content="Speed" />
	<Message ID="MMI::DriverParameter::YASKAWA::Pn3-04" Content="JOG Speed" />
	<Message ID="MMI::DriverParameter::YASKAWA::Pn3-05" Content="Soft Start Acceleration Time" />
	<Message ID="MMI::DriverParameter::YASKAWA::Pn3-06" Content="Soft Start Deceleration Time" />
	<Message ID="MMI::DriverParameter::YASKAWA::Pn3-08" Content="Speed Feedback Filter T.C." />
	<Message ID="MMI::DriverParameter::YASKAWA::Pn3-0A" Content="Dec. time for SVoff and forced stops" />
	<Message ID="MMI::DriverParameter::YASKAWA::Pn3-0C" Content="Speed feedforward Avg. movement time" />
	<Message ID="MMI::DriverParameter::YASKAWA::Pn3-10" Content="Vibration Detection Switch" />
	<Message ID="MMI::DriverParameter::YASKAWA::Pn3-11" Content="Vibration Detection Sensitivity" />
	<Message ID="MMI::DriverParameter::YASKAWA::Pn3-12" Content="Vibration Detection Level" />
	<Message ID="MMI::DriverParameter::YASKAWA::Pn3-16" Content="Max. Motor Speed" />
	<Message ID="MMI::DriverParameter::YASKAWA::Pn3-24" Content="Mass Calculating Start Level" />
	<Message ID="MMI::DriverParameter::YASKAWA::Pn3-83" Content="Jogging Speed" />
	<Message ID="MMI::DriverParameter::YASKAWA::Pn3-84" Content="Vibration Detection Level" />
	<Message ID="MMI::DriverParameter::YASKAWA::Pn3-85" Content="Max. motor speed" />
	<Message ID="MMI::DriverParameter::YASKAWA::Pn4" Content="Torque" />
	<Message ID="MMI::DriverParameter::YASKAWA::Pn4-01" Content="Force Ref. Filter Time Constant" />
	<Message ID="MMI::DriverParameter::YASKAWA::Pn4-02" Content="Forward Force Limit" />
	<Message ID="MMI::DriverParameter::YASKAWA::Pn4-03" Content="Reverse Force Limit" />
	<Message ID="MMI::DriverParameter::YASKAWA::Pn4-04" Content="Forward External Force Limit" />
	<Message ID="MMI::DriverParameter::YASKAWA::Pn4-05" Content="Reverse External Force Limit" />
	<Message ID="MMI::DriverParameter::YASKAWA::Pn4-06" Content="Emergency Stop Force" />
	<Message ID="MMI::DriverParameter::YASKAWA::Pn4-07" Content="Speed Limit during Force Ctrl" />
	<Message ID="MMI::DriverParameter::YASKAWA::Pn4-08" Content="Force Related Function sw." />
	<Message ID="MMI::DriverParameter::YASKAWA::Pn4-09" Content="1st Notch Filter Freq." />
	<Message ID="MMI::DriverParameter::YASKAWA::Pn4-0A" Content="1st Notch Filter Q Value" />
	<Message ID="MMI::DriverParameter::YASKAWA::Pn4-0B" Content="1st Notch Filter Depth" />
	<Message ID="MMI::DriverParameter::YASKAWA::Pn4-0C" Content="2nd Notch Filter Freq." />
	<Message ID="MMI::DriverParameter::YASKAWA::Pn4-0D" Content="2nd Notch Filter Q Value" />
	<Message ID="MMI::DriverParameter::YASKAWA::Pn4-0E" Content="2nd Notch Filter Depth" />
	<Message ID="MMI::DriverParameter::YASKAWA::Pn4-0F" Content="2nd Force Ref. Filter Freq." />
	<Message ID="MMI::DriverParameter::YASKAWA::Pn4-10" Content="2nd Force Ref. Filter Q value" />
	<Message ID="MMI::DriverParameter::YASKAWA::Pn4-12" Content="1st Step 2nd Force Ref. Filter T.C." />
	<Message ID="MMI::DriverParameter::YASKAWA::Pn4-16" Content="Torque-Related function selections" />
	<Message ID="MMI::DriverParameter::YASKAWA::Pn4-17" Content="3rd Notch Filter Freq." />
	<Message ID="MMI::DriverParameter::YASKAWA::Pn4-18" Content="3rd Notch Filter Q Value" />
	<Message ID="MMI::DriverParameter::YASKAWA::Pn4-19" Content="3rd Notch Filter Depth" />
	<Message ID="MMI::DriverParameter::YASKAWA::Pn4-1A" Content="4th Notch Filter Freq." />
	<Message ID="MMI::DriverParameter::YASKAWA::Pn4-1B" Content="4th Notch Filter Q Value" />
	<Message ID="MMI::DriverParameter::YASKAWA::Pn4-1C" Content="4th Notch Filter Depth" />
	<Message ID="MMI::DriverParameter::YASKAWA::Pn4-1D" Content="5th Notch Filter Freq." />
	<Message ID="MMI::DriverParameter::YASKAWA::Pn4-1E" Content="5th Notch Filter Q Value" />
	<Message ID="MMI::DriverParameter::YASKAWA::Pn4-1F" Content="5th Notch Filter Depth" />
	<Message ID="MMI::DriverParameter::YASKAWA::Pn4-23" Content="Speed Ripple Comp. selections" />
	<Message ID="MMI::DriverParameter::YASKAWA::Pn4-24" Content="Force Limit at Main Cir.Vol. Drop" />
	<Message ID="MMI::DriverParameter::YASKAWA::Pn4-25" Content="R.T.for Force Lim. at Main Cir.Vol. Drop" />
	<Message ID="MMI::DriverParameter::YASKAWA::Pn4-26" Content="Torque feedforward Avg. movement time" />
	<Message ID="MMI::DriverParameter::YASKAWA::Pn4-27" Content="Speed Ripple Comp. Enable speed" />
	<Message ID="MMI::DriverParameter::YASKAWA::Pn4-56" Content="Sweep Force Reference Amplitude" />
	<Message ID="MMI::DriverParameter::YASKAWA::Pn4-60" Content="Notch Filter Adjustment Switch" />
	<Message ID="MMI::DriverParameter::YASKAWA::Pn4-80" Content="Speed Limit during Force ctrl" />
	<Message ID="MMI::DriverParameter::YASKAWA::Pn4-81" Content="Polarity Det. Speed Loop Gain" />
	<Message ID="MMI::DriverParameter::YASKAWA::Pn4-82" Content="Polarity Det. Speed Loop Integral T.C." />
	<Message ID="MMI::DriverParameter::YASKAWA::Pn4-83" Content="Forward Force Limit" />
	<Message ID="MMI::DriverParameter::YASKAWA::Pn4-84" Content="Reverse Force Limit" />
	<Message ID="MMI::DriverParameter::YASKAWA::Pn4-85" Content="Polarity Det. ref. speed" />
	<Message ID="MMI::DriverParameter::YASKAWA::Pn4-86" Content="Polarity Det. ref. Acc/Dec time" />
	<Message ID="MMI::DriverParameter::YASKAWA::Pn4-87" Content="Polarity Det. Constant speed time" />
	<Message ID="MMI::DriverParameter::YASKAWA::Pn4-88" Content="Polarity Det. ref. wating time" />
	<Message ID="MMI::DriverParameter::YASKAWA::Pn4-8E" Content="Polarity Det. Range" />
	<Message ID="MMI::DriverParameter::YASKAWA::Pn4-90" Content="Polarity Det. load level" />
	<Message ID="MMI::DriverParameter::YASKAWA::Pn4-95" Content="Polarity Det. confirmation force ref." />
	<Message ID="MMI::DriverParameter::YASKAWA::Pn4-98" Content="Polarity Det. allowable error range" />
	<Message ID="MMI::DriverParameter::YASKAWA::Pn4-9F" Content="Speed ripple comp. enable speed" />
	<Message ID="MMI::DriverParameter::YASKAWA::Pn5" Content="Sequence" />
	<Message ID="MMI::DriverParameter::YASKAWA::Pn5-01" Content="Zero Clamp Level" />
	<Message ID="MMI::DriverParameter::YASKAWA::Pn5-02" Content="Rotation Detection Level" />
	<Message ID="MMI::DriverParameter::YASKAWA::Pn5-03" Content="Speed Coinc. Signal Output Width" />
	<Message ID="MMI::DriverParameter::YASKAWA::Pn5-06" Content="Brake Ref. Servo OFF Delay Time" />
	<Message ID="MMI::DriverParameter::YASKAWA::Pn5-07" Content="Brake Ref. Output Speed Level" />
	<Message ID="MMI::DriverParameter::YASKAWA::Pn5-08" Content="W.T. for Brake Signal When Motor Running" />
	<Message ID="MMI::DriverParameter::YASKAWA::Pn5-09" Content="Instantaneous Power Cut Hold Time" />
	<Message ID="MMI::DriverParameter::YASKAWA::Pn5-0A" Content="Input Signal Selection 1" />
	<Message ID="MMI::DriverParameter::YASKAWA::Pn5-0B" Content="Input Signal Selection. 2" />
	<Message ID="MMI::DriverParameter::YASKAWA::Pn5-0E" Content="Output Signal Selection 1" />
	<Message ID="MMI::DriverParameter::YASKAWA::Pn5-0F" Content="Output Signal Selection 2" />
	<Message ID="MMI::DriverParameter::YASKAWA::Pn5-10" Content="Output Signal Selection 3" />
	<Message ID="MMI::DriverParameter::YASKAWA::Pn5-11" Content="Input Signal Selection 5" />
	<Message ID="MMI::DriverParameter::YASKAWA::Pn5-12" Content="Output Signal Inverse Setting" />
	<Message ID="MMI::DriverParameter::YASKAWA::Pn5-14" Content="Output Signal Selection 4" />
	<Message ID="MMI::DriverParameter::YASKAWA::Pn5-16" Content="Input Signal Selection7" />
	<Message ID="MMI::DriverParameter::YASKAWA::Pn5-1B" Content="Output Signal Inverse Setting" />
	<Message ID="MMI::DriverParameter::YASKAWA::Pn5-1E" Content="Excessive Pos. Err. Warning Level" />
	<Message ID="MMI::DriverParameter::YASKAWA::Pn5-20" Content="Excessive Pos. Err. Alarm Level" />
	<Message ID="MMI::DriverParameter::YASKAWA::Pn5-22" Content="Positioning Completed Width" />
	<Message ID="MMI::DriverParameter::YASKAWA::Pn5-24" Content="NEAR Signal Width" />
	<Message ID="MMI::DriverParameter::YASKAWA::Pn5-26" Content="Excessive Pos.Err. Alarm level at SVOn" />
	<Message ID="MMI::DriverParameter::YASKAWA::Pn5-28" Content="Excessive Pos.Err. Warning level at SVOn" />
	<Message ID="MMI::DriverParameter::YASKAWA::Pn5-29" Content="Speed Limit Level at SVOn" />
	<Message ID="MMI::DriverParameter::YASKAWA::Pn5-2A" Content="Multiplier per One Fully-closed rotation" />
	<Message ID="MMI::DriverParameter::YASKAWA::Pn5-2B" Content="Overload Warning Value" />
	<Message ID="MMI::DriverParameter::YASKAWA::Pn5-2C" Content="Derating of B.C. at Detecting OL of motor" />
	<Message ID="MMI::DriverParameter::YASKAWA::Pn5-2F" Content="Monitor Display at Power On" />
	<Message ID="MMI::DriverParameter::YASKAWA::Pn5-30" Content="Program JOG Operation Related switch" />
	<Message ID="MMI::DriverParameter::YASKAWA::Pn5-31" Content="Program JOG Movement Distance" />
	<Message ID="MMI::DriverParameter::YASKAWA::Pn5-33" Content="Program JOG Movement Speed" />
	<Message ID="MMI::DriverParameter::YASKAWA::Pn5-34" Content="Program JOG Acc./Dec. Time" />
	<Message ID="MMI::DriverParameter::YASKAWA::Pn5-35" Content="Program JOG Waiting Time" />
	<Message ID="MMI::DriverParameter::YASKAWA::Pn5-36" Content="Num. of Times of Program JOG Movement" />
	<Message ID="MMI::DriverParameter::YASKAWA::Pn5-48" Content="Num. of Times of Program JOG Movement" />
	<Message ID="MMI::DriverParameter::YASKAWA::Pn5-50" Content="Analog Monitor 1 Offset Voltage" />
	<Message ID="MMI::DriverParameter::YASKAWA::Pn5-51" Content="Analog Monitor 2 Offset Voltage" />
	<Message ID="MMI::DriverParameter::YASKAWA::Pn5-52" Content="Analog Monitor Magnification 1" />
	<Message ID="MMI::DriverParameter::YASKAWA::Pn5-53" Content="Analog Monitor Magnification 2" />
	<Message ID="MMI::DriverParameter::YASKAWA::Pn5-5A" Content="Power Consumption monitor unit time" />
	<Message ID="MMI::DriverParameter::YASKAWA::Pn5-60" Content="Remained Vib. Detection Width" />
	<Message ID="MMI::DriverParameter::YASKAWA::Pn5-61" Content="Overshoot Detection Level" />
	<Message ID="MMI::DriverParameter::YASKAWA::Pn5-81" Content="Zero Speed Level" />
	<Message ID="MMI::DriverParameter::YASKAWA::Pn5-82" Content="Speed Coincidence Det. output width" />
	<Message ID="MMI::DriverParameter::YASKAWA::Pn5-83" Content="Brake ref. output speed level" />
	<Message ID="MMI::DriverParameter::YASKAWA::Pn5-84" Content="Speed limit level at SV_On" />
	<Message ID="MMI::DriverParameter::YASKAWA::Pn5-85" Content="Program jogging movement speed" />
	<Message ID="MMI::DriverParameter::YASKAWA::Pn5-86" Content="Motor running cooling ratio" />
	<Message ID="MMI::DriverParameter::YASKAWA::Pn5-87" Content="Polarity Det. exe. sel. for abs. linear enc." />
	<Message ID="MMI::DriverParameter::YASKAWA::Pn6" Content="Regenerative Resistor" />
	<Message ID="MMI::DriverParameter::YASKAWA::Pn6-00" Content="Regenerative Resistor Capacity" />
	<Message ID="MMI::DriverParameter::YASKAWA::Pn6-01" Content="DB allowable energy consump." />
	<Message ID="MMI::DriverParameter::YASKAWA::Pn6-03" Content="Regenerative resitiance" />
	<Message ID="MMI::DriverParameter::YASKAWA::Pn6-04" Content="DB resitiance" />
	<Message ID="MMI::DriverParameter::YASKAWA::Pn8" Content="Mechatrolink" />
	<Message ID="MMI::DriverParameter::YASKAWA::Pn8-00" Content="Communications Control" />
	<Message ID="MMI::DriverParameter::YASKAWA::Pn8-01" Content="Appl. Function Sel. 6" />
	<Message ID="MMI::DriverParameter::YASKAWA::Pn8-03" Content="Origin Range" />
	<Message ID="MMI::DriverParameter::YASKAWA::Pn8-04" Content="Forward software Limit" />
	<Message ID="MMI::DriverParameter::YASKAWA::Pn8-06" Content="Reserve software Limit" />
	<Message ID="MMI::DriverParameter::YASKAWA::Pn8-08" Content="Absolute Encoder Origin Offset" />
	<Message ID="MMI::DriverParameter::YASKAWA::Pn8-0A" Content="1st Linear Acceleration Constant" />
	<Message ID="MMI::DriverParameter::YASKAWA::Pn8-0B" Content="2nd Linear Acceleration Constant" />
	<Message ID="MMI::DriverParameter::YASKAWA::Pn8-0C" Content="Acc. Constant Switching Speed" />
	<Message ID="MMI::DriverParameter::YASKAWA::Pn8-0D" Content="1st Linear Deceleration Constant" />
	<Message ID="MMI::DriverParameter::YASKAWA::Pn8-0E" Content="2nd Linear Deceleration Constant" />
	<Message ID="MMI::DriverParameter::YASKAWA::Pn8-0F" Content="Dec. Constant Switching Speed" />
	<Message ID="MMI::DriverParameter::YASKAWA::Pn8-10" Content="Exponential Function Acc./Dec. Bias" />
	<Message ID="MMI::DriverParameter::YASKAWA::Pn8-11" Content="Exponential Function Acc./Dec. T.C." />
	<Message ID="MMI::DriverParameter::YASKAWA::Pn8-12" Content="Movement Avergae Time" />
	<Message ID="MMI::DriverParameter::YASKAWA::Pn8-14" Content="Final Trav.Dis.for External Positioning" />
	<Message ID="MMI::DriverParameter::YASKAWA::Pn8-16" Content="Homing Mode Setting" />
	<Message ID="MMI::DriverParameter::YASKAWA::Pn8-17" Content="Homing Approach Speed 1" />
	<Message ID="MMI::DriverParameter::YASKAWA::Pn8-18" Content="Homing Approach Speed 2" />
	<Message ID="MMI::DriverParameter::YASKAWA::Pn8-19" Content="Final Travel Distance for Homing" />
	<Message ID="MMI::DriverParameter::YASKAWA::Pn8-1E" Content="Input Signal Monitor Selection" />
	<Message ID="MMI::DriverParameter::YASKAWA::Pn8-1F" Content="Command Data Allocation" />
	<Message ID="MMI::DriverParameter::YASKAWA::Pn8-20" Content="Forward Latching Allowable Area" />
	<Message ID="MMI::DriverParameter::YASKAWA::Pn8-22" Content="Reserve Latching Allowable Area" />
	<Message ID="MMI::DriverParameter::YASKAWA::Pn8-24" Content="Option Monitor 1 Selection" />
	<Message ID="MMI::DriverParameter::YASKAWA::Pn8-25" Content="Option Monitor 2 Selection" />
	<Message ID="MMI::DriverParameter::YASKAWA::Pn8-27" Content="Linear Dec. Constant 1 for Stopping" />
	<Message ID="MMI::DriverParameter::YASKAWA::Pn8-29" Content="SVOFF W.T. (SVOFF at Dec. to Stop)" />
	<Message ID="MMI::DriverParameter::YASKAWA::Pn8-2A" Content="Option Field Allocation 1" />
	<Message ID="MMI::DriverParameter::YASKAWA::Pn8-2B" Content="Option Field Allocation 2" />
	<Message ID="MMI::DriverParameter::YASKAWA::Pn8-2C" Content="Option Field Allocation 3" />
	<Message ID="MMI::DriverParameter::YASKAWA::Pn8-2D" Content="Option Field Allocation 4" />
	<Message ID="MMI::DriverParameter::YASKAWA::Pn8-2E" Content="Option Field Allocation 5" />
	<Message ID="MMI::DriverParameter::YASKAWA::Pn8-33" Content="Motion Setting" />
	<Message ID="MMI::DriverParameter::YASKAWA::Pn8-34" Content="1st Linear Acc. Constant 2" />
	<Message ID="MMI::DriverParameter::YASKAWA::Pn8-36" Content="2nd Linear Acc. Constant 2" />
	<Message ID="MMI::DriverParameter::YASKAWA::Pn8-38" Content="Acc. Constant Sw. Speed 2" />
	<Message ID="MMI::DriverParameter::YASKAWA::Pn8-3A" Content="1st Linear Dec. Constant 2" />
	<Message ID="MMI::DriverParameter::YASKAWA::Pn8-3C" Content="2nd Linear Dec. Constant 2" />
	<Message ID="MMI::DriverParameter::YASKAWA::Pn8-3E" Content="Dec. Constant Switching Speed 2" />
	<Message ID="MMI::DriverParameter::YASKAWA::Pn8-40" Content="Linear Dec. Constant 2 for Stopping" />
	<Message ID="MMI::DriverParameter::YASKAWA::Pn8-42" Content="Second Origin Approach Speed 1" />
	<Message ID="MMI::DriverParameter::YASKAWA::Pn8-44" Content="Second Origin Approach Speed 2" />
	<Message ID="MMI::DriverParameter::YASKAWA::Pn8-50" Content="Latch Sequence Number" />
	<Message ID="MMI::DriverParameter::YASKAWA::Pn8-51" Content="Continuous Latch Count" />
	<Message ID="MMI::DriverParameter::YASKAWA::Pn8-52" Content="Latch Seq. Signal 1 to 4 Setting" />
	<Message ID="MMI::DriverParameter::YASKAWA::Pn8-53" Content="Latch Seq. Signal 5 to 8 Setting" />
	<Message ID="MMI::DriverParameter::YASKAWA::Tunning" Content="" />
	<Message ID="MMI::DriverParameter::YASKAWA::Tunning-Adjustment Mode" Content="Selection the adjustment procedure, like AAT, AAT by reference, Absolute encoder reset." />
	<Message ID="MMI::DriverParameter::YASKAWA::Tunning-Operation" Content="Select the operation, like forward, reward, servo on." />
	<Message ID="MMI::DriverParameter::YASKAWA::Tunning-Safety StopTime" Content="" />
	<Message ID="MMI::DriverParameter::YASKAWA::Tunning-Related_Mode" Content="Mode setting related to advanced tuning, like Inertia estimate." />
	<Message ID="MMI::DriverParameter::YASKAWA::Tunning-Mode" Content="Select the mode for advanced tuning." />
	<Message ID="MMI::DriverParameter::YASKAWA::Tunning-STROKE" Content="Travael distance setting." />
	<Message ID="MMI::DriverParameter::YASKAWA::Tunning-Monitor Sequence" Content="Monitor the operation sequence of advanced auto-tuning, like initial, done, failure." />
	<Message ID="MMI::DriverParameter::YASKAWA::Tunning-Type" Content="Select type accourding to machine element to be driven." />
	<Message ID="MMI::DriverParameter::YASKAWA::Pn0-00-00" Content="Direction Selection" />
	<Message ID="MMI::DriverParameter::YASKAWA::Pn0-00-01" Content="Reserved" />
	<Message ID="MMI::DriverParameter::YASKAWA::Pn0-00-02" Content="Reserved" />
	<Message ID="MMI::DriverParameter::YASKAWA::Pn0-00-03" Content="Rotary/Linear Servomotor Startup Selection When Enc. is not connected." />
	<Message ID="MMI::DriverParameter::YASKAWA::Pn0-01-00" Content="SV_motor power OFF or Alarm Gr.1 Stop Mode" />
	<Message ID="MMI::DriverParameter::YASKAWA::Pn0-01-01" Content="Overtravel Stop Mode" />
	<Message ID="MMI::DriverParameter::YASKAWA::Pn0-01-02" Content="AC/DC Power Input Selection" />
	<Message ID="MMI::DriverParameter::YASKAWA::Pn0-01-03" Content="Reserved" />
	<Message ID="MMI::DriverParameter::YASKAWA::Pn0-02-00" Content="MECHATROLINK Cmd. Pos. and Speed Ctrl Option" />
	<Message ID="MMI::DriverParameter::YASKAWA::Pn0-02-01" Content="Torque Ctrl Option" />
	<Message ID="MMI::DriverParameter::YASKAWA::Pn0-02-02" Content="Absolute Enc. Usage" />
	<Message ID="MMI::DriverParameter::YASKAWA::Pn0-02-03" Content="External Enc. Usage" />
	<Message ID="MMI::DriverParameter::YASKAWA::Pn0-06-00" Content="Analog Monitor 1 Signal Sel." />
	<Message ID="MMI::DriverParameter::YASKAWA::Pn0-06-01" Content="Reserved" />
	<Message ID="MMI::DriverParameter::YASKAWA::Pn0-07-00" Content="Analog Monitor 2 Signal Sel." />
	<Message ID="MMI::DriverParameter::YASKAWA::Pn0-07-01" Content="Reserved" />
	<Message ID="MMI::DriverParameter::YASKAWA::Pn0-08-00" Content="Lowered Battery Vol. Alarm/Warning Sel." />
	<Message ID="MMI::DriverParameter::YASKAWA::Pn0-08-01" Content="Function Sel. for UnderVoltage" />
	<Message ID="MMI::DriverParameter::YASKAWA::Pn0-08-02" Content="Warning Detection Sel." />
	<Message ID="MMI::DriverParameter::YASKAWA::Pn0-08-03" Content="Reserved" />
	<Message ID="MMI::DriverParameter::YASKAWA::Pn0-09-00" Content="Reserved" />
	<Message ID="MMI::DriverParameter::YASKAWA::Pn0-09-01" Content="Current Control Method Sel." />
	<Message ID="MMI::DriverParameter::YASKAWA::Pn0-09-02" Content="Speed Detection Method Sel." />
	<Message ID="MMI::DriverParameter::YASKAWA::Pn0-09-03" Content="Reserved" />
	<Message ID="MMI::DriverParameter::YASKAWA::Pn0-0B-00" Content="Parameter Display Sel." />
	<Message ID="MMI::DriverParameter::YASKAWA::Pn0-0B-01" Content="Alarm Gr.2 Stop Method Sel." />
	<Message ID="MMI::DriverParameter::YASKAWA::Pn0-0B-02" Content="Power Supply Method for 3-phase SV_PACK" />
	<Message ID="MMI::DriverParameter::YASKAWA::Pn0-0B-03" Content="Reserved" />
	<Message ID="MMI::DriverParameter::YASKAWA::Pn0-0A-00" Content="Motor Stopping Method for Group 2 Alm." />
	<Message ID="MMI::DriverParameter::YASKAWA::Pn0-0A-01" Content="Stopping Method for Forced Stops" />
	<Message ID="MMI::DriverParameter::YASKAWA::Pn0-0A-02" Content="Reserved" />
	<Message ID="MMI::DriverParameter::YASKAWA::Pn0-0A-03" Content="Reserved" />
	<Message ID="MMI::DriverParameter::YASKAWA::Pn0-0C-00" Content="Sel. of Test without a Motor" />
	<Message ID="MMI::DriverParameter::YASKAWA::Pn0-0C-01" Content="Enc. Res. for Test without a Motor" />
	<Message ID="MMI::DriverParameter::YASKAWA::Pn0-0C-02" Content="Enc. Type for Test without a Motor" />
	<Message ID="MMI::DriverParameter::YASKAWA::Pn0-0C-03" Content="Reserved" />
	<Message ID="MMI::DriverParameter::YASKAWA::Pn0-0D-00" Content="Reserved" />
	<Message ID="MMI::DriverParameter::YASKAWA::Pn0-0D-01" Content="Reserved" />
	<Message ID="MMI::DriverParameter::YASKAWA::Pn0-0D-02" Content="Reserved" />
	<Message ID="MMI::DriverParameter::YASKAWA::Pn0-0D-03" Content="Overtravel Warning Detection Selection" />
	<Message ID="MMI::DriverParameter::YASKAWA::Pn0-0F-00" Content="Preventative Maintenance Warning Sel." />
	<Message ID="MMI::DriverParameter::YASKAWA::Pn0-0F-01" Content="Reserved" />
	<Message ID="MMI::DriverParameter::YASKAWA::Pn0-0F-02" Content="Reserved" />
	<Message ID="MMI::DriverParameter::YASKAWA::Pn0-0F-03" Content="Reserved" />
	<Message ID="MMI::DriverParameter::YASKAWA::Pn0-80-00" Content="Polarity Sensor Selection" />
	<Message ID="MMI::DriverParameter::YASKAWA::Pn0-80-01" Content="Motor Phase Sequence Selection" />
	<Message ID="MMI::DriverParameter::YASKAWA::Pn0-80-02" Content="Reserved" />
	<Message ID="MMI::DriverParameter::YASKAWA::Pn0-80-03" Content="Cal. Method for Max. speed or encoder output pulses" />
	<Message ID="MMI::DriverParameter::YASKAWA::Pn0-81-00" Content="Phase-C Pulse Output Selection" />
	<Message ID="MMI::DriverParameter::YASKAWA::Pn0-81-01" Content="Reserved" />
	<Message ID="MMI::DriverParameter::YASKAWA::Pn0-81-02" Content="Reserved" />
	<Message ID="MMI::DriverParameter::YASKAWA::Pn0-81-03" Content="Reserved" />
	<Message ID="MMI::DriverParameter::YASKAWA::Pn1-0B-00" Content="Mode Switch Selection" />
	<Message ID="MMI::DriverParameter::YASKAWA::Pn1-0B-01" Content="Speed Loop Ctrl Method" />
	<Message ID="MMI::DriverParameter::YASKAWA::Pn1-0B-02" Content="Reserved" />
	<Message ID="MMI::DriverParameter::YASKAWA::Pn1-39-00" Content="Gain Switching Selection sw." />
	<Message ID="MMI::DriverParameter::YASKAWA::Pn1-39-01" Content="Gain Switching Condition A" />
	<Message ID="MMI::DriverParameter::YASKAWA::Pn1-39-02" Content="Reserved" />
	<Message ID="MMI::DriverParameter::YASKAWA::Pn1-40-00" Content="Model Following Ctrl Sel." />
	<Message ID="MMI::DriverParameter::YASKAWA::Pn1-40-01" Content="Vib. Suppression Selection" />
	<Message ID="MMI::DriverParameter::YASKAWA::Pn1-40-02" Content="Vib. Suppression Adjustment Sel." />
	<Message ID="MMI::DriverParameter::YASKAWA::Pn1-40-03" Content="Sel. of Speed FF(VFF)/Torque FF(TFF)" />
	<Message ID="MMI::DriverParameter::YASKAWA::Pn1-4F-00" Content="Model Following Ctrl Type Sel." />
	<Message ID="MMI::DriverParameter::YASKAWA::Pn1-4F-01" Content="Tuning-less Type Selection" />
	<Message ID="MMI::DriverParameter::YASKAWA::Pn1-4F-02" Content="Reserved" />
	<Message ID="MMI::DriverParameter::YASKAWA::Pn1-60-00" Content="Anti-Resonance Ctrl Sel." />
	<Message ID="MMI::DriverParameter::YASKAWA::Pn1-60-01" Content="Anti-Resonance Ctrl Adj. Sel." />
	<Message ID="MMI::DriverParameter::YASKAWA::Pn1-60-02" Content="Reserved" />
	<Message ID="MMI::DriverParameter::YASKAWA::Pn1-70-00" Content="Tuning-less Function Sel." />
	<Message ID="MMI::DriverParameter::YASKAWA::Pn1-70-01" Content="Ctrl Method during Speed Ctrl" />
	<Message ID="MMI::DriverParameter::YASKAWA::Pn1-70-02" Content="Tuning-less Tuning Level" />
	<Message ID="MMI::DriverParameter::YASKAWA::Pn1-70-03" Content="Tuning-less Load Level" />
	<Message ID="MMI::DriverParameter::YASKAWA::Pn2-07-00" Content="Reserved" />
	<Message ID="MMI::DriverParameter::YASKAWA::Pn2-07-01" Content="/COIN Output Timing" />
	<Message ID="MMI::DriverParameter::YASKAWA::Pn2-2A-00" Content="Reserved" />
	<Message ID="MMI::DriverParameter::YASKAWA::Pn2-2A-01" Content="Spe. Feedback Sel. at Fully-closed Ctrl" />
	<Message ID="MMI::DriverParameter::YASKAWA::Pn2-30-00" Content="Backlash Compensation Direction" />
	<Message ID="MMI::DriverParameter::YASKAWA::Pn2-30-01" Content="Reserved" />
	<Message ID="MMI::DriverParameter::YASKAWA::Pn3-10-00" Content="Vib. Detection Sel." />
	<Message ID="MMI::DriverParameter::YASKAWA::Pn3-10-01" Content="Reserved" />
	<Message ID="MMI::DriverParameter::YASKAWA::Pn4-08-00" Content="1st Step Notch Filter Sel." />
	<Message ID="MMI::DriverParameter::YASKAWA::Pn4-08-01" Content="Speed Limit Selection" />
	<Message ID="MMI::DriverParameter::YASKAWA::Pn4-08-02" Content="2nd Step Notch Filter Sel." />
	<Message ID="MMI::DriverParameter::YASKAWA::Pn4-08-03" Content="Friction Comp. Function Sel." />
	<Message ID="MMI::DriverParameter::YASKAWA::Pn4-16-00" Content="3rd Step Notch Filter Sel." />
	<Message ID="MMI::DriverParameter::YASKAWA::Pn4-16-01" Content="4th Step Notch Filter Sel." />
	<Message ID="MMI::DriverParameter::YASKAWA::Pn4-16-02" Content="5th Step Notch Filter Sel. " />
	<Message ID="MMI::DriverParameter::YASKAWA::Pn4-16-03" Content="Reserved" />
	<Message ID="MMI::DriverParameter::YASKAWA::Pn4-23-00" Content="Speed Ripple Comp. Function Sel." />
	<Message ID="MMI::DriverParameter::YASKAWA::Pn4-23-01" Content="Speed Ripple Comp. info. disag. Warning det. sel." />
	<Message ID="MMI::DriverParameter::YASKAWA::Pn4-23-02" Content="Speed Ripple Comp. Enable condition sel." />
	<Message ID="MMI::DriverParameter::YASKAWA::Pn4-23-03" Content="Reserved" />
	<Message ID="MMI::DriverParameter::YASKAWA::Pn4-60-00" Content="Notch Filter Adj. Sel. 1" />
	<Message ID="MMI::DriverParameter::YASKAWA::Pn4-60-01" Content="Reserved" />
	<Message ID="MMI::DriverParameter::YASKAWA::Pn4-60-02" Content="Notch Filter Adj. Sel. 2" />
	<Message ID="MMI::DriverParameter::YASKAWA::Pn4-60-03" Content="Reserved" />
	<Message ID="MMI::DriverParameter::YASKAWA::Pn5-0A-00" Content="Reserved" />
	<Message ID="MMI::DriverParameter::YASKAWA::Pn5-0A-01" Content="P-OT Signal Mapping" />
	<Message ID="MMI::DriverParameter::YASKAWA::Pn5-0B-00" Content="N-OT Signal Mapping" />
	<Message ID="MMI::DriverParameter::YASKAWA::Pn5-0B-01" Content="Reserved" />
	<Message ID="MMI::DriverParameter::YASKAWA::Pn5-0B-02" Content="/P-CL Signal Mapping" />
	<Message ID="MMI::DriverParameter::YASKAWA::Pn5-0B-03" Content="/N-CL Signal Mapping" />
	<Message ID="MMI::DriverParameter::YASKAWA::Pn5-0E-00" Content="Positioning Compl. Signal Mapping"/>
	<Message ID="MMI::DriverParameter::YASKAWA::Pn5-0E-01" Content="Speed Coin. Det. Signal Mapping" />
	<Message ID="MMI::DriverParameter::YASKAWA::Pn5-0E-02" Content="Servomotor Rot. Det. Signal Mapping" />
	<Message ID="MMI::DriverParameter::YASKAWA::Pn5-0E-03" Content="Servo Ready Signal Mapping" />
	<Message ID="MMI::DriverParameter::YASKAWA::Pn5-0F-00" Content="Torque Limit Det. Signal Mapping" />
	<Message ID="MMI::DriverParameter::YASKAWA::Pn5-0F-01" Content="Speed Limit Det. Signal Mapping" />
	<Message ID="MMI::DriverParameter::YASKAWA::Pn5-0F-02" Content="Brake Signal Mapping" />
	<Message ID="MMI::DriverParameter::YASKAWA::Pn5-0F-03" Content="Warning Signal Mapping" />
	<Message ID="MMI::DriverParameter::YASKAWA::Pn5-10-00" Content="Near Signal Mapping" />
	<Message ID="MMI::DriverParameter::YASKAWA::Pn5-10-01" Content="Reserved" />
	<Message ID="MMI::DriverParameter::YASKAWA::Pn5-11-00" Content="Homing Dec. Switch Signal Mapping" />
	<Message ID="MMI::DriverParameter::YASKAWA::Pn5-11-01" Content="External Latch Signal Mapping" />
	<Message ID="MMI::DriverParameter::YASKAWA::Pn5-11-02" Content="External Latch 2 Signal Mapping" />
	<Message ID="MMI::DriverParameter::YASKAWA::Pn5-11-03" Content="External Latch 3 Signal Mapping" />
	<Message ID="MMI::DriverParameter::YASKAWA::Pn5-12-00" Content="OP Signal Inv. for CN1-1 or -2 Terminal" />
	<Message ID="MMI::DriverParameter::YASKAWA::Pn5-12-01" Content="OP Signal Inv. for CN1-23 or -24 Terminal" />
	<Message ID="MMI::DriverParameter::YASKAWA::Pn5-12-02" Content="Output Signal Inv. for CN1-25 or -26 Terminal" />
	<Message ID="MMI::DriverParameter::YASKAWA::Pn5-12-03" Content="Reserved" />
	<Message ID="MMI::DriverParameter::YASKAWA::Pn5-14-00" Content="Reserved" />
	<Message ID="MMI::DriverParameter::YASKAWA::Pn5-14-01" Content="Reserved" />
	<Message ID="MMI::DriverParameter::YASKAWA::Pn5-14-02" Content="/PM Signal Allocation" />
	<Message ID="MMI::DriverParameter::YASKAWA::Pn5-14-03" Content="Reserved" />
	<Message ID="MMI::DriverParameter::YASKAWA::Pn5-16-00" Content="FSTP Signal Allocation" />
	<Message ID="MMI::DriverParameter::YASKAWA::Pn5-16-01" Content="Reserved" />
	<Message ID="MMI::DriverParameter::YASKAWA::Pn5-16-02" Content="Reserved" />
	<Message ID="MMI::DriverParameter::YASKAWA::Pn5-16-03" Content="Reserved" />
	<Message ID="MMI::DriverParameter::YASKAWA::Pn5-30-00" Content="Program JOG Operation Sw." />
	<Message ID="MMI::DriverParameter::YASKAWA::Pn5-30-01" Content="Reserved" />
	<Message ID="MMI::DriverParameter::YASKAWA::Pn5-87-00" Content="Polarity Det Sel. for Abs. linear enc." />
	<Message ID="MMI::DriverParameter::YASKAWA::Pn5-87-01" Content="Reserved" />
	<Message ID="MMI::DriverParameter::YASKAWA::Pn8-00-00" Content="MECHATROLINK Commu. Check Mask" />
	<Message ID="MMI::DriverParameter::YASKAWA::Pn8-00-01" Content="Warning Check Mask" />
	<Message ID="MMI::DriverParameter::YASKAWA::Pn8-00-02" Content="Reserved" />
	<Message ID="MMI::DriverParameter::YASKAWA::Pn8-01-00" Content="Software Limit Function" />
	<Message ID="MMI::DriverParameter::YASKAWA::Pn8-01-01" Content="Reserved" />
	<Message ID="MMI::DriverParameter::YASKAWA::Pn8-01-02" Content="Software Limit for Ref." />
	<Message ID="MMI::DriverParameter::YASKAWA::Pn8-01-03" Content="Reserved" />
	<Message ID="MMI::DriverParameter::YASKAWA::Pn8-16-00" Content="Homing Direction" />
	<Message ID="MMI::DriverParameter::YASKAWA::Pn8-16-01" Content="Reserved" />
	<Message ID="MMI::DriverParameter::YASKAWA::Pn8-1E-00" Content="IO12 Signal Mapping" />
	<Message ID="MMI::DriverParameter::YASKAWA::Pn8-1E-01" Content="IO13 Signal Mapping" />
	<Message ID="MMI::DriverParameter::YASKAWA::Pn8-1E-02" Content="IO14 Signal Mapping" />
	<Message ID="MMI::DriverParameter::YASKAWA::Pn8-1E-03" Content="IO15 Signal Mapping" />
	<Message ID="MMI::DriverParameter::YASKAWA::Pn8-1F-00" Content="Option Field Allocation" />
	<Message ID="MMI::DriverParameter::YASKAWA::Pn8-1F-01" Content="Pos. Ctrl Cmd TFF/TLIM Function Allo." />
	<Message ID="MMI::DriverParameter::YASKAWA::Pn8-1F-02" Content="Reserved" />
	<Message ID="MMI::DriverParameter::YASKAWA::Pn8-2A-00" Content="" />
	<Message ID="MMI::DriverParameter::YASKAWA::Pn8-2A-01" Content="" />
	<Message ID="MMI::DriverParameter::YASKAWA::Pn8-2A-02" Content="" />
	<Message ID="MMI::DriverParameter::YASKAWA::Pn8-2A-03" Content="" />
	<Message ID="MMI::DriverParameter::YASKAWA::Pn8-2B-00" Content="" />
	<Message ID="MMI::DriverParameter::YASKAWA::Pn8-2B-01" Content="" />
	<Message ID="MMI::DriverParameter::YASKAWA::Pn8-2B-02" Content="" />
	<Message ID="MMI::DriverParameter::YASKAWA::Pn8-2B-03" Content="" />
	<Message ID="MMI::DriverParameter::YASKAWA::Pn8-2C-00" Content="" />
	<Message ID="MMI::DriverParameter::YASKAWA::Pn8-2C-01" Content="" />
	<Message ID="MMI::DriverParameter::YASKAWA::Pn8-2C-02" Content="" />
	<Message ID="MMI::DriverParameter::YASKAWA::Pn8-2C-03" Content="" />
	<Message ID="MMI::DriverParameter::YASKAWA::Pn8-2D-00" Content="" />
	<Message ID="MMI::DriverParameter::YASKAWA::Pn8-2D-01" Content="" />
	<Message ID="MMI::DriverParameter::YASKAWA::Pn8-2D-02" Content="" />
	<Message ID="MMI::DriverParameter::YASKAWA::Pn8-2D-03" Content="" />
	<Message ID="MMI::DriverParameter::YASKAWA::Pn8-2E-00" Content="Reserved" />
	<Message ID="MMI::DriverParameter::YASKAWA::Pn8-2E-01" Content="" />
	<Message ID="MMI::DriverParameter::YASKAWA::Pn8-2E-02" Content="" />
	<Message ID="MMI::DriverParameter::YASKAWA::Pn8-33-00" Content="Linear Acc./Dec. Constant Sel." />
	<Message ID="MMI::DriverParameter::YASKAWA::Pn8-33-01" Content="Reserved" />
	<Message ID="MMI::DriverParameter::YASKAWA::Pn8-52-00" Content="Latch sequence 1 signal sel." />
	<Message ID="MMI::DriverParameter::YASKAWA::Pn8-52-01" Content="Latch sequence 2 signal sel." />
	<Message ID="MMI::DriverParameter::YASKAWA::Pn8-52-02" Content="Latch sequence 3 signal sel." />
	<Message ID="MMI::DriverParameter::YASKAWA::Pn8-52-03" Content="Latch sequence 4 signal sel." />
	<Message ID="MMI::DriverParameter::YASKAWA::Pn8-53-00" Content="Latch sequence 5 signal sel." />
	<Message ID="MMI::DriverParameter::YASKAWA::Pn8-53-01" Content="Latch sequence 6 signal sel." />
	<Message ID="MMI::DriverParameter::YASKAWA::Pn8-53-02" Content="Latch sequence 7 signal sel." />
	<Message ID="MMI::DriverParameter::YASKAWA::Pn8-53-03" Content="Latch sequence 8 signal sel." />
</ResMap>

