<?xml version="1.0" encoding="utf-8" ?>
<ResMap>
	<Message ID="MMI::NoParamGroup" Content="parameter group doesn't exist!" />
	<Message ID="SPLCAParam::1" Content="第一轴起始缓存器" />
	<Message ID="SPLCAParam::2" Content="第二轴起始缓存器" />
	<Message ID="SPLCAParam::3" Content="第三轴起始缓存器" />
	<Message ID="SPLCAParam::4" Content="第四轴起始缓存器" />
	<Message ID="SPLCAParam::5" Content="第五轴起始缓存器" />
	<Message ID="SPLCAParam::6" Content="第六轴起始缓存器" />
	<Message ID="SPLCAParam::7" Content="第七轴起始缓存器" />
	<Message ID="SPLCAParam::8" Content="第八轴起始缓存器" />
	<Message ID="SPLCAParam::9" Content="第九轴起始缓存器" />
	<Message ID="SPLCAParam::10" Content="第十轴起始缓存器" />
	<Message ID="SPLCAParam::11" Content="第十一轴起始缓存器" />
	<Message ID="SPLCAParam::12" Content="第十二轴起始缓存器" />
	<Message ID="SPLCAParam::13" Content="第十三轴起始缓存器" />
	<Message ID="SPLCAParam::14" Content="第十四轴起始缓存器" />
	<Message ID="SPLCAParam::15" Content="第十五轴起始缓存器" />
	<Message ID="SPLCAParam::16" Content="第十六轴起始缓存器" />
	<Message ID="SPLCAParam::21" Content="*第一轴对应的驱动器站号" />
	<Message ID="SPLCAParam::22" Content="*第二轴对应的驱动器站号" />
	<Message ID="SPLCAParam::23" Content="*第三轴对应的驱动器站号" />
	<Message ID="SPLCAParam::24" Content="*第四轴对应的驱动器站号" />
	<Message ID="SPLCAParam::25" Content="*第五轴对应的驱动器站号" />
	<Message ID="SPLCAParam::26" Content="*第六轴对应的驱动器站号" />
	<Message ID="SPLCAParam::27" Content="*第七轴对应的驱动器站号" />
	<Message ID="SPLCAParam::28" Content="*第八轴对应的驱动器站号" />
	<Message ID="SPLCAParam::29" Content="*第九轴对应的驱动器站号" />
	<Message ID="SPLCAParam::30" Content="*第十轴对应的驱动器站号" />
	<Message ID="SPLCAParam::31" Content="*第十一轴对应的驱动器站号" />
	<Message ID="SPLCAParam::32" Content="*第十二轴对应的驱动器站号" />
	<Message ID="SPLCAParam::33" Content="*第十三轴对应的驱动器站号" />
	<Message ID="SPLCAParam::34" Content="*第十四轴对应的驱动器站号" />
	<Message ID="SPLCAParam::35" Content="*第十五轴对应的驱动器站号" />
	<Message ID="SPLCAParam::36" Content="*第十六轴对应的驱动器站号" />
	<Message ID="SPLCAParam::61" Content="*第一轴位置传感器分辨率(pulse/转)" />
	<Message ID="SPLCAParam::62" Content="*第二轴位置传感器分辨率(pulse/转)" />
	<Message ID="SPLCAParam::63" Content="*第三轴位置传感器分辨率(pulse/转)" />
	<Message ID="SPLCAParam::64" Content="*第四轴位置传感器分辨率(pulse/转)" />
	<Message ID="SPLCAParam::65" Content="*第五轴位置传感器分辨率(pulse/转)" />
	<Message ID="SPLCAParam::66" Content="*第六轴位置传感器分辨率(pulse/转)" />
	<Message ID="SPLCAParam::67" Content="*第七轴位置传感器分辨率(pulse/转)" />
	<Message ID="SPLCAParam::68" Content="*第八轴位置传感器分辨率(pulse/转)" />
	<Message ID="SPLCAParam::69" Content="*第九轴位置传感器分辨率(pulse/转)" />
	<Message ID="SPLCAParam::70" Content="*第十轴位置传感器分辨率(pulse/转)" />
	<Message ID="SPLCAParam::71" Content="*第十一轴位置传感器分辨率(pulse/转)" />
	<Message ID="SPLCAParam::72" Content="*第十二轴位置传感器分辨率(pulse/转)" />
	<Message ID="SPLCAParam::73" Content="*第十三轴位置传感器分辨率(pulse/转)" />
	<Message ID="SPLCAParam::74" Content="*第十四轴位置传感器分辨率(pulse/转)" />
	<Message ID="SPLCAParam::75" Content="*第十五轴位置传感器分辨率(pulse/转)" />
	<Message ID="SPLCAParam::76" Content="*第十六轴位置传感器分辨率(pulse/转)" />
	<Message ID="SPLCAParam::121" Content="*第一轴螺杆侧齿数" />
	<Message ID="SPLCAParam::122" Content="*第一轴马达侧齿数" />
	<Message ID="SPLCAParam::123" Content="*第二轴螺杆侧齿数" />
	<Message ID="SPLCAParam::124" Content="*第二轴马达侧齿数" />
	<Message ID="SPLCAParam::125" Content="*第三轴螺杆侧齿数" />
	<Message ID="SPLCAParam::126" Content="*第三轴马达侧齿数" />
	<Message ID="SPLCAParam::127" Content="*第四轴螺杆侧齿数" />
	<Message ID="SPLCAParam::128" Content="*第四轴马达侧齿数" />
	<Message ID="SPLCAParam::129" Content="*第五轴螺杆侧齿数" />
	<Message ID="SPLCAParam::130" Content="*第五轴马达侧齿数" />
	<Message ID="SPLCAParam::131" Content="*第六轴螺杆侧齿数" />
	<Message ID="SPLCAParam::132" Content="*第六轴马达侧齿数" />
	<Message ID="SPLCAParam::133" Content="*第七轴螺杆侧齿数" />
	<Message ID="SPLCAParam::134" Content="*第七轴马达侧齿数" />
	<Message ID="SPLCAParam::135" Content="*第八轴螺杆侧齿数" />
	<Message ID="SPLCAParam::136" Content="*第八轴马达侧齿数" />
	<Message ID="SPLCAParam::137" Content="*第九轴螺杆侧齿数" />
	<Message ID="SPLCAParam::138" Content="*第九轴马达侧齿数" />
	<Message ID="SPLCAParam::139" Content="*第十轴螺杆侧齿数" />
	<Message ID="SPLCAParam::140" Content="*第十轴马达侧齿数" />
	<Message ID="SPLCAParam::141" Content="*第十一轴螺杆侧齿数" />
	<Message ID="SPLCAParam::142" Content="*第十一轴马达侧齿数" />
	<Message ID="SPLCAParam::143" Content="*第十二轴螺杆侧齿数" />
	<Message ID="SPLCAParam::144" Content="*第十二轴马达侧齿数" />
	<Message ID="SPLCAParam::145" Content="*第十三轴螺杆侧齿数" />
	<Message ID="SPLCAParam::146" Content="*第十三轴马达侧齿数" />
	<Message ID="SPLCAParam::147" Content="*第十四轴螺杆侧齿数" />
	<Message ID="SPLCAParam::148" Content="*第十四轴马达侧齿数" />
	<Message ID="SPLCAParam::149" Content="*第十五轴螺杆侧齿数" />
	<Message ID="SPLCAParam::150" Content="*第十五轴马达侧齿数" />
	<Message ID="SPLCAParam::151" Content="*第十六轴螺杆侧齿数" />
	<Message ID="SPLCAParam::152" Content="*第十六轴马达侧齿数" />
	<Message ID="SPLCAParam::161" Content="*第一轴螺杆宽度(PITCH) 单位：um" />
	<Message ID="SPLCAParam::162" Content="*第二轴螺杆宽度(PITCH) 单位：um" />
	<Message ID="SPLCAParam::163" Content="*第三轴螺杆宽度(PITCH) 单位：um" />
	<Message ID="SPLCAParam::164" Content="*第四轴螺杆宽度(PITCH) 单位：um" />
	<Message ID="SPLCAParam::165" Content="*第五轴螺杆宽度(PITCH) 单位：um" />
	<Message ID="SPLCAParam::166" Content="*第六轴螺杆宽度(PITCH) 单位：um" />
	<Message ID="SPLCAParam::167" Content="*第七轴螺杆宽度(PITCH) 单位：um" />
	<Message ID="SPLCAParam::168" Content="*第八轴螺杆宽度(PITCH) 单位：um" />
	<Message ID="SPLCAParam::169" Content="*第九轴螺杆宽度(PITCH) 单位：um" />
	<Message ID="SPLCAParam::170" Content="*第十轴螺杆宽度(PITCH) 单位：um" />
	<Message ID="SPLCAParam::171" Content="*第十一轴螺杆宽度(PITCH) 单位：um" />
	<Message ID="SPLCAParam::172" Content="*第十二轴螺杆宽度(PITCH) 单位：um" />
	<Message ID="SPLCAParam::173" Content="*第十三轴螺杆宽度(PITCH) 单位：um" />
	<Message ID="SPLCAParam::174" Content="*第十四轴螺杆宽度(PITCH) 单位：um" />
	<Message ID="SPLCAParam::175" Content="*第十五轴螺杆宽度(PITCH) 单位：um" />
	<Message ID="SPLCAParam::176" Content="*第十六轴螺杆宽度(PITCH) 单位：um" />
	<Message ID="SPLCAParam::221" Content="第一轴的轴型态(0：线性轴；1：旋转轴)" />
	<Message ID="SPLCAParam::222" Content="第二轴的轴型态(0：线性轴；1：旋转轴)" />
	<Message ID="SPLCAParam::223" Content="第三轴的轴型态(0：线性轴；1：旋转轴)" />
	<Message ID="SPLCAParam::224" Content="第四轴的轴型态(0：线性轴；1：旋转轴)" />
	<Message ID="SPLCAParam::225" Content="第五轴的轴型态(0：线性轴；1：旋转轴)" />
	<Message ID="SPLCAParam::226" Content="第六轴的轴型态(0：线性轴；1：旋转轴)" />
	<Message ID="SPLCAParam::227" Content="第七轴的轴型态(0：线性轴；1：旋转轴)" />
	<Message ID="SPLCAParam::228" Content="第八轴的轴型态(0：线性轴；1：旋转轴)" />
	<Message ID="SPLCAParam::229" Content="第九轴的轴型态(0：线性轴；1：旋转轴)" />
	<Message ID="SPLCAParam::230" Content="第十轴的轴型态(0：线性轴；1：旋转轴)" />
	<Message ID="SPLCAParam::231" Content="第十一轴的轴型态(0：线性轴；1：旋转轴)" />
	<Message ID="SPLCAParam::232" Content="第十二轴的轴型态(0：线性轴；1：旋转轴)" />
	<Message ID="SPLCAParam::233" Content="第十三轴的轴型态(0：线性轴；1：旋转轴)" />
	<Message ID="SPLCAParam::234" Content="第十四轴的轴型态(0：线性轴；1：旋转轴)" />
	<Message ID="SPLCAParam::235" Content="第十五轴的轴型态(0：线性轴；1：旋转轴)" />
	<Message ID="SPLCAParam::236" Content="第十六轴的轴型态(0：线性轴；1：旋转轴)" />
	<Message ID="SPLCAParam::401" Content="第一轴起始bit缓存器" />
	<Message ID="SPLCAParam::402" Content="第二轴起始bit缓存器" />
	<Message ID="SPLCAParam::403" Content="第三轴起始bit缓存器" />
	<Message ID="SPLCAParam::404" Content="第四轴起始bit缓存器" />
	<Message ID="SPLCAParam::405" Content="第五轴起始bit缓存器" />
	<Message ID="SPLCAParam::406" Content="第六轴起始bit缓存器" />
	<Message ID="SPLCAParam::407" Content="第七轴起始bit缓存器" />
	<Message ID="SPLCAParam::408" Content="第八轴起始bit缓存器" />
	<Message ID="SPLCAParam::409" Content="第九轴起始bit缓存器" />
	<Message ID="SPLCAParam::410" Content="第十轴起始bit缓存器" />
	<Message ID="SPLCAParam::411" Content="第十一轴起始bit缓存器" />
	<Message ID="SPLCAParam::412" Content="第十二轴起始bit缓存器" />
	<Message ID="SPLCAParam::413" Content="第十三轴起始bit缓存器" />
	<Message ID="SPLCAParam::414" Content="第十四轴起始bit缓存器" />
	<Message ID="SPLCAParam::415" Content="第十五轴起始bit缓存器" />
	<Message ID="SPLCAParam::416" Content="第十六轴起始bit缓存器" />
	<Message ID="SPLCAParam::461" Content="第一轴移动最高速度(mm/min;mm/min)" />
	<Message ID="SPLCAParam::462" Content="第二轴移动最高速度(mm/min;mm/min)" />
	<Message ID="SPLCAParam::463" Content="第三轴移动最高速度(mm/min;mm/min)" />
	<Message ID="SPLCAParam::464" Content="第四轴移动最高速度(mm/min;mm/min)" />
	<Message ID="SPLCAParam::465" Content="第五轴移动最高速度(mm/min;mm/min)" />
	<Message ID="SPLCAParam::466" Content="第六轴移动最高速度(mm/min;mm/min)" />
	<Message ID="SPLCAParam::467" Content="第七轴移动最高速度(mm/min;mm/min)" />
	<Message ID="SPLCAParam::468" Content="第八轴移动最高速度(mm/min;mm/min)" />
	<Message ID="SPLCAParam::469" Content="第九轴移动最高速度(mm/min;mm/min)" />
	<Message ID="SPLCAParam::470" Content="第十轴移动最高速度(mm/min;mm/min)" />
	<Message ID="SPLCAParam::471" Content="第十一轴移动最高速度(mm/min;mm/min)" />
	<Message ID="SPLCAParam::472" Content="第十二轴移动最高速度(mm/min;mm/min)" />
	<Message ID="SPLCAParam::473" Content="第十三轴移动最高速度(mm/min;mm/min)" />
	<Message ID="SPLCAParam::474" Content="第十四轴移动最高速度(mm/min;mm/min)" />
	<Message ID="SPLCAParam::475" Content="第十五轴移动最高速度(mm/min;mm/min)" />
	<Message ID="SPLCAParam::476" Content="第十六轴移动最高速度(mm/min;mm/min)" />
	<Message ID="SPLCAParam::481" Content="第一轴位置检查窗口(um)" />
	<Message ID="SPLCAParam::482" Content="第二轴位置检查窗口(um)" />
	<Message ID="SPLCAParam::483" Content="第三轴位置检查窗口(um)" />
	<Message ID="SPLCAParam::484" Content="第四轴位置检查窗口(um)" />
	<Message ID="SPLCAParam::485" Content="第五轴位置检查窗口(um)" />
	<Message ID="SPLCAParam::486" Content="第六轴位置检查窗口(um)" />
	<Message ID="SPLCAParam::487" Content="第七轴位置检查窗口(um)" />
	<Message ID="SPLCAParam::488" Content="第八轴位置检查窗口(um)" />
	<Message ID="SPLCAParam::489" Content="第九轴位置检查窗口(um)" />
	<Message ID="SPLCAParam::490" Content="第十轴位置检查窗口(um)" />
	<Message ID="SPLCAParam::491" Content="第十一轴位置检查窗口(um)" />
	<Message ID="SPLCAParam::492" Content="第十二轴位置检查窗口(um)" />
	<Message ID="SPLCAParam::493" Content="第十三轴位置检查窗口(um)" />
	<Message ID="SPLCAParam::494" Content="第十四轴位置检查窗口(um)" />
	<Message ID="SPLCAParam::495" Content="第十五轴位置检查窗口(um)" />
	<Message ID="SPLCAParam::496" Content="第十六轴位置检查窗口(um)" />
	<Message ID="SPLCAParam::821" Content="第一轴第一段寻原点速度(mm/min;mm/min)" />
	<Message ID="SPLCAParam::822" Content="第二轴第一段寻原点速度(mm/min;mm/min)" />
	<Message ID="SPLCAParam::823" Content="第三轴第一段寻原点速度(mm/min;mm/min)" />
	<Message ID="SPLCAParam::824" Content="第四轴第一段寻原点速度(mm/min;mm/min)" />
	<Message ID="SPLCAParam::825" Content="第五轴第一段寻原点速度(mm/min;mm/min)" />
	<Message ID="SPLCAParam::826" Content="第六轴第一段寻原点速度(mm/min;mm/min)" />
	<Message ID="SPLCAParam::827" Content="第七轴第一段寻原点速度(mm/min;mm/min)" />
	<Message ID="SPLCAParam::828" Content="第八轴第一段寻原点速度(mm/min;mm/min)" />
	<Message ID="SPLCAParam::829" Content="第九轴第一段寻原点速度(mm/min;mm/min)" />
	<Message ID="SPLCAParam::830" Content="第十轴第一段寻原点速度(mm/min;mm/min)" />
	<Message ID="SPLCAParam::831" Content="第十一轴第一段寻原点速度(mm/min;mm/min)" />
	<Message ID="SPLCAParam::832" Content="第十二轴第一段寻原点速度(mm/min;mm/min)" />
	<Message ID="SPLCAParam::833" Content="第十三轴第一段寻原点速度(mm/min;mm/min)" />
	<Message ID="SPLCAParam::834" Content="第十四轴第一段寻原点速度(mm/min;mm/min)" />
	<Message ID="SPLCAParam::835" Content="第十五轴第一段寻原点速度(mm/min;mm/min)" />
	<Message ID="SPLCAParam::836" Content="第十六轴第一段寻原点速度(mm/min;mm/min)" />
	<Message ID="SPLCAParam::841" Content="第一轴第二段寻原点速度(mm/min;mm/min)" />
	<Message ID="SPLCAParam::842" Content="第二轴第二段寻原点速度(mm/min;mm/min)" />
	<Message ID="SPLCAParam::843" Content="第三轴第二段寻原点速度(mm/min;mm/min)" />
	<Message ID="SPLCAParam::844" Content="第四轴第二段寻原点速度(mm/min;mm/min)" />
	<Message ID="SPLCAParam::845" Content="第五轴第二段寻原点速度(mm/min;mm/min)" />
	<Message ID="SPLCAParam::846" Content="第六轴第二段寻原点速度(mm/min;mm/min)" />
	<Message ID="SPLCAParam::847" Content="第七轴第二段寻原点速度(mm/min;mm/min)" />
	<Message ID="SPLCAParam::848" Content="第八轴第二段寻原点速度(mm/min;mm/min)" />
	<Message ID="SPLCAParam::849" Content="第九轴第二段寻原点速度(mm/min;mm/min)" />
	<Message ID="SPLCAParam::850" Content="第十轴第二段寻原点速度(mm/min;mm/min)" />
	<Message ID="SPLCAParam::851" Content="第十一轴第二段寻原点速度(mm/min;mm/min)" />
	<Message ID="SPLCAParam::852" Content="第十二轴第二段寻原点速度(mm/min;mm/min)" />
	<Message ID="SPLCAParam::853" Content="第十三轴第二段寻原点速度(mm/min;mm/min)" />
	<Message ID="SPLCAParam::854" Content="第十四轴第二段寻原点速度(mm/min;mm/min)" />
	<Message ID="SPLCAParam::855" Content="第十五轴第二段寻原点速度(mm/min;mm/min)" />
	<Message ID="SPLCAParam::856" Content="第十六轴第二段寻原点速度(mm/min;mm/min)" />
	<Message ID="SPLCAParam::861" Content="第一轴寻原点方向为负方向(0：正方向；1：负方向)" />
	<Message ID="SPLCAParam::862" Content="第二轴寻原点方向为负方向(0：正方向；1：负方向)" />
	<Message ID="SPLCAParam::863" Content="第三轴寻原点方向为负方向(0：正方向；1：负方向)" />
	<Message ID="SPLCAParam::864" Content="第四轴寻原点方向为负方向(0：正方向；1：负方向)" />
	<Message ID="SPLCAParam::865" Content="第五轴寻原点方向为负方向(0：正方向；1：负方向)" />
	<Message ID="SPLCAParam::866" Content="第六轴寻原点方向为负方向(0：正方向；1：负方向)" />
	<Message ID="SPLCAParam::867" Content="第七轴寻原点方向为负方向(0：正方向；1：负方向)" />
	<Message ID="SPLCAParam::868" Content="第八轴寻原点方向为负方向(0：正方向；1：负方向)" />
	<Message ID="SPLCAParam::869" Content="第九轴寻原点方向为负方向(0：正方向；1：负方向)" />
	<Message ID="SPLCAParam::870" Content="第十轴寻原点方向为负方向(0：正方向；1：负方向)" />
	<Message ID="SPLCAParam::871" Content="第十一轴寻原点方向为负方向(0：正方向；1：负方向)" />
	<Message ID="SPLCAParam::872" Content="第十二轴寻原点方向为负方向(0：正方向；1：负方向)" />
	<Message ID="SPLCAParam::873" Content="第十三轴寻原点方向为负方向(0：正方向；1：负方向)" />
	<Message ID="SPLCAParam::874" Content="第十四轴寻原点方向为负方向(0：正方向；1：负方向)" />
	<Message ID="SPLCAParam::875" Content="第十五轴寻原点方向为负方向(0：正方向；1：负方向)" />
	<Message ID="SPLCAParam::876" Content="第十六轴寻原点方向为负方向(0：正方向；1：负方向)" />
	<Message ID="SPLCAParam::881" Content="第一轴寻原点的偏移量(um)" />
	<Message ID="SPLCAParam::882" Content="第二轴寻原点的偏移量(um)" />
	<Message ID="SPLCAParam::883" Content="第三轴寻原点的偏移量(um)" />
	<Message ID="SPLCAParam::884" Content="第四轴寻原点的偏移量(um)" />
	<Message ID="SPLCAParam::885" Content="第五轴寻原点的偏移量(um)" />
	<Message ID="SPLCAParam::886" Content="第六轴寻原点的偏移量(um)" />
	<Message ID="SPLCAParam::887" Content="第七轴寻原点的偏移量(um)" />
	<Message ID="SPLCAParam::888" Content="第八轴寻原点的偏移量(um)" />
	<Message ID="SPLCAParam::889" Content="第九轴寻原点的偏移量(um)" />
	<Message ID="SPLCAParam::890" Content="第十轴寻原点的偏移量(um)" />
	<Message ID="SPLCAParam::891" Content="第十一轴寻原点的偏移量(um)" />
	<Message ID="SPLCAParam::892" Content="第十二轴寻原点的偏移量(um)" />
	<Message ID="SPLCAParam::893" Content="第十三轴寻原点的偏移量(um)" />
	<Message ID="SPLCAParam::894" Content="第十四轴寻原点的偏移量(um)" />
	<Message ID="SPLCAParam::895" Content="第十五轴寻原点的偏移量(um)" />
	<Message ID="SPLCAParam::896" Content="第十六轴寻原点的偏移量(um)" />
	<Message ID="SPLCAParam::961" Content="第一轴寻原点方法(0:DOG)" />
	<Message ID="SPLCAParam::962" Content="第二轴寻原点方法(0:DOG)" />
	<Message ID="SPLCAParam::963" Content="第三轴寻原点方法(0:DOG)" />
	<Message ID="SPLCAParam::964" Content="第四轴寻原点方法(0:DOG)" />
	<Message ID="SPLCAParam::965" Content="第五轴寻原点方法(0:DOG)" />
	<Message ID="SPLCAParam::966" Content="第六轴寻原点方法(0:DOG)" />
	<Message ID="SPLCAParam::967" Content="第七轴寻原点方法(0:DOG)" />
	<Message ID="SPLCAParam::968" Content="第八轴寻原点方法(0:DOG)" />
	<Message ID="SPLCAParam::969" Content="第九轴寻原点方法(0:DOG)" />
	<Message ID="SPLCAParam::970" Content="第十轴寻原点方法(0:DOG)" />
	<Message ID="SPLCAParam::971" Content="第十一轴寻原点方法(0:DOG)" />
	<Message ID="SPLCAParam::972" Content="第十二轴寻原点方法(0:DOG)" />
	<Message ID="SPLCAParam::973" Content="第十三轴寻原点方法(0:DOG)" />
	<Message ID="SPLCAParam::974" Content="第十四轴寻原点方法(0:DOG)" />
	<Message ID="SPLCAParam::975" Content="第十五轴寻原点方法(0:DOG)" />
	<Message ID="SPLCAParam::976" Content="第十六轴寻原点方法(0:DOG)" />
	<Message ID="SPLCAParam::2401" Content="第一轴软件行程正极限(um)" />
	<Message ID="SPLCAParam::2402" Content="第一轴软件行程负极限(um)" />
	<Message ID="SPLCAParam::2403" Content="第二轴软件行程正极限(um)" />
	<Message ID="SPLCAParam::2404" Content="第二轴软件行程负极限(um)" />
	<Message ID="SPLCAParam::2405" Content="第三轴软件行程正极限(um)" />
	<Message ID="SPLCAParam::2406" Content="第三轴软件行程负极限(um)" />
	<Message ID="SPLCAParam::2407" Content="第四轴软件行程正极限(um)" />
	<Message ID="SPLCAParam::2408" Content="第四轴软件行程负极限(um)" />
	<Message ID="SPLCAParam::2409" Content="第五轴软件行程正极限(um)" />
	<Message ID="SPLCAParam::2410" Content="第五轴软件行程负极限(um)" />
	<Message ID="SPLCAParam::2411" Content="第六轴软件行程正极限(um)" />
	<Message ID="SPLCAParam::2412" Content="第六轴软件行程负极限(um)" />
	<Message ID="SPLCAParam::2413" Content="第七轴软件行程正极限(um)" />
	<Message ID="SPLCAParam::2414" Content="第七轴软件行程负极限(um)" />
	<Message ID="SPLCAParam::2415" Content="第八轴软件行程正极限(um)" />
	<Message ID="SPLCAParam::2416" Content="第八轴软件行程负极限(um)" />
	<Message ID="SPLCAParam::2417" Content="第九轴软件行程正极限(um)" />
	<Message ID="SPLCAParam::2418" Content="第九轴软件行程负极限(um)" />
	<Message ID="SPLCAParam::2419" Content="第十轴软件行程正极限(um)" />
	<Message ID="SPLCAParam::2420" Content="第十轴软件行程负极限(um)" />
	<Message ID="SPLCAParam::2421" Content="第十一轴软件行程正极限(um)" />
	<Message ID="SPLCAParam::2422" Content="第十一轴软件行程负极限(um)" />
	<Message ID="SPLCAParam::2423" Content="第十二轴软件行程正极限(um)" />
	<Message ID="SPLCAParam::2424" Content="第十二轴软件行程负极限(um)" />
	<Message ID="SPLCAParam::2425" Content="第十三轴软件行程正极限(um)" />
	<Message ID="SPLCAParam::2426" Content="第十三轴软件行程负极限(um)" />
	<Message ID="SPLCAParam::2427" Content="第十四轴软件行程正极限(um)" />
	<Message ID="SPLCAParam::2428" Content="第十四轴软件行程负极限(um)" />
	<Message ID="SPLCAParam::2429" Content="第十五轴软件行程正极限(um)" />
	<Message ID="SPLCAParam::2430" Content="第十五轴软件行程负极限(um)" />
	<Message ID="SPLCAParam::2431" Content="第十六轴软件行程正极限(um)" />
	<Message ID="SPLCAParam::2432" Content="第十六轴软件行程负极限(um)" />
</ResMap>
