﻿<?xml version="1.0" encoding="UTF-8"?>
<Screen  Type="DotNetExtension">
	<Name>AutoTool</Name>
	<Panel>
		<Name>Pan_BackBone</Name>
		<Top>0</Top>
		<Left>0</Left>
		<Width>590</Width>
		<Height>470</Height>
		<ForeColor>0,0,0</ForeColor>
		<BackColor>0,0,0</BackColor>
	</Panel>
	<!-- Mode and Picture layout -->
	<Label>
		<Caption>STR::MMI::AutoTool::Title</Caption>
		<Name>Lab_AutoTool</Name>
		<Left>15</Left>
		<Top>5</Top>
		<Width>200</Width>
		<Height>30</Height>
		<Alignment>0</Alignment>
		<FontSize>15</FontSize>
		<BorderStyle>0</BorderStyle>
		<ForeColor>0,255,0</ForeColor>
		<BackColor>0,0,0</BackColor> 
    </Label>
    <Label>
        <Caption>STR::MMI::AutoTool::Modehint</Caption>  
        <Name>Lab_Modehint</Name>
        <Left>15</Left>
        <Top>43</Top>
        <Width>100</Width>
        <Height>20</Height>
        <FontSize>14</FontSize>
		<Alignment>0</Alignment>	
		<BorderStyle>0</BorderStyle>
		<ForeColor>0,255,0</ForeColor>
		<BackColor>0,0,0</BackColor>
	</Label>
	<Input>
		<Name>Inp_Mode1</Name>
		<Value>1</Value>
		<Left>95</Left>
		<Top>43</Top>
		<Width>20</Width>
		<Height>20</Height>
		<FontSize>16</FontSize>
		<Alignment>2</Alignment>
		<BorderStyle>1</BorderStyle>
		<InputFormat>Long</InputFormat>
        <InputStorage>L4024</InputStorage>
		<InputRange>1~3</InputRange>
		<FontSize>14</FontSize>
		<ForeColor>255,255,255</ForeColor>
		<BackColor>0,0,0</BackColor>
		<EmptyVal>ignor</EmptyVal>
	</Input>
    <Label>
        <Caption>STR::MMI::AutoTool::Modehint1</Caption>  
        <Name>Lab_Modehint1</Name>
        <Left>15</Left>
        <Top>70</Top>
        <Width>235</Width>
        <Height>20</Height>
        <FontSize>13</FontSize>
		<Alignment>0</Alignment>	
		<BorderStyle>0</BorderStyle>
		<ForeColor>0,255,0</ForeColor>
		<BackColor>0,0,0</BackColor> 
    </Label> 
	<Label>
        <Caption>STR::MMI::AutoTool::Modehint2</Caption>  
        <Name>Lab_Modehint2</Name>
        <Left>15</Left>
        <Top>90</Top>
        <Width>235</Width>
        <Height>20</Height>
        <FontSize>13</FontSize>
		<Alignment>0</Alignment>	
		<BorderStyle>0</BorderStyle>
		<ForeColor>0,255,0</ForeColor>
		<BackColor>0,0,0</BackColor> 
    </Label> 
	<Label>
        <Caption>STR::MMI::AutoTool::Modehint3</Caption>  
        <Name>Lab_Modehint3</Name>
        <Left>15</Left>
        <Top>110</Top>
        <Width>235</Width>
        <Height>20</Height>
        <FontSize>13</FontSize>
		<Alignment>0</Alignment>	
		<BorderStyle>0</BorderStyle>
		<ForeColor>0,255,0</ForeColor>
		<BackColor>0,0,0</BackColor> 
    </Label>
	<Label>
        <Caption>STR::MMI::AutoTool::Modehint4</Caption>  
        <Name>Lab_Modehint4</Name>
        <Left>15</Left>
        <Top>130</Top>
        <Width>235</Width>
        <Height>20</Height>
        <FontSize>13</FontSize>
		<Alignment>0</Alignment>	
		<BorderStyle>0</BorderStyle>
		<ForeColor>0,255,0</ForeColor>
		<BackColor>0,0,0</BackColor> 
		<Visible>False</Visible>
    </Label>
	<Picture>
		<Name>Pic_AutoTool</Name>
		<Left>10</Left>
		<Top>155</Top>
		<Width>240</Width>
		<Height>180</Height>
		<BorderStyle>0</BorderStyle>
		<BorderColor>206,243,148</BorderColor>
		<BackColor>0,0,0</BackColor>
		<Picture>..\Image\ZCoord.bmp</Picture>
	</Picture>
	<Label>
		<Caption>STR::MMI::AutoTool::ZDelta</Caption>
		<Name>Lab_ZDelta</Name>
		<Left>15</Left>
		<Top>330</Top>
		<Width>200</Width>
		<Height>30</Height>
		<Alignment>0</Alignment>
		<FontSize>15</FontSize>
		<BorderStyle>0</BorderStyle>
		<ForeColor>0,255,0</ForeColor>
		<BackColor>0,0,0</BackColor>
	</Label>
	<Picture>
		<Name>Pic_ZDelta</Name>
		<Left>10</Left>
		<Top>355</Top>
		<Width>240</Width>
		<Height>110</Height>
		<BorderStyle>0</BorderStyle>
		<BorderColor>206,243,148</BorderColor>
		<BackColor>0,0,0</BackColor>
		<Picture>..\Image\DeltaZ.bmp</Picture>
	</Picture>
	<!-- Setting part layout -->
    <Label>
		<Caption>STR::MMI::AutoTool::Tool</Caption>
		<Name>Lab_WorkPieceNo</Name>
		<Left>250</Left>
		<Top>10</Top>
		<Width>160</Width>
		<Height>22</Height>
		<Alignment>0</Alignment>
		<FontSize>13</FontSize>
		<BorderStyle>0</BorderStyle>
		<ForeColor>0,255,0</ForeColor>
		<BackColor>0,0,0</BackColor>
	</Label>
	<Input>
		<Name>Inp_ToolNo</Name>
		<Left>430</Left>
		<Top>10</Top>
		<Width>140</Width>
		<Height>22</Height>
		<Alignment>2</Alignment>
		<FontSize>13</FontSize>
		<BorderStyle>0</BorderStyle>
		<ForeColor>255,255,255</ForeColor>
		<BackColor>0,0,0</BackColor>
		<InputFormat>Long</InputFormat>
		<InputStorage>L4017</InputStorage>
		<EmptyVal>ignor</EmptyVal>
	</Input>
	<Label>
		<Caption>STR::MMI::AutoTool::Feedrate</Caption>
		<Name>Lab_Feedrate</Name>
		<Left>250</Left>
		<Top>32</Top>
		<Width>160</Width>
		<Height>22</Height>
		<Alignment>0</Alignment>
		<FontSize>13</FontSize>
		<BorderStyle>0</BorderStyle>
		<ForeColor>0,255,0</ForeColor>
		<BackColor>0,0,0</BackColor>
	</Label>
	<Input>
		<Name>Inp_Feedrate</Name>
		<Left>430</Left>
		<Top>32</Top>
		<Width>140</Width>
		<Height>22</Height>
		<Alignment>2</Alignment>
		<FontSize>13</FontSize>
		<BorderStyle>0</BorderStyle>
		<ForeColor>255,255,255</ForeColor>
		<BackColor>0,0,0</BackColor>
		<InputFormat>Double:3F</InputFormat>
		<InputStorage>L4026</InputStorage>
		<HintLabel>STR::MMI::AutoTool::FeedrateHint</HintLabel>
		<EmptyVal>ignor</EmptyVal>
	</Input>
	<Label>
		<Caption>STR::MMI::AutoTool::UseRef</Caption>
		<Name>Lab_UseRefCoor</Name>
		<Left>250</Left>
		<Top>54</Top>
		<Width>160</Width>
		<Height>22</Height>	
		<Alignment>0</Alignment>
		<FontSize>13</FontSize>
		<BorderStyle>0</BorderStyle>
		<ForeColor>0,255,0</ForeColor>
		<BackColor>0,0,0</BackColor>
	</Label>
	<Input>
		<Name>Inp_UseRefCoor</Name>
		<Left>430</Left>
		<Top>54</Top>
		<Width>140</Width>
		<Height>22</Height>
		<Alignment>2</Alignment>
		<FontSize>13</FontSize>
		<BorderStyle>0</BorderStyle>
		<ForeColor>255,255,255</ForeColor>
		<BackColor>0,0,0</BackColor>
		<InputFormat>Long</InputFormat>
		<InputStorage>L4027</InputStorage>
		<InputRange>0~1</InputRange>
		<HintLabel>STR::MMI::AutoTool::UseRefHint</HintLabel>
		<EmptyVal>ignor</EmptyVal>
	</Input>
	<Label>
		<Caption>STR::MMI::AutoTool::RefX</Caption>
		<Name>Lab_RefX</Name>
		<Left>250</Left>
		<Top>76</Top>
		<Width>160</Width>
		<Height>22</Height>
		<Alignment>0</Alignment>
		<FontSize>13</FontSize>		
		<BorderStyle>0</BorderStyle>
		<ForeColor>0,255,0</ForeColor>
		<BackColor>0,0,0</BackColor>
	</Label>
	<Label>
		<Name>lbl_ReferenceX</Name>
		<Left>430</Left>
		<Top>76</Top>
		<Width>140</Width>
		<Height>22</Height>
		<Alignment>2</Alignment>
		<FontSize>13</FontSize>
		<BorderStyle>0</BorderStyle>
		<ForeColor>255,255,255</ForeColor>
		<BackColor>0,0,0</BackColor>
	</Label>
	<Label>
		<Caption>STR::MMI::AutoTool::RefY</Caption>
		<Name>Lab_RefY</Name>
		<Left>250</Left>
		<Top>98</Top>
		<Width>160</Width>
		<Height>22</Height>
		<Alignment>0</Alignment>
		<FontSize>13</FontSize>	
		<BorderStyle>0</BorderStyle>
		<ForeColor>0,255,0</ForeColor>
		<BackColor>0,0,0</BackColor>
	</Label>
	<Label>
		<Name>lbl_ReferenceY</Name>
		<Left>430</Left>
		<Top>98</Top>
		<Width>140</Width>
		<Height>22</Height>
		<Alignment>2</Alignment>
		<FontSize>13</FontSize>
		<BorderStyle>0</BorderStyle>
		<ForeColor>255,255,255</ForeColor>
		<BackColor>0,0,0</BackColor>
	</Label>
	<Label>
		<Caption>STR::MMI::AutoTool::RefZ</Caption>
		<Name>Lab_RefZ</Name>
		<Left>250</Left>
		<Top>120</Top>
		<Width>160</Width>
		<Height>22</Height>
		<Alignment>0</Alignment>
		<FontSize>13</FontSize>	
		<BorderStyle>0</BorderStyle>
		<ForeColor>0,255,0</ForeColor>
		<BackColor>0,0,0</BackColor>
	</Label>
	<Input>
		<Name>Inp_RefZ</Name>
		<Left>430</Left>
		<Top>120</Top>
		<Width>140</Width>
		<Height>22</Height>
		<Alignment>2</Alignment>
		<FontSize>13</FontSize>
		<BorderStyle>0</BorderStyle>
		<ForeColor>255,255,255</ForeColor>
		<BackColor>0,0,0</BackColor>
		<InputFormat>Long:L</InputFormat>
		<InputStorage>L4028</InputStorage>
		<HintLabel>STR::MMI::AutoTool::ZStartHint</HintLabel>
		<EmptyVal>ignor</EmptyVal>
	</Input>
	<Label>
		<Caption>STR::MMI::AutoTool::ZMIN</Caption>
		<Name>Lab_MinZCoord</Name>
		<Left>250</Left>
		<Top>142</Top>
		<Width>160</Width>
		<Height>22</Height>
		<Alignment>0</Alignment>
		<FontSize>13</FontSize>	
		<BorderStyle>0</BorderStyle>
		<ForeColor>0,255,0</ForeColor>
		<BackColor>0,0,0</BackColor>
	</Label>
	<Input>
		<Name>Inp_MinZCoord</Name>
		<Left>430</Left>
		<Top>142</Top>
		<Width>140</Width>
		<Height>22</Height>
		<Alignment>2</Alignment>
		<FontSize>13</FontSize>		
		<BorderStyle>0</BorderStyle>
		<ForeColor>255,255,255</ForeColor>
		<BackColor>0,0,0</BackColor>
		<InputFormat>Long:L</InputFormat>
		<InputStorage>L4029</InputStorage>
		<HintLabel>STR::MMI::AutoTool::ZMINHint</HintLabel>
		<EmptyVal>ignor</EmptyVal>
	</Input>
	<Label>
		<Caption>STR::MMI::AutoTool::SafeZ</Caption>
		<Name>Lab_SafeZCoord</Name>
		<Left>250</Left>
		<Top>164</Top>
		<Width>160</Width>
		<Height>22</Height>
		<Alignment>0</Alignment>
		<FontSize>13</FontSize>	
		<BorderStyle>0</BorderStyle>
		<ForeColor>0,255,0</ForeColor>
		<BackColor>0,0,0</BackColor>
	</Label>
	<Input>
		<Name>Inp_SafeZCoord</Name>
		<Left>430</Left>
		<Top>164</Top>
		<Width>140</Width>
		<Height>22</Height>
		<Alignment>2</Alignment>
		<FontSize>13</FontSize>		
		<BorderStyle>0</BorderStyle>
		<ForeColor>255,255,255</ForeColor>
		<BackColor>0,0,0</BackColor>
		<InputFormat>Long:L</InputFormat>
		<InputStorage>L4015</InputStorage>
		<HintLabel>STR::MMI::AutoTool::SafeZHint</HintLabel>
		<EmptyVal>ignor</EmptyVal>
	</Input>
	<Label>
		<Caption>STR::MMI::AutoTool::GaugeZCoord</Caption>
		<Name>Lab_GaugeZCoord</Name>
		<Left>250</Left>
		<Top>186</Top>
		<Width>160</Width>
		<Height>22</Height>
		<Alignment>0</Alignment>
		<FontSize>13</FontSize>	
		<BorderStyle>0</BorderStyle>
		<ForeColor>0,255,0</ForeColor>
		<BackColor>0,0,0</BackColor>
	</Label>
	<Display>
		<Name>lbl_GaugeZCoord</Name>
		<Left>430</Left>
		<Top>186</Top>
		<Width>140</Width>
		<Height>22</Height>
		<Alignment>2</Alignment>
		<FontSize>13</FontSize>
		<BorderStyle>0</BorderStyle>
		<ForeColor>255,255,255</ForeColor>
		<BackColor>0,0,0</BackColor>
		<DisplayFormat>Long:L</DisplayFormat>
		<DisplaySource>L4039</DisplaySource>
	</Display>
	<Label>
		<Caption>STR::MMI::AutoTool::STEP</Caption>
		<Name>Lab_ZCoordStep</Name>
		<Left>250</Left>
		<Top>210</Top>
		<Width>320</Width>
		<Height>130</Height>
		<Alignment>0</Alignment>
		<FontSize>13</FontSize>	
		<BorderStyle>0</BorderStyle>
		<ForeColor>0,255,0</ForeColor>
		<BackColor>0,0,0</BackColor>
	</Label>
	<Label>
		<Caption>STR::MMI::AutoTool::WorkPieceNo2</Caption>
		<Name>Lab_WorkPieceNo2</Name>
		<Left>250</Left>
		<Top>340</Top>
		<Width>110</Width>
		<Height>25</Height>
		<Alignment>0</Alignment>
		<FontSize>13</FontSize>
		<BorderStyle>0</BorderStyle>
		<ForeColor>0,255,0</ForeColor>
		<BackColor>0,0,0</BackColor>
	</Label>
	<Label>
		<Caption></Caption>
		<Name>Lab_WorkPieceG</Name>
		<Left>360</Left>
		<Top>340</Top>
		<Width>70</Width>
		<Height>25</Height>
		<Alignment>0</Alignment>
		<FontSize>13</FontSize>
		<BorderStyle>0</BorderStyle>
		<ForeColor>0,255,255</ForeColor>
		<BackColor>0,0,0</BackColor>
	</Label>
	<Input>
		<Name>Inp_WorkPieceNo2</Name>
		<Left>430</Left>
		<Top>340</Top>
		<Width>140</Width>
		<Height>25</Height>
		<Alignment>2</Alignment>
		<FontSize>13</FontSize>
		<BorderStyle>0</BorderStyle>
		<ForeColor>255,255,255</ForeColor>
		<BackColor>0,0,0</BackColor>
		<InputFormat>Long</InputFormat>
		<InputStorage>L4016</InputStorage>
		<InputRange>1~100</InputRange>
		<HintLabel>STR::MMI::AutoTool::WorkPieceHintNo2</HintLabel>
		<EmptyVal>ignor</EmptyVal>
	</Input>
	<Label>
		<Caption>STR::MMI::ZDelta::STEP1</Caption>
		<Name>Lab_ZDeltaStep</Name>
		<Left>250</Left>
		<Top>370</Top>
		<Width>280</Width>
		<Height>20</Height>
		<Alignment>0</Alignment>
		<FontSize>13</FontSize>
		<BorderStyle>0</BorderStyle>
		<ForeColor>0,255,0</ForeColor>
		<BackColor>0,0,0</BackColor>
	</Label>
	<Label>
		<Caption>STR::MMI::ZDelta::STEP2</Caption>
		<Name>Lab_ZDeltaStep1</Name>
		<Left>250</Left>
		<Top>390</Top>
		<Width>280</Width>
		<Height>20</Height>
		<Alignment>0</Alignment>
		<FontSize>13</FontSize>
		<BorderStyle>0</BorderStyle>
		<ForeColor>0,255,0</ForeColor>
		<BackColor>0,0,0</BackColor>
	</Label>
	<Label>
		<Caption>STR::MMI::ZDelta::STEP3</Caption>
		<Name>Lab_ZDeltaStep2</Name>
		<Left>250</Left>
		<Top>410</Top>
		<Width>280</Width>
		<Height>20</Height>
		<Alignment>0</Alignment>
		<FontSize>13</FontSize>
		<BorderStyle>0</BorderStyle>
		<ForeColor>0,255,0</ForeColor>
		<BackColor>0,0,0</BackColor>
	</Label>
	<Label>
		<Caption>STR::MMI::AutoTool::AirBlowOn</Caption>
		<Name>Lab_AirBlowOn</Name>
		<Left>250</Left>
		<Top>435</Top>
		<Width>180</Width>
		<Height>25</Height>
		<Alignment>0</Alignment>
		<FontSize>13</FontSize>
		<BorderStyle>0</BorderStyle>
		<ForeColor>0,255,0</ForeColor>
		<BackColor>0,0,0</BackColor>
	</Label>
	<Input>
		<Name>Inp_AirBlowOn</Name>
		<Left>430</Left>
		<Top>435</Top>
		<Width>35</Width>
		<Height>25</Height>
		<Alignment>2</Alignment>
		<FontSize>13</FontSize>
		<BorderStyle>0</BorderStyle>
		<ForeColor>255,255,255</ForeColor>
		<BackColor>0,0,0</BackColor>
		<InputFormat>Long</InputFormat>
		<InputStorage>L4018</InputStorage>
		<HintLabel>STR::MMI::AutoTool::AirBlowOnHint</HintLabel>
		<EmptyVal>ignor</EmptyVal>
	</Input>
	<Label>
		<Caption>STR::MMI::AutoTool::AirBlowOff</Caption>
		<Name>Lab_AirBlowOff</Name>
		<Left>470</Left>
		<Top>435</Top>
		<Width>70</Width>
		<Height>25</Height>
		<Alignment>0</Alignment>
		<FontSize>13</FontSize>
		<BorderStyle>0</BorderStyle>
		<ForeColor>0,255,0</ForeColor>
		<BackColor>0,0,0</BackColor>
	</Label>
	<Input>
		<Name>Inp_AirBlowOff</Name>
		<Left>530</Left>
		<Top>435</Top>
		<Width>35</Width>
		<Height>25</Height>
		<Alignment>2</Alignment>
		<FontSize>13</FontSize>
		<BorderStyle>0</BorderStyle>
		<ForeColor>255,255,255</ForeColor>
		<BackColor>0,0,0</BackColor>
		<InputFormat>Long</InputFormat>
		<InputStorage>L4019</InputStorage>
		<HintLabel>STR::MMI::AutoTool::AirBlowOffHint</HintLabel>
		<EmptyVal>ignor</EmptyVal>
	</Input>
	<Panel>
		<Left>592</Left>
		<Top>0</Top>
		<Width>208</Width>
		<Height>470</Height>
		<BorderStyle>0</BorderStyle>
		<ForeColor>0,0,0</ForeColor>
		<BackColor>0,0,0</BackColor>
	</Panel>
	<!-- machine coordinate layout -->
	<CoordBox>
		<Name>Coord_Machine</Name>
		<Left>609</Left>
		<Top>5</Top>
		<Width>170</Width>
		<Height>145</Height>
		<Alignment>0</Alignment>
		<BorderStyle>0</BorderStyle>
		<FontSize>14</FontSize>
		<BorderColor>128,128,128</BorderColor>
		<BackColor>0,0,0</BackColor>
		<ForeColor>0,255,0</ForeColor>
		<Title>1</Title>
		<PageSize>6</PageSize>
		<CoordType>0</CoordType>
		<LForeColor>0,255,0</LForeColor>
		<LBackColor>0,0,0</LBackColor>
		<LFontSize>14</LFontSize>
		<LBorderStyle>0</LBorderStyle>
		<VForeColor>255,255,255</VForeColor>
		<VBackColor>0,0,0</VBackColor>
		<VFontSize>14</VFontSize>
		<VBorderStyle>0</VBorderStyle>
		<AxisNotHomeColor>255,255,255</AxisNotHomeColor>
		<AxisSelectedColor>255,255,255</AxisSelectedColor>
	</CoordBox>
	<!-- Relative coordinate layout -->
	<CoordBox>
		<Name>Coord_Relative</Name>
		<Left>609</Left>
		<Top>160</Top>
		<Width>170</Width>
		<Height>145</Height>
		<Alignment>0</Alignment>
		<BorderStyle>0</BorderStyle>
		<FontSize>14</FontSize>
		<BorderColor>128,128,128</BorderColor>
		<BackColor>0,0,0</BackColor>
		<ForeColor>0,255,0</ForeColor>
		<Title>1</Title>
		<PageSize>6</PageSize>
		<CoordType>1</CoordType>
		<LForeColor>0,255,0</LForeColor>
		<LBackColor>0,0,0</LBackColor>
		<LFontSize>14</LFontSize>
		<LBorderStyle>0</LBorderStyle>
		<VForeColor>255,255,255</VForeColor>
		<VBackColor>0,0,0</VBackColor>
		<VFontSize>14</VFontSize>
		<VBorderStyle>0</VBorderStyle>
		<AxisNotHomeColor>255,255,255</AxisNotHomeColor>
		<AxisSelectedColor>255,255,255</AxisSelectedColor>
	</CoordBox>
	<!-- Aux coordinate layout -->
	<Label>
		<Caption>STR::MMI::AuxCoord::Title</Caption>
		<Name>Lab_AuxTitle</Name>
		<Left>609</Left>
		<Top>315</Top>
		<Width>170</Width>
		<Height>25</Height>
		<Alignment>0</Alignment>
		<BorderStyle>0</BorderStyle>
		<FontSize>14</FontSize>
		<BorderColor>128,128,128</BorderColor>
		<BackColor>0,0,0</BackColor>
		<ForeColor>0,255,0</ForeColor>
		<BackColor>0,0,0</BackColor>
	</Label>
	<Label>
		<Caption>X</Caption>
		<Name>Lab_Rest0</Name>
		<Left>609</Left>
		<Top>355</Top>
		<Width>40</Width>
		<Height>25</Height>
		<Alignment>0</Alignment>
		<BorderStyle>0</BorderStyle>
		<FontSize>14</FontSize>
		<BorderColor>128,128,128</BorderColor>
		<BackColor>0,0,0</BackColor>
		<ForeColor>0,255,0</ForeColor>
		<BackColor>0,0,0</BackColor>
	</Label>
	<Display>
		<Name>Dis_Aux0</Name>
		<Left>644</Left>
		<Top>355</Top>
		<Width>135</Width>
		<Height>25</Height>
		<Alignment>1</Alignment>
		<FontSize>14</FontSize>
		<BorderStyle>0</BorderStyle>
		<BorderColor>128,128,128</BorderColor>
		<BackColor>0,0,0</BackColor>
		<ForeColor>255,255,255</ForeColor>
		<DisplayFormat>Long:TL</DisplayFormat>
		<DisplaySource>R1026</DisplaySource>
	</Display>
	<Label>
		<Caption>Y</Caption>
		<Name>Lab_Rest1</Name>
		<Left>609</Left>
		<Top>380</Top>
		<Width>40</Width>
		<Height>25</Height>
		<Alignment>0</Alignment>
		<BorderStyle>0</BorderStyle>
		<FontSize>14</FontSize>
		<BorderColor>128,128,128</BorderColor>
		<BackColor>0,0,0</BackColor>
		<ForeColor>0,255,0</ForeColor>
		<BackColor>0,0,0</BackColor>
	</Label>
	<Display>
		<Name>Dis_Aux1</Name>
		<Left>644</Left>
		<Top>380</Top>
		<Width>135</Width>
		<Height>25</Height>
		<Alignment>1</Alignment>
		<FontSize>14</FontSize>
		<BorderStyle>0</BorderStyle>
		<BorderColor>128,128,128</BorderColor>
		<BackColor>0,0,0</BackColor>
		<ForeColor>255,255,255</ForeColor>
		<DisplayFormat>Long:TL</DisplayFormat>
		<DisplaySource>R1029</DisplaySource>
	</Display>
	<Label>
		<Caption>Z</Caption>
		<Name>Lab_Rest2</Name>
		<Left>609</Left>
		<Top>405</Top>
		<Width>40</Width>
		<Height>25</Height>
		<Alignment>0</Alignment>
		<BorderStyle>0</BorderStyle>
		<FontSize>14</FontSize>
		<BorderColor>128,128,128</BorderColor>
		<BackColor>0,0,0</BackColor>
		<ForeColor>0,255,0</ForeColor>
		<BackColor>0,0,0</BackColor>
	</Label>
	<Display>
		<Name>Dis_Aux2</Name>
		<Left>644</Left>
		<Top>405</Top>
		<Width>135</Width>
		<Height>25</Height>
		<Alignment>1</Alignment>
		<FontSize>14</FontSize>
		<BorderStyle>0</BorderStyle>
		<BorderColor>128,128,128</BorderColor>
		<BackColor>0,0,0</BackColor>
		<ForeColor>255,255,255</ForeColor>
		<DisplayFormat>Long:TL</DisplayFormat>
		<DisplaySource>R1032</DisplaySource>
	</Display>
</Screen>