﻿<?xml version="1.0" encoding="UTF-8"?>
<!--Created by 'eHMI'version2.2.5-->
<ResMap>
  <Message ID="Browser::MonitorSTDData::Caption::Lab_HSHHPTitle::HSHHPTitle" Content="加工条件选择" />
  <Message ID="Browser::MonitorSTDData::Caption::Lab_ParamNo::HSHHPNo0" Content="预设参数" />
  <Message ID="Browser::MonitorSTDData::Caption::Lab_ParamNo::HSHHPNo1" Content="第一組参数" />
  <Message ID="Browser::MonitorSTDData::Caption::Lab_ParamNo::HSHHPNo2" Content="第二組参数" />
  <Message ID="Browser::MonitorSTDData::Caption::Lab_ParamNo::HSHHPNo3" Content="第三組参数" />
  <Message ID="Browser::MonitorSTDData::Caption::Lab_ParamNo::HSHHPNo4" Content="第四組参数" />
  <Message ID="Browser::MonitorSTDData::Caption::Lab_ParamNo::HSHHPNo5" Content="第五組参数" />
  <Message ID="Browser::MonitorSTDData::Caption::Lab_StatusTitle::RunStatus" Content="加工状态" />
  <Message ID="Browser::MonitorSTDData::Caption::Lab_WorkTime::RunTime" Content="加工时间" />
  <Message ID="Browser::MonitorSTDData::Caption::Lab_WorkHour::Hour" Content="时" />
  <Message ID="Browser::MonitorSTDData::Caption::Lab_WorkMin::Min" Content="分" />
  <Message ID="Browser::MonitorSTDData::Caption::Lab_WorkSec::Sec" Content="秒" />
  <Message ID="Browser::MonitorSTDData::Caption::Lab_AcumPartCount::TotalAcumPartCount" Content="总工件数" />
  <Message ID="Browser::MonitorSTDData::Caption::Lab_AcumPartCount::AcumPartCount" Content="工件数" />
  <Message ID="Browser::MonitorSTDData::Caption::Lab_G00Override::G00_Override" Content="G00 倍率" />
  <Message ID="Browser::MonitorSTDData::Caption::Lab_G01Override::G01_Override" Content="G01 倍率" />
  <Message ID="Browser::MonitorSTDData::Caption::Lab_Feedrate::FeedRate" Content="进给速率" />
  <Message ID="Browser::MonitorSTDData::Caption::Lab_SpindleOverride::Spd_Override" Content="主轴倍率" />
  <Message ID="Browser::MonitorSTDData::Caption::Lab_SpindleTitle::SpindleRate" Content="主轴转速" />
  <Message ID="Browser::MonitorSTDData::Caption::Lab_LoadingRate::LoadingRate" Content="负载率" />
  <Message ID="Browser::MonitorSTDData::Caption::Lab_StartNo::StartBlockNo" Content="起始单节" />
  <Message ID="Browser::MonitorSTDData::Caption::Lab_HSHHPTitle::HSHHPTitle" Content="加工条件选择" />
  <Message ID="Browser::MonitorSTDData::Caption::Lab_ParamNo::HSHHPNo0" Content="预设参数" />
</ResMap>