﻿<?xml version="1.0" encoding="utf-8" ?>
<ResMap>
	<!-- ==========================Main Fenu========================== -->
	<Message ID="Fenu::Main::MenuMachine" Content="机台设定" />
	<Message ID="Fenu::Main::MenuProgram" Content="程序编辑" />
	<Message ID="Fenu::Main::MenuCustom" Content="客制功能键" />
	<Message ID="Fenu::Main::MenuRun" Content="执行加工" />
	<Message ID="Fenu::Main::MenuAlarm" Content="警报显示" />
	<Message ID="Fenu::Main::MenuParameter" Content="参数设定" />
	<Message ID="Fenu::Main::MenuDiagnostic" Content="诊断功能" />
	<Message ID="Fenu::Main::About" Content="系统信息" />
	<Message ID="Fenu::Main::End" Content="结束" />
	<Message ID="Fenu::About::OK" Content="确定" />
	<Message ID="Fenu::About::NormalAxisInfo" Content="轴向信息" />
	<Message ID="Fenu::About::SpindleInfo" Content="主轴信息" />

	<!-- ==========================Main Next Fenu========================== -->
	<Message ID="Fenu::MainNext::CycleStart" Content="激活" />
	<Message ID="Fenu::MainNext::Reset" Content="重置" />

	<!-- ==========================Machine Fenu========================== -->
	<Message ID="Fenu::Machine::CoordinateSwitch" Content="坐标切换" />
	<Message ID="Fenu::Machine::HalfCoordiante" Content="1/2坐标" />
	<Message ID="Fenu::Machine::ClearCoordinate" Content="清除坐标" />
	<Message ID="Fenu::Machine::ClearAllCoordinate" Content="相对坐标全部清除" />
	<Message ID="Fenu::Machine::SetWorkPieceCord" Content="设定工件 坐标系统" />
	<Message ID="Fenu::Machine::LatchMachCord" Content="机械坐标 自动设定" />
	<Message ID="Fenu::Machine::LatchRelCord" Content="相对坐标 自动设定" />
	<Message ID="Fenu::Machine::LatchAuxCord" Content="辅助点坐标 自动设定" />
	<Message ID="Fenu::Machine::AutoTool" Content="自动对刀" />
	<Message ID="Fenu::Machine::AutoCenter" Content="分中功能" />
	<Message ID="Fenu::Machine::NextWorkPiecePage" Content="下一页坐标轴设定" />
	<Message ID="Fenu::Machine::MachCoordTeach" Content="机械坐标 教导输入" />
	<Message ID="Fenu::Machine::CoordIncInput" Content="工件坐标 增量输入" />

	<Message ID="Fenu::ManualCenterPx1" Content="PX1设定" />
	<Message ID="Fenu::ManualCenterPx2" Content="PX2设定" />
	<Message ID="Fenu::ManualCenterPy1" Content="PY1设定" />
	<Message ID="Fenu::ManualCenterPy2" Content="PY2设定" />
	<Message ID="Fenu::AutoCenterStart" Content="自动分中 启动" />
	<Message ID="Fenu::AutoCenterReset" Content="自动分中 中断" />
	<Message ID="Fenu::ZSafeHeightTeach" Content="Z轴高度 教导" />

	<Message ID="Fenu::3PtsCenterP1" Content="P1设定" />
	<Message ID="Fenu::3PtsCenterP2" Content="P2设定" />
	<Message ID="Fenu::3PtsCenterP3" Content="P3设定" />
	<Message ID="Fenu::3PtsCenterResult" Content="计算中心坐标" />

	<Message ID="Fenu::AutoTool::Start" Content="自动对刀 启动" />
	<Message ID="Fenu::AutoTool::Reset" Content="自动对刀 中断" />
	<Message ID="Fenu::AutoTool::ZDeltaSet" Content="Z轴落差 设定" />
	<Message ID="Fenu::AutoTool::GaugeZTeach" content="对刀器 座标教导" />
	<Message ID="Fenu::AutoTool::XYRefTeach" Content="XY坐标 教导" />
	<Message ID="Fenu::AutoTool::ZMachTeach" Content="Z轴坐标 教导" />

	<Message ID="Fenu::Machine::SetFeatureCoord" Content="斜平面坐标教导" />
	<Message ID="Fenu::MenuFeatureCoord::SetupCoord" Content="G54坐标 教导输入" />
	<Message ID="Fenu::MenuFeatureCoord::CompleteSetup" Content="教导完成" />

	<!-- ==========================Program Fenu========================== -->
	<Message ID="Fenu::Program::InsertCycle" Content="插入循环" />
	<Message ID="Fenu::Program::DeleteLine" Content="删除行" />
	<Message ID="Fenu::Program::EditCycle" Content="编辑循环" />
	<Message ID="Fenu::Program::MenuEdit" Content="文件编辑 子功能" />
	<Message ID="Fenu::Program::MenuSimulation" Content="图形仿真" />
	<Message ID="Fenu::Program::MenuTeach" Content="教导" />
	<Message ID="Fenu::Program::ProgramFileMang" Content="文件管理" />
	<Message ID="Fenu::ProgramFileMandNext::ShowMacroFileManager" Content="Macro管理" />
	<Message ID="Fenu::Program::Cycle" Content="图形辅助输入" />

	<!-- ==========================Teach Fenu========================== -->
	<Message ID="Fenu::Teach::Rapid" Content="快速定位教导" />
	<Message ID="Fenu::Teach::LineCut" Content="直线切削教导" />
	<Message ID="Fenu::Teach::ArcCut" Content="圆弧切削教导" />
	<Message ID="Fenu::Teach::ArcCancel" Content="圆弧中间点取消" />
	<Message ID="Fenu::Teach::Radius" Content="圆弧半径教导" />
	<Message ID="Fenu::Teach::DeleteLine" Content="删除行" />
	<Message ID="Fenu::Teach::CoordSwitch" Content="下一页坐标轴" />
	<Message ID="Fenu::Teach::Point" Content="点坐标教导" />

	<!-- ==========================Cycle Ok Cancel Fenu========================== -->
	<Message ID="Fenu::CycleOKCancel::OK" Content="确定" />
	<Message ID="Fenu::CycleOKCancel::Cancel" Content="取消" />

	<!-- ==========================Program Edit Fenu========================== -->
	<Message ID="Fenu::ProgramEdit::MenuFind" Content="搜寻" />
	<Message ID="Fenu::ProgramEdit::MenuReplace" Content="取代" />
	<Message ID="Fenu::ProgramEdit::GotoLine" Content="行数搜寻" />
	<Message ID="Fenu::ProgramEdit::CopyLine" Content="拷贝行" />
	<Message ID="Fenu::ProgramEdit::InsertLine" Content="插入行" />
	<Message ID="Fenu::ProgramEdit::BlockMenu" Content="区块拷贝" />
	<Message ID="Fenu::ProgramEdit::CopyPasteMenu" Content="复制/贴上" />

	<Message ID="Fenu::BlockEdit::BlockStart" Content="开始行" />
	<Message ID="Fenu::BlockEdit::BlockEnd" Content="结束行" />
	<Message ID="Fenu::BlockEdit::BlockCut" Content="区块剪下" />
	<Message ID="Fenu::BlockEdit::BlockCopy" Content="区块复制" />
	<Message ID="Fenu::BlockEdit::BlockPaste" Content="区块贴上" />

	<!-- ==========================Program CopyPaste Fenu===================== -->
	<Message ID="Fenu::CopyPasteEdit::Cut" Content="剪下" />
	<Message ID="Fenu::CopyPasteEdit::Copy" Content="复制" />
	<Message ID="Fenu::CopyPasteEdit::Paste" Content="贴上" />
	<Message ID="Fenu::CopyPasteEdit::Undo" Content="复原" />
	<Message ID="Fenu::CopyPasteEdit::SelAll" Content="全选" />

	<!-- ==========================Program Find Fenu========================== -->
	<Message ID="Fenu::ProgramFind::FindNext" Content="搜寻下一个" />
	<Message ID="Fenu::ProgramFind::CancelFind" Content="取消" />

	<!-- ==========================Program Replace Fenu========================== -->
	<Message ID="Fenu::ProgramReplace::FindNext" Content="搜寻下一个" />
	<Message ID="Fenu::ProgramReplace::Replace" Content="取代" />
	<Message ID="Fenu::ProgramReplace::SkipReplace" Content="忽略" />
	<Message ID="Fenu::ProgramReplace::CancelReplace" Content="取消" />
	<Message ID="Fenu::ProgramReplace::ReplaceAll" Content="全部取代" />

	<!-- ==========================Program Simulation Fenu========================== -->
	<Message ID="Fenu::ProgramSimulation::Step" Content="步进" />
	<Message ID="Fenu::ProgramSimulation::Continue" Content="连续" />
	<Message ID="Fenu::ProgramSimulation::Zoom" Content="放大缩小" />
	<Message ID="Fenu::ProgramSimulation::Reset" Content="回复" />
	<Message ID="Fenu::ProgramSimulation::Abort" Content="取消" />
	<Message ID="Fenu::ProgramSimulation::SimuSetting" Content="仿真参数 设定" />

	<!-- ==========================Program Simulation Setting Fenu========================== -->
	<Message ID="Fenu::ProgramSimulationSetting::OK" Content="确定" />
	<Message ID="Fenu::ProgramSimulationSetting::Cancel" Content="取消" />

	<!-- ==========================Program file manager Fenu========================== -->
	<Message ID="Fenu::ProgramFileManager::NewFile" Content="开启新文件" />
	<Message ID="Fenu::ProgramFileManager::CopyFile" Content="拷贝文件" />
	<Message ID="Fenu::ProgramFileManager::DelFile" Content="删除文件" />
	<Message ID="Fenu::ProgramFileManager::Import" Content="文件 输入" />
	<Message ID="Fenu::ProgramFileManager::Outport" Content="文件 输出" />
	<Message ID="Fenu::ProgramFileManager::NetImport" Content="网络 输入" />
	<Message ID="Fenu::ProgramFileManager::NetExport" Content="网络 输出" />
	<Message ID="Fenu::ProgramFileManager::Rs232In" Content="RS232 输入" />
	<Message ID="Fenu::ProgramFileManager::Rs232Out" Content="RS232 输出" />
	<Message ID="Fenu::ProgramFileManager::OpenFile" Content="载入程式编辑" />
	<Message ID="Fenu::ProgramFileManager::ToMainProgAndRun" Content="载入执行加工" />

	<!-- ==========================FileImportExport========================== -->
	<Message ID="Fenu::FileMgr::Copy" Content="拷贝" />
	<Message ID="Fenu::FileMgr::Select" Content="选择" />
	<Message ID="Fenu::FileMgr::SelectAll" Content="选择所有" />
	<Message ID="Fenu::FileMgr::CancelSelect" Content="取消选择" />
	<Message ID="Fenu::FileMgr::DeviceChange" Content="更改磁碟机" />
	<Message ID="Fenu::FileMgr::Exit" Content="离开" />
	<Message ID="Fenu::FileImportExport::switchFocus" Content="切换焦点至输入/输出" />

	<!-- ==========================File Delete Fenu========================== -->
	<Message ID="Fenu::FileDel::Select" Content="选择" />
	<Message ID="Fenu::FileDel::SelectAll" Content="选择所有" />
	<Message ID="Fenu::FileDel::CancelSelect" Content="取消选择" />
	<Message ID="Fenu::FileDel::DelFile" Content="删除档案" />
	<Message ID="Fenu::FileDel::DelAll" Content="删除全部档案" />

	<!-- ==========================Rnu Fenu========================== -->
	<Message ID="Fenu::Run::SelectMainProg" Content="选择加工 文件" />
	<Message ID="Fenu::Run::SwitchCoordinate" Content="坐标切换" />
	<Message ID="Fenu::Run::MDI" Content="MDI 输入" />
	<Message ID="Fenu::Run::ParameterSet" Content="加工参数 设定" />
	<Message ID="Fenu::Run::MenuToolSet" Content="刀具设定" />
	<Message ID="Fenu::Run::MenuGraphAdjust" Content="图形调整" />
	<Message ID="Fenu::Run::WorkRecord" Content="加工纪录 表单" />

	<Message ID="Fenu::WorkRecord::SaveWorkRecord" Content="储存加工 纪录表单" />
	<Message ID="Fenu::WorkRecord::ClearWorkRecord" Content="清除加工 记录窗体" />
	<Message ID="Fenu::Run::MPGShift::StartMPGShift" Content="手轮偏置 功能启动" />
	<Message ID="Fenu::Run::MPGShift::CloseMPGShift" Content="手轮偏置 功能取消" />

	<Message ID="Fenu::MenuToolSet::ID1" Content="刀具管理" />

	<!-- ==========================Run MDI Fenu========================== -->
	<Message ID="Fenu::MDI::Ok" Content="确定" />
	<Message ID="Fenu::MDI::Clear" Content="清除MDI" />

	<!-- ==========================Run Para Set Fenu========================== -->
	<Message ID="Fenu::MenuRunParaSet::ClearCycleTime" Content="清除累计 加工时间" />
	<Message ID="Fenu::MenuRunParaSet::GCode Display Switch" Content="G码 显示切换" />
	<Message ID="Fenu::MenuRunParaSet::SetDeltaAngle" Content="同期角度教导" />

	<!-- ==========================Menu Tool Set Fenu========================== -->
	<Message ID="Fenu::ToolSet::ClearXRelPos" Content="清除X轴 相对坐标" />
	<Message ID="Fenu::ToolSet::SetToolWear" Content="磨耗设定" />
	<Message ID="Fenu::ToolSet::ClearYRelPos" Content="清除Y轴 相对坐标" />
	<Message ID="Fenu::ToolSet::SetToolLength" Content="刀长设定" />
	<Message ID="Fenu::ToolSet::ClearZRelPos" Content="清除Z轴 相对坐标" />
	<Message ID="Fenu::ToolSet::SetToolNose" Content="刀尖设定" />
	<Message ID="Fenu::ToolSet::ToolNo" Content="刀号资料" />
	<Message ID="Fenu::ToolSet::SetToolAngle" Content="斜刀轴角度" />
	<Message ID="Fenu::ToolSet::SetWorkShift" Content="工件座标偏移设定" />
	<Message ID="Fenu::ToolSet::SetToolMachCoord" Content="机械坐标输入" />
	<Message ID="Fenu::ToolSet::SetToolRelCoord" Content="相对坐标输入" />

	<!-- ==========================Alarm Fenu========================== -->
	<Message ID="Fenu::Alarm::PendingAlarm" Content="现在警报" />
	<Message ID="Fenu::Alarm::HistoryAlarm" Content="历史警报" />
	<Message ID="Fenu::Alarm::SaveAlarm" Content="储存警报" />

	<!-- ==========================Parameter Fenu========================== -->
	<Message ID="Fenu::Parameter::ShowEndUser" Content="使用者参数" />
	<Message ID="Fenu::Parameter::ShowService" Content="应用参数" />
	<Message ID="Fenu::Parameter::ShowMaker" Content="机构参数" />
	<Message ID="Fenu::Parameter::ShowErrorCompensation" Content="机构补偿 参数" />
	<Message ID="Fenu::Parameter::ShowElectronic" Content="电控参数" />
	<Message ID="Fenu::Parameter::GotoParameter" Content="跳至参数 号码" />
	<Message ID="Fenu::Parameter::SystemSet" Content="系统设定" />
	<Message ID="Fenu::Parameter::FiveAxis" Content="五轴参数" />
	<Message ID="Fenu::Parameter::TouchAdjust" Content="触控屏幕 校正程序" />
	<Message ID="Fenu::Parameter::SetUseTime" Content="系统使用 期限设定" />
	<Message ID="Fenu::Parameter::UseTimeInput" Content="确定" />
	<Message ID="Fenu::Parameter::NetworkSet" Content="网络设定" />
	<Message ID="Fenu::Parameter::NetworkInputOK" Content="确定" />
	<Message ID="Fenu::Parameter::NetworkInputCancel" Content="取消" />
	<Message ID="Fenu::Parameter::LoadHSHP" Content="高速高精 参数设置" />
	<Message ID="Fenu::Parameter::QuickHSHP" Content="快速参数  设定" />
	<Message ID="Fenu::Parameter::PrecisionHSHP" Content="多组参数  设定" />
	<Message ID="Fenu::Parameter::ResetToDefault" Content="恢复默认值" />
	<Message ID="Fenu::Parameter::ConnSetting" Content="后台连线设定" />
	<Message ID="Fenu::Parameter::KernelSerSet" Content="核心伺服器设定" />

	<Message ID="Fenu::Parameter::ShowPitchTable" Content="补偿表资料" />
	<Message ID="Fenu::Parameter::ShowPitchTable::GoToHome" Content="跳至原点" />
	<Message ID="Fenu::Parameter::ShowPitchTable::Prev10Point" Content="前10点" />
	<Message ID="Fenu::Parameter::ShowPitchTable::Next10Point" Content="后10点" />
	<Message ID="Fenu::Parameter::ShowPitchTable::LoadFile" Content="补偿表载入" />

	<Message ID="Fenu::Parameter::ShowPitchTable::LoadFileOK" Content="确定" />
	<Message ID="Fenu::Parameter::ShowPitchTable::LoadFileCancle" Content="取消" />
	<Message ID="Fenu::Parameter::ShowPLCRBit" Content="PLC参数位元指定" />

	<Message ID="Fenu::Parameter::SerialTunning" Content="串列参数" />
	<Message ID="Fenu::Parameter::AdjustTuningApplication" Content="调适功能" />

	<Message ID="Fenu::Parameter::SetMMIConfig" Content="设定人机参数" />
	<Message ID="Fenu::SetMMIConfig::Modify" Content="修改设定" />
	<Message ID="Fenu::SetMMIConfig::SetDefault" Content="单项回复预设" />
	<Message ID="Fenu::SetMMIConfig::SetDefaultAll" Content="全项回复预设" />

	<Message ID="Fenu::Parameter::ParamAxis1" Content="第一轴群参数" />
	<Message ID="Fenu::Parameter::ParamAxis2" Content="第二轴群参数" />
	<Message ID="Fenu::Parameter::ParamAxis3" Content="第三轴群参数" />
	<Message ID="Fenu::Parameter::ParamAxis4" Content="第四轴群参数" />

	<!-- ==========================Diagnostic Fenu========================== -->
	<Message ID="Fenu::Diagnostic::MenuPLC" Content="PLC 状态" />
	<Message ID="Fenu::Diagnostic::DisplaySysData" Content="系统资料" />
	<Message ID="Fenu::Diagnostic::DisplayComVar" Content="共享变量 状态" />
	<Message ID="Fenu::Diagnostic::DisplayCoordVar" Content="程序变量 状态" />
	<Message ID="Fenu::Diagnostic::AdjustApplication" Content="主轴应用调适" />
	<Message ID="Fenu::Diagnostic::DoViewSystemInfo" Content="系统信息" />
	<Message ID="Fenu::Diagnostic::SysAdmin" Content="系统管理" />

	<Message ID="Fenu::Diagnostic::SysDataGoTo" Content="系统资料 跳至号码" />
	<Message ID="Fenu::Diagnostic::ComVarGoTo" Content="共享变量 跳至号码" />
	<Message ID="Fenu::Diagnostic::CoordVarGoTo" Content="程序变量 跳至号码" />
	<Message ID="Fenu::Diagnostic::PLCRegGoTo" Content="Register 跳至号码" />

	<!-- ==========================Diagnostic PLC Fenu========================== -->
	<Message ID="Fenu::DiagnosticPLC::PLC.I.Bit" Content="PLC I Bit" />
	<Message ID="Fenu::DiagnosticPLC::PLC.O.Bit" Content="PLC O Bit" />
	<Message ID="Fenu::DiagnosticPLC::PLC.C.Bit" Content="PLC C Bit" />
	<Message ID="Fenu::DiagnosticPLC::PLC.S.Bit" Content="PLC S Bit" />
	<Message ID="Fenu::DiagnosticPLC::PLC.A.Bit" Content="PLC A Bit" />
	<Message ID="Fenu::DiagnosticPLC::PLC.Reg" Content="PLC 寄存器" />
	<Message ID="Fenu::DiagnosticPLC::PLC.Timer" Content="PLC 定时器" />
	<Message ID="Fenu::DiagnosticPLC::PLC.Counter" Content="PLC 计数器" />
	<Message ID="Fenu::DiagnosticPLC::PLC.Ladder" Content="梯形图" />
	<Message ID="Fenu::DiagnosticLadder::LadderFind" Content="搜寻" />
	<Message ID="Fenu::DiagnosticLadder::LadderFindNext" Content="下一笔" />
	<Message ID="Fenu::DiagnosticLadder::LadderFindPrev" Content="上一笔" />

	<!-- ==========================Diagnostic SysAdmin Fenu========================== -->
	<Message ID="Fenu::DiagnosticSysAdmin::InstallSoftware" Content="软件安装" />
	<Message ID="Fenu::DiagnosticSysAdmin::InstallImage" Content="映像档安装" />
	<Message ID="Fenu::DiagnosticSysAdmin::BackSys" Content="系统备份" />
	<Message ID="Fenu::DiagnosticSysAdmin::InstallLocal" Content="本地语言 安装" />
	<Message ID="Fenu::DiagnosticSysAdmin::BackupLocal" Content="目前语言 备份" />
	<Message ID="Fenu::DiagnosticSysAdmin::RestoreSys" Content="系统资料还原" />
	<Message ID="Fenu::DiagnosticSysAdmin::SysImportExport" Content="系统资料汇入汇出" />

	<Message ID="Fenu::FenuInstall::Next" Content="下一步" />
	<Message ID="Fenu::FenuInstall::Cancel" Content="取消" />

	<Message ID="Fenu::Network::NetworkFunction" Content="网络功能" />
	<Message ID="Fenu::Network::RemoteConnect" Content="远程诊断 联机" />
	<Message ID="Fenu::Network::RemoteDisconnect" Content="远程诊断 断线" />

	<Message ID="Fenu::SystemInfo::SetOption" Content="功能选项 设定" />
	<Message ID="Fenu::SystemInfo::DisplayLogData" Content="操作纪录" />
	<Message ID="Fenu::SystemInfo::ExportLogData" Content="导出操作纪录" />
	<Message ID="Fenu::SystemInfo::FindOPLogDateTime" Content="搜寻日期时间" />
	<Message ID="Fenu::SystemInfo::FindOPLogAlarm" Content="搜寻警报" />
	<Message ID="Fenu::SystemInfo::FindOPLogIBit" Content="搜寻I-Bit" />	
	<Message ID="Fenu::SystemInfo::SetSerial" Content="控制器 序号设定" />
	<Message ID="Fenu::SystemInfo::SetRestore" Content="控制器 设定还原" />
	<Message ID="Fenu::SystemInfo::FindNext" Content="后一笔" />
	<Message ID="Fenu::SystemInfo::FindPrev" Content="前一笔" />	

	<Message ID="Fenu::SelectItem::OK" Content="确定" />
	<Message ID="Fenu::SelectItem::Cancel" Content="取消" />
	<Message ID="Fenu::SelectItem::ChangeItem" Content="移动选项" />
	<Message ID="Fenu::SelectItem::Enter" Content="选择" />
	<Message ID="Fenu::SelectItem::BackupItem" Content="备份项" />
	<Message ID="Fenu::SelectItem::InstallItem" Content="安装项" />

	<Message ID="Fenu::Select:Next" Content="下一步" />
	<Message ID="Fenu::Select:Advance" Content="进阶功能" />
	<Message ID="Fenu::SysFile:SysFileManager" Content="系统资料管理" />
	<Message ID="Fenu::SysFile:MacroManager" Content="Macro管理" />
	<Message ID="Fenu::SysFile:OCResManager" Content="客制人机管理" />

	<Message ID="Fenu::SysFile:Import" Content="汇入" />
	<Message ID="Fenu::SysFile:Export" Content="汇出" />
	
	<!-- ==========================Adjust application Menu========================== -->
	<Message ID="Fenu::AdjustApp::AccDeceleration" Content="加减速调适" />
	<Message ID="Fenu::AdjustApp::Positioning" Content="定位调适" />
	<Message ID="Fenu::AdjustApp::Tapping" Content="攻牙调适" />
	<Message ID="Fenu::AdjustApp::BallBar" Content="循圆调适" />
	<Message ID="Fenu::AdjustApp::GenCode" Content="程序生成" />
	<Message ID="Fenu::AdjustApp::ProgStart" Content="开始执行" />
	<Message ID="Fenu::AdjustApp::ProgStop" Content="中断执行" />
	<Message ID="Fenu::AdjustApp::SetSpindlePosition" Content="主轴角度设定" />
	<Message ID="Fenu::AdjustApp::BallbarZoomIn" Content="分辨率放大" />
	<Message ID="Fenu::AdjustApp::BallbarZoomOut" Content="分辨率缩小" />

	<!-- ==========================Driver Tuning Menu========================== -->
	<Message ID="Fenu::DriverTuning::Gerneral" Content="通用选单" />
	<Message ID="Fenu::DriverTuning::Quick" Content="快速选单" />
	<Message ID="Fenu::DriverTuning::GoDELTATuning" Content="台达A2驱动器设定" />

	<Message ID="Fenu::DriverTuning::SaveParameter" Content="储存" />
	<Message ID="Fenu::DriverTuning::LoadParameter" Content="载入" />
	<Message ID="Fenu::DriverTuning2a::Save2Controller" Content="储存至控制器" />
	<Message ID="Fenu::DriverTuning2a::Save2Driver" Content="储存至驱动器" />

	<Message ID="Fenu::DriverTuning2b::LoadController" Content="从控制器加载" />
	<Message ID="Fenu::DriverTuning2b::LoadDriver" Content="从驱动器加载" />
	<Message ID="Fenu::DriverTuning2b::LoadInital" Content="载入初始值" />

	<!-- ================================Driver Tuning================================-->
	<Message ID="Fenu::TuningList::UploadPrm" Content="参数上传" />
	<Message ID="Fenu::TuningMain::TuningAxis1" Content="X轴 参数设定" />
	<Message ID="Fenu::TuningMain::TuningAxis2" Content="Y轴 参数设定" />
	<Message ID="Fenu::TuningMain::TuningAxis3" Content="Z轴 参数设定" />
	<Message ID="Fenu::TuningMenu::LimitRegistration" Content="马达正反运转极限定位" />
	<Message ID="Fenu::TuningMenu::IEstimation" Content="自动惯量估测" />
	<Message ID="Fenu::TuningMenu::TuningPrms" Content="自动增益调整" />
	<Message ID="Fenu::TuningMenu::DrvPrmList" Content="驱动器参数浏览设定" />
	<Message ID="Fenu::TuningMenu::TuningFinish" Content="完成调机试加工" />
	<Message ID="Fenu::TuningJOGLimit::FRegistration" Content="马达正向运转极限定位" />
	<Message ID="Fenu::TuningJOGLimit::BRegistration" Content="马达反向运转极限定位" />
	<Message ID="Fenu::TuningEstimation::StartEstimate" Content="开始估测" />
	<Message ID="Fenu::TuningPrms::CalGain" Content="自动计算增益" />
	<Message ID="Fenu::TuningPrms::StartTuning" Content="开始调机" />

	<!-- ================================Double Screen================================-->
	<Message ID="Fenu::MultiProgram::InsertCycle" Content="插入循环" />
	<Message ID="Fenu::MultiProgram::Delete Line" Content="删除行" />
	<Message ID="Fenu::MultiProgram::Edit Cycle" Content="编辑循环" />
	<Message ID="Fenu::MultiProgram::Select Program" Content="程式选择" />
	<Message ID="Fenu::MultiProgram::MultiScreen" Content="切换成全萤幕" />
	<Message ID="Fenu::MultiProgram::FullScreen" Content="切换成半萤幕" />
	<Message ID="Fenu::MultiProgramNext::MenuEdit" Content="档案编辑子功能" />
	<Message ID="Fenu::MultiProgramNext::MenuSimulation" Content="图形仿真" />
	<Message ID="Fenu::MultiProgramNext::ProgramFileMang" Content="文件管理" />
	<Message ID="Fenu::MultiProgramNext::" Content="" />
	<Message ID="Fenu::CycleInputOk2::InputOk" Content="确定" />	

	<!-- ================================Remote Server================================-->
	<Message ID="Fenu::ConnSet::TestConn" Content="测试IP连线" />
	<Message ID="Fenu::ConnSet::NetConn" Content="IP连线" />
	<Message ID="Fenu::ConnSet::LocalKernel" Content="本地核心" />
	<Message ID="Fenu::ConnSet::DockConnect" Content="对接连线" />
	<Message ID="Fenu::ConnSet::KeepConnect" Content="继续自动连线" />
	<Message ID="Fenu::ConnSet::AutoConnect" Content="自动连线" />
	<Message ID="Fenu::ConnSet::Cancel" Content="取消" />

	<!-- ================================Kernel Server================================-->
	<Message ID="Fenu::KernelServSet::StartServ" Content="启动伺服器" />
	<Message ID="Fenu::KernelServSet::OK" Content="确认" />
	<Message ID="Fenu::KernelServSet::Cancel" Content="取消" />
	<Message ID="Fenu::KernelServSet::DipoleLog" Content="Dipole Log" />

	<!-- ================================Serial Tunning================================-->
	<Message ID="Fenu::SerialTunning::SwitchYASKAWA" Content="安川Σ5
	常用/所有" />
	<Message ID="Fenu::SerialTunning::SwitchYASKAWA_Sigma7S" Content="安川Σ7S
	常用/所有" />
	<Message ID="Fenu::SerialTunning::SwitchSYNTEC" Content="新代
	常用/所有" />
	<Message ID="Fenu::SerialTunning::BackupTunningParam" Content="备份参数" />
	<Message ID="Fenu::SerialTunning::RestoreTunningParam" Content="回复参数" />
	<Message ID="Fenu::SerialTunning::DefaultParam" Content="参数初始化" />
	<Message ID="Fenu::SerialTunning::AutoTuning" Content="自动调机" />
	<Message ID="Fenu::SerialTunning::AbsoluteHomeSet" Content="绝对式原点设定" />
	<Message ID="Fenu::SerialTunning::HomeSet" Content="设定机械原点" />

	<!-- ================================Auto Tunning================================-->
	<Message ID="Fenu::ST_AutoTuning::Next" Content="下一步" />
	<Message ID="Fenu::ST_AutoTuning::Last" Content="上一步" />
	<Message ID="Fenu::ST_AutoTuning::SetLimit1" Content="设定第一极限" />
	<Message ID="Fenu::ST_AutoTuning::SetLimit2" Content="设定第二极限" />
	<Message ID="Fenu::ST_AutoTuning::Stop" Content="停止调机" />
	<Message ID="Fenu::ST_AutoTuning::Again" Content="再次调机" />
	<Message ID="Fenu::ST_AutoTuning::SelectAxis" Content="调整其他轴向" />
	<Message ID="Fenu::ST_AutoTuning::Cancel" Content="结束" />
	<Message ID="Fenu::ST_AutoTuning::AdvancedMode" Content="进阶调机" />
	<Message ID="Fenu::ST_AutoTuning::ServoOn" Content="主轴启动" />
	<Message ID="Fenu::ST_AutoTuning::ServoOff" Content="主轴关闭" />
	<Message ID="Fenu::ST_AutoTuning::StartMotor" Content="主軸轉動" />
	<Message ID="Fenu::ST_AutoTuning::StopMotor" Content="主轴停转" />
	<Message ID="Fenu::ST_AutoTuning::CalGain" Content="增益计算" />

	<!-- ================================Serial Default Param================================-->
	<Message ID="Fenu::ST_DefaultParam::StartInit" Content="开始初始化" />
	<Message ID="Fenu::ST_DefaultParam::Select" Content="选择" />

	<!-- ================================Update Boot Picture================================-->
	<Message ID="Fenu::UpdateBootPic::SelectBootPicture" Content="开机图档更新" />
	<Message ID="Fenu::UpdateBootPic::CancelUpdate" Content="取消更新" />

	<!-- ==========================LogInOut Fenu========================== -->
	<Message ID="Fenu::LogInOut::LogIn" Content="使用者登入" />
	<Message ID="Fenu::LogInOut::LogOut" Content="使用者退出" />
	<Message ID="Fenu::LogInOut::ForgetPassword" Content="忘记密码" />

	<!-- ==========================AuthorityManager Fenu========================== -->
	<Message ID="Fenu::Maintain::AuthorityManager" Content="权限管理" />
	<Message ID="Fenu::Maintain::ResetPassword" Content="重置密码" />
	<Message ID="Fenu::AuthorityManager::ViewEndUserRights" Content="检视终端客户最大权限" />
	<Message ID="Fenu::AuthorityManager::ChangePassword" Content="变更密码" />
	<Message ID="Fenu::AuthorityManager::EditEndUserRights" Content="设定终端客户最大权限" />
	<Message ID="Fenu::AuthorityManager::EditMultiUserRights" Content="设定其他使用者权限" />
	<Message ID="Fenu::AuthorityManager::EditDefaultRights" Content="设定未登入权限" />
	<Message ID="Fenu::MultiUserRights::Add" Content="新增" />
	<Message ID="Fenu::MultiUserRights::Copy" Content="复制" />
	<Message ID="Fenu::MultiUserRights::Find" Content="搜寻" />
	<Message ID="Fenu::MultiUserRights::Edit" Content="编辑" />
	<Message ID="Fenu::MultiUserRights::Delete" Content="删除" />
	<Message ID="Fenu::SetValue::Close" Content="关闭" />
	<Message ID="Fenu::SetValue::Open" Content="开启" />
	<Message ID="Fenu::SetValue::DisplayOnly" Content="仅显示" />
	
	<!-- ==========================Serial PLC Axis========================== -->
	<Message ID="Fenu::SerialPLCAxis::Parameter" Content="串列PLC轴参数" />
	<Message ID="Fenu::SerialPLCAxis::Monitor" Content="串列PLC轴诊断" />
</ResMap>
