﻿<?xml version="1.0" encoding="UTF-8"?>
<!--Created by 'eHMI'version2.0.0-->
<!--BROWSER SIZE|H:470|W:800-->
<Screen>
  <Name>G24</Name>
  <Picture>
    <Left>-4</Left>
    <Top>-4</Top>
    <Width>736</Width>
    <Height>384</Height>
    <Name>Picture2</Name>
    <FontSize>9</FontSize>
    <Alignment>5</Alignment>
    <BorderStyle>0</BorderStyle>
    <Visible>True</Visible>
    <Depth>18</Depth>
    <BorderColor>0,0,0</BorderColor>
    <ForeColor>0,0,0</ForeColor>
    <Picture Fit2Height="False" Fit2Width="False">Image\Back4_4_3.bmp</Picture>
  </Picture>
  <Picture>
    <Left>38</Left>
    <Top>143</Top>
    <Width>274</Width>
    <Height>182</Height>
    <Name>Picture1</Name>
    <FontSize>9</FontSize>
    <Alignment>5</Alignment>
    <BorderStyle>1</BorderStyle>
    <Visible>True</Visible>
    <Depth>17</Depth>
    <BorderColor>0,0,0</BorderColor>
    <ForeColor>0,0,0</ForeColor>
    <Picture Fit2Height="False" Fit2Width="False">Image\g24.bmp</Picture>
  </Picture>
  <Label>
    <Left>402</Left>
    <Top>48</Top>
    <Width>150</Width>
    <Height>30</Height>
    <Name>Label10</Name>
    <FontSize>15</FontSize>
    <Alignment>1</Alignment>
    <BorderStyle>0</BorderStyle>
    <Visible>True</Visible>
    <Depth>16</Depth>
    <BorderColor>0,0,0</BorderColor>
    <ForeColor>247,239,97</ForeColor>
    <BackColor>159,145,124</BackColor>
    <Caption>STR::Browser::G24::Caption::Abs_X</Caption>
  </Label>
  <Label>
    <Left>14</Left>
    <Top>111</Top>
    <Width>345</Width>
    <Height>23</Height>
    <Name>Label11</Name>
    <FontSize>15</FontSize>
    <Alignment>0</Alignment>
    <BorderStyle>0</BorderStyle>
    <Visible>True</Visible>
    <Depth>14</Depth>
    <BorderColor>0,0,0</BorderColor>
    <ForeColor>255,255,255</ForeColor>
    <BackColor>159,145,124</BackColor>
    <Caption>STR::Browser::G24::Caption::G_Code_Type</Caption>
  </Label>
  <Label>
    <Left>402</Left>
    <Top>289</Top>
    <Width>150</Width>
    <Height>30</Height>
    <Name>Label8</Name>
    <FontSize>15</FontSize>
    <Alignment>1</Alignment>
    <BorderStyle>0</BorderStyle>
    <Visible>True</Visible>
    <Depth>13</Depth>
    <BorderColor>0,0,0</BorderColor>
    <ForeColor>247,239,97</ForeColor>
    <BackColor>159,145,124</BackColor>
    <Caption>STR::Browser::G24::Caption::Taper_R</Caption>
  </Label>
  <Label>
    <Left>402</Left>
    <Top>88</Top>
    <Width>150</Width>
    <Height>30</Height>
    <Name>Label7</Name>
    <FontSize>15</FontSize>
    <Alignment>1</Alignment>
    <BorderStyle>0</BorderStyle>
    <Visible>True</Visible>
    <Depth>12</Depth>
    <BorderColor>0,0,0</BorderColor>
    <ForeColor>247,239,97</ForeColor>
    <BackColor>159,145,124</BackColor>
    <Caption>STR::Browser::G24::Caption::Inc_U</Caption>
  </Label>
  <Label>
    <Left>402</Left>
    <Top>8</Top>
    <Width>149</Width>
    <Height>30</Height>
    <Name>Label6</Name>
    <FontSize>15</FontSize>
    <Alignment>1</Alignment>
    <BorderStyle>0</BorderStyle>
    <Visible>True</Visible>
    <Depth>11</Depth>
    <BorderColor>0,0,0</BorderColor>
    <ForeColor>255,255,255</ForeColor>
    <BackColor>159,145,124</BackColor>
    <Caption>STR::Browser::G24::Caption::X_End</Caption>
  </Label>
  <Label>
    <Left>402</Left>
    <Top>186</Top>
    <Width>150</Width>
    <Height>30</Height>
    <Name>Label5</Name>
    <FontSize>15</FontSize>
    <Alignment>1</Alignment>
    <BorderStyle>0</BorderStyle>
    <Visible>True</Visible>
    <Depth>10</Depth>
    <BorderColor>0,0,0</BorderColor>
    <ForeColor>247,239,97</ForeColor>
    <BackColor>159,145,124</BackColor>
    <Caption>STR::Browser::G24::Caption::Abs_Z</Caption>
  </Label>
  <Label>
    <Left>402</Left>
    <Top>226</Top>
    <Width>150</Width>
    <Height>29</Height>
    <Name>Label4</Name>
    <FontSize>15</FontSize>
    <Alignment>1</Alignment>
    <BorderStyle>0</BorderStyle>
    <Visible>True</Visible>
    <Depth>9</Depth>
    <BorderColor>0,0,0</BorderColor>
    <ForeColor>247,239,97</ForeColor>
    <BackColor>159,145,124</BackColor>
    <Caption>STR::Browser::G24::Caption::Inc_W</Caption>
  </Label>
  <Label>
    <Left>402</Left>
    <Top>146</Top>
    <Width>150</Width>
    <Height>30</Height>
    <Name>Label3</Name>
    <FontSize>15</FontSize>
    <Alignment>1</Alignment>
    <BorderStyle>0</BorderStyle>
    <Visible>True</Visible>
    <Depth>8</Depth>
    <BorderColor>0,0,0</BorderColor>
    <ForeColor>255,255,255</ForeColor>
    <BackColor>159,145,124</BackColor>
    <Caption>STR::Browser::G24::Caption::Z_End</Caption>
  </Label>
  <Label>
    <Left>402</Left>
    <Top>329</Top>
    <Width>150</Width>
    <Height>30</Height>
    <Name>Label2</Name>
    <FontSize>15</FontSize>
    <Alignment>1</Alignment>
    <BorderStyle>0</BorderStyle>
    <Visible>True</Visible>
    <Depth>7</Depth>
    <BorderColor>0,0,0</BorderColor>
    <ForeColor>247,239,97</ForeColor>
    <BackColor>159,145,124</BackColor>
    <Caption>STR::Browser::G24::Caption::Feedrate_F</Caption>
  </Label>
  <Label>
    <Left>8</Left>
    <Top>13</Top>
    <Width>343</Width>
    <Height>25</Height>
    <Name>Label1</Name>
    <FontSize>15</FontSize>
    <Alignment>2</Alignment>
    <BorderStyle>0</BorderStyle>
    <Visible>True</Visible>
    <Depth>6</Depth>
    <BorderColor>0,0,0</BorderColor>
    <ForeColor>255,255,255</ForeColor>
    <BackColor>159,145,124</BackColor>
    <Caption>STR::Browser::G24::Caption::G24_Title</Caption>
  </Label>
  <Input>
    <Left>562</Left>
    <Top>48</Top>
    <Width>120</Width>
    <Height>30</Height>
    <Name>Inp_Abs_X</Name>
    <FontSize>12</FontSize>
    <Alignment>1</Alignment>
    <BorderStyle>1</BorderStyle>
    <Visible>True</Visible>
    <Depth>5</Depth>
    <BorderColor>0,0,0</BorderColor>
    <ForeColor>0,0,0</ForeColor>
    <BackColor>235,235,235</BackColor>
    <InputFormat>Double:3F</InputFormat>
    <MacroAddr>X</MacroAddr>
    <MappingToRegistry>0</MappingToRegistry>
    <HintLabel>STR::Browser::G24::HintLabel::Absolute_X</HintLabel>
  </Input>
  <Input>
    <Left>562</Left>
    <Top>88</Top>
    <Width>120</Width>
    <Height>30</Height>
    <Name>Inp_Inc_U</Name>
    <FontSize>12</FontSize>
    <Alignment>1</Alignment>
    <BorderStyle>1</BorderStyle>
    <Visible>True</Visible>
    <Depth>4</Depth>
    <BorderColor>0,0,0</BorderColor>
    <ForeColor>0,0,0</ForeColor>
    <BackColor>235,235,235</BackColor>
    <InputFormat>Double:3F</InputFormat>
    <MacroAddr>U</MacroAddr>
    <MappingToRegistry>0</MappingToRegistry>
    <HintLabel>STR::Browser::G24::HintLabel::Inc_U</HintLabel>
  </Input>
  <Input>
    <Left>562</Left>
    <Top>186</Top>
    <Width>120</Width>
    <Height>30</Height>
    <Name>Inp_Abs_Z</Name>
    <FontSize>12</FontSize>
    <Alignment>1</Alignment>
    <BorderStyle>1</BorderStyle>
    <Visible>True</Visible>
    <Depth>3</Depth>
    <BorderColor>0,0,0</BorderColor>
    <ForeColor>0,0,0</ForeColor>
    <BackColor>235,235,235</BackColor>
    <InputFormat>Double:3F</InputFormat>
    <MacroAddr>Z</MacroAddr>
    <MappingToRegistry>0</MappingToRegistry>
    <HintLabel>STR::Browser::G24::HintLabel::Abs_Z</HintLabel>
  </Input>
  <Input>
    <Left>562</Left>
    <Top>226</Top>
    <Width>120</Width>
    <Height>30</Height>
    <Name>Inp_Inc_W</Name>
    <FontSize>12</FontSize>
    <Alignment>1</Alignment>
    <BorderStyle>1</BorderStyle>
    <Visible>True</Visible>
    <Depth>2</Depth>
    <BorderColor>0,0,0</BorderColor>
    <ForeColor>0,0,0</ForeColor>
    <BackColor>235,235,235</BackColor>
    <InputFormat>Double:3F</InputFormat>
    <MacroAddr>W</MacroAddr>
    <MappingToRegistry>0</MappingToRegistry>
    <HintLabel>STR::Browser::G24::HintLabel::Inc_W</HintLabel>
  </Input>
  <Input>
    <Left>562</Left>
    <Top>289</Top>
    <Width>120</Width>
    <Height>30</Height>
    <Name>Input6</Name>
    <FontSize>12</FontSize>
    <Alignment>1</Alignment>
    <BorderStyle>1</BorderStyle>
    <Visible>True</Visible>
    <Depth>1</Depth>
    <BorderColor>0,0,0</BorderColor>
    <ForeColor>0,0,0</ForeColor>
    <BackColor>235,235,235</BackColor>
    <InputFormat>Double:3F</InputFormat>
    <MacroAddr>R</MacroAddr>
    <MappingToRegistry>0</MappingToRegistry>
    <HintLabel>STR::Browser::G24::HintLabel::Taper_R</HintLabel>
  </Input>
  <Input>
    <Left>562</Left>
    <Top>329</Top>
    <Width>120</Width>
    <Height>33</Height>
    <Name>Input3</Name>
    <FontSize>12</FontSize>
    <Alignment>1</Alignment>
    <BorderStyle>1</BorderStyle>
    <Visible>True</Visible>
    <Depth>0</Depth>
    <BorderColor>0,0,0</BorderColor>
    <ForeColor>0,0,0</ForeColor>
    <BackColor>235,235,235</BackColor>
    <InputFormat>Double:3F</InputFormat>
    <MacroAddr>F</MacroAddr>
    <MappingToRegistry>0</MappingToRegistry>
    <HintLabel>STR::Browser::G24::HintLabel::Feedrate_F</HintLabel>
  </Input>
</Screen>
