﻿<?xml version="1.0" encoding="UTF-8"?>
<!--Created by 'eHMI'version2.2.10-->
<!--BROWSER SIZE|H:470|W:800-->
<Screen>
  <Name>UserBackupConclusion</Name>
  <Panel>
    <Left>0</Left>
    <Top>0</Top>
    <Width>800</Width>
    <Height>470</Height>
    <Name>Pan_UserBackup</Name>
    <BorderStyle>0</BorderStyle>
    <Depth>9</Depth>
    <BackColor>192,192,192</BackColor>
  </Panel>
  <Panel>
    <Left>50</Left>
    <Top>100</Top>
    <Width>700</Width>
    <Height>2</Height>
    <Name>Pan_SplitFileName</Name>
    <BorderStyle>0</BorderStyle>
    <Depth>8</Depth>
    <BackColor>0,128,128</BackColor>
  </Panel>
  <Panel>
    <Left>50</Left>
    <Top>192</Top>
    <Width>700</Width>
    <Height>2</Height>
    <Name>Pan_SplitTotalTime</Name>
    <BorderStyle>0</BorderStyle>
    <Depth>7</Depth>
    <BackColor>0,128,128</BackColor>
  </Panel>
  <Panel>
    <Left>50</Left>
    <Top>372</Top>
    <Width>700</Width>
    <Height>2</Height>
    <Name>Pan_SplitHint</Name>
    <BorderStyle>0</BorderStyle>
    <Depth>6</Depth>
    <BackColor>0,128,128</BackColor>
  </Panel>
  <Label>
    <Left>50</Left>
    <Top>13</Top>
    <Height>34</Height>
    <Width>702</Width>
    <Name>Lab_PathTitle</Name>
    <FontSize>12</FontSize>
    <Alignment>0</Alignment>
    <BorderStyle>0</BorderStyle>
    <Depth>5</Depth>
    <BackColor>192,192,192</BackColor>
    <Caption>STR::MMI::Setup::Caption::SelectItem::FilePath</Caption>
  </Label>
  <Label>
    <Left>50</Left>
    <Top>114</Top>
    <Height>30</Height>
    <Width>702</Width>
    <Name>Lab_FielNameTitle</Name>
    <FontSize>12</FontSize>
    <Alignment>0</Alignment>
    <BorderStyle>0</BorderStyle>
    <Depth>4</Depth>
    <BackColor>192,192,192</BackColor>
    <Caption>STR::MMI::FileMgr::Name</Caption>
  </Label>
  <Label>
    <Left>50</Left>
    <Top>207</Top>
    <Height>156</Height>
    <Width>702</Width>
    <Name>Lab_ThirdRow</Name>
    <FontSize>12</FontSize>
    <Alignment>0</Alignment>
    <BorderStyle>0</BorderStyle>
    <Depth>3</Depth>
    <BackColor>192,192,192</BackColor>
    <Caption>
    </Caption>
  </Label>
  <Label>
    <Left>50</Left>
    <Top>384</Top>
    <Height>75</Height>
    <Width>702</Width>
    <Name>Lab_FourthRow</Name>
    <FontSize>14</FontSize>
    <Alignment>0</Alignment>
    <BorderStyle>0</BorderStyle>
    <Depth>2</Depth>
    <ForeColor>128,0,0</ForeColor>
    <BackColor>192,192,192</BackColor>
    <Caption>
    </Caption>
  </Label>
  <Label>
    <Left>50</Left>
    <Top>53</Top>
    <Height>34</Height>
    <Width>702</Width>
    <Name>Lab_FirstRow</Name>
    <FontSize>12</FontSize>
    <Alignment>0</Alignment>
    <BorderStyle>0</BorderStyle>
    <Depth>1</Depth>
    <BackColor>192,192,192</BackColor>
    <Caption>
    </Caption>
  </Label>
  <Label>
    <Left>50</Left>
    <Top>152</Top>
    <Height>30</Height>
    <Width>702</Width>
    <Name>Lab_SecondRow</Name>
    <FontSize>12</FontSize>
    <Alignment>0</Alignment>
    <BorderStyle>0</BorderStyle>
    <Depth>0</Depth>
    <BackColor>192,192,192</BackColor>
    <Caption>
    </Caption>
  </Label>
</Screen>
