﻿<?xml version="1.0" encoding="utf-8" ?>
<ResMap>
	<!--========== ComPort Label Caption ==========-->
	<Message ID="SRIDiagnostic::ComPort::Status" Content="通訊狀態" />
	<Message ID="SRIDiagnostic::ComPort::ConnectRun" Content="正常連線" />
	<Message ID="SRIDiagnostic::ComPort::ConnectStop" Content="已停止" />
	<Message ID="SRIDiagnostic::ComPort::ConnectError" Content="異常" />
	<Message ID="SRIDiagnostic::ComPort::RealScanTime" Content="實際掃描時間(μs)" />
	
	<!--========== Device Label Caption ==========-->
	<Message ID="SRIDiagnostic::Device::No" Content="站號" />
	<Message ID="SRIDiagnostic::Device::Region" Content="掃描區塊" />
	<Message ID="SRIDiagnostic::Device::ErrorFlag" Content="錯誤旗標" />
	<Message ID="SRIDiagnostic::Device::TimeoutFlag" Content="逾時錯誤旗標" />
	<Message ID="SRIDiagnostic::Device::CRCErrorFlag" Content="CRC錯誤旗標" />
	<Message ID="SRIDiagnostic::Device::ByteErrorFlag" Content="字元接收錯誤旗標" />
	<Message ID="SRIDiagnostic::Device::ErrorCode" Content="錯誤代碼" />
	<Message ID="SRIDiagnostic::Device::ErrorCount" Content="錯誤次數" />
	<Message ID="SRIDiagnostic::Device::TimeoutCount" Content="逾時錯誤次數" />
	<Message ID="SRIDiagnostic::Device::CRCErrorCount" Content="CRC錯誤次數" />
	<Message ID="SRIDiagnostic::Device::ByteErrorCount" Content="字元接收錯誤次數" />
	<Message ID="SRIDiagnostic::Device::ModuleState" Content="子站狀態" />
</ResMap>
