﻿<?xml version="1.0" encoding="UTF-8"?>
<ResMap>
	<!-- ========== AutoTunning =============== -->	
	<Message ID="Browser::AutoTuning::Chart::Start" Content="惯量比估测开始" />
	<Message ID="Browser::AutoTuning::Chart::Step1" Content="选择轴向" />	
	<Message ID="Browser::AutoTuning::Chart::Step2" Content="设定调机行程极限" />
	<Message ID="Browser::AutoTuning::Chart::Step3" Content="设定功能选项" />	
	<Message ID="Browser::AutoTuning::Chart::Step4" Content="调机中..." />
	<Message ID="Browser::AutoTuning::Chart::Step5" Content="调机结果" />
	<Message ID="Browser::AutoTuning::Chart::Step6" Content="调机结束请重新启动" />	
	<Message ID="Browser::AutoTuning::Chart::Step6" Content="进阶调机" />
	<Message ID="Browser::AutoTuning::Action::Hint1" Content="
	一次只能进行一轴的调机，利用左方的拉棒选择调机轴
	后，再按下功能键“下一步”。" />
	<Message ID="Browser::AutoTuning::Action::Hint2" Content="
	先将机台位置移至第一极限，接着按下功能键「设定第
	一极限」;再将机台移至第二极限，接着按下功能键「
	设定第二极限」。设定完成后按下功能键「下一步」。" />
	<Message ID="Browser::AutoTuning::Action::Hint3" Content="
	选择欲进行之调机功能，以及调机参数的设定。然后按
	下功能键“下一步”，开始调机。" />
	<Message ID="Browser::AutoTuning::Action::Hint4" Content="
	调机动作将自动停止，亦可按下功能键“调机停止”停止
	调机行程。调机停止后，被调适的参数值将刷新" />
	<Message ID="Browser::AutoTuning::Action::Hint5" Content="
	自动调机结束或手动中断调机行程后，请立即重启控制
	器及驱动器，以便进行下次调机或后续的动作。" />
	<Message ID="Browser::AutoTuning::Action::Hint100" Content="
	自动调机结束或手动中断调机行程后，请立即重启控制
	器及驱动器，以便进行下次调机或后续的动作。" />
	<Message ID="Browser::AutoTuning::Action::Syntec::Hint3" Content="
	设定主轴机构类型，按下功能键「下一步」开始调机，
	或直接按「进阶调机」，进行增益值调整(建议先完成
	初次调机)。" />
	<Message ID="Browser::AutoTuning::Action::Syntec::Hint4" Content="
	调机动作将自动停止，亦可按下功能键「调机停止」停
	止调机行程。" />
	<Message ID="Browser::AutoTuning::Action::Syntec::Hint5" Content="
	调机完成，请检查调机结果。
	可直接进入「进阶调机」，进行增益值调整" />
	<Message ID="Browser::AutoTuning::Action::Syntec::Hint6" Content="
	1.设定带宽或直接修改增益值
	2.设定带宽后，按下增益计算
	3.设定试运转参数，按下「主轴启动」
	4.按下「主轴转动」进行试运转
	5.按下「主轴停转」结束试运转" />
	<Message ID="Browser::AutoTuning::Label::SelectAxis" Content="调机轴" />
	<Message ID="Browser::AutoTuning::Label::LimitPos1" Content="第一极限" />
	<Message ID="Browser::AutoTuning::Label::LimitPos2" Content="第二极限" />
	<Message ID="Browser::AutoTuning::Label::TuningStatus" Content="目前状态" />
	<Message ID="Browser::AutoTuning::Label::Setting" Content="调机设定" />
	<Message ID="Browser::AutoTuning::Label::Hint" Content="动作说明" />
	<Message ID="Browser::AutoTuning::Label::Result" Content="调机结果" />
	<Message ID="Browser::AutoTuning::Label::Monitor" Content="状态监视器" />
	<Message ID="Browser::AutoTuning::ListItem::open" Content="开启" />
	<Message ID="Browser::AutoTuning::ListItem::close" Content="关闭" />
	<!-- ========== AutoTunning_Opt_477 Browser =============== -->	
	<Message ID="Browser::AutoTuning::Opt::Gain" Content="自动增益调整" />
	<Message ID="Browser::AutoTuning::Opt::Estimate" Content="多共振点自动估测" />
	<Message ID="Browser::AutoTuning::Opt::Response" Content="速度回路响应频宽(Hz)" />
	<!-- ========== AutoTunning_Opt_1000 Browser =============== -->	
	<Message ID="Browser::AutoTuning::Opt::Related Mode" Content="调机流程" />
	<Message ID="Browser::AutoTuning::Opt::ListItem::RelMode1" Content="惯量与增益值调适" />
	<Message ID="Browser::AutoTuning::Opt::ListItem::RelMode2" Content="增益值调适" />
	<Message ID="Browser::AutoTuning::Opt::ListItem::Type1" Content="皮带驱动机构" />
	<Message ID="Browser::AutoTuning::Opt::ListItem::Type2" Content="滚珠螺杆驱动机构" />
	<Message ID="Browser::AutoTuning::Opt::ListItem::Type3" Content="直接连结机构" />
	<Message ID="Browser::AutoTuning::Opt::ListItem::Mode1" Content="标准" />
	<Message ID="Browser::AutoTuning::Opt::ListItem::Mode2" Content="定位专用调整" />
	<Message ID="Browser::AutoTuning::Opt::ListItem::Mode3" Content="加强过冲抑制" />
	<Message ID="Browser::AutoTuning::Opt::ListItem::Notch0" Content="不进行调整" />
	<Message ID="Browser::AutoTuning::Opt::ListItem::Notch1" Content="调整 notch filter 1" />
	<Message ID="Browser::AutoTuning::Opt::ListItem::Notch256" Content="调整 notch filter 2" />
	<Message ID="Browser::AutoTuning::Opt::ListItem::Notch257" Content="调整 notch filter 1&amp;2" />
	<Message ID="Browser::AutoTuning::Opt::Type" Content="机构类型" />
	<Message ID="Browser::AutoTuning::Opt::Mode" Content="调机模式" />
	<Message ID="Browser::AutoTuning::Opt::NotchFilter" Content="共振抑制选择" />
	<!-- ========== AutoTunning_Opt_2000 Browser =============== -->
	<Message ID="Browser::AutoTuning::Opt::ListItem::RelModeNone" Content="调机功能选择" />
	<Message ID="Browser::AutoTuning::Opt::ListItem::Syntec::Type0" Content="直結式" />
	<Message ID="Browser::AutoTuning::Opt::ListItem::Syntec::Type1" Content="滚珠螺杆" />
	<Message ID="Browser::AutoTuning::Opt::ListItem::Syntec::Type2" Content="皮带" />
	<!-- ========== AutoTunning_Para_477 Browser =============== -->	
	<Message ID="Browser::AutoTuning::Para::InertiaEstimate" Content="惯量比估测值" />
	<Message ID="Browser::AutoTuning::Para::Kpp" Content="位置回路增益" />
	<Message ID="Browser::AutoTuning::Para::Kvp" Content="速度回路增益" />
	<Message ID="Browser::AutoTuning::Para::Kvi" Content="速度回路积分时间" />
	<Message ID="Browser::AutoTuning::Para::Notch1freq" Content="第一组共振抑制频率" />
	<Message ID="Browser::AutoTuning::Para::Notch1atte" Content="第一组共振抑制深度" />
	<Message ID="Browser::AutoTuning::Para::Notch2freq" Content="第二组共振抑制频率" />
	<Message ID="Browser::AutoTuning::Para::Notch2atte" Content="第二组共振抑制深度" />
	<!-- ========== AutoTunning_Para_2000 Browser =============== -->
	<Message ID="Browser::AutoTuning::Para::Syntec::InertiaEstimated" Content="负载惯量" />
	<Message ID="Browser::AutoTuning::Para::Syntec::Bandwidth" Content="带宽" />
	<Message ID="Browser::AutoTuning::Para::Syntec::Polarity" Content="马达极数" />
	<Message ID="Browser::AutoTuning::Para::Syntec::Resolution" Content="分辨率" />
	<Message ID="Browser::AutoTuning::Para::Syntec::Parameter" Content="参数名称" />
	<Message ID="Browser::AutoTuning::Para::Syntec::Value" Content="设定值" />
	<Message ID="Browser::AutoTuning::Para::Syntec::PosLoopGain" Content="位置回路增益(0.1rad/s)" />
	<Message ID="Browser::AutoTuning::Para::Syntec::SpdLoopGain" Content="速度回路增益(0.1Hz)" />
	<Message ID="Browser::AutoTuning::Para::Syntec::SpdLoopTimeCons" Content="速度回路积分时间(0.01ms)" />
	<Message ID="Browser::AutoTuning::Para::Syntec::SpdFilterBandwidth" Content="速度滤波带宽(0.01ms)" />
	<Message ID="Browser::AutoTuning::Para::Syntec::TrqCmdFilterTimeCons" Content="扭力命令滤波时间(0.01ms)" />
	<Message ID="Browser::AutoTuning::Para::Syntec::Speed" Content="V:转速(RPM)" />
	<Message ID="Browser::AutoTuning::Para::Syntec::Acceleration" Content="A:加速度时间(ms)" />
	<Message ID="Browser::AutoTuning::Para::Syntec::Jerk" Content="J:加加速度时间(ms)" />
	<!-- ========== MMI MesageBox =============== -->	
	<Message ID="MMI::AutoTuning::MSG::CheckMachine" Content="调整动作即将开始，请
确认机台是否正常并确
保人员安全" />
	<Message ID="MMI::AutoTuning::Title::CheckMachine" Content="调机确认" />
	<Message ID="MMI::AutoTuning::MSG::ConfirmAbortTuning" Content="调机未完成，确定要中断?" />
	<Message ID="MMI::AutoTuning::Title::ConfirmAbortTuning" Content="中断确认" />
	<Message ID="MMI::AutoTuning::MSG::AbortTuning" Content="调机动作被中断，请在状况解除后再次调机" />
	<Message ID="MMI::AutoTuning::MSG::CheckAxisPos" Content="1. 调机前位置偏离第二极限过多&#x0A;2. 若位置正确，CNC轴向请放大Pr901~设定，串列PLC轴与ROT请放大位置检查视窗设定" />
	<Message ID="MMI::AutoTuning::MSG::AxisPosErr" Content="轴向位置错误，请重新设置两极限" />
	<Message ID="MMI::AutoTuning::MSG::MovingErr" Content="轴向快速移动的速度值太低" />
	<Message ID="MMI::AutoTuning::MSG::EndTuning" Content="若曾进行调机动作，请重开控制器
及驱动器，确保调机结果生效。" />
	<Message ID="MMI::AutoTuning::MSG::StopAutoTunning" Content="自动调机完成，请确认调机结果" />
	<Message ID="MMI::AutoTuning::MSG::CheckAutoMode" Content="请切换至自动模式" />
	<Message ID="MMI::AutoTuning::MSG::CheckServo" Content="请确认系统为就绪状态" />
	<Message ID="MMI::AutoTuning::MSG::LimitLength" Content="输入的两点距离过短，
请超过: " />
	<Message ID="MMI::AutoTuning::MSG::MaxLength" Content="输入的两点距离过大，
请低于:" />
	<Message ID="MMI::AutoTuning::MSG::OnTunning" Content="调机中" />
	<Message ID="MMI::AutoTuning::MSG::TunningOver" Content="调机结束" />
	<Message ID="MMI::AutoTuning::MSG::TuningFail" Content="错误码0x11:调机失败" />
	<Message ID="MMI::AutoTuning::MSG::OperationErr" Content="错误码0x21:动作错误" />
	<Message ID="MMI::AutoTuning::MSG::InterruptByAbnormal" Content="错误码0x22:机台惯量比过大，调机异常中断" />
	<Message ID="MMI::AutoTuning::MSG::InertiaEstimateErr" Content="错误码0x31:惯量估测失败" />
	<Message ID="MMI::AutoTuning::MSG::ServoAlarmOccurErr" Content="调机过程发生警报，​​请排除警报后再进行调机。" />
	<Message ID="MMI::AutoTuning::MSG::RestartSystem" Content="请对该轴使用串列参数初始化功能，然后将控制器与驱动器断电重开，再次进行" />
	<Message ID="MMI::AutoTuning::MSG::CheckCNCStatus" Content="系统未就绪，无法调机" />
	<Message ID="MMI::AutoTuning::MSG::JogMotorErr" Content="马达尚未启动" />
	<Message ID="MMI::AutoTuning::MSG::ShowPermaStorage" Content="离开进阶调机，是否执行参数永久储存?" />
	<Message ID="MMI::AutoTuning::Title::ShowPermaStorage" Content="永久储存确认" />
</ResMap>