﻿<?xml version="1.0" encoding="UTF-8"?>
<ResMap>
	<Message ID="Browser::SPLCAMonitor::Title" Content="串列PLC軸 軸向資訊" />
	
	<Message ID="Browser::SPLCAMonitor::Mode" Content="模式" />
	<Message ID="Browser::SPLCAMonitor::Running" Content="執行中(狀態)" />
	<Message ID="Browser::SPLCAMonitor::Feedhold" Content="暫停(狀態)" />
	<Message ID="Browser::SPLCAMonitor::Alarm" Content="警報(狀態)" />
	<Message ID="Browser::SPLCAMonitor::Ready" Content="就緒(狀態)" />
	<Message ID="Browser::SPLCAMonitor::InPosition" Content="位置到達(狀態)" />
	<Message ID="Browser::SPLCAMonitor::AbsMode" Content="絕對(狀態)" />
	<Message ID="Browser::SPLCAMonitor::ServoOn" Content="Servo On(狀態)" />
	<Message ID="Browser::SPLCAMonitor::TargetPosition" Content="目標位置(mm)" />
	<Message ID="Browser::SPLCAMonitor::TargetVelocity" Content="目標速度(mm/min)" />
	<Message ID="Browser::SPLCAMonitor::CurPosition" Content="現在位置(mm)" />
	<Message ID="Browser::SPLCAMonitor::CurVelocity" Content="現在速度(mm/min)" />
</ResMap>