﻿<?xml version="1.0" encoding="UTF-8"?>
<ResMap>
  	<!-- ========== Page control ===================== -->
  	<Message ID="PControl::Data_Remain" Content="尚有资料  " />
  	<Message ID="PControl::PrePage" Content="上一页▲" />
  
	<!-- ========== Canned Cycle Fenu button String Define ===================== -->
	<Message ID="Fenu::Program::InputOk" Content="确定" />

	<!-- ========== Canned Cycle Title String Define ===================== -->
	<Message ID="MMI::CannedCycle::MenuTitle" Content="加工循环选单" />
	<Message ID="MMI::CannedCycle::InputTitle" Content="加工循环资料输入" />
	<Message ID="MMI::CannedCycle::FileNotExist" Content=" 文件不存在!" />
	<Message ID="MMI::CannedCycle::GCodeNotDefine" Content=" 没有定义的加工循环!" />
	<Message ID="MMI::CannedCycle::Cannot_X_U" Content="车床程序中X, U 不能下在同一个单节!" />
	<Message ID="MMI::CannedCycle::Cannot_Y_V" Content="车床程序中Y, V 不能下在同一个单节!" />
	<Message ID="MMI::CannedCycle::Cannot_Z_W" Content="车床程序中Z, W 不能下在同一个单节!" />
	<Message ID="MMI::CannedCycle::Cannot_XU_YV_ZW" Content="车床程序中X, U 或 Y, V 或 Z, W不能下在同一个单节!" />
	<Message ID="MMI::CannedCycle::AllNone_K_C_A" Content="变量K C A必须同时存在或同时清空" />
	<Message ID="MMI::CannedCycle::K_C_A_Double_digit" Content="变量K C A必须介于0~99" />	

	<!-- ========== Caned Cycle Entry Main Menu String Define ===================== -->
	<Message ID="CanCycle:CommonMenu" Content="标准人机循环加工" />
	<Message ID="CanCycle:CustomMenu" Content="机械厂循环加工" />
	<Message ID="CanCycle:PrdMenu" Content="准系统循环加工" />

	<!-- ========== Caned Cycle Common Main Menu String Define ===================== -->
	<Message ID="CanCycle:G00" Content="快速定位 (G00)" />
	<Message ID="CanCycle:G01" Content="直线切削 (G01)" />
	<Message ID="CanCycle:Circular" Content="圆弧切削 (G02/G03)" />
	<Message ID="CanCycle:GCodeList" Content="G Code杂项功能" />
	<Message ID="CanCycle:MCodeList" Content="M Code杂项功能" />
	<Message ID="CanCycle:Coordinate" Content="坐标系统设定" />
	<Message ID="CanCycle:CannedCycle" Content="循环加工机能" />
	<Message ID="CanCycle:Facing" Content="面铣加工循环" />
	<Message ID="CanCycle:Pocketing" Content="挖槽加工循环" />
	<Message ID="CanCycle:PatternPositioning" Content="多孔加工循环" />

	<!-- ========== Caned Cycle Circular Menu String Define ===================== -->
	<Message ID="CanCycle:G02" Content="顺时针切削 (G02)" />
	<Message ID="CanCycle:G03" Content="逆时针切削 (G03)" />

	<!-- ========== Caned Cycle GCodeList Menu String Define ===================== -->
	<Message ID="CanCycle:G90" Content="绝对指令 (G90)" />
	<Message ID="CanCycle:G91" Content="增量指令 (G91)" />
	<Message ID="CanCycle:G40" Content="刀具半径补偿消除 (G40)" />
	<Message ID="CanCycle:G41" Content="刀具半径左补偿 (G41)" />
	<Message ID="CanCycle:G42" Content="刀具半径右补偿 (G42)" />
	<Message ID="CanCycle:G04" Content="暂停 (G04)" />
	<Message ID="CanCycle:G10" Content="可程序资料输入 (G10)" />
	<Message ID="CanCycle:G70" Content="英制单位加工 (G70)" />
	<Message ID="CanCycle:G71" Content="公制单位加工 (G71)" />
	<Message ID="CanCycle:G94" Content="每分钟进给量(mm/min) (G94)" />
	<Message ID="CanCycle:G95" Content="每转进给量(mm/rev) (G95)" />
	<Message ID="CanCycle:G96" Content="等表面切削速度 (G96)" />
	<Message ID="CanCycle:G97" Content="等表面切削速度取消 (G97)" />
	<Message ID="CanCycle:G98" Content="复归到初始点 (G98)" />
	<Message ID="CanCycle:G99" Content="复归到 R点 (G99)" />
	<Message ID="CanCycle:M98" Content="呼叫子程序  (M98)" />
	<Message ID="CanCycle:M99" Content="子程序返回主程序 (M99)" />

	<!-- ========== Caned Cycle MCodeList Menu String Define ===================== -->
	<Message ID="CanCycle:M00" Content="程序暂停 (M00)" />
	<Message ID="CanCycle:M01" Content="选择性程序暂停(M01)" />
	<Message ID="CanCycle:M02" Content="程序终了(M02)" />
	<Message ID="CanCycle:M03" Content="主轴激活(顺时针)(M03)" />
	<Message ID="CanCycle:M04" Content="主轴激活(逆时针)(M04)" />
	<Message ID="CanCycle:M05" Content="主轴关闭 (M05)" />
	<Message ID="CanCycle:M08" Content="加工液开启 (M08)" />
	<Message ID="CanCycle:M09" Content="加工液关闭 (M09)" />
	<Message ID="CanCycle:M10" Content="夹爪夹紧 (M10)" />
	<Message ID="CanCycle:M11" Content="夹爪放松 (M11)" />
	<Message ID="CanCycle:M30" Content="程序终了，回复到起点(M30)" />
	
	<!-- ========== Caned Cycle Coordinate Setting Menu String Define ===================== -->
	<Message ID="CanCycle:AXIS01" Content="第一座标系统" />
	<Message ID="CanCycle:AXIS02" Content="第二座标系统" />
	<Message ID="CanCycle:AXIS03" Content="第三座标系统" />
	<Message ID="CanCycle:AXIS04" Content="第四座标系统" />
	<Message ID="CanCycle:AXIS05" Content="第五座标系统" />
	<Message ID="CanCycle:AXIS06" Content="第六座标系统" />
	
	<!-- ========== Caned Cycle Menu String Define ===================== -->
	<Message ID="CanCycle:G73" Content="高速啄式钻孔循环 (G73)" />
	<Message ID="CanCycle:G74" Content="左手攻牙循环 (G74)" />
	<Message ID="CanCycle:G76" Content="精细搪孔循环 (G76)" />
	<Message ID="CanCycle:G80" Content="取消循环 (G80)" />
	<Message ID="CanCycle:G81" Content="鑚孔循环 (G81)" />
	<Message ID="CanCycle:G82" Content="孔底暂停鑚孔循环 (G82)" />
	<Message ID="CanCycle:G83" Content="啄式钻孔循环 (G83)" />
	<Message ID="CanCycle:G84" Content="攻牙循环 (G84)" />
	<Message ID="CanCycle:G85" Content="鑚孔循环 (G85)" />
	<Message ID="CanCycle:G86" Content="快速鑚孔循环 (G86)" />
	<Message ID="CanCycle:G87" Content="背面精细搪孔循环 (G87)" />
	<Message ID="CanCycle:G88" Content="半自动精细搪孔循环 (G88)" />
	<Message ID="CanCycle:G89" Content="孔底暂停搪孔循环 (G89)" />
	
	<!-- ========== Caned Cycle Facing Menu String Define ===================== -->
	<Message ID="CanCycle:G161" Content="X轴双向面铣加工循环 (G161)" />
	<Message ID="CanCycle:G162" Content="X轴单向面铣加工循环 (G162)" />
	<Message ID="CanCycle:G163" Content="Y轴双向面铣加工循环 (G163)" />
	<Message ID="CanCycle:G164" Content="Y轴单向面铣加工循环 (G164)" />
	
	<!-- ========== Caned Cycle Pocketing Menu String Define ===================== -->
	<Message ID="CanCycle:G173" Content="跑道形孔粗加工循环 (G173)" />
	<Message ID="CanCycle:G174" Content="跑道形孔精加工循环 (G174)" />
	<Message ID="CanCycle:G175" Content="方形槽粗加工循环 (G175)" />
	<Message ID="CanCycle:G176" Content="方形槽精加工循环 (G176)" />
	<Message ID="CanCycle:G177" Content="圆形孔粗加工循环 (G177)" />
	<Message ID="CanCycle:G178" Content="圆形孔精加工循环 (G178)" />
	
	<!-- ========== Caned Cycle Pattern Position Menu String Define ===================== -->
	<Message ID="CanCycle:G134.1" Content="圆周孔加工循环 (G134.1)" />
	<Message ID="CanCycle:G135.1" Content="角度直线孔加工循环 (G135.1)" />
	<Message ID="CanCycle:G136.1" Content="圆弧孔加工循环 (G136.1)" />
	<Message ID="CanCycle:G137.2" Content="棋盘孔加工循环 (G137.2)" />

	<!-- ==========Canned Cycle Common String Define ===================== -->
	<Message ID="Cycle::EndPoint" Content="终点坐标" />
	<Message ID="Cycle::X_End" Content="X 轴" />
	<Message ID="Cycle::Hint::X_End" Content="X 轴终点坐标" />
	<Message ID="Cycle::Y_End" Content="Y 轴" />
	<Message ID="Cycle::Hint::Y_End" Content="Y 轴终点坐标" />
	<Message ID="Cycle::Z_End" Content="Z 轴" />
	<Message ID="Cycle::Hint::Z_End" Content="Z 轴终点坐标" />
	<Message ID="Cycle::Spindle" Content="主轴转速S" />
	<Message ID="Cycle::Hint::Spindle" Content="主轴转速" />
	<Message ID="Cycle::Feedrate" Content="加工速率F" />
	<Message ID="Cycle::Hint::Feedrate" Content="加工速率" />
	<Message ID="Cycle::LineNo" Content="行号:" />

	<!-- ========== G00 String Define ===================== -->
	<Message ID="Browser::G00::Caption::Lab_LineNo::LineNo" Content="行号(N)" />
	<Message ID="Browser::G00::HintLabel::Inp_LineNo::LineNo_N" Content="程序行号N" />

	<!-- ========== G01 String Define ===================== -->
	<Message ID="G01::ChamferTitle" Content="转角倒角" />
	<Message ID="G01::Chamfer_C" Content="直线(C)" />
	<Message ID="G01_Hint::Chamfer_C" Content="转角倒角" />
	<Message ID="G01::Radius_R" Content="圆角(R)" />
	<Message ID="G01_Hint::Radius_R" Content="转角倒圆角" />
	<Message ID="Browser::G01::Caption::Lab_Angle_A::Angle_A" Content="直线角度(A)" />
    <Message ID="Browser::G01::HintLabel::Inp_AngleA::Angle_A" Content="直线角度" />
	<Message ID="G01::1113" Content="圆心向量" />
	<Message ID="G01::1114" Content="X轴 I" />
	<Message ID="G01_Hint::1115" Content="圆心相对于原弧起点在X向之距离半径量" />
	<Message ID="G01::1116" Content="Y轴 J" />
	<Message ID="G01_Hint::1117" Content="圆心相对于原弧起点在Y方向之距离半径量" />	
	<Message ID="G01::1118" Content="转角倒角" />
	<Message ID="G01::1119" Content="圆角(R)" />
	<Message ID="G01_Hint::1120" Content="在下一段加工路径中，自动插入半径 R 的圆弧倒角" />
	<Message ID="Browser::G01::Caption::LineNo" Content="程序行号N" />
	<Message ID="Browser::G01::HintLabel::LineNo" Content="程序行号" />

	<!-- ========== G02/G03 String Define ===================== -->
	<Message ID="Browser::G02G03::Caption::Lab_LineNo::LineNo" Content="程序行号N" />
	<Message ID="Browser::G02G03::HintLabel::Inp_LineNo::LineNo" Content="程序行号N" />
	<Message ID="Cycle::G02:CenterVector" Content="圆弧起点到圆心的向量值" />
	<Message ID="Cycle::G02:AxisI" Content="X轴(I)" />
	<Message ID="Cycle::Hint::G02:XAxisI" Content="圆弧起点到圆心的向量值(I)" />
	<Message ID="Cycle::G02:AxisJ" Content="Y轴(J)" />
	<Message ID="Cycle::Hint::G02:XAxisJ" Content="圆弧起点到圆心的向量值(J)" />
	<Message ID="Cycle::G02::Radius.1" Content="圆角(R)" />
	<Message ID="Cycle::G02:RadiusOfCorner" Content="转角倒圆角" />
	<Message ID="Cycle::Hint::G02:RadiusOfCorner.1" Content="转角倒圆角" />

	<!-- ========== G04 String Define ===================== -->
	<Message ID="G04::Title" Content="加工暂停时间设定" />
	<Message ID="G04::dwelltime" Content="暂停时间" />
	<Message ID="G04::Hint::dwelltime" Content="暂停时间以秒为单位" />

	<!-- ========== G10 String Define ===================== -->
	<Message ID="G10::Title" Content="可程序数据输入" /> 
	<Message ID="G10::Choice" Content="补正量选择" /> 
	<Message ID="G10::Hint::Choice" Content="10:长几何量；11:长磨耗量；12:径几何量；13:径磨耗量" /> 
	<Message ID="G10::Toolnum" Content="刀具补正号码" /> 
	<Message ID="G10::Hint::Toolnum" Content="刀具补正号码" /> 
	<Message ID="G10::Toolquantity" Content="刀具补正值" /> 
	<Message ID="G10::Hint::Toolquantity" Content="刀具补正值" />

	<!-- ========== G73 String Define ===================== -->
	<Message ID="G73::G73_Title" Content="高速啄式钻孔循环 (G73)" />
	<Message ID="G73::Hole_X" Content="洞孔X轴座标" />
	<Message ID="G73::Hint::HX_End" Content="洞孔的座标X资料" />
	<Message ID="G73::Hole_Y" Content="洞孔Y轴座标" />
	<Message ID="G73::Hint::HY_End" Content="洞孔的座标Y资料" />
	<Message ID="G73::R_To_Bottom" Content="R到洞底距离" />
	<Message ID="G73::Hint::R_To_Bottom" Content="由R点到洞底的距离(具方向性)" />
	<Message ID="G73::Init_To_R" Content="初始点到R距离" />
	<Message ID="G73::Hint::Init_To_R" Content="初始点到R点的距离(具方向性)" />
	<Message ID="G73::Each_Depth" Content="每次进给深度(Q)" />
	<Message ID="G73::Hint::Each_Depth" Content="每次进给深度(增量且为正值, 负号将被忽略)" />
	<Message ID="G73::Repeat_K" Content="重复次数(K)" />
	<Message ID="G73::Hint::Repeat_K" Content="重复次数(重覆移动和钻孔动作)" />
	<Message ID="G73::Feedrate" Content="进给速率(F)" />
	<Message ID="G73::Hint::Feedrate" Content="进给速率" />
	<Message ID="G73::Dwell_Time" Content="洞底暂停时间(P)" />
	<Message ID="G73::Hint::Dwell_Time" Content="在洞底的暂停时间(秒)" />
	<Message ID="G73::Shift_Amount" Content="刀具洞底位移量" />
	<Message ID="G73::Hint::Shift_Amount" Content="刀具在洞底的位移量(需为正值, 负号将被忽略)" />
		
	<!-- ========== G74 String Define ===================== -->
	<Message ID="G74::G74_Title" Content="左手攻牙循环 (G74)" />

	<!-- ========== G76 String Define ===================== -->
	<Message ID="G76::G76_Title" Content="精细搪孔循环 (G76)" />
	
	<!-- ========== G81 String Define ===================== -->
	<Message ID="G81::G81_Title" Content="钻孔循环 (G81)" />
	
	<!-- ========== G82 String Define ===================== -->
	<Message ID="G82::G82_Title" Content="孔底暂停钻孔循环 (G82)" />
	
	<!-- ========== G83 String Define ===================== -->
	<Message ID="G83::G83_Title" Content="啄式钻孔循环 (G83)" />
	
	<!-- ========== G84 String Define ===================== -->
	<Message ID="G84::G84_Title" Content="攻牙循环 (G84)" />
	
	<!-- ========== G85 String Define ===================== -->
	<Message ID="G85::G85_Title" Content="鑚孔循环 (G85)" />
	
	<!-- ========== G86 String Define ===================== -->
	<Message ID="G86::G86_Title" Content="快速鑚孔循环 (G86)" />
	
	<!-- ========== G87 String Define ===================== -->
	<Message ID="G87::G87_Title" Content="背面精细搪孔循环 (G87)" />
	
	<!-- ========== G88 String Define ===================== -->
	<Message ID="G88::G88_Title" Content="半自动精细搪孔循环 (G88)" />
	
	<!-- ========== G89 String Define ===================== -->
	<Message ID="G89::G89_Title" Content="孔底暂停搪孔循环 (G89)" />

	<!-- ========== G134.1 String Define ===================== -->
	<Message ID="G134.1::G134.1_Title" Content="圆周孔加工循环 (G134.1)" />
	<Message ID="G134.1::Circle_Center" Content="圆周中心" />
	<Message ID="G134.1::Center_X" Content="基准点 X" />
	<Message ID="G134.1::Hint::Center_X" Content="圆周孔圆心X" />
	<Message ID="G134.1::Center_Y" Content="基准点 Y" />
	<Message ID="G134.1::Hint::Center_Y" Content="圆周孔圆心Y" />
	<Message ID="G134.1::Radius" Content="圆周半径(I)" />
	<Message ID="G134.1::Hint::Radius" Content="圆周孔半径" />
	<Message ID="G134.1::Starting_Angle " Content="起始角度 (J)" />
	<Message ID="G134.1::Hint::Starting_Angle" Content="第一孔与圆心的水平夹角" />
	<Message ID="G134.1::Hole_Number " Content="钻孔个数(K)" />
	<Message ID="G134.1::Hint::Hole_Number" Content="总钻孔个数" />
	<Message ID="G134.1::Z_Arg" Content="Z 方向参数" />
	<Message ID="G134.1::Hole_Depth" Content="孔深度(Z)" />
	<Message ID="G134.1::Hint::Hole_Depth" Content="表面 R 点到孔加工洞底距离" />
	<Message ID="G134.1::Initial_Point" Content="初始点(R)" />
	<Message ID="G134.1::Hint::Initial_Point" Content="Z 轴加工起始点到 R 点距离" />
	<Message ID="G134.1::Dwell_Time" Content="暂停(P)" />
	<Message ID="G134.1::Hint::Dwell_Time" Content="加工到孔底时 ,在洞底暂停时间" />
	<Message ID="G134.1::Each_Cutting_Feed" Content="啄钻进给(Q)" />
	<Message ID="G134.1::Hint::Each_Cutting_Feed" Content="Z 轴啄钻时 ,每次加工进给量" />
	<Message ID="G134.1::Retraction" Content="啄钻退刀(D)" />
	<Message ID="G134.1::Hint::Retraction" Content="Z 轴啄钻时 ,Z轴退刀方式 (0: 退到初始点 R ,1: 退固定距离 d)" />
	<Message ID="G134.1::Feedrate" Content="进给速率(F)" />
	<Message ID="G134.1::Hint::Feedrate" Content="孔加工前进速度" />

	<!-- ========== G135.1 String Define ===================== -->
	<Message ID="G135.1::G135.1_Title" Content="角度直线孔加工循环 (G135.1)" />
	<Message ID="G135.1::Starting_Position" Content="起点位置" />
	<Message ID="G135.1::Center_X" Content="X 轴" />
	<Message ID="G135.1::Hint::Center_X" Content="起点X轴的位置" />
	<Message ID="G135.1::Center_Y" Content="Y 轴" />
	<Message ID="G135.1::Hint::Center_Y" Content="起点Y轴的位置" />
	<Message ID="G135.1::Pitch" Content="孔间隔(I)" />
	<Message ID="G135.1::Hint::Pitch" Content="各孔位置间隔距离" />
	<Message ID="G135.1::Orientation_Angle" Content="角度(J)" />
	<Message ID="G135.1::Hint::Orientation_Angle" Content="角度直线孔的水平夹角(X+为零)" />

	<!-- ========== G136.1 String Define ===================== -->
	<Message ID="G136.1::G136.1_Title" Content="圆弧孔加工循环 (G136.1)" />
	<Message ID="G136.1::Hint::Center_X" Content="圆弧孔圆心 X" />
	<Message ID="G136.1::Hint::Center_Y" Content="圆弧孔圆心 Y" />
	<Message ID="G136.1::Hint::Radius" Content="圆弧孔半径(I)" />
	<Message ID="G136.1::Pitch_Angle" Content="间隔角度(A)" />
	<Message ID="G136.1::Hint::Pitch_Angle" Content="孔间隔角度 ,反时针为正" />

	<!-- ========== G137.2 String Define ===================== -->
	<Message ID="G137.2::G137.2_Title" Content="棋盘孔加工循环 (G137.2)" />
	<Message ID="G137.2::X_Arg" Content="X 轴方向" />
	<Message ID="G137.2::Horizontal_Pitch" Content="间隔(I)" />
	<Message ID="G137.2::Hint::Horizontal_Pitch" Content="X 轴方向间隔 ,正负值代表孔间隔方向" />
	<Message ID="G137.2::Y_Arg" Content="Y 轴方向" />
	<Message ID="G137.2::Number_Horizontal_Holes" Content="孔数(N)" />
	<Message ID="G137.2::Hint::Number_Horizontal_Holes" Content="X 轴方向钻孔孔数" />
	<Message ID="G137.2::Vertical_Pitch" Content="间隔(J)" />
	<Message ID="G137.2::Hint::Vertical_Pitch" Content="Y 轴方向间隔 ,正负值代表孔间隔方向" />
	<Message ID="G137.2::Number_Vertical_Holes" Content="孔数(K)" />
	<Message ID="G137.2::Hint::Number_Vertical_Holes" Content="Y 轴方向钻孔孔数" />
	<Message ID="G137.2::Xstart" Content="起始孔号X坐标" />
	<Message ID="G137.2::Ystart" Content="起始孔号Y坐标" />
	<Message ID="G137.2::Hint::Xstart" Content="决定起始钻孔的孔号X坐标(以棋盘起点位置孔号为&lt;1,1&gt;)" /> 
	<Message ID="G137.2::Hint::Ystart" Content="决定起始钻孔的孔号Y坐标(以棋盘起点位置孔号为&lt;1,1&gt;)" />

	<!-- ========== G161 String Define ===================== -->
	<Message ID="G161::G161_Title" Content="X轴双向面铣加工循环 (G161)" />
	<Message ID="G161::XY_Arg" Content="XY 平面参数" />	
	<Message ID="G161::Mach_Range" Content="加工范围" />	
	<Message ID="G161::Width" Content="X轴 I" />
	<Message ID="G161::Hint::Width" Content="X轴方向加工范围" />
	<Message ID="G161::Length" Content="Y轴 J" />
	<Message ID="G161::Hint::Length" Content="Y轴方向加工范围" />
	<Message ID="G161::Cut_Width" Content="Y向进给(W)" />
	<Message ID="G161::Hint::Cut_Width" Content="XY平面扩孔加工进给量(单位mm)" />
	<Message ID="G161::Z_Arg" Content="Z 方向参数" />
	<Message ID="G161::Z_Inc" Content="Z向进给(D)" />
	<Message ID="G161::Hint::Z_Inc" Content="Z方向每次加工的分层进给量" />
	<Message ID="G161::Z_Dep" Content="加工总量(H)" />
	<Message ID="G161::Hint::Z_Dep" Content="Z方向的总加工量" />
	<Message ID="G161::Speed" Content="主轴转速(S)" />
	<Message ID="G161::Hint::Speed" Content="Z方向下降的加工速度" />
	<Message ID="G161::Feedrate_XY" Content="XY速度(F)" />
	<Message ID="G161::Hint::Feedrate_XY" Content="XY平面加工速度" />
	<Message ID="G161::Feedrate_Z" Content="Z向速度(E)" />
	<Message ID="G161::Hint::Feedrate_Z" Content="主轴转速(r.p.m)" />
	<Message ID="G161::Z_Retract" Content="Z抬刀点(A)" />
	<Message ID="G161::Hint::Z_Retract" Content="单向加工终点到下一个加工位置, Z轴抬刀位置(Z0+A)" />

	<!-- ========== G162 String Define ===================== -->
	<Message ID="G162::G162_Title" Content="X轴单向面铣加工循环 (G162)" />
	<Message ID="G162::Hint::Z_Dep" Content="The total machining depth" />
	<Message ID="G162::Hint::Z_Retract" Content="单向加工终点到下一个加工位置，Z轴抬刀位置(Z0+A)" />
	<Message ID="G162::Hint::Speed" Content="Spindel rotation speed(r.p.m)" />
	<Message ID="G162::Hint::Feedrate_XY" Content="Cutting feedrate in XY plane" />
	<Message ID="G162::Hint::Feedrate_Z" Content="Cutting feedrate in Z direction" />

	<!-- ========== G163 String Define ===================== -->
	<Message ID="G163::G163_Title" Content="Y轴双向面铣加工循环 (G163)" />
	<Message ID="G163::Cut_Width" Content="X向进给 (W)" />
	<Message ID="G163::Hint::Z_Dep" Content="The total machining depth" />
	<Message ID="G163::Hint::Speed" Content="Spindel rotation speed(r.p.m)" />
	<Message ID="G163::Hint::Feedrate_XY" Content="Cutting feedrate in XY plane" />
	<Message ID="G163::Hint::Feedrate_Z" Content="Cutting feedrate in Z direction" />

	<!-- ========== G164 String Define ===================== -->
	<Message ID="G164::G164_Title" Content="Y轴单向面铣加工循环 (G164)" />
	<Message ID="G164::Hint::Z_Dep" Content="The total machining depth" />
	<Message ID="G164::Hint::Z_Retract" Content="单向加工终点到下一个加工位置，Z轴抬刀位置(Z0+A)" />
	<Message ID="G164::Hint::Speed" Content="Spindel rotation speed" />
	<Message ID="G164::Hint::Feedrate_XY" Content="Cutting feedrate in XY plane" />
	<Message ID="G164::Hint::Feedrate_Z" Content="Cutting feedrate in Z direction" />

	<!-- ========== G173 String Define ===================== -->
	<Message ID="G173::G173_Title" Content="跑道形孔粗加工循环 (G173)" />
	<Message ID="G173::XY_Arg" Content="XY 平面参数" />
	<Message ID="G173::Track_Range" Content="方向槽宽" />
	<Message ID="G173::X_Length" Content="X轴  I" />
	<Message ID="G173::Hint::X_Length" Content="跑道X方向范围(正负号代表第二圆心与起点关系)" />
	<Message ID="G173::Y_Length" Content="Y轴  J" />
	<Message ID="G173::Hint::Y_Length" Content="跑道Y方向范围(正负号代表第二圆心与起点关系)" />
	<Message ID="G173::Cut_Width" Content="扩孔进给(W)" />
	<Message ID="G173::Hint::Cut_Width" Content="XY平面扩孔加工进给量(单位mm)" />
	<Message ID="G173::Cut_Dire" Content="扩孔方向(U)" />
	<Message ID="G173::Hint::Cut_Dire" Content="加工方向(0:顺时针, 1:逆时针)" />
	<Message ID="G173::Fin_Amount" Content="精修预留(V)" />
	<Message ID="G173::Hint::Fin_Amount" Content="精加工预留量" />
	<Message ID="G173::Fin_Allow" Content="精加工(P)" />
	<Message ID="G173::Hint::Fin_Allow" Content="是否执行精加工动作(0:不执行, 1:执行精加工)" />
	<Message ID="G173::Speed" Content="主轴转速(S)" />
	<Message ID="G173::Hint::Speed" Content="主轴转速" />
	<Message ID="G173::Feedrate" Content="加工速率(F)" />
	<Message ID="G173::Hint::Feedrate" Content="XY平面加工速率" />
	<Message ID="G173::Z_Arg" Content="Z方向参数" />
	<Message ID="G173::Basic_Point" Content="基准点(A)" />
	<Message ID="G173::Hint::Basic_Point" Content="Z轴加工范围基准点, 加工范围上方的预留量" />
	<Message ID="G173::Z_Inc" Content="Z向进给(D)" />
	<Message ID="G173::Hint::Z_Inc" Content="Z方向每次加工的分层进给量" />
	<Message ID="G173::Z_Dep" Content="加工总量(H)" />
	<Message ID="G173::Hint::Z_Dep" Content="Z方向的总加工量(不含加工预留量A)" />
	<Message ID="G173::Corner_Radius" Content="圆角半径(R)" />
	<Message ID="G173::Hint::Corner_Radius" Content="四个角度导四个圆角R" />
	<Message ID="G173::Feedrate_Z" Content="Z向速度(E)" />
	<Message ID="G173::Hint::Feedrate_Z" Content="端铣刀Z方向下降加工速度" />	
	<Message ID="G173::Radius" Content="圆孔半径(R)" />
	<Message ID="G173::Hint::Radius" Content="所欲加工最终尺寸" />	
		
	<!-- ========== G174 String Define ===================== -->
	<Message ID="G174::G174_Title" Content="跑道形孔精加工循环 (G174)" />
	<Message ID="G174::Hint::Z_Dep" Content="Total machining amount in Z direction" />
	<Message ID="G174::Z_Speed" Content="Z向速度E" />
	<Message ID="G174::Hint::Z_Speed" Content="端铣刀Z方向下降加工速度" />

	<!-- ========== G175 String Define ===================== -->
	<Message ID="G175::G175_Title" Content="方形槽粗加工循环 (G175)" />
	<Message ID="G175::Hint::Z_Dep" Content="Total machining amount in Z direction" />
	<Message ID="G175::Hint::X_Length" Content="方形槽X方向范围(正负号代表第二圆心与起点关系)" />
	<Message ID="G175::Hint::Y_Length" Content="方形槽Y方向范围(正负号代表第二圆心与起点关系)" />	

	<!-- ========== G176 String Define ===================== -->
	<Message ID="G176::G176_Title" Content="方形槽精加工循环 (G176)" />
	<Message ID="G176::Z_Speed" Content="Z Speed(E)" />
	<Message ID="G176::Hint::Z_Speed" Content="Machining speed in Z direction" />

	<!-- ========== G177 String Define ===================== -->
	<Message ID="G177::G177_Title" Content="圆形孔粗加工循环 (G177)" />
	<Message ID="G177::Z_Speed" Content="Z Speed(E)" />
	<Message ID="G177::Hint::Z_Speed" Content="Machining speed in Z direction" />

	<!-- ========== G178 String Define ===================== -->
	<Message ID="G178::G178_Title" Content="圆形孔精加工循环 (G178)" />

	<!--  M98  String Define   -->
	<Message ID="Cycle::M98::Title" Content="Call subroutine(M98)" />
	<Message ID="Cycle::M98::Subroutine Name" Content="Subroutine Name(P)" />
	<Message ID="Cycle::Hint::M98::Subroutine Name" Content="Subroutine Name" />
	<Message ID="Cycle::M98::Repeattime" Content="Repeat Time(L)" />
	<Message ID="Cycle::Hint::M98::Repeattime" Content="Repeat Time" />
	<Message ID="Cycle::M98::SerialNo" Content="Serial No.(H)" />
	<Message ID="Cycle::Hint::M98::SerialNo" Content="Serial No." />
</ResMap>
