﻿<?xml version="1.0" encoding="UTF-8"?>
<!--Created by 'eHMI'version2.2.5-->
<ResMap>
  <Message ID="Browser::_MonSTDData::Caption::Lab_StatusTitle::RunStatus" Content="加工狀態" />
  <Message ID="Browser::_MonSTDData::Caption::Lab_WorkTime::RunTime" Content="加工時間" />
  <Message ID="Browser::_MonSTDData::Caption::Lab_WorkHour::Hour" Content="時" />
  <Message ID="Browser::_MonSTDData::Caption::Lab_WorkMin::Min" Content="分" />
  <Message ID="Browser::_MonSTDData::Caption::Lab_WorkSec::Sec" Content="秒" />
  <Message ID="Browser::_MonSTDData::Caption::Lab_AcumPartCount::TotalAcumPartCount" Content="總工件數" />
  <Message ID="Browser::_MonSTDData::Caption::Lab_AcumPartCount::AcumPartCount" Content="工件數" />
  <Message ID="Browser::_MonSTDData::Caption::Lab_Feedrate::FeedRate" Content="進給速率" />
  <Message ID="Browser::_MonSTDData::Caption::Lab_SpindleTitle::SpindleRate" Content="主軸轉速" />
  <Message ID="Browser::_MonSTDData::Caption::Lab_StartNo::StartBlockNo" Content="起始單節序號" />
  <Message ID="Browser::_MonSTDData::Caption::Lab_LoadingRate::LoadingRate" Content="負載率" />
</ResMap>