﻿<?xml version="1.0" encoding="utf-8" ?>
<ResMap>
	<!--========== Device/ModuleInfo Label Caption ==========-->
	<Message ID="SRIParameter::Device::Title" Content="裝置" />
	<Message ID="SRIParameter::Device::ModuleTitle" Content="硬體資訊與系統參數" />
	<Message ID="SRIParameter::Device::FirmwareUpdate" Content="韌體更新" />
	<Message ID="SRIParameter::Device::No" Content="站號" />
	<Message ID="SRIParameter::Device::InstallStatus" Content="目前硬體資訊" />
	<Message ID="SRIParameter::Device::ParamSetting" Content="系統參數設定" />
	<Message ID="SRIParameter::Module::No" Content="順序編號" />
	<Message ID="SRIParameter::Module::ModuleID" Content="指撥開關號碼" />
	<Message ID="SRIParameter::Module::Type" Content="模組型號" />
	<Message ID="SRIParameter::Module::ReadStartAddress" Content="讀取起始 R" />
	<Message ID="SRIParameter::Module::WriteStartAddress" Content="寫入起始 R" />
	<Message ID="SRIParameter::Module::FirmwareVer" Content="韌體版本" />
	<Message ID="SRIParameter::Module::SerialNo" Content="序號" />
	
	<!--========== common message ==========-->
	<Message ID="SRIParameter::Device::DisableDeviceConfirm" Content="停用裝置將清除系統參數設定，是否停用" />
	<Message ID="SRIParameter::Device::DisableDeviceSuccess" Content="停用裝置成功" />
	<Message ID="SRIParameter::Device::SettingError" Content="設定錯誤！" />
	<Message ID="SRIParameter::Device::SettingSuccess" Content="儲存成功，將於重新啟動系統後生效！" />
	<Message ID="SRIParameter::Device::WriteError" Content="寫入失敗！" />
	<Message ID="SRIParameter::Device::RepeatRBit" Content="重複使用!" />
	<Message ID="SRIParameter::Device::SaveConfirm" Content="儲存SRI系統參數設定？" />
	<Message ID="SRIParameter::Device::DifferentConfirm" Content="硬體資訊與系統參數設定不一致，是否離開？" />
	<Message ID="SRIParameter::Device::UpdarteParamConfirm" Content="自動同步硬體資訊到系統參數設定？" />
	<Message ID="SRIParameter::Module::UpdateFirmware::Hint" Content="韌體更新中，請勿對機台進行操作！" />
	<Message ID="SRIParameter::Module::UpdateFirmware::ListEmpty" Content="更新模組個數不可為 0，請選擇模組!" />
	<Message ID="SRIParameter::Module::UpdateFirmware::DeviceTypeErr" Content="更新模組類型無法辨別，請與原廠聯絡!" />
	<Message ID="SRIParameter::Module::UpdateFirmware::DeviceTypeNotSame" Content="更新模組類型必須相同，請重新選擇!" />
	<Message ID="SRIParameter::Module::UpdateFirmware::MissFile" Content="遺失更新檔案，請與原廠聯絡!" />
	<Message ID="SRIParameter::Module::UpdateFirmware::FileErr" Content="更新檔案錯誤，請與原廠聯絡!" />
	<Message ID="SRIParameter::Module::UpdateFirmware::Restart" Content="韌體更新完成，請重新啟動系統！" />
	<Message ID="SRIParameter::Module::UpdateFirmware::Failed" Content="韌體更新失敗，請重新進行操作！" />
</ResMap>
