﻿<?xml version="1.0" encoding="UTF-8"?>
<ResMap>
	<!-- ========== Page control ===================== -->
	<Message ID="PControl::Data_Remain" Content="More" />
	<Message ID="PControl::PrePage" Content="Prev" />

	<!-- ========== Canned Cycle Fenu button String Define ===================== -->
	<Message ID="Fenu::Program::InputOk" Content="Ok" />

	<!-- ========== Caned Cycle Entry Main Menu String Define ===================== -->
	<Message ID="CanCycle:CommonMenu" Content="CommonCanCycle" />
	<Message ID="CanCycle:CustomMenu" Content="MakerCanCycle" />
	<Message ID="CanCycle:PrdMenu" Content="ProductCanCycle" />

	<!-- ========== Canned Cycle Title String Define ===================== -->
	<Message ID="MMI::CannedCycle::MenuTitle" Content="Canned Cycle Menu" />
	<Message ID="MMI::CannedCycle::InputTitle" Content="Canned Cycle Data Input" />
	<Message ID="MMI::CannedCycle::FileNotExist" Content=" File not exist!" />
	<Message ID="MMI::CannedCycle::GCodeNotDefine" Content=" Not define Canned cycle!" />
	<Message ID="MMI::CannedCycle::Cannot_X_U" Content="In lathe system, X, U can't write in same block!" />
	<Message ID="MMI::CannedCycle::Cannot_Y_V" Content="In lathe system, Y, V can't write in same block!" />
	<Message ID="MMI::CannedCycle::Cannot_Z_W" Content="In lathe system, Z, W can't write in same block!" />
	<Message ID="MMI::CannedCycle::Cannot_XU_YV_ZW" Content="In lathe system, X, U or Y, V or Z, W can't write in same block!" />
	<Message ID="MMI::CannedCycle::AllNone_K_C_A" Content="Argument K C A must be all or none" />
	<Message ID="MMI::CannedCycle::K_C_A_Double_digit" Content="Argument K C A must between 0~99" />	

	<!-- ========== Caned Cycle Common Main Menu String Define ===================== -->
	<Message ID="CanCycle:G00" Content="Rapid Position (G00)" />
	<Message ID="CanCycle:G01" Content="Linear Interpolation (G01)" />
	<Message ID="CanCycle:Circular" Content="Circular Linterpolation (G02/G03)" />
	<Message ID="CanCycle:GCodeList" Content="Other G Code Functions" />
	<Message ID="CanCycle:MCodeList" Content="Other M Code Functions" />
	<Message ID="CanCycle:Coordinate" Content="Coordinates Setting" />
	<Message ID="CanCycle:CannedCycle" Content="Canned Cycle" />
	<Message ID="CanCycle:Facing" Content="Facing" />
	<Message ID="CanCycle:Pocketing" Content="Pocketing" />
	<Message ID="CanCycle:PatternPositioning" Content="Pattern Positioning" />

	<!-- ========== Caned Cycle Circular Menu String Define ===================== -->
	<Message ID="CanCycle:G02" Content="Circular Interpolation CW (G02)" />
	<Message ID="CanCycle:G03" Content="Circular Interpolation CCW (G03)" />

	<!-- ========== Caned Cycle GCodeList Menu String Define ===================== -->
	<Message ID="CanCycle:G90" Content="Absolute input (G90)" />
	<Message ID="CanCycle:G91" Content="Incremental input (G91)" />
	<Message ID="CanCycle:G40" Content="Tool radius compensation off (G40)" />
	<Message ID="CanCycle:G41" Content="Tool radius left compensation (G41)" />
	<Message ID="CanCycle:G42" Content="Tool radius right compensation (G42)" />
	<Message ID="CanCycle:G04" Content="Dwell (G04)" />
	<Message ID="CanCycle:G10" Content="Programmable input (G10)" />
	<Message ID="CanCycle:G70" Content="ENGLISH input unit (G70)" />
	<Message ID="CanCycle:G71" Content="METRIC  input unit (G71)" />
	<Message ID="CanCycle:G94" Content="Feed per minute.(mm/min) (G94)" />
	<Message ID="CanCycle:G95" Content="Feed per revolution(mm/rev) (G95)" />
	<Message ID="CanCycle:G96" Content="Constant surface speed (G96)" />
	<Message ID="CanCycle:G97" Content="Constant surface speed cancel (G97)" />
	<Message ID="CanCycle:G98" Content="Return to initial point (G98)" />
	<Message ID="CanCycle:G99" Content="Return to R point (G99)" />
	<Message ID="CanCycle:M98" Content="Call subroutine  (M98)" />
	<Message ID="CanCycle:M99" Content="Return to main program (M99)" />

	<!-- ========== Caned Cycle MCodeList Menu String Define ===================== -->
	<Message ID="CanCycle:M00" Content="Program Pause (M00)" />
	<Message ID="CanCycle:M01" Content="Selectable Program Pause(M01)" />
	<Message ID="CanCycle:M02" Content="Program End(M02)" />
	<Message ID="CanCycle:M03" Content="Spindle Start CW(M03)" />
	<Message ID="CanCycle:M04" Content="Spindle Start CCW(M04)" />
	<Message ID="CanCycle:M05" Content="Spindle Stop (M05)" />
	<Message ID="CanCycle:M08" Content="Coolant Open(M08)" />
	<Message ID="CanCycle:M09" Content="Coolant Close(M09)" />
	<Message ID="CanCycle:M10" Content="Jaw Close (M10)" />
	<Message ID="CanCycle:M11" Content="Jaw Open (M11)" />
	<Message ID="CanCycle:M30" Content="Program End, Return to initial point(M30)" />

	<!-- ========== Caned Cycle Coordinate Setting Menu String Define ===================== -->
	<Message ID="CanCycle:AXIS01" Content="1st Coordinate System" />
	<Message ID="CanCycle:AXIS02" Content="2ed Coordinate System" />
	<Message ID="CanCycle:AXIS03" Content="3rd Coordinate System" />
	<Message ID="CanCycle:AXIS04" Content="4th Coordinate System" />
	<Message ID="CanCycle:AXIS05" Content="5th Coordinate System" />
	<Message ID="CanCycle:AXIS06" Content="6th Coordinate System" />

	<!-- ========== Caned Cycle Menu String Define ===================== -->
	<Message ID="CanCycle:G73" Content="High-speed Peck Drilling Cycle (G73)" />
	<Message ID="CanCycle:G74" Content="Left-handed Tapping Cycle (G74)" />
	<Message ID="CanCycle:G76" Content="Fine Boring Cycle (G76)" />
	<Message ID="CanCycle:G80" Content="Cannel cycle Cancel (G80)" />
	<Message ID="CanCycle:G81" Content="Drilling Cycle, Spot Drilling (G81)" />
	<Message ID="CanCycle:G82" Content="Drilling Cycle Counter Boring Cycle (G82)" />
	<Message ID="CanCycle:G83" Content="Peck Drilling Cycle (G83)" />
	<Message ID="CanCycle:G84" Content="Tapping Cycle (G84)" />
	<Message ID="CanCycle:G85" Content="Drilling Cycle (G85)" />
	<Message ID="CanCycle:G86" Content="Fast Drilling Cycle (G86)" />
	<Message ID="CanCycle:G87" Content="Back Boring Cycle (G87)" />
	<Message ID="CanCycle:G88" Content="Semiautomatic Fine Boring Cycle (G88)" />
	<Message ID="CanCycle:G89" Content="Pause Boring Cycle (G89)" />

	<!-- ========== Caned Cycle Facing Menu String Define ===================== -->
	<Message ID="CanCycle:G161" Content="Bi-directional Cutting X (G161)" />
	<Message ID="CanCycle:G162" Content="Unidirectional Cutting X (G162)" />
	<Message ID="CanCycle:G163" Content="Bi-directional Cutting Y (G163)" />
	<Message ID="CanCycle:G164" Content="Unidirectional Cutting Y (G164)" />

	<!-- ========== Caned Cycle Pocketing Menu String Define ===================== -->
	<Message ID="CanCycle:G173" Content="Roughing Track Pocket (G173)" />
	<Message ID="CanCycle:G174" Content="Finishing Track Pocket (G174)" />
	<Message ID="CanCycle:G175" Content="Roughing Square Pocket (G175)" />
	<Message ID="CanCycle:G176" Content="Finishing Square Pocket (G176)" />
	<Message ID="CanCycle:G177" Content="Roughing Circle Pocket (G177)" />
	<Message ID="CanCycle:G178" Content="Finishing Circle Pocket (G178)" />

	<!-- ========== Caned Cycle Pattern Position Menu String Define ===================== -->
	<Message ID="CanCycle:G134.1" Content="Circle Pattern Positioning (G134.1)" />
	<Message ID="CanCycle:G135.1" Content="Oriented Line Pattern Positioning (G135.1)" />
	<Message ID="CanCycle:G136.1" Content="Circular Pattern Positioning (G136.1)" />
	<Message ID="CanCycle:G137.2" Content="Grid Pattern Positioning (G137.2)" />

	<!-- ==========Canned Cycle Common String Define ===================== -->
	<Message ID="Cycle::EndPoint" Content="End Point" />
	<Message ID="Cycle::X_End" Content="X Axis" />
	<Message ID="Cycle::Hint::X_End" Content="End point X" />
	<Message ID="Cycle::Y_End" Content="Y Axis" />
	<Message ID="Cycle::Hint::Y_End" Content="End point Y" />
	<Message ID="Cycle::Z_End" Content="Z Axis" />
	<Message ID="Cycle::Hint::Z_End" Content="End point Z" />
	<Message ID="Cycle::Spindle" Content="Speed(S)" />
	<Message ID="Cycle::Hint::Spindle" Content="Spindle speed" />
	<Message ID="Cycle::Feedrate" Content="Feedrate(F)" />
	<Message ID="Cycle::Hint::Feedrate" Content="Cutting feedrate" />
	<Message ID="Cycle::LineNo" Content="LineNo:" />

	<!-- ========== G00 String Define ===================== -->
	<Message ID="Browser::G00::Caption::Lab_LineNo::LineNo" Content="LnNo.(N)" />
	<Message ID="Browser::G00::HintLabel::Inp_LineNo::LineNo_N" Content="Line Number N" />

	<!-- ========== G01 String Define ===================== -->
	<Message ID="G01::ChamferTitle" Content="Chamfer or radius of corner" />
	<Message ID="G01::Chamfer_C" Content="Chamfer(C)" />
	<Message ID="G01_Hint::Chamfer_C" Content="Chamfering a corner made by two straight lines" />
	<Message ID="G01::Radius_R" Content="Radius(R)" />
	<Message ID="G01_Hint::Radius_R" Content="Rounding a corner made by two straight lines" />
	<Message ID="Browser::G01::Caption::Lab_Angle_A::Angle_A" Content="Angle(A)" />
    <Message ID="Browser::G01::HintLabel::Inp_AngleA::Angle_A" Content="Straight line angle" />
	<Message ID="G01::1113" Content="Center Vector" />
	<Message ID="G01::1114" Content="X Axis(I)" />
	<Message ID="G01_Hint::1115" Content="Distance from the start point X to the center of" />
	<Message ID="G01::1116" Content="Y Axis(J)" />
	<Message ID="G01_Hint::1117" Content="Distance from the start point Y to the center of" />
	<Message ID="G01::1118" Content="Radius of corner" />
	<Message ID="G01::1119" Content="Radius(R)" />
	<Message ID="G01_Hint::1120" Content="Rounding a corner made by two straight lines" />
	<Message ID="Browser::G01::Caption::Lab_LineNo::LineNo" Content="Line No.(N)" />
	<Message ID="Browser::G01::HintLabel::Inp_LineNo::LineNo" Content="Line Number N" />

	<!-- ========== G02/G03 String Define ===================== -->
	<Message ID="Cycle::G02:CenterVector" Content="CenterVector" />
	<Message ID="Cycle::G02:AxisI" Content="X Axis(I)" />
	<Message ID="Cycle::Hint::G02:XAxisI" Content="Distance from the start point X to center" />
	<Message ID="Cycle::G02:AxisJ" Content="Y Axis(J)" />
	<Message ID="Cycle::Hint::G02:XAxisJ" Content="Distance from the start point Y to center" />
	<Message ID="Cycle::G02:Radius.1" Content="Radius(R)" />
	<Message ID="Cycle::G02:RadiusOfCorner.1" Content="Radius Of Corner" />
	<Message ID="Cycle::Hint::G02:Radius" Content="The radius of the arc" />
	<Message ID="Browser::G02G03::Caption::LineNo" Content="Line No.(N)" />
	<Message ID="Browser::G02G03::HintLabel::LineNo" Content="Line Number" />
	
	<!-- ========== G04 String Define ===================== -->
	<Message ID="Cycle::DwellTime(G04)" Content="Dwell(G04)" />
	<Message ID="Cycle::DwellTime" Content="Dwell Time" />
	<Message ID="Cycle::G04:DwellTime" Content="Dwell time in second" />

	<!-- ========== G10 String Define ===================== -->
	<Message ID="Cycle::ProgrammableInput(G10)" Content="Programmable Input(G10)" />
	<Message ID="Cycle::G10::ValueSelect" Content="Value Select(L)" />
	<Message ID="Cycle::Hint::G10::ValueSelect" Content="10:G. H. 11:W. H. 12:G. D. 13:W. D." />
	<Message ID="Cycle::G10::Toolnumber" Content="Tool Number(P)" />
	<Message ID="Cycle::Hint::G10::Toolnumber" Content="Number of tool compensation" />
	<Message ID="Cycle::G10::Comp" Content="Comp. Value(R)" />
	<Message ID="Cycle::Hint::G10::Comp" Content="Tool compensation value" />

	<!-- ========== G73 String Define ===================== -->
	<Message ID="G73::G73_Title" Content="High-speed Peck Drilling Cycle (G73)" />
	<Message ID="G73::Hole_X" Content="Position X" />
	<Message ID="G73::Hint::HX_End" Content="The X position of the hole" />
	<Message ID="G73::Hole_Y" Content="Position Y" />
	<Message ID="G73::Hint::HY_End" Content="The Y position of the hole" />
	<Message ID="G73::R_To_Bottom" Content="R to Bottom(Z)" />
	<Message ID="G73::Hint::R_To_Bottom" Content="Distance from point R to bottom of the hole" />
	<Message ID="G73::Init_To_R" Content="Init. to R(R)" />
	<Message ID="G73::Hint::Init_To_R" Content="Distance from the initial level to point R level" />
	<Message ID="G73::Each_Depth" Content="Each depth(Q)" />
	<Message ID="G73::Hint::Each_Depth" Content="Depth of cut for each cutting feed" />
	<Message ID="G73::Repeat_K" Content="Repeats(K)" />
	<Message ID="G73::Hint::Repeat_K" Content="The number of repeats to drill" />
	<Message ID="G73::Feedrate" Content="Feedrate(F)" />
	<Message ID="G73::Hint::Feedrate" Content="Cutting feedrate" />
	<Message ID="G73::Dwell_Time" Content="Dwell time(P)" />
	<Message ID="G73::Hint::Dwell_Time" Content="The dwell time at the hole bottm" />
	<Message ID="G73::Shift_Amount" Content="Shift amount(Q)" />
	<Message ID="G73::Hint::Shift_Amount" Content="Shift amount at the bottom of the hole" />

	<!-- ========== G74 String Define ===================== -->
	<Message ID="G74::G74_Title" Content="Left-handed Tapping Cycle (G74)" />

	<!-- ========== G76 String Define ===================== -->
	<Message ID="G76::G76_Title" Content="Fine Boring Cycle (G76)" />

	<!-- ========== G81 String Define ===================== -->
	<Message ID="G81::G81_Title" Content="Drilling Cycle, Spot Drilling (G81)" />

	<!-- ========== G82 String Define ===================== -->
	<Message ID="G82::G82_Title" Content="Drilling Cycle Counter Boring Cycle (G82)" />

	<!-- ========== G83 String Define ===================== -->
	<Message ID="G83::G83_Title" Content="Peck Drilling Cycle (G83)" />

	<!-- ========== G84 String Define ===================== -->
	<Message ID="G84::G84_Title" Content="Tapping Cycle (G84)" />

	<!-- ========== G85 String Define ===================== -->
	<Message ID="G85::G85_Title" Content="Drilling Cycle (G85)" />

	<!-- ========== G86 String Define ===================== -->
	<Message ID="G86::G86_Title" Content="Fast Drilling Cycle (G86)" />

	<!-- ========== G87 String Define ===================== -->
	<Message ID="G87::G87_Title" Content="Back Boring Cycle (G87)" />

	<!-- ========== G88 String Define ===================== -->
	<Message ID="G88::G88_Title" Content="Semiautomatic Fine Boring Cycle (G88)" />

	<!-- ========== G89 String Define ===================== -->
	<Message ID="G89::G89_Title" Content="Pause Boring Cycle (G89)" />

	<!-- ========== G134.1 String Define ===================== -->
	<Message ID="G134.1::G134.1_Title" Content="Circle Pattern Positioning (G134.1)" />
	<Message ID="G134.1::Circle_Center" Content="Center" />
	<Message ID="G134.1::Center_X" Content="Center X" />
	<Message ID="G134.1::Hint::Center_X" Content="Coordinates X of the center of a circle" />
	<Message ID="G134.1::Center_Y" Content="Center Y" />
	<Message ID="G134.1::Hint::Center_Y" Content="Coordinates Y of the center of a circle" />
	<Message ID="G134.1::Radius" Content="Radius(I)" />
	<Message ID="G134.1::Hint::Radius" Content="The radius of the circle" />
	<Message ID="G134.1::Starting_Angle " Content="Starting angle(J)" />
	<Message ID="G134.1::Hint::Starting_Angle" Content="Angle of first pattern to the horizontal direction" />
	<Message ID="G134.1::Hole_Number " Content="Holes(K)" />
	<Message ID="G134.1::Hint::Hole_Number" Content="The number of machining positions on the circle" />
	<Message ID="G134.1::Z_Arg" Content="Z Axis Arguments" />
	<Message ID="G134.1::Hole_Depth" Content="Hole depth(Z)" />
	<Message ID="G134.1::Hint::Hole_Depth" Content="The depth of surface to the hole's bottom" />
	<Message ID="G134.1::Initial_Point" Content="Init. to R(R)" />
	<Message ID="G134.1::Hint::Initial_Point" Content="Distance from the initial level to point R level" />
	<Message ID="G134.1::Dwell_Time" Content="Dwell time(P)" />
	<Message ID="G134.1::Hint::Dwell_Time" Content="Dwell time at the bottom of the hole" />
	<Message ID="G134.1::Each_Cutting_Feed" Content="Each depth(Q)" />
	<Message ID="G134.1::Hint::Each_Cutting_Feed" Content="Depth of cut for each cutting feed" />
	<Message ID="G134.1::Retraction" Content="Retraction(D)" />
	<Message ID="G134.1::Hint::Retraction" Content="Retraction method,0:normal;1:high speed" />
	<Message ID="G134.1::Feedrate" Content="Feedrate(F)" />
	<Message ID="G134.1::Hint::Feedrate" Content="Cutting feedrate" />

	<!-- ========== G135.1 String Define ===================== -->
	<Message ID="G135.1::G135.1_Title" Content="Oriented Line Pattern Positioning (G135.1)" />
	<Message ID="G135.1::Starting_Position" Content="Position" />
	<Message ID="G135.1::Center_X" Content="Point X" />
	<Message ID="G135.1::Hint::Center_X" Content="Coordinates X of the starting point" />
	<Message ID="G135.1::Center_Y" Content="Point Y" />
	<Message ID="G135.1::Hint::Center_Y" Content="Coordinates Y of the starting point" />
	<Message ID="G135.1::Pitch" Content="Pitch(I)" />
	<Message ID="G135.1::Hint::Pitch" Content="The positioning pitch" />
	<Message ID="G135.1::Orientation_Angle" Content="Orient. angle(J)" />
	<Message ID="G135.1::Hint::Orientation_Angle" Content="Angle of first pattern to the horizontal direction" />

	<!-- ========== G136.1 String Define ===================== -->
	<Message ID="G136.1::G136.1_Title" Content="Circular Pattern Positioning (G136.1)" />
	<Message ID="G136.1::Hint::Center_X" Content="Coordinate X of the center of the arc" />
	<Message ID="G136.1::Hint::Center_Y" Content="Coordinate Y of the center of the arc" />
	<Message ID="G136.1::Hint::Radius" Content="The radius of the arc" />
	<Message ID="G136.1::Pitch_Angle" Content="Pitch angle(A)" />
	<Message ID="G136.1::Hint::Pitch_Angle" Content="Angle subtended by adjacent drilling positions" />

	<!-- ========== G137.2 String Define ===================== -->
	<Message ID="G137.2::G137.2_Title" Content="Grid Pattern Positioning (G137.2)" />
	<Message ID="G137.2::X_Arg" Content="X Axis Arguments" />
	<Message ID="G137.2::Horizontal_Pitch" Content="H. picth(I)" />
	<Message ID="G137.2::Hint::Horizontal_Pitch" Content="Horizontal positioning pitch" />
	<Message ID="G137.2::Y_Arg" Content="Y Axis Arguments" />
	<Message ID="G137.2::Number_Horizontal_Holes" Content="H. holes(A)" />
	<Message ID="G137.2::Hint::Number_Horizontal_Holes" Content="Number of machining positions along horizontal side of the rectangle" />
	<Message ID="G137.2::Xstart" Content="X Start (B)" />
	<Message ID="G137.2::Hint::Xstart" Content="X axis start hole No" />
	<Message ID="G137.2::Ystart" Content="Y Start (C)" />
	<Message ID="G137.2::Hint::Ystart" Content="Y axis start hole No" />
	<Message ID="G137.2::Vertical_Pitch" Content="V. picth(J)" />
	<Message ID="G137.2::Hint::Vertical_Pitch" Content="Vertical positioning pitch" />
	<Message ID="G137.2::Number_Vertical_Holes" Content="V. holes(K)" />
	<Message ID="G137.2::Hint::Number_Vertical_Holes" Content="Number of machining positions along vertical side of the rectangle" />

	<!-- ========== G161 String Define ===================== -->
	<Message ID="G161::G161_Title" Content="Bi-direction Cutting X (G161)" />
	<Message ID="G161::XY_Arg" Content="XY Plane Arguments" />	
	<Message ID="G161::Mach_Range" Content="Region" />	
	<Message ID="G161::Width" Content="Width I" />
	<Message ID="G161::Hint::Width" Content="Width of the facing range. The sign of I decides the cutting direction" />
	<Message ID="G161::Length" Content="Length J" />
	<Message ID="G161::Hint::Length" Content="Length of the facing range in direction Y. The sign of J decides the cutting direction" />
	<Message ID="G161::Cut_Width" Content="Cutting width(W)" />
	<Message ID="G161::Hint::Cut_Width" Content="XY Plane per cutting width " />
	<Message ID="G161::Z_Arg" Content="Z Axis Arguments" />
	<Message ID="G161::Z_Inc" Content="Z increase(D)" />
	<Message ID="G161::Hint::Z_Inc" Content="Each machining amount in Z direction" />
	<Message ID="G161::Z_Dep" Content="Z depth(H)" />
	<Message ID="G161::Hint::Z_Dep" Content="Total machining amount in Z direction" />
	<Message ID="G161::Speed" Content="Speed(S)" />
	<Message ID="G161::Hint::Speed" Content="Machining speed in Z direction" />
	<Message ID="G161::Feedrate_XY" Content="Feedrate(F)" />
	<Message ID="G161::Hint::Feedrate_XY" Content="Cutting feedrate" />
	<Message id="G161::Feedrate_Z" Content="Z Speed(E)" />
	<Message ID="G161::Hint::Feedrate_Z" Content="Spindle rotion speed (r.p.m)" />
	<Message ID="G161::Z_Retract" Content="Z retraction(A)" />
	<Message ID="G161::Hint::Z_Retract" Content="Machining speed in Z direction" />	

	<!-- ========== G162 String Define ===================== -->
	<Message ID="G162::G162_Title" Content="Unidirection Cutting X (G162)" />
	<Message ID="G162::Hint::Z_Dep" Content="The total machining depth" />
	<Message ID="G162::Hint::Z_Retract" Content="Retraction in Z direction" />
	<Message ID="G162::Hint::Speed" Content="Spindel rotation speed(r.p.m)" />
	<Message ID="G162::Hint::Feedrate_XY" Content="Cutting feedrate in XY plane" />
	<Message ID="G162::Hint::Feedrate_Z" Content="Cutting feedrate in Z direction" />

	<!-- ========== G163 String Define ===================== -->
	<Message ID="G163::G163_Title" Content="Bi-direction Cutting Y (G163)" />
	<Message ID="G163::Cut_Width" Content="Cut Width" />
	<Message ID="G163::Hint::Z_Dep" Content="The total machining depth" />
	<Message ID="G163::Hint::Speed" Content="Spindel rotation speed(r.p.m)" />
	<Message ID="G163::Hint::Feedrate_XY" Content="Cutting feedrate in XY plane" />
	<Message ID="G163::Hint::Feedrate_Z" Content="Cutting feedrate in Z direction" />

	<!-- ========== G164 String Define ===================== -->
	<Message ID="G164::G164_Title" Content="Unidirection Cutting Y (G164)" />
	<Message ID="G164::Hint::Z_Dep" Content="The total machining depth" />
	<Message ID="G164::Hint::Z_Retract" Content="Retraction in Z direction" />
	<Message ID="G164::Hint::Speed" Content="Spindel rotation speed" />
	<Message ID="G164::Hint::Feedrate_XY" Content="Cutting feedrate in XY plane" />
	<Message ID="G164::Hint::Feedrate_Z" Content="Cutting feedrate in Z direction" />

	<!-- ========== G173 String Define ===================== -->
	<Message ID="G173::G173_Title" Content="Roughing Track Pocket (G173)" />
	<Message ID="G173::XY_Arg" Content="XY Plane Arguments" />
	<Message ID="G173::Track_Range" Content="Range" />
	<Message ID="G173::X_Length" Content="Length  I" />
	<Message ID="G173::Hint::X_Length" Content="The machining length in X direction" />
	<Message ID="G173::Y_Length" Content="Length  J" />
	<Message ID="G173::Hint::Y_Length" Content="The machining length in Y direction" />
	<Message ID="G173::Cut_Width" Content="Cutting width(W)" />
	<Message ID="G173::Hint::Cut_Width" Content="XY Plane per cutting width" />
	<Message ID="G173::Cut_Dire" Content="Cutting dire(U)" />
	<Message ID="G173::Hint::Cut_Dire" Content="Direction in which the tool moves(0=cloclwise, 1=counter clockwise)" />
	<Message ID="G173::Fin_Amount" Content="Fin. amount(V)" />
	<Message ID="G173::Hint::Fin_Amount" Content="The amount is prepared for finish machine" />
	<Message ID="G173::Fin_Allow" Content="Fin. allow(P)" />
	<Message ID="G173::Hint::Fin_Allow" Content="0=Finish cutting is not performed. 1=Finishing cutting performed." />
	<Message ID="G173::Speed" Content="Speed(S)" />
	<Message ID="G173::Hint::Speed" Content="Spindle rotation speed (r.p.m)" />
	<Message ID="G173::Feedrate" Content="Feedrate(F)" />
	<Message ID="G173::Hint::Feedrate" Content="Cutting Feedrate" />
	<Message ID="G173::Z_Arg" Content="Z Axis Arguments" />
	<Message ID="G173::Basic_Point" Content="Basic point(A)" />
	<Message ID="G173::Hint::Basic_Point" Content="Basic point to the initial point in the Z direction" />
	<Message ID="G173::Z_Inc" Content="Z increase(D)" />
	<Message ID="G173::Hint::Z_Inc" Content="Each machining amount in Z direction" />
	<Message ID="G173::Z_Dep" Content="Z depth(H)" />
	<Message ID="G173::Hint::Z_Dep" Content="The total machining depth" />
	<Message ID="G173::Corner_Radius" Content="Corner radius(R)" />
	<Message ID="G173::Hint::Corner_Radius" Content="The radius of four corners" />
	<Message ID="G173::Feedrate_Z" Content="Z speed(E)" />
	<Message ID="G173::Hint::Feedrate_Z" Content="Machining speed in Z direction" />
	<Message ID="G173::Radius" Content="Radius(R)" />
	<Message ID="G173::Hint::Radius" Content="The radius of the circle" />	

	<!-- ========== G174 String Define ===================== -->
	<Message ID="G174::G174_Title" Content="Finishing Track Pocket (G174)" />
	<Message ID="G174::Hint::Z_Dep" Content="Total machining amount in Z direction" />
	<Message ID="G174::Z_Speed" Content="Z Speed(E)" />
	<Message ID="G174::Hint::Z_speed" Content="Machining speed in Z direction" />

	<!-- ========== G175 String Define ===================== -->
	<Message ID="G175::G175_Title" Content="Roughing Square Pocket (G175)" />
	<Message ID="G175::Hint::Z_Dep" Content="Total machining amount in Z direction" />
	<Message ID="G175::Hint::X_Length" Content="X Length" />
	<Message ID="G175::Hint::Y_Length" Content="Y Length" />	

	<!-- ========== G176 String Define ===================== -->
	<Message ID="G176::G176_Title" Content="Finishing Square Pocket (G176)" />
	<Message ID="G176::Z_Speed" Content="Z Speed(E)" />
	<Message ID="G176::Hint::Z_Speed" Content="Machining speed in Z direction" />

	<!-- ========== G177 String Define ===================== -->
	<Message ID="G177::G177_Title" Content="Roughing Circle Pocket (G177)" />
	<Message ID="G177::Z_Speed" Content="Z Speed(E)" />
	<Message ID="G177::Hint::Z_Speed" Content="Machining speed in Z direction" />

	<!-- ========== G178 String Define ===================== -->
	<Message ID="G178::G178_Title" Content="Finishing Circle Pocket (G178)" />

	<!--  M98  String Define   -->
	<Message ID="Cycle::M98::Title" Content="Call subroutine(M98)" />
	<Message ID="Cycle::M98::Subroutine Name" Content="Subroutine Name(P)" />
	<Message ID="Cycle::Hint::M98::Subroutine Name" Content="Subroutine Name" />
	<Message ID="Cycle::M98::Repeattime" Content="Repeat Time(L)" />
	<Message ID="Cycle::Hint::M98::Repeattime" Content="Repeat Time" />
	<Message ID="Cycle::M98::SerialNo" Content="Serial No.(H)" />
	<Message ID="Cycle::Hint::M98::SerialNo" Content="Serial No." />
</ResMap>
