﻿<?xml version="1.0" encoding="UTF-8"?>
<ResMap>
	<!-- ========== Page control ===================== -->
	<Message ID="PControl::Data_Remain" Content="尚有資料▼" />
	<Message ID="PControl::PrePage" Content="上一頁▲" />
  
	<!-- ========== Canned Cycle Fenu button String Define ===================== -->
	<Message ID="Fenu::Program::InputOk" Content="確定" />

	<!-- ========== Canned Cycle Title String Define ===================== -->
	<Message ID="MMI::CannedCycle::MenuTitle" Content="加工循環選單" />
	<Message ID="MMI::CannedCycle::InputTitle" Content="加工循環資料輸入" />
	<Message ID="MMI::CannedCycle::FileNotExist" Content=" 檔案不存在!" />
	<Message ID="MMI::CannedCycle::GCodeNotDefine" Content=" 沒有定義的加工循環!" />
	<Message ID="MMI::CannedCycle::Cannot_X_U" Content="車床程式中X, U 不能下在同一個單節!" />
	<Message ID="MMI::CannedCycle::Cannot_Y_V" Content="車床程式中Y, V 不能下在同一個單節!" />
	<Message ID="MMI::CannedCycle::Cannot_Z_W" Content="車床程式中Z, W 不能下在同一個單節!" />
	<Message ID="MMI::CannedCycle::Cannot_XU_YV_ZW" Content="車床程式中X, U 或 Y, V 或 Z, W不能下在同一個單節!" />
	<Message ID="MMI::CannedCycle::AllNone_K_C_A" Content="引數K C A必須同時存在或同時清空" />
	<Message ID="MMI::CannedCycle::K_C_A_Double_digit" Content="引數K C A必須介於0~99" />

	<!-- ========== Caned Cycle Entry Main Menu String Define ===================== -->
	<Message ID="CanCycle:CommonMenu" Content="標準人機循環加工" />
	<Message ID="CanCycle:CustomMenu" Content="機械廠循環加工" />
	<Message ID="CanCycle:PrdMenu" Content="準系統循環加工" />

	<!-- ========== Caned Cycle Common Main Menu String Define ===================== -->
	<Message ID="CanCycle:G00" Content="快速定位 (G00)" />
	<Message ID="CanCycle:G01" Content="直線切削 (G01)" />
	<Message ID="CanCycle:Circular" Content="圓弧切削 (G02/G03)" />
	<Message ID="CanCycle:GCodeList" Content="G Code雜項功能" />
	<Message ID="CanCycle:MCodeList" Content="M Code雜項功能" />
	<Message ID="CanCycle:Coordinate" Content="座標系統設定" />
	<Message ID="CanCycle:CannedCycle" Content="循環加工機能" />
	<Message ID="CanCycle:Facing" Content="面銑加工循環" />
	<Message ID="CanCycle:Pocketing" Content="挖槽加工循環" />
	<Message ID="CanCycle:PatternPositioning" Content="多孔加工循環" />

	<!-- ========== Caned Cycle Circular Menu String Define ===================== -->
	<Message ID="CanCycle:G02" Content="順時針切削 (G02)" />
	<Message ID="CanCycle:G03" Content="逆時針切削 (G03)" />

	<!-- ========== Caned Cycle GCodeList Menu String Define ===================== -->
	<Message ID="CanCycle:G90" Content="絕對指令 (G90)" />
	<Message ID="CanCycle:G91" Content="增量指令 (G91)" />
	<Message ID="CanCycle:G40" Content="刀具半徑補償消除 (G40)" />
	<Message ID="CanCycle:G41" Content="刀具半徑左補償 (G41)" />
	<Message ID="CanCycle:G42" Content="刀具半徑右補償 (G42)" />
	<Message ID="CanCycle:G04" Content="暫停 (G04)" />
	<Message ID="CanCycle:G10" Content="可程式資料輸入 (G10)" />
	<Message ID="CanCycle:G70" Content="英制單位加工 (G70)" />
	<Message ID="CanCycle:G71" Content="公制單位加工 (G71)" />
	<Message ID="CanCycle:G94" Content="每分鐘進給量(mm/min) (G94)" />
	<Message ID="CanCycle:G95" Content="每轉進給量(mm/rev) (G95)" />
	<Message ID="CanCycle:G96" Content="等表面切削速度 (G96)" />
	<Message ID="CanCycle:G97" Content="等表面切削速度取消 (G97)" />
	<Message ID="CanCycle:G98" Content="復歸到初始點 (G98)" />
	<Message ID="CanCycle:G99" Content="復歸到 R點 (G99)" />
	<Message ID="CanCycle:M98" Content="呼叫副程式 (M98)" />
	<Message ID="CanCycle:M99" Content="副程式返回主程式 (M99)" />

	<!-- ========== Caned Cycle MCodeList Menu String Define ===================== -->
	<Message ID="CanCycle:M00" Content="程式暫停 (M00)" />
	<Message ID="CanCycle:M01" Content="選擇性程式暫停(M01)" />
	<Message ID="CanCycle:M02" Content="程式終了(M02)" />
	<Message ID="CanCycle:M03" Content="主軸啟動(順時針)(M03)" />
	<Message ID="CanCycle:M04" Content="主軸啟動(逆時針)(M04)" />
	<Message ID="CanCycle:M05" Content="主軸關閉 (M05)" />
	<Message ID="CanCycle:M08" Content="加工液開啟 (M08)" />
	<Message ID="CanCycle:M09" Content="加工液關閉 (M09)" />
	<Message ID="CanCycle:M10" Content="夾爪夾緊 (M10)" />
	<Message ID="CanCycle:M11" Content="夾爪放鬆 (M11)" />
	<Message ID="CanCycle:M30" Content="程式終了，回復到起點(M30)" />
	
	<!-- ========== Caned Cycle Coordinate Setting Menu String Define ===================== -->
	<Message ID="CanCycle:AXIS01" Content="第一座標系統" />
	<Message ID="CanCycle:AXIS02" Content="第二座標系統" />
	<Message ID="CanCycle:AXIS03" Content="第三座標系統" />
	<Message ID="CanCycle:AXIS04" Content="第四座標系統" />
	<Message ID="CanCycle:AXIS05" Content="第五座標系統" />
	<Message ID="CanCycle:AXIS06" Content="第六座標系統" />
	
	<!-- ========== Caned Cycle Menu String Define ===================== -->
	<Message ID="CanCycle:G73" Content="高速啄式鑽孔循環 (G73)" />
	<Message ID="CanCycle:G74" Content="左手攻牙循環 (G74)" />
	<Message ID="CanCycle:G76" Content="精細搪孔循環 (G76)" />
	<Message ID="CanCycle:G80" Content="取消循環 (G80)" />
	<Message ID="CanCycle:G81" Content="鑚孔循環 (G81)" />
	<Message ID="CanCycle:G82" Content="孔底暫停鑚孔循環 (G82)" />
	<Message ID="CanCycle:G83" Content="啄式鑽孔循環 (G83)" />
	<Message ID="CanCycle:G84" Content="攻牙循環 (G84)" />
	<Message ID="CanCycle:G85" Content="鑽孔循環 (G85)" />
	<Message ID="CanCycle:G86" Content="快速鑽孔循環 (G86)" />
	<Message ID="CanCycle:G87" Content="背面精細搪孔循環 (G87)" />
	<Message ID="CanCycle:G88" Content="半自動精細搪孔循環 (G88)" />
	<Message ID="CanCycle:G89" Content="孔底暫停搪孔循環 (G89)" />
	
	<!-- ========== Caned Cycle Facing Menu String Define ===================== -->
	<Message ID="CanCycle:G161" Content="X軸雙向面銑加工循環 (G161)" />
	<Message ID="CanCycle:G162" Content="X軸單向面銑加工循環 (G162)" />
	<Message ID="CanCycle:G163" Content="Y軸雙向面銑加工循環 (G163)" />
	<Message ID="CanCycle:G164" Content="Y軸單向面銑加工循環 (G164)" />
	
	<!-- ========== Caned Cycle Pocketing Menu String Define ===================== -->
	<Message ID="CanCycle:G173" Content="跑道形孔粗加工循環 (G173)" />
	<Message ID="CanCycle:G174" Content="跑道形孔精加工循環 (G174)" />
	<Message ID="CanCycle:G175" Content="方形槽粗加工循環 (G175)" />
	<Message ID="CanCycle:G176" Content="方形槽精加工循環 (G176)" />
	<Message ID="CanCycle:G177" Content="圓形孔粗加工循環 (G177)" />
	<Message ID="CanCycle:G178" Content="圓形孔精加工循環 (G178)" />
	
	<!-- ========== Caned Cycle Pattern Position Menu String Define ===================== -->
	<Message ID="CanCycle:G134.1" Content="圓周孔加工循環 (G134.1)" />
	<Message ID="CanCycle:G135.1" Content="角度直線孔加工循環 (G135.1)" />
	<Message ID="CanCycle:G136.1" Content="圓弧孔加工循環 (G136.1)" />
	<Message ID="CanCycle:G137.2" Content="棋盤孔加工循環 (G137.2)" />

	<!-- ==========Canned Cycle Common String Define ===================== -->
	<Message ID="Cycle::EndPoint" Content="終點座標" />
	<Message ID="Cycle::X_End" Content="X  軸" />
	<Message ID="Cycle::Hint::X_End" Content="X 軸終點座標" />
	<Message ID="Cycle::Y_End" Content="Y  軸" />
	<Message ID="Cycle::Hint::Y_End" Content="Y 軸終點座標" />
	<Message ID="Cycle::Z_End" Content="Z  軸" />
	<Message ID="Cycle::Hint::Z_End" Content="Z 軸終點座標" />
	<Message ID="Cycle::Spindle" Content="主軸轉速S" />
	<Message ID="Cycle::Hint::Spindle" Content="主軸轉速" />
	<Message ID="Cycle::Feedrate" Content="加工速率F" />
	<Message ID="Cycle::Hint::Feedrate" Content="加工速率" />
	<Message ID="Cycle::LineNo" Content="行號:" />

	<!-- ========== G00 String Define ===================== -->
	<Message ID="Browser::G00::Caption::Lab_LineNo::LineNo" Content="行號(N)" />
	<Message ID="Browser::G00::HintLabel::Inp_LineNo::LineNo_N" Content="程式行號N" />

	<!-- ========== G01 String Define ===================== -->
	<Message ID="G01::ChamferTitle" Content="轉角倒角" />
	<Message ID="G01::Chamfer_C" Content="直線(C)" />
	<Message ID="G01_Hint::Chamfer_C" Content="在下一段加工路徑中，自動插入長度 C 的直線倒角" />
	<Message ID="G01::Radius_R" Content="圓角(R)" />
	<Message ID="G01_Hint::Radius_R" Content="在下一段加工路徑中，自動插入半徑 R 的圓弧倒角" />
	<Message ID="Browser::G01::Caption::Lab_Angle_A::Angle_A" Content="直線角度(A)" />
    <Message ID="Browser::G01::HintLabel::Inp_AngleA::Angle_A" Content="直線角度" />
	<Message ID="G01::1113" Content="圓心向量" />
	<Message ID="G01::1114" Content="X軸 I" />
	<Message ID="G01_Hint::1115" Content="圓心相對於原弧起點在X向之距離半徑量" />
	<Message ID="G01::1116" Content="Y軸 J" />
	<Message ID="G01_Hint::1117" Content="圓心相對於原弧起點在Y方向之距離半徑量" />	
	<Message ID="G01::1118" Content="轉角倒角" />
	<Message ID="G01::1119" Content="圓角(R)" />
	<Message ID="G01_Hint::1120" Content="在下一段加工路徑中，自動插入半徑 R 的圓弧倒角" />
	<Message ID="Browser::G01::Caption::LineNo" Content="程式行號N" />
	<Message ID="Browser::G01::HintLabel::LineNo" Content="程式行號" />

	<!-- ========== G02/G03 String Define ===================== -->
	<Message ID="Browser::G02G03::Caption::Lab_LineNo::LineNo" Content="程式行號N" />
	<Message ID="Browser::G02G03::HintLabel::Inp_LineNo::LineNo" Content="程式行號" />
	<Message ID="Cycle::G02:CenterVector" Content="圓弧起點到圓心的向量值" />
	<Message ID="Cycle::G02:AxisI" Content="X軸(I)" />
	<Message ID="Cycle::Hint::G02:XAxisI" Content="圓弧起點到圓心的向量值(I)" />
	<Message ID="Cycle::G02:AxisJ" Content="Y軸(J)" />
	<Message ID="Cycle::Hint::G02:XAxisJ" Content="圓弧起點到圓心的向量值(J)" />
	<Message ID="Cycle::G02::Radius.1" Content="圓角(R)" />
	<Message ID="Cycle::G02:RadiusOfCorner" Content="轉角倒圓角" />
	<Message ID="Cycle::Hint::G02:RadiusOfCorner.1" Content="轉角倒圓角" />

	<!-- ========== G04 String Define ===================== -->
	<Message ID="G04::Title" Content="加工暫停時間設定" />
 	<Message ID="G04::dwelltime" Content="暫停時間" />
	<Message ID="G04::Hint::dwelltime" Content="暫停時間以秒為單位" />

	<!-- ========== G10 String Define ===================== -->
        <Message ID="G10::Title" Content="可程式資料輸入" /> 
        <Message ID="G10::Choice" Content="補正量選擇" /> 
        <Message ID="G10::Hint::Choice" Content="10:長幾何量；11:長磨耗量；12:徑幾何量；13:徑磨耗量" /> 
        <Message ID="G10::Toolnum" Content="刀具補正號碼" /> 
        <Message ID="G10::Hint::Toolnum" Content="刀具補正號碼" /> 
        <Message ID="G10::Toolquantity" Content="刀具補正值" /> 
        <Message ID="G10::Hint::Toolquantity" Content="刀具補正值" /> 

	<!-- ========== G73 String Define ===================== -->
	<Message ID="G73::G73_Title" Content="高速啄式鑽孔循環 (G73)" />
	<Message ID="G73::Hole_X" Content="洞孔X軸座標" />
	<Message ID="G73::Hint::HX_End" Content="洞孔的座標X資料" />
	<Message ID="G73::Hole_Y" Content="洞孔Y軸座標" />
	<Message ID="G73::Hint::HY_End" Content="洞孔的座標Y資料" />
	<Message ID="G73::R_To_Bottom" Content="R到洞底距離" />
	<Message ID="G73::Hint::R_To_Bottom" Content="由R點到洞底的距離(具方向性)" />
	<Message ID="G73::Init_To_R" Content="初始點到R距離" />
	<Message ID="G73::Hint::Init_To_R" Content="初始點到R點的距離(具方向性)" />
	<Message ID="G73::Each_Depth" Content="每次進給深度Q" />
	<Message ID="G73::Hint::Each_Depth" Content="每次進給深度(增量且為正值，負號將被忽略)" />
	<Message ID="G73::Repeat_K" Content="重複次數K" />
	<Message ID="G73::Hint::Repeat_K" Content="重複次數(重覆移動和鑽孔動作)" />
	<Message ID="G73::Feedrate" Content="進給速率F" />
	<Message ID="G73::Hint::Feedrate" Content="進給速率" />
	<Message ID="G73::Dwell_Time" Content="洞底暫停時間P" />
	<Message ID="G73::Hint::Dwell_Time" Content="在洞底的暫停時間(秒)" />
	<Message ID="G73::Shift_Amount" Content="刀具洞底位移量" />
	<Message ID="G73::Hint::Shift_Amount" Content="刀具在洞底的位移量(需為正值，負號將被忽略)" />
		
	<!-- ========== G74 String Define ===================== -->
	<Message ID="G74::G74_Title" Content="左手攻牙循環 (G74)" />

	<!-- ========== G76 String Define ===================== -->
	<Message ID="G76::G76_Title" Content="精細搪孔循環 (G76)" />
	
	<!-- ========== G81 String Define ===================== -->
	<Message ID="G81::G81_Title" Content="鑽孔循環 (G81)" />
	
	<!-- ========== G82 String Define ===================== -->
	<Message ID="G82::G82_Title" Content="孔底暫停鑽孔循環 (G82)" />
	
	<!-- ========== G83 String Define ===================== -->
	<Message ID="G83::G83_Title" Content="啄式鑽孔循環 (G83)" />
	
	<!-- ========== G84 String Define ===================== -->
	<Message ID="G84::G84_Title" Content="攻牙循環 (G84)" />
	
	<!-- ========== G85 String Define ===================== -->
	<Message ID="G85::G85_Title" Content="鑽孔循環 (G85)" />
	
	<!-- ========== G86 String Define ===================== -->
	<Message ID="G86::G86_Title" Content="快速鑽孔循環 (G86)" />
	
	<!-- ========== G87 String Define ===================== -->
	<Message ID="G87::G87_Title" Content="背面精細搪孔循環 (G87)" />
	
	<!-- ========== G88 String Define ===================== -->
	<Message ID="G88::G88_Title" Content="半自動精細搪孔循環 (G88)" />
	
	<!-- ========== G89 String Define ===================== -->
	<Message ID="G89::G89_Title" Content="孔底暫停搪孔循環 (G89)" />

	<!-- ========== G134.1 String Define ===================== -->
	<Message ID="G134.1::G134.1_Title" Content="圓周孔加工循環 (G134.1)" />
	<Message ID="G134.1::Circle_Center" Content="圓周中心" />
	<Message ID="G134.1::Center_X" Content="基準點 X" />
	<Message ID="G134.1::Hint::Center_X" Content="圓周孔圓心X" />
	<Message ID="G134.1::Center_Y" Content="基準點 Y" />
	<Message ID="G134.1::Hint::Center_Y" Content="圓周孔圓心Y" />
	<Message ID="G134.1::Radius" Content="圓周半徑(I)" />
	<Message ID="G134.1::Hint::Radius" Content="圓周孔半徑" />
	<Message ID="G134.1::Starting_Angle " Content="起始角度 (J)" />
	<Message ID="G134.1::Hint::Starting_Angle" Content="第一孔與圓心的水平夾角" />
	<Message ID="G134.1::Hole_Number " Content="鑽孔個數(K)" />
	<Message ID="G134.1::Hint::Hole_Number" Content="總鑽孔個數" />
	<Message ID="G134.1::Z_Arg" Content="Z 方向參數" />
	<Message ID="G134.1::Hole_Depth" Content="孔深度(Z)" />
	<Message ID="G134.1::Hint::Hole_Depth" Content="表面 R 點到孔加工洞底距離" />
	<Message ID="G134.1::Initial_Point" Content="初始點(R)" />
	<Message ID="G134.1::Hint::Initial_Point" Content="Z 軸加工起始點到 R 點距離" />
	<Message ID="G134.1::Dwell_Time" Content="暫停(P)" />
	<Message ID="G134.1::Hint::Dwell_Time" Content="加工到孔底時 ,在洞底暫停時間" />
	<Message ID="G134.1::Each_Cutting_Feed" Content="啄鑽進給(Q)" />
	<Message ID="G134.1::Hint::Each_Cutting_Feed" Content="Z 軸啄鑽時，每次加工進給量" />
	<Message ID="G134.1::Retraction" Content="啄鑽退刀(D)" />
	<Message ID="G134.1::Hint::Retraction" Content="Z 軸啄鑽時，Z軸退刀方式 (0: 退到初始點 R；1: 退固定距離 d)" />
	<Message ID="G134.1::Feedrate" Content="進給速率(F)" />
	<Message ID="G134.1::Hint::Feedrate" Content="孔加工前進速度" />

	<!-- ========== G135.1 String Define ===================== -->
	<Message ID="G135.1::G135.1_Title" Content="角度直線孔加工循環 (G135.1)" />
	<Message ID="G135.1::Starting_Position" Content="起點位置" />
	<Message ID="G135.1::Center_X" Content="X 軸" />
	<Message ID="G135.1::Hint::Center_X" Content="起點X軸的位置" />
	<Message ID="G135.1::Center_Y" Content="Y 軸" />
	<Message ID="G135.1::Hint::Center_Y" Content="起點Y軸的位置" />
	<Message ID="G135.1::Pitch" Content="孔間隔(I)" />
	<Message ID="G135.1::Hint::Pitch" Content="各孔位置間隔距離" />
	<Message ID="G135.1::Orientation_Angle" Content="角度(J)" />
	<Message ID="G135.1::Hint::Orientation_Angle" Content="角度直線孔的水平夾角(X+為零)" />

	<!-- ========== G136.1 String Define ===================== -->
	<Message ID="G136.1::G136.1_Title" Content="圓弧孔加工循環 (G136.1)" />
	<Message ID="G136.1::Hint::Center_X" Content="圓弧孔圓心 X" />
	<Message ID="G136.1::Hint::Center_Y" Content="圓弧孔圓心 Y" />
	<Message ID="G136.1::Hint::Radius" Content="圓弧孔半徑(I)" />
	<Message ID="G136.1::Pitch_Angle" Content="間隔角度(A)" />
	<Message ID="G136.1::Hint::Pitch_Angle" Content="孔間隔角度，反時針為正" />

	<!-- ========== G137.2 String Define ===================== -->
	<Message ID="G137.2::G137.2_Title" Content="棋盤孔加工循環 (G137.2)" />
	<Message ID="G137.2::X_Arg" Content="X 軸方向" />
	<Message ID="G137.2::Horizontal_Pitch" Content="間隔(I)" />
	<Message ID="G137.2::Hint::Horizontal_Pitch" Content="X 軸方向間隔，正負值代表孔間隔方向" />
	<Message ID="G137.2::Y_Arg" Content="Y 軸方向" />
	<Message ID="G137.2::Number_Horizontal_Holes" Content="孔數(A)" />
	<Message ID="G137.2::Hint::Number_Horizontal_Holes" Content="X 軸方向鑽孔孔數" />
	<Message ID="G137.2::Vertical_Pitch" Content="間隔(J)" />
	<Message ID="G137.2::Hint::Vertical_Pitch" Content="Y 軸方向間隔，正負值代表孔間隔方向" />
	<Message ID="G137.2::Number_Vertical_Holes" Content="孔數(K)" />
	<Message ID="G137.2::Hint::Number_Vertical_Holes" Content="Y 軸方向鑽孔孔數" />
	<Message ID="G137.2::Xstart" Content="起始孔號X座標" />
	<Message ID="G137.2::Ystart" Content="起始孔號Y座標" />
	<Message ID="G137.2::Hint::Xstart" Content="決定起始鑽孔的孔號X座標(以棋盤起點位置孔號為&lt;1,1&gt;)" /> 
	<Message ID="G137.2::Hint::Ystart" Content="決定起始鑽孔的孔號Y座標(以棋盤起點位置孔號為&lt;1,1&gt;)" />

	<!-- ========== G161 String Define ===================== -->
	<Message ID="G161::G161_Title" Content="X軸雙向面銑加工循環 (G161)" />
	<Message ID="G161::XY_Arg" Content="XY 平面參數" />	
	<Message ID="G161::Mach_Range" Content="加工範圍" />	
	<Message ID="G161::Width" Content="X軸  I" />
	<Message ID="G161::Hint::Width" Content="X軸方向加工範圍" />
	<Message ID="G161::Length" Content="Y軸  J" />
	<Message ID="G161::Hint::Length" Content="Y軸方向加工範圍" />
	<Message ID="G161::Cut_Width" Content="Y向進給W" />
	<Message ID="G161::Hint::Cut_Width" Content="XY平面擴孔加工進給量(單位mm)" />
	<Message ID="G161::Z_Arg" Content="Z 方向參數" />
	<Message ID="G161::Z_Inc" Content="Z向進給D" />
	<Message ID="G161::Hint::Z_Inc" Content="Z方向每次加工的分層進給量" />
	<Message ID="G161::Z_Dep" Content="加工總量H" />
	<Message ID="G161::Hint::Z_Dep" Content="Z方向的總加工量" />
	<Message ID="G161::Speed" Content="主軸轉速S" />
	<Message ID="G161::Hint::Speed" Content="主軸轉速(RPM)" />
	<Message ID="G161::Feedrate_XY" Content="XY速度F" />
	<Message ID="G161::Hint::Feedrate_XY" Content="XY平面加工速度" />
	<Message ID="G161::Feedrate_Z" Content="Z向速度E" />
	<Message ID="G161::Hint::Feedrate_Z" Content="Z方向下降的加工速度" />
	<Message ID="G161::Z_Retract" Content="Z抬刀點A" />
	<Message ID="G161::Hint::Z_Retract" Content="單向加工終點到下一個加工位置，Z軸抬刀位置(Z0+A)" />
	
	<!-- ========== G162 String Define ===================== -->
	<Message ID="G162::G162_Title" Content="X軸單向面銑加工循環 (G162)" />
	<Message ID="G162::Hint::Z_Dep" Content="The total machining depth" />
	<Message ID="G162::Hint::Z_Retract" Content="單向加工終點到下一個加工位置，Z軸抬刀位置(Z0+A)" />
	<Message ID="G162::Hint::Speed" Content="Spindel rotation speed(r.p.m)" />
	<Message ID="G162::Hint::Feedrate_XY" Content="Cutting feedrate in XY plane" />
	<Message ID="G162::Hint::Feedrate_Z" Content="Cutting feedrate in Z direction" />

	<!-- ========== G163 String Define ===================== -->
	<Message ID="G163::G163_Title" Content="Y軸雙向面銑加工循環 (G163)" />
	<Message ID="G163::Cut_Width" Content="X向進給W" />
	<Message ID="G163::Hint::Z_Dep" Content="The total machining depth" />
	<Message ID="G163::Hint::Speed" Content="Spindel rotation speed(r.p.m)" />
	<Message ID="G163::Hint::Feedrate_XY" Content="Cutting feedrate in XY plane" />
	<Message ID="G163::Hint::Feedrate_Z" Content="Cutting feedrate in Z direction" />

 	<!-- ========== G164 String Define ===================== -->
	<Message ID="G164::G164_Title" Content="Y軸單向面銑加工循環 (G164)" />
	<Message ID="G164::Hint::Z_Dep" Content="The total machining depth" />
        <Message ID="G164::Hint::Z_Retract" Content="單向加工終點到下一個加工位置，Z軸抬刀位置(Z0+A)" />
	<Message ID="G164::Hint::Speed" Content="Spindel rotation speed" />
	<Message ID="G164::Hint::Feedrate_XY" Content="Cutting feedrate in XY plane" />
	<Message ID="G164::Hint::Feedrate_Z" Content="Cutting feedrate in Z direction" />
	
	<!-- ========== G173 String Define ===================== -->
	<Message ID="G173::G173_Title" Content="跑道形孔粗加工循環 (G173)" />
	<Message ID="G173::XY_Arg" Content="XY 平面參數" />
	<Message ID="G173::Track_Range" Content="方向槽寬" />
	<Message ID="G173::X_Length" Content="X軸  I" />
	<Message ID="G173::Hint::X_Length" Content="跑道X方向範圍(正負號代表第二圓心與起點關係)" />
	<Message ID="G173::Y_Length" Content="Y軸  J" />
	<Message ID="G173::Hint::Y_Length" Content="跑道Y方向範圍(正負號代表第二圓心與起點關係)" />
	<Message ID="G173::Cut_Width" Content="擴孔進給W" />
	<Message ID="G173::Hint::Cut_Width" Content="XY平面擴孔加工進給量(單位mm)" />
	<Message ID="G173::Cut_Dire" Content="擴孔方向U" />
	<Message ID="G173::Hint::Cut_Dire" Content="加工方向(0:順時針；1:逆時針)" />
	<Message ID="G173::Fin_Amount" Content="精修預留V" />
	<Message ID="G173::Hint::Fin_Amount" Content="精加工預留量" />
	<Message ID="G173::Fin_Allow" Content="精加工P" />
	<Message ID="G173::Hint::Fin_Allow" Content="是否執行精加工動作(0:不執行；1:執行精加工)" />
	<Message ID="G173::Speed" Content="主軸轉速S" />
	<Message ID="G173::Hint::Speed" Content="主軸轉速" />
	<Message ID="G173::Feedrate" Content="加工速率F" />
	<Message ID="G173::Hint::Feedrate" Content="XY平面加工速率" />
	<Message ID="G173::Z_Arg" Content="Z方向參數" />
	<Message ID="G173::Basic_Point" Content="基準點A" />
	<Message ID="G173::Hint::Basic_Point" Content="Z軸加工範圍基準點，加工範圍上方的預留量" />
	<Message ID="G173::Z_Inc" Content="Z向進給D" />
	<Message ID="G173::Hint::Z_Inc" Content="Z方向每次加工的分層進給量" />
	<Message ID="G173::Z_Dep" Content="加工總量H" />
	<Message ID="G173::Hint::Z_Dep" Content="Z方向的總加工量(不含加工預留量A)" />
	<Message ID="G173::Corner_Radius" Content="圓角半徑R" />
	<Message ID="G173::Hint::Corner_Radius" Content="四個角度導四個圓角R" />
	<Message ID="G173::Feedrate_Z" Content="Z向速度E" />
	<Message ID="G173::Hint::Feedrate_Z" Content="端銑刀Z方向下降加工速度" />	
	<Message ID="G173::Radius" Content="圓半徑R" />
	<Message ID="G173::Hint::Radius" Content="所欲加工最終尺寸" />	
		
	<!-- ========== G174 String Define ===================== -->
	<Message ID="G174::G174_Title" Content="跑道形孔精加工循環 (G174)" />
	<Message ID="G174::Hint::Z_Dep" Content="Total machining amount in Z direction" />
	<Message ID="G174::Z_Speed" Content="Z向速度E" />
	<Message ID="G174::Hint::Z_Speed" Content="端銑刀Z方向下降加工速度" />

	<!-- ========== G175 String Define ===================== -->
	<Message ID="G175::G175_Title" Content="方形槽粗加工循環 (G175)" />
	<Message ID="G175::Hint::Z_Dep" Content="Total machining amount in Z direction" />
        <Message ID="G175::Hint::X_Length" Content="方形槽X方向範圍(正負號代表第二圓心與起點關係)" />
        <Message ID="G175::Hint::Y_Length" Content="方形槽Y方向範圍(正負號代表第二圓心與起點關係)" />	

	<!-- ========== G176 String Define ===================== -->
	<Message ID="G176::G176_Title" Content="方形槽精加工循環 (G176)" />
	<Message ID="G176::Z_Speed" Content="Z Speed(E)" />
	<Message ID="G176::Hint::Z_Speed" Content="Machining speed in Z direction" />

	<!-- ========== G177 String Define ===================== -->
	<Message ID="G177::G177_Title" Content="圓形孔粗加工循環 (G177)" />
	<Message ID="G177::Z_Speed" Content="Z Speed(E)" />
	<Message ID="G177::Hint::Z_Speed" Content="Machining speed in Z direction" />

	<!-- ========== G178 String Define ===================== -->
	<Message ID="G178::G178_Title" Content="圓形孔精加工循環 (G178)" />

	<!--  M98  String Define   -->
	<Message ID="Cycle::M98::Title" Content="Call subroutine(M98)" />
	<Message ID="Cycle::M98::Subroutine Name" Content="Subroutine Name(P)" />
	<Message ID="Cycle::Hint::M98::Subroutine Name" Content="Subroutine Name" />
	<Message ID="Cycle::M98::Repeattime" Content="Repeat Time(L)" />
	<Message ID="Cycle::Hint::M98::Repeattime" Content="Repeat Time" />
	<Message ID="Cycle::M98::SerialNo" Content="Serial No.(H)" />
	<Message ID="Cycle::Hint::M98::SerialNo" Content="Serial No." />
</ResMap>
