﻿<?xml version="1.0" encoding="UTF-8"?>
<!--Created by 'eHMI'version2.2.22-->
<!--BROWSER SIZE|H:470|W:800-->
<Screen>
  <Name>SerialTuning_AT1</Name>
  <Panel>
    <Left>0</Left>
    <Top>0</Top>
    <Width>800</Width>
    <Height>470</Height>
    <Name>Panel1</Name>
    <BackColor>0,0,0</BackColor>
    <Depth>21</Depth>
  </Panel>
  <Label>
    <Left>21</Left>
    <Top>203</Top>
    <Height>32</Height>
    <Width>50</Width>
    <Name>Result1</Name>
    <FontSize>14</FontSize>
    <Alignment>2</Alignment>
	<BorderStyle>2</BorderStyle>
    <BorderColor>255,255,255</BorderColor>
    <ForeColor>255,255,255</ForeColor>
    <BackColor>0,0,0</BackColor>
    <Caption>X</Caption>
    <Wrap>True</Wrap>
    <Depth>20</Depth>
  </Label>
  <Label>
    <Left>21</Left>
    <Top>165</Top>
    <Height>32</Height>
    <Width>94</Width>
    <Name>Label1</Name>
    <FontSize>18</FontSize>
    <Alignment>0</Alignment>
    <ForeColor>0,128,0</ForeColor>
    <BackColor>0,0,0</BackColor>
    <Caption>STR::Browser::AutoTuning::Label::SelectAxis</Caption>
    <Wrap>True</Wrap>
    <Depth>19</Depth>
  </Label>
  <Label>
    <Left>265</Left>
    <Top>51</Top>
    <Height>105</Height>
    <Width>510</Width>
    <Name>Board</Name>
    <BorderStyle>2</BorderStyle>
    <BorderColor>255,255,255</BorderColor>
    <BackColor>0,0,0</BackColor>
    <Caption>
    </Caption>
  </Label>
  <Label>
    <Left>270</Left>
    <Top>56</Top>
    <Height>95</Height>
    <Width>502</Width>
    <Name>TAction</Name>
    <FontSize>14</FontSize>
    <Alignment>3</Alignment>
    <BorderColor>255,255,255</BorderColor>
    <ForeColor>255,255,255</ForeColor>
    <BackColor>0,0,0</BackColor>
    <Caption>Hint1</Caption>
    <Wrap>True</Wrap>
    <Depth>18</Depth>
  </Label>
  <Label>
    <Left>4</Left>
    <Top>58</Top>
    <Height>40</Height>
    <Width>240</Width>
    <Name>TStep</Name>
    <FontSize>18</FontSize>
    <BorderStyle>2</BorderStyle>
    <BorderColor>255,255,255</BorderColor>
    <ForeColor>255,255,255</ForeColor>
    <BackColor>0,0,0</BackColor>
    <Caption>STR::Browser::AutoTuning::Chart::Step3</Caption>
    <Wrap>True</Wrap>
    <Depth>14</Depth>
  </Label>
  <Label>
    <Left>21</Left>
    <Top>307</Top>
    <Height>32</Height>
    <Width>120</Width>
    <Name>Label5</Name>
    <FontSize>16</FontSize>
    <Alignment>0</Alignment>
    <ForeColor>0,128,0</ForeColor>
    <BackColor>0,0,0</BackColor>
    <Caption>STR::Browser::AutoTuning::Opt::Type</Caption>
    <Wrap>True</Wrap>
    <Depth>5</Depth>
  </Label>
  <Label>
    <Left>21</Left>
    <Top>379</Top>
    <Height>32</Height>
    <Width>120</Width>
    <Name>Label6</Name>
    <FontSize>16</FontSize>
    <Alignment>0</Alignment>
    <ForeColor>0,128,0</ForeColor>
    <BackColor>0,0,0</BackColor>
    <Caption>STR::Browser::AutoTuning::Opt::Mode</Caption>
    <Wrap>True</Wrap>
    <Depth>4</Depth>
  </Label>
  <ListInput>
    <Left>21</Left>
    <Top>343</Top>
    <Height>32</Height>
    <Width>211</Width>
    <Name>Param2</Name>
    <FontSize>14</FontSize>
    <InputStorage>R</InputStorage>
    <ListItems>
      <Item>
        <ItemCaption>STR::Browser::AutoTuning::Opt::ListItem::Type1</ItemCaption>
        <ItemValue>1</ItemValue>
      </Item>
      <Item>
        <ItemCaption>STR::Browser::AutoTuning::Opt::ListItem::Type2</ItemCaption>
        <ItemValue>2</ItemValue>
      </Item>
      <Item>
        <ItemCaption>STR::Browser::AutoTuning::Opt::ListItem::Type3</ItemCaption>
        <ItemValue>3</ItemValue>
      </Item>
    </ListItems>
    <MappingToRegistry>0</MappingToRegistry>
    <Depth>2</Depth>
    <HintLabel>Tunning-Type</HintLabel>
  </ListInput>
  <ListInput>
    <Left>21</Left>
    <Top>415</Top>
    <Height>32</Height>
    <Width>211</Width>
    <Name>Param3</Name>
    <FontSize>12</FontSize>
    <InputStorage>R</InputStorage>
    <ListItems>
      <Item>
        <ItemCaption>STR::Browser::AutoTuning::Opt::ListItem::Mode1</ItemCaption>
        <ItemValue>1</ItemValue>
      </Item>
      <Item>
        <ItemCaption>STR::Browser::AutoTuning::Opt::ListItem::Mode2</ItemCaption>
        <ItemValue>2</ItemValue>
      </Item>
      <Item>
        <ItemCaption>STR::Browser::AutoTuning::Opt::ListItem::Mode3</ItemCaption>
        <ItemValue>3</ItemValue>
      </Item>
    </ListItems>
    <MappingToRegistry>0</MappingToRegistry>
    <Depth>1</Depth>
    <HintLabel>Tunning-Mode</HintLabel>
  </ListInput>
  <Label>
    <Left>4</Left>
    <Top>4</Top>
    <Height>39</Height>
    <Width>138</Width>
    <Name>Label2</Name>
    <FontSize>20</FontSize>
    <ForeColor>0,255,0</ForeColor>
    <BackColor>0,0,0</BackColor>
    <Caption>STR::Browser::AutoTuning::Label::TuningStatus</Caption>
  </Label>
  <Label>
    <Left>4</Left>
    <Top>110</Top>
    <Height>39</Height>
    <Width>138</Width>
    <Name>Label7</Name>
    <FontSize>20</FontSize>
    <ForeColor>0,255,0</ForeColor>
    <BackColor>0,0,0</BackColor>
    <Caption>STR::Browser::AutoTuning::Label::Setting</Caption>
  </Label>
  <Label>
    <Left>265</Left>
    <Top>4</Top>
    <Height>38</Height>
    <Width>138</Width>
    <Name>Label8</Name>
    <FontSize>20</FontSize>
    <ForeColor>0,255,0</ForeColor>
    <BackColor>0,0,0</BackColor>
    <Caption>STR::Browser::AutoTuning::Label::Hint</Caption>
    <Wrap>True</Wrap>
  </Label>
</Screen>