﻿<?xml version="1.0" encoding="UTF-8"?>
<!--Created by 'eHMI'version2.2.20-->
<!--BROWSER SIZE|H:600|W:800-->
<Screen>
  <Name>MonitorCoord</Name>
  <Panel>
    <Left>0</Left>
    <Top>0</Top>
    <Width>211</Width>
    <Height>154</Height>
    <Name>Panel_Load</Name>
    <BorderStyle>0</BorderStyle>
    <Depth>13</Depth>
    <BackColor>0,0,0</BackColor>
  </Panel>
  <Label>
    <Left>23</Left>
    <Top>13</Top>
    <Height>25</Height>
    <Width>120</Width>
    <Name>Lab_Load</Name>
    <FontSize>14</FontSize>
    <Alignment>0</Alignment>
    <BorderStyle>0</BorderStyle>
    <Depth>12</Depth>
    <ForeColor>0,255,0</ForeColor>
    <BackColor>0,0,0</BackColor>
    <Caption>STR::MMI::Run::LoadingRate</Caption>
    <Wrap>True</Wrap>
  </Label>
  <Label>
    <Left>182</Left>
    <Top>43</Top>
    <Height>22</Height>
    <Width>28</Width>
    <Name>Lab_Percent1</Name>
    <FontSize>8</FontSize>
    <Alignment>0</Alignment>
    <BorderStyle>0</BorderStyle>
    <Depth>11</Depth>
    <ForeColor>0,255,0</ForeColor>
    <BackColor>0,0,0</BackColor>
    <Caption>%</Caption>
    <Wrap>True</Wrap>
  </Label>
  <Label>
    <Left>150</Left>
    <Top>43</Top>
    <Height>22</Height>
    <Width>28</Width>
    <Name>Dis_Load1</Name>
    <Alignment>1</Alignment>
    <BorderStyle>0</BorderStyle>
    <Depth>10</Depth>
    <ForeColor>255,255,255</ForeColor>
    <BackColor>0,0,0</BackColor>
    <Caption>0</Caption>
  </Label>
  <Meter>
    <Left>21</Left>
    <Top>43</Top>
    <Height>22</Height>
    <Width>129</Width>
    <Name>Met_Load1</Name>
    <BorderStyle>0</BorderStyle>
    <Depth>9</Depth>
    <ForeColor>255,255,255</ForeColor>
    <BackColor>255,255,255</BackColor>
    <Type>2</Type>
    <ScaleUp>200</ScaleUp>
    <ScaleLow>0</ScaleLow>
    <ScaleInterval>2</ScaleInterval>
    <SubScaleInterval>0</SubScaleInterval>
    <ScaleColor>0,0,0</ScaleColor>
    <NumberColor>0,0,0</NumberColor>
	<IntervalTextVisible>False</IntervalTextVisible>
    <ListItems>
      <Item>
        <UpLmt>100</UpLmt>
        <LowLmt>0</LowLmt>
        <Color>0,255,0</Color>
      </Item>
      <Item>
        <UpLmt>150</UpLmt>
        <LowLmt>100</LowLmt>
        <Color>255,255,0</Color>
      </Item>
      <Item>
        <UpLmt>200</UpLmt>
        <LowLmt>150</LowLmt>
        <Color>255,0,0</Color>
      </Item>
    </ListItems>
	<Marks>
		<Values>100,150</Values>
		<TextVisible>False</TextVisible>
	</Marks>
  </Meter>
  <Label>
    <Left>182</Left>
    <Top>69</Top>
    <Height>22</Height>
    <Width>28</Width>
    <Name>Lab_Percent2</Name>
    <FontSize>8</FontSize>
    <Alignment>0</Alignment>
    <BorderStyle>0</BorderStyle>
    <Depth>8</Depth>
    <ForeColor>0,255,0</ForeColor>
    <BackColor>0,0,0</BackColor>
    <Caption>%</Caption>
    <Wrap>True</Wrap>
  </Label>
  <Label>
    <Left>150</Left>
    <Top>69</Top>
    <Height>22</Height>
    <Width>28</Width>
    <Name>Dis_Load2</Name>
    <Alignment>1</Alignment>
    <BorderStyle>0</BorderStyle>
    <Depth>7</Depth>
    <ForeColor>255,255,255</ForeColor>
    <BackColor>0,0,0</BackColor>
    <Caption>0</Caption>
  </Label>
  <Meter>
    <Left>21</Left>
    <Top>69</Top>
    <Height>22</Height>
    <Width>129</Width>
    <Name>Met_Load2</Name>
    <BorderStyle>0</BorderStyle>
    <Depth>6</Depth>
    <ForeColor>255,255,255</ForeColor>
    <BackColor>255,255,255</BackColor>
    <Type>2</Type>
    <ScaleUp>200</ScaleUp>
    <ScaleLow>0</ScaleLow>
    <ScaleInterval>2</ScaleInterval>
    <SubScaleInterval>0</SubScaleInterval>
    <ScaleColor>0,0,0</ScaleColor>
    <NumberColor>0,0,0</NumberColor>
	<IntervalTextVisible>False</IntervalTextVisible>
    <ListItems>
      <Item>
        <UpLmt>100</UpLmt>
        <LowLmt>0</LowLmt>
        <Color>0,255,0</Color>
      </Item>
      <Item>
        <UpLmt>150</UpLmt>
        <LowLmt>100</LowLmt>
        <Color>255,255,0</Color>
      </Item>
      <Item>
        <UpLmt>200</UpLmt>
        <LowLmt>150</LowLmt>
        <Color>255,0,0</Color>
      </Item>
    </ListItems>
	<Marks>
		<Values>100,150</Values>
		<TextVisible>False</TextVisible>
	</Marks>
  </Meter>
  <Label>
    <Left>182</Left>
    <Top>95</Top>
    <Height>22</Height>
    <Width>28</Width>
    <Name>Lab_Percent3</Name>
    <FontSize>8</FontSize>
    <Alignment>0</Alignment>
    <BorderStyle>0</BorderStyle>
    <Depth>5</Depth>
    <ForeColor>0,255,0</ForeColor>
    <BackColor>0,0,0</BackColor>
    <Caption>%</Caption>
    <Wrap>True</Wrap>
  </Label>
  <Label>
    <Left>150</Left>
    <Top>95</Top>
    <Height>22</Height>
    <Width>28</Width>
    <Name>Dis_Load3</Name>
    <Alignment>1</Alignment>
    <BorderStyle>0</BorderStyle>
    <Depth>4</Depth>
    <ForeColor>255,255,255</ForeColor>
    <BackColor>0,0,0</BackColor>
    <Caption>0</Caption>
  </Label>
  <Meter>
    <Left>21</Left>
    <Top>95</Top>
    <Height>22</Height>
    <Width>129</Width>
    <Name>Met_Load3</Name>
    <BorderStyle>0</BorderStyle>
    <Depth>3</Depth>
    <ForeColor>255,255,255</ForeColor>
    <BackColor>255,255,255</BackColor>
    <Type>2</Type>
    <ScaleUp>200</ScaleUp>
    <ScaleLow>0</ScaleLow>
    <ScaleInterval>2</ScaleInterval>
    <SubScaleInterval>0</SubScaleInterval>
    <ScaleColor>0,0,0</ScaleColor>
    <NumberColor>0,0,0</NumberColor>
	<IntervalTextVisible>False</IntervalTextVisible>
    <ListItems>
      <Item>
        <UpLmt>100</UpLmt>
        <LowLmt>0</LowLmt>
        <Color>0,255,0</Color>
      </Item>
      <Item>
        <UpLmt>150</UpLmt>
        <LowLmt>100</LowLmt>
        <Color>255,255,0</Color>
      </Item>
      <Item>
        <UpLmt>200</UpLmt>
        <LowLmt>150</LowLmt>
        <Color>255,0,0</Color>
      </Item>
    </ListItems>
	<Marks>
		<Values>100,150</Values>
		<TextVisible>False</TextVisible>
	</Marks>
  </Meter>
  <Label>
    <Left>182</Left>
    <Top>121</Top>
    <Height>22</Height>
    <Width>28</Width>
    <Name>Lab_Percent4</Name>
    <FontSize>8</FontSize>
    <Alignment>0</Alignment>
    <BorderStyle>0</BorderStyle>
    <Depth>2</Depth>
    <ForeColor>0,255,0</ForeColor>
    <BackColor>0,0,0</BackColor>
    <Caption>%</Caption>
    <Wrap>True</Wrap>
  </Label>
  <Label>
    <Left>150</Left>
    <Top>121</Top>
    <Height>22</Height>
    <Width>28</Width>
    <Name>Dis_Load4</Name>
    <Alignment>1</Alignment>
    <BorderStyle>0</BorderStyle>
    <Depth>1</Depth>
    <ForeColor>255,255,255</ForeColor>
    <BackColor>0,0,0</BackColor>
    <Caption>0</Caption>
  </Label>
  <Meter>
    <Left>21</Left>
    <Top>121</Top>
    <Height>22</Height>
    <Width>129</Width>
    <Name>Met_Load4</Name>
    <BorderStyle>0</BorderStyle>
    <Depth>0</Depth>
    <ForeColor>255,255,255</ForeColor>
    <BackColor>255,255,255</BackColor>
    <Type>2</Type>
    <ScaleUp>200</ScaleUp>
    <ScaleLow>0</ScaleLow>
    <ScaleInterval>2</ScaleInterval>
    <SubScaleInterval>0</SubScaleInterval>
    <ScaleColor>0,0,0</ScaleColor>
    <NumberColor>0,0,0</NumberColor>
	<IntervalTextVisible>False</IntervalTextVisible>
    <ListItems>
      <Item>
        <UpLmt>100</UpLmt>
        <LowLmt>0</LowLmt>
        <Color>0,255,0</Color>
      </Item>
      <Item>
        <UpLmt>150</UpLmt>
        <LowLmt>100</LowLmt>
        <Color>255,255,0</Color>
      </Item>
      <Item>
        <UpLmt>200</UpLmt>
        <LowLmt>150</LowLmt>
        <Color>255,0,0</Color>
      </Item>
    </ListItems>
	<Marks>
		<Values>100,150</Values>
		<TextVisible>False</TextVisible>
	</Marks>
  </Meter>
</Screen>