﻿<?xml version="1.0" encoding="UTF-8"?>
<!--Created by 'eHMI'version2.2.24-->
<!--BROWSER SIZE|H:470|W:800-->
<Screen>
  <Name>SerialTuning_AT1</Name>
  <Panel>
    <Left>0</Left>
    <Top>0</Top>
    <Width>800</Width>
    <Height>470</Height>
    <Name>Panel1</Name>
    <BorderStyle>0</BorderStyle>
    <BackColor>0,0,0</BackColor>
    <Caption>
    </Caption>
    <Depth>21</Depth>
  </Panel>
  <Label>
    <Left>48</Left>
    <Top>58</Top>
    <Height>24</Height>
    <Width>50</Width>
    <Name>Result1</Name>
    <FontSize>14</FontSize>
    <Alignment>0</Alignment>
    <ForeColor>0,255,0</ForeColor>
    <BackColor>0,0,0</BackColor>
    <Caption>X</Caption>
    <Wrap>True</Wrap>
    <Depth>20</Depth>
  </Label>
  <Label>
    <Left>48</Left>
    <Top>32</Top>
    <Height>24</Height>
    <Width>100</Width>
    <Name>Label1</Name>
    <FontSize>14</FontSize>
    <Alignment>0</Alignment>
    <ForeColor>0,255,0</ForeColor>
    <BackColor>0,0,0</BackColor>
    <Caption>STR::Browser::AutoTuning::Label::SelectAxis</Caption>
    <Wrap>True</Wrap>
    <Depth>19</Depth>
  </Label>
  <Label>
    <Left>280</Left>
    <Top>32</Top>
    <Height>150</Height>
    <Width>240</Width>
    <Name>TAction</Name>
    <FontSize>12</FontSize>
    <Alignment>3</Alignment>
    <ForeColor>0,255,0</ForeColor>
    <BackColor>0,0,0</BackColor>
    <Caption>Action Hint</Caption>
    <Wrap>True</Wrap>
    <Depth>18</Depth>
  </Label>
  <Label>
    <Left>538</Left>
    <Top>32</Top>
    <Height>28</Height>
    <Width>200</Width>
    <Name>StepStart</Name>
    <FontSize>12</FontSize>
    <ForeColor>0,0,0</ForeColor>
    <BackColor>211,211,211</BackColor>
    <Caption>STR::Browser::AutoTuning::Chart::Start</Caption>
    <Wrap>True</Wrap>
    <Depth>17</Depth>
  </Label>
  <Label>
    <Left>538</Left>
    <Top>87</Top>
    <Height>28</Height>
    <Width>200</Width>
    <Name>AT_Step1</Name>
    <FontSize>12</FontSize>
    <ForeColor>0,0,0</ForeColor>
    <BackColor>211,211,211</BackColor>
    <Caption>STR::Browser::AutoTuning::Chart::Step1</Caption>
    <Wrap>True</Wrap>
    <Depth>16</Depth>
  </Label>
  <Label>
    <Left>538</Left>
    <Top>142</Top>
    <Height>28</Height>
    <Width>200</Width>
    <Name>AT_Step2</Name>
    <FontSize>12</FontSize>
    <ForeColor>0,0,0</ForeColor>
    <BackColor>211,211,211</BackColor>
    <Caption>STR::Browser::AutoTuning::Chart::Step2</Caption>
    <Wrap>True</Wrap>
    <Depth>15</Depth>
  </Label>
  <Label>
    <Left>538</Left>
    <Top>197</Top>
    <Height>28</Height>
    <Width>200</Width>
    <Name>AT_Step3</Name>
    <FontSize>12</FontSize>
    <ForeColor>0,0,0</ForeColor>
    <BackColor>211,211,211</BackColor>
    <Caption>STR::Browser::AutoTuning::Chart::Step3</Caption>
    <Wrap>True</Wrap>
    <Depth>14</Depth>
  </Label>
  <Label>
    <Left>538</Left>
    <Top>252</Top>
    <Height>28</Height>
    <Width>200</Width>
    <Name>AT_Step4</Name>
    <FontSize>12</FontSize>
    <ForeColor>0,0,0</ForeColor>
    <BackColor>211,211,211</BackColor>
    <Caption>STR::Browser::AutoTuning::Chart::Step4</Caption>
    <Wrap>True</Wrap>
    <Depth>13</Depth>
  </Label>
  <Label>
    <Left>538</Left>
    <Top>307</Top>
    <Height>28</Height>
    <Width>200</Width>
    <Name>AT_Step5</Name>
    <FontSize>12</FontSize>
    <ForeColor>0,0,0</ForeColor>
    <BackColor>211,211,211</BackColor>
    <Caption>STR::Browser::AutoTuning::Chart::Step5</Caption>
    <Wrap>True</Wrap>
    <Depth>12</Depth>
  </Label>
  <Label>
    <Left>538</Left>
    <Top>362</Top>
    <Height>28</Height>
    <Width>200</Width>
    <Name>AT_Step6</Name>
    <FontSize>12</FontSize>
    <ForeColor>0,0,0</ForeColor>
    <BackColor>211,211,211</BackColor>
    <Caption>STR::Browser::AutoTuning::Chart::Step6</Caption>
    <Wrap>True</Wrap>
    <Depth>11</Depth>
  </Label>
  <Label>
    <Left>48</Left>
    <Top>100</Top>
    <Height>24</Height>
    <Width>100</Width>
    <Name>Label3</Name>
    <FontSize>12</FontSize>
    <Alignment>0</Alignment>
    <ForeColor>0,255,0</ForeColor>
    <BackColor>0,0,0</BackColor>
    <Caption>STR::Browser::AutoTuning::Label::LimitPos1</Caption>
    <Wrap>True</Wrap>
    <Depth>10</Depth>
  </Label>
  <Label>
    <Left>160</Left>
    <Top>100</Top>
    <Height>24</Height>
    <Width>100</Width>
    <Name>Label4</Name>
    <FontSize>12</FontSize>
    <Alignment>0</Alignment>
    <ForeColor>0,255,0</ForeColor>
    <BackColor>0,0,0</BackColor>
    <Caption>STR::Browser::AutoTuning::Label::LimitPos2</Caption>
    <Wrap>True</Wrap>
    <Depth>9</Depth>
  </Label>
  <Label>
    <Left>48</Left>
    <Top>126</Top>
    <Height>24</Height>
    <Width>100</Width>
    <Name>Result3</Name>
    <FontSize>14</FontSize>
    <Alignment>0</Alignment>
    <ForeColor>255,255,255</ForeColor>
    <BackColor>0,0,0</BackColor>
    <Caption>
    </Caption>
    <Wrap>True</Wrap>
    <Depth>8</Depth>
  </Label>
  <Label>
    <Left>160</Left>
    <Top>126</Top>
    <Height>24</Height>
    <Width>100</Width>
    <Name>Result5</Name>
    <FontSize>14</FontSize>
    <Alignment>0</Alignment>
    <ForeColor>255,255,255</ForeColor>
    <BackColor>0,0,0</BackColor>
    <Caption>
    </Caption>
    <Wrap>True</Wrap>
    <Depth>7</Depth>
  </Label>
  <Label>
    <Left>48</Left>
    <Top>238</Top>
    <Height>24</Height>
    <Width>160</Width>
    <Name>Label5</Name>
    <FontSize>12</FontSize>
    <Alignment>0</Alignment>
    <ForeColor>0,255,0</ForeColor>
    <BackColor>0,0,0</BackColor>
    <Caption>STR::Browser::AutoTuning::Opt::Gain</Caption>
    <Wrap>True</Wrap>
    <Depth>5</Depth>
  </Label>
  <Label>
    <Left>48</Left>
    <Top>296</Top>
    <Height>24</Height>
    <Width>160</Width>
    <Name>Label6</Name>
    <FontSize>12</FontSize>
    <Alignment>0</Alignment>
    <ForeColor>0,255,0</ForeColor>
    <BackColor>0,0,0</BackColor>
    <Caption>STR::Browser::AutoTuning::Opt::Estimate</Caption>
    <Wrap>True</Wrap>
    <Depth>4</Depth>
  </Label>
  <Label>
    <Left>48</Left>
    <Top>354</Top>
    <Height>24</Height>
    <Width>160</Width>
    <Name>Label7</Name>
    <FontSize>12</FontSize>
    <Alignment>0</Alignment>
    <ForeColor>0,255,0</ForeColor>
    <BackColor>0,0,0</BackColor>
    <Caption>STR::Browser::AutoTuning::Opt::Response</Caption>
    <Wrap>True</Wrap>
    <Depth>3</Depth>
  </Label>
  <ListInput>
    <Left>48</Left>
    <Top>264</Top>
    <Height>24</Height>
    <Width>160</Width>
    <Name>Param6</Name>
    <FontSize>12</FontSize>
    <Depth>2</Depth>
    <ListItems>
      <Item>
        <ItemCaption>STR::Browser::AutoTuning::ListItem::close</ItemCaption>
        <ItemValue>0</ItemValue>
      </Item>
	  <Item>
        <ItemCaption>STR::Browser::AutoTuning::ListItem::open</ItemCaption>
        <ItemValue>1</ItemValue>
      </Item>
    </ListItems>
    <MappingToRegistry>0</MappingToRegistry>
  </ListInput>
  <ListInput>
    <Left>48</Left>
    <Top>322</Top>
    <Height>24</Height>
    <Width>160</Width>
    <Name>Param7</Name>
    <FontSize>12</FontSize>
    <Depth>1</Depth>
    <ListItems>
      <Item>
        <ItemCaption>STR::Browser::AutoTuning::ListItem::close</ItemCaption>
        <ItemValue>0</ItemValue>
      </Item>
	  <Item>
        <ItemCaption>STR::Browser::AutoTuning::ListItem::open</ItemCaption>
        <ItemValue>1</ItemValue>
      </Item>
    </ListItems>
    <MappingToRegistry>0</MappingToRegistry>
  </ListInput>
  <Input>
    <Left>48</Left>
    <Top>380</Top>
    <Height>24</Height>
    <Width>160</Width>
    <Name>Param8</Name>
    <FontSize>12</FontSize>
    <Depth>0</Depth>
  </Input>
</Screen>