﻿<?xml version="1.0" encoding="utf-8"?>
<ResMap>
	<!-- =============== User status =============== -->
	<Message ID="Autho::User::DEFAULT" Content="未登入" />
	<Message ID="Autho::User::SYNTEC" Content="新代客服" />
	<Message ID="Autho::User::M" Content="机械厂" />
	<Message ID="Autho::User::U" Content="管理者" />
	
	<!-- =============== Autho label =============== -->
	<Message ID="Autho::Lab_Title" Content="【权限管理】" />
	<Message ID="Autho::Lab_SubTitle" Content="功能键说明如下" />
	<Message ID="Autho::Lab_F1TipsTitleForSyntec" Content="F1：检视终端客户最大权限" />
	<Message ID="Autho::Lab_F1TipsForSyntec" Content="可检视机械厂开放予终端客户之最大权限设定。" />
	<Message ID="Autho::Lab_F1TipsTitle" Content="F1：变更密码" />
	<Message ID="Autho::Lab_F1Tips" Content="可输入目前密码与新密码，按下确定后密码立即变更为新密码。" />
	<Message ID="Autho::Lab_F2TipsTitleForMaker" Content="F2：设定终端客户最大权限" />
	<Message ID="Autho::Lab_F2TipsForMaker" Content="可设定开放予终端客户之最大权限，以保护重要数据被修改。" />
	<Message ID="Autho::Lab_F2TipsTitle" Content="F2：设定未登入权限" />
	<Message ID="Autho::Lab_F2Tips" Content="可设定未登入任何使用者时，操作系统之权限范围。" />
	<Message ID="Autho::Lab_F3TipsTitle" Content="F3：设定其他使用者权限" />
	<Message ID="Autho::Lab_F3Tips" Content="可设定其他使用者之账号、密码，以及操作系统之权限范围。" />
	<Message ID="Autho::Lab_TitleOfEndUser" Content="【终端客户最大权限】" />
	<Message ID="Autho::Lab_TitleOfDefault" Content="【未登入权限】" />
	<Message ID="Autho::Lab_Page" Content="页面" />
	<Message ID="Autho::Lab_Name" Content="账号:" />
	<Message ID="Autho::Lab_Password" Content="密码:" />
	<Message ID="Autho::Lab_NowPassword" Content="目前密码:" />
	<Message ID="Autho::Lab_NewPassword" Content="新密码:" />
	<Message ID="Autho::Lab_ConfirmPassword" Content="确认新密码:" />
	<Message ID="Autho::Lab_ResetPassword" Content="设定码:" />
	
	<!-- =============== Autho message =============== -->
	<Message ID="Autho::TitleLogIn" Content="使用者登入" />
	<Message ID="Autho::TitleChangePassword" Content="变更密码" />
	<Message ID="Autho::TitleForgetPassword" Content="忘记密码" />
	<Message ID="Autho::TitleResetPassword" Content="重置密码" />
	<Message ID="Autho::TitleFindUser" Content="搜寻使用者" />
	<Message ID="Autho::TitleDeleteUser" Content="删除使用者" />
	
	<Message ID="Autho::PromptInputNamePwd" Content="请输入账号与密码" />
	<Message ID="Autho::PromptChooseNamePwd" Content="请选择账号与输入密码" />
	<Message ID="Autho::PromptChangePwd" Content="请输入目前密码以及欲变更之新密码" />
	<Message ID="Autho::PromptResetPwd" Content="请输入账号与设定码" />
	<Message ID="Autho::PromptFindUser" Content="请输入欲搜寻之账号" />
	<Message ID="Autho::PromptDeleteUser" Content="确定删除此账号?" />
	
	<Message ID="Autho::Error" Content="错误" />
	<Message ID="Autho::Warning" Content="警告" />
	<Message ID="Autho::Success" Content="完成" />
	<Message ID="Autho::NameIsNotFound" Content="账号不存在!" />
	<Message ID="Autho::NameIsRepeated" Content="账号重复!" />
	<Message ID="Autho::PasswordIsNotMatch" Content="密码输入错误!" />
	<Message ID="Autho::ExpressionIllegal" Content="输入格式不符!" />
	<Message ID="Autho::ConfirmPasswordFail" Content="确认密码与新密码不符!" />
	<Message ID="Autho::ChangePasswordSuccess" Content="密码变更成功!" />
	<Message ID="Autho::ValidateFail" Content="设定码输入错误!" />
	<Message ID="Autho::ResetPasswordSuccess" Content="密码重置成功!" />
	<Message ID="Autho::NotPermitted" Content="权限不足!" />
	<Message ID="Autho::ForgetPassword" Content="一般使用者，请联络管理者重新设定密码。

若为机械厂或管理者，请联络新代客服人员。" />
	<Message ID="Autho::ValueSetFail" Content="设定值写入失败!" />
	<Message ID="Autho::ValueOverRange" Content="设定值超出范围!" />
	<Message ID="Autho::ValueNotSupport" Content="设定值无效!" />
	<Message ID="Autho::DeleteUserFail" Content="账号删除失败!" />
	<Message ID="Autho::NameLengthIllegal" Content="账号长度超出限制!" />
	<Message ID="Autho::PasswordLengthIllegal" Content="密码长度超出限制!" />
	<Message ID="Autho::AuthoUserFileDamaged" Content="权限设定档案毁损，请进行资料还原。" />
	
	<!-- =============== Autho setting =============== -->
	<Message ID="AuthoValueClose" Content="关闭" />
	<Message ID="AuthoValueOpen" Content="开启" />
	<Message ID="AuthoValueDisplayOnly" Content="仅显示" />
	
	<!-- =============== Autho HintLabel =============== -->
	<Message ID="Autho::ExpressionHint" Content="由英文或数字组成，限制为8个字符" />
	<Message ID="Autho::NameExpressionHint" Content="由英文或数字组成，限制为8个字符，起始不可为数字" />
	<Message ID="Autho::LogInValidateNumberHint" Content="(验证码 = {0})请用此验证码向苏州企推部或台湾技术中心取得密码" />
	<Message ID="Autho::ResetValidateNumberHint" Content="(验证码 = {0})请用此验证码向苏州企推部或台湾技术中心取得密码" />
</ResMap>