﻿<?xml version="1.0" encoding="UTF-8"?>
<ResMap>
		<Message ID="MMI::AutoTool::Title" Content="自動刀長量測" />
	<Message ID="MMI::AutoTool::DoZDeltaSet" Content="是否確定要做Z軸落差設定?" />
	<Message ID="MMI::AutoTool::DoTeachXYRefCoord" Content="是否確定要做XY座標教導設定?" />
	<Message ID="MMI::AutoTool::CannotSetCoord" Content="這欄位不能做Z軸座標教導!" />
	<Message ID="MMI::AutoTool::DoCoordSet" Content="是否確定要做座標教導設定?" />

	<Message ID="MMI::AutoTool::WorkPiece" Content="工件座標號碼P" />
	<Message ID="MMI::AutoTool::Feedrate" Content="量測速度F" />
	<Message ID="MMI::AutoTool::UseRef" Content="使用參考點座標" />
	<Message ID="MMI::AutoTool::RefX" Content="X方向參考點X" />
	<Message ID="MMI::AutoTool::RefY" Content="Y方向參考點Y" />
	<Message ID="MMI::AutoTool::RefZ" Content="Z方向參考點Z" />
	<Message ID="MMI::AutoTool::ZMIN" Content="Z軸最低機械座標H" />
	<Message ID="MMI::AutoTool::GaugeZCoord" content="對刀器Z軸機械座標" />
	<Message ID="MMI::AutoTool::STEP" Content="步驟1:選擇使用參考點座標或手動將
刀具帶到對刀器上方
步驟2:填入量測使用參數
步驟3:按F7對刀器座標教導(機械廠)
       按F1自動對刀啟動(終端用戶)
備註:若主軸次機構變動, 請再次執行F7" />
	<Message ID="MMI::AutoTool::STEP1" Content="請先選擇是否使用參考點座標" />
	<Message ID="MMI::AutoTool::STEP2" Content="步驟1：填入量測使用參數" />
	<Message ID="MMI::AutoTool::STEP3" Content="步驟2：如未使用參考點做量測, 請" />
	<Message ID="MMI::AutoTool::STEP4" Content="　　　手動將刀具帶到對刀器上方" />
	<Message ID="MMI::AutoTool::STEP5" Content="步驟3：按F1自動對刀啟動" />
	<Message ID="MMI::AutoTool::STEP5.1" Content="步驟3:按F7啟動對刀器Z軸機械座標教導" />
	<Message ID="MMI::AutoTool::STEP6" Content="步驟4:按F1自動對刀啟動" />
	<Message ID="MMI::AutoTool::WorkPieceHint" Content="0:外部座標偏移, 1:G54, 2:G55, 3:G56, 4:G57, 5:G58" />
	<Message ID="MMI::AutoTool::WorkPieceHintNo2" Content="1:G54, 2:G55, 3:G56, 4:G57, 5:G58" />
	<Message ID="MMI::AutoTool::FeedrateHint" Content="從Z起始點到對刀器的量測速度" />
	<Message ID="MMI::AutoTool::UseRefHint" Content="0:不使用參考點座標, 1:使用參考點座標" />
	<Message ID="MMI::AutoTool::ZStartHint" Content="刀尖從這點開始用量測速度量測" />
	<Message ID="MMI::AutoTool::ZMINHint" Content="Z軸主軸頭允許的最低點, 按Z軸座標教導" />
	<Message ID="MMI::AutoTool::NotInAuto" Content="系統不是在自動模式, 不能啟動自動對刀功能!" />
	<Message ID="MMI::AutoTool::ZDelta" Content="Z 軸落差設定" />
	<Message ID="MMI::AutoTool::Modehint" Content="量測模式" />
	<Message ID="MMI::AutoTool::Modehint1" Content="　1:單刀單工件" />
	<Message ID="MMI::AutoTool::Modehint2" Content="　2:單刀多工件" />
	<Message ID="MMI::AutoTool::Modehint3" Content="　3:多刀多工件" />
	<Message ID="MMI::AutoTool::Modehint4" Content="　4:五軸量刀" />
	<Message ID="MMI::AutoTool::WorkPieceNo2" Content="落差設定編號" />
	<Message ID="MMI::AutoTool::Tool" Content="選擇刀號T" />
	<Message ID="MMI::AutoTool::SafeZ" Content="對刀後回到Z安全點" />
	<Message ID="MMI::AutoTool::SafeZHint" Content="設定對刀後主軸回到Z軸安全點位置" />
	<Message ID="MMI::AutoTool::AirBlowOn" Content="對刀儀設定：  吹氣 M " />
	<Message ID="MMI::AutoTool::AirBlowOff" Content="閉氣 M " />
	<Message ID="MMI::AutoTool::AirBlowOnHint" Content="對刀儀吹氣M碼設定" />
	<Message ID="MMI::AutoTool::AirBlowOffHint" Content="對刀儀閉氣M碼設定" />
</ResMap>