﻿<?xml version="1.0" encoding="UTF-8"?>
<!--Created by 'eHMI'version2.2.6-->
<ResMap>
  <Message ID="Browser::SerialDeviceInfo::Caption::SVPackModel" Content="Drive Model" />
  <Message ID="Browser::SerialDeviceInfo::Caption::SVPackSoftVer" Content="Drive Software" />
  <Message ID="Browser::SerialDeviceInfo::Caption::SVPackSN" Content="Drive S/N" />
  <Message ID="Browser::SerialDeviceInfo::Caption::SVMotorModel" Content="Motor Model" />
  <Message ID="Browser::SerialDeviceInfo::Caption::SVMotorSN" Content="Motor S/N" />
  <Message ID="Browser::SerialDeviceInfo::Caption::ENCSoftVer" Content="Enc. Software" />
  <Message ID="Browser::SerialDeviceInfo::Caption::ENCResolution" Content="Enc. Resolution" />
  <Message ID="Browser::SerialDeviceInfo::Caption::ENCSensorType" Content="Enc. Sensor Type" />
  <Message ID="Browser::SerialDeviceInfo::Caption::DeviceInfo" Content="Servo Info." />
  <Message ID="Browser::SerialDeviceInfo::Caption::SyntecEncType0" Content="SYNTEC Active" />
  <Message ID="Browser::SerialDeviceInfo::Caption::SyntecEncType1" Content="SYNTEC Passive" />
</ResMap>