﻿<?xml version="1.0" encoding="UTF-8"?>
<!--Created by 'eHMI'version2.2.26-->
<!--BROWSER SIZE|H:480|W:800-->
<Screen>
  <Name>CncAbout</Name>
  <Panel>
    <Left>-10</Left>
    <Top>-3</Top>
    <Width>807</Width>
    <Height>478</Height>
    <Name>Pan_About</Name>
    <FontSize>12</FontSize>
    <BackColor>205,215,222</BackColor>
    <Caption>
    </Caption>
  </Panel>
  <Panel>
    <Left>149</Left>
    <Top>103</Top>
    <Width>598</Width>
    <Height>178</Height>
    <Name>Panel1</Name>
    <FontSize>12</FontSize>
    <BorderStyle>0</BorderStyle>
    <BackColor>255,255,102</BackColor>
    <Caption>
    </Caption>
  </Panel>
  <Panel>
    <Left>149</Left>
    <Top>304</Top>
    <Width>598</Width>
    <Height>118</Height>
    <Name>Panel2</Name>
    <FontSize>12</FontSize>
    <BorderStyle>0</BorderStyle>
    <BackColor>255,255,102</BackColor>
    <Caption>
    </Caption>
  </Panel>
  <Picture>
    <Left>26</Left>
    <Top>8</Top>
    <Width>721</Width>
    <Height>46</Height>
    <Name>Pic_AboutTitle</Name>
    <FontSize>12</FontSize>
    <Picture>..\Image\AboutTitle.bmp</Picture>
  </Picture>
  <Label>
    <Left>26</Left>
    <Top>55</Top>
    <Height>27</Height>
    <Width>120</Width>
    <Name>Lab_SystemName</Name>
    <FontSize>12</FontSize>
    <Alignment>0</Alignment>
    <ForeColor>0,0,0</ForeColor>
    <BackColor>205,215,222</BackColor>
    <Caption>STR::Browser::CncAbout::Caption::Lab_SystemName::SystemName</Caption>
  </Label>
  <Label>
    <Left>150</Left>
    <Top>55</Top>
    <Height>27</Height>
    <Width>596</Width>
    <Name>Lab_SystemNameValue</Name>
    <FontSize>12</FontSize>
    <Alignment>0</Alignment>
    <ForeColor>0,0,255</ForeColor>
    <BackColor>205,215,222</BackColor>
    <Caption>
    </Caption>
  </Label>
  <Label>
    <Left>26</Left>
    <Top>106</Top>
    <Height>27</Height>
    <Width>120</Width>
    <Name>Lab_ProductVer</Name>
    <FontSize>12</FontSize>
    <Alignment>0</Alignment>
    <ForeColor>0,0,0</ForeColor>
    <BackColor>205,215,222</BackColor>
    <Caption>STR::Browser::CncAbout::Caption::Lab_ProductVer::ProductVer</Caption>
  </Label>
  <Label>
    <Left>151</Left>
    <Top>106</Top>
    <Height>27</Height>
    <Width>596</Width>
    <Name>Lab_ProductVerValue</Name>
    <FontSize>12</FontSize>
    <Alignment>0</Alignment>
    <ForeColor>0,0,255</ForeColor>
    <BackColor>255,255,102</BackColor>
    <Caption>STR::ProductVerValue</Caption>
  </Label>
  <Label>
    <Left>26</Left>
    <Top>136</Top>
    <Height>27</Height>
    <Width>120</Width>
    <Name>Lab_KernelVer</Name>
    <FontSize>12</FontSize>
    <Alignment>0</Alignment>
    <ForeColor>0,0,0</ForeColor>
    <BackColor>205,215,222</BackColor>
    <Caption>STR::Browser::CncAbout::Caption::Lab_KernelVer::KernelVer</Caption>
  </Label>
  <Label>
    <Left>151</Left>
    <Top>136</Top>
    <Height>27</Height>
    <Width>596</Width>
    <Name>Lab_KernelVerValue</Name>
    <FontSize>12</FontSize>
    <Alignment>0</Alignment>
    <ForeColor>0,0,255</ForeColor>
    <BackColor>255,255,102</BackColor>
    <Caption>
    </Caption>
  </Label>
  <Label>
    <Left>26</Left>
    <Top>165</Top>
    <Height>27</Height>
    <Width>120</Width>
    <Name>Lab_MMIVer</Name>
    <FontSize>12</FontSize>
    <Alignment>0</Alignment>
    <ForeColor>0,0,0</ForeColor>
    <BackColor>205,215,222</BackColor>
    <Caption>STR::Browser::CncAbout::Caption::Lab_MMIVer::MMIVer</Caption>
  </Label>
  <Label>
    <Left>151</Left>
    <Top>165</Top>
    <Height>27</Height>
    <Width>596</Width>
    <Name>Lab_MMIVerValue</Name>
    <FontSize>12</FontSize>
    <Alignment>0</Alignment>
    <ForeColor>0,0,255</ForeColor>
    <BackColor>255,255,102</BackColor>
    <Caption>
    </Caption>
  </Label>
  <Label>
    <Left>151</Left>
    <Top>195</Top>
    <Height>27</Height>
    <Width>596</Width>
    <Name>Lab_ImageVerValue</Name>
    <FontSize>12</FontSize>
    <Alignment>0</Alignment>
    <ForeColor>0,0,255</ForeColor>
    <BackColor>255,255,102</BackColor>
    <Caption>
    </Caption>
  </Label>
  <Label>
    <Left>26</Left>
    <Top>195</Top>
    <Height>27</Height>
    <Width>120</Width>
    <Name>Lab_ImageVer</Name>
    <FontSize>12</FontSize>
    <Alignment>0</Alignment>
    <ForeColor>0,0,0</ForeColor>
    <BackColor>205,215,222</BackColor>
    <Caption>STR::Browser::CncAbout::Caption::Lab_ImageVer::ImageVer</Caption>
  </Label>
  <Label>
    <Left>26</Left>
    <Top>224</Top>
    <Height>27</Height>
    <Width>120</Width>
    <Name>Lab_PLCVer</Name>
    <FontSize>12</FontSize>
    <Alignment>0</Alignment>
    <ForeColor>0,0,0</ForeColor>
    <BackColor>205,215,222</BackColor>
    <Caption>STR::Browser::CncAbout::Caption::Lab_PLCVer::PLCVer</Caption>
  </Label>
  <Display>
    <Left>151</Left>
    <Top>224</Top>
    <Height>27</Height>
    <Width>596</Width>
    <Name>Dis_PLCVer</Name>
    <FontSize>12</FontSize>
    <Alignment>0</Alignment>
    <ForeColor>0,0,255</ForeColor>
    <BackColor>255,255,102</BackColor>
    <DisplayFormat>Long:2F</DisplayFormat>
    <DisplaySource>R1019</DisplaySource>
  </Display>
  <Label>
    <Left>26</Left>
    <Top>254</Top>
    <Height>27</Height>
    <Width>120</Width>
    <Name>Label</Name>
    <FontSize>12</FontSize>
    <Alignment>0</Alignment>
    <ForeColor>0,0,0</ForeColor>
    <BackColor>205,215,222</BackColor>
    <Caption>STR::Browser::CncAbout::Caption::Label::PlatFormVer</Caption>
  </Label>
  <Label>
    <Left>151</Left>
    <Top>254</Top>
    <Height>27</Height>
    <Width>596</Width>
    <Name>Lab_PlatFormVer</Name>
    <FontSize>12</FontSize>
    <Alignment>0</Alignment>
    <ForeColor>0,0,255</ForeColor>
    <BackColor>255,255,102</BackColor>
    <Caption>
    </Caption>
  </Label>
  <Label>
    <Left>26</Left>
    <Top>424</Top>
    <Width>120</Width>
	<Height>20</Height>
    <Name>Lab_CompanyName</Name>
    <FontSize>12</FontSize>
    <Alignment>0</Alignment>
    <ForeColor>0,0,0</ForeColor>
    <BackColor>205,215,222</BackColor>
    <Caption>STR::Browser::CncAbout::Caption::Lab_CompanyName::CompanyName</Caption>
  </Label>
  <Label>
    <Left>147</Left>
    <Top>424</Top>
    <Width>120</Width>
	<Height>20</Height>
    <Name>Lab_CompanyNameValue</Name>
    <FontSize>12</FontSize>
    <Alignment>0</Alignment>
    <ForeColor>0,0,255</ForeColor>
    <BackColor>205,215,222</BackColor>
    <Caption>
    </Caption>
  </Label>
  <Label>
    <Left>26</Left>
    <Top>443</Top>
    <Width>350</Width>
	<Height>20</Height>
    <Name>Lab_CopyRight</Name>
    <FontSize>12</FontSize>
    <Alignment>0</Alignment>
    <ForeColor>0,0,0</ForeColor>
    <BackColor>205,215,222</BackColor>
    <Caption>STR::ABOUT::YearValue</Caption>
  </Label>
  <Label>
    <Left>393</Left>
    <Top>427</Top>
    <Height>16</Height>
    <Width>389</Width>
    <Name>Lab_Hint1</Name>
    <FontSize>10</FontSize>
    <Alignment>0</Alignment>
    <Visible>False</Visible>
    <ForeColor>255,10,10</ForeColor>
    <BackColor>205,215,222</BackColor>
    <Caption>STR::Browser::CncAbout::Caption::Lab_Hint1::Hint1</Caption>
  </Label>
  <Label>
    <Left>393</Left>
    <Top>441</Top>
    <Height>16</Height>
    <Width>389</Width>
    <Name>Lab_Hint2</Name>
    <FontSize>10</FontSize>
    <Alignment>0</Alignment>
    <Visible>False</Visible>
    <ForeColor>255,10,10</ForeColor>
    <BackColor>205,215,222</BackColor>
    <Caption>STR::Browser::CncAbout::Caption::Lab_Hint2::Hint2</Caption>
  </Label>
  <Label>
    <Left>26</Left>
    <Top>84</Top>
    <Height>19</Height>
    <Width>120</Width>
    <Name>Lab_SoftWaveInfo</Name>
    <FontSize>12</FontSize>
    <Alignment>0</Alignment>
    <ForeColor>255,0,0</ForeColor>
    <BackColor>205,215,222</BackColor>
    <Caption>STR::Browser::CncAbout::Caption::Lab_SoftWaveInfo::SoftWaveInfo</Caption>
  </Label>
  <Label>
    <Left>26</Left>
    <Top>284</Top>
    <Height>19</Height>
    <Width>120</Width>
    <Name>Lab_HardWaveInfo</Name>
    <FontSize>12</FontSize>
    <Alignment>0</Alignment>
    <ForeColor>255,0,0</ForeColor>
    <BackColor>205,215,222</BackColor>
    <Caption>STR::Browser::CncAbout::Caption::Lab_HardWaveInfo::HardWaveInfo</Caption>
  </Label>
  <Label>
    <Left>26</Left>
    <Top>305</Top>
    <Height>27</Height>
    <Width>120</Width>
    <Name>Lab_CPUBorad</Name>
    <FontSize>12</FontSize>
    <Alignment>0</Alignment>
    <ForeColor>0,0,0</ForeColor>
    <BackColor>205,215,222</BackColor>
    <Caption>STR::Browser::CncAbout::Caption::Lab_CPUBorad::CPUBorad</Caption>
  </Label>
  <Label>
    <Left>26</Left>
    <Top>335</Top>
    <Height>27</Height>
    <Width>120</Width>
    <Name>Lab_CNCSerialNo</Name>
    <FontSize>12</FontSize>
    <Alignment>0</Alignment>
    <ForeColor>0,0,0</ForeColor>
    <BackColor>205,215,222</BackColor>
    <Caption>STR::Browser::CncAbout::Caption::Lab_CNCSerialNo::CNCSerial</Caption>
  </Label>
  <Label>
    <Left>151</Left>
    <Top>335</Top>
    <Height>27</Height>
    <Width>596</Width>
    <Name>Lab_CNCSerialNoInfo</Name>
    <FontSize>12</FontSize>
    <Alignment>0</Alignment>
    <ForeColor>0,0,255</ForeColor>
    <BackColor>255,255,102</BackColor>
    <Caption>
    </Caption>
  </Label>
  <Label>
    <Left>26</Left>
    <Top>394</Top>
    <Height>27</Height>
    <Width>120</Width>
    <Name>Lab_MachinType</Name>
    <FontSize>12</FontSize>
    <Alignment>0</Alignment>
    <ForeColor>0,0,0</ForeColor>
    <BackColor>205,215,222</BackColor>
    <Caption>STR::Browser::CncAbout::Caption::Lab_MachinType::MachinType</Caption>
  </Label>
  <Label>
    <Left>26</Left>
    <Top>364</Top>
    <Height>27</Height>
    <Width>120</Width>
    <Name>Lab_CNCModel</Name>
    <FontSize>12</FontSize>
    <Alignment>0</Alignment>
    <ForeColor>0,0,0</ForeColor>
    <BackColor>205,215,222</BackColor>
    <Caption>STR::Browser::CncAbout::Caption::Lab_CNCModel::CNCModel</Caption>
  </Label>
  <Label>
    <Left>151</Left>
    <Top>394</Top>
    <Height>27</Height>
    <Width>596</Width>
    <Name>Lab_MachinTypeInfo</Name>
    <FontSize>12</FontSize>
    <Alignment>0</Alignment>
    <ForeColor>0,0,255</ForeColor>
    <BackColor>255,255,102</BackColor>
    <Caption>
    </Caption>
  </Label>
  <Label>
    <Left>151</Left>
    <Top>305</Top>
    <Height>27</Height>
    <Width>596</Width>
    <Name>Lab_CPUBoradInfo</Name>
    <FontSize>12</FontSize>
    <Alignment>0</Alignment>
    <ForeColor>0,0,255</ForeColor>
    <BackColor>255,255,102</BackColor>
    <Caption>
    </Caption>
  </Label>
  <Label>
    <Left>151</Left>
    <Top>364</Top>
    <Height>27</Height>
    <Width>596</Width>
    <Name>Lab_CNCModelInfo</Name>
    <FontSize>12</FontSize>
    <Alignment>0</Alignment>
    <ForeColor>0,0,255</ForeColor>
    <BackColor>255,255,102</BackColor>
    <Caption>
    </Caption>
  </Label>
</Screen>