﻿<?xml version="1.0" encoding="utf-8" ?>
<ResMap>
	<Message ID="MMI::SerialSpindleAdjust::AccDeceleration::Section2_1" Content="FF. SPEED" />
	<Message ID="MMI::SerialSpindleAdjust::AccDeceleration::Unit::Section2_1" Content="(RPM)" />
	<Message ID="MMI::SerialSpindleAdjust::AccDeceleration::Section2_2" Content="MAX SPEED" />
	<Message ID="MMI::SerialSpindleAdjust::AccDeceleration::Unit::Section2_2" Content="(RPM)" />
	<Message ID="MMI::SerialSpindleAdjust::AccDeceleration::Section2_3" Content="TRAJ_AMAX_TIME" />
	<Message ID="MMI::SerialSpindleAdjust::AccDeceleration::Unit::Section2_3" Content="(ms)" />
	<Message ID="MMI::SerialSpindleAdjust::AccDeceleration::Section2_4" Content="TRAJ_JMAX_TIME" />
	<Message ID="MMI::SerialSpindleAdjust::AccDeceleration::Unit::Section2_4" Content="(ms)" />
	<Message ID="MMI::SerialSpindleAdjust::AccDeceleration::Section3_2" Content="FeedRate S" />
	<Message ID="MMI::SerialSpindleAdjust::AccDeceleration::Section3_3" Content="ClockWise M" />
	<Message ID="MMI::SerialSpindleAdjust::AccDeceleration::Section3_4" Content="Stop M" />
	<Message ID="MMI::SerialSpindleAdjust::AccDeceleration::Section3_5" Content="Axis Group" />
	<Message ID="MMI::SerialSpindleAdjust::AccDeceleration::Lab_DebugTitle_1" Content="Spindle Acc. Time(sec)" />
	<Message ID="MMI::SerialSpindleAdjust::AccDeceleration::Lab_DebugTitle_2" Content="Spindle Dec. Time(sec)" />
	<Message ID="MMI::SerialSpindleAdjust::AccDeceleration::Lab_DebugTitle_3" Content="Spindle Override(%)" />
	<Message ID="MMI::SerialSpindleAdjust::AccDeceleration::Lab_AccHint1" Content="The above values are refrence to P1992." />
</ResMap>
