﻿<?xml version="1.0" encoding="utf-8" ?>
<ResMap>
	<Message ID="MMI::AutoTool::Title" Content="Auto Tool Function" />
	<Message ID="MMI::AutoTool::DoZDeltaSet" Content="Do you make sure to do delta Z Set ?" />
	<Message ID="MMI::AutoTool::DoTeachXYRefCoord" Content="Do you make sure to do XY Coordinate Set ?" />
	<Message ID="MMI::AutoTool::CannotSetCoord" Content="This field can't do Z coordinate Teach!" />
	<Message ID="MMI::AutoTool::DoCoordSet" Content="Do you make sure to do Coordinate Set ?" />

	<Message ID="MMI::AutoTool::WorkPiece" Content="WorkPiece No. P" />
	<Message ID="MMI::AutoTool::Feedrate" Content="Feedrate F" />
	<Message ID="MMI::AutoTool::UseRef" Content="Use Reference" />
	<Message ID="MMI::AutoTool::RefX" Content="Ref Coord. X" />
	<Message ID="MMI::AutoTool::RefY" Content="Ref Coord. Y" />
	<Message ID="MMI::AutoTool::RefZ" Content="Ref Coord. Z" />
	<Message ID="MMI::AutoTool::ZMIN" Content="Min. Z Mach. H" />
	<Message ID="MMI::AutoTool::GaugeZCoord" Content="Gauge Z Mach. Coord" />
	<Message ID="MMI::AutoTool::STEP" Content="1.Please choose using Ref. Point or taking tool tip to upper of measurement
2.Set all measure parameters
3.Press F7 Gauge Z Coord. Teach Start(maker);Press F1 Measure Start(user)
Remark:Please execute F7 again, if spindle side mechanism is adjusted " />
	<Message ID="MMI::AutoTool::STEP1" Content="Select if use Ref Point" />
	<Message ID="MMI::AutoTool::STEP2" Content="1:Set All measure parameter" />
	<Message ID="MMI::AutoTool::STEP3" Content="2:If not use Ref, Take tool tip" />
	<Message ID="MMI::AutoTool::STEP4" Content=" to upper of measurement" />
	<Message ID="MMI::AutoTool::STEP5" Content="3:Press F1, Measure Start" />
	<Message ID="MMI::AutoTool::STEP5.1" Content="3:Press F7, Gauge Z Coord. Teach Start" />
	<Message ID="MMI::AutoTool::STEP6" Content="4:Press F1, Measure Start" />
	<Message ID="MMI::AutoTool::WorkPieceHint" Content="0:EXT, 1:G54, 2:G55, 3:G56, 4:G57, 5:G58" />
	<Message ID="MMI::AutoTool::WorkPieceHintNo2" Content="1:G54, 2:G55, 3:G56, 4:G57, 5:G58" />
	<Message ID="MMI::AutoTool::FeedrateHint" Content="Measure feedrate, from Z start point" />
	<Message ID="MMI::AutoTool::UseRefHint" Content="0:Not use Ref, 1:Use Ref" />
	<Message ID="MMI::AutoTool::ZStartHint" Content="Z axis measure start point" />
	<Message ID="MMI::AutoTool::ZMINHint" Content="Spindle safe Z position, press Z Mach. teach" />
	<Message ID="MMI::AutoTool::NotInAuto" Content="System not in Auto mode, can't start auto tool measure function!" />
	<Message ID="MMI::AutoTool::ZDelta" Content="Delta Z Set" />
	<Message ID="MMI::AutoTool::Modehint" Content="AutoTool Mode" />
	<Message ID="MMI::AutoTool::Modehint1" Content="1:Single tool Single workpiece" />
	<Message ID="MMI::AutoTool::Modehint2" Content="2:Single tool Multi-workpiece" />
	<Message ID="MMI::AutoTool::Modehint3" Content="3:Multi-tool Multi-workpiece" />
	<Message ID="MMI::AutoTool::Modehint4" Content="4:Five axes" />
	<Message ID="MMI::AutoTool::WorkPieceNo2" Content="WorkPiece No." />
	<Message ID="MMI::AutoTool::Tool" Content="Tool No. T" />
	<Message ID="MMI::AutoTool::SafeZ" Content="Safe Z After Measure" />
	<Message ID="MMI::AutoTool::SafeZHint" Content="Go to spindle safe Z position after measurement" />
	<Message ID="MMI::AutoTool::AirBlowOn" Content="Gauge Air Blow:  ON: M " />
	<Message ID="MMI::AutoTool::AirBlowOff" Content="OFF: M " />
	<Message ID="MMI::AutoTool::AirBlowOnHint" Content="Gauge air blow on M code setting" />
	<Message ID="MMI::AutoTool::AirBlowOffHint" Content="Gauge air blow off M code setting" />
</ResMap>
