﻿<?xml version="1.0" encoding="UTF-8"?>
<ResMap>
  <Message ID="Browser::DELTADriverTuning::Caption::PrmHintTitle" Content="Parameters Hint:" />
  <Message ID="Browser::DELTADriverTuning::Caption::DriverTitle" Content="　  Driver Parameters Setting" />
  <Message ID="Browser::DELTADriverTuning::Caption::SpeedBW" Content="Band Width" />
  <Message ID="Browser::DELTADriverTuning::Caption::MomentOfInertia" Content="Moment of Inertia" />
  <Message ID="Browser::DELTADriverTuning::Caption::KPP" Content="KPP" />
  <Message ID="Browser::DELTADriverTuning::Caption::KVP" Content="KVP" />
  <Message ID="Browser::DELTADriverTuning::Caption::KVI" Content="KVI" />
  <Message ID="Browser::DELTADriverTuning::Caption::NotchTitle" Content="Setting of Notch Filter" />
  <Message ID="Browser::DELTADriverTuning::Caption::NotchF1" Content="Frequency of Notch Filter 1" />
  <Message ID="Browser::DELTADriverTuning::Caption::NotchA1" Content="Amplitude of Notch Filter 1" />
  <Message ID="Browser::DELTADriverTuning::Caption::NotchF2" Content="Frequency of Notch Filter 2" />
  <Message ID="Browser::DELTADriverTuning::Caption::NotchA2" Content="Amplitude of Notch Filter 2" />
  <Message ID="Browser::DELTADriverTuning::HintLabel::HintBW" Content="Cause faster response, but easily cause noise and vibration" />
  <Message ID="Browser::DELTADriverTuning::HintLabel::HintKPP" Content="Minize the error and the registration time" />
  <Message ID="Browser::DELTADriverTuning::HintLabel::HintKVP" Content="Increase the speed response frequency and the tracing command" />
  <Message ID="Browser::DELTADriverTuning::HintLabel::HintKVI" Content="Increase the ability of error elimination" />
  <Message ID="Browser::DELTADriverTuning::HintLabel::HintNotchA1" Content="Eliminate greater resonance vibration on Frequency 1" />
  <Message ID="Browser::DELTADriverTuning::HintLabel::HintNotchA2" Content="Eliminate greater resonance vibration on Frequency 2" />
  <Message ID="Browser::DELTADriverTuning::Caption::MotorPosition" Content="Position of Motor" />
  <Message ID="Browser::DELTADriverTuning::Caption::MotorLimit1" Content="Forward Limit of Motor" />
  <Message ID="Browser::DELTADriverTuning::Caption::MotorLimit2" Content="Backward Limit of Motor" />
  <Message ID="Browser::TuningEstimation::Caption::HintStep1" Content="Step 1: Confirm the registration of the limit" />
  <Message ID="Browser::TuningEstimation::Caption::HintStep2" Content="Step 2: Start Estimation" />
  <Message ID="Browser::TuningEstimation::Caption::HintStep3" Content="Step 3: Stop estimating if noise is generated" />
  <Message ID="Browser::TuningEstimation::Caption::HintStep4" Content="and re-estimate after decreasing the bandwidth" />
  <Message ID="Browser::TuningMain::Caption::HintStep1" Content="Step 1: Registrate the Limits of the Motor" />
  <Message ID="Browser::TuningMain::Caption::HintStep2" Content="Step 2: Estimate the Moment of Inertia" />
  <Message ID="Browser::TuningMain::Caption::HintStep3" Content="Step 3: Calculate the gain automatically" />
  <Message ID="Browser::TuningMain::Caption::HintStep4" Content="Step 4: Test Working" />
  <Message ID="Browser::TuningList::Caption::MotorNo" Content="Motor No." />
  <Message ID="Browser::TuningList::Caption::MomentOfInertia" Content="Moment of Inertia" />
  <Message ID="Browser::TuningList::Caption::KPP" Content="KPP" />
  <Message ID="Browser::TuningList::Caption::KVP" Content="KVP" />
  <Message ID="Browser::TuningList::Caption::KVI" Content="KVI" />
  <Message ID="Browser::TuningList::Caption::BW" Content="Bandwidth of speed response (Hz)" />
  <Message ID="Browser::TuningList::Caption::NotchF1" Content="Frequency of Notch Filter 1 (Hz)" />
  <Message ID="Browser::TuningList::Caption::NotchA1" Content="Amplitude of Notch Filter 1 (dB)" />
  <Message ID="Browser::TuningList::Caption::NotchF2" Content="Frequency of Notch Filter 2 (Hz)" />
  <Message ID="Browser::TuningList::Caption::NotchA2" Content="Amplitude of Notch Filter 2 (dB)" />
  <Message ID="Browser::TuningList::Caption::ModeSetting" Content="Resonance Vibration Suppression Setting " />
  <Message ID="Browser::TuningList::Caption::MotorLimit1" Content="Forward Limit of Motor" />
  <Message ID="Browser::TuningList::Caption::MotorLimit2" Content="Backward Limit of Motor" />
  <Message ID="Browser::TuningList::Caption::FrictionComp" Content="Compensation Level of Friction (%)" />
  <Message ID="Browser::TuningList::Caption::FrictionScon" Content="Compensation Smoothing Constant of Friction (ms)" />
  <Message ID="Browser::TuningList::Caption::Resolution" Content="Resolution of Linear Encoder (pulse / rev)" />
  <Message ID="Browser::TuningList::Caption::ErrorProtect" Content="Encode Error Protect Range (pulse)" />
  <Message ID="Browser::TuningList::Caption::EncoderSwitch" Content="Encoder Switch" />
  <Message ID="Browser::TuningList::Caption::EncoderLP" Content="Encoder Low-Pass Filter Time Constant (ms)" />
  <Message ID="Browser::TuningJOGLimit::Caption::Step1" Content="Step 1: use the button JOG+ or JOG-" />
  <Message ID="Browser::TuningJOGLimit::Caption::Step2" Content="       to activate the motor" />
  <Message ID="Browser::TuningJOGLimit::Caption::Step3" Content="Step 2: Press F1 and F2 to registrate the limit" />
  <Message ID="Browser::TuningJOGLimit::Caption::Step4" Content="" />
  <Message ID="Browser::TuningJOGLimit::Caption::HintNote1" Content="Note: The limit will only be used in gain tuning" />
  <Message ID="Browser::TuningJOGLimit::Caption::HintNote2" Content="       and will not affect the normal working" />
  <Message ID="Browser::TuningFinish::Caption::Step1" Content="1. System is using the new Driver Parameter working." />
  <Message ID="Browser::TuningFinish::Caption::Step2" Content="2. Increase the Bandwidth or KPP if Loss Pulse or" />
  <Message ID="Browser::TuningFinish::Caption::Step3" Content="   Following Error alarm appears during working." />
  <Message ID="Browser::TuningFinish::Caption::Step4" Content="3. Increase the value of Param561-Param576 if the" />
  <Message ID="Browser::TuningFinish::Caption::Step5" Content="   alarm still exist and the vibration cannot eliminate." />
  <Message ID="Browser::TuningPrm::Caption::HintStep1" Content="Step 1: Give the BandWidth and calculate" />
  <Message ID="Browser::TuningPrm::Caption::HintStep2" Content="      the gain automatically. You can also" />
  <Message ID="Browser::TuningPrm::Caption::HintStep3" Content="      key in manually." />
  <Message ID="Browser::TuningPrm::Caption::HintStep4" Content="Step 2: Start Tuning" />
</ResMap>