<?xml version="1.0" encoding="UTF-8" ?> 
<root>
<PositioningAdjust>
M[5]
G4 X0.1
M[2] S[0]=[1]
G4 X3.
M[3]
G04.1 P1
M30
</PositioningAdjust>
<AccDecelerationAdjust>
M[3]
G4 X0.1
M[2] S[0]=[1]
G4 X3.
M[3]
G04.1 P1
M30
</AccDecelerationAdjust>
<TappingAdjust_MILL>
{0} [2] G90
M[7]
M[5] S[9]
G00 {1}
G99 G95
{2}[4] R[3] F[1] S[9]
G80
M[6]
G04.1 P1
M30
</TappingAdjust_MILL>
<TappingAdjust_LATHE_Type_A>
{0} [2]
M[7]
M[5] S[9]
G00 {1}
G99
{2}[4] F[1] S[9]
G80
M[6]
G04.1 P1
M30
</TappingAdjust_LATHE_Type_A>
<TappingAdjust_LATHE_Type_B_C>
{0} [2]
M[7]
M[5] S[9]
G00 {1}
G99 G95
{2}[4] R[3] F[1] S[9]
G80
M[6]
G04.1 P1
M30
</TappingAdjust_LATHE_Type_B_C>
<BallBarAdjust_MILL>
G[5]
G[0] G[2] G90
G00 {0}
G04 X1.0
G94 F{1}
G10 L1000 P900 R1
G0[1] {2}
G0[1] {2}
G10 L1000 P900 R0
G{3}
G04.1 P1
M30
</BallBarAdjust_MILL>
<BallBarAdjust_LATHE_Type_A>
G[5]
G[0] G[2]
G00 {0}
G04 X1.0
G98 F{1}
G10 L1000 P900 R1
G0[1] {2}
G0[1] {2}
G10 L1000 P900 R0
G{3}
G04.1 P1
M30
</BallBarAdjust_LATHE_Type_A>
<BallBarAdjust_LATHE_Type_B_C>
G[5]
G[0] G[2]
G00 {0}
G04 X1.0
G94 F{1}
G10 L1000 P900 R1
G0[1] {2}
G0[1] {2}
G10 L1000 P900 R0
G{3}
G04.1 P1
M30
</BallBarAdjust_LATHE_Type_B_C>
</root>