<?xml version="1.0" encoding="utf-8" ?>
<ResMap>
	<Message ID="AlarmMsg::Coordinate::ID=1" Content="Array Index must be Integer" />
	<Message ID="AlarmMsg::Coordinate::ID=2" Content="File not found" />
	<Message ID="AlarmMsg::Coordinate::ID=3" Content="Devide by zero" />
	<Message ID="AlarmMsg::Coordinate::ID=4" Content="Operand domain error" />
	<Message ID="AlarmMsg::Coordinate::ID=5" Content="Program loading failure" />
	<Message ID="AlarmMsg::Coordinate::ID=6" Content="Arc not on work plane" />
	<Message ID="AlarmMsg::Coordinate::ID=7" Content="Arc radius too short" />
	<Message ID="AlarmMsg::Coordinate::ID=8" Content="Arc destination not on arc" />
	<Message ID="AlarmMsg::Coordinate::ID=9" Content="Macro call too deep" />
	<Message ID="AlarmMsg::Coordinate::ID=10" Content="Modal macro call too deep" />
	<Message ID="AlarmMsg::Coordinate::ID=11" Content="Subprogram call too deep" />
	<Message ID="AlarmMsg::Coordinate::ID=12" Content="Too many modal macro canel,G67" />
	<Message ID="AlarmMsg::Coordinate::ID=13" Content="G65,G66 must be the last one in G code list" />
	<Message ID="AlarmMsg::Coordinate::ID=14" Content="Absent program number" />
	<Message ID="AlarmMsg::Coordinate::ID=15" Content="Too many M code" />
	<Message ID="AlarmMsg::Coordinate::ID=16" Content="Illegal variable access" />
	<Message ID="AlarmMsg::Coordinate::ID=17" Content="Label not found" />
	<Message ID="AlarmMsg::Coordinate::ID=18" Content="Line number not found" />
	<Message ID="AlarmMsg::Coordinate::ID=19" Content="sub program no M99" />
	<Message ID="AlarmMsg::Coordinate::ID=20" Content="Too many G code" />
	<Message ID="AlarmMsg::Coordinate::ID=21" Content="Too many (I,J,K) triples" />
	<Message ID="AlarmMsg::Coordinate::ID=22" Content="Use undefined workpiece coordinate" />
	<Message ID="AlarmMsg::Coordinate::ID=23" Content="Semantic error" />
	<Message ID="AlarmMsg::Coordinate::ID=24" Content="Invalid arc radius value" />
	<Message ID="AlarmMsg::Coordinate::ID=25" Content="Macro stack is full or access fail" />
	<Message ID="AlarmMsg::Coordinate::ID=26" Content="Macro stack is empty" />
	<Message ID="AlarmMsg::Coordinate::ID=27" Content="Macro alarm" />
	<Message ID="AlarmMsg::Coordinate::ID=28" Content="Macro program error" />
	<Message ID="AlarmMsg::Coordinate::ID=29" Content="Tool length offset change at arc" />
	<Message ID="AlarmMsg::Coordinate::ID=30" Content="Cutting Feedrate is zero" />
	<Message ID="AlarmMsg::Coordinate::ID=31" Content="Radius compensation cancel at arc" />
	<Message ID="AlarmMsg::Coordinate::ID=32" Content="Radius compensation startup at arc" />
	<Message ID="AlarmMsg::Coordinate::ID=33" Content="Wrong direct draw command usage" />
	<Message ID="AlarmMsg::Coordinate::ID=34" Content="Address command conflict" />
	<Message ID="AlarmMsg::Coordinate::ID=35" Content="Zero movement at corner in direct draw" />
	<Message ID="AlarmMsg::Coordinate::ID=36" Content="Invalid angle amount in direct draw" />
	<Message ID="AlarmMsg::Coordinate::ID=37" Content="Dot chamfer amount bigger than displacement" />
	<Message ID="AlarmMsg::Coordinate::ID=38" Content="Invalid switch number of option block skip" />
	<Message ID="AlarmMsg::Coordinate::ID=39" Content="Skip function conflict with tool radius compensation" />
	<Message ID="AlarmMsg::Coordinate::ID=40" Content="exceed software limit or hardware limit" />
	<Message ID="AlarmMsg::Coordinate::ID=41" Content="Goto label must be integer" />
	<Message ID="AlarmMsg::Coordinate::ID=42" Content="Logic operand must be integer or vacant" />
	<Message ID="AlarmMsg::Coordinate::ID=43" Content="ASIN()/ACOS() operand must between -1.0 and 1.0" />
	<Message ID="AlarmMsg::Coordinate::ID=44" Content="SQRT() operand should not be negative" />
	<Message ID="AlarmMsg::Coordinate::ID=45" Content="L address should be integer" />
	<Message ID="AlarmMsg::Coordinate::ID=46" Content="O address should be integer" />
	<Message ID="AlarmMsg::Coordinate::ID=47" Content="M address should be integer" />
	<Message ID="AlarmMsg::Coordinate::ID=48" Content="Spindle speed, S, should be integer" />
	<Message ID="AlarmMsg::Coordinate::ID=49" Content="Tool length number, H, should be integer" />
	<Message ID="AlarmMsg::Coordinate::ID=50" Content="Tool radius number, D, should be integer" />
	<Message ID="AlarmMsg::Coordinate::ID=51" Content="Tool selection number, T, should be integer" />
	<Message ID="AlarmMsg::Coordinate::ID=52" Content="Sub-program number, P, should be integer" />
	<Message ID="AlarmMsg::Coordinate::ID=53" Content="Repeat count, L, should be integer" />
	<Message ID="AlarmMsg::Coordinate::ID=54" Content="Imcompatible data type" />
	<Message ID="AlarmMsg::Coordinate::ID=55" Content="Tool length number, H, over range" />
	<Message ID="AlarmMsg::Coordinate::ID=56" Content="G10 table index, P, over range" />
	<Message ID="AlarmMsg::Coordinate::ID=57" Content="Tool radius number, D, over range" />
	<Message ID="AlarmMsg::Coordinate::ID=58" Content="Tool nose number over range" />
	<Message ID="AlarmMsg::Coordinate::ID=59" Content="Subprogram call sequence num., H, must integer" />
	<Message ID="AlarmMsg::Coordinate::ID=60" Content="M99 return sequence number, P, must integer" />
	<Message ID="AlarmMsg::Coordinate::ID=61" Content="Workpiece number over range" />
	<Message ID="AlarmMsg::Coordinate::ID=62" Content="Dwell skip source,Q, must be integer" />
	<Message ID="AlarmMsg::Coordinate::ID=63" Content="Dwell skip source,Q, over range" />
	<Message ID="AlarmMsg::Coordinate::ID=64" Content="P address must be integer" />
	<Message ID="AlarmMsg::Coordinate::ID=65" Content="Dot angle and axis command conflict" />
	<Message ID="AlarmMsg::Coordinate::ID=66" Content="Inc. axis command and abs. axis command conflict" />
	<Message ID="AlarmMsg::Coordinate::ID=67" Content="Arc center vector and radius conflict" />
	<Message ID="AlarmMsg::Coordinate::ID=68" Content="Metric/Inch cmd. not available under quiet mode" />
	<Message ID="AlarmMsg::Coordinate::ID=69" Content="Corner round and chamfer cmd. conflict" />
	<Message ID="AlarmMsg::Coordinate::ID=70" Content="Invalid G Code" />
	<Message ID="AlarmMsg::Coordinate::ID=71" Content="No main program assignment" />
	<Message ID="AlarmMsg::Coordinate::ID=72" Content="threading block feedrate exceed" />
	<Message ID="AlarmMsg::Coordinate::ID=73" Content="tapping block feedrate exceed" />
	<Message ID="AlarmMsg::Coordinate::ID=74" Content="Overcut by tool radius too big" />
	<Message ID="AlarmMsg::Coordinate::ID=75" Content="Exact stop wait timeout" />
	<Message ID="AlarmMsg::Coordinate::ID=76" Content="G04 dwell time can not be negative" />
	<Message ID="AlarmMsg::Coordinate::ID=77" Content="Nurbs curve form error" />
	<Message ID="AlarmMsg::Coordinate::ID=78" Content="Nurbs system memory not enough" />
	<Message ID="AlarmMsg::Coordinate::ID=79" Content="Nurbs curve control points over limit value" />
	<Message ID="AlarmMsg::Coordinate::ID=80" Content="Invalid Threading Lead" />
	<Message ID="AlarmMsg::Coordinate::ID=81" Content="G02/G03 can only have incluede angles 90 or 270 In G45~G48" />
	<Message ID="AlarmMsg::Coordinate::ID=82" Content="G41/G42 cannot use with G45~G48 simultaneously" />
	<Message ID="AlarmMsg::Coordinate::ID=84" Content="Fast Drill G-Code Argement Error" />
	<Message ID="AlarmMsg::Coordinate::ID=85" Content="Invalid F Arguement In G93 Mode" />
	<Message ID="AlarmMsg::Coordinate::ID=86" Content="R Argument and I Argument are pairs In G10 L1501 Mode" />
	<Message ID="AlarmMsg::Coordinate::ID=87" Content="P Argument and Q Argmument can not be the same In G10 L1501 Mode" />
	<Message ID="AlarmMsg::Coordinate::ID=88" Content="Program can not order command in time axis if set argument I In G10 L1501 Mode" />
	<Message ID="AlarmMsg::Coordinate::ID=89" Content="Command of the master axis must be incremental type" />
	<Message ID="AlarmMsg::Coordinate::ID=90" Content="C-Axis Zero speed check failed when starting polar transform" />
	<Message ID="AlarmMsg::Coordinate::ID=91" Content="Invalid number of basic spindle " />
	<Message ID="AlarmMsg::Coordinate::ID=92" Content="Invalid number of synchronous spindle " />
	<Message ID="AlarmMsg::Coordinate::ID=93" Content="Invalid type of sync. spindle " />
	<Message ID="AlarmMsg::Coordinate::ID=94" Content="Spindle super imposition rigid tapping spindle speed over" />
	<Message ID="AlarmMsg::Coordinate::ID=95" Content="Invalid ratation speed rate of basic spindle " />
	<Message ID="AlarmMsg::Coordinate::ID=96" Content="Invalid ratation speed rate of synchronous spindle " />
	<Message ID="AlarmMsg::Coordinate::ID=97" Content="couple or decouple fail" />
	<Message ID="AlarmMsg::Coordinate::ID=98" Content="Invalid Argument in Parameter Learning " />
	<Message ID="AlarmMsg::Coordinate::ID=99" Content="Tapping learning condition fault" />
	<Message ID="AlarmMsg::Coordinate::ID=100" Content="Controller model not support this G Code" />
	<Message ID="AlarmMsg::Coordinate::ID=101" Content="Basic spindle and Sync. Spindle pitch setting conflict" />
	<Message ID="AlarmMsg::Coordinate::ID=102" Content="Duplicate G51.2 or G114.1 commend" />
	<Message ID="AlarmMsg::Coordinate::ID=103" Content="Invalid HSHP parameters setting" />
	<Message ID="AlarmMsg::Coordinate::ID=104" Content="Invalid virtual axis setting" />
	<Message ID="AlarmMsg::Coordinate::ID=105" Content="Invalid couple setting" />
	<Message ID="AlarmMsg::Coordinate::ID=106" Content="G5.1 Path smooth cannot apply under G61, G63 or EDM mode" />
	<Message ID="AlarmMsg::Coordinate::ID=107" Content="The format of G5.1/G05 is incorrect" />
	<Message ID="AlarmMsg::Coordinate::ID=108" Content="The format of G10 L1501/L1502 is incorrect" />
	<Message ID="AlarmMsg::Coordinate::ID=109" Content="Invalid G22 setting, enable fail" />
	<Message ID="AlarmMsg::Coordinate::ID=110" Content="NcFilesIsTooLargeForCutString" />
	<Message ID="AlarmMsg::Coordinate::ID=111" Content="Invalid axis for axis exchange" />
	<Message ID="AlarmMsg::Coordinate::ID=112" Content="Diameter setting error for axis exchange" />
	<Message ID="AlarmMsg::Coordinate::ID=113" Content="Enable od disable timing error for Axis exchange" />
	<Message ID="AlarmMsg::Coordinate::ID=114" Content="Invalid axis group for axis exchange" />
	<Message ID="AlarmMsg::Coordinate::ID=115" Content="Axis parameter setting error for G92.1" />
	<Message ID="AlarmMsg::Coordinate::ID=116" Content="Fail to synchronize the offset from halt point" />
	<Message ID="AlarmMsg::Coordinate::ID=117" Content="Interrupt subprogram call without M97" />
	<Message ID="AlarmMsg::Coordinate::ID=118" Content="G53 command is inhibit in G43.4 mode" />
	<Message ID="AlarmMsg::Coordinate::ID=119" Content="The format of G10 L16 is incorrect" />
	<Message ID="AlarmMsg::Coordinate::ID=120" Content="Over max sync. axes number" />
	<Message ID="AlarmMsg::Coordinate::ID=121" Content="LN()operand must be positive" />
	<Message ID="AlarmMsg::Coordinate::ID=122" Content="POW(,)first operand should not be negative" />
	<Message ID="AlarmMsg::Coordinate::ID=123" Content="STR2INT() illegal input or string too long" />
	<Message ID="AlarmMsg::Coordinate::ID=124" Content="Controller model not support this S Code" />
	<Message ID="AlarmMsg::Coordinate::ID=125" Content="Controller model not support this T Code" />
	<Message ID="AlarmMsg::Coordinate::ID=126" Content="Controller model not support this H Code" />
	<Message ID="AlarmMsg::Coordinate::ID=127" Content="Controller model not support this D Code" />
	<Message ID="AlarmMsg::Coordinate::ID=131" Content="Too many M/T subprogram and macro" />
	<Message ID="AlarmMsg::Coordinate::ID=132" Content="Program name contains invalid character(s)." />
	<Message ID="AlarmMsg::Coordinate::ID=133" Content="Illegal command in G02.4/G03.4 mode" />
	<Message ID="AlarmMsg::Coordinate::ID=134" Content="The format of G02.4/G03.4 is incorrect" />
	<Message ID="AlarmMsg::Coordinate::ID=136" Content="Please reboot to process Cycle Start after axis auto-tuning failed" />
	<Message ID="AlarmMsg::Coordinate::ID=137" Content="P-argument of G04.1 does not match" />
	<Message ID="AlarmMsg::Coordinate::ID=140" Content="G05 HPCC cannot apply under G43.4 mode" />
	<Message ID="AlarmMsg::Coordinate::ID=143" Content="The Axis of P Argument does not exist In G10 L1501 Mode" />
	<Message ID="AlarmMsg::Coordinate::ID=151" Content="Rotation angle for first axis enters the illegal range" />
	<Message ID="AlarmMsg::Coordinate::ID=152" Content="Rotation angle for second axis enters the illegal range" />
	<Message ID="AlarmMsg::Coordinate::ID=153" Content="no solution for this tool direction" />
	<Message ID="AlarmMsg::Coordinate::ID=154" Content="no five axis function" />
	<Message ID="AlarmMsg::Coordinate::ID=155" Content="Tool invalid setting of five axis " />
	<Message ID="AlarmMsg::Coordinate::ID=156" Content="Axis direction invalid setting of five axis " />
	<Message ID="AlarmMsg::Coordinate::ID=157" Content="Axis direction and Tool invalid setting" />
	<Message ID="AlarmMsg::Coordinate::ID=201" Content="Part program file not exist" />
	<Message ID="AlarmMsg::Coordinate::ID=202" Content="Communication link failure" />
	<Message ID="AlarmMsg::Coordinate::ID=203" Content="Illegal NC file format, please refer to the program manual." />
	<Message ID="AlarmMsg::Coordinate::ID=204" Content="File size too large" />
	<Message ID="AlarmMsg::Coordinate::ID=205" Content="File content is empty" />
	<Message ID="AlarmMsg::Coordinate::ID=206" Content="Loading page lock failure" />
	<Message ID="AlarmMsg::Coordinate::ID=207" Content="Sequence number not found" />
	<Message ID="AlarmMsg::Coordinate::ID=208" Content="Can not use jump statement in sequential file" />
	<Message ID="AlarmMsg::Coordinate::ID=471" Content="Work Prog1 " />
	<Message ID="AlarmMsg::Coordinate::ID=472" Content="Work Prog2 " />
	<Message ID="AlarmMsg::Coordinate::ID=473" Content="Work Prog3 " />
	<Message ID="AlarmMsg::Coordinate::ID=474" Content="Work Prog4 " />
	<Message ID="AlarmMsg::Coordinate::ID=475" Content="Work Prog5 " />
	<Message ID="AlarmMsg::Coordinate::ID=476" Content="Work Prog6 " />
	<Message ID="AlarmMsg::Coordinate::ID=491" Content="Simu Prog " />
	<Message ID="AlarmMsg::Motion::ID=1" Content="A,B feedback signal error" />
	<Message ID="AlarmMsg::Motion::ID=2" Content="Error counter overflow" />
	<Message ID="AlarmMsg::Motion::ID=3" Content="Encoder modulo error" />
	<Message ID="AlarmMsg::Motion::ID=4" Content="No index signal" />
	<Message ID="AlarmMsg::Motion::ID=5" Content="DDA command overflow" />
	<Message ID="AlarmMsg::Motion::ID=6" Content="Can't clear index latch state" />
	<Message ID="AlarmMsg::Motion::ID=8" Content="Loss Pulse" />
	<Message ID="AlarmMsg::Motion::ID=9" Content="Servo Driver Alarm" />
	<Message ID="AlarmMsg::Motion::ID=10" Content="Servo position command comm. error" />
	<Message ID="AlarmMsg::Motion::ID=11" Content="Drive communication error" />
	<Message ID="AlarmMsg::Motion::ID=12" Content="Driver homing error" />
	<Message ID="AlarmMsg::Motion::ID=13" Content="Please reboot to process JOG, MPG, or Homing after axis auto-tuning failed" />
	<Message ID="AlarmMsg::Motion::ID=14" Content="Serial axis amount exceed, please enlarge interpolation time or disable this axis" />
	<Message ID="AlarmMsg::Motion::ID=17" Content="First Positive softawre limit exceed" />
	<Message ID="AlarmMsg::Motion::ID=18" Content="First Negative softawre limit exceed" />
	<Message ID="AlarmMsg::Motion::ID=19" Content="Following error exceed" />
	<Message ID="AlarmMsg::Motion::ID=20" Content="Can not back control mode when move" />
	<Message ID="AlarmMsg::Motion::ID=21" Content="Must re-homing" />
	<Message ID="AlarmMsg::Motion::ID=22" Content="Home position inaccurate" />
	<Message ID="AlarmMsg::Motion::ID=23" Content="Fatal following error exceed" />
	<Message ID="AlarmMsg::Motion::ID=24" Content="Fatal dual feedback error exceed" />
	<Message ID="AlarmMsg::Motion::ID=25" Content="Positive hardware limit exceed" />
	<Message ID="AlarmMsg::Motion::ID=26" Content="Negative hardware limit exceed" />
	<Message ID="AlarmMsg::Motion::ID=27" Content="program error in PLC axis" />
	<Message ID="AlarmMsg::Motion::ID=28" Content="system memory too low" />
	<Message ID="AlarmMsg::Motion::ID=29" Content="Miss index in homing" />
	<Message ID="AlarmMsg::Motion::ID=30" Content="Zero speed timeout in homing" />
	<Message ID="AlarmMsg::Motion::ID=31" Content="Static dual feedback error exceed" />
	<Message ID="AlarmMsg::Motion::ID=32" Content="Following spindle error exceed" />
	<Message ID="AlarmMsg::Motion::ID=33" Content="Absolute encoder read error" />
	<Message ID="AlarmMsg::Motion::ID=34" Content="not set home position，Absolute encoder will not work" />
	<Message ID="AlarmMsg::Motion::ID=35" Content="Absolute encoder battery failure" />
	<Message ID="AlarmMsg::Motion::ID=36" Content="Can't leave home dog" />
	<Message ID="AlarmMsg::Motion::ID=37" Content="Second Positive softawre limit exceed" />
	<Message ID="AlarmMsg::Motion::ID=38" Content="Second Negative softawre limit exceed" />
	<Message ID="AlarmMsg::Motion::ID=39" Content="Fatal tapping stroke exceed" />
	<Message ID="AlarmMsg::Motion::ID=40" Content="Dual feedback self-detect error exceed" />
	<Message ID="AlarmMsg::Motion::ID=41" Content="Third Positive softawre limit exceed" />
	<Message ID="AlarmMsg::Motion::ID=42" Content="Third Negative softawre limit exceed" />
	<Message ID="AlarmMsg::Motion::ID=43" Content="Enter First softawre limit protected region" />
	<Message ID="AlarmMsg::Motion::ID=44" Content="Enter Second softawre limit protected region" />
	<Message ID="AlarmMsg::Motion::ID=45" Content="Enter Third softawre limit protected region" />
	<Message ID="AlarmMsg::Motion::ID=46" Content="Home dog signal abnormal" />
	<Message ID="AlarmMsg::Motion::ID=50" Content="Can't change to torque control during velocity control" />
	<Message ID="AlarmMsg::Motion::ID=51" Content="Inhibit cycle start in moving" />
	<Message ID="AlarmMsg::Motion::ID=52" Content="The driver is not 'power on', please check the power connection status" />
	<Message ID="AlarmMsg::Motion::ID=55" Content="Absolute encoder related parameter setting error" />
	<Message ID="AlarmMsg::Motion::ID=57" Content="The driver can not be 'Servo on'" />
	<Message ID="AlarmMsg::Spindle::ID=17" Content="Orientation stop in-position check error" />
	<Message ID="AlarmMsg::Spindle::ID=18" Content="Spindle orientation stop index not found" />
	<Message ID="AlarmMsg::Spindle::ID=20" Content="Spdinle unreferencable idx, wrong enc. loc., gear, or rot. type" />
	<Message ID="AlarmMsg::Spindle::ID=21" Content="Requesting rigid tapping under N Gear" />
	<Message ID="AlarmMsg::Spindle::ID=22" Content="Spindle motor type setting supports SYNTEC spindle driver only" />
	<Message ID="AlarmMsg::Spindle::ID=23" Content="Spindle speed is not arrival, please check Pr1991~ and Pr1831~ setting" />
	<Message ID="AlarmMsg::Compiler::ID=1" Content="EOF in comment" />
	<Message ID="AlarmMsg::Compiler::ID=2" Content="No end of string character" />
	<Message ID="AlarmMsg::Compiler::ID=3" Content="Syntax error" />
	<Message ID="AlarmMsg::Compiler::ID=4" Content="Illegal variable" />
	<Message ID="AlarmMsg::Compiler::ID=5" Content="expression too complex" />
	<Message ID="AlarmMsg::Compiler::ID=6" Content="EXIT statement ouside loop statement" />
	<Message ID="AlarmMsg::Compiler::ID=7" Content="Repeat loop too deep" />
	<Message ID="AlarmMsg::Compiler::ID=8" Content="absent end of statement character ';'" />
	<Message ID="AlarmMsg::Compiler::ID=9" Content="wrong assignment characher ':='" />
	<Message ID="AlarmMsg::Compiler::ID=10" Content="absent right ')'" />
	<Message ID="AlarmMsg::Compiler::ID=11" Content="absent right ']'" />
	<Message ID="AlarmMsg::Compiler::ID=12" Content="absent 'FOR' keyword in FOR statement" />
	<Message ID="AlarmMsg::Compiler::ID=13" Content="absent 'DO' keyword in FOR statement" />
	<Message ID="AlarmMsg::Compiler::ID=14" Content="absent 'END_FOR' keyword in FOR statement" />
	<Message ID="AlarmMsg::Compiler::ID=15" Content="absent 'UNTIL' keyword in REPEAT statement" />
	<Message ID="AlarmMsg::Compiler::ID=16" Content="absent 'END_REPEAT' keyword in REPEAT statement" />
	<Message ID="AlarmMsg::Compiler::ID=17" Content="absent 'DO' keyword in WHILE statement" />
	<Message ID="AlarmMsg::Compiler::ID=18" Content="absent 'END_WHILE' keyword in WHILE statement" />
	<Message ID="AlarmMsg::Compiler::ID=19" Content="absent 'THEN' keyword in IF statement" />
	<Message ID="AlarmMsg::Compiler::ID=20" Content="absent 'END_IF' or 'ELSE' keyword in IF statement" />
	<Message ID="AlarmMsg::Compiler::ID=21" Content="absent 'END_IF' keyword in IF statement" />
	<Message ID="AlarmMsg::Compiler::ID=22" Content="absent 'OF' keyword in CASE statement" />
	<Message ID="AlarmMsg::Compiler::ID=23" Content="absent 'END_CASE' or 'ELSE' keyword in CASE statement" />
	<Message ID="AlarmMsg::Compiler::ID=24" Content="absent 'END_CASE' keyword in CASE statement" />
	<Message ID="AlarmMsg::Compiler::ID=25" Content="absent ':' or ',' delimiter in CASE statement" />
	<Message ID="AlarmMsg::Compiler::ID=27" Content="Illegal characters" />
	<Message ID="AlarmMsg::Operation::ID=1" Content="Invalid axis board setting, IO will not work" />
	<Message ID="AlarmMsg::Operation::ID=2" Content="Parameter storage access failure, system halt" />
	<Message ID="AlarmMsg::Operation::ID=3" Content="Machining data storage access failure, system halt" />
	<Message ID="AlarmMsg::Operation::ID=4" Content="Machining data loss, re-calibrate before machining" />
	<Message ID="AlarmMsg::Operation::ID=5" Content="I/O transmission error" />
	<Message ID="AlarmMsg::Operation::ID=6" Content="Permanent storage data CRC check failure, re-calibrate before machining" />
	<Message ID="AlarmMsg::Operation::ID=7" Content="Low memory, memory space is less than 1M" />
	<Message ID="AlarmMsg::Operation::ID=8" Content="Fatal low memory, memory space is less than 100K" />
	<Message ID="AlarmMsg::Operation::ID=9" Content="The number of interpolation loss times is bigger than 100" />
	<Message ID="AlarmMsg::Operation::ID=10" Content="Straightness offset parameter setting error" />
	<Message ID="AlarmMsg::Operation::ID=11" Content="Halted point offset error" />
	<Message ID="AlarmMsg::Operation::ID=13" Content="Software version and model can't driver hardware, call your vender!" />
	<Message ID="AlarmMsg::Operation::ID=15" Content="Overload, please turn off and check connection" />
	<Message ID="AlarmMsg::Operation::ID=16" Content="Straightness offset parameter setting error" />
	<Message ID="AlarmMsg::Operation::ID=18" Content="Axis or spindle port no. setting error" />
	<Message ID="AlarmMsg::Operation::ID=19" Content="Cannot switch imperial/metric units from MMI when system is not idle or ready" />
	<Message ID="AlarmMsg::Operation::ID=20" Content="NC file name is different with backup name, re-calibrate before machining" />
	<Message ID="AlarmMsg::Operation::ID=21" Content="Use last known data, re-calibrate before machining" />
	<Message ID="AlarmMsg::Operation::ID=22" Content="Machine data rebuild, re-calibrate before machining" />
	<Message ID="AlarmMsg::Operation::ID=23" Content="Power break in machining, re-calibrate before machining" />
	<Message ID="AlarmMsg::Operation::ID=24" Content="Machine data file write fail, re-calibrate before machining" />
	<Message ID="AlarmMsg::Operation::ID=25" Content="Machine data file write fail many times, re-calibrate before machining" />
	<Message ID="AlarmMsg::Operation::ID=26" Content="Machine data file fault error, re-calibrate before machining and do scandisk" />
	<Message ID="AlarmMsg::Operation::ID=41" Content="Fail to load ECAM.xml, please check if it is correctly imported" />
	<Message ID="AlarmMsg::Operation::ID=42" Content="Invalid data format, please check ECAM.xml" />
	<Message ID="AlarmMsg::Operation::ID=43" Content="Too many ECam groups, max number of Ecam group is 8" />
	<Message ID="AlarmMsg::Operation::ID=44" Content="Too many curves, max total number of curves is 32" />
	<Message ID="AlarmMsg::Operation::ID=45" Content="Unreachable curve, please modify motion params or ECAM curve" />
	<Message ID="AlarmMsg::Operation::ID=46" Content="The axis name does not exist, please check Pr321 to Pr340" />
	<Message ID="AlarmMsg::Operation::ID=47" Content="The number of R register to process part count is not illegal" />
	<Message ID="AlarmMsg::Macro::ID=300" Content="Wrong start point for auto centralized" />
	<Message ID="AlarmMsg::Macro::ID=301" Content="Wrong length setting or safe distance for auto centralized" />
	<Message ID="AlarmMsg::Macro::ID=302" Content="Wrong width setting or safe distance for auto centralized" />
	<Message ID="AlarmMsg::Macro::ID=303" Content="Wrong height setting for auto centralized" />
	<Message ID="AlarmMsg::Macro::ID=304" Content="Wrong feedrate setting for auto centralized" />
	<Message ID="AlarmMsg::Macro::ID=305" Content="Wrong safe distance setting for auto centralized" />
	<Message ID="AlarmMsg::Macro::ID=306" Content="Wrong length or width setting for auto centralized" />
	<Message ID="AlarmMsg::Macro::ID=307" Content="Error during executing auto centralized" />
	<Message ID="AlarmMsg::Macro::ID=320" Content="Distance from spindle to touch plane error!" />
	<Message ID="AlarmMsg::Macro::ID=321" Content="Predict tool length error!" />
	<Message ID="AlarmMsg::Macro::ID=322" Content="Distance from spindle to touch place or predice tool length error!" />
	<Message ID="AlarmMsg::Macro::ID=323" Content="The difference between 1st touch and 2nd touch large then error range!" />
	<Message ID="AlarmMsg::Macro::ID=324" Content="Tool tip measurement error" />
	<Message ID="AlarmMsg::Macro::ID=330" Content="Z min. coordinate set error alarm!" />
	<Message ID="AlarmMsg::Macro::ID=331" Content="Error occurred during Tip measurement!" />
	<Message ID="AlarmMsg::Macro::ID=332" Content="The difference of 2nd and 3rd measurement out of range!" />
	<Message ID="AlarmMsg::Macro::ID=333" Content="Z start point error alarm!" />
	<Message ID="AlarmMsg::Macro::ID=334" Content="Without issue H code before G code tool length measurement" />
	<Message ID="AlarmMsg::Macro::ID=335" Content="measure position setting error, measure signal has being triggered" />
	<Message ID="AlarmMsg::Macro::ID=336" Content="measure position setting error, measure signal hasn't being triggered" />
	<Message ID="AlarmMsg::Macro::ID=401" Content="WorkPoiece No. set error" />
	<Message ID="AlarmMsg::Macro::ID=402" Content="Tool No. set error" />
	<Message ID="AlarmMsg::Macro::ID=403" Content="Autotool Mode set error" />
	<Message ID="AlarmMsg::Macro::ID=404" Content="Use Reference set error" />
	<Message ID="AlarmMsg::Macro::ID=451" Content="inconsistent tool number at break point and spindle" />
	<Message ID="AlarmMsg::Macro::ID=452" Content="tool retract axis should be X Y Z for tool withdraw" />
	<Message ID="AlarmMsg::Macro::ID=453" Content="In tool break handler program O888800, G91 incremental mode is not supported " />
	<Message ID="AlarmMsg::Servo::ID=10h" Content="Undervoltage(AL.10)" />
	<Message ID="AlarmMsg::Servo::ID=12h" Content="Memory error 1 (RAM)(AL.12)" />
	<Message ID="AlarmMsg::Servo::ID=13h" Content="Printed board fault(AL.13)" />
	<Message ID="AlarmMsg::Servo::ID=15h" Content="Memory error 2 (EEP-ROM)(AL.15)" />
	<Message ID="AlarmMsg::Servo::ID=16h" Content="Encoder error 1 (At power on)(AL.16)" />
	<Message ID="AlarmMsg::Servo::ID=17h" Content="CPU/parts fault(AL.17)" />
	<Message ID="AlarmMsg::Servo::ID=19h" Content="Memory error 3 (Flash ROM)(AL.19)" />
	<Message ID="AlarmMsg::Servo::ID=1Ah" Content="Motor combination error(AL.1A)" />
	<Message ID="AlarmMsg::Servo::ID=20h" Content="Encoder error 2(AL.20)" />
	<Message ID="AlarmMsg::Servo::ID=24h" Content="Main circuit error(AL.24)" />
	<Message ID="AlarmMsg::Servo::ID=25h" Content="Absolute position erase(AL.25)" />
	<Message ID="AlarmMsg::Servo::ID=30h" Content="Regenerative alarm(AL.30)" />
	<Message ID="AlarmMsg::Servo::ID=31h" Content="Overspeed(AL.31)" />
	<Message ID="AlarmMsg::Servo::ID=32h" Content="Overcurrent(AL.32)" />
	<Message ID="AlarmMsg::Servo::ID=33h" Content="Overvoltage(AL.33)" />
	<Message ID="AlarmMsg::Servo::ID=35h" Content="Command pulse frequency error(AL.35)" />
	<Message ID="AlarmMsg::Servo::ID=37h" Content="Parameter error(AL.37)" />
	<Message ID="AlarmMsg::Servo::ID=45h" Content="Main circuit device overheat(AL.45)" />
	<Message ID="AlarmMsg::Servo::ID=46h" Content="Servo motor overheat(AL.46)" />
	<Message ID="AlarmMsg::Servo::ID=47h" Content="Cooling fan alarm(AL.47)" />
	<Message ID="AlarmMsg::Servo::ID=50h" Content="Overload 1(AL.50)" />
	<Message ID="AlarmMsg::Servo::ID=51h" Content="Overload 2(AL.51)" />
	<Message ID="AlarmMsg::Servo::ID=52h" Content="Error excessive(AL.52)" />
	<Message ID="AlarmMsg::Servo::ID=8Ah" Content="Serial communication time-out error(AL.8A)" />
	<Message ID="AlarmMsg::Servo::ID=8Eh" Content="Serial communication error(AL.8E)" />
	<Message ID="AlarmMsg::Servo::ID=92h" Content="Open battery cable warning(AL.92)" />
	<Message ID="AlarmMsg::Servo::ID=96h" Content="Home position setting warning(AL.96)" />
	<Message ID="AlarmMsg::Servo::ID=99h" Content="Stroke limit warning(AL.99)" />
	<Message ID="AlarmMsg::Servo::ID=9Fh" Content="Battery warning(AL.9F)" />
	<Message ID="AlarmMsg::Servo::ID=E0h" Content="Excessive regenerative warning(AL.E0)" />
	<Message ID="AlarmMsg::Servo::ID=E1h" Content="Overload warning 1(AL.E1)" />
	<Message ID="AlarmMsg::Servo::ID=E3h" Content="Absolute position counter warning(AL.E3)" />
	<Message ID="AlarmMsg::Servo::ID=E5h" Content="ABS time-out warning(AL.E5)" />
	<Message ID="AlarmMsg::Servo::ID=E6h" Content="Servo emergency stop warning(AL.E6)" />
	<Message ID="AlarmMsg::Servo::ID=E8h" Content="Cooling fan speed reduction warning(AL.E8)" />
	<Message ID="AlarmMsg::Servo::ID=E9h" Content="Main circuit off warning(AL.E9)" />
	<Message ID="AlarmMsg::Servo::ID=EAh" Content="ABS servo-on warning(AL.EA)" />
	<Message ID="AlarmMsg::Servo::ID=ECh" Content="Overload warning 2(AL.EC)" />
	<Message ID="AlarmMsg::Servo::ID=EDh" Content="Output watt excess warning(AL.ED)" />
	<Message ID="AlarmMsg::MLC::ID=1" Content="X+ hardware stroked limit exceed" />
	<Message ID="AlarmMsg::MLC::ID=2" Content="X- hardware stroked limit exceed" />
	<Message ID="AlarmMsg::MLC::ID=3" Content="X not yet back home" />
	<Message ID="AlarmMsg::MLC::ID=4" Content="X servo driver alarm" />
	<Message ID="AlarmMsg::MLC::ID=9" Content="Y+ hardware stroked limit exceed" />
	<Message ID="AlarmMsg::MLC::ID=10" Content="Y- hardware stroked limit exceed" />
	<Message ID="AlarmMsg::MLC::ID=11" Content="Y not yet back home" />
	<Message ID="AlarmMsg::MLC::ID=12" Content="Y servo driver alarm" />
	<Message ID="AlarmMsg::MLC::ID=17" Content="Z+ hardware stroked limit exceed" />
	<Message ID="AlarmMsg::MLC::ID=18" Content="Z- hardware stroked limit exceed" />
	<Message ID="AlarmMsg::MLC::ID=19" Content="Z not yet back home" />
	<Message ID="AlarmMsg::MLC::ID=20" Content="Z servo driver alarm" />
	<Message ID="AlarmMsg::MLC::ID=25" Content="A+ hardware stroked limit exceed" />
	<Message ID="AlarmMsg::MLC::ID=26" Content="A- hardware stroked limit exceed" />
	<Message ID="AlarmMsg::MLC::ID=27" Content="A not yet back home" />
	<Message ID="AlarmMsg::MLC::ID=28" Content="A servo driver alarm" />
	<Message ID="AlarmMsg::MLC::ID=33" Content="B+ hardware stroked limit exceed" />
	<Message ID="AlarmMsg::MLC::ID=34" Content="B- hardware stroked limit exceed" />
	<Message ID="AlarmMsg::MLC::ID=35" Content="B not yet back home" />
	<Message ID="AlarmMsg::MLC::ID=36" Content="B servo driver alarm" />
	<Message ID="AlarmMsg::MLC::ID=41" Content="C+ hardware stroked limit exceed" />
	<Message ID="AlarmMsg::MLC::ID=42" Content="C- hardware stroked limit exceed" />
	<Message ID="AlarmMsg::MLC::ID=43" Content="C not yet back home" />
	<Message ID="AlarmMsg::MLC::ID=44" Content="C servo driver alarm" />
	<Message ID="AlarmMsg::MLC::ID=49" Content="Spindle driver alarm" />
	<Message ID="AlarmMsg::MLC::ID=50" Content="Coolant motor overload" />
	<Message ID="AlarmMsg::MLC::ID=51" Content="Oil press system alarm" />
	<Message ID="AlarmMsg::MLC::ID=52" Content="Air pressure too low" />
	<Message ID="AlarmMsg::MLC::ID=53" Content="Lube too little" />
	<Message ID="AlarmMsg::MLC::ID=54" Content="Coolant level too low" />
	<Message ID="AlarmMsg::MLC::ID=55" Content="Clamper not close" />
	<Message ID="AlarmMsg::MLC::ID=56" Content="Tool exchange system alarm" />
	<Message ID="AlarmMsg::MLC::ID=57" Content="CPU Temperature over than 80 degree" />
	<Message ID="AlarmMsg::Drv_YASKAWA::ID=20h" Content="Parameter Checksum Error 1."/>
	<Message ID="AlarmMsg::Drv_YASKAWA::ID=21h" Content="Parameter Format Error 1."/>
	<Message ID="AlarmMsg::Drv_YASKAWA::ID=22h" Content="System Checksum Error 1."/>
	<Message ID="AlarmMsg::Drv_YASKAWA::ID=23h" Content="Parameter Password Error 1."/>
	<Message ID="AlarmMsg::Drv_YASKAWA::ID=24h" Content="System Alarm."/>
	<Message ID="AlarmMsg::Drv_YASKAWA::ID=25h" Content="System Alarm."/>
	<Message ID="AlarmMsg::Drv_YASKAWA::ID=30h" Content="Main Circuit Detector Error."/>
	<Message ID="AlarmMsg::Drv_YASKAWA::ID=40h" Content="Parameter Setting Error 1."/>
	<Message ID="AlarmMsg::Drv_YASKAWA::ID=41h" Content="Encoder Output Pulse SettingError."/>
	<Message ID="AlarmMsg::Drv_YASKAWA::ID=42h" Content="Parameter Combination Error."/>
	<Message ID="AlarmMsg::Drv_YASKAWA::ID=44h" Content="Fully-closed Loop Control Parameter Setting Error."/>
	<Message ID="AlarmMsg::Drv_YASKAWA::ID=4Ah" Content="Parameter Setting Error 2."/>
	<Message ID="AlarmMsg::Drv_YASKAWA::ID=50h" Content="Combination Error."/>
	<Message ID="AlarmMsg::Drv_YASKAWA::ID=51h" Content="Unsupported Device Alarm."/>
	<Message ID="AlarmMsg::Drv_YASKAWA::ID=70h" Content="Motor Type Change Detected."/>
	<Message ID="AlarmMsg::Drv_YASKAWA::ID=80h" Content="Linear Encoder Pitch Setting Error."/>
	<Message ID="AlarmMsg::Drv_YASKAWA::ID=B0h" Content="Cancelled Servo ON Command Alarm."/>
	<Message ID="AlarmMsg::Drv_YASKAWA::ID=100h" Content="Overcurrent or Heat Sink Overheated."/>
	<Message ID="AlarmMsg::Drv_YASKAWA::ID=101h" Content="Motor Overcurrent Detected"/>
	<Message ID="AlarmMsg::Drv_YASKAWA::ID=300h" Content="Regeneration Error."/>
	<Message ID="AlarmMsg::Drv_YASKAWA::ID=320h" Content="Regenerative Overload."/>
	<Message ID="AlarmMsg::Drv_YASKAWA::ID=330h" Content="Main Circuit Power Supply Wiring Error."/>
	<Message ID="AlarmMsg::Drv_YASKAWA::ID=400h" Content="Overvoltage."/>
	<Message ID="AlarmMsg::Drv_YASKAWA::ID=410h" Content="Undervoltage."/>
	<Message ID="AlarmMsg::Drv_YASKAWA::ID=450h" Content="Main-Circuit Capacitor Overvoltage"/>
	<Message ID="AlarmMsg::Drv_YASKAWA::ID=510h" Content="Overspeed."/>
	<Message ID="AlarmMsg::Drv_YASKAWA::ID=511h" Content="Overspeed of Encoder Output Pulse Rate."/>
	<Message ID="AlarmMsg::Drv_YASKAWA::ID=520h" Content="Vibration Alarm."/>
	<Message ID="AlarmMsg::Drv_YASKAWA::ID=521h" Content="Autotuning Alarm."/>
	<Message ID="AlarmMsg::Drv_YASKAWA::ID=710h" Content="Overload: High Load."/>
	<Message ID="AlarmMsg::Drv_YASKAWA::ID=720h" Content="Overload: Low Load."/>
	<Message ID="AlarmMsg::Drv_YASKAWA::ID=730h" Content="Dynamic Brake Overload."/>
	<Message ID="AlarmMsg::Drv_YASKAWA::ID=731h" Content="Dynamic Brake Overload."/>
	<Message ID="AlarmMsg::Drv_YASKAWA::ID=740h" Content="Overload of Surge Current Limit Resistor."/>
	<Message ID="AlarmMsg::Drv_YASKAWA::ID=7A0h" Content="Heat Sink Overheated."/>
	<Message ID="AlarmMsg::Drv_YASKAWA::ID=7A1h" Content="Internal Temperature Error1 (Control Board Temperature Error)"/>
	<Message ID="AlarmMsg::Drv_YASKAWA::ID=7A2h" Content="Internal Temperature Error 2 (Power Board Temperature Error)"/>
	<Message ID="AlarmMsg::Drv_YASKAWA::ID=7A3h" Content="Internal Temperature Sensor Error"/>
	<Message ID="AlarmMsg::Drv_YASKAWA::ID=7ABh" Content="Built-in Fan in SERVOPACK Stopped."/>
	<Message ID="AlarmMsg::Drv_YASKAWA::ID=810h" Content="Encoder Backup Battery Error. Please repleace the battery and reboot the system."/>
	<Message ID="AlarmMsg::Drv_YASKAWA::ID=820h" Content="Encoder Checksum Error."/>
	<Message ID="AlarmMsg::Drv_YASKAWA::ID=830h" Content="Encoder Battery Alarm."/>
	<Message ID="AlarmMsg::Drv_YASKAWA::ID=840h" Content="Encoder Data Error."/>
	<Message ID="AlarmMsg::Drv_YASKAWA::ID=850h" Content="Encoder Overspeed."/>
	<Message ID="AlarmMsg::Drv_YASKAWA::ID=860h" Content="Encoder Overheat."/>
	<Message ID="AlarmMsg::Drv_YASKAWA::ID=861h" Content="Motor Overheated"/>
	<Message ID="AlarmMsg::Drv_YASKAWA::ID=890h" Content="Encoder Scale Error"/>
	<Message ID="AlarmMsg::Drv_YASKAWA::ID=891h" Content="External Encoder Error"/>
	<Message ID="AlarmMsg::Drv_YASKAWA::ID=8A0h" Content="External Encoder Scale Error."/>
	<Message ID="AlarmMsg::Drv_YASKAWA::ID=8A1h" Content="External Encoder Module Failure."/>
	<Message ID="AlarmMsg::Drv_YASKAWA::ID=8A2h" Content="External Encoder Sensor Failure.(Incremental)"/>
	<Message ID="AlarmMsg::Drv_YASKAWA::ID=8A3h" Content="External Encoder Position Error.(Absolute Value)"/>
	<Message ID="AlarmMsg::Drv_YASKAWA::ID=8A5h" Content="Encoder Over Speed."/>
	<Message ID="AlarmMsg::Drv_YASKAWA::ID=8A6h" Content="Encoder Overheat Error."/>
	<Message ID="AlarmMsg::Drv_YASKAWA::ID=900h" Content="Position Deviation Overflow."/>
	<Message ID="AlarmMsg::Drv_YASKAWA::ID=901h" Content="Position Deviation Overflow Alarm at Servo ON."/>
	<Message ID="AlarmMsg::Drv_YASKAWA::ID=910h" Content="Overload."/>
	<Message ID="AlarmMsg::Drv_YASKAWA::ID=911h" Content="Vibration."/>
	<Message ID="AlarmMsg::Drv_YASKAWA::ID=912h" Content="Internal Temperature Warning 1 (Control Board Temperature Error)"/>
	<Message ID="AlarmMsg::Drv_YASKAWA::ID=913h" Content="Internal Temperature Warning 2 (Power Board Temperature Error)"/>
	<Message ID="AlarmMsg::Drv_YASKAWA::ID=920h" Content="Regenerative Overload."/>
	<Message ID="AlarmMsg::Drv_YASKAWA::ID=921h" Content="Dynamic Brake Overload."/>
	<Message ID="AlarmMsg::Drv_YASKAWA::ID=923h" Content="SERVOPACK Built-in Fan Stopped"/>
	<Message ID="AlarmMsg::Drv_YASKAWA::ID=930h" Content="Absolute Encoder Battery Error."/>
	<Message ID="AlarmMsg::Drv_YASKAWA::ID=941h" Content="Need to Change the Parameters of Power."/>
	<Message ID="AlarmMsg::Drv_YASKAWA::ID=942h" Content="Speed Ripple Compensation Information Disagreement"/>
	<Message ID="AlarmMsg::Drv_YASKAWA::ID=94Ah" Content="Data Setting Warning 1.(Parameter Number Error)"/>
	<Message ID="AlarmMsg::Drv_YASKAWA::ID=94Bh" Content="Data Setting Warning 2.(Out of Range)"/>
	<Message ID="AlarmMsg::Drv_YASKAWA::ID=94Ch" Content="Data Setting Warning 3.(Calculation Error)"/>
	<Message ID="AlarmMsg::Drv_YASKAWA::ID=94Dh" Content="Data Setting Warning 4.(Parameter Size)"/>
	<Message ID="AlarmMsg::Drv_YASKAWA::ID=94Eh" Content="Data Setting Warning 5.(Latch Mode Error)"/>
	<Message ID="AlarmMsg::Drv_YASKAWA::ID=95Ah" Content="Command Warning 1.(Unsatisfied Command Conditionsd)."/>
	<Message ID="AlarmMsg::Drv_YASKAWA::ID=95Bh" Content="Command Warning 2.(Unsupported Command)"/>
	<Message ID="AlarmMsg::Drv_YASKAWA::ID=95Dh" Content="Command Warning 4.(Command Interference)."/>
	<Message ID="AlarmMsg::Drv_YASKAWA::ID=95Eh" Content="Command Warning 5.(Subcommand Disable)"/>
	<Message ID="AlarmMsg::Drv_YASKAWA::ID=95Fh" Content="Command Warning 6.(Undefined Command)"/>
	<Message ID="AlarmMsg::Drv_YASKAWA::ID=960h" Content="MECHATROLINK Communications Warning."/>
	<Message ID="AlarmMsg::Drv_YASKAWA::ID=971h" Content="Undervoltage."/>
	<Message ID="AlarmMsg::Drv_YASKAWA::ID=9A0h" Content="Overtravel."/>
	<Message ID="AlarmMsg::Drv_YASKAWA::ID=9B0h" Content="Preventative Maintenance Warning."/>
	<Message ID="AlarmMsg::Drv_YASKAWA::ID=B10h" Content="Speed Command A/D Error."/>
	<Message ID="AlarmMsg::Drv_YASKAWA::ID=B11h" Content="Speed Command A/D Conversion Abnormality."/>
	<Message ID="AlarmMsg::Drv_YASKAWA::ID=B20h" Content="Torque Command Read Error."/>
	<Message ID="AlarmMsg::Drv_YASKAWA::ID=B31h" Content="Current Detection Error 1.(Phase U)"/>
	<Message ID="AlarmMsg::Drv_YASKAWA::ID=B32h" Content="Current Detection Error 2.(Phase-V)"/>
	<Message ID="AlarmMsg::Drv_YASKAWA::ID=B33h" Content="Current Detection Error 3.(Current detector)"/>
	<Message ID="AlarmMsg::Drv_YASKAWA::ID=B6Ah" Content="MECHATROLINK Communications ASIC Error 1."/>
	<Message ID="AlarmMsg::Drv_YASKAWA::ID=B6Bh" Content="MECHATROLINK Communications ASIC Error 2."/>
	<Message ID="AlarmMsg::Drv_YASKAWA::ID=BF0h" Content="System Alarm 0."/>
	<Message ID="AlarmMsg::Drv_YASKAWA::ID=BF1h" Content="System Alarm 1."/>
	<Message ID="AlarmMsg::Drv_YASKAWA::ID=BF2h" Content="System Alarm 2."/>
	<Message ID="AlarmMsg::Drv_YASKAWA::ID=BF3h" Content="System Alarm 3."/>
	<Message ID="AlarmMsg::Drv_YASKAWA::ID=BF4h" Content="System Alarm 4."/>
	<Message ID="AlarmMsg::Drv_YASKAWA::ID=C10h" Content="Servomotor Out of Control."/>
	<Message ID="AlarmMsg::Drv_YASKAWA::ID=C20h" Content="Phase Detection Error."/>
	<Message ID="AlarmMsg::Drv_YASKAWA::ID=C21h" Content="Polarity Sensor Error"/>
	<Message ID="AlarmMsg::Drv_YASKAWA::ID=C22h" Content="Phase Information Disagreement."/>
	<Message ID="AlarmMsg::Drv_YASKAWA::ID=C50h" Content="Polarity Detection Failure."/>
	<Message ID="AlarmMsg::Drv_YASKAWA::ID=C51h" Content="Overtravel Detected during Polarity Detection."/>
	<Message ID="AlarmMsg::Drv_YASKAWA::ID=C52h" Content="Polarity Detection Not Completed."/>
	<Message ID="AlarmMsg::Drv_YASKAWA::ID=C53h" Content="Out of Range of Motion for Polarity Detection."/>
	<Message ID="AlarmMsg::Drv_YASKAWA::ID=C54h" Content="Polarity Detection Failure 2."/>
	<Message ID="AlarmMsg::Drv_YASKAWA::ID=C80h" Content="Absolute Encoder Clear Error."/>
	<Message ID="AlarmMsg::Drv_YASKAWA::ID=C90h" Content="Encoder Communications Error."/>
	<Message ID="AlarmMsg::Drv_YASKAWA::ID=C91h" Content="Encoder Communications Position Data Error."/>
	<Message ID="AlarmMsg::Drv_YASKAWA::ID=C92h" Content="Encoder Communications Timer Error."/>
	<Message ID="AlarmMsg::Drv_YASKAWA::ID=CA0h" Content="Encoder Parameter Error."/>
	<Message ID="AlarmMsg::Drv_YASKAWA::ID=CB0h" Content="Encoder Echoback Error."/>
	<Message ID="AlarmMsg::Drv_YASKAWA::ID=CC0h" Content="Multiturn Limit Disagreement."/>
	<Message ID="AlarmMsg::Drv_YASKAWA::ID=CF1h" Content="Reception Failed Error in Feedback Option Module Communications."/>
	<Message ID="AlarmMsg::Drv_YASKAWA::ID=CF2h" Content="Timer Stopped Error in Feedback Option Module Communications"/>
	<Message ID="AlarmMsg::Drv_YASKAWA::ID=D00h" Content="Position Error Pulse Overflow."/>
	<Message ID="AlarmMsg::Drv_YASKAWA::ID=D01h" Content="Position Deviation Overflow Alarm at Servo ON."/>
	<Message ID="AlarmMsg::Drv_YASKAWA::ID=D02h" Content="Position Deviation Overflow Alarm for Speed Limit at Servo ON."/>
	<Message ID="AlarmMsg::Drv_YASKAWA::ID=D10h" Content="Motor-Load Position Deviation Overflow."/>
	<Message ID="AlarmMsg::Drv_YASKAWA::ID=D30h" Content="Position Data Overflow."/>
	<Message ID="AlarmMsg::Drv_YASKAWA::ID=E02h" Content="MECHATROLINK-II Internal Synchronization Error 1."/>
	<Message ID="AlarmMsg::Drv_YASKAWA::ID=E40h" Content="MECHATROLINK-II Transmission Cycle Setting Error."/>
	<Message ID="AlarmMsg::Drv_YASKAWA::ID=E50h" Content="MECHATROLINK-II Synchronization Error."/>
	<Message ID="AlarmMsg::Drv_YASKAWA::ID=E51h" Content="MECHATROLINK-II Synchronization Failed."/>
	<Message ID="AlarmMsg::Drv_YASKAWA::ID=E60h" Content="MECHATROLINK-II Communications Error.(Reception error)"/>
	<Message ID="AlarmMsg::Drv_YASKAWA::ID=E61h" Content="MECHATROLINK-II Transmission Cycle Error.(Synchronization interval error)"/>
	<Message ID="AlarmMsg::Drv_YASKAWA::ID=E71h" Content="MECHATROLINK Communications Error (FCS error)"/>
	<Message ID="AlarmMsg::Drv_YASKAWA::ID=E72h" Content="MECHATROLINK Synchronization Frame Not Received"/>
	<Message ID="AlarmMsg::Drv_YASKAWA::ID=E74h" Content="Safety Option Module Detection Failure."/>
	<Message ID="AlarmMsg::Drv_YASKAWA::ID=EA2h" Content="Unsupported Feedback Option Module"/>
	<Message ID="AlarmMsg::Drv_YASKAWA::ID=EB1h" Content="SERVOPACK: Safety Module Alarm"/>
	<Message ID="AlarmMsg::Drv_YASKAWA::ID=EC8h" Content="Gate Drive Error 1."/>
	<Message ID="AlarmMsg::Drv_YASKAWA::ID=EC9h" Content="Gate Drive Error 2."/>
	<Message ID="AlarmMsg::Drv_YASKAWA::ID=ED1h" Content="Command Execution Timeout."/>
	<Message ID="AlarmMsg::Drv_YASKAWA::ID=F10h" Content="Main Circuit Cable Open Phase."/>
	<Message ID="AlarmMsg::Drv_YASKAWA::ID=F50h" Content="Servomotor Main Circuit Cable Disconnection."/>
</ResMap>
