<?xml version="1.0" encoding="utf-8" ?>
<ResMap>
	<Message ID="AlarmMsg::SERIALPLCAXIS::ID=1" Content="Driver station number setting error" />
	<Message ID="AlarmMsg::SERIALPLCAXIS::ID=2" Content="Start R Register setting out of range, please reassign another R register!"/>
	<Message ID="AlarmMsg::SERIALPLCAXIS::ID=3" Content="Acceleration and decleration time setting error"/>
	<Message ID="AlarmMsg::SERIALPLCAXIS::ID=4" Content="Position check window setting error"/>
	<Message ID="AlarmMsg::SERIALPLCAXIS::ID=5" Content="First home search velocity setting error"/>
	<Message ID="AlarmMsg::SERIALPLCAXIS::ID=6" Content="Second home search velocity setting error"/>
	<Message ID="AlarmMsg::SERIALPLCAXIS::ID=7" Content="Home offset setting error"/>
	<Message ID="AlarmMsg::SERIALPLCAXIS::ID=8" Content="Cannot use home searching mode in absolute encoder mode"/>
	<Message ID="AlarmMsg::SERIALPLCAXIS::ID=9" Content="Please set zero position when using absolute encoder for the first time"/>
	<Message ID="AlarmMsg::SERIALPLCAXIS::ID=10" Content="Important parameter changed, please reboot the CNC controller and reset zero position"/>
	<Message ID="AlarmMsg::SERIALPLCAXIS::ID=11" Content="port no. setting error"/>
	<Message ID="AlarmMsg::SERIALPLCAXIS::ID=12" Content="The target position of serial PLC axis exceed positive software stroke limit"/>
	<Message ID="AlarmMsg::SERIALPLCAXIS::ID=13" Content="The target position of serial PLC axis exceed negative software stroke limit"/>
</ResMap>
