﻿<?xml version="1.0" encoding="UTF-8"?>
<ResMap>
	<Message ID="Browser::SPLCAParam::Caption::1" Content="Start R Register(Rn)" />
	<Message ID="Browser::SPLCAParam::Caption::21" Content="*Port no." />
	<Message ID="Browser::SPLCAParam::Caption::61" Content="*Encoder resolution(p/rev)" />
	<Message ID="Browser::SPLCAParam::Caption::121" Content="*Gear number at screw side" />
	<Message ID="Browser::SPLCAParam::Caption::122" Content="*Gear number at motor side" />
	<Message ID="Browser::SPLCAParam::Caption::161" Content="*Pitch amount(um)" />
	<Message ID="Browser::SPLCAParam::Caption::221" Content="Axis Type(0:Linear; 1:Rotation)" />
	<Message ID="Browser::SPLCAParam::Caption::401" Content="Command / Status starting register(Rm)" />
	<Message ID="Browser::SPLCAParam::Caption::461" Content="Max. feedrate(mm/min;deg/min)" />
	<Message ID="Browser::SPLCAParam::Caption::481" Content="In-pos. window(um;0.001deg)" />
	<Message ID="Browser::SPLCAParam::Caption::821" Content="Homing feedrate(mm/min;deg/min)" />
	<Message ID="Browser::SPLCAParam::Caption::841" Content="Homing 2nd travel feedrate(mm/min;deg/min)" />
	<Message ID="Browser::SPLCAParam::Caption::861" Content="Homing direction(0:pos;1:neg)" />
	<Message ID="Browser::SPLCAParam::Caption::881" Content="Home offset(um;0.001deg)" />
	<Message ID="Browser::SPLCAParam::Caption::961" Content="Home serach method(0:Dog)" />
	<Message ID="Browser::SPLCAParam::Caption::2401" Content="Pos. coord. of stroke limit(um;0.001deg)" />
	<Message ID="Browser::SPLCAParam::Caption::2402" Content="Neg. coord. of stroke limit(um;0.001deg)" />
	
	<Message ID="Browser::SPLCAParam::Title" Content="Parameter Title" />
	
	<Message ID="Browser::SPLCAParam::AxisTitle::1" Content="1st Axis" />
	<Message ID="Browser::SPLCAParam::AxisTitle::2" Content="2nd Axis" />
	<Message ID="Browser::SPLCAParam::AxisTitle::3" Content="3rd Axis" />
	<Message ID="Browser::SPLCAParam::AxisTitle::4" Content="4th Axis" />
	<Message ID="Browser::SPLCAParam::AxisTitle::5" Content="5th Axis" />
	<Message ID="Browser::SPLCAParam::AxisTitle::6" Content="6th Axis" />
	<Message ID="Browser::SPLCAParam::AxisTitle::7" Content="7th Axis" />
	<Message ID="Browser::SPLCAParam::AxisTitle::8" Content="8th Axis" />
	<Message ID="Browser::SPLCAParam::AxisTitle::9" Content="9th Axis" />
	<Message ID="Browser::SPLCAParam::AxisTitle::10" Content="10th Axis" />
	<Message ID="Browser::SPLCAParam::AxisTitle::11" Content="11th Axis" />
	<Message ID="Browser::SPLCAParam::AxisTitle::12" Content="12th Axis" />
	<Message ID="Browser::SPLCAParam::AxisTitle::13" Content="13th Axis" />
	<Message ID="Browser::SPLCAParam::AxisTitle::14" Content="14th Axis" />
	<Message ID="Browser::SPLCAParam::AxisTitle::15" Content="15th Axis" />
	<Message ID="Browser::SPLCAParam::AxisTitle::16" Content="16th Axis" />
</ResMap>