﻿<?xml version="1.0" encoding="UTF-8"?>
<ResMap>
  <Message ID="Browser::DELTADriverTuning::Caption::PrmHintTitle" Content="参数提示：" />
  <Message ID="Browser::DELTADriverTuning::Caption::DriverTitle" Content="第　轴驱动器响应参数设定" />
  <Message ID="Browser::DELTADriverTuning::Caption::SpeedBW" Content="伺服速度带宽" />
  <Message ID="Browser::DELTADriverTuning::Caption::MomentOfInertia" Content="马达负载惯量比" />
  <Message ID="Browser::DELTADriverTuning::Caption::KPP" Content="位置回路比例增益 KPP" />
  <Message ID="Browser::DELTADriverTuning::Caption::KVP" Content="速度回路比例增益 KVP" />
  <Message ID="Browser::DELTADriverTuning::Caption::KVI" Content="速度回路积分增益 KVI" />
  <Message ID="Browser::DELTADriverTuning::Caption::NotchTitle" Content="Notch Filter 设定" />
  <Message ID="Browser::DELTADriverTuning::Caption::NotchF1" Content="第一组 Notch Filter 频率" />
  <Message ID="Browser::DELTADriverTuning::Caption::NotchA1" Content="第一组 Notch Filter 衰减率" />
  <Message ID="Browser::DELTADriverTuning::Caption::NotchF2" Content="第二组 Notch Filter 频率" />
  <Message ID="Browser::DELTADriverTuning::Caption::NotchA2" Content="第二组 Notch Filter 衰减率" />
  <Message ID="Browser::DELTADriverTuning::HintLabel::HintBW" Content="伺服速度设定愈大，响应愈高，但较易造成噪音与振动" />
  <Message ID="Browser::DELTADriverTuning::HintLabel::HintKPP" Content="提高位置回路响应频率、位置命令追随性，缩小误差与定位时间" />
  <Message ID="Browser::DELTADriverTuning::HintLabel::HintKVP" Content="提高速度回路响应频率与速度命令追随性" />
  <Message ID="Browser::DELTADriverTuning::HintLabel::HintKVI" Content="增加固定偏差消除能力" />
  <Message ID="Browser::DELTADriverTuning::HintLabel::HintNotchA1" Content="设定第一组Notch Filter的衰减率，愈大可消除较大振幅之共振" />
  <Message ID="Browser::DELTADriverTuning::HintLabel::HintNotchA2" Content="设定第二组Notch Filter的衰减率，愈大可消除较大振幅之共振" />
  <Message ID="Browser::DELTADriverTuning::Caption::MotorPosition" Content="马达现在位置" />
  <Message ID="Browser::DELTADriverTuning::Caption::MotorLimit1" Content="马达正向极限" />
  <Message ID="Browser::DELTADriverTuning::Caption::MotorLimit2" Content="马达反向极限" />
  <Message ID="Browser::TuningEstimation::Caption::HintStep1" Content="步骤一：确认马达正反向极限是否定位" />
  <Message ID="Browser::TuningEstimation::Caption::HintStep2" Content="步骤二：按下「开始估测」" />
  <Message ID="Browser::TuningEstimation::Caption::HintStep3" Content="步骤三：如有异音请停止估测，并请调" />
  <Message ID="Browser::TuningEstimation::Caption::HintStep4" Content="　　　　降速度带宽，再重新估测" />
  <Message ID="Browser::TuningFinish::Caption::Step1" Content="1. 正以新的驱动器参数执行试加工" />
  <Message ID="Browser::TuningFinish::Caption::Step2" Content="2. 试加工期间若发生遗失位置命令或严重追随误差之警报" />
  <Message ID="Browser::TuningFinish::Caption::Step3" Content="   请尝试调高带宽或位置回路比例增益KPP" />
  <Message ID="Browser::TuningFinish::Caption::Step4" Content="3. 如机台抖动无法抑制，且上述警报依旧产生" />
  <Message ID="Browser::TuningFinish::Caption::Step5" Content="   请提高遗失位置检查窗口之数值(参数561-576)" />
  <Message ID="Browser::TuningJOGLimit::Caption::Step1" Content="步骤一：请利用面板上之JOG+与JOG-" />
  <Message ID="Browser::TuningJOGLimit::Caption::Step2" Content="　　　　之功能致动马达。" />
  <Message ID="Browser::TuningJOGLimit::Caption::Step3" Content="步骤二：按下F1与F2写入正向与反向极" />
  <Message ID="Browser::TuningJOGLimit::Caption::Step4" Content="　　　　限，完成定位。" />
  <Message ID="Browser::TuningJOGLimit::Caption::HintNote1" Content="附注：此一极限仅于惯量估测与增益调" />
  <Message ID="Browser::TuningJOGLimit::Caption::HintNote2" Content="　　　整时使用，不影响正常加工。" />
  <Message ID="Browser::TuningMain::Caption::HintStep1" Content="步骤一：执行马达正负方向极限之定位" />
  <Message ID="Browser::TuningMain::Caption::HintStep2" Content="步骤二：执行马达负载惯量比之估测" />
  <Message ID="Browser::TuningMain::Caption::HintStep3" Content="步骤三：计算增益以执行自动增益调整" />
  <Message ID="Browser::TuningMain::Caption::HintStep4" Content="步骤四：完成调机，执行试加工" />
  <Message ID="Browser::TuningList::Caption::MotorNo" Content="马达编号" />
  <Message ID="Browser::TuningList::Caption::MomentOfInertia" Content="对伺服马达的负载惯量比与负载重量比" />
  <Message ID="Browser::TuningList::Caption::KPP" Content="位置回路比例增益 KPP (rad/s)" />
  <Message ID="Browser::TuningList::Caption::KVP" Content="速度回路比例增益 KVP (rad/s)" />
  <Message ID="Browser::TuningList::Caption::KVI" Content="速度回路积分补偿 KVI (rad/s)" />
  <Message ID="Browser::TuningList::Caption::BW" Content="速度回路响应带宽 (Hz)" />
  <Message ID="Browser::TuningList::Caption::NotchF1" Content="第一组共振抑制Notch Filter频率 (Hz)" />
  <Message ID="Browser::TuningList::Caption::NotchA1" Content="第一组共振抑制Notch Filter衰减率 (dB)" />
  <Message ID="Browser::TuningList::Caption::NotchF2" Content="第二组共振抑制Notch Filter频率 (Hz)" />
  <Message ID="Browser::TuningList::Caption::NotchA2" Content="第二组共振抑制Notch Filter衰减率 (dB)" />
  <Message ID="Browser::TuningList::Caption::ModeSetting" Content="自动共振抑制模式设定 (0：固定 1：抑振后固定 2：持续抑振)" />
  <Message ID="Browser::TuningList::Caption::MotorLimit1" Content="马达正向运转极限" />
  <Message ID="Browser::TuningList::Caption::MotorLimit2" Content="马达反向运转极限" />
  <Message ID="Browser::TuningList::Caption::FrictionComp" Content="摩擦力补偿Level (%)" />
  <Message ID="Browser::TuningList::Caption::FrictionScon" Content="摩擦力补偿平滑常数 (ms)" />
  <Message ID="Browser::TuningList::Caption::Resolution" Content="光学尺全死循环分辨率 (pulse / rev)" />
  <Message ID="Browser::TuningList::Caption::ErrorProtect" Content="光学尺全死循环回授位置和马达编码器间误差错误保护范围(pulse)" />
  <Message ID="Browser::TuningList::Caption::EncoderSwitch" Content="光学尺全死循环功能控制开关" />
  <Message ID="Browser::TuningList::Caption::EncoderLP" Content="全死循环位置检测器与半死循环位置检测器误差低通濾波器时间常數(ms)" />
  <Message ID="Browser::TuningPrm::Caption::HintStep1" Content="步骤一：给定伺服速度频宽，按下「计" />
  <Message ID="Browser::TuningPrm::Caption::HintStep2" Content="　　　　算增益」，将自动计算出一组" />
  <Message ID="Browser::TuningPrm::Caption::HintStep3" Content="　　　　增益，亦可手动输入" />
  <Message ID="Browser::TuningPrm::Caption::HintStep4" Content="步骤二：开始调机" />
</ResMap>
