﻿<?xml version="1.0" encoding="utf-8" ?>
<ResMap>
	<!-- ================ YASKAWA Parameter ===================== -->
	<Message ID="MMI::DriverParameter::YASKAWA::Pn0" Content="功能选择" />
	<Message ID="MMI::DriverParameter::YASKAWA::Pn0-00" Content="功能选择基本开关0" />
	<Message ID="MMI::DriverParameter::YASKAWA::Pn0-01" Content="功能选择应用开关1" />
	<Message ID="MMI::DriverParameter::YASKAWA::Pn0-02" Content="功能选择应用开关2" />
	<Message ID="MMI::DriverParameter::YASKAWA::Pn0-06" Content="功能选择应用开关6" />
	<Message ID="MMI::DriverParameter::YASKAWA::Pn0-07" Content="功能选择应用开关7" />
	<Message ID="MMI::DriverParameter::YASKAWA::Pn0-08" Content="功能选择应用开关8" />
	<Message ID="MMI::DriverParameter::YASKAWA::Pn0-09" Content="功能选择应用开关9" />
	<Message ID="MMI::DriverParameter::YASKAWA::Pn0-0A" Content="功能选择应用开关A" />
	<Message ID="MMI::DriverParameter::YASKAWA::Pn0-0B" Content="功能选择应用开关B" />
	<Message ID="MMI::DriverParameter::YASKAWA::Pn0-0C" Content="功能选择应用开关C" />
	<Message ID="MMI::DriverParameter::YASKAWA::Pn0-0D" Content="功能选择应用开关D" />
	<Message ID="MMI::DriverParameter::YASKAWA::Pn0-0F" Content="功能选择应用开关F" />
	<Message ID="MMI::DriverParameter::YASKAWA::Pn0-80" Content="功能选择应用开关80" />
	<Message ID="MMI::DriverParameter::YASKAWA::Pn0-81" Content="功能选择应用开关81" />
	<Message ID="MMI::DriverParameter::YASKAWA::Pn1" Content="增益参数" />
	<Message ID="MMI::DriverParameter::YASKAWA::Pn1-00" Content="速度回路增益" />
	<Message ID="MMI::DriverParameter::YASKAWA::Pn1-01" Content="速度回路积分时间常数" />
	<Message ID="MMI::DriverParameter::YASKAWA::Pn1-02" Content="位置回路增益" />
	<Message ID="MMI::DriverParameter::YASKAWA::Pn1-03" Content="转动惯量比" />
	<Message ID="MMI::DriverParameter::YASKAWA::Pn1-04" Content="第2速度回路增益" />
	<Message ID="MMI::DriverParameter::YASKAWA::Pn1-05" Content="第2速度回路积分时间常数" />
	<Message ID="MMI::DriverParameter::YASKAWA::Pn1-06" Content="第2位置回路增益" />
	<Message ID="MMI::DriverParameter::YASKAWA::Pn1-09" Content="前馈" />
	<Message ID="MMI::DriverParameter::YASKAWA::Pn1-0A" Content="前馈滤波时间常数" />
	<Message ID="MMI::DriverParameter::YASKAWA::Pn1-0B" Content="增益类应用开关" />
	<Message ID="MMI::DriverParameter::YASKAWA::Pn1-0C" Content="模式开关（转矩指令）" />
	<Message ID="MMI::DriverParameter::YASKAWA::Pn1-0D" Content="模式开关（速度指令）" />
	<Message ID="MMI::DriverParameter::YASKAWA::Pn1-0E" Content="模式开关（加速度）" />
	<Message ID="MMI::DriverParameter::YASKAWA::Pn1-0F" Content="模式开关（位置偏差）" />
	<Message ID="MMI::DriverParameter::YASKAWA::Pn1-1F" Content="位置积分时间参数" />
	<Message ID="MMI::DriverParameter::YASKAWA::Pn1-21" Content="摩擦补偿增益" />
	<Message ID="MMI::DriverParameter::YASKAWA::Pn1-22" Content="第2摩擦补偿增益" />
	<Message ID="MMI::DriverParameter::YASKAWA::Pn1-23" Content="摩擦补偿系数" />
	<Message ID="MMI::DriverParameter::YASKAWA::Pn1-24" Content="摩擦补偿频率补正" />
	<Message ID="MMI::DriverParameter::YASKAWA::Pn1-25" Content="摩擦补偿增益补正" />
	<Message ID="MMI::DriverParameter::YASKAWA::Pn1-31" Content="增益切换时间1" />
	<Message ID="MMI::DriverParameter::YASKAWA::Pn1-32" Content="增益切换时间2" />
	<Message ID="MMI::DriverParameter::YASKAWA::Pn1-35" Content="增益切换等待时间1" />
	<Message ID="MMI::DriverParameter::YASKAWA::Pn1-36" Content="增益切换等待时间2" />
	<Message ID="MMI::DriverParameter::YASKAWA::Pn1-39" Content="自动增益切换类开关1" />
	<Message ID="MMI::DriverParameter::YASKAWA::Pn1-3D" Content="电流增益值" />
	<Message ID="MMI::DriverParameter::YASKAWA::Pn1-40" Content="模式追踪控制类开关" />
	<Message ID="MMI::DriverParameter::YASKAWA::Pn1-41" Content="模式追踪控制增益" />
	<Message ID="MMI::DriverParameter::YASKAWA::Pn1-42" Content="模式追踪控制增益补正" />
	<Message ID="MMI::DriverParameter::YASKAWA::Pn1-43" Content="模式追踪控制偏置（正转方向）" />
	<Message ID="MMI::DriverParameter::YASKAWA::Pn1-44" Content="模型追踪控制偏置（反转方向）" />
	<Message ID="MMI::DriverParameter::YASKAWA::Pn1-45" Content="振动抑制1频率A" />
	<Message ID="MMI::DriverParameter::YASKAWA::Pn1-46" Content="振动抑制1频率B" />
	<Message ID="MMI::DriverParameter::YASKAWA::Pn1-47" Content="模型追踪控制速度前馈补偿" />
	<Message ID="MMI::DriverParameter::YASKAWA::Pn1-48" Content="第2模型追踪控制增益" />
	<Message ID="MMI::DriverParameter::YASKAWA::Pn1-49" Content="第2模型追踪控制增益补正" />
	<Message ID="MMI::DriverParameter::YASKAWA::Pn1-4A" Content="振动抑制2频率" />
	<Message ID="MMI::DriverParameter::YASKAWA::Pn1-4B" Content="振动抑制2补正" />
	<Message ID="MMI::DriverParameter::YASKAWA::Pn1-4F" Content="控制类开关" />
	<Message ID="MMI::DriverParameter::YASKAWA::Pn1-60" Content="防振控制类开关" />
	<Message ID="MMI::DriverParameter::YASKAWA::Pn1-61" Content="反共振频率" />
	<Message ID="MMI::DriverParameter::YASKAWA::Pn1-62" Content="反共振增益补正" />
	<Message ID="MMI::DriverParameter::YASKAWA::Pn1-63" Content="反共振阻尼增益" />
	<Message ID="MMI::DriverParameter::YASKAWA::Pn1-64" Content="反共振滤波时间常数1补正" />
	<Message ID="MMI::DriverParameter::YASKAWA::Pn1-65" Content="反共振滤波时间常数2补正" />
	<Message ID="MMI::DriverParameter::YASKAWA::Pn1-66" Content="反共振阻尼增益2" />
	<Message ID="MMI::DriverParameter::YASKAWA::Pn1-70" Content="Tuning Less 类开关" />
	<Message ID="MMI::DriverParameter::YASKAWA::Pn1-81" Content="模式开关(速度)" />
	<Message ID="MMI::DriverParameter::YASKAWA::Pn1-82" Content="模式开关(加速度)" />
	<Message ID="MMI::DriverParameter::YASKAWA::Pn2" Content="位置模式参数" />
	<Message ID="MMI::DriverParameter::YASKAWA::Pn2-05" Content="多回转圈数上限值" />
	<Message ID="MMI::DriverParameter::YASKAWA::Pn2-07" Content="位置控制功能开关" />
	<Message ID="MMI::DriverParameter::YASKAWA::Pn2-0A" Content="外部编码器节距值" />
	<Message ID="MMI::DriverParameter::YASKAWA::Pn2-0E" Content="电子齿轮比（分子）" />
	<Message ID="MMI::DriverParameter::YASKAWA::Pn2-10" Content="电子齿轮比（分母）" />
	<Message ID="MMI::DriverParameter::YASKAWA::Pn2-12" Content="编码器分周脉波数" />
	<Message ID="MMI::DriverParameter::YASKAWA::Pn2-2A" Content="全闭回路控制选择开关" />
	<Message ID="MMI::DriverParameter::YASKAWA::Pn2-30" Content="位置控制扩展功能开关" />
	<Message ID="MMI::DriverParameter::YASKAWA::Pn2-31" Content="背隙补偿" />
	<Message ID="MMI::DriverParameter::YASKAWA::Pn2-33" Content="背隙补偿時間常數" />
	<Message ID="MMI::DriverParameter::YASKAWA::Pn2-81" Content="编码器输出解析度" />
	<Message ID="MMI::DriverParameter::YASKAWA::Pn2-82" Content="线性编码器的光栅尺节距" />
	<Message ID="MMI::DriverParameter::YASKAWA::Pn3" Content="速度模式参数" />
	<Message ID="MMI::DriverParameter::YASKAWA::Pn3-04" Content="寸动（JOG）速度" />
	<Message ID="MMI::DriverParameter::YASKAWA::Pn3-05" Content="缓起动加速时间" />
	<Message ID="MMI::DriverParameter::YASKAWA::Pn3-06" Content="缓起动减速时间" />
	<Message ID="MMI::DriverParameter::YASKAWA::Pn3-08" Content="速度反馈滤波器时间参数" />
	<Message ID="MMI::DriverParameter::YASKAWA::Pn3-0A" Content="伺服Off及強强制停止时减速时间" />
	<Message ID="MMI::DriverParameter::YASKAWA::Pn3-0C" Content="速度前馈移动平均时间" />
	<Message ID="MMI::DriverParameter::YASKAWA::Pn3-10" Content="振动检出开关" />
	<Message ID="MMI::DriverParameter::YASKAWA::Pn3-11" Content="振动检出灵敏度" />
	<Message ID="MMI::DriverParameter::YASKAWA::Pn3-12" Content="振动检出值" />
	<Message ID="MMI::DriverParameter::YASKAWA::Pn3-16" Content="电机最高速度" />
	<Message ID="MMI::DriverParameter::YASKAWA::Pn3-24" Content="转动惯量识别开始值" />
	<Message ID="MMI::DriverParameter::YASKAWA::Pn3-83" Content="JOG速度" />
	<Message ID="MMI::DriverParameter::YASKAWA::Pn3-84" Content="振动检出值" />
	<Message ID="MMI::DriverParameter::YASKAWA::Pn3-85" Content="电机最高速度" />
	<Message ID="MMI::DriverParameter::YASKAWA::Pn4" Content="转矩模式参数" />
	<Message ID="MMI::DriverParameter::YASKAWA::Pn4-01" Content="第1 段第1 转矩指令滤波时间参数" />
	<Message ID="MMI::DriverParameter::YASKAWA::Pn4-02" Content="正转转矩限制" />
	<Message ID="MMI::DriverParameter::YASKAWA::Pn4-03" Content="反转转矩限制" />
	<Message ID="MMI::DriverParameter::YASKAWA::Pn4-04" Content="正转外部转矩限制" />
	<Message ID="MMI::DriverParameter::YASKAWA::Pn4-05" Content="反转外部转矩限制" />
	<Message ID="MMI::DriverParameter::YASKAWA::Pn4-06" Content="紧急停止转矩" />
	<Message ID="MMI::DriverParameter::YASKAWA::Pn4-07" Content="转矩控制时的速度限制" />
	<Message ID="MMI::DriverParameter::YASKAWA::Pn4-08" Content="转矩类功能开关" />
	<Message ID="MMI::DriverParameter::YASKAWA::Pn4-09" Content="第1段Notch filter频率" />
	<Message ID="MMI::DriverParameter::YASKAWA::Pn4-0A" Content="第1段Notch filter Q值" />
	<Message ID="MMI::DriverParameter::YASKAWA::Pn4-0B" Content="第1段Notch filter深度" />
	<Message ID="MMI::DriverParameter::YASKAWA::Pn4-0C" Content="第2段Notch filter频率" />
	<Message ID="MMI::DriverParameter::YASKAWA::Pn4-0D" Content="第2段Notch filter Q值" />
	<Message ID="MMI::DriverParameter::YASKAWA::Pn4-0E" Content="第2段Notch filter深度" />
	<Message ID="MMI::DriverParameter::YASKAWA::Pn4-0F" Content="第2段第2转矩指令滤波器频率" />
	<Message ID="MMI::DriverParameter::YASKAWA::Pn4-10" Content="第2段第2转矩指令滤波器Q值" />
	<Message ID="MMI::DriverParameter::YASKAWA::Pn4-12" Content="第1段第2转矩指令滤波时间常数" />
	<Message ID="MMI::DriverParameter::YASKAWA::Pn4-16" Content="转矩类功能开关2" />
	<Message ID="MMI::DriverParameter::YASKAWA::Pn4-17" Content="第3段Notch filter频率" />
	<Message ID="MMI::DriverParameter::YASKAWA::Pn4-18" Content="第3段Notch filter Q值" />
	<Message ID="MMI::DriverParameter::YASKAWA::Pn4-19" Content="第3段Notch filter深度" />
	<Message ID="MMI::DriverParameter::YASKAWA::Pn4-1A" Content="第4段Notch filter频率" />
	<Message ID="MMI::DriverParameter::YASKAWA::Pn4-1B" Content="第4段Notch filter Q值" />
	<Message ID="MMI::DriverParameter::YASKAWA::Pn4-1C" Content="第4段Notch filter深度" />
	<Message ID="MMI::DriverParameter::YASKAWA::Pn4-1D" Content="第5段Notch filter频率" />
	<Message ID="MMI::DriverParameter::YASKAWA::Pn4-1E" Content="第5段Notch filter Q值" />
	<Message ID="MMI::DriverParameter::YASKAWA::Pn4-1F" Content="第5段Notch filter深度" />
	<Message ID="MMI::DriverParameter::YASKAWA::Pn4-23" Content="速度脉动补偿开关" />
	<Message ID="MMI::DriverParameter::YASKAWA::Pn4-24" Content="主回路电压下降时转矩限制" />
	<Message ID="MMI::DriverParameter::YASKAWA::Pn4-25" Content="主回路电压下降时转矩限制解除时间" />
	<Message ID="MMI::DriverParameter::YASKAWA::Pn4-26" Content="转矩前馈移动平均时间" />
	<Message ID="MMI::DriverParameter::YASKAWA::Pn4-27" Content="速度脉动补偿有效速度" />
	<Message ID="MMI::DriverParameter::YASKAWA::Pn4-56" Content="扫描转矩指令振幅" />
	<Message ID="MMI::DriverParameter::YASKAWA::Pn4-60" Content="Notch filter调整开关" />
	<Message ID="MMI::DriverParameter::YASKAWA::Pn4-80" Content="推力控制时的速度限制" />
	<Message ID="MMI::DriverParameter::YASKAWA::Pn4-81" Content="磁极检出速度环增益" />
	<Message ID="MMI::DriverParameter::YASKAWA::Pn4-82" Content="磁极检出速度环积分时间" />
	<Message ID="MMI::DriverParameter::YASKAWA::Pn4-83" Content="正向推力限制" />
	<Message ID="MMI::DriverParameter::YASKAWA::Pn4-84" Content="反向推力限制" />
	<Message ID="MMI::DriverParameter::YASKAWA::Pn4-85" Content="磁极检出指令速度" />
	<Message ID="MMI::DriverParameter::YASKAWA::Pn4-86" Content="磁极检出指令加减速时间" />
	<Message ID="MMI::DriverParameter::YASKAWA::Pn4-87" Content="磁极检出指令恒速时间" />
	<Message ID="MMI::DriverParameter::YASKAWA::Pn4-88" Content="磁极检出指令等待时间" />
	<Message ID="MMI::DriverParameter::YASKAWA::Pn4-8E" Content="磁极检出活动范围" />
	<Message ID="MMI::DriverParameter::YASKAWA::Pn4-90" Content="磁极检出负载值" />
	<Message ID="MMI::DriverParameter::YASKAWA::Pn4-95" Content="磁极检出确认推力指令" />
	<Message ID="MMI::DriverParameter::YASKAWA::Pn4-98" Content="磁极检出误差容许范围" />
	<Message ID="MMI::DriverParameter::YASKAWA::Pn4-9F" Content="速度脉动补偿启动速度" />
	<Message ID="MMI::DriverParameter::YASKAWA::Pn5" Content="序列" />
	<Message ID="MMI::DriverParameter::YASKAWA::Pn5-01" Content="零锁定准位" />
	<Message ID="MMI::DriverParameter::YASKAWA::Pn5-02" Content="旋转检出值" />
	<Message ID="MMI::DriverParameter::YASKAWA::Pn5-03" Content="速度一致信号检出宽度" />
	<Message ID="MMI::DriverParameter::YASKAWA::Pn5-06" Content="煞车指令-伺服OFF迟延时间" />
	<Message ID="MMI::DriverParameter::YASKAWA::Pn5-07" Content="煞车指令输出速度值" />
	<Message ID="MMI::DriverParameter::YASKAWA::Pn5-08" Content="伺服OFF- 煞车指令等待时间" />
	<Message ID="MMI::DriverParameter::YASKAWA::Pn5-09" Content="瞬间停止保持时间" />
	<Message ID="MMI::DriverParameter::YASKAWA::Pn5-0A" Content="输入信号选择1" />
	<Message ID="MMI::DriverParameter::YASKAWA::Pn5-0B" Content="输入信号选择2" />
	<Message ID="MMI::DriverParameter::YASKAWA::Pn5-0E" Content="输出信号选择1" />
	<Message ID="MMI::DriverParameter::YASKAWA::Pn5-0F" Content="输出信号选择2" />
	<Message ID="MMI::DriverParameter::YASKAWA::Pn5-10" Content="输出信号选择3" />
	<Message ID="MMI::DriverParameter::YASKAWA::Pn5-11" Content="输入信号选择5" />
	<Message ID="MMI::DriverParameter::YASKAWA::Pn5-12" Content="输出信号反转设定" />
	<Message ID="MMI::DriverParameter::YASKAWA::Pn5-14" Content="输出信号选择4" />
	<Message ID="MMI::DriverParameter::YASKAWA::Pn5-16" Content="输入信号选择7" />
	<Message ID="MMI::DriverParameter::YASKAWA::Pn5-1B" Content="马达−负载位置间偏差过大值" />
	<Message ID="MMI::DriverParameter::YASKAWA::Pn5-1E" Content="位置偏差过大警告值" />
	<Message ID="MMI::DriverParameter::YASKAWA::Pn5-20" Content="位置偏差过大警报值" />
	<Message ID="MMI::DriverParameter::YASKAWA::Pn5-22" Content="定位完成宽度" />
	<Message ID="MMI::DriverParameter::YASKAWA::Pn5-24" Content="NEAR 信号幅度" />
	<Message ID="MMI::DriverParameter::YASKAWA::Pn5-26" Content="伺服on时位置偏差过大警报值" />
	<Message ID="MMI::DriverParameter::YASKAWA::Pn5-28" Content="伺服on时位置偏差过大警告值" />
	<Message ID="MMI::DriverParameter::YASKAWA::Pn5-29" Content="伺服on时速度限制值" />
	<Message ID="MMI::DriverParameter::YASKAWA::Pn5-2A" Content="全闭环旋转1圈的乘积值" />
	<Message ID="MMI::DriverParameter::YASKAWA::Pn5-2B" Content="过载警告值" />
	<Message ID="MMI::DriverParameter::YASKAWA::Pn5-2C" Content="马达超载检出基极电流下降" />
	<Message ID="MMI::DriverParameter::YASKAWA::Pn5-2F" Content="投入电源时的监视显示" />
	<Message ID="MMI::DriverParameter::YASKAWA::Pn5-30" Content="程序JOG运转类开关" />
	<Message ID="MMI::DriverParameter::YASKAWA::Pn5-31" Content="程序JOG移动距离" />
	<Message ID="MMI::DriverParameter::YASKAWA::Pn5-33" Content="程序JOG移动速度" />
	<Message ID="MMI::DriverParameter::YASKAWA::Pn5-34" Content="程序JOG加减速时间" />
	<Message ID="MMI::DriverParameter::YASKAWA::Pn5-35" Content="程序JOG等待时间" />
	<Message ID="MMI::DriverParameter::YASKAWA::Pn5-36" Content="程序JOG移动次数" />
	<Message ID="MMI::DriverParameter::YASKAWA::Pn5-48" Content="跟踪指定警报编号" />
	<Message ID="MMI::DriverParameter::YASKAWA::Pn5-50" Content="类比监视1 偏移量电压" />
	<Message ID="MMI::DriverParameter::YASKAWA::Pn5-51" Content="类比监视2 偏移量电压" />
	<Message ID="MMI::DriverParameter::YASKAWA::Pn5-52" Content="类比监视1 倍率" />
	<Message ID="MMI::DriverParameter::YASKAWA::Pn5-53" Content="类比监视2 倍率" />
	<Message ID="MMI::DriverParameter::YASKAWA::Pn5-5A" Content="功耗监视单位时间" />
	<Message ID="MMI::DriverParameter::YASKAWA::Pn5-60" Content="残留振动检出幅度" />
	<Message ID="MMI::DriverParameter::YASKAWA::Pn5-61" Content="Overshooting检出值" />
	<Message ID="MMI::DriverParameter::YASKAWA::Pn5-81" Content="零速值" />
	<Message ID="MMI::DriverParameter::YASKAWA::Pn5-82" Content="速度一致信号输出范围" />
	<Message ID="MMI::DriverParameter::YASKAWA::Pn5-83" Content="剎車指令输出速度值" />
	<Message ID="MMI::DriverParameter::YASKAWA::Pn5-84" Content="伺服on时速度限制值" />
	<Message ID="MMI::DriverParameter::YASKAWA::Pn5-85" Content="程序Jog移动速度" />
	<Message ID="MMI::DriverParameter::YASKAWA::Pn5-86" Content="电机自转冷却率" />
	<Message ID="MMI::DriverParameter::YASKAWA::Pn5-87" Content="绝对值光栅尺磁极检出执行选择" />
	<Message ID="MMI::DriverParameter::YASKAWA::Pn6" Content="回生电阻" />
	<Message ID="MMI::DriverParameter::YASKAWA::Pn6-00" Content="再生电阻容量" />
	<Message ID="MMI::DriverParameter::YASKAWA::Pn6-01" Content="DB电阻容量" />
	<Message ID="MMI::DriverParameter::YASKAWA::Pn6-03" Content="再生电阻值" />
	<Message ID="MMI::DriverParameter::YASKAWA::Pn6-04" Content="DB电阻值" />
	<Message ID="MMI::DriverParameter::YASKAWA::Pn8" Content="安川串列通讯参数" />
	<Message ID="MMI::DriverParameter::YASKAWA::Pn8-00" Content="串列控制" />
	<Message ID="MMI::DriverParameter::YASKAWA::Pn8-01" Content="应用功能选择6（Solfware LS）" />
	<Message ID="MMI::DriverParameter::YASKAWA::Pn8-03" Content="起源范围" />
	<Message ID="MMI::DriverParameter::YASKAWA::Pn8-04" Content="正向软体极限" />
	<Message ID="MMI::DriverParameter::YASKAWA::Pn8-06" Content="反向软体极限" />
	<Message ID="MMI::DriverParameter::YASKAWA::Pn8-08" Content="绝对式编码器原点偏移" />
	<Message ID="MMI::DriverParameter::YASKAWA::Pn8-0A" Content="1st 线性加速常数值" />
	<Message ID="MMI::DriverParameter::YASKAWA::Pn8-0B" Content="2nd 线性加速常数值" />
	<Message ID="MMI::DriverParameter::YASKAWA::Pn8-0C" Content="加速常数值切换速度" />
	<Message ID="MMI::DriverParameter::YASKAWA::Pn8-0D" Content="1st 线性减速常数值" />
	<Message ID="MMI::DriverParameter::YASKAWA::Pn8-0E" Content="2nd 线性减速常数值" />
	<Message ID="MMI::DriverParameter::YASKAWA::Pn8-0F" Content="减速常数值切换速度" />
	<Message ID="MMI::DriverParameter::YASKAWA::Pn8-10" Content="指数函数加速/减速偏置" />
	<Message ID="MMI::DriverParameter::YASKAWA::Pn8-11" Content="指数函数加速/减速时间常数" />
	<Message ID="MMI::DriverParameter::YASKAWA::Pn8-12" Content="运动平均时间" />
	<Message ID="MMI::DriverParameter::YASKAWA::Pn8-14" Content="外部定位的最终行程" />
	<Message ID="MMI::DriverParameter::YASKAWA::Pn8-16" Content="原点复归模式设置" />
	<Message ID="MMI::DriverParameter::YASKAWA::Pn8-17" Content="寻原点接近速度1" />
	<Message ID="MMI::DriverParameter::YASKAWA::Pn8-18" Content="寻原点接近速度2" />
	<Message ID="MMI::DriverParameter::YASKAWA::Pn8-19" Content="寻原点最后行程距离" />
	<Message ID="MMI::DriverParameter::YASKAWA::Pn8-1E" Content="输入信号监视选择" />
	<Message ID="MMI::DriverParameter::YASKAWA::Pn8-1F" Content="命令数据分配" />
	<Message ID="MMI::DriverParameter::YASKAWA::Pn8-20" Content="正向抓取允许区域" />
	<Message ID="MMI::DriverParameter::YASKAWA::Pn8-22" Content="反向抓取允许区域" />
	<Message ID="MMI::DriverParameter::YASKAWA::Pn8-24" Content="1号监视选择" />
	<Message ID="MMI::DriverParameter::YASKAWA::Pn8-25" Content="2号监视选择" />
	<Message ID="MMI::DriverParameter::YASKAWA::Pn8-27" Content="线性减速时间常数1(停止)" />
	<Message ID="MMI::DriverParameter::YASKAWA::Pn8-29" Content="SVOFF等待时间" />
	<Message ID="MMI::DriverParameter::YASKAWA::Pn8-2A" Content="选项区域分配1" />
	<Message ID="MMI::DriverParameter::YASKAWA::Pn8-2B" Content="选项区域分配2" />
	<Message ID="MMI::DriverParameter::YASKAWA::Pn8-2C" Content="选项区域分配3" />
	<Message ID="MMI::DriverParameter::YASKAWA::Pn8-2D" Content="选项区域分配4" />
	<Message ID="MMI::DriverParameter::YASKAWA::Pn8-2E" Content="选项区域分配5" />
	<Message ID="MMI::DriverParameter::YASKAWA::Pn8-33" Content="运动设定" />
	<Message ID="MMI::DriverParameter::YASKAWA::Pn8-34" Content="1st 线性加速常数值 2" />
	<Message ID="MMI::DriverParameter::YASKAWA::Pn8-36" Content="2nd 线性加速常数值 2" />
	<Message ID="MMI::DriverParameter::YASKAWA::Pn8-38" Content="加速常数值2切换速度" />
	<Message ID="MMI::DriverParameter::YASKAWA::Pn8-3A" Content="1st 线性减速常数值 2" />
	<Message ID="MMI::DriverParameter::YASKAWA::Pn8-3C" Content="2nd 线性减速常数值 2" />
	<Message ID="MMI::DriverParameter::YASKAWA::Pn8-3E" Content="减速常数值2切换速度" />
	<Message ID="MMI::DriverParameter::YASKAWA::Pn8-40" Content="线性减速时间常数2(停止)" />
	<Message ID="MMI::DriverParameter::YASKAWA::Pn8-42" Content="原点复位接近速度1" />
	<Message ID="MMI::DriverParameter::YASKAWA::Pn8-44" Content="原点复位接近速度2" />
	<Message ID="MMI::DriverParameter::YASKAWA::Pn8-50" Content="抓取序列号" />
	<Message ID="MMI::DriverParameter::YASKAWA::Pn8-51" Content="连续抓取计算" />
	<Message ID="MMI::DriverParameter::YASKAWA::Pn8-52" Content="抓取序列讯号1-4设定" />
	<Message ID="MMI::DriverParameter::YASKAWA::Pn8-53" Content="抓取序列讯号5-8设定" />
	<Message ID="MMI::DriverParameter::YASKAWA::Tunning" Content="功能" />
	<Message ID="MMI::DriverParameter::YASKAWA::Tunning-Adjustment Mode" Content="选择调整过程中，如AAT，AAT参考，绝对编码器重置" />
	<Message ID="MMI::DriverParameter::YASKAWA::Tunning-Operation" Content="选择操作，如向前、奖励、伺服开" />
	<Message ID="MMI::DriverParameter::YASKAWA::Tunning-Safety StopTime" Content="" />
	<Message ID="MMI::DriverParameter::YASKAWA::Tunning-Related_Mode" Content="高级的调机模式，如惯量的估计" />
	<Message ID="MMI::DriverParameter::YASKAWA::Tunning-Mode" Content="选择更好的选转模式" />
	<Message ID="MMI::DriverParameter::YASKAWA::Tunning-STROKE" Content="Travael距离设定" />
	<Message ID="MMI::DriverParameter::YASKAWA::Tunning-Monitor Sequence" Content="监视更好的自动调机，如初步、完成和失败" />
	<Message ID="MMI::DriverParameter::YASKAWA::Tunning-Type" Content="根据机械元件选择驱动类型" />
	<Message ID="MMI::DriverParameter::YASKAWA::Pn0-00-00" Content="旋转方向选择" />
	<Message ID="MMI::DriverParameter::YASKAWA::Pn0-00-01" Content="预约参数" />
	<Message ID="MMI::DriverParameter::YASKAWA::Pn0-00-02" Content="预约参数" />
	<Message ID="MMI::DriverParameter::YASKAWA::Pn0-00-03" Content="未连接编码器时的旋转型/线性启动选择" />
	<Message ID="MMI::DriverParameter::YASKAWA::Pn0-01-00" Content="伺服OFF及发生Gr.1警报时的停止方法" />
	<Message ID="MMI::DriverParameter::YASKAWA::Pn0-01-01" Content="超行程（OT）时的停止方法" />
	<Message ID="MMI::DriverParameter::YASKAWA::Pn0-01-02" Content="AC/DC 电源输入的选择" />
	<Message ID="MMI::DriverParameter::YASKAWA::Pn0-01-03" Content="警告代码输出选择" />
	<Message ID="MMI::DriverParameter::YASKAWA::Pn0-02-00" Content="速度／位置控制选择" />
	<Message ID="MMI::DriverParameter::YASKAWA::Pn0-02-01" Content="转矩控制选择" />
	<Message ID="MMI::DriverParameter::YASKAWA::Pn0-02-02" Content="绝对值编码器的使用方法" />
	<Message ID="MMI::DriverParameter::YASKAWA::Pn0-02-03" Content="外部编码器的使用方法" />
	<Message ID="MMI::DriverParameter::YASKAWA::Pn0-06-00" Content="类比量监视1信号选择" />
	<Message ID="MMI::DriverParameter::YASKAWA::Pn0-06-01" Content="预约参数" />
	<Message ID="MMI::DriverParameter::YASKAWA::Pn0-07-00" Content="类比量监视2信号选择" />
	<Message ID="MMI::DriverParameter::YASKAWA::Pn0-07-01" Content="预约参数" />
	<Message ID="MMI::DriverParameter::YASKAWA::Pn0-08-00" Content="电池低电压的警报／警告选择" />
	<Message ID="MMI::DriverParameter::YASKAWA::Pn0-08-01" Content="主回路低电压时的功能选择" />
	<Message ID="MMI::DriverParameter::YASKAWA::Pn0-08-02" Content="警告检出选择" />
	<Message ID="MMI::DriverParameter::YASKAWA::Pn0-08-03" Content="预约参数" />
	<Message ID="MMI::DriverParameter::YASKAWA::Pn0-09-00" Content="参数预约" />
	<Message ID="MMI::DriverParameter::YASKAWA::Pn0-09-01" Content="电流控制模式选择" />
	<Message ID="MMI::DriverParameter::YASKAWA::Pn0-09-02" Content="速度检出方法选择" />
	<Message ID="MMI::DriverParameter::YASKAWA::Pn0-09-03" Content="预约参数" />
	<Message ID="MMI::DriverParameter::YASKAWA::Pn0-0B-00" Content="操作器参数显示选择" />
	<Message ID="MMI::DriverParameter::YASKAWA::Pn0-0B-01" Content="Gr.2 警报停止方法选择" />
	<Message ID="MMI::DriverParameter::YASKAWA::Pn0-0B-02" Content="三相输入规格伺服驱动器的电源输入选择" />
	<Message ID="MMI::DriverParameter::YASKAWA::Pn0-0B-03" Content="预约参数" />
	<Message ID="MMI::DriverParameter::YASKAWA::Pn0-0C-00" Content="无马达测试功能选择" />
	<Message ID="MMI::DriverParameter::YASKAWA::Pn0-0C-01" Content="无马达测试功能编码器解析度选择" />
	<Message ID="MMI::DriverParameter::YASKAWA::Pn0-0C-02" Content="无马达测试功能编码器类型选择" />
	<Message ID="MMI::DriverParameter::YASKAWA::Pn0-0C-03" Content="预约参数" />
	<Message ID="MMI::DriverParameter::YASKAWA::Pn0-0D-00" Content="预约参数" />
	<Message ID="MMI::DriverParameter::YASKAWA::Pn0-0D-01" Content="预约参数" />
	<Message ID="MMI::DriverParameter::YASKAWA::Pn0-0D-02" Content="预约参数" />
	<Message ID="MMI::DriverParameter::YASKAWA::Pn0-0D-03" Content="超行程（OT）警告侦测选择" />
	<Message ID="MMI::DriverParameter::YASKAWA::Pn1-0B-00" Content="模式开关选择" />
	<Message ID="MMI::DriverParameter::YASKAWA::Pn1-0B-01" Content="速度环的控制方法" />
	<Message ID="MMI::DriverParameter::YASKAWA::Pn1-0B-02" Content="预约参数" />
	<Message ID="MMI::DriverParameter::YASKAWA::Pn1-39-00" Content="增益切换选择开关" />
	<Message ID="MMI::DriverParameter::YASKAWA::Pn1-39-01" Content="切换条件A " />
	<Message ID="MMI::DriverParameter::YASKAWA::Pn1-39-02" Content="预约参数" />
	<Message ID="MMI::DriverParameter::YASKAWA::Pn1-40-00" Content="模型追踪控制选择" />
	<Message ID="MMI::DriverParameter::YASKAWA::Pn1-40-01" Content="振动抑制选择" />
	<Message ID="MMI::DriverParameter::YASKAWA::Pn1-40-02" Content="振动抑制功能调整选择" />
	<Message ID="MMI::DriverParameter::YASKAWA::Pn1-40-03" Content="速度前馈（VFF）/转矩前馈选择" />
	<Message ID="MMI::DriverParameter::YASKAWA::Pn1-4F-00" Content="模型追踪控制类型选择" />
	<Message ID="MMI::DriverParameter::YASKAWA::Pn1-4F-01" Content="Tuning Less类型选择" />
	<Message ID="MMI::DriverParameter::YASKAWA::Pn1-4F-02" Content="预约参数" />
	<Message ID="MMI::DriverParameter::YASKAWA::Pn1-60-00" Content="反共振控制选择" />
	<Message ID="MMI::DriverParameter::YASKAWA::Pn1-60-01" Content="反共振控制调整选择" />
	<Message ID="MMI::DriverParameter::YASKAWA::Pn1-60-02" Content="预约参数" />
	<Message ID="MMI::DriverParameter::YASKAWA::Pn1-70-00" Content="Tuning Less选择" />
	<Message ID="MMI::DriverParameter::YASKAWA::Pn1-70-01" Content="速度控制时的控制方法" />
	<Message ID="MMI::DriverParameter::YASKAWA::Pn1-70-02" Content="Tuning Less值" />
	<Message ID="MMI::DriverParameter::YASKAWA::Pn1-70-03" Content="Tuning Less负载值" />
	<Message ID="MMI::DriverParameter::YASKAWA::Pn2-07-00" Content="预约参数" />
	<Message ID="MMI::DriverParameter::YASKAWA::Pn2-07-01" Content="COIN 输出时间" />
	<Message ID="MMI::DriverParameter::YASKAWA::Pn2-2A-00" Content="预约参数" />
	<Message ID="MMI::DriverParameter::YASKAWA::Pn2-2A-01" Content="全闭回路控制时的速度回授选择" />
	<Message ID="MMI::DriverParameter::YASKAWA::Pn3-10-00" Content="振动检出选择" />
	<Message ID="MMI::DriverParameter::YASKAWA::Pn3-10-01" Content="预约参数" />
	<Message ID="MMI::DriverParameter::YASKAWA::Pn4-08-00" Content="Notch filter的选择1" />
	<Message ID="MMI::DriverParameter::YASKAWA::Pn4-08-01" Content="速度限制选择" />
	<Message ID="MMI::DriverParameter::YASKAWA::Pn4-08-02" Content="Notch filter的选择2 " />
	<Message ID="MMI::DriverParameter::YASKAWA::Pn4-08-03" Content="摩擦补偿功能选择" />
	<Message ID="MMI::DriverParameter::YASKAWA::Pn4-60-00" Content="Notch filter调整选择1" />
	<Message ID="MMI::DriverParameter::YASKAWA::Pn4-60-01" Content="预约参数" />
	<Message ID="MMI::DriverParameter::YASKAWA::Pn4-60-02" Content="Notch filter调整选择2" />
	<Message ID="MMI::DriverParameter::YASKAWA::Pn4-60-03" Content="预约参数" />
	<Message ID="MMI::DriverParameter::YASKAWA::Pn5-0A-00" Content="预约参数" />
	<Message ID="MMI::DriverParameter::YASKAWA::Pn5-0A-01" Content="P-OT 信号分配" />
	<Message ID="MMI::DriverParameter::YASKAWA::Pn5-0B-00" Content="N-OT 信号分配[OFF （H 电位）时禁止反转侧驱动]" />
	<Message ID="MMI::DriverParameter::YASKAWA::Pn5-0B-01" Content="预约参数" />
	<Message ID="MMI::DriverParameter::YASKAWA::Pn5-0B-02" Content="/P-CL 信号分配[ON（L电位）时转矩限制]" />
	<Message ID="MMI::DriverParameter::YASKAWA::Pn5-0B-03" Content="/N-CL 信号分配[ON（L电位）时转矩限制]" />
	<Message ID="MMI::DriverParameter::YASKAWA::Pn5-0E-00" Content="定位完成信号分配（/COIN）" />
	<Message ID="MMI::DriverParameter::YASKAWA::Pn5-0E-01" Content="速度一致检出信号分配（/V-CMP）" />
	<Message ID="MMI::DriverParameter::YASKAWA::Pn5-0E-02" Content="旋转检出信号分配（/TGON）" />
	<Message ID="MMI::DriverParameter::YASKAWA::Pn5-0E-03" Content="伺服准备完成信号分配（/S-RDY）" />
	<Message ID="MMI::DriverParameter::YASKAWA::Pn5-0F-00" Content="转矩限制中信号分配（/CLT）" />
	<Message ID="MMI::DriverParameter::YASKAWA::Pn5-0F-01" Content="速度限制检出信号分配（/VLT）" />
	<Message ID="MMI::DriverParameter::YASKAWA::Pn5-0F-02" Content="煞车互锁信号分配（/BK）" />
	<Message ID="MMI::DriverParameter::YASKAWA::Pn5-0F-03" Content="警告信号分配（/WARN）" />
	<Message ID="MMI::DriverParameter::YASKAWA::Pn5-10-00" Content="定位接近信号分配（/NEAR）" />
	<Message ID="MMI::DriverParameter::YASKAWA::Pn5-10-01" Content="预约参数" />
	<Message ID="MMI::DriverParameter::YASKAWA::Pn5-11-00" Content="原点复归映射讯号 (/DEC)" />
	<Message ID="MMI::DriverParameter::YASKAWA::Pn5-11-01" Content="外部映射讯号1(/EXT1)" />
	<Message ID="MMI::DriverParameter::YASKAWA::Pn5-11-02" Content="外部映射讯号2 (/EXT2)" />
	<Message ID="MMI::DriverParameter::YASKAWA::Pn5-11-03" Content="外部映射讯号3 (/EXT3)" />
	<Message ID="MMI::DriverParameter::YASKAWA::Pn5-12-00" Content="CN1-25、26 端子输出信号反转" />
	<Message ID="MMI::DriverParameter::YASKAWA::Pn5-12-01" Content="CN1-27、28 端子输出信号反转" />
	<Message ID="MMI::DriverParameter::YASKAWA::Pn5-12-02" Content="CN1-29、30 端子输出信号反转" />
	<Message ID="MMI::DriverParameter::YASKAWA::Pn5-12-03" Content="预约参数" />
	<Message ID="MMI::DriverParameter::YASKAWA::Pn5-30-00" Content="程序JOG 运转模式" />
	<Message ID="MMI::DriverParameter::YASKAWA::Pn5-30-01" Content="预约参数" />
	<Message ID="MMI::DriverParameter::YASKAWA::Pn8-00-00" Content="MECHATROLINK 通讯检查遮罩(for debug)" />
	<Message ID="MMI::DriverParameter::YASKAWA::Pn8-00-01" Content="警报检查遮罩" />
	<Message ID="MMI::DriverParameter::YASKAWA::Pn8-00-02" Content="预约参数" />
	<Message ID="MMI::DriverParameter::YASKAWA::Pn8-01-00" Content="软体行程极限功能" />
	<Message ID="MMI::DriverParameter::YASKAWA::Pn8-01-01" Content="预约参数" />
	<Message ID="MMI::DriverParameter::YASKAWA::Pn8-01-02" Content="软体行程极限参考点" />
	<Message ID="MMI::DriverParameter::YASKAWA::Pn8-01-03" Content="预约参数" />
	<Message ID="MMI::DriverParameter::YASKAWA::Pn8-16-00" Content="原点复归方向" />
	<Message ID="MMI::DriverParameter::YASKAWA::Pn8-16-01" Content="预约参数" />
	<Message ID="MMI::DriverParameter::YASKAWA::Pn8-1E-00" Content="IO12 讯号映射" />
	<Message ID="MMI::DriverParameter::YASKAWA::Pn8-1E-01" Content="IO13 讯号映射" />
	<Message ID="MMI::DriverParameter::YASKAWA::Pn8-1E-02" Content="IO14 讯号映射" />
	<Message ID="MMI::DriverParameter::YASKAWA::Pn8-1E-03" Content="IO15 讯号映射" />
	<Message ID="MMI::DriverParameter::YASKAWA::Pn8-1F-00" Content="选项区域分配" />
	<Message ID="MMI::DriverParameter::YASKAWA::Pn8-1F-01" Content="位置控制命令 TFF/TLIM 功能配置" />
	<Message ID="MMI::DriverParameter::YASKAWA::Pn8-1F-02" Content="预约参数" />
	<Message ID="MMI::DriverParameter::YASKAWA::Pn8-2A-00" Content="ACCFIL配置" />
	<Message ID="MMI::DriverParameter::YASKAWA::Pn8-2A-01" Content="启动/暂停ACCFIL配置" />
	<Message ID="MMI::DriverParameter::YASKAWA::Pn8-2A-02" Content="G_SEL配置" />
	<Message ID="MMI::DriverParameter::YASKAWA::Pn8-2A-03" Content="启动/暂停G_SEL配置" />
	<Message ID="MMI::DriverParameter::YASKAWA::Pn8-2B-00" Content="V_PPI配置" />
	<Message ID="MMI::DriverParameter::YASKAWA::Pn8-2B-01" Content="启动/暂停V_PPI配置" />
	<Message ID="MMI::DriverParameter::YASKAWA::Pn8-2B-02" Content="P_PI_CLR 配置" />
	<Message ID="MMI::DriverParameter::YASKAWA::Pn8-2B-03" Content="启动/暂停P_PI_CLR 配置" />
	<Message ID="MMI::DriverParameter::YASKAWA::Pn8-2C-00" Content="P_CL配置" />
	<Message ID="MMI::DriverParameter::YASKAWA::Pn8-2C-01" Content="启动/暂停P_CL配置" />
	<Message ID="MMI::DriverParameter::YASKAWA::Pn8-2C-02" Content="N_CL配置" />
	<Message ID="MMI::DriverParameter::YASKAWA::Pn8-2C-03" Content="启动/暂停N_CL配置" />
	<Message ID="MMI::DriverParameter::YASKAWA::Pn8-2D-00" Content="BANK_SEL1配置" />
	<Message ID="MMI::DriverParameter::YASKAWA::Pn8-2D-01" Content="启动/暂停BANK_SEL1配置" />
	<Message ID="MMI::DriverParameter::YASKAWA::Pn8-2D-02" Content="LT_DISABLE配置" />
	<Message ID="MMI::DriverParameter::YASKAWA::Pn8-2D-03" Content="启动/暂停LT_DISABLE配置" />
	<Message ID="MMI::DriverParameter::YASKAWA::Pn8-2E-00" Content="预约参数" />
	<Message ID="MMI::DriverParameter::YASKAWA::Pn8-2E-01" Content="预约参数" />
	<Message ID="MMI::DriverParameter::YASKAWA::Pn8-2E-02" Content="预约参数" />
	<Message ID="MMI::DriverParameter::YASKAWA::Pn8-33-00" Content="线性加速/减速时间常数选择" />
	<Message ID="MMI::DriverParameter::YASKAWA::Pn8-33-01" Content="预约参数" />
	<Message ID="MMI::DriverParameter::YASKAWA::Pn8-52-00" Content="撷取序列信号1" />
	<Message ID="MMI::DriverParameter::YASKAWA::Pn8-52-01" Content="撷取序列信号2" />
	<Message ID="MMI::DriverParameter::YASKAWA::Pn8-52-02" Content="撷取序列信号3" />
	<Message ID="MMI::DriverParameter::YASKAWA::Pn8-52-03" Content="撷取序列信号4" />
	<Message ID="MMI::DriverParameter::YASKAWA::Pn8-53-00" Content="撷取序列信号5" />
	<Message ID="MMI::DriverParameter::YASKAWA::Pn8-53-01" Content="撷取序列信号6" />
	<Message ID="MMI::DriverParameter::YASKAWA::Pn8-53-02" Content="撷取序列信号7" />
	<Message ID="MMI::DriverParameter::YASKAWA::Pn8-53-03" Content="撷取序列信号8" />
</ResMap>
