﻿<?xml version="1.0" encoding="UTF-8"?>
<ResMap>
	<Message ID="Browser::SPLCAParam::Caption::1" Content="目标起始暂存器(Rn)" />
	<Message ID="Browser::SPLCAParam::Caption::21" Content="*驱动器站号" />
	<Message ID="Browser::SPLCAParam::Caption::61" Content="*位置感应器解析度(pulse/转)" />
	<Message ID="Browser::SPLCAParam::Caption::121" Content="*螺杆侧齿数" />
	<Message ID="Browser::SPLCAParam::Caption::122" Content="*马达侧齿数" />
	<Message ID="Browser::SPLCAParam::Caption::161" Content="*螺杆宽度(PITCH) 单位：um" />
	<Message ID="Browser::SPLCAParam::Caption::221" Content="轴型态(0:线性轴; 1:旋转轴)" />
	<Message ID="Browser::SPLCAParam::Caption::401" Content="命令/状态起始暂存器(Rm)" />
	<Message ID="Browser::SPLCAParam::Caption::461" Content="移动最高速度(mm/min;deg/min)" />
	<Message ID="Browser::SPLCAParam::Caption::481" Content="位置检查视窗(um;0.001deg)" />
	<Message ID="Browser::SPLCAParam::Caption::821" Content="第一段寻原点速度(mm/min;deg/min)" />
	<Message ID="Browser::SPLCAParam::Caption::841" Content="第二段寻原点速度(mm/min;deg/min)" />
	<Message ID="Browser::SPLCAParam::Caption::861" Content="寻原点方向(0:正方向; 1:负方向)" />
	<Message ID="Browser::SPLCAParam::Caption::881" Content="寻原点的偏移量(um;0.001deg)" />
	<Message ID="Browser::SPLCAParam::Caption::961" Content="寻原点方法(0:DOG)" />
	<Message ID="Browser::SPLCAParam::Caption::2401" Content="软体行程正极限(um;0.001deg)" />
	<Message ID="Browser::SPLCAParam::Caption::2402" Content="软体行程负极限(um;0.001deg)" />
	
	<Message ID="Browser::SPLCAParam::Title" Content="参数说明" />
	
	<Message ID="Browser::SPLCAParam::AxisTitle::1" Content="串列PLC第1轴" />
	<Message ID="Browser::SPLCAParam::AxisTitle::2" Content="串列PLC第2轴" />
	<Message ID="Browser::SPLCAParam::AxisTitle::3" Content="串列PLC第3轴" />
	<Message ID="Browser::SPLCAParam::AxisTitle::4" Content="串列PLC第4轴" />
	<Message ID="Browser::SPLCAParam::AxisTitle::5" Content="串列PLC第5轴" />
	<Message ID="Browser::SPLCAParam::AxisTitle::6" Content="串列PLC第6轴" />
	<Message ID="Browser::SPLCAParam::AxisTitle::7" Content="串列PLC第7轴" />
	<Message ID="Browser::SPLCAParam::AxisTitle::8" Content="串列PLC第8轴" />
	<Message ID="Browser::SPLCAParam::AxisTitle::9" Content="串列PLC第9轴" />
	<Message ID="Browser::SPLCAParam::AxisTitle::10" Content="串列PLC第10轴" />
	<Message ID="Browser::SPLCAParam::AxisTitle::11" Content="串列PLC第11轴" />
	<Message ID="Browser::SPLCAParam::AxisTitle::12" Content="串列PLC第12轴" />
	<Message ID="Browser::SPLCAParam::AxisTitle::13" Content="串列PLC第13轴" />
	<Message ID="Browser::SPLCAParam::AxisTitle::14" Content="串列PLC第14轴" />
	<Message ID="Browser::SPLCAParam::AxisTitle::15" Content="串列PLC第15轴" />
	<Message ID="Browser::SPLCAParam::AxisTitle::16" Content="串列PLC第16轴" />
</ResMap>