﻿<?xml version="1.0" encoding="UTF-8"?>
<ResMap>
  <!--Scr_MMIConfig-->
  <Message ID="Browser::SetMMIConfig::Caption::lbl_Item::Item" Content="項目" />
  <Message ID="Browser::SetMMIConfig::Caption::lbl_value::value" Content="設定值" />
  <Message ID="Browser::SetMMIConfig::Caption::lbl_PageNo::Page" Content="頁數" />
  <Message ID="Browser::SetMMIConfig::Caption::lbl_Hint::Hint" Content="重開機後生效" />
  
  <Message ID="Browser::SetMMIConfig::Caption::SystemDefault" Content="系統預設" />
  
  <!--MMIConfig Item Description-->
  <Message ID="Common/OpenFileType" Content="開檔規格" />
  
  <Message ID="Common/FenubarFontSize" Content="[功能鍵] 字體大小" />
  <Message ID="Common/Fenubar/FontSize" Content="[功能鍵] 字體大小" />
  <Message ID="Common/Fenubar/Alignment" Content="[功能鍵] 對齊" />
  <Message ID="Common/Fenubar/Button3D" Content="[功能鍵] 立體按鍵" />
  <Message ID="Common/Fenubar/Level3D" Content="[功能鍵] 立體按鍵深度" />
  <Message ID="Common/Fenubar/NoFunc" Content="[功能鍵] 無功能鍵碼" />
  <Message ID="Common/Fenubar/NoLR" Content="[功能鍵] 無上下頁鍵" />
  <Message ID="Common/Fenubar/BigLR" Content="[功能鍵] 上下頁鍵加大" />
  <Message ID="Common/Fenubar/TextOverPic" Content="[功能鍵] 字於圖前" />
  <Message ID="Common/AlarmShownMode" Content="現存警報顯示模式" /> 
  
  <Message ID="Common/ExtTxtFont/FontName" Content="加工程式字型" />
  <Message ID="Common/ExtTxtFont/FontFile" Content="加工程式字型檔" />
  <Message ID="Common/Simulation/BackColor" Content="圖形模擬底色" />
  <Message ID="ScrParam/OCB_ParamSet/ProgFontSize" Content="加工程式字體大小" />
  <Message ID="Common/ScreenStretchType" Content="畫面自動縮放模式" />
  <Message ID="Common/PopupScreenPosType" Content="彈出視窗位置型態" />
  
  <Message ID="Scr_Monitor/Scr_FileSel/Filter" Content="[副檔名篩選] 選擇加工檔" />
  <Message ID="Scr_FileMgr/OB_FileList/Filter" Content="[副檔名篩選] 檔案管理" />
  
  <Message ID="ScrTxtEditor/AutoSave" Content="[程式編輯] 自動存檔" />
  
  <Message ID="Scr_Simu/SimuProg/ForeColor" Content="圖形模擬程式文字顏色" />
  <Message ID="Scr_Simu/SimuProg/BackColor" Content="圖形模擬程式底色" />
  <Message ID="Scr_Simu/SimuAlarm/ForeColor" Content="圖形模擬警報文字顏色" />
  <Message ID="Scr_Simu/SimuAlarm/BackColor" Content="圖形模擬警報底色" />
  
  <Message ID="FileList/NameColLength" Content="[欄位寬度] 檔案管理 - 檔案名稱" />
  <Message ID="FileList/MultiColLength" Content="[欄位寬度] 檔案管理 - 多軸群" />
  <Message ID="FileList/SizeColLength" Content="[欄位寬度] 檔案管理 - 檔案大小" />
  <Message ID="FileList/TimeColLength" Content="[欄位寬度] 檔案管理 - 修改時間" />
  <Message ID="FileList/CommentColLength" Content="[欄位寬度] 檔案管理 - 檔案註解" />
  <Message ID="FileList/Sorting/Type" Content="檔案列表排序方式" />
  
  <Message ID="CncLadder/ForeColor" Content="[顏色] 階梯圖 - 前景顏色" />
  <Message ID="CncLadder/BackColor" Content="[顏色] 階梯圖 - 背景顏色" />
  <Message ID="ScrAlarm/PendingForeColor" Content="[顏色] 延遲警報 - 前景顏色" />
  <Message ID="ScrAlarm/ForeColor" Content="[顏色] 警報 - 前景顏色" />
  <Message ID="ScrAlarm/BackColor" Content="[顏色] 警報 - 背景顏色" />
  <Message ID="Scr_Monitor/ForeColor" Content="[顏色] 執行加工程式 - 前景顏色" />
  <Message ID="Scr_Monitor/BackColor" Content="[顏色] 執行加工程式 - 背景顏色" />
  <Message ID="Scr_Monitor/BarColor" Content="[顏色] 執行加工程式 - 反白底色" />
  <Message ID="Scr_MDI/ForeColor" Content="[顏色] MDI程式 - 前景顏色" />
  <Message ID="Scr_MDI/BackColor" Content="[顏色] MDI程式 - 背景顏色" />
  <Message ID="ScrTxtEditor/ForeColor" Content="[顏色] 程式編輯 - 前景顏色" />
  <Message ID="ScrTxtEditor/BackColor" Content="[顏色] 程式編輯 - 背景顏色" />
  <Message ID="ScrTxtEditor/TitleForeColor" Content="[顏色] 程式標題 - 前景顏色" />
  <Message ID="ScrTxtEditor/TitleBackColor" Content="[顏色] 程式標題 - 背景顏色" />
  <Message ID="Scr_FileMgr/ForeColor" Content="[顏色] 檔案管理 - 前景顏色" />
  <Message ID="Scr_FileMgr/BackColor" Content="[顏色] 檔案管理 - 背景顏色" />
  <Message ID="Scr_FileMgr/SelForeColor" Content="[顏色] 檔案管理 - 反白前景顏色" />
  <Message ID="Scr_FileMgr/SelBackColor" Content="[顏色] 檔案管理 - 反白背景顏色" />
  <Message ID="Scr_FileMgr/TitleForeColor" Content="[顏色] 檔案管理標題 - 前景顏色" />
  <Message ID="Scr_FileMgr/TitleBackColor" Content="[顏色] 檔案管理標題 - 背景顏色" />
  
  <Message ID="Scr_PosCoord/isPreLoad" Content="[開機預讀] 座標首頁" />
  <Message ID="Scr_WorkPiece/isPreLoad" Content="[開機預讀] 工件座標頁面" />
  <Message ID="Scr_FeatureCoordinate/isPreLoad" Content="[開機預讀] 斜平面座標教導頁面" />
  <Message ID="Scr_AutoTool/isPreLoad" Content="[開機預讀] 自動對刀頁面" />
  <Message ID="Scr_AutoCenter/isPreLoad" Content="[開機預讀] 自動分中頁面" />
  <Message ID="ScrTxtEditor/isPreLoad" Content="[開機預讀] 程式編輯頁面" />
  <Message ID="Scr_Simu/isPreLoad" Content="[開機預讀] 圖形模擬頁面" />
  <Message ID="Scr_SimuParam/isPreLoad" Content="[開機預讀] 模擬參數" />
  <Message ID="Scr_CycleMenu/isPreLoad" Content="[開機預讀] 插入循環" />
  <Message ID="Scr_CycleInput/isPreLoad" Content="[開機預讀] 編輯循環" />
  <Message ID="Scr_Monitor/isPreLoad" Content="[開機預讀] 執行加工頁面" />
  <Message ID="Scr_MonSubData/isPreLoad" Content="[開機預讀] 加工參數頁面" />
  <Message ID="Scr_ToolMill/isPreLoad" Content="[開機預讀] 銑床刀具設定頁面" />
  <Message ID="Scr_ToolLathe/isPreLoad" Content="[開機預讀] 車床刀具設定頁面" />
  <Message ID="Scr_LatheWorkpieceShift/isPreLoad" Content="[開機預讀] 工件座標偏移頁面" />
  <Message ID="Scr_MDI/isPreLoad" Content="[開機預讀] MDI輸入" />
  <Message ID="Scr_WorkRecord/isPreLoad" Content="[開機預讀] 加工紀錄表單" />
  <Message ID="Scr_ToolManagement/isPreLoad" Content="[開機預讀] 刀具管理頁面" />
  <Message ID="Scr_FileSel/isPreLoad" Content="[開機預讀] 選擇加工檔" />
  <Message ID="ScrAlarm/isPreLoad" Content="[開機預讀] 警報顯示頁面" />
  <Message ID="ScrParam/isPreLoad" Content="[開機預讀] 參數頁面" />
  <Message ID="Scr_ClientConf/isPreLoad" Content="[開機預讀] 連線設定頁面" />
  <Message ID="Scr_ServerConf/isPreLoad" Content="[開機預讀] 核心伺服器設定頁面" />
  <Message ID="Scr_NetSet/isPreLoad" Content="[開機預讀] 網路設定頁面" />
  <Message ID="Scr_HSHPParameter/isPreLoad" Content="[開機預讀] 高速高精參數頁面" />
  <Message ID="Scr_SerialTunning/isPreLoad" Content="[開機預讀] 串列參數頁面" />
  <Message ID="ScrDiagnostic/isPreLoad" Content="[開機預讀] 診斷功能頁面" />
  <Message ID="Scr_SystemInfo/isPreLoad" Content="[開機預讀] 系統資訊頁面" />
  <Message ID="Scr_DataAcq/isPreLoad" Content="[開機預讀] 資料擷取" />
  <Message ID="Scr_SetSysParam/isPreLoad" Content="[開機預讀] 系統時間頁面" />
  <Message ID="Scr_History/isPreLoad" Content="[開機預讀] 歷史記錄" />
  <Message ID="Scr_FileMgr/isPreLoad" Content="[開機預讀] 檔案管理頁面" />
  <Message ID="ScrFilI_O/isPreLoad" Content="[開機預讀] 檔案輸入輸出" />
  <Message ID="ScrPopupAlarm/isPreLoad" Content="[開機預讀] 警報顯示視窗" />
  <Message ID="ScrPopupMPG/isPreLoad" Content="[開機預讀] 手輪偏置" />
  <Message ID="Scr_CustomXML/CycleDataBootReload" Content="[開機預載] CycleData" />
  <Message ID="SIPStyle" Content="軟體鍵盤型態" />
  <Message ID="main*6" Content="[我的最愛]F6設定" />
  <Message ID="main*7" Content="[我的最愛]F7設定" />
  <Message ID="main*8" Content="[我的最愛]F8設定" />
</ResMap>