﻿<?xml version="1.0" encoding="UTF-8"?>
<!--Created by 'eHMI'version2.2.10-->
<!--BROWSER SIZE|H:470|W:800-->
<Screen>
  <Name>BackupConclusion.xml</Name>
  <Panel>
    <Left>0</Left>
    <Top>0</Top>
    <Width>800</Width>
    <Height>470</Height>
    <Name>Pan_SelectItem</Name>
    <BorderStyle>0</BorderStyle>
    <Depth>19</Depth>
    <BackColor>192,192,192</BackColor>
  </Panel>
  <Panel>
    <Left>10</Left>
    <Top>50</Top>
    <Width>488</Width>
    <Height>2</Height>
    <Name>Pan_SplitTitleLine</Name>
    <BorderStyle>0</BorderStyle>
    <Depth>18</Depth>
    <BackColor>0,128,128</BackColor>
  </Panel>
  <Panel>
    <Left>10</Left>
    <Top>321</Top>
    <Width>780</Width>
    <Height>2</Height>
    <Name>Pan_SplitHintLine</Name>
    <BorderStyle>0</BorderStyle>
    <Depth>17</Depth>
    <BackColor>0,128,128</BackColor>
  </Panel>
  <Panel>
    <Left>10</Left>
    <Top>280</Top>
    <Width>780</Width>
    <Height>2</Height>
    <Name>Pan_SplitFilePathLine</Name>
    <BorderStyle>0</BorderStyle>
    <Visible>False</Visible>
    <Depth>16</Depth>
    <BackColor>0,128,128</BackColor>
  </Panel>
  <Panel>
    <Left>528</Left>
    <Top>144</Top>
    <Width>262</Width>
    <Height>1</Height>
    <Name>Pan_SplitFileNameLine</Name>
    <BorderStyle>0</BorderStyle>
    <Visible>False</Visible>
    <Depth>15</Depth>
    <BackColor>0,128,128</BackColor>
  </Panel>
  <Panel>
    <Left>513</Left>
    <Top>14</Top>
    <Width>2</Width>
    <Height>260</Height>
    <Name>Pan_SplitHLine</Name>
    <BorderStyle>0</BorderStyle>
    <Visible>False</Visible>
    <Depth>14</Depth>
    <BackColor>0,128,128</BackColor>
  </Panel>
  <Panel>
    <Left>513</Left>
    <Top>395</Top>
    <Width>2</Width>
    <Height>65</Height>
    <Name>Pan_SplitTips</Name>
    <BorderStyle>0</BorderStyle>
    <Visible>False</Visible>
    <Depth>13</Depth>
    <BackColor>0,128,128</BackColor>
  </Panel>
  <Panel>
    <Left>10</Left>
    <Top>383</Top>
    <Width>780</Width>
    <Height>2</Height>
    <Name>Pan_Commit</Name>
    <BorderStyle>0</BorderStyle>
    <Depth>12</Depth>
    <BackColor>0,128,128</BackColor>
  </Panel>
  <Label>
    <Left>20</Left>
    <Top>290</Top>
    <Height>25</Height>
    <Width>85</Width>
    <Name>Lab_FilePathTitle</Name>
    <FontSize>14</FontSize>
    <Alignment>0</Alignment>
    <BorderStyle>0</BorderStyle>
    <Visible>False</Visible>
    <Depth>11</Depth>
    <BackColor>192,192,192</BackColor>
    <Caption>STR::MMI::Setup::Caption::SelectItem::FilePath</Caption>
  </Label>
  <Label>
    <Left>110</Left>
    <Top>290</Top>
    <Height>25</Height>
    <Width>670</Width>
    <Name>Lab_FilePath</Name>
    <FontSize>14</FontSize>
    <Alignment>0</Alignment>
    <BorderStyle>0</BorderStyle>
    <Visible>False</Visible>
    <Depth>10</Depth>
    <BackColor>192,192,192</BackColor>
    <Caption>
    </Caption>
  </Label>
  <Label>
    <Left>533</Left>
    <Top>34</Top>
    <Height>25</Height>
    <Width>247</Width>
    <Name>Lab_FileNameTitle</Name>
    <FontSize>12</FontSize>
    <Alignment>0</Alignment>
    <BorderStyle>0</BorderStyle>
    <Visible>False</Visible>
    <Depth>9</Depth>
    <BackColor>192,192,192</BackColor>
    <Caption>STR::MMI::FileMgr::Name</Caption>
  </Label>
  <Label>
    <Left>533</Left>
    <Top>104</Top>
    <Height>25</Height>
    <Width>247</Width>
    <Name>Lab_FileNameExt</Name>
    <FontSize>12</FontSize>
    <Alignment>0</Alignment>
    <BorderStyle>0</BorderStyle>
    <Visible>False</Visible>
    <Depth>8</Depth>
    <BackColor>192,192,192</BackColor>
    <Caption>
    </Caption>
  </Label>
  <Label>
    <Left>533</Left>
    <Top>69</Top>
    <Height>25</Height>
    <Width>247</Width>
    <Name>Lab_TextFileName</Name>
    <BorderStyle>1</BorderStyle>
    <BackColor>192,192,192</BackColor>
    <Visible>False</Visible>
    <FontSize>12</FontSize>
    <Depth>7</Depth>
  </Label>
  <Label>
    <Left>533</Left>
    <Top>159</Top>
    <Height>45</Height>
    <Width>247</Width>
    <Name>Lab_FileCommentTitle</Name>
    <FontSize>12</FontSize>
    <Alignment>0</Alignment>
    <BorderStyle>0</BorderStyle>
    <Visible>False</Visible>
    <Depth>6</Depth>
    <BackColor>192,192,192</BackColor>
    <Caption>
    </Caption>
  </Label>
  <Label>
    <Left>533</Left>
    <Top>214</Top>
    <Height>25</Height>
    <Width>247</Width>
    <Name>Lab_TextFileComment</Name>
    <FontSize>12</FontSize>
    <BorderStyle>1</BorderStyle>
    <BackColor>192,192,192</BackColor>
    <Visible>False</Visible>
    <Depth>5</Depth>
  </Label>
  <Label>
    <Left>20</Left>
    <Top>326</Top>
    <Height>55</Height>
    <Width>761</Width>
    <Name>Lab_ItemHint</Name>
    <FontSize>12</FontSize>
    <Alignment>0</Alignment>
    <BorderStyle>0</BorderStyle>
    <Depth>4</Depth>
    <BackColor>192,192,192</BackColor>
    <Caption>
    </Caption>
  </Label>
  <Label>
    <Left>20</Left>
    <Top>393</Top>
    <Height>80</Height>
    <Width>478</Width>
    <Name>Lab_TotalTimeHint</Name>
    <FontSize>14</FontSize>
    <Alignment>0</Alignment>
    <BorderStyle>0</BorderStyle>
    <Depth>3</Depth>
    <BackColor>192,192,192</BackColor>
    <Caption>
    </Caption>
  </Label>
  <Label>
    <Left>519</Left>
    <Top>393</Top>
    <Height>75</Height>
    <Width>262</Width>
    <Name>Lab_BackupConclusion</Name>
    <FontSize>16</FontSize>
    <Alignment>0</Alignment>
    <BorderStyle>0</BorderStyle>
    <Visible>False</Visible>
    <Depth>2</Depth>
    <ForeColor>128,0,0</ForeColor>
    <BackColor>192,192,192</BackColor>
    <Caption>STR::MMI::Setup::Caption::SelectItem::QueryBackup</Caption>
  </Label>
  <Panel>
    <Left>10</Left>
    <Top>90</Top>
    <Width>488</Width>
    <Height>2</Height>
    <Name>Pan_SplitLine</Name>
    <BorderStyle>0</BorderStyle>
    <Depth>1</Depth>
    <BackColor>0,128,128</BackColor>
  </Panel>
  <Label>
    <Left>13</Left>
    <Top>9</Top>
    <Height>35</Height>
    <Width>485</Width>
    <Name>Lab_TextTitle</Name>
    <FontSize>16</FontSize>
    <Alignment>0</Alignment>
    <BorderStyle>0</BorderStyle>
    <Depth>0</Depth>
    <BackColor>192,192,192</BackColor>
    <Caption>
    </Caption>
  </Label>
</Screen>
