﻿<?xml version="1.0" encoding="UTF-8"?>
<ResMap>
  <!--Scr_MMIConfig-->
  <Message ID="Browser::SetMMIConfig::Caption::lbl_Item::Item" Content="Item" />
  <Message ID="Browser::SetMMIConfig::Caption::lbl_value::value" Content="Value" />
  <Message ID="Browser::SetMMIConfig::Caption::lbl_PageNo::Page" Content="PageNo" />
  <Message ID="Browser::SetMMIConfig::Caption::lbl_Hint::Hint" Content="Setting Valid After Restart" />
  
  <Message ID="Browser::SetMMIConfig::Caption::SystemDefault" Content="System Default" />
  
  <!--MMIConfig Item Description-->
  <Message ID="Common/OpenFileType" Content="Open File Type" />
  
  <Message ID="Common/FenubarFontSize" Content="[Fenubar] Font Size" />
  <Message ID="Common/Fenubar/FontSize" Content="[Fenubar] Font Size" />
  <Message ID="Common/Fenubar/Alignment" Content="[Fenubar] Alignment" />
  <Message ID="Common/Fenubar/Button3D" Content="[Fenubar] Button3D" />
  <Message ID="Common/Fenubar/Level3D" Content="[Fenubar] Button 3D Level" />
  <Message ID="Common/Fenubar/NoFunc" Content="[Fenubar] No Function No." />
  <Message ID="Common/Fenubar/NoLR" Content="[Fenubar] No LR Button" />
  <Message ID="Common/Fenubar/BigLR" Content="[Fenubar] Big LR Button" />
  <Message ID="Common/Fenubar/TextOverPic" Content="[Fenubar] Text Over Picture" />
  <Message ID="Common/AlarmShownMode" Content="Pending alarm shown mode" /> 
  
  <Message ID="Common/ExtTxtFont/FontName" Content="Program Font" />
  <Message ID="Common/ExtTxtFont/FontFile" Content="Program Font File" />
  <Message ID="Common/Simulation/BackColor" Content="Simulation BackColor" />
  <Message ID="ScrParam/OCB_ParamSet/ProgFontSize" Content="Program Font Size" />
  <Message ID="Common/ScreenStretchType" Content="Screen Stretch Type" />
  <Message ID="Common/PopupScreenPosType" Content="Popup Screen Position Type" />
  
  <Message ID="Scr_Monitor/Scr_FileSel/Filter" Content="[Extension Filter] File Select Page" />
  <Message ID="Scr_FileMgr/OB_FileList/Filter" Content="[Extension Filter] File Manager Page" />
  
  <Message ID="ScrTxtEditor/AutoSave" Content="[Program Editor] Auto Save" />
  
  <Message ID="Scr_Simu/SimuProg/ForeColor" Content="Simultion Program Text Color" />
  <Message ID="Scr_Simu/SimuProg/BackColor" Content="Simultion Program BackColor" />
  <Message ID="Scr_Simu/SimuAlarm/ForeColor" Content="Simultion Alarm Text Color" />
  <Message ID="Scr_Simu/SimuAlarm/BackColor" Content="Simultion Alarm BackColor" />
  
  <Message ID="FileList/NameColLength" Content="[ColumnLength] FileList - Name" />
  <Message ID="FileList/MultiColLength" Content="[ColumnLength] FileList - Multi" />
  <Message ID="FileList/SizeColLength" Content="[ColumnLength] FileList - Size" />
  <Message ID="FileList/TimeColLength" Content="[ColumnLength] FileList - Time" />
  <Message ID="FileList/CommentColLength" Content="[ColumnLength] FileList - Comment" />
  <Message ID="FileList/Sorting/Type" Content="FileList Sorting Type" />
  
  <Message ID="CncLadder/ForeColor" Content="[ForeColor] Ladder" />
  <Message ID="CncLadder/BackColor" Content="[BackColor] Ladder" />
  <Message ID="ScrAlarm/PendingForeColor" Content="[ForeColor] Pending Alarm" />
  <Message ID="ScrAlarm/ForeColor" Content="[ForeColor] Alarm" />
  <Message ID="ScrAlarm/BackColor" Content="[BackColor] Alarm" />
  <Message ID="Scr_Monitor/ForeColor" Content="[ForeColor] Program - Monitor" />
  <Message ID="Scr_Monitor/BackColor" Content="[BackColor] Program - Monitor" />
  <Message ID="Scr_Monitor/BarColor" Content="[BarColor] Program - Monitor" />
  <Message ID="Scr_MDI/ForeColor" Content="[ForeColor] Program - MDI" />
  <Message ID="Scr_MDI/BackColor" Content="[BackColor] Program - MDI" />
  <Message ID="ScrTxtEditor/ForeColor" Content="[ForeColor] Program - Editor" />
  <Message ID="ScrTxtEditor/BackColor" Content="[BackColor] Program - Editor" />
  <Message ID="ScrTxtEditor/TitleForeColor" Content="[ForeColor] Program - Editor Title" />
  <Message ID="ScrTxtEditor/TitleBackColor" Content="[BackColor] Program - Editor Title" />
  <Message ID="Scr_FileMgr/ForeColor" Content="[ForeColor] File Manager" />
  <Message ID="Scr_FileMgr/BackColor" Content="[BackColor] File Manager" />
  <Message ID="Scr_FileMgr/SelForeColor" Content="[SelectedForeColor] File Manager" />
  <Message ID="Scr_FileMgr/SelBackColor" Content="[SelectedBackColor] File Manager" />
  <Message ID="Scr_FileMgr/TitleForeColor" Content="[ForeColor] File Manager Title" />
  <Message ID="Scr_FileMgr/TitleBackColor" Content="[BackColor] File Manager Title" />
  
  <Message ID="Scr_PosCoord/isPreLoad" Content="[PreLoad] Position Coordinate" />
  <Message ID="Scr_WorkPiece/isPreLoad" Content="[PreLoad] WorkPeice Coordinate" />
  <Message ID="Scr_FeatureCoordinate/isPreLoad" Content="[PreLoad] Tilt Work Plane Teach" />
  <Message ID="Scr_AutoTool/isPreLoad" Content="[PreLoad] Auto Tool" />
  <Message ID="Scr_AutoCenter/isPreLoad" Content="[PreLoad] Auto Center" />
  <Message ID="ScrTxtEditor/isPreLoad" Content="[PreLoad] Program Editor" />
  <Message ID="Scr_Simu/isPreLoad" Content="[PreLoad] Simulation" />
  <Message ID="Scr_SimuParam/isPreLoad" Content="[PreLoad] Simulation Setting" />
  <Message ID="Scr_CycleMenu/isPreLoad" Content="[PreLoad] Insert Cycle" />
  <Message ID="Scr_CycleInput/isPreLoad" Content="[PreLoad] Edit Cycle" />
  <Message ID="Scr_Monitor/isPreLoad" Content="[PreLoad] Monitor" />
  <Message ID="Scr_MonSubData/isPreLoad" Content="[PreLoad] Monitor Parameter Setting" />
  <Message ID="Scr_ToolMill/isPreLoad" Content="[PreLoad] Tool Setting Mill" />
  <Message ID="Scr_ToolLathe/isPreLoad" Content="[PreLoad] Tool Setting Lathe" />
  <Message ID="Scr_LatheWorkpieceShift/isPreLoad" Content="[PreLoad] Working Shift" />
  <Message ID="Scr_MDI/isPreLoad" Content="[PreLoad] MDI Input" />
  <Message ID="Scr_WorkRecord/isPreLoad" Content="[PreLoad] Work Record" />
  <Message ID="Scr_ToolManagement/isPreLoad" Content="[PreLoad] Tool Manager" />
  <Message ID="Scr_FileSel/isPreLoad" Content="[PreLoad] File Select" />
  <Message ID="ScrAlarm/isPreLoad" Content="[PreLoad] Alarm" />
  <Message ID="ScrParam/isPreLoad" Content="[PreLoad] Parameter" />
  <Message ID="Scr_ClientConf/isPreLoad" Content="[PreLoad] Connection Setting" />
  <Message ID="Scr_ServerConf/isPreLoad" Content="[PreLoad] Set Kernel Server" />
  <Message ID="Scr_NetSet/isPreLoad" Content="[PreLoad] Network Setting" />
  <Message ID="Scr_HSHPParameter/isPreLoad" Content="[PreLoad] HSHP Parameter" />
  <Message ID="Scr_SerialTunning/isPreLoad" Content="[PreLoad] Serial Tunning" />
  <Message ID="ScrDiagnostic/isPreLoad" Content="[PreLoad] Diagnostic" />
  <Message ID="Scr_SystemInfo/isPreLoad" Content="[PreLoad] System Info." />
  <Message ID="Scr_DataAcq/isPreLoad" Content="[PreLoad] Data Acq." />
  <Message ID="Scr_SetSysParam/isPreLoad" Content="[PreLoad] System Time Setting" />
  <Message ID="Scr_History/isPreLoad" Content="[PreLoad] History" />
  <Message ID="Scr_FileMgr/isPreLoad" Content="[PreLoad] File Manager" />
  <Message ID="ScrFilI_O/isPreLoad" Content="[PreLoad] File Input Output" />
  <Message ID="ScrPopupAlarm/isPreLoad" Content="[PreLoad] Alarm Hint" />
  <Message ID="ScrPopupMPG/isPreLoad" Content="[PreLoad] MPG Shift Setting" />
  <Message ID="Scr_CustomXML/CycleDataBootReload" Content="[PreLoad] CycleData" />
  <Message ID="SIPStyle" Content="SIP Style" />
  <Message ID="main*6" Content="[MyFavorite]F6" />
  <Message ID="main*7" Content="[MyFavorite]F7" />
  <Message ID="main*8" Content="[MyFavorite]F8" />
</ResMap>