﻿<?xml version="1.0" encoding="UTF-8"?>
<!--Created by 'eHMI'version2.2.10-->
<!--BROWSER SIZE|H:470|W:800-->
<Screen>
  <Name>ExportConclusion.xml</Name>
  <Panel>
    <Left>0</Left>
    <Top>0</Top>
    <Width>800</Width>
    <Height>470</Height>
    <Name>Pan_ExportItem</Name>
    <BorderStyle>0</BorderStyle>
    <Depth>23</Depth>
    <BackColor>192,192,192</BackColor>
  </Panel>
  <Panel>
    <Left>10</Left>
    <Top>330</Top>
    <Width>780</Width>
    <Height>3</Height>
    <Name>Pan_SplitHintLine</Name>
    <BorderStyle>0</BorderStyle>
    <Depth>22</Depth>
    <BackColor>0,128,128</BackColor>
  </Panel>
  <Panel>
    <Left>10</Left>
    <Top>410</Top>
    <Width>780</Width>
    <Height>3</Height>
    <Name>Pan_Comment</Name>
    <BorderStyle>0</BorderStyle>
    <Depth>21</Depth>
    <BackColor>0,128,128</BackColor>
  </Panel>
  <Label>
    <Left>171</Left>
    <Top>70</Top>
    <Height>25</Height>
    <Width>100</Width>
    <Name>Lab_ParamTitle</Name>
    <FontSize>12</FontSize>
    <BorderStyle>2</BorderStyle>
    <Depth>20</Depth>
    <BorderColor>68,68,68</BorderColor>
    <ForeColor>68,68,68</ForeColor>
    <BackColor>192,192,192</BackColor>
    <Caption>STR::MMI::Common::Parameter</Caption>
  </Label>
  <Label>
    <Left>160</Left>
    <Top>105</Top>
    <Height>85</Height>
    <Width>133</Width>
    <Name>Lab_SecondRow</Name>
    <FontSize>10</FontSize>
    <Alignment>3</Alignment>
    <BorderStyle>0</BorderStyle>
    <Depth>19</Depth>
    <ForeColor>68,68,68</ForeColor>
    <BackColor>192,192,192</BackColor>
    <Caption>
    </Caption>
  </Label>
  <Label>
    <Left>171</Left>
    <Top>208</Top>
    <Height>25</Height>
    <Width>100</Width>
    <Name>Lab_RegistryTitle</Name>
    <FontSize>12</FontSize>
    <BorderStyle>2</BorderStyle>
    <Depth>18</Depth>
    <BorderColor>68,68,68</BorderColor>
    <ForeColor>68,68,68</ForeColor>
    <BackColor>192,192,192</BackColor>
    <Caption>STR::MMI::Common::Registry</Caption>
  </Label>
  <Label>
    <Left>160</Left>
    <Top>243</Top>
    <Height>82</Height>
    <Width>133</Width>
    <Name>Lab_ThirdRow</Name>
    <FontSize>10</FontSize>
    <Alignment>3</Alignment>
    <BorderStyle>0</BorderStyle>
    <Depth>17</Depth>
    <ForeColor>68,68,68</ForeColor>
    <BackColor>192,192,192</BackColor>
    <Caption>
    </Caption>
  </Label>
  <Label>
    <Left>323</Left>
    <Top>70</Top>
    <Height>25</Height>
    <Width>100</Width>
    <Name>Lab_ParamExTitle</Name>
    <FontSize>12</FontSize>
    <BorderStyle>2</BorderStyle>
    <Depth>16</Depth>
    <BorderColor>68,68,68</BorderColor>
    <ForeColor>68,68,68</ForeColor>
    <BackColor>192,192,192</BackColor>
    <Caption>STR::MMI::Common::ParameterExt</Caption>
  </Label>
  <Label>
    <Left>10</Left>
    <Top>340</Top>
    <Height>70</Height>
    <Width>780</Width>
    <Name>Lab_SeventhRow</Name>
    <FontSize>14</FontSize>
    <Alignment>3</Alignment>
    <BorderStyle>0</BorderStyle>
    <Depth>15</Depth>
    <BackColor>192,192,192</BackColor>
    <Caption>
    </Caption>
  </Label>
  <Label>
    <Left>10</Left>
    <Top>415</Top>
    <Height>50</Height>
    <Width>780</Width>
    <Name>Lab_ImportConclusion</Name>
    <FontSize>16</FontSize>
    <Alignment>0</Alignment>
    <BorderStyle>0</BorderStyle>
    <Depth>14</Depth>
    <ForeColor>176,0,0</ForeColor>
    <BackColor>192,192,192</BackColor>
    <Caption>STR::MMI::SysFile::Import::QuerySysFileImport</Caption>
  </Label>
  <Panel>
    <Left>150</Left>
    <Top>60</Top>
    <Width>1</Width>
    <Height>265</Height>
    <Name>Pan_SplitHLine</Name>
    <BorderStyle>0</BorderStyle>
    <Depth>13</Depth>
    <BackColor>0,128,128</BackColor>
  </Panel>
  <Label>
    <Left>10</Left>
    <Top>10</Top>
    <Height>40</Height>
    <Width>200</Width>
    <Name>Lab_FuncTitle</Name>
    <FontSize>14</FontSize>
    <Alignment>0</Alignment>
    <BorderStyle>0</BorderStyle>
    <Depth>12</Depth>
    <BackColor>192,192,192</BackColor>
    <Caption>STR::MMI::SysFile::Import::FileList</Caption>
  </Label>
  <Panel>
    <Left>293</Left>
    <Top>60</Top>
    <Width>1</Width>
    <Height>265</Height>
    <Name>Pan_SplitHLine2</Name>
    <BorderStyle>0</BorderStyle>
    <Depth>11</Depth>
    <BackColor>0,128,128</BackColor>
  </Panel>
  <Label>
    <Left>30</Left>
    <Top>70</Top>
    <Height>25</Height>
    <Width>100</Width>
    <Name>Lab_LadderTitle</Name>
    <FontSize>12</FontSize>
    <BorderStyle>2</BorderStyle>
    <Depth>10</Depth>
    <BorderColor>68,68,68</BorderColor>
    <ForeColor>68,68,68</ForeColor>
    <BackColor>192,192,192</BackColor>
    <Caption>STR::MMI::Common::PLC</Caption>
  </Label>
  <Label>
    <Left>633</Left>
    <Top>70</Top>
    <Height>25</Height>
    <Width>120</Width>
    <Name>Lab_SerialPLCAxisParamTitle</Name>
    <FontSize>12</FontSize>
    <BorderStyle>2</BorderStyle>
    <Depth>9</Depth>
    <BorderColor>68,68,68</BorderColor>
    <ForeColor>68,68,68</ForeColor>
    <BackColor>192,192,192</BackColor>
    <Caption>STR::MMI::Common::SerialPLCAxisParam</Caption>
  </Label>
  <Label>
    <Left>633</Left>
    <Top>208</Top>
    <Height>25</Height>
    <Width>120</Width>
    <Name>Lab_ECamDataTitle</Name>
    <FontSize>12</FontSize>
    <BorderStyle>2</BorderStyle>
    <BorderColor>68,68,68</BorderColor>
    <ForeColor>68,68,68</ForeColor>
    <BackColor>192,192,192</BackColor>
    <Caption>STR::MMI::Common::ECamData</Caption>
  </Label>
  <Label>
    <Left>474</Left>
    <Top>70</Top>
    <Height>25</Height>
    <Width>100</Width>
    <Name>Lab_MacroAlarmTitle</Name>
    <FontSize>12</FontSize>
    <BorderStyle>2</BorderStyle>
    <Depth>8</Depth>
    <BorderColor>68,68,68</BorderColor>
    <ForeColor>68,68,68</ForeColor>
    <BackColor>192,192,192</BackColor>
    <Caption>STR::MMI::Common::MacroAlarm</Caption>
  </Label>
  <Label>
    <Left>463</Left>
    <Top>105</Top>
    <Height>220</Height>
    <Width>132</Width>
    <Name>Lab_FifthRow</Name>
    <FontSize>10</FontSize>
    <Alignment>3</Alignment>
    <BorderStyle>0</BorderStyle>
    <Depth>7</Depth>
    <ForeColor>68,68,68</ForeColor>
    <BackColor>192,192,192</BackColor>
    <Caption>
    </Caption>
  </Label>
  <Label>
    <Left>10</Left>
    <Top>105</Top>
    <Height>220</Height>
    <Width>140</Width>
    <Name>Lab_FirstRow</Name>
    <FontSize>10</FontSize>
    <Alignment>3</Alignment>
    <BorderStyle>0</BorderStyle>
    <Depth>6</Depth>
    <ForeColor>68,68,68</ForeColor>
    <BackColor>192,192,192</BackColor>
    <Caption>
    </Caption>
  </Label>
  <Label>
    <Left>303</Left>
    <Top>105</Top>
    <Height>220</Height>
    <Width>150</Width>
    <Name>Lab_FourthRow</Name>
    <FontSize>10</FontSize>
    <Alignment>3</Alignment>
    <BorderStyle>0</BorderStyle>
    <Depth>5</Depth>
    <ForeColor>68,68,68</ForeColor>
    <BackColor>192,192,192</BackColor>
    <Caption>
    </Caption>
  </Label>
  <Panel>
    <Left>10</Left>
    <Top>55</Top>
    <Width>780</Width>
    <Height>3</Height>
    <Name>Pan_Language</Name>
    <BorderStyle>0</BorderStyle>
    <Depth>4</Depth>
    <BackColor>0,128,128</BackColor>
  </Panel>
  <Label>
    <Left>605</Left>
    <Top>105</Top>
    <Height>85</Height>
    <Width>185</Width>
    <Name>Lab_SixthRow</Name>
    <FontSize>10</FontSize>
    <Alignment>3</Alignment>
    <BorderStyle>0</BorderStyle>
    <Depth>3</Depth>
    <ForeColor>68,68,68</ForeColor>
    <BackColor>192,192,192</BackColor>
    <Caption>
    </Caption>
  </Label>
  <Label>
    <Left>605</Left>
    <Top>243</Top>
    <Height>82</Height>
    <Width>185</Width>
    <Name>Lab_EighthRow</Name>
    <FontSize>10</FontSize>
    <Alignment>3</Alignment>
    <BorderStyle>0</BorderStyle>
    <ForeColor>68,68,68</ForeColor>
    <BackColor>192,192,192</BackColor>
    <Caption>
    </Caption>
  </Label>
  <Panel>
    <Left>453</Left>
    <Top>60</Top>
    <Width>1</Width>
    <Height>265</Height>
    <Name>Pan_SplitHLine3</Name>
    <BorderStyle>0</BorderStyle>
    <Depth>2</Depth>
    <BackColor>0,128,128</BackColor>
  </Panel>
  <Panel>
    <Left>154</Left>
    <Top>193</Top>
    <Width>135</Width>
    <Height>1</Height>
    <Name>Pan_SplitLine</Name>
    <BorderStyle>0</BorderStyle>
    <Depth>1</Depth>
    <BackColor>0,128,128</BackColor>
  </Panel>
  <Panel>
    <Left>595</Left>
    <Top>60</Top>
    <Width>1</Width>
    <Height>265</Height>
    <Name>Pan_SplitHLine4</Name>
    <BorderStyle>0</BorderStyle>
    <Depth>0</Depth>
    <BackColor>0,128,128</BackColor>
  </Panel>
  <Panel>
    <Left>600</Left>
    <Top>193</Top>
    <Width>185</Width>
    <Height>1</Height>
    <Name>Pan_SplitLine5</Name>
    <BorderStyle>0</BorderStyle>
    <Depth>1</Depth>
    <BackColor>0,128,128</BackColor>
  </Panel>
</Screen>
