﻿<?xml version="1.0" encoding="UTF-8"?>
<Screen>
	<Name>G00</Name>
	<Picture>
		<Name>Picture_G00</Name>
		<Picture>Image\G00.bmp</Picture>
		<Left>10</Left>
		<Top>25</Top>
		<Height>180</Height>
		<Width>270</Width>
		<BorderStyle>1</BorderStyle>
	</Picture>
	<Label>
		<Name>Lab_CoordTitle</Name>
		<Caption>STR::Cycle::EndPoint</Caption>
		<Left>350</Left>
		<Top>25</Top>
		<Height>30</Height>
		<Width>100</Width>
		<ForeColor>100,150,255</ForeColor>
		<BorderStyle>0</BorderStyle>
		<Alignment>0</Alignment>
		<FontSize>15</FontSize>
	</Label>
	<Label>
		<Name>Lab_CoordX</Name>
		<Caption>STR::Cycle::X_End</Caption>
		<Left>350</Left>
		<Top>65</Top>
		<Height>30</Height>
		<Width>90</Width>
		<ForeColor>10,10,255</ForeColor>
		<BorderStyle>0</BorderStyle>
		<Alignment>1</Alignment>
		<FontSize>15</FontSize>
	</Label>
	<Input>
		<Name>Inp_X</Name>
		<MacroAddr>X</MacroAddr>
		<Left>450</Left>
		<Top>65</Top>
		<Height>30</Height>
		<Width>100</Width>
		<BackColor>180,200,220</BackColor>
		<ForeColor>0,0,0</ForeColor>
		<BorderStyle>1</BorderStyle>
		<Alignment>1</Alignment>
		<FontSize>12</FontSize>
		<InputFormat>Double:L</InputFormat>
		<HintLabel>STR::Cycle::Hint::X_End</HintLabel>
	</Input>
	<Label>
		<Name>Lab_CoordY</Name>
		<Caption>STR::Cycle::Y_End</Caption>
		<Left>350</Left>
		<Top>100</Top>
		<Height>30</Height>
		<Width>90</Width>
		<ForeColor>10,10,255</ForeColor>
		<BorderStyle>0</BorderStyle>
		<Alignment>1</Alignment>
		<FontSize>15</FontSize>
	</Label>
	<Input>
		<Name>Inp_Y</Name>
		<MacroAddr>Y</MacroAddr>
		<Left>450</Left>
		<Top>100</Top>
		<Height>30</Height>
		<Width>100</Width>
		<BackColor>180,200,235</BackColor>
		<ForeColor>0,0,0</ForeColor>
		<BorderStyle>1</BorderStyle>
		<Alignment>1</Alignment>
		<FontSize>12</FontSize>
		<InputFormat>Double:L</InputFormat>
		<HintLabel>STR::Cycle::Hint::Y_End</HintLabel>
	</Input>
	<Label>
		<Name>Lab_CoordZ</Name>
		<Caption>STR::Cycle::Z_End</Caption>
		<Left>350</Left>
		<Top>135</Top>
		<Height>30</Height>
		<Width>90</Width>
		<ForeColor>10,10,255</ForeColor>
		<BorderStyle>0</BorderStyle>
		<Alignment>1</Alignment>
		<FontSize>15</FontSize>
	</Label>
	<Input>
		<Name>Inp_Z</Name>
		<MacroAddr>Z</MacroAddr>
		<Left>450</Left>
		<Top>135</Top>
		<Height>30</Height>
		<Width>100</Width>
		<BackColor>180,200,235</BackColor>
		<ForeColor>0,0,0</ForeColor>
		<BorderStyle>1</BorderStyle>
		<Alignment>1</Alignment>
		<FontSize>12</FontSize>
		<InputFormat>Double:L</InputFormat>
		<HintLabel>STR::Cycle::Hint::Z_End</HintLabel>
	</Input>
	<Label>
		<Name>Lab_LineNo</Name>
		<Caption>STR::Browser::G00::Caption::Lab_LineNo::LineNo</Caption>
		<Left>350</Left>
		<Top>200</Top>
		<Height>30</Height>
		<Width>90</Width>
		<ForeColor>10,10,255</ForeColor>
		<BorderStyle>0</BorderStyle>
		<Alignment>1</Alignment>
		<FontSize>14</FontSize>
	</Label>
	<Input>
		<Name>Inp_LineNo</Name>
		<MacroAddr>N</MacroAddr>
		<Left>450</Left>
		<Top>200</Top>
		<Height>30</Height>
		<Width>100</Width>
		<BackColor>180,200,235</BackColor>
		<ForeColor>0,0,0</ForeColor>
		<BorderStyle>1</BorderStyle>
		<Alignment>1</Alignment>
		<FontSize>12</FontSize>
		<InputFormat>Long</InputFormat>
		<HintLabel>STR::Browser::G00::HintLabel::Inp_LineNo::LineNo_N</HintLabel>
	</Input>
</Screen>
