﻿<?xml version="1.0" encoding="UTF-8"?>
<Screen>
	<Name>G01</Name>
	<Picture>
		<Name>Picture_G01</Name>
		<Picture>Image\G01.bmp</Picture>
		<Left>10</Left>
		<Top>25</Top>
		<Height>180</Height>
		<Width>270</Width>
		<BorderStyle>1</BorderStyle>
	</Picture>
	<Label>
		<Name>Lab_CoordTitle</Name>
		<Caption>STR::Cycle::EndPoint</Caption>
		<Left>350</Left>
		<Top>25</Top>
		<Height>30</Height>
		<Width>100</Width>
		<ForeColor>100,150,255</ForeColor>
		<BorderStyle>0</BorderStyle>
		<Alignment>0</Alignment>
		<FontSize>15</FontSize>
	</Label>
	<Label>
		<Name>Lab_CoordX</Name>
		<Caption>STR::Cycle::X_End</Caption>
		<Left>350</Left>
		<Top>65</Top>
		<Height>30</Height>
		<Width>90</Width>
		<ForeColor>10,10,255</ForeColor>
		<BorderStyle>0</BorderStyle>
		<Alignment>1</Alignment>
		<FontSize>15</FontSize>
	</Label>
	<Input>
		<Name>Inp_X</Name>
		<MacroAddr>X</MacroAddr>
		<Left>450</Left>
		<Top>65</Top>
		<Height>30</Height>
		<Width>100</Width>
		<BackColor>180,200,220</BackColor>
		<ForeColor>0,0,0</ForeColor>
		<BorderStyle>1</BorderStyle>
		<Alignment>1</Alignment>
		<FontSize>12</FontSize>
		<InputFormat>Double:L</InputFormat>
		<HintLabel>STR::Cycle::Hint::X_End</HintLabel>
	</Input>
	<Label>
		<Name>Lab_CoordY</Name>
		<Caption>STR::Cycle::Y_End</Caption>
		<Left>350</Left>
		<Top>100</Top>
		<Height>30</Height>
		<Width>90</Width>
		<ForeColor>10,10,255</ForeColor>
		<BorderStyle>0</BorderStyle>
		<Alignment>1</Alignment>
		<FontSize>15</FontSize>
	</Label>
	<Input>
		<Name>Inp_Y</Name>
		<MacroAddr>Y</MacroAddr>
		<Left>450</Left>
		<Top>100</Top>
		<Height>30</Height>
		<Width>100</Width>
		<BackColor>180,200,220</BackColor>
		<ForeColor>0,0,0</ForeColor>
		<BorderStyle>1</BorderStyle>
		<Alignment>1</Alignment>
		<FontSize>12</FontSize>
		<InputFormat>Double:L</InputFormat>
		<HintLabel>STR::Cycle::Hint::Y_End</HintLabel>
	</Input>
	<Label>
		<Name>Lab_CoordZ</Name>
		<Caption>STR::Cycle::Z_End</Caption>
		<Left>350</Left>
		<Top>135</Top>
		<Height>30</Height>
		<Width>90</Width>
		<ForeColor>10,10,255</ForeColor>
		<BorderStyle>0</BorderStyle>
		<Alignment>1</Alignment>
		<FontSize>15</FontSize>
	</Label>
	<Input>
		<Name>Inp_Z</Name>
		<MacroAddr>Z</MacroAddr>
		<Left>450</Left>
		<Top>135</Top>
		<Height>30</Height>
		<Width>100</Width>
		<BackColor>180,200,220</BackColor>
		<ForeColor>0,0,0</ForeColor>
		<BorderStyle>1</BorderStyle>
		<Alignment>1</Alignment>
		<FontSize>12</FontSize>
		<InputFormat>Double:L</InputFormat>
		<HintLabel>STR::Cycle::Hint::Z_End</HintLabel>
	</Input>
	<Label>
		<Name>Lab_Angle_A</Name>
		<Caption>STR::Browser::G01::Caption::Lab_Angle_A::Angle_A</Caption>
		<Left>290</Left>
		<Top>175</Top>
		<Height>30</Height>
		<Width>150</Width>
		<ForeColor>10,10,255</ForeColor>
		<BorderStyle>0</BorderStyle>
		<Alignment>1</Alignment>
		<FontSize>15</FontSize>
	</Label>
	<Input>
		<Name>Inp_AngleA</Name>
		<MacroAddr>,A</MacroAddr>
		<Left>450</Left>
		<Top>175</Top>
		<Height>30</Height>
		<Width>100</Width>
		<BackColor>180,200,220</BackColor>
		<ForeColor>0,0,0</ForeColor>
		<BorderStyle>1</BorderStyle>
		<Alignment>1</Alignment>
		<FontSize>12</FontSize>
		<InputFormat>Double:L</InputFormat>
		<HintLabel>STR::Browser::G01::HintLabel::Inp_AngleA::Angle_A</HintLabel>
	</Input>
	<Label>
		<Name>Lab_ChamferTitle</Name>
		<Caption>STR::G01::ChamferTitle</Caption>
		<Left>350</Left>
		<Top>210</Top>
		<Height>30</Height>
		<Width>250</Width>
		<ForeColor>100,150,255</ForeColor>
		<BorderStyle>0</BorderStyle>
		<Alignment>0</Alignment>
		<FontSize>15</FontSize>
	</Label>
	<Label>
		<Name>Lab_Chamfer_C</Name>
		<Caption>STR::G01::Chamfer_C</Caption>
		<Left>290</Left>
		<Top>245</Top>
		<Height>30</Height>
		<Width>150</Width>
		<ForeColor>10,10,255</ForeColor>
		<BorderStyle>0</BorderStyle>
		<Alignment>1</Alignment>
		<FontSize>15</FontSize>
	</Label>
	<Input>
		<Name>Inp_ChamferC</Name>
		<MacroAddr>,C</MacroAddr>
		<Left>450</Left>
		<Top>245</Top>
		<Height>30</Height>
		<Width>100</Width>
		<BackColor>180,200,220</BackColor>
		<ForeColor>0,0,0</ForeColor>
		<BorderStyle>1</BorderStyle>
		<Alignment>1</Alignment>
		<FontSize>12</FontSize>
		<InputFormat>Double:L</InputFormat>
		<HintLabel>STR::G01_Hint::Chamfer_C</HintLabel>
	</Input>
	<Label>
		<Name>Lab_Radius_R</Name>
		<Caption>STR::G01::Radius_R</Caption>
		<Left>290</Left>
		<Top>280</Top>
		<Height>30</Height>
		<Width>150</Width>
		<ForeColor>10,10,255</ForeColor>
		<BorderStyle>0</BorderStyle>
		<Alignment>1</Alignment>
		<FontSize>15</FontSize>
	</Label>
	<Input>
		<Name>Inp_RadiusR</Name>
		<MacroAddr>,R</MacroAddr>
		<Left>450</Left>
		<Top>280</Top>
		<Height>30</Height>
		<Width>100</Width>
		<BackColor>180,200,220</BackColor>
		<ForeColor>0,0,0</ForeColor>
		<BorderStyle>1</BorderStyle>
		<Alignment>1</Alignment>
		<FontSize>12</FontSize>
		<InputFormat>Double:L</InputFormat>
		<HintLabel>STR::G01_Hint::Radius_R</HintLabel>
	</Input>
	<Label>
		<Name>Lab_Spinde</Name>
		<Caption>STR::Cycle::Spindle</Caption>
		<Left>10</Left>
		<Top>235</Top>
		<Height>30</Height>
		<Width>120</Width>
		<ForeColor>10,10,255</ForeColor>
		<BorderStyle>0</BorderStyle>
		<Alignment>1</Alignment>
		<FontSize>15</FontSize>
	</Label>
	<Input>
		<Name>Inp_Spindle</Name>
		<MacroAddr>S</MacroAddr>
		<Left>140</Left>
		<Top>235</Top>
		<Height>30</Height>
		<Width>100</Width>
		<BackColor>180,200,220</BackColor>
		<ForeColor>0,0,0</ForeColor>
		<BorderStyle>1</BorderStyle>
		<Alignment>1</Alignment>
		<FontSize>12</FontSize>
		<InputFormat>Double:L</InputFormat>
		<HintLabel>STR::Cycle::Hint::Spindle</HintLabel>
	</Input>
	<Label>
		<Name>Lab_Feedrate</Name>
		<Caption>STR::Cycle::Feedrate</Caption>
		<Left>10</Left>
		<Top>270</Top>
		<Height>30</Height>
		<Width>120</Width>
		<ForeColor>10,10,255</ForeColor>
		<BorderStyle>0</BorderStyle>
		<Alignment>1</Alignment>
		<FontSize>15</FontSize>
	</Label>
	<Input>
		<Name>Inp_Feedrate</Name>
		<MacroAddr>F</MacroAddr>
		<Left>140</Left>
		<Top>270</Top>
		<Height>30</Height>
		<Width>100</Width>
		<BackColor>180,200,220</BackColor>
		<ForeColor>0,0,0</ForeColor>
		<BorderStyle>1</BorderStyle>
		<Alignment>1</Alignment>
		<FontSize>12</FontSize>
		<InputFormat>Double:L</InputFormat>
		<HintLabel>STR::Cycle::Hint::Feedrate</HintLabel>
	</Input>
	<Label>
		<Name>Lab_LineNo</Name>
		<Caption>STR::Browser::G01::Caption::LineNo</Caption>
		<Left>10</Left>
		<Top>305</Top>
		<Height>30</Height>
		<Width>120</Width>
		<ForeColor>10,10,255</ForeColor>
		<BorderStyle>0</BorderStyle>
		<Alignment>1</Alignment>
		<FontSize>15</FontSize>
	</Label>
	<Input>
		<Name>Inp_LineNo</Name>
		<MacroAddr>N</MacroAddr>
		<Left>140</Left>
		<Top>305</Top>
		<Height>30</Height>
		<Width>100</Width>
		<BackColor>180,200,220</BackColor>
		<ForeColor>0,0,0</ForeColor>
		<BorderStyle>1</BorderStyle>
		<Alignment>1</Alignment>
		<FontSize>12</FontSize>
		<InputFormat>Long</InputFormat>
		<HintLabel>STR::Browser::G01::HintLabel::LineNo</HintLabel>
	</Input>
</Screen>
