﻿<?xml version="1.0" encoding="UTF-8"?>
<!--Created by 'eHMI'version2.2.13-->
<!--BROWSER SIZE|H:470|W:800-->
<Screen>
  <Name>Absolute Setting</Name>
  <Panel>
    <Left>0</Left>
    <Top>0</Top>
    <Width>800</Width>
    <Height>470</Height>
    <Name>Panel1</Name>
    <BorderStyle>0</BorderStyle>
    <Depth>34</Depth>
    <BackColor>0,0,0</BackColor>
  </Panel>
  <Panel>
    <Left>298</Left>
    <Top>9</Top>
    <Width>477</Width>
    <Height>453</Height>
    <Name>Pnl_Tipps</Name>
    <BorderStyle>1</BorderStyle>
    <Depth>33</Depth>
    <BorderColor>255,255,0</BorderColor>
    <BackColor>0,0,0</BackColor>
  </Panel>
  <Label>
    <Left>32</Left>
    <Top>49</Top>
    <Height>24</Height>
    <Width>100</Width>
    <Name>Lab_AxisTitle</Name>
    <FontSize>14</FontSize>
    <BorderStyle>0</BorderStyle>
    <Depth>32</Depth>
    <ForeColor>0,255,0</ForeColor>
    <BackColor>0,0,0</BackColor>
    <Caption>STR::MMI::AbsoluteSetting::SelectAxis</Caption>
    <Wrap>True</Wrap>
  </Label>
  <Label>
    <Left>32</Left>
    <Top>133</Top>
    <Height>24</Height>
    <Width>100</Width>
    <Name>Lab_Axis_1</Name>
    <FontSize>14</FontSize>
    <BorderStyle>0</BorderStyle>
    <Depth>31</Depth>
    <ForeColor>0,255,0</ForeColor>
    <BackColor>0,0,0</BackColor>
    <Caption>
    </Caption>
  </Label>
  <Label>
    <Left>32</Left>
    <Top>406</Top>
    <Height>24</Height>
    <Width>100</Width>
    <Name>Lab_Axis_8</Name>
    <FontSize>14</FontSize>
    <BorderStyle>0</BorderStyle>
    <Depth>30</Depth>
    <ForeColor>0,255,0</ForeColor>
    <BackColor>0,0,0</BackColor>
    <Caption>
    </Caption>
  </Label>
  <Label>
    <Left>32</Left>
    <Top>367</Top>
    <Height>24</Height>
    <Width>100</Width>
    <Name>Lab_Axis_7</Name>
    <FontSize>14</FontSize>
    <BorderStyle>0</BorderStyle>
    <Depth>29</Depth>
    <ForeColor>0,255,0</ForeColor>
    <BackColor>0,0,0</BackColor>
    <Caption>
    </Caption>
  </Label>
  <Label>
    <Left>32</Left>
    <Top>328</Top>
    <Height>24</Height>
    <Width>100</Width>
    <Name>Lab_Axis_6</Name>
    <FontSize>14</FontSize>
    <BorderStyle>0</BorderStyle>
    <Depth>28</Depth>
    <ForeColor>0,255,0</ForeColor>
    <BackColor>0,0,0</BackColor>
    <Caption>
    </Caption>
  </Label>
  <Label>
    <Left>32</Left>
    <Top>289</Top>
    <Height>24</Height>
    <Width>100</Width>
    <Name>Lab_Axis_5</Name>
    <FontSize>14</FontSize>
    <BorderStyle>0</BorderStyle>
    <Depth>27</Depth>
    <ForeColor>0,255,0</ForeColor>
    <BackColor>0,0,0</BackColor>
    <Caption>
    </Caption>
  </Label>
  <Label>
    <Left>32</Left>
    <Top>250</Top>
    <Height>24</Height>
    <Width>100</Width>
    <Name>Lab_Axis_4</Name>
    <FontSize>14</FontSize>
    <BorderStyle>0</BorderStyle>
    <Depth>26</Depth>
    <ForeColor>0,255,0</ForeColor>
    <BackColor>0,0,0</BackColor>
    <Caption>
    </Caption>
  </Label>
  <Label>
    <Left>32</Left>
    <Top>211</Top>
    <Height>24</Height>
    <Width>100</Width>
    <Name>Lab_Axis_3</Name>
    <FontSize>14</FontSize>
    <BorderStyle>0</BorderStyle>
    <Depth>25</Depth>
    <ForeColor>0,255,0</ForeColor>
    <BackColor>0,0,0</BackColor>
    <Caption>
    </Caption>
  </Label>
  <Label>
    <Left>32</Left>
    <Top>172</Top>
    <Height>24</Height>
    <Width>100</Width>
    <Name>Lab_Axis_2</Name>
    <FontSize>14</FontSize>
    <BorderStyle>0</BorderStyle>
    <Depth>24</Depth>
    <ForeColor>0,255,0</ForeColor>
    <BackColor>0,0,0</BackColor>
    <Caption>
    </Caption>
  </Label>
  <Label>
    <Left>166</Left>
    <Top>49</Top>
    <Height>24</Height>
    <Width>100</Width>
    <Name>Lab_StatusTitle</Name>
    <FontSize>14</FontSize>
    <BorderStyle>0</BorderStyle>
    <Depth>23</Depth>
    <ForeColor>0,255,0</ForeColor>
    <BackColor>0,0,0</BackColor>
    <Caption>STR::MMI::AbsoluteSetting::AxisStatus</Caption>
    <Wrap>True</Wrap>
  </Label>
  <Label>
    <Left>301</Left>
    <Top>11</Top>
    <Height>91</Height>
    <Width>467</Width>
    <Name>Lab_TippsTitle</Name>
    <FontSize>14</FontSize>
    <Alignment>3</Alignment>
    <BorderStyle>0</BorderStyle>
    <Depth>22</Depth>
    <ForeColor>255,0,0</ForeColor>
    <BackColor>0,0,0</BackColor>
    <Caption>STR::MMI::AbsoluteSetting::TippsTitle</Caption>
    <Wrap>True</Wrap>
  </Label>
  <Label>
    <Left>301</Left>
    <Top>104</Top>
    <Height>27</Height>
    <Width>467</Width>
    <Name>Lab_TippsStepExplain</Name>
    <FontSize>12</FontSize>
    <Alignment>3</Alignment>
    <BorderStyle>0</BorderStyle>
    <Depth>21</Depth>
    <ForeColor>0,255,0</ForeColor>
    <BackColor>0,0,0</BackColor>
    <Caption>STR::MMI::AbsoluteSetting::TippsStepExplain</Caption>
    <Wrap>True</Wrap>
  </Label>
  <Label>
    <Left>301</Left>
    <Top>127</Top>
    <Height>56</Height>
    <Width>467</Width>
    <Name>Lab_TippsStep1</Name>
    <FontSize>12</FontSize>
    <Alignment>3</Alignment>
    <BorderStyle>0</BorderStyle>
    <Depth>20</Depth>
    <ForeColor>0,255,0</ForeColor>
    <BackColor>0,0,0</BackColor>
    <Caption>STR::MMI::AbsoluteSetting::TippsStep1</Caption>
    <Wrap>True</Wrap>
  </Label>
  <Label>
    <Left>301</Left>
    <Top>173</Top>
    <Height>26</Height>
    <Width>467</Width>
    <Name>Lab_TippsStep2</Name>
    <FontSize>12</FontSize>
    <Alignment>3</Alignment>
    <BorderStyle>0</BorderStyle>
    <Depth>19</Depth>
    <ForeColor>0,255,0</ForeColor>
    <BackColor>0,0,0</BackColor>
    <Caption>STR::MMI::AbsoluteSetting::TippsStep2</Caption>
    <Wrap>True</Wrap>
  </Label>
  <Label>
    <Left>301</Left>
    <Top>195</Top>
    <Height>44</Height>
    <Width>467</Width>
    <Name>Lab_TippsStep3</Name>
    <FontSize>12</FontSize>
    <Alignment>3</Alignment>
    <BorderStyle>0</BorderStyle>
    <Depth>18</Depth>
    <ForeColor>0,255,0</ForeColor>
    <BackColor>0,0,0</BackColor>
    <Caption>STR::MMI::AbsoluteSetting::TippsStep3</Caption>
    <Wrap>True</Wrap>
  </Label>
  <Label>
    <Left>605</Left>
    <Top>214</Top>
    <Height>19</Height>
    <Width>65</Width>
    <Name>Lab_TippsWaitSetContext</Name>
    <FontSize>12</FontSize>
    <Alignment>0</Alignment>
    <BorderStyle>0</BorderStyle>
    <Depth>15</Depth>
    <ForeColor>255,255,0</ForeColor>
    <BackColor>0,0,0</BackColor>
    <Caption>STR::MMI::AbsoluteSetting::TippsWaitSetContext</Caption>
  </Label>
  <Label>
    <Left>301</Left>
    <Top>285</Top>
    <Height>40</Height>
    <Width>467</Width>
    <Name>Lab_TippsComment1</Name>
    <FontSize>12</FontSize>
    <Alignment>3</Alignment>
    <BorderStyle>0</BorderStyle>
    <Depth>13</Depth>
    <ForeColor>0,255,0</ForeColor>
    <BackColor>0,0,0</BackColor>
    <Caption>STR::MMI::AbsoluteSetting::TippsCommentA</Caption>
    <Wrap>True</Wrap>
  </Label>
  <Label>
    <Left>358</Left>
    <Top>327</Top>
    <Height>25</Height>
    <Width>420</Width>
    <Name>Lab_TippsComment2</Name>
    <FontSize>12</FontSize>
    <Alignment>3</Alignment>
    <BorderStyle>0</BorderStyle>
    <Depth>12</Depth>
    <ForeColor>0,255,0</ForeColor>
    <BackColor>0,0,0</BackColor>
    <Caption>STR::MMI::AbsoluteSetting::TippsCommentB</Caption>
    <Wrap>True</Wrap>
  </Label>
  <Label>
    <Left>373</Left>
    <Top>353</Top>
    <Height>25</Height>
    <Width>395</Width>
    <Name>Lab_TippsSetExplain</Name>
    <FontSize>12</FontSize>
    <Alignment>3</Alignment>
    <BorderStyle>0</BorderStyle>
    <Depth>11</Depth>
    <ForeColor>0,255,0</ForeColor>
    <BackColor>0,0,0</BackColor>
    <Caption>STR::MMI::AbsoluteSetting::TippsSetExplain</Caption>
    <Wrap>True</Wrap>
  </Label>
  <Label>
    <Left>373</Left>
    <Top>378</Top>
    <Height>25</Height>
    <Width>395</Width>
    <Name>Lab_TippsUnsetExplain</Name>
    <FontSize>12</FontSize>
    <Alignment>3</Alignment>
    <BorderStyle>0</BorderStyle>
    <Depth>10</Depth>
    <ForeColor>255,0,0</ForeColor>
    <BackColor>0,0,0</BackColor>
    <Caption>STR::MMI::AbsoluteSetting::TippsUnsetExplain</Caption>
    <Wrap>True</Wrap>
  </Label>
  <Label>
    <Left>373</Left>
    <Top>403</Top>
    <Height>25</Height>
    <Width>395</Width>
    <Name>Lab_TippsSettingExplain</Name>
    <FontSize>12</FontSize>
    <Alignment>3</Alignment>
    <BorderStyle>0</BorderStyle>
    <Depth>9</Depth>
    <ForeColor>255,255,0</ForeColor>
    <BackColor>0,0,0</BackColor>
    <Caption>STR::MMI::AbsoluteSetting::TippsSettingExplain</Caption>
    <Wrap>True</Wrap>
  </Label>
  <Label>
    <Left>214</Left>
    <Top>91</Top>
    <Height>24</Height>
    <Width>52</Width>
    <Name>Lab_Page</Name>
    <FontSize>14</FontSize>
    <Alignment>1</Alignment>
    <BorderStyle>0</BorderStyle>
    <Depth>8</Depth>
    <ForeColor>0,255,0</ForeColor>
    <BackColor>0,0,0</BackColor>
    <Caption>
    </Caption>
  </Label>
  <Button>
    <Left>166</Left>
    <Top>133</Top>
    <Height>26</Height>
    <Width>100</Width>
    <Name>Btn_Status_1</Name>
    <FontSize>14</FontSize>
    <Alignment>4</Alignment>
    <BorderStyle>0</BorderStyle>
    <Depth>7</Depth>
    <ForeColor>0,255,0</ForeColor>
    <BackColor>192,192,192</BackColor>
    <Caption>
    </Caption>
    <EnterEff>False</EnterEff>
    <Enabled>True</Enabled>
  </Button>
  <Button>
    <Left>166</Left>
    <Top>406</Top>
    <Height>26</Height>
    <Width>100</Width>
    <Name>Btn_Status_8</Name>
    <FontSize>14</FontSize>
    <Alignment>4</Alignment>
    <BorderStyle>0</BorderStyle>
    <Depth>6</Depth>
    <ForeColor>0,255,0</ForeColor>
    <BackColor>192,192,192</BackColor>
    <Caption>
    </Caption>
    <EnterEff>False</EnterEff>
    <Enabled>True</Enabled>
  </Button>
  <Button>
    <Left>166</Left>
    <Top>367</Top>
    <Height>26</Height>
    <Width>100</Width>
    <Name>Btn_Status_7</Name>
    <FontSize>14</FontSize>
    <Alignment>4</Alignment>
    <BorderStyle>0</BorderStyle>
    <Depth>5</Depth>
    <ForeColor>0,255,0</ForeColor>
    <BackColor>192,192,192</BackColor>
    <Caption>
    </Caption>
    <EnterEff>False</EnterEff>
    <Enabled>True</Enabled>
  </Button>
  <Button>
    <Left>166</Left>
    <Top>328</Top>
    <Height>26</Height>
    <Width>100</Width>
    <Name>Btn_Status_6</Name>
    <FontSize>14</FontSize>
    <Alignment>4</Alignment>
    <BorderStyle>0</BorderStyle>
    <Depth>4</Depth>
    <ForeColor>0,255,0</ForeColor>
    <BackColor>192,192,192</BackColor>
    <Caption>
    </Caption>
    <EnterEff>False</EnterEff>
    <Enabled>True</Enabled>
  </Button>
  <Button>
    <Left>166</Left>
    <Top>289</Top>
    <Height>26</Height>
    <Width>100</Width>
    <Name>Btn_Status_5</Name>
    <FontSize>14</FontSize>
    <Alignment>4</Alignment>
    <BorderStyle>0</BorderStyle>
    <Depth>3</Depth>
    <ForeColor>0,255,0</ForeColor>
    <BackColor>192,192,192</BackColor>
    <Caption>
    </Caption>
    <EnterEff>False</EnterEff>
    <Enabled>True</Enabled>
  </Button>
  <Button>
    <Left>166</Left>
    <Top>250</Top>
    <Height>26</Height>
    <Width>100</Width>
    <Name>Btn_Status_4</Name>
    <FontSize>14</FontSize>
    <Alignment>4</Alignment>
    <BorderStyle>0</BorderStyle>
    <Depth>2</Depth>
    <ForeColor>0,255,0</ForeColor>
    <BackColor>192,192,192</BackColor>
    <Caption>
    </Caption>
    <EnterEff>False</EnterEff>
    <Enabled>True</Enabled>
  </Button>
  <Button>
    <Left>166</Left>
    <Top>211</Top>
    <Height>26</Height>
    <Width>100</Width>
    <Name>Btn_Status_3</Name>
    <FontSize>14</FontSize>
    <Alignment>4</Alignment>
    <BorderStyle>0</BorderStyle>
    <Depth>1</Depth>
    <ForeColor>0,255,0</ForeColor>
    <BackColor>192,192,192</BackColor>
    <Caption>
    </Caption>
    <EnterEff>False</EnterEff>
    <Enabled>True</Enabled>
  </Button>
  <Button>
    <Left>166</Left>
    <Top>172</Top>
    <Height>26</Height>
    <Width>100</Width>
    <Name>Btn_Status_2</Name>
    <FontSize>14</FontSize>
    <Alignment>4</Alignment>
    <BorderStyle>0</BorderStyle>
    <Depth>0</Depth>
    <ForeColor>0,255,0</ForeColor>
    <BackColor>192,192,192</BackColor>
    <Caption>
    </Caption>
    <EnterEff>False</EnterEff>
    <Enabled>True</Enabled>
  </Button>
</Screen>
