﻿<?xml version="1.0" encoding="UTF-8"?>
<Screen  Type="DotNetExtension">
	<Name>AutoTool</Name>
	<Panel>
		<Name>Pan_BackBone</Name>
		<Top>0</Top>
		<Left>0</Left>
		<Width>590</Width>
		<Height>470</Height>
		<ForeColor>0,0,0</ForeColor>
		<BackColor>0,0,0</BackColor>
	</Panel>
	<Label>
		<Caption>STR::MMI::AutoTool::Title</Caption>
		<Name>Lab_AutoTool</Name>
		<Left>15</Left>
		<Top>5</Top>
		<Width>200</Width>
		<Height>30</Height>
		<Alignment>0</Alignment>
		<FontSize>15</FontSize>
		<BorderStyle>0</BorderStyle>
		<ForeColor>0,255,0</ForeColor>
		<BackColor>0,0,0</BackColor> 
         </Label>
         <Label>
                <Caption>STR::MMI::AutoTool::Modehint1</Caption>  
                <Name>Lab_Modehint1</Name>
                <Left>15</Left>
                <Top>43</Top>
                <Width>100</Width>
                <High>30</High>
                <FontSize>14</FontSize>
		<Alignment>0</Alignment>	
		<BorderStyle>0</BorderStyle>
		<ForeColor>0,255,0</ForeColor>
		<BackColor>0,0,0</BackColor>
	</Label>


	<Input>
		<Name>Inp_Mode1</Name>
		<Value>1</Value>
		<Left>95</Left>
		<Top>43</Top>
		<Width>20</Width>
		<Height>20</Height>
		<FontSize>16</FontSize>
		<Alignment>2</Alignment>
		<BorderStyle>1</BorderStyle>
		<InputFormat>Long</InputFormat>
                <InputStorage>L4024</InputStorage>
		<InputRange>1~3</InputRange>
		<FontSize>14</FontSize>
		<ForeColor>255,255,255</ForeColor>
		<BackColor>0,0,0</BackColor>
		<EmptyVal>ignor</EmptyVal>
	</Input>

        <Label>
                <Caption>STR::MMI::AutoTool::Modehint2</Caption>  
                <Name>Lab_Modehint2</Name>
                <Left>15</Left>
                <Top>70</Top>
                <Width>237</Width>
                <High>30</High>
                <FontSize>13</FontSize>
		<Alignment>0</Alignment>	
		<BorderStyle>0</BorderStyle>
		<ForeColor>0,255,0</ForeColor>
		<BackColor>0,0,0</BackColor> 
        </Label> 

             <Label>
                <Caption>STR::MMI::AutoTool::Modehint3</Caption>  
                <Name>Lab_Modehint3</Name>
                <Left>15</Left>
                <Top>90</Top>
                <Width>205</Width>
                <High>30</High>
                <FontSize>13</FontSize>
		<Alignment>0</Alignment>	
		<BorderStyle>0</BorderStyle>
		<ForeColor>0,255,0</ForeColor>
		<BackColor>0,0,0</BackColor> 
        </Label> 



	<Picture>
		<Name>Pic_AutoTool</Name>
		<Left>10</Left>
		<Top>115</Top>
		<Width>240</Width>
		<Height>180</Height>
		<BorderStyle>0</BorderStyle>
		<BorderColor>206,243,148</BorderColor>
		<BackColor>0,0,0</BackColor>
		<Picture>..\Image\ZCoord.bmp</Picture>
	</Picture>
	<Label>
		<Caption>STR::MMI::AutoTool::ZDelta</Caption>
		<Name>Lab_ZDelta</Name>
		<Left>15</Left>
		<Top>290</Top>
		<Width>200</Width>
		<Height>40</Height>
		<Alignment>0</Alignment>
		<FontSize>15</FontSize>
		<BorderStyle>0</BorderStyle>
		<ForeColor>0,255,0</ForeColor>
		<BackColor>0,0,0</BackColor>
	</Label>
	<Picture>
		<Name>Pic_ZDelta</Name>
		<Left>10</Left>
		<Top>335</Top>
		<Width>240</Width>
		<Height>110</Height>
		<BorderStyle>0</BorderStyle>
		<BorderColor>206,243,148</BorderColor>
		<BackColor>0,0,0</BackColor>
		<Picture>..\Image\DeltaZ.bmp</Picture>
	</Picture>
	<Label>
		<Caption>STR::MMI::AutoTool::WorkPiece</Caption>
		<Name>Lab_WorkPieceNo</Name>
		<Left>250</Left>
		<Top>10</Top>
		<Width>150</Width>
		<Height>25</Height>
		<Alignment>0</Alignment>
		<FontSize>13</FontSize>
		<BorderStyle>0</BorderStyle>
		<ForeColor>0,255,0</ForeColor>
		<BackColor>0,0,0</BackColor>
	</Label>
	<Input>
		<Name>Inp_WorkPieceNo</Name>
		<Left>420</Left>
		<Top>10</Top>
		<Width>150</Width>
		<Height>25</Height>
		<Alignment>2</Alignment>
		<FontSize>13</FontSize>
		<BorderStyle>0</BorderStyle>
		<ForeColor>255,255,255</ForeColor>
		<BackColor>0,0,0</BackColor>
		<InputFormat>Long</InputFormat>
		<InputStorage>L4025</InputStorage>
		<InputRange>0~100</InputRange>
		<HintLabel>STR::MMI::AutoTool::WorkPieceHint</HintLabel>
	</Input>
	<Label>
		<Caption>STR::MMI::AutoTool::Feedrate</Caption>
		<Name>Lab_Feedrate</Name>
		<Left>250</Left>
		<Top>35</Top>
		<Width>150</Width>
		<Height>25</Height>
		<Alignment>0</Alignment>
		<FontSize>13</FontSize>
		<BorderStyle>0</BorderStyle>
		<ForeColor>0,255,0</ForeColor>
		<BackColor>0,0,0</BackColor>
	</Label>
	<Input>
		<Name>Inp_Feedrate</Name>
		<Left>420</Left>
		<Top>35</Top>
		<Width>150</Width>
		<Height>25</Height>
		<Alignment>2</Alignment>
		<FontSize>13</FontSize>
		<BorderStyle>0</BorderStyle>
		<ForeColor>255,255,255</ForeColor>
		<BackColor>0,0,0</BackColor>
		<InputFormat>Double:3F</InputFormat>
		<InputStorage>L4026</InputStorage>
		<HintLabel>STR::MMI::AutoTool::FeedrateHint</HintLabel>
	</Input>
	<Label>
		<Caption>STR::MMI::AutoTool::UseRef</Caption>
		<Name>Lab_UseRefCoor</Name>
		<Left>250</Left>
		<Top>60</Top>
		<Width>150</Width>
		<Height>25</Height>	
		<Alignment>0</Alignment>
		<FontSize>13</FontSize>
		<BorderStyle>0</BorderStyle>
		<ForeColor>0,255,0</ForeColor>
		<BackColor>0,0,0</BackColor>
	</Label>
	<Input>
		<Name>Inp_UseRefCoor</Name>
		<Left>420</Left>
		<Top>60</Top>
		<Width>150</Width>
		<Height>25</Height>
		<Alignment>2</Alignment>
		<FontSize>13</FontSize>
		<BorderStyle>0</BorderStyle>
		<ForeColor>255,255,255</ForeColor>
		<BackColor>0,0,0</BackColor>
		<InputFormat>Long</InputFormat>
		<InputStorage>L4027</InputStorage>
		<InputRange>0~1</InputRange>
		<HintLabel>STR::MMI::AutoTool::UseRefHint</HintLabel>
	</Input>
	<Label>
		<Caption>STR::MMI::AutoTool::RefX</Caption>
		<Name>Lab_RefX</Name>
		<Left>250</Left>
		<Top>85</Top>
		<Width>150</Width>
		<Height>25</Height>
		<Alignment>0</Alignment>
		<FontSize>13</FontSize>		
		<BorderStyle>0</BorderStyle>
		<ForeColor>0,255,0</ForeColor>
		<BackColor>0,0,0</BackColor>
	</Label>
	<Label>
		<Name>lbl_ReferenceX</Name>
		<Left>420</Left>
		<Top>85</Top>
		<Width>150</Width>
		<Height>25</Height>
		<Alignment>2</Alignment>
		<FontSize>13</FontSize>
		<BorderStyle>0</BorderStyle>
		<ForeColor>255,255,255</ForeColor>
		<BackColor>0,0,0</BackColor>
	</Label>
	<Label>
		<Caption>STR::MMI::AutoTool::RefY</Caption>
		<Name>Lab_RefY</Name>
		<Left>250</Left>
		<Top>110</Top>
		<Width>150</Width>
		<Height>25</Height>
		<Alignment>0</Alignment>
		<FontSize>13</FontSize>	
		<BorderStyle>0</BorderStyle>
		<ForeColor>0,255,0</ForeColor>
		<BackColor>0,0,0</BackColor>
	</Label>
	<Label>
		<Name>lbl_ReferenceY</Name>
		<Left>420</Left>
		<Top>110</Top>
		<Width>150</Width>
		<Height>25</Height>
		<Alignment>2</Alignment>
		<FontSize>13</FontSize>
		<BorderStyle>0</BorderStyle>
		<ForeColor>255,255,255</ForeColor>
		<BackColor>0,0,0</BackColor>
	</Label>
	<Label>
		<Caption>STR::MMI::AutoTool::RefZ</Caption>
		<Name>Lab_RefZ</Name>
		<Left>250</Left>
		<Top>135</Top>
		<Width>150</Width>
		<Height>25</Height>
		<Alignment>0</Alignment>
		<FontSize>13</FontSize>	
		<BorderStyle>0</BorderStyle>
		<ForeColor>0,255,0</ForeColor>
		<BackColor>0,0,0</BackColor>
	</Label>
	<Input>
		<Name>Inp_RefZ</Name>
		<Left>420</Left>
		<Top>135</Top>
		<Width>150</Width>
		<Height>25</Height>
		<Alignment>2</Alignment>
		<FontSize>13</FontSize>
		<BorderStyle>0</BorderStyle>
		<ForeColor>255,255,255</ForeColor>
		<BackColor>0,0,0</BackColor>
		<InputFormat>Long:L</InputFormat>
		<InputStorage>L4028</InputStorage>
		<HintLabel>STR::MMI::AutoTool::ZStartHint</HintLabel>
	</Input>
	<Label>
		<Caption>STR::MMI::AutoTool::ZMIN</Caption>
		<Name>Lab_MinZCoord</Name>
		<Left>250</Left>
		<Top>160</Top>
		<Width>150</Width>
		<Height>25</Height>
		<Alignment>0</Alignment>
		<FontSize>13</FontSize>	
		<BorderStyle>0</BorderStyle>
		<ForeColor>0,255,0</ForeColor>
		<BackColor>0,0,0</BackColor>
	</Label>
	<Input>
		<Name>Inp_MinZCoord</Name>
		<Left>420</Left>
		<Top>160</Top>
		<Width>150</Width>
		<Height>25</Height>
		<Alignment>2</Alignment>
		<FontSize>13</FontSize>		
		<BorderStyle>0</BorderStyle>
		<ForeColor>255,255,255</ForeColor>
		<BackColor>0,0,0</BackColor>
		<InputFormat>Long:L</InputFormat>
		<InputStorage>L4029</InputStorage>
		<HintLabel>STR::MMI::AutoTool::ZMINHint</HintLabel>
	</Input>
	<Label>
		<Caption>STR::MMI::AutoTool::STEP1</Caption>
		<Name>Lab_ZCoordStep</Name>
		<Left>250</Left>
		<Top>195</Top>
		<Width>260</Width>
		<Height>25</Height>
		<Alignment>0</Alignment>
		<FontSize>13</FontSize>	
		<BorderStyle>0</BorderStyle>
		<ForeColor>0,255,0</ForeColor>
		<BackColor>0,0,0</BackColor>
	</Label>
	<Label>
		<Caption>STR::MMI::AutoTool::STEP2</Caption>
		<Name>Lab_ZCoordStep1</Name>
		<Left>250</Left>
		<Top>220</Top>
		<Width>260</Width>
		<Height>25</Height>
		<Alignment>0</Alignment>
		<FontSize>13</FontSize>	
		<BorderStyle>0</BorderStyle>
		<ForeColor>0,255,0</ForeColor>
		<BackColor>0,0,0</BackColor>
	</Label>
	<Label>
		<Caption>STR::MMI::AutoTool::STEP3</Caption>
		<Name>Lab_ZCoordStep2</Name>
		<Left>250</Left>
		<Top>245</Top>
		<Width>290</Width>
		<Height>25</Height>
		<Alignment>0</Alignment>
		<FontSize>13</FontSize>	
		<BorderStyle>0</BorderStyle>
		<ForeColor>0,255,0</ForeColor>
		<BackColor>0,0,0</BackColor>
	</Label>
	<Label>
		<Caption>STR::MMI::AutoTool::STEP4</Caption>
		<Name>Lab_ZCoordStep3</Name>
		<Left>256</Left>
		<Top>270</Top>
		<Width>290</Width>
		<Height>25</Height>
		<Alignment>0</Alignment>
		<FontSize>13</FontSize>	
		<BorderStyle>0</BorderStyle>
		<ForeColor>0,255,0</ForeColor>
		<BackColor>0,0,0</BackColor>
	</Label>
	<Label>
		<Caption>STR::MMI::AutoTool::STEP5</Caption>
		<Name>Lab_ZCoordStep4</Name>
		<Left>250</Left>
		<Top>295</Top>
		<Width>290</Width>
		<Height>25</Height>
		<Alignment>0</Alignment>
		<FontSize>13</FontSize>	
		<BorderStyle>0</BorderStyle>
		<ForeColor>0,255,0</ForeColor>
		<BackColor>0,0,0</BackColor>
	</Label>
	<Label>
		<Caption>STR::MMI::AutoTool::ZDelta</Caption>
		<Name>Lab_ZDeltaValue</Name>
		<Left>250</Left>
		<Top>330</Top>
		<Width>200</Width>
		<Height>25</Height>
		<Alignment>0</Alignment>
		<FontSize>13</FontSize>	
		<BorderStyle>0</BorderStyle>
		<ForeColor>0,255,0</ForeColor>
		<BackColor>0,0,0</BackColor>
	</Label>
	<Label>
		<Name>Dis_ZDeltaValue</Name>
		<Left>420</Left>
		<Top>330</Top>
		<Width>150</Width>
		<Height>25</Height>
		<Alignment>2</Alignment>
		<FontSize>13</FontSize>	
		<BorderStyle>0</BorderStyle>
		<ForeColor>255,255,255</ForeColor>
		<BackColor>0,0,0</BackColor>
	</Label>
	<Label>
		<Caption>STR::MMI::ZDelta::STEP1</Caption>
		<Name>Lab_ZDeltaStep</Name>
		<Left>250</Left>
		<Top>365</Top>
		<Width>250</Width>
		<Height>25</Height>
		<Alignment>0</Alignment>
		<FontSize>13</FontSize>
		<BorderStyle>0</BorderStyle>
		<ForeColor>0,255,0</ForeColor>
		<BackColor>0,0,0</BackColor>
	</Label>
	<Label>
		<Caption>STR::MMI::ZDelta::STEP2</Caption>
		<Name>Lab_ZDeltaStep1</Name>
		<Left>250</Left>
		<Top>390</Top>
		<Width>250</Width>
		<Height>25</Height>
		<Alignment>0</Alignment>
		<FontSize>13</FontSize>
		<BorderStyle>0</BorderStyle>
		<ForeColor>0,255,0</ForeColor>
		<BackColor>0,0,0</BackColor>
	</Label>
	<Label>
		<Caption>STR::MMI::ZDelta::STEP3</Caption>
		<Name>Lab_ZDeltaStep2</Name>
		<Left>250</Left>
		<Top>415</Top>
		<Width>250</Width>
		<Height>25</Height>
		<Alignment>0</Alignment>
		<FontSize>13</FontSize>
		<BorderStyle>0</BorderStyle>
		<ForeColor>0,255,0</ForeColor>
		<BackColor>0,0,0</BackColor>
	</Label>
	<Panel>
		<Left>592</Left>
		<Top>0</Top>
		<Width>208</Width>
		<Height>470</Height>
		<BorderStyle>0</BorderStyle>
		<ForeColor>0,0,0</ForeColor>
		<BackColor>0,0,0</BackColor>
	</Panel>
	<!-- machine coordinate layout -->
	<CoordBox>
		<Name>Coord_Machine</Name>
		<Left>609</Left>
		<Top>5</Top>
		<Width>170</Width>
		<Height>145</Height>
		<Alignment>0</Alignment>
		<BorderStyle>0</BorderStyle>
		<FontSize>14</FontSize>
		<BorderColor>128,128,128</BorderColor>
		<BackColor>0,0,0</BackColor>
		<ForeColor>0,255,0</ForeColor>
		<Title>1</Title>
		<PageSize>4</PageSize>
		<CoordType>0</CoordType>
		<LForeColor>0,255,0</LForeColor>
		<LBackColor>0,0,0</LBackColor>
		<LFontSize>14</LFontSize>
		<LBorderStyle>0</LBorderStyle>
		<VForeColor>255,255,255</VForeColor>
		<VBackColor>0,0,0</VBackColor>
		<VFontSize>14</VFontSize>
		<VBorderStyle>0</VBorderStyle>
		<AxisNotHomeColor>255,255,255</AxisNotHomeColor>
		<AxisSelectedColor>255,255,255</AxisSelectedColor>
	</CoordBox>

	<!-- Relative coordinate layout -->
	<CoordBox>
		<Name>Coord_Relative</Name>
		<Left>609</Left>
		<Top>160</Top>
		<Width>170</Width>
		<Height>145</Height>
		<Alignment>0</Alignment>
		<BorderStyle>0</BorderStyle>
		<FontSize>14</FontSize>
		<BorderColor>128,128,128</BorderColor>
		<BackColor>0,0,0</BackColor>
		<ForeColor>0,255,0</ForeColor>
		<Title>1</Title>
		<PageSize>4</PageSize>
		<CoordType>1</CoordType>
		<LForeColor>0,255,0</LForeColor>
		<LBackColor>0,0,0</LBackColor>
		<LFontSize>14</LFontSize>
		<LBorderStyle>0</LBorderStyle>
		<VForeColor>255,255,255</VForeColor>
		<VBackColor>0,0,0</VBackColor>
		<VFontSize>14</VFontSize>
		<VBorderStyle>0</VBorderStyle>
		<AxisNotHomeColor>255,255,255</AxisNotHomeColor>
		<AxisSelectedColor>255,255,255</AxisSelectedColor>
	</CoordBox>
     <!-- Aux coordinate layout -->
    <Label>
		<Caption>STR::MMI::AuxCoord::Title</Caption>
		<Name>Lab_AuxTitle</Name>
		<Left>609</Left>
		<Top>315</Top>
		<Width>170</Width>
		<Height>25</Height>
		<Alignment>0</Alignment>
		<BorderStyle>0</BorderStyle>
		<FontSize>14</FontSize>
		<BorderColor>128,128,128</BorderColor>
		<BackColor>0,0,0</BackColor>
		<ForeColor>0,255,0</ForeColor>
		<BackColor>0,0,0</BackColor>
    </Label>
    <Label>
		<Caption>X</Caption>
		<Name>Lab_Rest0</Name>
		<Left>609</Left>
		<Top>355</Top>
		<Width>40</Width>
		<Height>25</Height>
		<Alignment>0</Alignment>
		<BorderStyle>0</BorderStyle>
		<FontSize>14</FontSize>
		<BorderColor>128,128,128</BorderColor>
		<BackColor>0,0,0</BackColor>
		<ForeColor>0,255,0</ForeColor>
		<BackColor>0,0,0</BackColor>
    </Label>
    <Display>
		<Name>Dis_Aux0</Name>
		<Left>644</Left>
		<Top>355</Top>
		<Width>135</Width>
		<Height>25</Height>
		<Alignment>1</Alignment>
		<FontSize>14</FontSize>
		<BorderStyle>0</BorderStyle>
		<BorderColor>128,128,128</BorderColor>
		<BackColor>0,0,0</BackColor>
		<ForeColor>255,255,255</ForeColor>
		<DisplayFormat>Long:TL</DisplayFormat>
		<DisplaySource>R1026</DisplaySource>
    </Display>
	<Label>
		<Caption>Y</Caption>
		<Name>Lab_Rest1</Name>
		<Left>609</Left>
		<Top>380</Top>
		<Width>40</Width>
		<Height>25</Height>
		<Alignment>0</Alignment>
		<BorderStyle>0</BorderStyle>
		<FontSize>14</FontSize>
		<BorderColor>128,128,128</BorderColor>
		<BackColor>0,0,0</BackColor>
		<ForeColor>0,255,0</ForeColor>
		<BackColor>0,0,0</BackColor>
	</Label>
	<Display>
		<Name>Dis_Aux1</Name>
		<Left>644</Left>
		<Top>380</Top>
		<Width>135</Width>
		<Height>25</Height>
		<Alignment>1</Alignment>
		<FontSize>14</FontSize>
		<BorderStyle>0</BorderStyle>
		<BorderColor>128,128,128</BorderColor>
		<BackColor>0,0,0</BackColor>
		<ForeColor>255,255,255</ForeColor>
		<DisplayFormat>Long:TL</DisplayFormat>
		<DisplaySource>R1029</DisplaySource>
	</Display>
	<Label>
		<Caption>Z</Caption>
		<Name>Lab_Rest2</Name>
		<Left>609</Left>
		<Top>405</Top>
		<Width>40</Width>
		<Height>25</Height>
		<Alignment>0</Alignment>
		<BorderStyle>0</BorderStyle>
		<FontSize>14</FontSize>
		<BorderColor>128,128,128</BorderColor>
		<BackColor>0,0,0</BackColor>
		<ForeColor>0,255,0</ForeColor>
		<BackColor>0,0,0</BackColor>
	</Label>
	<Display>
		<Name>Dis_Aux2</Name>
		<Left>644</Left>
		<Top>405</Top>
		<Width>135</Width>
		<Height>25</Height>
		<Alignment>1</Alignment>
		<FontSize>14</FontSize>
		<BorderStyle>0</BorderStyle>
		<BorderColor>128,128,128</BorderColor>
		<BackColor>0,0,0</BackColor>
		<ForeColor>255,255,255</ForeColor>
		<DisplayFormat>Long:TL</DisplayFormat>
		<DisplaySource>R1032</DisplaySource>
	</Display>
</Screen>
