﻿<?xml version="1.0" encoding="UTF-8"?>
<!--Created by 'eHMI'version2.2.10-->
<!--BROWSER SIZE|H:470|W:800-->
<Screen>
  <Name>SerialTuning_AT1</Name>
  <Panel>
    <Left>0</Left>
    <Top>0</Top>
    <Width>800</Width>
    <Height>470</Height>
    <Name>Panel1</Name>
    <BorderStyle>0</BorderStyle>
    <Depth>21</Depth>
    <BackColor>0,0,0</BackColor>
  </Panel>
  <Label>
    <Left>48</Left>
    <Top>58</Top>
    <Height>24</Height>
    <Width>50</Width>
    <Name>TAxis</Name>
    <FontSize>14</FontSize>
    <Alignment>0</Alignment>
    <BorderStyle>0</BorderStyle>
    <Depth>20</Depth>
    <ForeColor>0,255,0</ForeColor>
    <BackColor>0,0,0</BackColor>
    <Caption>X</Caption>
    <Wrap>True</Wrap>
  </Label>
  <Label>
    <Left>48</Left>
    <Top>32</Top>
    <Height>24</Height>
    <Width>100</Width>
    <Name>Label1</Name>
    <FontSize>14</FontSize>
    <Alignment>0</Alignment>
    <BorderStyle>0</BorderStyle>
    <Depth>19</Depth>
    <ForeColor>0,255,0</ForeColor>
    <BackColor>0,0,0</BackColor>
    <Caption>STR::Browser::AutoTuning::Label::SelectAxis</Caption>
    <Wrap>True</Wrap>
  </Label>
  <Label>
    <Left>280</Left>
    <Top>32</Top>
    <Height>150</Height>
    <Width>240</Width>
    <Name>TAction</Name>
    <FontSize>12</FontSize>
    <Alignment>3</Alignment>
    <BorderStyle>0</BorderStyle>
    <Depth>18</Depth>
    <ForeColor>0,255,0</ForeColor>
    <BackColor>0,0,0</BackColor>
    <Caption>Action Hint</Caption>
    <Wrap>True</Wrap>
  </Label>
  <Label>
    <Left>538</Left>
    <Top>32</Top>
    <Height>28</Height>
    <Width>200</Width>
    <Name>StepStart</Name>
    <FontSize>12</FontSize>
    <BorderStyle>0</BorderStyle>
    <Depth>17</Depth>
    <ForeColor>0,0,0</ForeColor>
    <BackColor>211,211,211</BackColor>
    <Caption>STR::Browser::AutoTuning::Chart::Start</Caption>
    <Wrap>True</Wrap>
  </Label>
  <Label>
    <Left>538</Left>
    <Top>87</Top>
    <Height>28</Height>
    <Width>200</Width>
    <Name>LStep1</Name>
    <FontSize>12</FontSize>
    <BorderStyle>0</BorderStyle>
    <Depth>16</Depth>
    <ForeColor>0,0,0</ForeColor>
    <BackColor>211,211,211</BackColor>
    <Caption>STR::Browser::AutoTuning::Chart::Step1</Caption>
    <Wrap>True</Wrap>
  </Label>
  <Label>
    <Left>538</Left>
    <Top>142</Top>
    <Height>28</Height>
    <Width>200</Width>
    <Name>LStep2</Name>
    <FontSize>12</FontSize>
    <BorderStyle>0</BorderStyle>
    <Depth>15</Depth>
    <ForeColor>0,0,0</ForeColor>
    <BackColor>211,211,211</BackColor>
    <Caption>STR::Browser::AutoTuning::Chart::Step2</Caption>
    <Wrap>True</Wrap>
  </Label>
  <Label>
    <Left>538</Left>
    <Top>197</Top>
    <Height>28</Height>
    <Width>200</Width>
    <Name>LStep3</Name>
    <FontSize>12</FontSize>
    <BorderStyle>0</BorderStyle>
    <Depth>14</Depth>
    <ForeColor>0,0,0</ForeColor>
    <BackColor>211,211,211</BackColor>
    <Caption>STR::Browser::AutoTuning::Chart::Step3</Caption>
    <Wrap>True</Wrap>
  </Label>
  <Label>
    <Left>538</Left>
    <Top>252</Top>
    <Height>28</Height>
    <Width>200</Width>
    <Name>LStep4</Name>
    <FontSize>12</FontSize>
    <BorderStyle>0</BorderStyle>
    <Depth>13</Depth>
    <ForeColor>0,0,0</ForeColor>
    <BackColor>211,211,211</BackColor>
    <Caption>STR::Browser::AutoTuning::Chart::Step4</Caption>
    <Wrap>True</Wrap>
  </Label>
  <Label>
    <Left>538</Left>
    <Top>307</Top>
    <Height>28</Height>
    <Width>200</Width>
    <Name>LStep5</Name>
    <FontSize>12</FontSize>
    <BorderStyle>0</BorderStyle>
    <Depth>12</Depth>
    <ForeColor>0,0,0</ForeColor>
    <BackColor>211,211,211</BackColor>
    <Caption>STR::Browser::AutoTuning::Chart::Step5</Caption>
    <Wrap>True</Wrap>
  </Label>
  <Label>
    <Left>538</Left>
    <Top>362</Top>
    <Height>28</Height>
    <Width>200</Width>
    <Name>LStep6</Name>
    <FontSize>12</FontSize>
    <BorderStyle>0</BorderStyle>
    <Depth>11</Depth>
    <ForeColor>0,0,0</ForeColor>
    <BackColor>211,211,211</BackColor>
    <Caption>STR::Browser::AutoTuning::Chart::Step6</Caption>
    <Wrap>True</Wrap>
  </Label>
  <Label>
    <Left>48</Left>
    <Top>100</Top>
    <Height>24</Height>
    <Width>100</Width>
    <Name>Label3</Name>
    <FontSize>12</FontSize>
    <Alignment>0</Alignment>
    <BorderStyle>0</BorderStyle>
    <Depth>10</Depth>
    <ForeColor>0,255,0</ForeColor>
    <BackColor>0,0,0</BackColor>
    <Caption>STR::Browser::AutoTuning::Label::LimitPos1</Caption>
    <Wrap>True</Wrap>
  </Label>
  <Label>
    <Left>160</Left>
    <Top>100</Top>
    <Height>24</Height>
    <Width>100</Width>
    <Name>Label4</Name>
    <FontSize>12</FontSize>
    <Alignment>0</Alignment>
    <BorderStyle>0</BorderStyle>
    <Depth>9</Depth>
    <ForeColor>0,255,0</ForeColor>
    <BackColor>0,0,0</BackColor>
    <Caption>STR::Browser::AutoTuning::Label::LimitPos2</Caption>
    <Wrap>True</Wrap>
  </Label>
  <Label>
    <Left>48</Left>
    <Top>126</Top>
    <Height>24</Height>
    <Width>100</Width>
    <Name>LLimit1</Name>
    <FontSize>14</FontSize>
    <Alignment>0</Alignment>
    <BorderStyle>0</BorderStyle>
    <Depth>8</Depth>
    <ForeColor>255,255,255</ForeColor>
    <BackColor>0,0,0</BackColor>
    <Caption>
    </Caption>
    <Wrap>True</Wrap>
  </Label>
  <Label>
    <Left>160</Left>
    <Top>126</Top>
    <Height>24</Height>
    <Width>100</Width>
    <Name>LLimit2</Name>
    <FontSize>14</FontSize>
    <Alignment>0</Alignment>
    <BorderStyle>0</BorderStyle>
    <Depth>7</Depth>
    <ForeColor>255,255,255</ForeColor>
    <BackColor>0,0,0</BackColor>
    <Caption>
    </Caption>
    <Wrap>True</Wrap>
  </Label>
  <Display>
    <Left>110</Left>
    <Top>58</Top>
    <Height>24</Height>
    <Width>100</Width>
    <Name>DCoord</Name>
    <FontSize>14</FontSize>
    <Alignment>0</Alignment>
    <BorderStyle>0</BorderStyle>
    <Depth>6</Depth>
    <ForeColor>255,255,255</ForeColor>
    <BackColor>0,0,0</BackColor>
  </Display>
    <Label>
    <Left>48</Left>
    <Top>238</Top>
    <Height>24</Height>
    <Width>160</Width>
    <Name>Label2</Name>
    <FontSize>12</FontSize>
    <Alignment>0</Alignment>
    <BorderStyle>0</BorderStyle>
    <Depth>1</Depth>
    <ForeColor>0,255,0</ForeColor>
    <BackColor>0,0,0</BackColor>
    <Caption>STR::Browser::AutoTuning::Opt::Related Mode</Caption>
    <Wrap>True</Wrap>
  </Label>
  <ListInput>
    <Left>48</Left>
    <Top>264</Top>
    <Height>24</Height>
    <Width>160</Width>
    <Name>P2010</Name>
    <FontSize>12</FontSize>
    <BorderStyle>0</BorderStyle>
    <Depth>0</Depth>
    <ListItems>
      <Item>
        <ItemCaption>STR::Browser::AutoTuning::Opt::ListItem::RelModeNone</ItemCaption>
        <ItemValue>0</ItemValue>
      </Item>
      <Item>
        <ItemCaption>STR::Browser::AutoTuning::Opt::ListItem::RelMode1</ItemCaption>
        <ItemValue>1</ItemValue>
      </Item>
    </ListItems>
    <MappingToRegistry>0</MappingToRegistry>
  </ListInput>
</Screen>
