﻿<?xml version="1.0" encoding="UTF-8"?>
<Screen  Type="DotNetExtension">
	<Name>AutoCenter</Name>
	<Panel>
		<Left>0</Left>
		<Top>0</Top>
		<Width>590</Width>
		<Height>470</Height>
		<ForeColor>0,0,0</ForeColor>
		<BackColor>0,0,0</BackColor>
	</Panel>
	<Label>
		<Caption>STR::MMI::AutoCenter::Title</Caption>
		<Name>Lab_Center</Name>
		<Left>16</Left>
		<Top>15</Top>
		<Width>117</Width>
		<Height>30</Height>
		<Alignment>1</Alignment>
		<FontSize>15</FontSize>
		<BorderStyle>0</BorderStyle>
		<ForeColor>255,255,255</ForeColor>
		<BackColor>0,0,0</BackColor>
	</Label>
	<Input>
		<Name>Inp_Mode</Name>
		<Value>0</Value>
		<Left>138</Left>
		<Top>15</Top>
		<Width>35</Width>
		<Height>30</Height>
		<FontSize>13</FontSize>
		<Alignment>2</Alignment>
		<BorderStyle>1</BorderStyle>
		<InputFormat>Long</InputFormat>
		<InputStorage>L4022</InputStorage>
		<InputRange>0~1</InputRange>
		<FontSize>14</FontSize>
		<ForeColor>255,255,255</ForeColor>
		<BackColor>0,0,0</BackColor>
		<EmptyVal>ignor</EmptyVal>
	</Input>
	<Label>
		<Name>Lab_ModeHint</Name>
		<Caption>STR::MMI::AutoCenter::ModeHint</Caption>
		<Left>178</Left>
		<Top>15</Top>
		<Width>180</Width>
		<Height>30</Height>
		<FontSize>15</FontSize>
		<Alignment>0</Alignment>	
		<BorderStyle>0</BorderStyle>
		<ForeColor>0,255,0</ForeColor>
		<BackColor>0,0,0</BackColor>
	</Label>
	<Input>
		<Name>Inp_OUTINMode</Name>
		<Value>0</Value>
		<Left>17</Left>
		<Top>47</Top>
		<Width>35</Width>
		<Height>30</Height>
		<FontSize>13</FontSize>
		<Alignment>2</Alignment>
		<BorderStyle>1</BorderStyle>
		<InputFormat>Long</InputFormat>
		<InputRange>0~1</InputRange>
		<FontSize>14</FontSize>
		<ForeColor>255,255,255</ForeColor>
		<BackColor>0,0,0</BackColor>
		<EmptyVal>ignor</EmptyVal>
	</Input>
	<Label>
		<Name>Lab_ModeHint</Name>
		<Caption>STR::MMI::AutoCenter::OUTINModeHint</Caption>
		<Left>52</Left>
		<Top>47</Top>
		<Width>309</Width>
		<Height>30</Height>
		<FontSize>15</FontSize>
		<Alignment>2</Alignment>	
		<BorderStyle>0</BorderStyle>
		<ForeColor>0,255,0</ForeColor>
		<BackColor>0,0,0</BackColor>
	</Label>
		
	<Picture>
		<Name>Pic_AutoCenter</Name>
		<Left>30</Left>
		<Top>82</Top>
		<Width>233</Width>
		<Height>170</Height>
		<Picture>..\Image\AUTOMID.bmp</Picture>
	</Picture>
	<Label>
		<Name>Lab_Step</Name>
		<Caption>STR::MMI::AutoCenter::OperationStep</Caption>
		<Left>15</Left>
		<Top>270</Top>
		<Width>230</Width>
		<Height>25</Height>
		<Alignment>0</Alignment>
		<FontSize>13</FontSize>
		<ForeColor>0,255,0</ForeColor>
		<BackColor>0,0,0</BackColor>
	</Label>
	<Label>
		<Name>Lab_Step1</Name>
		<Caption>STR::MMI::AutoCenter::Step1</Caption>
		<Left>15</Left>
		<Top>295</Top>
		<Width>345</Width>
		<Height>25</Height>
		<Alignment>0</Alignment>
		<FontSize>13</FontSize>
		<ForeColor>0,255,0</ForeColor>
		<BackColor>0,0,0</BackColor>
	</Label>
	<Label>
		<Name>Lab_Step2</Name>
		<Caption>STR::MMI::AutoCenter::Step2</Caption>
		<Left>15</Left>
		<Top>320</Top>
		<Width>345</Width>
		<Height>25</Height>
		<Alignment>0</Alignment>
		<FontSize>13</FontSize>
		<ForeColor>0,255,0</ForeColor>
		<BackColor>0,0,0</BackColor>
	</Label>
	<Label>
		<Name>Lab_Step3</Name>
		<Caption>STR::MMI::AutoCenter::Step3</Caption>
		<Left>15</Left>
		<Top>345</Top>
		<Width>345</Width>
		<Height>25</Height>
		<Alignment>0</Alignment>
		<FontSize>13</FontSize>
		<ForeColor>0,255,0</ForeColor>
		<BackColor>0,0,0</BackColor>
	</Label>
	<Label>
		<Name>Lab_Step4</Name>
		<Caption>STR::MMI::AutoCenter::Step4</Caption>
		<Left>15</Left>
		<Top>370</Top>
		<Width>345</Width>
		<Height>25</Height>
		<Alignment>0</Alignment>
		<FontSize>13</FontSize>
		<ForeColor>0,255,0</ForeColor>
		<BackColor>0,0,0</BackColor>
	</Label>
	<Label>
		<Name>Lab_Step5_One</Name>
		<Caption>STR::MMI::AutoCenter::Step5_One</Caption>
		<Left>15</Left>
		<Top>395</Top>
		<Width>345</Width>
		<Height>25</Height>
		<Alignment>0</Alignment>
		<FontSize>13</FontSize>
		<ForeColor>0,255,0</ForeColor>
		<BackColor>0,0,0</BackColor>
	</Label>
	<Label>
		<Name>Lab_Step5_Two</Name>
		<Caption>STR::MMI::AutoCenter::Step5_Two</Caption>
		<Left>50</Left>
		<Top>420</Top>
		<Width>230</Width>
		<Height>25</Height>
		<Alignment>0</Alignment>
		<FontSize>13</FontSize>
		<ForeColor>0,255,0</ForeColor>
		<BackColor>0,0,0</BackColor>
	</Label>
	<Label>
		<Name>Lab_MachineCoord</Name>
		<Caption>STR::MMI::AutoCenter::MachineCoord</Caption>
		<Left>360</Left>
		<Top>15</Top>
		<Width>230</Width>
		<Height>30</Height>
		<Alignment>0</Alignment>
		<FontSize>22</FontSize>
		<BorderStyle>0</BorderStyle>
		<ForeColor>0,255,0</ForeColor>
		<BackColor>0,0,0</BackColor>
	</Label>
	<Label>
		<Name>Lab_CoordPx1</Name>
		<Caption>STR::MMI::AutoCenter::Px1</Caption>
		<Left>360</Left>
		<Top>55</Top>
		<Width>90</Width>
		<Height>30</Height>
		<Alignment>0</Alignment>
		<FontSize>22</FontSize>
		<BorderStyle>0</BorderStyle>
		<ForeColor>0,255,0</ForeColor>
		<BackColor>0,0,0</BackColor>
	</Label>
	<Display>
		<Name>Lab_Px1Value</Name>
		<Left>420</Left>
		<Top>55</Top>
		<Width>150</Width>
		<Height>30</Height>
		<Alignment>1</Alignment>
		<FontSize>20</FontSize>
		<BorderStyle>0</BorderStyle>
		<BorderColor>128,128,128</BorderColor>
		<BackColor>0,0,0</BackColor>
		<ForeColor>255,255,255</ForeColor>
		<DisplayFormat>Long:TL</DisplayFormat>
		<DisplaySource>R1024</DisplaySource>
	</Display>
	<Label>
		<Name>Lab_CoordPx2</Name>
		<Caption>STR::MMI::AutoCenter::Px2</Caption>
		<Left>360</Left>
		<Top>90</Top>
		<Width>90</Width>
		<Height>30</Height>
		<Alignment>0</Alignment>
		<FontSize>22</FontSize>
		<BorderStyle>0</BorderStyle>
		<ForeColor>0,255,0</ForeColor>
		<BackColor>0,0,0</BackColor>
	</Label>
	<Display>
		<Name>Lab_Px2Value</Name>
		<Left>420</Left>
		<Top>90</Top>
		<Width>150</Width>
		<Height>30</Height>
		<Alignment>1</Alignment>
		<FontSize>20</FontSize>
		<BorderStyle>0</BorderStyle>
		<BorderColor>128,128,128</BorderColor>
		<BackColor>0,0,0</BackColor>
		<ForeColor>255,255,255</ForeColor>
		<DisplayFormat>Long:TL</DisplayFormat>
		<DisplaySource>R1025</DisplaySource>
	</Display>
	<Label>
		<Name>Lab_CoordPxm</Name>
		<Caption>STR::MMI::AutoCenter::Pxm</Caption>
		<Left>360</Left>
		<Top>125</Top>
		<Width>90</Width>
		<Height>30</Height>
		<Alignment>0</Alignment>
		<FontSize>22</FontSize>
		<BorderStyle>0</BorderStyle>
		<ForeColor>0,255,0</ForeColor>
		<BackColor>0,0,0</BackColor>
	</Label>
	<Display>
		<Name>Lab_PxmValue</Name>
		<Left>420</Left>
		<Top>125</Top>
		<Width>150</Width>
		<Height>30</Height>
		<Alignment>1</Alignment>
		<FontSize>20</FontSize>
		<BorderStyle>0</BorderStyle>
		<BorderColor>128,128,128</BorderColor>
		<BackColor>0,0,0</BackColor>
		<ForeColor>255,255,255</ForeColor>
		<DisplayFormat>Long:TL</DisplayFormat>
		<DisplaySource>R1026</DisplaySource>
	</Display>
	<Label>
		<Name>Lab_CoordPy1</Name>
		<Caption>STR::MMI::AutoCenter::Py1</Caption>
		<Left>360</Left>
		<Top>160</Top>
		<Width>90</Width>
		<Height>30</Height>
		<Alignment>0</Alignment>
		<FontSize>22</FontSize>
		<BorderStyle>0</BorderStyle>
		<ForeColor>0,255,0</ForeColor>
		<BackColor>0,0,0</BackColor>
	</Label>
	<Display>
		<Name>Lab_Py1Value</Name>
		<Left>420</Left>
		<Top>160</Top>
		<Width>150</Width>
		<Height>30</Height>
		<Alignment>1</Alignment>
		<FontSize>20</FontSize>
		<BorderStyle>0</BorderStyle>
		<BorderColor>128,128,128</BorderColor>
		<BackColor>0,0,0</BackColor>
		<ForeColor>255,255,255</ForeColor>
		<DisplayFormat>Long:TL</DisplayFormat>
		<DisplaySource>R1027</DisplaySource>
	</Display>
	<Label>
		<Name>Lab_CoordPy2</Name>
		<Caption>STR::MMI::AutoCenter::Py2</Caption>
		<Left>360</Left>
		<Top>195</Top>
		<Width>90</Width>
		<Height>30</Height>
		<Alignment>0</Alignment>
		<FontSize>22</FontSize>
		<BorderStyle>0</BorderStyle>
		<ForeColor>0,255,0</ForeColor>
		<BackColor>0,0,0</BackColor>
	</Label>
	<Display>
		<Name>Lab_Py2Value</Name>
		<Left>420</Left>
		<Top>195</Top>
		<Width>150</Width>
		<Height>30</Height>
		<Alignment>1</Alignment>
		<FontSize>20</FontSize>
		<BorderStyle>0</BorderStyle>
		<BorderColor>128,128,128</BorderColor>
		<BackColor>0,0,0</BackColor>
		<ForeColor>255,255,255</ForeColor>
		<DisplayFormat>Long:TL</DisplayFormat>
		<DisplaySource>R1028</DisplaySource>
	</Display>
	<Label>
		<Name>Lab_CoordPym</Name>
		<Caption>STR::MMI::AutoCenter::Pym</Caption>
		<Left>360</Left>
		<Top>230</Top>
		<Width>90</Width>
		<Height>30</Height>
		<Alignment>0</Alignment>
		<FontSize>22</FontSize>
		<BorderStyle>0</BorderStyle>
		<ForeColor>0,255,0</ForeColor>
		<BackColor>0,0,0</BackColor>
	</Label>
	<Display>
		<Name>Lab_PymValue</Name>
		<Left>420</Left>
		<Top>230</Top>
		<Width>150</Width>
		<Height>30</Height>
		<Alignment>1</Alignment>
		<FontSize>20</FontSize>
		<BorderStyle>0</BorderStyle>
		<BorderColor>128,128,128</BorderColor>
		<BackColor>0,0,0</BackColor>
		<ForeColor>255,255,255</ForeColor>
		<DisplayFormat>Long:TL</DisplayFormat>
		<DisplaySource>R1029</DisplaySource>
	</Display>
	<Label>
		<Name>Lab_ParameterTitle</Name>
		<Caption>STR::MMI::AutoCenter::InputTitle</Caption>
		<Left>360</Left>
		<Top>270</Top>
		<Width>200</Width>
		<Height>30</Height>
		<Alignment>0</Alignment>
		<FontSize>13</FontSize>
		<ForeColor>0,255,0</ForeColor>
		<BackColor>0,0,0</BackColor>
	</Label>
	<Label>
		<Name>Lab_Length</Name>
		<Caption>STR::MMI::AutoCenter::LengthI</Caption>
		<Left>360</Left>
		<Top>300</Top>
		<Width>100</Width>
		<Height>30</Height>
		<Alignment>0</Alignment>
		<FontSize>13</FontSize>
		<ForeColor>0,255,0</ForeColor>
		<BackColor>0,0,0</BackColor>
	</Label>
	<Input>
		<Name>Inp_Length</Name>
		<Left>460</Left>
		<Top>300</Top>
		<Width>100</Width>
		<Height>30</Height>
		<Alignment>2</Alignment>
		<FontSize>13</FontSize>
		<ForeColor>255,255,255</ForeColor>
		<BackColor>0,0,0</BackColor>
		<BorderStyle>0</BorderStyle>
		<InputFormat>Double:L</InputFormat>
		<EmptyVal>ignor</EmptyVal>
	</Input>
	<Label>
		<Name>Lab_Width</Name>
		<Caption>STR::MMI::AutoCenter::WidthJ</Caption>
		<Left>360</Left>
		<Top>330</Top>
		<Width>100</Width>
		<Height>30</Height>
		<Alignment>0</Alignment>
		<FontSize>13</FontSize>
		<ForeColor>0,255,0</ForeColor>
		<BackColor>0,0,0</BackColor>
	</Label>
	<Input>
		<Name>Inp_Width</Name>
		<Left>460</Left>
		<Top>330</Top>
		<Width>100</Width>
		<Height>30</Height>
		<Alignment>2</Alignment>
		<FontSize>13</FontSize>
		<ForeColor>255,255,255</ForeColor>
		<BackColor>0,0,0</BackColor>
		<BorderStyle>0</BorderStyle>
		<InputFormat>Double:L</InputFormat>
		<EmptyVal>ignor</EmptyVal>
	</Input>
	<Label>
		<Name>Lab_SafeDistance</Name>
		<Caption>STR::MMI::AutoCenter::DistanceH</Caption>
		<Left>360</Left>
		<Top>360</Top>
		<Width>100</Width>
		<Height>30</Height>
		<Alignment>0</Alignment>
		<FontSize>13</FontSize>
		<ForeColor>0,255,0</ForeColor>
		<BackColor>0,0,0</BackColor>
	</Label>
	<Input>
		<Name>Inp_SafeDistance</Name>
		<Left>460</Left>
		<Top>360</Top>
		<Width>100</Width>
		<Height>30</Height>
		<Alignment>2</Alignment>
		<FontSize>13</FontSize>
		<ForeColor>255,255,255</ForeColor>
		<BackColor>0,0,0</BackColor>
		<BorderStyle>0</BorderStyle>
		<InputFormat>Double:L</InputFormat>
		<EmptyVal>ignor</EmptyVal>
	</Input>
	<Label>
		<Name>Lab_Feedrate</Name>
		<Caption>STR::MMI::AutoCenter::FeedrateF</Caption>
		<Left>360</Left>
		<Top>390</Top>
		<Width>100</Width>
		<Height>30</Height>
		<Alignment>0</Alignment>
		<FontSize>13</FontSize>
		<ForeColor>0,255,0</ForeColor>
		<BackColor>0,0,0</BackColor>
	</Label>
	<Input>
		<Name>Inp_Feedrate</Name>
		<Left>460</Left>
		<Top>390</Top>
		<Width>100</Width>
		<Height>30</Height>
		<Alignment>2</Alignment>
		<FontSize>13</FontSize>
		<ForeColor>255,255,255</ForeColor>
		<BackColor>0,0,0</BackColor>
		<BorderStyle>0</BorderStyle>
		<InputFormat>Double:L</InputFormat>
		<EmptyVal>ignor</EmptyVal>
	</Input>
	<Label>
		<Name>Lab_ZCoord</Name>
		<Caption>STR::MMI::AutoCenter::ZCoord</Caption>
		<Left>360</Left>
		<Top>420</Top>
		<Width>100</Width>
		<Height>30</Height>
		<Alignment>0</Alignment>
		<FontSize>13</FontSize>
		<ForeColor>0,255,0</ForeColor>
		<BackColor>0,0,0</BackColor>
	</Label>
	<Input>
		<Name>Inp_ZCoord</Name>
		<Left>460</Left>
		<Top>420</Top>
		<Width>100</Width>
		<Height>30</Height>
		<Alignment>2</Alignment>
		<FontSize>13</FontSize>
		<ForeColor>255,255,255</ForeColor>
		<BackColor>0,0,0</BackColor>
		<BorderStyle>0</BorderStyle>
		<InputFormat>Double:L</InputFormat>
		<EmptyVal>ignor</EmptyVal>
	</Input>
    <Panel>
		<Left>592</Left>
		<Top>0</Top>
		<Width>208</Width>
		<Height>470</Height>
		<ForeColor>0,0,0</ForeColor>
		<BackColor>0,0,0</BackColor>
    </Panel>
    <!-- machine coordinate layout -->
    <CoordBox>
		<Left>609</Left>
		<Top>5</Top>
		<Width>170</Width>
		<Height>145</Height>
		<Name>Coord_Machine</Name>
		<FontSize>14</FontSize>
		<Alignment>0</Alignment>
		<BorderStyle>0</BorderStyle>
		<Depth>4</Depth>
		<ForeColor>0,255,0</ForeColor>
		<BackColor>0,0,0</BackColor>
		<PageSize>4</PageSize>
		<Title>1</Title>
		<LForeColor>0,255,0</LForeColor>
		<LBackColor>0,0,0</LBackColor>
		<LFontSize>14</LFontSize>
		<LBorderStyle>0</LBorderStyle>
		<VForeColor>255,255,255</VForeColor>
		<VBackColor>0,0,0</VBackColor>
		<VFontSize>14</VFontSize>
		<VBorderStyle>0</VBorderStyle>
		<AxisNotHomeColor>255,255,255</AxisNotHomeColor>
		<AxisSelectedColor>255,255,255</AxisSelectedColor>
    </CoordBox>
    <!-- Relative coordinate layout -->
    <CoordBox>
		<Left>609</Left>
		<Top>160</Top>
		<Width>170</Width>
		<Height>145</Height>
		<Name>Coord_Relative</Name>
		<FontSize>14</FontSize>
		<Alignment>0</Alignment>
		<BorderStyle>0</BorderStyle>
		<Depth>2</Depth>
		<ForeColor>0,255,0</ForeColor>
		<BackColor>0,0,0</BackColor>
		<PageSize>4</PageSize>
		<Title>1</Title>
		<CoordType>1</CoordType>
		<LForeColor>0,255,0</LForeColor>
		<LBackColor>0,0,0</LBackColor>
		<LFontSize>14</LFontSize>
		<LBorderStyle>0</LBorderStyle>
		<VForeColor>255,255,255</VForeColor>
		<VBackColor>0,0,0</VBackColor>
		<VFontSize>14</VFontSize>
		<VBorderStyle>0</VBorderStyle>
		<AxisNotHomeColor>255,255,255</AxisNotHomeColor>
		<AxisSelectedColor>255,255,255</AxisSelectedColor>
    </CoordBox>
     <!-- Aux coordinate layout -->
    <Label>
		<Caption>STR::MMI::AuxCoord::Title</Caption>
		<Name>Lab_AuxTitle</Name>
		<Left>609</Left>
		<Top>315</Top>
		<Width>170</Width>
		<Height>25</Height>
		<Alignment>0</Alignment>
		<BorderStyle>0</BorderStyle>
		<FontSize>14</FontSize>
		<BorderColor>128,128,128</BorderColor>
		<BackColor>0,0,0</BackColor>
		<ForeColor>0,255,0</ForeColor>
		<BackColor>0,0,0</BackColor>
    </Label>
    <Label>
		<Caption>X</Caption>
		<Name>Lab_Rest0</Name>
		<Left>609</Left>
		<Top>355</Top>
		<Width>40</Width>
		<Height>25</Height>
		<Alignment>0</Alignment>
		<BorderStyle>0</BorderStyle>
		<FontSize>14</FontSize>
		<BorderColor>128,128,128</BorderColor>
		<BackColor>0,0,0</BackColor>
		<ForeColor>0,255,0</ForeColor>
		<BackColor>0,0,0</BackColor>
    </Label>
    <Display>
		<Name>Dis_Aux0</Name>
		<Left>644</Left>
		<Top>355</Top>
		<Width>135</Width>
		<Height>25</Height>
		<Alignment>1</Alignment>
		<FontSize>14</FontSize>
		<BorderStyle>0</BorderStyle>
		<BorderColor>128,128,128</BorderColor>
		<BackColor>0,0,0</BackColor>
		<ForeColor>255,255,255</ForeColor>
		<DisplayFormat>Long:TL</DisplayFormat>
		<DisplaySource>R1026</DisplaySource>
    </Display>
	<Label>
		<Caption>Y</Caption>
		<Name>Lab_Rest1</Name>
		<Left>609</Left>
		<Top>380</Top>
		<Width>40</Width>
		<Height>25</Height>
		<Alignment>0</Alignment>
		<BorderStyle>0</BorderStyle>
		<FontSize>14</FontSize>
		<BorderColor>128,128,128</BorderColor>
		<BackColor>0,0,0</BackColor>
		<ForeColor>0,255,0</ForeColor>
		<BackColor>0,0,0</BackColor>
	</Label>
	<Display>
		<Name>Dis_Aux1</Name>
		<Left>644</Left>
		<Top>380</Top>
		<Width>135</Width>
		<Height>25</Height>
		<Alignment>1</Alignment>
		<FontSize>14</FontSize>
		<BorderStyle>0</BorderStyle>
		<BorderColor>128,128,128</BorderColor>
		<BackColor>0,0,0</BackColor>
		<ForeColor>255,255,255</ForeColor>
		<DisplayFormat>Long:TL</DisplayFormat>
		<DisplaySource>R1029</DisplaySource>
	</Display>
	<Label>
		<Caption>Z</Caption>
		<Name>Lab_Rest2</Name>
		<Left>609</Left>
		<Top>405</Top>
		<Width>40</Width>
		<Height>25</Height>
		<Alignment>0</Alignment>
		<BorderStyle>0</BorderStyle>
		<FontSize>14</FontSize>
		<BorderColor>128,128,128</BorderColor>
		<BackColor>0,0,0</BackColor>
		<ForeColor>0,255,0</ForeColor>
		<BackColor>0,0,0</BackColor>
	</Label>
	<Display>
		<Name>Dis_Aux2</Name>
		<Left>644</Left>
		<Top>405</Top>
		<Width>135</Width>
		<Height>25</Height>
		<Alignment>1</Alignment>
		<FontSize>14</FontSize>
		<BorderStyle>0</BorderStyle>
		<BorderColor>128,128,128</BorderColor>
		<BackColor>0,0,0</BackColor>
		<ForeColor>255,255,255</ForeColor>
		<DisplayFormat>Long:TL</DisplayFormat>
		<DisplaySource>R1032</DisplaySource>
	</Display>
</Screen>
