﻿<?xml version="1.0" encoding="UTF-8"?>
<Screen>
	<Name>Backgnd_Layout</Name>

	<!--  Backgnd layout setting -->
	<Panel>
		<Name>Pan_Backgnd</Name>
		<Left>0</Left>
		<Top>0</Top>
		<Width>800</Width>
		<Height>550</Height>
		<BorderStyle>1</BorderStyle>
		<BorderColor>128,128,128</BorderColor>
		<ForeColor>0,0,0</ForeColor>
		<BackColor>255,255,255</BackColor>
	</Panel>
	<Panel>
		<Name>Pan_BackBone</Name>
		<Left>0</Left>
		<Top>30</Top>
		<Width>800</Width>
		<Height>470</Height>
		<BorderStyle>1</BorderStyle>
		<BorderColor>255,255,255</BorderColor>
		<BackColor>0,0,0</BackColor>
	</Panel>
	<Panel>
		<Name>Pan_FenuBar</Name>
		<Left>1</Left>
		<Top>551</Top>
		<Width>800</Width>
		<Height>45</Height>
		<BorderStyle>0</BorderStyle>
		<BorderColor>255,255,255</BorderColor>
		<ForeColor>0,0,0</ForeColor>
	</Panel>

	<Panel>
		<Name>Pan_Status</Name>
		<Left>0</Left>
		<Top>500</Top>
		<Width>800</Width>
		<Height>50</Height>
		<BorderStyle>0</BorderStyle>
		<BorderColor>255,255,255</BorderColor>
		<BackColor>128,128,128</BackColor>
	</Panel>
	<Label>
		<Caption></Caption>
		<Name>Lab_BorderT</Name>
		<Left>0</Left>
		<Top>0</Top>
		<Width>800</Width>
		<Height>2</Height>
		<BorderStyle>1</BorderStyle>
		<BorderColor>255,255,255</BorderColor>
	</Label>

	<!--  Backgnd Title layout setting -->
	<Panel>
		<Left>0</Left>
		<Top>0</Top>
		<Width>800</Width>
		<Height>30</Height>
		<BorderStyle>1</BorderStyle>
		<BorderColor>255,255,255</BorderColor>
		<ForeColor>0,0,0</ForeColor>
		<BackColor>192,192,192</BackColor>
	</Panel>
	<Label> 
		<Name>Lab_WorkPiece</Name>
		<Left>0</Left>
		<Top>0</Top>
		<Height>30</Height>
		<Width>50</Width>
		<BorderStyle>1</BorderStyle>
		<FontSize>12</FontSize>
		<Alignment>2</Alignment>
		<BorderColor>255,255,255</BorderColor>
		<ForeColor>0,0,0</ForeColor>
		<BackColor>192,192,192</BackColor>
	</Label>
	<Label>
		<Caption></Caption>
		<Name>Lab_ProgTitle</Name>
		<Left>50</Left>
		<Top>0</Top>
		<Width>270</Width>
		<Height>30</Height>
		<Alignment>1</Alignment>
		<BorderStyle>1</BorderStyle>
		<FontSize>12</FontSize>
		<BorderColor>255,255,255</BorderColor>
		<ForeColor>0,0,0</ForeColor>
		<BackColor>192,192,192</BackColor>
	</Label>
	<Label>
		<Caption></Caption>
		<Name>Lab_ScreenTitle</Name>
		<Left>320</Left>
		<Top>0</Top>
		<Width>200</Width>
		<Height>30</Height>
		<Alignment>2</Alignment>
		<BorderStyle>1</BorderStyle>
		<FontSize>12</FontSize>
		<BorderColor>255,255,255</BorderColor>
		<ForeColor>0,0,0</ForeColor>
		<BackColor>192,192,192</BackColor>
	</Label>
	<Label>
		<Caption></Caption>
		<Name>Lab_Date</Name>
		<Left>520</Left>
		<Top>0</Top>
		<Width>140</Width>
		<Height>30</Height>
		<Alignment>2</Alignment>
		<FontSize>12</FontSize>
		<BorderStyle>1</BorderStyle>
		<BorderColor>255,255,255</BorderColor>
		<ForeColor>0,0,0</ForeColor>
		<BackColor>192,192,192</BackColor>
	</Label>
	<Label>
		<Caption></Caption>
		<Name>Lab_Time</Name>
		<Left>660</Left>
		<Top>0</Top>
		<Width>140</Width>
		<Height>30</Height>
		<Alignment>2</Alignment>
		<FontSize>12</FontSize>
		<BorderStyle>1</BorderStyle>
		<BorderColor>255,255,255</BorderColor>
		<ForeColor>0,0,0</ForeColor>
		<BackColor>192,192,192</BackColor>
	</Label>


	<!--  Backgnd Status layout setting -->
	<Inputline>
		<Name>Inl_Inputbox</Name>
		<Left>0</Left>
		<Top>500</Top>
		<Height>25</Height>
		<Width>400</Width>
		<Alignment>0</Alignment>
		<BorderStyle>1</BorderStyle>
		<BorderColor>255,255,255</BorderColor>
		<ForeColor>0,0,0</ForeColor>
		<FontSize>12</FontSize>
		<ForeColor>255,255,255</ForeColor>
		<BackColor>0,0,255</BackColor>
	</Inputline>
	<Label Role="HintLabel">
		<Caption></Caption>
		<Name>Lab_Hint</Name>
		<Left>0</Left>
		<Top>525</Top>
		<Height>25</Height>
		<Width>400</Width>
		<Alignment>0</Alignment>
		<FontSize>10</FontSize>
		<BorderStyle>1</BorderStyle>
		<BorderColor>255,255,255</BorderColor>
		<ForeColor>0,0,0</ForeColor>
		<BackColor>0,200,0</BackColor>
	</Label>
	<Display>
		<Caption>STR::MMI::Status::Stop</Caption>
		<Name>Lab_Status</Name>
		<Left>410</Left>
		<Top>502</Top>
		<Width>80</Width>
		<Height>46</Height>
		<Alignment>2</Alignment>
		<FontSize>13</FontSize>
		<BorderStyle>0</BorderStyle>
		<BorderColor>255,255,255</BorderColor>
		<ForeColor>0,255,0</ForeColor>
		<BackColor>0,128,128</BackColor>
		<DisplayFormat>Long</DisplayFormat>
		<DisplaySource>K4</DisplaySource>
		<ListItems>
			<Item Id="0">
				<Caption>STR::MMI::Status::NotReady</Caption>
				<ForeColor>0,255,0</ForeColor>
			</Item>
			<Item Id="1">
				<Caption>STR::MMI::Status::Ready</Caption>
				<ForeColor>0,255,0</ForeColor>
			</Item>
			<Item Id="2">
				<Caption>STR::MMI::Status::Busy</Caption>
				<ForeColor>255,0,0</ForeColor>
			</Item>
			<Item Id="3">
				<Caption>STR::MMI::Status::FeedHold</Caption>
				<ForeColor>0,255,0</ForeColor>
			</Item>
			<Item Id="4">
				<Caption>STR::MMI::Status::B_Stop</Caption>
				<ForeColor>255,255,0</ForeColor>
			</Item>
		</ListItems>
	</Display>
	<Display>
		<Name>Lab_Mode</Name>
		<Left>500</Left>
		<Top>502</Top>
		<Width>80</Width>
		<Height>46</Height>
		<Alignment>2</Alignment>
		<FontSize>13</FontSize>
		<BorderStyle>0</BorderStyle>
		<BorderColor>255,255,255</BorderColor>
		<ForeColor>0,255,0</ForeColor>
		<BackColor>0,128,128</BackColor>
		<DisplayFormat>Long</DisplayFormat>
		<DisplaySource>K5</DisplaySource>
		<ListItems>
			<Item Id="0">
				<Caption>STR::MMI::Mode::NotSelect</Caption>
			</Item>
			<Item Id="1">
				<Caption>STR::MMI::Mode::Edit</Caption>
			</Item>
			<Item Id="2">
				<Caption>STR::MMI::Mode::Auto</Caption>
			</Item>
			<Item Id="3">
				<Caption>STR::MMI::Mode::Mdi</Caption>
			</Item>
			<Item Id="4">
				<Caption>STR::MMI::Mode::Jog</Caption>
			</Item>
			<Item Id="5">
				<Caption>STR::MMI::Mode::IncJog</Caption>
			</Item>
			<Item Id="6">
				<Caption>STR::MMI::Mode::Mpg</Caption>
			</Item>
			<Item Id="7">
				<Caption>STR::MMI::Mode::Home</Caption>
			</Item>
		</ListItems>
	</Display>
	<Label>
		<Caption></Caption>
		<Name>Tcp_Mode</Name>
		<Left>590</Left>
		<Top>502</Top>
		<Width>80</Width>
		<Height>46</Height>
		<Alignment>2</Alignment>
		<FontSize>10</FontSize>
		<BorderStyle>0</BorderStyle>
		<BorderColor>255,255,255</BorderColor>
		<ForeColor>0,255,0</ForeColor>
		<BackColor>0,128,128</BackColor>
		<DisplayFormat>String</DisplayFormat>
	</Label>
	<Label>
		<Caption>STR::MMI::Status::Alarm</Caption>
		<Name>Lab_Alarm</Name>
		<Top>500</Top>
		<Height>50</Height>		
		<Left>720</Left>
		<Width>80</Width>
		<Alignment>2</Alignment>
		<FontSize>15</FontSize>
		<BorderStyle>1</BorderStyle>
		<BorderColor>0,0,0</BorderColor>
		<ForeColor>0,0,0</ForeColor>
		<BackColor>255,0,0</BackColor>
	</Label>
</Screen>
