﻿<?xml version="1.0" encoding="UTF-8"?>
<Screen>
	<Name>Setting</Name>
	<Panel>
		<Name>Pan_Back</Name>
		<Caption></Caption>
		<Top>0</Top>
		<Left>0</Left>
		<Width>680</Width>
		<Height>435</Height>
		<BorderStyle>1</BorderStyle>
		<BackColor>218,255,177</BackColor>
	</Panel>
	<Label>
		<Name>Lab_Title</Name>
		<Caption>STR::Electronic BallBar</Caption>
		<Left>210</Left>
		<Top>24</Top>
		<Width>224</Width>
		<Height>32</Height>
		<Alignment>2</Alignment>
		<FontSize>15</FontSize>
		<BackColor>218,255,177</BackColor>
		<ForeColor>0,0,0</ForeColor>
	</Label>
        <Label>
		<Name>Lab_Radius</Name>
		<Caption>STR::Radius=</Caption>
		<Left>30</Left>
		<Top>96</Top>
		<Width>110</Width>
		<Height>23</Height>
		<Alignment>0</Alignment>
		<FontSize>12</FontSize>
		<ForeColor>0,0,0</ForeColor>
		<BackColor>218,255,177</BackColor>
	</Label>
        <Label>
		<Name>Lab_mm</Name>
		<Caption>mm</Caption>
		<Left>296</Left>
		<Top>96</Top>
		<Width>32</Width>
		<Height>23</Height>
		<Alignment>0</Alignment>
		<FontSize>12</FontSize>
		<ForeColor>0,0,0</ForeColor>
		<BackColor>218,255,177</BackColor>
	</Label>
        <Label>
		<Name>Lab_Feedrate</Name>
		<Caption>STR::Feedrate=</Caption>
		<Left>344</Left>
		<Top>96</Top>
		<Width>80</Width>
		<Height>23</Height>
		<Alignment>0</Alignment>
		<FontSize>12</FontSize>
		<ForeColor>0,0,0</ForeColor>
		<BackColor>218,255,177</BackColor>
	</Label>
        <Label>
		<Name>Lab_mim</Name>
		<Caption>mm/min</Caption>
		<Left>616</Left>
		<Top>96</Top>
		<Width>64</Width>
		<Height>23</Height>
		<Alignment>0</Alignment>
		<FontSize>12</FontSize>
		<ForeColor>0,0,0</ForeColor>
		<BackColor>218,255,177</BackColor>
	</Label>
        <Label>
		<Name>Lab_WorkPlane</Name>
		<Caption>STR::Work Plane</Caption>
		<Left>30</Left>
		<Top>184</Top>
		<Width>96</Width>
		<Height>23</Height>
		<Alignment>0</Alignment>
		<FontSize>12</FontSize>
		<ForeColor>0，0，0</ForeColor>
		<BackColor>218,255,177</BackColor>
	</Label>
        <Label>
		<Name>Lab_Data_Source</Name>
		<Caption>STR::Data Source</Caption>
		<Left>344</Left>
		<Top>184</Top>
		<Width>100</Width>
		<Height>23</Height>
		<Alignment>0</Alignment>
		<FontSize>12</FontSize>
		<ForeColor>0,0,0</ForeColor>
		<BackColor>218,255,177</BackColor>
	</Label>
        <Label>
		<Name>Lab_SampleTime</Name>
		<Caption>STR::TimeBase=</Caption>
          <Left>30</Left>
          <Top>360</Top>
		<Width>110</Width>
		<Height>23</Height>
		<Alignment>0</Alignment>
		<FontSize>12</FontSize>
		<ForeColor>0,0,0</ForeColor>
		<BackColor>218,255,177</BackColor>
	</Label>
    <Label>
		<Name>Lab_TimeBase</Name>
		<Caption>TimeBase</Caption>
    <Left>154</Left>
		<Top>360</Top>
		<Width>70</Width>
		<Height>23</Height>
		<Alignment>0</Alignment>
		<FontSize>12</FontSize>
		<ForeColor>0,0,0</ForeColor>
		<BackColor>218,255,177</BackColor>
	</Label>
	<Label>
		<Name>Lab_mm</Name>
		<Caption>us</Caption>
		<Left>296</Left>
		<Top>360</Top>
		<Width>60</Width>
		<Height>23</Height>
		<Alignment>0</Alignment>
		<FontSize>12</FontSize>
		<ForeColor>0,0,0</ForeColor>
		<BackColor>218,255,177</BackColor>
	</Label>
    <Input>
		<Name>Inp_Radius</Name>
		<Value>10</Value>
		<Top>96</Top>
		<Left>154</Left>
		<Width>140</Width>
		<Height>23</Height>
		<Alignment>0</Alignment>
		<BorderStyle>1</BorderStyle>
		<InputFormat>Long</InputFormat>
		<FontSize>11</FontSize>
		<ForeColor>0,0,0</ForeColor>
		<BackColor>255,255,255</BackColor>
	</Input>
    <Input>
		<Name>Inp_Feedrate</Name>
		<Value>2000</Value>
		<Top>96</Top>
		<Left>474</Left>
		<Width>140</Width>
		<Height>23</Height>
		<Alignment>0</Alignment>
		<BorderStyle>1</BorderStyle>
		<InputFormat>Long</InputFormat>
		<FontSize>11</FontSize>
		<ForeColor>0,0,0</ForeColor>
		<BackColor>255,255,255</BackColor>
	</Input>
    <ListInput>
		<Name>Inp_Work_Plane</Name>
		<Top>184</Top>
		<Left>154</Left>
		<Width>140</Width>
		<Height>23</Height>
		<Alignment>0</Alignment>
		<FontSize>11</FontSize>
		<BorderStyle>1</BorderStyle>
		<InputFormat>String</InputFormat>
		<ForeColor>0,0,0</ForeColor>
		<BackColor>255,255,255</BackColor>
		<ListItems>
			<Item>
				<ItemCaption>XY</ItemCaption>
				<ItemValue>0</ItemValue>
			</Item>
			<Item>
				<ItemCaption>YZ</ItemCaption>
				<ItemValue>1</ItemValue>
			</Item>
			<Item>
				<ItemCaption>ZX</ItemCaption>
				<ItemValue>2</ItemValue>
			</Item>
		</ListItems>
	</ListInput>
        <ListInput>
		<Name>Inp_Data_Source</Name>
		<Top>184</Top>
		<Left>474</Left>
		<Width>140</Width>
		<Height>23</Height>
		<Alignment>0</Alignment>
		<FontSize>11</FontSize>
		<BorderStyle>1</BorderStyle>
		<InputFormat>String</InputFormat>
		<ForeColor>0,0,0</ForeColor>
		<BackColor>255,255,255</BackColor>
		<ListItems>
            <Item>
				<ItemCaption>AbsoluterCounter</ItemCaption>
				<ItemValue>0</ItemValue>
			</Item>
            <Item>
				<ItemCaption>DualAbsoluterCounter</ItemCaption>
				<ItemValue>1</ItemValue>
			</Item>
		</ListItems>
	</ListInput>

	<Label>
		<Name>Lab_x_coordinate</Name>
		<Caption>X</Caption>
    <Left>30</Left>
    <Top>272</Top>
		<Width>12</Width>
		<Height>23</Height>
		<Alignment>0</Alignment>
		<FontSize>12</FontSize>
		<ForeColor>0,0,0</ForeColor>
		<BackColor>218,255,177</BackColor>
	</Label>
  <Label>
		<Caption>STR::Axis_coordinate</Caption>
    <Left>42</Left>
    <Top>272</Top>
		<Width>118</Width>
		<Height>23</Height>
		<Alignment>0</Alignment>
		<FontSize>12</FontSize>
		<ForeColor>0,0,0</ForeColor>
		<BackColor>218,255,177</BackColor>
	</Label>
	<Input>
		<Name>Inp_x_coordinate</Name>
		<Value>0</Value>
		<Top>272</Top>
		<Left>154</Left>
		<Width>140</Width>
		<Height>23</Height>
		<Alignment>0</Alignment>
		<BorderStyle>1</BorderStyle>
		<InputFormat>Double:3F</InputFormat>
		<FontSize>11</FontSize>
		<ForeColor>0,0,0</ForeColor>
		<BackColor>255,255,255</BackColor>
	</Input>
	<Label>
		<Name>Lab_mm</Name>
		<Caption>mm</Caption>
		<Left>296</Left>
		<Top>272</Top>
		<Width>30</Width>
		<Height>23</Height>
		<Alignment>0</Alignment>
		<FontSize>12</FontSize>
		<ForeColor>0,0,0</ForeColor>
		<BackColor>218,255,177</BackColor>
	</Label>
	<Label>
		<Name>Lab_y_coordinate</Name>
		<Caption>Y</Caption>
    <Left>344</Left>
    <Top>272</Top>
		<Width>12</Width>
		<Height>23</Height>
		<Alignment>0</Alignment>
		<FontSize>12</FontSize>
		<ForeColor>0,0,0</ForeColor>
		<BackColor>218,255,177</BackColor>
	</Label>
	<Label>
		<Caption>STR::Axis_coordinate</Caption>
    <Left>356</Left>
    <Top>272</Top>
		<Width>118</Width>
		<Height>23</Height>
		<Alignment>0</Alignment>
		<FontSize>12</FontSize>
		<ForeColor>0,0,0</ForeColor>
		<BackColor>218,255,177</BackColor>
	</Label>
	<Input>
		<Name>Inp_y_coordinate</Name>
		<Value>0</Value>
		<Top>272</Top>
		<Left>474</Left>
		<Width>140</Width>
		<Height>23</Height>
		<Alignment>0</Alignment>
		<BorderStyle>1</BorderStyle>
		<InputFormat>Double:3F</InputFormat>
		<FontSize>11</FontSize>
		<ForeColor>0,0,0</ForeColor>
		<BackColor>255,255,255</BackColor>
	</Input>
	<Label>
		<Name>Lab_mm</Name>
		<Caption>mm</Caption>
		<Left>614</Left>
		<Top>272</Top>
		<Width>30</Width>
		<Height>23</Height>
		<Alignment>0</Alignment>
		<FontSize>12</FontSize>
		<ForeColor>0,0,0</ForeColor>
		<BackColor>218,255,177</BackColor>
	</Label>
</Screen>

