﻿<?xml version="1.0" encoding="UTF-8"?>
<Screen>
	<Name>BallBar</Name>
	<Panel>
		<Name>Pan_Back</Name>
		<Caption></Caption>
		<Top>0</Top>
		<Left>0</Left>
		<Width>305</Width>
		<Height>390</Height>
		<BackColor>218,255,177</BackColor>
	</Panel>
	<Label>
		<Name>Lab_Title</Name>
		<Caption>STR::Electronic BallBar</Caption>
		<Left>30</Left>
		<Top>4</Top>
		<Width>180</Width>
		<Height>23</Height>
		<Alignment>2</Alignment>
		<FontSize>12</FontSize>
		<BackColor>218,255,177</BackColor>
		<ForeColor>0,0,0</ForeColor>
	</Label>
	<Label>
		<Name>Lab_Resolution</Name>
		<Caption>STR::Resolution</Caption>
		<Left>3</Left>
		<Top>34</Top>
		<Width>88</Width>
		<Height>23</Height>
		<Alignment>0</Alignment>
		<FontSize>12</FontSize>
		<BackColor>218,255,177</BackColor>
		<ForeColor>0,0,0</ForeColor>
	</Label>
	<ListInput>
		<Name>Inp_Resolution</Name>
		<Top>32</Top>
		<Left>96</Left>
		<Width>96</Width>
		<Height>23</Height>
		<BorderStyle>1</BorderStyle>
		<Alignment>0</Alignment>
		<FontSize>10.5</FontSize>
    		<BackColor>255,255,255</BackColor>
    		<ForeColor>0,0,0</ForeColor>
		<InputFormat>Long</InputFormat>
		<ListItems>
			<Item>
				<ItemCaption>0.1</ItemCaption>
				<ItemValue>0</ItemValue>
			</Item>
			<Item>
				<ItemCaption>0.2</ItemCaption>
				<ItemValue>1</ItemValue>
			</Item>
			<Item>
				<ItemCaption>1</ItemCaption>
				<ItemValue>2</ItemValue>
			</Item>
			<Item>
				<ItemCaption>2</ItemCaption>
				<ItemValue>3</ItemValue>
			</Item>
			<Item>
				<ItemCaption>10</ItemCaption>
				<ItemValue>4</ItemValue>
			</Item>
			<Item>
				<ItemCaption>20</ItemCaption>
				<ItemValue>5</ItemValue>
			</Item>
			<Item>
				<ItemCaption>50</ItemCaption>
				<ItemValue>6</ItemValue>
			</Item>
			<Item>
				<ItemCaption>100</ItemCaption>
				<ItemValue>7</ItemValue>
			</Item>
			<Item>
				<ItemCaption>200</ItemCaption>
				<ItemValue>8</ItemValue>
			</Item>
			<Item>
				<ItemCaption>500</ItemCaption>
				<ItemValue>9</ItemValue>
			</Item>
			<Item>
				<ItemCaption>1000</ItemCaption>
				<ItemValue>10</ItemValue>
			</Item>
		</ListItems>
	</ListInput>
	<Label>
		<Name>Lab_um</Name>
		<Caption>um</Caption>
		<Left>192</Left>
		<Top>34</Top>
		<Width>70</Width>
		<Height>23</Height>
		<Alignment>0</Alignment>
		<FontSize>12</FontSize>
		<BackColor>218,255,177</BackColor>
		<ForeColor>0,0,0</ForeColor>
	</Label>
	<Label>
		<Name>Lab_Option</Name>
		<Caption>STR::Option</Caption>
		<Left>3</Left>
		<Top>61</Top>
		<Width>72</Width>
		<Height>23</Height>
		<Alignment>0</Alignment>
		<FontSize>12</FontSize>
		<BackColor>218,255,177</BackColor>
		<ForeColor>0,0,0</ForeColor>
	</Label>
	<ListInput>
		<Name>Inp_Option</Name>
		<Top>61</Top>
		<Left>96</Left>
		<Width>96</Width>
		<Height>23</Height>
		<BorderStyle>1</BorderStyle>
		<Alignment>0</Alignment>
		<FontSize>10.5</FontSize>
		<BackColor>255,255,255</BackColor>
		<ForeColor>0,0,0</ForeColor>
		<InputFormat>String</InputFormat>
		<ListItems>
			<Item>
				<ItemCaption>STR::CW+CCW</ItemCaption>
				<ItemValue>0</ItemValue>
			</Item>
			<Item>
				<ItemCaption>STR::CW</ItemCaption>
				<ItemValue>1</ItemValue>
			</Item>
			<Item>
				<ItemCaption>STR::CCW</ItemCaption>
				<ItemValue>2</ItemValue>
			</Item>
		</ListItems>
	</ListInput>
	<Label>
		<Name>Lab_Radius</Name>
		<Caption>STR::Radius</Caption>
		<Left>3</Left>
		<Top>88</Top>
		<Width>72</Width>
		<Height>23</Height>
		<Alignment>0</Alignment>
		<FontSize>12</FontSize>
		<BackColor>218,255,177</BackColor>
		<ForeColor>0,0,0</ForeColor>
	</Label>
	<Label>
		<Name>Lab_mm</Name>
		<Caption>mm</Caption>
		<Left>160</Left>
		<Top>88</Top>
		<Width>32</Width>
		<Height>23</Height>
		<Alignment>0</Alignment>
		<FontSize>12</FontSize>
		<BackColor>218,255,177</BackColor>
		<ForeColor>0,0,0</ForeColor>
	</Label>
	<Label>
		<Name>Lab_RadiusText</Name>
		<Top>88</Top>
		<Left>96</Left>
		<Width>45</Width>
		<Height>23</Height>
		<Alignment>0</Alignment>
		<FontSize>12</FontSize>
		<InputFormat>Long</InputFormat>
		<BackColor>218,255,177</BackColor>
		<ForeColor>0,0,0</ForeColor>
	</Label>
	<Label>
		<Name>Lab_Feedrate</Name>
		<Caption>STR::Feedrate</Caption>
		<Left>3</Left>
		<Top>115</Top>
		<Width>72</Width>
		<Height>23</Height>
		<Alignment>0</Alignment>
		<FontSize>12</FontSize>
		<BackColor>218,255,177</BackColor>
		<ForeColor>0,0,0</ForeColor>
	</Label>
	<Label>
		<Name>Lab_mm</Name>
		<Caption>mm/min</Caption>
		<Left>160</Left>
		<Top>115</Top>
		<Width>70</Width>
		<Height>23</Height>
		<Alignment>0</Alignment>
		<FontSize>12</FontSize>
		<BackColor>218,255,177</BackColor>
		<ForeColor>0,0,0</ForeColor>
	</Label>
	<Label>
		<Name>Lab_FeedrateText</Name>
		<Top>115</Top>
		<Left>96</Left>
		<Width>45</Width>
		<Height>23</Height>
		<Alignment>0</Alignment>
		<FontSize>12</FontSize>
		<InputFormat>Long</InputFormat>
		<BackColor>218,255,177</BackColor>
		<ForeColor>0,0,0</ForeColor>
	</Label>
	<Label>
		<Name>Lab_WorkPlane</Name>
		<Caption>STR::Work Plane</Caption>
		<Left>3</Left>

		<Top>142</Top>
		<Width>85</Width>
		<Height>23</Height>
		<Alignment>0</Alignment>
		<FontSize>12</FontSize>
		<BackColor>218,255,177</BackColor>
		<ForeColor>0,0,0</ForeColor>
	</Label>
	<Label>
		<Name>Lab_WorkPlaneText</Name>
		<Top>142</Top>
		<Left>96</Left>
		<Width>96</Width>
		<Height>23</Height>
		<Alignment>0</Alignment>
		<FontSize>12</FontSize>
		<InputFormat>Long</InputFormat>
		<BackColor>218,255,177</BackColor>
		<ForeColor>0,0,0</ForeColor>
	</Label>
	<Label>
		<Name>Lab_DataSource</Name>
		<Caption>STR::DataSource</Caption>
		<Left>3</Left>
		<Top>169</Top>
		<Width>87</Width>
		<Height>23</Height>
		<Alignment>0</Alignment>
		<FontSize>12</FontSize>
		<BackColor>218,255,177</BackColor>
		<ForeColor>0,0,0</ForeColor>
	</Label>
	<Label>
		<Name>Lab_DataSourceText</Name>
		<Top>169</Top>
		<Left>96</Left>
		<Width>165</Width>
		<Height>23</Height>
		<Alignment>0</Alignment>
		<FontSize>12</FontSize>
		<InputFormat>Long</InputFormat>
		<BackColor>218,255,177</BackColor>
		<ForeColor>0,0,0</ForeColor>
	</Label>
	<Label>
		<Name>Lab_Clock</Name>
		<Caption>STR::SampleTime</Caption>
		<Top>196</Top>
		<Left>3</Left>
		<Width>110</Width>
		<Height>23</Height>
		<Alignment>0</Alignment>
		<FontSize>12</FontSize>
		<InputFormat>Long</InputFormat>
		<BackColor>218,255,177</BackColor>
		<ForeColor>0,0,0</ForeColor>
	</Label>
	<Label>
		<Name>Lab_Sampletime</Name>
		<Top>196</Top>
		<Left>100</Left>
		<Width>100</Width>
		<Height>23</Height>
		<Alignment>0</Alignment>
		<FontSize>12</FontSize>
		<InputFormat>Long</InputFormat>
		<BackColor>218,255,177</BackColor>
		<ForeColor>0,0,0</ForeColor>
	</Label>
	  	<Label>
    		<Name>Lab_us</Name>
    		<Caption>us</Caption>
    		<Top>196</Top>
    		<Left>205</Left>
    		<Width>50</Width>
    		<Height>23</Height>
    		<Alignment>0</Alignment>
    		<FontSize>12</FontSize>
    		<InputFormat>Long</InputFormat>
    		<BackColor>218,255,177</BackColor>
    		<ForeColor>0,0,0</ForeColor>
  	</Label>
	<Label>
		<Name>Lab_Clockwise</Name>
		<Caption>STR::CW</Caption>
		<Left>3</Left>	
		<Top>223</Top>
		<Width>92</Width>
		<Height>23</Height>
		<Alignment>0</Alignment>
		<BorderStyle>0</BorderStyle>
		<FontSize>12</FontSize>
		<BackColor>218,255,177</BackColor>
		<ForeColor>0,0,0</ForeColor>
	</Label>
	<Label>
		<Name>Lab_Clockwise</Name>
		<Caption>STR::CCW</Caption>
		<Left>153</Left>	
		<Top>223</Top>
		<Width>92</Width>
		<Height>23</Height>
		<Alignment>0</Alignment>
		<BorderStyle>0</BorderStyle>
		<FontSize>12</FontSize>
		<BackColor>218,255,177</BackColor>
		<ForeColor>0,0,0</ForeColor>
	</Label>
	<Label>
		<Name>Lab_CWMaximum</Name>
		<Caption>STR::CWMaximum</Caption>
		<Top>250</Top>
		<Left>3</Left>
		<Width>65</Width>
		<Height>23</Height>
		<Alignment>0</Alignment>
		<FontSize>10.5</FontSize>
		<BackColor>218,255,177</BackColor>
		<ForeColor>0,0,0</ForeColor>
	</Label>
	<Label>
		<Name>Lab_CWMaximumText</Name>
		<Caption></Caption>
		<Top>250</Top>
		<Left>70</Left>
		<Width>60</Width>
		<Height>23</Height>
		<Alignment>1</Alignment>
		<FontSize>10.5</FontSize>
		<InputFormat>Long</InputFormat>
		<BackColor>218,255,177</BackColor>
		<ForeColor>0,0,0</ForeColor>
	</Label>
	<Label>
    		<Name>Lab_um</Name>
    		<Caption>um</Caption>
    		<Top>250</Top>
   		<Left>130</Left>
    		<Width>20</Width>
    		<Height>23</Height>
    		<Alignment>0</Alignment>
    		<FontSize>10.5</FontSize>
    		<InputFormat>Long</InputFormat>
    		<BackColor>218,255,177</BackColor>
    		<ForeColor>0,0,0</ForeColor>
  	</Label>
	<Label>
		<Name>Lab_CCWMaximum</Name>
		<Caption>STR::CCWMaximum</Caption>
		<Top>250</Top>
		<Left>153</Left>
		<Width>65</Width>
		<Height>23</Height>
		<Alignment>0</Alignment>
		<FontSize>10.5</FontSize>
		<InputFormat>Long</InputFormat>
		<BackColor>218,255,177</BackColor>
		<ForeColor>0,0,0</ForeColor>
	</Label>
	<Label>
		<Name>Lab_CCWMaximumText</Name>
		<Caption></Caption>
		<Top>250</Top>
		<Left>220</Left>
		<Width>60</Width>
		<Height>23</Height>
		<Alignment>1</Alignment>
		<FontSize>10.5</FontSize>
		<InputFormat>Long</InputFormat>
		<BackColor>218,255,177</BackColor>
		<ForeColor>0,0,0</ForeColor>
	</Label>
	<Label>
    		<Name>Lab_um</Name>
    		<Caption>um</Caption>
    		<Top>250</Top>
   		<Left>280</Left>
    		<Width>20</Width>
    		<Height>23</Height>
    		<Alignment>0</Alignment>
    		<FontSize>10.5</FontSize>
    		<InputFormat>Long</InputFormat>
    		<BackColor>218,255,177</BackColor>
    		<ForeColor>0,0,0</ForeColor>
  	</Label>
	<Label>
		<Name>Lab_CWMinimum</Name>
		<Caption>STR::CWMinimum</Caption>
		<Top>277</Top>
		<Left>3</Left>
		<Width>65</Width>
		<Height>23</Height>
		<Alignment>0</Alignment>
		<FontSize>10.5</FontSize>
		<InputFormat>Long</InputFormat>
		<BackColor>218,255,177</BackColor>
		<ForeColor>0,0,0</ForeColor>
	</Label>
	<Label>
		<Name>Lab_CWMinimumText</Name>
		<Caption></Caption>
		<Top>277</Top>
		<Left>70</Left>
		<Width>60</Width>
		<Height>23</Height>
		<Alignment>1</Alignment>
		<FontSize>10.5</FontSize>
		<InputFormat>Long</InputFormat>
		<BackColor>218,255,177</BackColor>
		<ForeColor>0,0,0</ForeColor>
	</Label>
	<Label>
    		<Name>Lab_um</Name>
    		<Caption>um</Caption>
    		<Top>277</Top>
   		<Left>130</Left>
    		<Width>20</Width>
    		<Height>23</Height>
    		<Alignment>0</Alignment>
    		<FontSize>10.5</FontSize>
    		<InputFormat>Long</InputFormat>
    		<BackColor>218,255,177</BackColor>
    		<ForeColor>0,0,0</ForeColor>
  	</Label>
	<Label>
		<Name>Lab_CCWMinimum</Name>
		<Caption>STR::CCWMinimum</Caption>
		<Top>277</Top>
		<Left>153</Left>
		<Width>65</Width>
		<Height>23</Height>
		<Alignment>0</Alignment>
		<FontSize>10.5</FontSize>
		<InputFormat>Long</InputFormat>
		<BackColor>218,255,177</BackColor>
		<ForeColor>0,0,0</ForeColor>
	</Label>
	<Label>
		<Name>Lab_CCWMinimumText</Name>
		<Caption></Caption>
		<Top>277</Top>
		<Left>220</Left>
		<Width>60</Width>
		<Height>23</Height>
		<Alignment>1</Alignment>
		<FontSize>10.5</FontSize>
		<InputFormat>Long</InputFormat>
		<BackColor>218,255,177</BackColor>
		<ForeColor>0,0,0</ForeColor>
	</Label>
	<Label>
    		<Name>Lab_um</Name>
    		<Caption>um</Caption>
    		<Top>277</Top>
   		<Left>280</Left>
    		<Width>20</Width>
    		<Height>23</Height>
    		<Alignment>0</Alignment>
    		<FontSize>10.5</FontSize>
    		<InputFormat>Long</InputFormat>
    		<BackColor>218,255,177</BackColor>
    		<ForeColor>0,0,0</ForeColor>
  	</Label>
	<Label>
		<Name>Lab_CWNonRoundness</Name>
		<Caption>STR::CWNonRoundness</Caption>
		<Top>304</Top>
		<Left>3</Left>
		<Width>65</Width>
		<Height>23</Height>
		<Alignment>0</Alignment>
		<FontSize>10.5</FontSize>
		<InputFormat>Long</InputFormat>
		<BackColor>218,255,177</BackColor>
		<ForeColor>0,0,0</ForeColor>
	</Label>
	<Label>
		<Name>Lab_CWNonRoundnessText</Name>
		<Caption></Caption>
		<Top>304</Top>
		<Left>70</Left>
		<Width>60</Width>
		<Height>23</Height>
		<Alignment>1</Alignment>
		<FontSize>10.5</FontSize>
		<InputFormat>Long</InputFormat>
		<BackColor>218,255,177</BackColor>
		<ForeColor>0,0,0</ForeColor>
	</Label>
	<Label>
    		<Name>Lab_um</Name>
    		<Caption>um</Caption>
    		<Top>304</Top>
   		<Left>130</Left>
    		<Width>20</Width>
    		<Height>23</Height>
    		<Alignment>0</Alignment>
    		<FontSize>10.5</FontSize>
    		<InputFormat>Long</InputFormat>
    		<BackColor>218,255,177</BackColor>
    		<ForeColor>0,0,0</ForeColor>
  	</Label>
	<Label>
		<Name>Lab_CCWNonRoundness</Name>
		<Caption>STR::CCWNonRoundness</Caption>
		<Top>304</Top>
		<Left>153</Left>
		<Width>65</Width>
		<Height>23</Height>
		<Alignment>0</Alignment>
		<FontSize>10.5</FontSize>
		<InputFormat>Long</InputFormat>
		<BackColor>218,255,177</BackColor>
		<ForeColor>0,0,0</ForeColor>
	</Label>
	<Label>
		<Name>Lab_CCWNonRoundnessText</Name>
		<Caption></Caption>
		<Top>304</Top>
		<Left>220</Left>
		<Width>60</Width>
		<Height>23</Height>
		<Alignment>1</Alignment>
		<FontSize>10.5</FontSize>
		<InputFormat>Long</InputFormat>
		<BackColor>218,255,177</BackColor>
		<ForeColor>0,0,0</ForeColor>
	</Label>
	<Label>
    		<Name>Lab_um</Name>
    		<Caption>um</Caption>
    		<Top>304</Top>
   		<Left>280</Left>
    		<Width>20</Width>
    		<Height>23</Height>
    		<Alignment>0</Alignment>
    		<FontSize>10.5</FontSize>
    		<InputFormat>Long</InputFormat>
    		<BackColor>218,255,177</BackColor>
    		<ForeColor>0,0,0</ForeColor>
  	</Label>

	<Label>
		<Name>Lab_Clock</Name>
		<Caption>STR::CWVariable</Caption>
		<Top>331</Top>
		<Left>3</Left>
		<Width>65</Width>
		<Height>23</Height>
		<Alignment>0</Alignment>
		<FontSize>10.5</FontSize>
		<InputFormat>Long</InputFormat>
		<BackColor>218,255,177</BackColor>
		<ForeColor>0,0,0</ForeColor>
	</Label>
	<Label>
		<Name>Lab_ClockText</Name>
		<Caption></Caption>
		<Top>331</Top>
		<Left>70</Left>
		<Width>60</Width>
		<Height>23</Height>
		<Alignment>1</Alignment>
		<FontSize>10.5</FontSize>
		<InputFormat>Long</InputFormat>
		<BackColor>218,255,177</BackColor>
		<ForeColor>0,0,0</ForeColor>
	</Label>
	<Label>
    		<Name>Lab_um</Name>
    		<Caption>um</Caption>
    		<Top>331</Top>
   		<Left>130</Left>
    		<Width>20</Width>
    		<Height>23</Height>
    		<Alignment>0</Alignment>
    		<FontSize>10.5</FontSize>
    		<InputFormat>Long</InputFormat>
    		<BackColor>218,255,177</BackColor>
    		<ForeColor>0,0,0</ForeColor>
  	</Label>
	<Label>
		<Name>Lab_CountClock</Name>
		<Caption>STR::CCWVariable</Caption>
		<Top>331</Top>
		<Left>153</Left>
		<Width>65</Width>
		<Height>23</Height>
		<Alignment>0</Alignment>
		<FontSize>10.5</FontSize>
		<InputFormat>Long</InputFormat>
		<BackColor>218,255,177</BackColor>
		<ForeColor>0,0,0</ForeColor>
	</Label>
	<Label>
		<Name>Lab_CountClockText</Name>
		<Caption></Caption>
		<Top>331</Top>
		<Left>220</Left>
		<Width>60</Width>
		<Height>23</Height>
		<Alignment>1</Alignment>
		<FontSize>10.5</FontSize>
		<InputFormat>Long</InputFormat>
		<BackColor>218,255,177</BackColor>
		<ForeColor>0,0,0</ForeColor>
	</Label>
	<Label>
    		<Name>Lab_um</Name>
    		<Caption>um</Caption>
    		<Top>331</Top>
   		<Left>280</Left>
    		<Width>20</Width>
    		<Height>23</Height>
    		<Alignment>0</Alignment>
    		<FontSize>10.5</FontSize>
    		<InputFormat>Long</InputFormat>
    		<BackColor>218,255,177</BackColor>
    		<ForeColor>0,0,0</ForeColor>
  	</Label>

	<Label>
		<Name>Lab_Clockwise</Name>
		<Caption>STR::CW</Caption>
		<Left>40</Left>	
		<Top>358</Top>
		<Width>92</Width>
		<Height>23</Height>
		<Alignment>2</Alignment>
		<BorderStyle>1</BorderStyle>
		<FontSize>10.5</FontSize>
		<BackColor>0,0,0</BackColor>
		<ForeColor>0,124,195</ForeColor>
	</Label>
  	<Label>
    		<Name>Lab_Anticlockwise</Name>
    		<Caption>STR::CCW</Caption>
    		<Left>190</Left>
    		<Top>358</Top>
    		<Width>92</Width>
    		<Height>23</Height>
    		<Alignment>2</Alignment>
    		<BorderStyle>1</BorderStyle>
    		<FontSize>10.5</FontSize>
    		<BackColor>0,0,0</BackColor>
    		<ForeColor>255,255,128</ForeColor>
  	</Label>	
	<Picture>
		<Name>Picture1</Name>
		<Top>358</Top>
		<Left>5</Left>
		<Width>24</Width>
		<Height>24</Height>
		<Picture>..\Image\clockwise.bmp</Picture>
		<BorderStyle>1</BorderStyle>
	</Picture>
	<Picture>
		<Name>Picture2</Name>
		<Top>358</Top>
		<Left>155</Left>
		<Width>24</Width>
		<Height>24</Height>
		<Picture>..\Image\anticlockwise.bmp</Picture>
		<BorderStyle>1</BorderStyle>
	</Picture>
 </Screen>
