<?xml version="1.0" encoding="UTF-8"?>
<Screen>
	<Name>CncAbout</Name>
	<Panel>
		<Name>Pan_About</Name>
		<Left>0</Left>
		<Top>0</Top>
		<Width>442</Width>
		<Height>380</Height>
		<BackColor>205,215,222</BackColor>
	</Panel>
	<Picture>
		<Name>Pic_AboutTitle</Name>
		<Left>0</Left>
		<Top>0</Top>
		<Width>400</Width>
		<Height>46</Height>
		<Picture>..\Image\AboutTitle.bmp</Picture>
	</Picture>
	<Label>
		<Caption>STR::ABOUT::SystemName</Caption>
		<Name>Lab_SystemName</Name>
		<Left>10</Left>
		<Top>50</Top>
		<Width>120</Width>
		<Height>25</Height>
		<Alignment>0</Alignment>
		<FontSize>12</FontSize>
		<BorderStyle>0</BorderStyle>
		<ForeColor>0,0,0</ForeColor>
		<BackColor>205,215,222</BackColor>
	</Label>
	<Label>
		<Caption></Caption>
		<Name>Lab_SystemNameValue</Name>
		<Left>130</Left>
		<Top>50</Top>
		<Width>250</Width>
		<Height>25</Height>
		<Alignment>0</Alignment>
		<FontSize>12</FontSize>
		<BorderStyle>0</BorderStyle>
		<BorderColor>128,128,128</BorderColor>
		<ForeColor>0,0,255</ForeColor>
		<BackColor>205,215,222</BackColor>
	</Label>
	<Label>
		<Caption>STR::ABOUT::MachineID</Caption>
		<Name>Lab_MachindID</Name>
		<Left>10</Left>
		<Top>74</Top>
		<Width>120</Width>
		<Height>25</Height>
		<Alignment>0</Alignment>
		<FontSize>12</FontSize>
		<BorderStyle>0</BorderStyle>
		<ForeColor>0,0,0</ForeColor>
		<BackColor>205,215,222</BackColor>
	</Label>
	<Label>
		<Caption></Caption>
		<Name>Lab_MachineIDValue</Name>
		<Left>130</Left>
		<Top>74</Top>
		<Width>250</Width>
		<Height>25</Height>
		<Alignment>0</Alignment>
		<FontSize>12</FontSize>
		<BorderStyle>0</BorderStyle>
		<BorderColor>128,128,128</BorderColor>
		<ForeColor>0,0,255</ForeColor>
		<BackColor>205,215,222</BackColor>
	</Label>
	<Label>
		<Caption>STR::ABOUT::ProductVer</Caption>
		<Name>Lab_ProductVer</Name>
		<Left>10</Left>
		<Top>104</Top>
		<Width>190</Width>
		<Height>25</Height>
		<Alignment>0</Alignment>
		<FontSize>12</FontSize>
		<BorderStyle>0</BorderStyle>
		<ForeColor>0,0,0</ForeColor>
		<BackColor>205,215,222</BackColor>
	</Label>
	<Label>
		<Caption>STR::ProductVerValue</Caption>
		<Name>Lab_ProductVerValue</Name>
		<Left>130</Left>
		<Top>104</Top>
		<Width>250</Width>
		<Height>25</Height>
		<Alignment>0</Alignment>
		<FontSize>12</FontSize>
		<BorderStyle>0</BorderStyle>
		<BorderColor>128,128,128</BorderColor>
		<ForeColor>0,0,255</ForeColor>
		<BackColor>255,255,102</BackColor>
	</Label>
	<Label>
		<Caption>STR::ABOUT::KernelVer</Caption>
		<Name>Lab_KernelVer</Name>
		<Left>10</Left>
		<Top>129</Top>
		<Width>190</Width>
		<Height>25</Height>
		<Alignment>0</Alignment>
		<FontSize>12</FontSize>
		<BorderStyle>0</BorderStyle>
		<ForeColor>0,0,0</ForeColor>
		<BackColor>205,215,222</BackColor>
	</Label>
	<Label>
		<Name>Lab_KernelVerValue</Name>
		<Left>130</Left>
		<Top>129</Top>
		<Width>250</Width>
		<Height>25</Height>
		<Alignment>0</Alignment>
		<FontSize>12</FontSize>
		<BorderStyle>0</BorderStyle>
		<BorderColor>128,128,128</BorderColor>
		<ForeColor>0,0,255</ForeColor>
		<BackColor>255,255,102</BackColor>
	</Label>
	<Label>
		<Caption>STR::ABOUT::MMIVer</Caption>
		<Name>Lab_MMIVer</Name>
		<Left>10</Left>
		<Top>153</Top>
		<Width>120</Width>
		<Height>25</Height>
		<Alignment>0</Alignment>
		<FontSize>12</FontSize>
		<BorderStyle>0</BorderStyle>
		<ForeColor>0,0,0</ForeColor>
		<BackColor>205,215,222</BackColor>
	</Label>
	<Label>
		<Caption></Caption>
		<Name>Lab_MMIVerValue</Name>
		<Left>130</Left>
		<Top>153</Top>
		<Width>250</Width>
		<Height>25</Height>
		<Alignment>0</Alignment>
		<FontSize>12</FontSize>
		<BorderStyle>0</BorderStyle>
		<BorderColor>128,128,128</BorderColor>
		<ForeColor>0,0,255</ForeColor>
		<BackColor>255,255,102</BackColor>
	</Label>
	<Label>
		<Caption></Caption>
		<Name>Lab_ImageVerValue</Name>
		<Left>130</Left>
		<Top>177</Top>
		<Height>25</Height>
		<Width>250</Width>
		<FontSize>12</FontSize>
		<Alignment>0</Alignment>
		<BorderStyle>0</BorderStyle>
		<ForeColor>0,0,255</ForeColor>
		<BackColor>255,255,102</BackColor>
	</Label>
	<Label>
		<Caption>STR::ABOUT::ImageVer</Caption>
		<Left>10</Left>
		<Top>177</Top>
		<Height>25</Height>
		<Width>120</Width>
		<Name>Lab_ImageVer</Name>
		<FontSize>12</FontSize>
		<Alignment>0</Alignment>
		<BorderStyle>0</BorderStyle>
		<ForeColor>0,0,0</ForeColor>
		<BackColor>205,215,222</BackColor>
	</Label>
	<Label>
		<Caption>STR::ABOUT::PLCVer</Caption>
		<Name>Lab_PLCVer</Name>
		<Left>10</Left>
		<Top>201</Top>
		<Width>120</Width>
		<Height>25</Height>
		<Alignment>0</Alignment>
		<FontSize>12</FontSize>
		<BorderStyle>0</BorderStyle>
		<ForeColor>0,0,0</ForeColor>
		<BackColor>205,215,222</BackColor>
	</Label>
	<Display>
		<Name>Dis_PLCVer</Name>
		<Left>130</Left>
		<Top>201</Top>
		<Width>250</Width>
		<Height>25</Height>
		<Alignment>0</Alignment>
		<FontSize>12</FontSize>
		<BorderStyle>0</BorderStyle>
		<BorderColor>128,128,128</BorderColor>
		<ForeColor>0,0,255</ForeColor>
		<BackColor>255,255,102</BackColor>
		<DisplaySource>R1019</DisplaySource>
		<DisplayFormat>Long:2F</DisplayFormat>
	</Display>
	<Label>
		<Caption>STR::ABOUT::PlatFormVer</Caption>
		<Left>10</Left>
		<Top>225</Top>
		<Width>120</Width>
		<Height>25</Height>
		<Alignment>0</Alignment>
		<FontSize>12</FontSize>
		<BorderStyle>0</BorderStyle>
		<ForeColor>0,0,0</ForeColor>
		<BackColor>205,215,222</BackColor>
	</Label>
	<Label>
		<Caption></Caption>
		<Name>Lab_PlatFormVer</Name>
		<Left>130</Left>
		<Top>225</Top>
		<Width>250</Width>
		<Height>25</Height>
		<Alignment>0</Alignment>
		<FontSize>12</FontSize>
		<BorderStyle>0</BorderStyle>
		<BorderColor>128,128,128</BorderColor>
		<ForeColor>0,0,255</ForeColor>
		<BackColor>255,255,102</BackColor>
	</Label>
	<Label>
		<Caption>STR::ABOUT::CompanyName</Caption>
		<Name>Lab_CompanyName</Name>
		<Left>10</Left>
		<Top>301</Top>
		<Width>120</Width>
		<Height>25</Height>
		<Alignment>0</Alignment>
		<FontSize>12</FontSize>
		<BorderStyle>0</BorderStyle>
		<ForeColor>0,0,0</ForeColor>
		<BackColor>205,215,222</BackColor>
	</Label>
	<Label>
		<Caption></Caption>
		<Name>Lab_CompanyNameValue</Name>
		<Left>130</Left>
		<Top>301</Top>
		<Width>120</Width>
		<Height>25</Height>
		<Alignment>0</Alignment>
		<FontSize>12</FontSize>
		<BorderStyle>0</BorderStyle>
		<BorderColor>128,128,128</BorderColor>
		<ForeColor>0,0,255</ForeColor>
		<BackColor>205,215,222</BackColor>
	</Label>
	<Label>
		<Caption>STR::ABOUT::YearValue</Caption>
		<Name>Lab_CopyRight</Name>
		<Left>10</Left>
		<Top>325</Top>
		<Width>350</Width>
		<Height>25</Height>
		<Alignment>0</Alignment>
		<FontSize>12</FontSize>
		<BorderStyle>0</BorderStyle>
		<ForeColor>0,0,0</ForeColor>
		<BackColor>205,215,222</BackColor>
	</Label>
    <Label>
    <Left>10</Left>
    <Top>257</Top>
    <Width>420</Width>
    <Name>Lab_Hint1</Name>
    <Alignment>0</Alignment>
    <FontSize>10</FontSize>
    <ForeColor>255,10,10</ForeColor>
    <BackColor>205,215,222</BackColor>
    <visible>false</visible>
    <Caption>STR::ABOUT::Hint1</Caption>
  </Label>
  <Label>
    <Left>10</Left>
    <Top>275</Top>
    <Width>420</Width>
    <Name>Lab_Hint2</Name>
    <FontSize>10</FontSize>
    <Alignment>0</Alignment>
    <ForeColor>255,10,10</ForeColor>
    <BackColor>205,215,222</BackColor>
    <visible>false</visible>
    <Caption>STR::ABOUT::Hint2</Caption>
  </Label>
</Screen>
