﻿<?xml version="1.0" encoding="UTF-8"?>
<Screen>
	<Name>Setting</Name>
	<Panel>
		<Name>Pan_Back</Name>
		<Caption></Caption>
		<Top>0</Top>
		<Left>0</Left>
		<Width>680</Width>
		<Height>435</Height>
		<BorderStyle>1</BorderStyle>
		<BackColor>218,255,177</BackColor>
	</Panel>
	<Label>
		<Name>Lab_Title</Name>
		<Caption>STR::Compensation</Caption>
		<Left>210</Left>
		<Top>24</Top>
		<Width>224</Width>
		<Height>32</Height>
		<Alignment>2</Alignment>
		<FontSize>15</FontSize>
		<BackColor>218,255,177</BackColor>
		<ForeColor>0,0,0</ForeColor>
	</Label>
        <Label>
		<Name>Lab_Positivelimit</Name>
		<Caption>STR::Positivelimit=</Caption>
		<Left>40</Left>
		<Top>96</Top>
		<Width>110</Width>
		<Height>23</Height>
		<Alignment>0</Alignment>
		<FontSize>12</FontSize>
		<ForeColor>0,0,0</ForeColor>
		<BackColor>218,255,177</BackColor>
	</Label>
	<Input>
		<Name>Inp_Positivelimit</Name>
		<Value>10</Value>
		<Top>96</Top>
		<Left>144</Left>
		<Width>144</Width>
		<Height>21</Height>
		<Alignment>0</Alignment>
		<BorderStyle>1</BorderStyle>
		<InputFormat>Double:3F</InputFormat>
		<FontSize>11</FontSize>
		<ForeColor>0,0,0</ForeColor>
		<BackColor>255,255,255</BackColor>
	</Input>
        <Label>
		<Name>Lab_mm</Name>
		<Caption>mm</Caption>
		<Left>290</Left>
		<Top>96</Top>
		<Width>32</Width>
		<Height>23</Height>
		<Alignment>0</Alignment>
		<FontSize>12</FontSize>
		<ForeColor>0,0,0</ForeColor>
		<BackColor>218,255,177</BackColor>
	</Label>
        <Label>
		<Name>Lab_Negativelimit</Name>
		<Caption>STR::Negativelimit=</Caption>
		<Left>344</Left>
		<Top>96</Top>
		<Width>80</Width>
		<Height>23</Height>
		<Alignment>0</Alignment>
		<FontSize>12</FontSize>
		<ForeColor>0,0,0</ForeColor>
		<BackColor>218,255,177</BackColor>
	</Label>
	<Input>
		<Name>Inp_Negativelimit</Name>
		<Value>10</Value>
		<Top>96</Top>
		<Left>448</Left>
		<Width>144</Width>
		<Height>23</Height>
		<Alignment>0</Alignment>
		<BorderStyle>1</BorderStyle>
		<InputFormat>Double:3F</InputFormat>
		<FontSize>11</FontSize>
		<ForeColor>0,0,0</ForeColor>
		<BackColor>255,255,255</BackColor>
	</Input>
        <Label>
		<Name>Lab_mm</Name>
		<Caption>mm</Caption>
		<Left>595</Left>
		<Top>96</Top>
		<Width>64</Width>
		<Height>23</Height>
		<Alignment>0</Alignment>
		<FontSize>12</FontSize>
		<ForeColor>0,0,0</ForeColor>
		<BackColor>218,255,177</BackColor>
	</Label>
        <Label>
		<Name>Lab_FirstMDirection</Name>
		<Caption>STR::FirstMDirection</Caption>
		<Left>24</Left>
		<Top>184</Top>
		<Width>112</Width>
		<Height>23</Height>
		<Alignment>0</Alignment>
		<FontSize>12</FontSize>
		<ForeColor>0,0,0</ForeColor>
		<BackColor>218,255,177</BackColor>
	</Label>
	<ListInput>
		<Name>Inp_FirstMDirection</Name>
		<Top>184</Top>
		<Left>144</Left>
		<Width>144</Width>
		<Height>23</Height>
		<Alignment>0</Alignment>
		<FontSize>11</FontSize>
		<BorderStyle>1</BorderStyle>
		<InputFormat>String</InputFormat>
		<ForeColor>0,0,0</ForeColor>
		<BackColor>255,255,255</BackColor>
		<ListItems>
			<Item>
				<ItemCaption>PositiveDirection</ItemCaption>
				<ItemValue>0</ItemValue>
			</Item>
			<Item>
				<ItemCaption>NegativeDirection</ItemCaption>
				<ItemValue>1</ItemValue>
			</Item>
		</ListItems>
	</ListInput>
        <Label>
		<Name>Lab_MeasureFeedrate</Name>
		<Caption>STR::MeasureFeedrate=</Caption>
    		<Left>344</Left>
    		<Top>184</Top>
		<Width>100</Width>
		<Height>23</Height>
		<Alignment>0</Alignment>
		<FontSize>12</FontSize>
		<ForeColor>0,0,0</ForeColor>
		<BackColor>218,255,177</BackColor>
	</Label>
	<Input>
		<Name>Inp_MeasureFeedrate</Name>
		<Value>10</Value>
		<Top>184</Top>
		<Left>448</Left>
		<Width>144</Width>
		<Height>23</Height>
		<Alignment>0</Alignment>
		<FontSize>11</FontSize>
		<BorderStyle>1</BorderStyle>
		<InputFormat>Long</InputFormat>
		<ForeColor>0,0,0</ForeColor>
		<BackColor>255,255,255</BackColor>
	</Input>
	<Label>
		<Name>Lab_min</Name>
		<Caption>mm/min</Caption>
		<Left>595</Left>
		<Top>184</Top>
		<Width>64</Width>
		<Height>23</Height>
		<Alignment>0</Alignment>
		<FontSize>12</FontSize>
		<ForeColor>0,0,0</ForeColor>
		<BackColor>218,255,177</BackColor>
	</Label>
        <Label>
		<Name>Lab_AxisName</Name>
		<Caption>STR::Axis Name</Caption>
          	<Left>40</Left>
          	<Top>272</Top>
		<Width>110</Width>
		<Height>23</Height>
		<Alignment>0</Alignment>
		<FontSize>12</FontSize>
		<ForeColor>0,0,0</ForeColor>
		<BackColor>218,255,177</BackColor>
	</Label>
	<ListInput>
		<Name>Inp_AxisName</Name>
		<Top>272</Top>
		<Left>144</Left>
		<Width>144</Width>
		<Height>23</Height>
		<Alignment>0</Alignment>
		<FontSize>11</FontSize>
		<BorderStyle>1</BorderStyle>
		<InputFormat>String</InputFormat>
		<ForeColor>0,0,0</ForeColor>
		<BackColor>255,255,255</BackColor>
		<ListItems>
			<Item>
				<ItemCaption>X</ItemCaption>
				<ItemValue>0</ItemValue>
			</Item>
			<Item>
				<ItemCaption>Y</ItemCaption>
				<ItemValue>1</ItemValue>
			</Item>
			<Item>
				<ItemCaption>Z</ItemCaption>
				<ItemValue>2</ItemValue>
			</Item>
		</ListItems>
	</ListInput>
    	<Label>
		<Name>Lab_Length</Name>
		<Caption>STR::Length</Caption>
    		<Left>344</Left>
		<Top>272</Top>
		<Width>70</Width>
		<Height>23</Height>
		<Alignment>0</Alignment>
		<FontSize>12</FontSize>
		<ForeColor>0,0,0</ForeColor>
		<BackColor>218,255,177</BackColor>
	</Label>
    	<Input>
		<Name>Inp_Length</Name>
		<Value>10</Value>
		<Top>272</Top>
		<Left>448</Left>
		<Width>144</Width>
		<Height>23</Height>
		<Alignment>0</Alignment>
		<FontSize>11</FontSize>
		<BorderStyle>1</BorderStyle>
		<InputFormat>Double:3F</InputFormat>
		<ForeColor>0,0,0</ForeColor>
		<BackColor>255,255,255</BackColor>
	</Input>
	<Label>
		<Name>Lab_mm</Name>
		<Caption>mm</Caption>
		<Left>595</Left>
		<Top>272</Top>
		<Width>64</Width>
		<Height>23</Height>
		<Alignment>0</Alignment>
		<FontSize>12</FontSize>
		<ForeColor>0,0,0</ForeColor>
		<BackColor>218,255,177</BackColor>
	</Label>   
  	<Label>
    		<Name>Lab_OLS</Name>
    		<Caption>STR::OLS_Source</Caption>
    		<Left>40</Left>
    		<Top>360</Top>
    		<Width>500</Width>
    		<Height>23</Height>
    		<Alignment>0</Alignment>
    		<FontSize>12</FontSize>
    		<ForeColor>0,0,0</ForeColor>
    		<BackColor>218,255,177</BackColor>
  	</Label>
	<Input>
		<Name>Inp_OLS</Name>
		<Value>10</Value>
		<Top>360</Top>
		<Left>144</Left>
		<Width>144</Width>
		<Height>23</Height>
		<Alignment>0</Alignment>
		<FontSize>11</FontSize>
		<BorderStyle>1</BorderStyle>
		<InputFormat>Long</InputFormat>
		<ForeColor>0,0,0</ForeColor>
		<BackColor>255,255,255</BackColor>
		<InputRange>1~16</InputRange>
    		<HintLabel>1 - 16</HintLabel>
	</Input>
</Screen>

