﻿<?xml version="1.0" encoding="UTF-8"?>
<!--Created by 'eHMI'version2.2.10-->
<!--BROWSER SIZE|H:600|W:800-->
<Screen>
  <Name>MonGData</Name>
  <Panel>
    <Left>4</Left>
    <Top>0</Top>
    <Width>375</Width>
    <Height>245</Height>
    <Name>Pan_GStatus</Name>
    <BorderStyle>0</BorderStyle>
    <Depth>21</Depth>
    <BackColor>255,255,255</BackColor>
  </Panel>
  <Panel>
    <Left>0</Left>
    <Top>157</Top>
    <Width>373</Width>
    <Height>86</Height>
    <Name>Panel_workpiece</Name>
    <BorderStyle>0</BorderStyle>
    <Depth>20</Depth>
    <BackColor>0,0,0</BackColor>
  </Panel>
  <Panel>
    <Left>0</Left>
    <Top>66</Top>
    <Width>373</Width>
    <Height>90</Height>
    <Name>Panel_cut</Name>
    <BorderStyle>0</BorderStyle>
    <Depth>19</Depth>
    <BackColor>0,0,0</BackColor>
  </Panel>
  <Panel>
    <Left>0</Left>
    <Top>0</Top>
    <Width>373</Width>
    <Height>65</Height>
    <Name>Panel1</Name>
    <BorderStyle>0</BorderStyle>
    <Depth>18</Depth>
    <BackColor>0,0,0</BackColor>
  </Panel>
  <Label>
    <Left>5</Left>
    <Top>97</Top>
    <Height>25</Height>
    <Width>120</Width>
    <Name>Lab_Feedrate</Name>
    <FontSize>14</FontSize>
    <Alignment>0</Alignment>
    <BorderStyle>0</BorderStyle>
    <Depth>17</Depth>
    <ForeColor>0,255,0</ForeColor>
    <BackColor>0,0,0</BackColor>
    <Caption>STR::Browser::MonGData::Caption::Lab_Feedrate::FeedRate</Caption>
    <Wrap>True</Wrap>
  </Label>
  <Input>
    <Left>130</Left>
    <Top>97</Top>
    <Height>25</Height>
    <Width>100</Width>
    <Name>Inp_FeedrateValue</Name>
    <FontSize>14</FontSize>
    <Alignment>1</Alignment>
    <BorderStyle>1</BorderStyle>
    <Depth>16</Depth>
    <ForeColor>255,255,255</ForeColor>
    <BackColor>0,0,0</BackColor>
    <InputFormat>Double:3F</InputFormat>
    <EmptyVal>ignor</EmptyVal>
  </Input>
  <Display>
    <Left>230</Left>
    <Top>97</Top>
    <Height>25</Height>
    <Width>80</Width>
    <Name>Lab_FeedTail</Name>
    <FontSize>14</FontSize>
    <Alignment>1</Alignment>
    <BorderStyle>0</BorderStyle>
    <Depth>15</Depth>
    <ForeColor>0,255,0</ForeColor>
    <BackColor>0,0,0</BackColor>
    <DisplaySource>K13</DisplaySource>
    <ListItems>
      <Item Id="0">
        <Caption>mm/min</Caption>
      </Item>
      <Item Id="1">
        <Caption>in/min</Caption>
      </Item>
    </ListItems>
  </Display>
  <Label>
    <Left>5</Left>
    <Top>125</Top>
    <Height>25</Height>
    <Width>120</Width>
    <Name>Lab_SpindleTitle</Name>
    <FontSize>14</FontSize>
    <Alignment>0</Alignment>
    <BorderStyle>0</BorderStyle>
    <Depth>14</Depth>
    <ForeColor>0,255,0</ForeColor>
    <BackColor>0,0,0</BackColor>
    <Caption>STR::Browser::MonGData::Caption::Lab_SpindleTitle::SpindleRate</Caption>
    <Wrap>True</Wrap>
  </Label>
  <Input>
    <Left>130</Left>
    <Top>125</Top>
    <Height>25</Height>
    <Width>100</Width>
    <Name>Inp_SpindleValue</Name>
    <FontSize>14</FontSize>
    <Alignment>1</Alignment>
    <BorderStyle>1</BorderStyle>
    <Depth>13</Depth>
    <ForeColor>255,255,255</ForeColor>
    <BackColor>0,0,0</BackColor>
    <InputFormat>String</InputFormat>
    <EmptyVal>ignor</EmptyVal>
  </Input>
  <Label>
    <Left>230</Left>
    <Top>125</Top>
    <Height>25</Height>
    <Width>80</Width>
    <Name>Lab_SpindleTail</Name>
    <FontSize>14</FontSize>
    <Alignment>1</Alignment>
    <BorderStyle>0</BorderStyle>
    <Depth>12</Depth>
    <ForeColor>0,255,0</ForeColor>
    <BackColor>0,0,0</BackColor>
    <Caption>RPM</Caption>
    <Wrap>True</Wrap>
  </Label>
  <Label>
    <Left>5</Left>
    <Top>7</Top>
    <Height>25</Height>
    <Width>120</Width>
    <Name>Lab_InteruptLineNO</Name>
    <FontSize>14</FontSize>
    <Alignment>0</Alignment>
    <BorderStyle>0</BorderStyle>
    <Depth>11</Depth>
    <ForeColor>0,255,0</ForeColor>
    <BackColor>0,0,0</BackColor>
    <Caption>STR::Browser::MonGData::Caption::Lab_InteruptLineNO::InteruptLineNO</Caption>
    <Wrap>True</Wrap>
  </Label>
  <Label>
    <Left>130</Left>
    <Top>7</Top>
    <Height>25</Height>
    <Width>100</Width>
    <Name>Lab_BreakToolL</Name>
    <FontSize>14</FontSize>
    <Alignment>1</Alignment>
    <BorderStyle>0</BorderStyle>
    <Depth>10</Depth>
    <ForeColor>255,255,255</ForeColor>
    <BackColor>0,0,0</BackColor>
    <Caption>
    </Caption>
    <Wrap>True</Wrap>
  </Label>
  <Label>
    <Left>5</Left>
    <Top>33</Top>
    <Height>25</Height>
    <Width>120</Width>
    <Name>Lab_InteruptColNO</Name>
    <FontSize>14</FontSize>
    <Alignment>0</Alignment>
    <BorderStyle>0</BorderStyle>
    <Depth>9</Depth>
    <ForeColor>0,255,0</ForeColor>
    <BackColor>0,0,0</BackColor>
    <Caption>STR::Browser::MonGData::Caption::Lab_InteruptColNO::InteruptColNO</Caption>
    <Wrap>True</Wrap>
  </Label>
  <Label>
    <Left>130</Left>
    <Top>33</Top>
    <Height>25</Height>
    <Width>100</Width>
    <Name>Lab_BreakToolN</Name>
    <FontSize>14</FontSize>
    <Alignment>1</Alignment>
    <BorderStyle>0</BorderStyle>
    <Depth>8</Depth>
    <ForeColor>255,255,255</ForeColor>
    <BackColor>0,0,0</BackColor>
    <Caption>
    </Caption>
    <Wrap>True</Wrap>
  </Label>
  <Label>
    <Left>5</Left>
    <Top>163</Top>
    <Height>25</Height>
    <Width>120</Width>
    <Name>Lab_PartCountSet</Name>
    <FontSize>14</FontSize>
    <Alignment>0</Alignment>
    <BorderStyle>0</BorderStyle>
    <Depth>7</Depth>
    <ForeColor>0,255,255</ForeColor>
    <BackColor>0,0,0</BackColor>
    <Caption>STR::Browser::MonGData::Caption::Lab_PartCountSet::PartCountSet</Caption>
    <Wrap>True</Wrap>
  </Label>
  <Label>
    <Left>5</Left>
    <Top>188</Top>
    <Height>25</Height>
    <Width>120</Width>
    <Name>Lab_TotalAcumPartCount</Name>
    <FontSize>14</FontSize>
    <Alignment>0</Alignment>
    <BorderStyle>0</BorderStyle>
    <Depth>6</Depth>
    <ForeColor>0,255,0</ForeColor>
    <BackColor>0,0,0</BackColor>
    <Caption>STR::Browser::MonGData::Caption::Lab_TotalAcumPartCount::TotalAcumPartCount</Caption>
    <Wrap>True</Wrap>
  </Label>
  <Display>
    <Left>130</Left>
    <Top>188</Top>
    <Height>25</Height>
    <Name>Dis_TotalAcumPartCount</Name>
    <FontSize>14</FontSize>
    <Alignment>1</Alignment>
    <BorderStyle>1</BorderStyle>
    <Depth>5</Depth>
    <ForeColor>255,255,255</ForeColor>
    <BackColor>0,0,0</BackColor>
    <DisplayFormat>Long</DisplayFormat>
    <DisplaySource>R1004</DisplaySource>
  </Display>
  <Label>
    <Left>220</Left>
    <Top>188</Top>
    <Height>25</Height>
    <Name>Lab_AcumPartCount</Name>
    <FontSize>14</FontSize>
    <Alignment>0</Alignment>
    <BorderStyle>0</BorderStyle>
    <Depth>4</Depth>
    <ForeColor>0,255,0</ForeColor>
    <BackColor>0,0,0</BackColor>
    <Caption>STR::Browser::MonGData::Caption::Lab_AcumPartCount::AcumPartCount</Caption>
    <Wrap>True</Wrap>
  </Label>
  <Display>
    <Left>290</Left>
    <Top>188</Top>
    <Height>25</Height>
    <Name>Dis_AcumPartCount</Name>
    <FontSize>14</FontSize>
    <Alignment>1</Alignment>
    <BorderStyle>1</BorderStyle>
    <Depth>3</Depth>
    <ForeColor>255,255,255</ForeColor>
    <BackColor>0,0,0</BackColor>
    <DisplayFormat>Long</DisplayFormat>
    <DisplaySource>R1000</DisplaySource>
  </Display>
  <Label>
    <Left>5</Left>
    <Top>216</Top>
    <Height>25</Height>
    <Width>120</Width>
    <Name>Lab_RequiredPartCount</Name>
    <FontSize>14</FontSize>
    <Alignment>0</Alignment>
    <BorderStyle>0</BorderStyle>
    <Depth>2</Depth>
    <ForeColor>0,255,0</ForeColor>
    <BackColor>0,0,0</BackColor>
    <Caption>STR::Browser::MonGData::Caption::Lab_RequiredPartCount::RequiredPartCount</Caption>
    <Wrap>True</Wrap>
  </Label>
  <Input>
    <Left>130</Left>
    <Top>216</Top>
    <Height>25</Height>
    <Name>Inp_RequiredPartCount</Name>
    <FontSize>14</FontSize>
    <Alignment>1</Alignment>
    <BorderStyle>1</BorderStyle>
    <Depth>1</Depth>
    <ForeColor>255,255,255</ForeColor>
    <BackColor>0,0,0</BackColor>
    <EmptyVal>ignor</EmptyVal>
  </Input>
  <Label>
    <Left>5</Left>
    <Top>72</Top>
    <Height>25</Height>
    <Width>120</Width>
    <Name>Label1</Name>
    <FontSize>14</FontSize>
    <Alignment>0</Alignment>
    <BorderStyle>0</BorderStyle>
    <Depth>0</Depth>
    <ForeColor>0,255,255</ForeColor>
    <BackColor>0,0,0</BackColor>
    <Caption>STR::Browser::MonGData::Caption::Label1::ParamSet</Caption>
    <Wrap>True</Wrap>
  </Label>
</Screen>