﻿<?xml version="1.0" encoding="UTF-8"?>
<!--Created by 'eHMI'version2.2.22-->
<!--BROWSER SIZE|H:600|W:800-->
<Screen>
  <Name>MonitorSTDData</Name>
  <Panel>
    <Left>425</Left>
    <Top>245</Top>
    <Width>375</Width>
    <Height>225</Height>
    <Name>Pan_RunSimulation</Name>
    <BorderStyle>1</BorderStyle>
    <Depth>0</Depth>
    <BorderColor>255,255,255</BorderColor>
    <ForeColor>0,0,0</ForeColor>
  </Panel>
  <Panel>
    <Left>0</Left>
    <Top>245</Top>
    <Width>425</Width>
    <Height>225</Height>
    <Name>Pan_RunProgram</Name>
    <BorderStyle>1</BorderStyle>
    <Depth>30</Depth>
    <BorderColor>255,255,255</BorderColor>
    <ForeColor>0,0,0</ForeColor>
    <BackColor>255,255,255</BackColor>
  </Panel>
  <Panel>
    <Left>425</Left>
    <Top>245</Top>
    <Width>375</Width>
    <Height>225</Height>
    <Name>Pan_RunProgram_2</Name>
    <BorderStyle>1</BorderStyle>
    <Depth>30</Depth>
    <BorderColor>255,255,255</BorderColor>
    <ForeColor>0,0,0</ForeColor>
    <BackColor>255,255,255</BackColor>
  </Panel>
  <Panel>
    <Left>0</Left>
    <Top>0</Top>
    <Width>425</Width>
    <Height>245</Height>
    <Name>Pan_RunCoord</Name>
    <BorderStyle>1</BorderStyle>
    <Depth>29</Depth>
    <ForeColor>0,0,0</ForeColor>
    <BackColor>0,0,0</BackColor>
  </Panel>
  <Panel>
    <Left>425</Left>
    <Top>0</Top>
    <Width>375</Width>
    <Height>245</Height>
    <Name>Pan_RunStatus</Name>
    <BorderStyle>1</BorderStyle>
    <Depth>28</Depth>
    <BorderColor>255,255,255</BorderColor>
    <ForeColor>0,0,0</ForeColor>
    <BackColor>255,255,255</BackColor>
  </Panel>
  <Panel>
    <Left>425</Left>
    <Top>0</Top>
    <Width>375</Width>
    <Height>245</Height>
    <Name>Pan_RunSubStatus</Name>
    <BorderStyle>0</BorderStyle>
    <Depth>32</Depth>
    <ForeColor>122,22,22</ForeColor>
    <BackColor>0,0,0</BackColor>
    <Show_Simu>TRUE</Show_Simu>
    <Show_Prog>False</Show_Prog>
  </Panel>
  <Panel>
    <Left>0</Left>
    <Top>0</Top>
    <Width>800</Width>
    <Height>470</Height>
    <Name>Pan_MillToolStatus</Name>
    <BorderStyle>1</BorderStyle>
    <Depth>31</Depth>
    <ForeColor>122,22,22</ForeColor>
    <BackColor>192,192,192</BackColor>
    <Show_Simu>TRUE</Show_Simu>
    <Show_Prog>FALSE</Show_Prog>
  </Panel>
  <Label>
    <Left>169</Left>
    <Top>10</Top>
    <Height>24</Height>
    <Width>90</Width>
    <Name>Lab_WorkTime</Name>
    <FontSize>14</FontSize>
    <Alignment>0</Alignment>
    <BorderStyle>0</BorderStyle>
    <Depth>0</Depth>
    <ForeColor>0,255,0</ForeColor>
    <BackColor>0,0,0</BackColor>
    <Caption>STR::Browser::MonitorSTDData::Caption::Lab_WorkTime::RunTime</Caption>
    <Wrap>True</Wrap>
  </Label>
  <Label>
    <Left>255</Left>
    <Top>10</Top>
    <Height>25</Height>
    <Width>40</Width>
    <Name>Lab_HourValue</Name>
    <FontSize>14</FontSize>
    <BorderStyle>0</BorderStyle>
    <Depth>0</Depth>
    <ForeColor>255,255,255</ForeColor>
    <BackColor>0,0,0</BackColor>
    <Caption>
    </Caption>
    <Wrap>True</Wrap>
    <Depth>0</Depth>
  </Label>
  <Label>
    <Left>305</Left>
    <Top>10</Top>
    <Height>25</Height>
    <Width>25</Width>
    <Name>Lab_MinValue</Name>
    <FontSize>14</FontSize>
    <ForeColor>255,255,255</ForeColor>
    <BackColor>0,0,0</BackColor>
    <Caption>
    </Caption>
    <Wrap>True</Wrap>
    <Depth>0</Depth>
  </Label>
  <Label>
    <Left>340</Left>
    <Top>10</Top>
    <Height>25</Height>
    <Width>25</Width>
    <Name>Lab_SecValue</Name>
    <FontSize>14</FontSize>
    <ForeColor>255,255,255</ForeColor>
    <BackColor>0,0,0</BackColor>
    <Caption>
    </Caption>
    <Wrap>True</Wrap>
    <Depth>0</Depth>
  </Label>
  <Label>
    <Left>378</Left>
    <Top>1</Top>
    <Width>20</Width>
    <Name>Lab_WorkSec</Name>
    <FontSize>12</FontSize>
    <ForeColor>0,255,0</ForeColor>
    <BackColor>0,0,0</BackColor>
    <Caption>STR::Browser::MonitorSTDData::Caption::Lab_WorkSec::Sec</Caption>
    <Wrap>True</Wrap>
    <Depth>0</Depth>
  </Label>
  <Display>
    <Left>86</Left>
    <Top>166</Top>
    <Height>30</Height>
    <Width>72</Width>
    <Name>Dis_TotalAcumPartCount</Name>
    <FontSize>14</FontSize>
    <Alignment>1</Alignment>
    <ForeColor>255,255,255</ForeColor>
    <BackColor>0,0,0</BackColor>
    <DisplaySource>R1004</DisplaySource>
    <Depth>0</Depth>
  </Display>
  <Label>
    <Left>8</Left>
    <Top>165</Top>
    <Height>30</Height>
    <Width>80</Width>
    <Name>Lab_AcumPartCount</Name>
    <FontSize>14</FontSize>
    <Alignment>0</Alignment>
    <ForeColor>0,255,0</ForeColor>
    <BackColor>0,0,0</BackColor>
    <Caption>STR::Browser::MonitorSTDData::Caption::Lab_AcumPartCount::TotalAcumPartCount</Caption>
    <Wrap>True</Wrap>
    <Depth>0</Depth>
  </Label>
  <Display>
    <Left>82</Left>
    <Top>206</Top>
    <Height>30</Height>
    <Width>76</Width>
    <Name>Dis_AcumPartCount</Name>
    <FontSize>14</FontSize>
    <Alignment>1</Alignment>
    <ForeColor>255,255,255</ForeColor>
    <BackColor>0,0,0</BackColor>
    <DisplaySource>R1000</DisplaySource>
    <Depth>0</Depth>
  </Display>
  <Label>
    <Left>8</Left>
    <Top>205</Top>
    <Height>30</Height>
    <Width>80</Width>
    <Name>Lab_AcumPartCount</Name>
    <FontSize>14</FontSize>
    <Alignment>0</Alignment>
    <ForeColor>0,255,0</ForeColor>
    <BackColor>0,0,0</BackColor>
    <Caption>STR::Browser::MonitorSTDData::Caption::Lab_AcumPartCount::AcumPartCount</Caption>
    <Wrap>True</Wrap>
    <Depth>0</Depth>
  </Label>
  <Label>
    <Left>172</Left>
    <Top>69</Top>
    <Height>25</Height>
    <Width>100</Width>
    <Name>Lab_G00Override</Name>
    <FontSize>14</FontSize>
    <Alignment>0</Alignment>
    <ForeColor>0,255,0</ForeColor>
    <BackColor>0,0,0</BackColor>
    <Caption>STR::Browser::MonitorSTDData::Caption::Lab_G00Override::G00_Override</Caption>
    <Wrap>True</Wrap>
    <Depth>0</Depth>
  </Label>
  <Label>
    <Left>275</Left>
    <Top>69</Top>
    <Height>25</Height>
    <Width>50</Width>
    <Name>Lab_G00_OverrideValue</Name>
    <FontSize>14</FontSize>
    <Alignment>1</Alignment>
    <ForeColor>255,255,255</ForeColor>
    <BackColor>0,0,0</BackColor>
    <Caption>0</Caption>
    <Wrap>True</Wrap>
    <Depth>0</Depth>
  </Label>
  <Label>
    <Left>335</Left>
    <Top>69</Top>
    <Height>25</Height>
    <Width>30</Width>
    <Name>Lab_Percent</Name>
    <FontSize>14</FontSize>
    <Alignment>0</Alignment>
    <ForeColor>0,255,0</ForeColor>
    <BackColor>0,0,0</BackColor>
    <Caption>%</Caption>
    <Wrap>True</Wrap>
    <Depth>0</Depth>
  </Label>
  <Label>
    <Left>172</Left>
    <Top>94</Top>
    <Height>25</Height>
    <Width>100</Width>
    <Name>Lab_G01Override</Name>
    <FontSize>14</FontSize>
    <Alignment>0</Alignment>
    <ForeColor>0,255,0</ForeColor>
    <BackColor>0,0,0</BackColor>
    <Caption>STR::Browser::MonitorSTDData::Caption::Lab_G01Override::G01_Override</Caption>
    <Wrap>True</Wrap>
    <Depth>0</Depth>
  </Label>
  <Display>
    <Left>275</Left>
    <Top>94</Top>
    <Height>25</Height>
    <Width>50</Width>
    <Name>Dis_G01_Override</Name>
    <FontSize>14</FontSize>
    <Alignment>1</Alignment>
    <ForeColor>255,255,255</ForeColor>
    <BackColor>0,0,0</BackColor>
    <DisplaySource>K19</DisplaySource>
    <Depth>0</Depth>
    <Caption>0</Caption>
  </Display>
  <Label>
    <Left>335</Left>
    <Top>94</Top>
    <Height>25</Height>
    <Width>30</Width>
    <Name>Lab_Percent</Name>
    <FontSize>14</FontSize>
    <Alignment>0</Alignment>
    <ForeColor>0,255,0</ForeColor>
    <BackColor>0,0,0</BackColor>
    <Caption>%</Caption>
    <Wrap>True</Wrap>
    <Depth>0</Depth>
  </Label>
  <Label>
    <Left>172</Left>
    <Top>119</Top>
    <Height>25</Height>
    <Width>100</Width>
    <Name>Lab_SpindleOverride</Name>
    <FontSize>14</FontSize>
    <Alignment>0</Alignment>
    <ForeColor>0,255,0</ForeColor>
    <BackColor>0,0,0</BackColor>
    <Caption>STR::Browser::MonitorSTDData::Caption::Lab_SpindleOverride::Spd_Override</Caption>
    <Wrap>True</Wrap>
    <Depth>0</Depth>
  </Label>
  <Display>
    <Left>275</Left>
    <Top>119</Top>
    <Height>25</Height>
    <Width>50</Width>
    <Name>Dis_SpindleOverride</Name>
    <FontSize>14</FontSize>
    <Alignment>1</Alignment>
    <ForeColor>255,255,255</ForeColor>
    <BackColor>0,0,0</BackColor>
    <DisplaySource>K21</DisplaySource>
    <Depth>0</Depth>
    <Caption>0</Caption>
  </Display>
  <Label>
    <Left>335</Left>
    <Top>119</Top>
    <Height>25</Height>
    <Width>30</Width>
    <Name>Lab_Percent</Name>
    <FontSize>14</FontSize>
    <Alignment>0</Alignment>
    <ForeColor>0,255,0</ForeColor>
    <BackColor>0,0,0</BackColor>
    <Caption>%</Caption>
    <Wrap>True</Wrap>
    <Depth>0</Depth>
  </Label>
  <Label>
    <Left>202</Left>
    <Top>161</Top>
    <Width>25</Width>
    <Name>Lab_T</Name>
    <FontSize>14</FontSize>
    <Alignment>0</Alignment>
    <ForeColor>0,255,0</ForeColor>
    <BackColor>0,0,0</BackColor>
    <Caption>T</Caption>
    <Wrap>True</Wrap>
    <Depth>0</Depth>
  </Label>
  <Display>
    <Left>229</Left>
    <Top>161</Top>
    <Width>30</Width>
    <Name>Dis_T</Name>
    <FontSize>14</FontSize>
    <ForeColor>255,255,255</ForeColor>
    <BackColor>0,0,0</BackColor>
    <DisplaySource>K2</DisplaySource>
    <Depth>0</Depth>
  </Display>
  <Label>
    <Left>261</Left>
    <Top>161</Top>
    <Width>25</Width>
    <Name>Lab_D</Name>
    <FontSize>14</FontSize>
    <Alignment>0</Alignment>
    <ForeColor>0,255,0</ForeColor>
    <BackColor>0,0,0</BackColor>
    <Caption>D</Caption>
    <Wrap>True</Wrap>
    <Depth>0</Depth>
  </Label>
  <Display>
    <Left>288</Left>
    <Top>161</Top>
    <Width>25</Width>
    <Name>Dis_D</Name>
    <FontSize>14</FontSize>
    <ForeColor>255,255,255</ForeColor>
    <BackColor>0,0,0</BackColor>
    <DisplaySource>K15</DisplaySource>
    <Depth>0</Depth>
  </Display>
  <Label>
    <Left>315</Left>
    <Top>161</Top>
    <Width>25</Width>
    <Name>Lab_H</Name>
    <FontSize>14</FontSize>
    <Alignment>0</Alignment>
    <ForeColor>0,255,0</ForeColor>
    <BackColor>0,0,0</BackColor>
    <Caption>H</Caption>
    <Wrap>True</Wrap>
    <Depth>0</Depth>
  </Label>
  <Display>
    <Left>342</Left>
    <Top>161</Top>
    <Width>25</Width>
    <Name>Dis_H</Name>
    <FontSize>14</FontSize>
    <ForeColor>255,255,255</ForeColor>
    <BackColor>0,0,0</BackColor>
    <DisplaySource>K16</DisplaySource>
    <Depth>0</Depth>
  </Display>
  <Label>
    <Left>172</Left>
    <Top>205</Top>
    <Height>30</Height>
    <Width>102</Width>
    <Name>Lab_StartNo</Name>
    <FontSize>14</FontSize>
    <Alignment>0</Alignment>
    <ForeColor>0,255,0</ForeColor>
    <BackColor>0,0,0</BackColor>
    <Caption>STR::Browser::MonitorSTDData::Caption::Lab_StartNo::StartBlockNo</Caption>
    <Wrap>True</Wrap>
    <Depth>0</Depth>
  </Label>
  <Input>
    <Left>275</Left>
    <Top>208</Top>
    <Height>24</Height>
    <Width>87</Width>
    <Name>Inp_NLabelValue</Name>
    <FontSize>14</FontSize>
    <Alignment>1</Alignment>
    <BorderStyle>1</BorderStyle>
    <ForeColor>0,0,0</ForeColor>
    <BackColor>255,255,255</BackColor>
    <InputFormat>String</InputFormat>
    <EmptyVal>ignor</EmptyVal>
    <Depth>0</Depth>
  </Input>
  <Panel>
    <Left>0</Left>
    <Top>0</Top>
    <Width>375</Width>
    <Height>245</Height>
    <Name>Panel</Name>
    <BorderStyle>1</BorderStyle>
    <BorderColor>255,255,255</BorderColor>
    <ForeColor>0,0,0</ForeColor>
    <BackColor>255,255,255</BackColor>
    <Depth>27</Depth>
  </Panel>
  <Label>
    <Left>295</Left>
    <Top>10</Top>
    <Height>25</Height>
    <Width>10</Width>
    <Name>Lab_Semi1</Name>
    <FontSize>14</FontSize>
    <ForeColor>0,255,0</ForeColor>
    <BackColor>0,0,0</BackColor>
    <Caption>：</Caption>
    <Depth>0</Depth>
  </Label>
  <Label>
    <Left>330</Left>
    <Top>10</Top>
    <Height>25</Height>
    <Width>10</Width>
    <Name>Lab_Semi2</Name>
    <FontSize>14</FontSize>
    <ForeColor>0,255,0</ForeColor>
    <BackColor>0,0,0</BackColor>
    <Caption>：</Caption>
    <Depth>0</Depth>
  </Label>
  <Label>
    <Left>169</Left>
    <Top>35</Top>
    <Height>25</Height>
    <Width>90</Width>
    <Name>Lab_AcuWorkTime</Name>
    <FontSize>14</FontSize>
    <Alignment>0</Alignment>
    <ForeColor>0,255,0</ForeColor>
    <BackColor>0,0,0</BackColor>
    <Caption>STR::Browser::MonitorSTDData::Caption::Lab_AcuWorkTime::AcuRunTime</Caption>
    <Wrap>True</Wrap>
    <Depth>0</Depth>
  </Label>
  <Label>
    <Left>295</Left>
    <Top>35</Top>
    <Height>25</Height>
    <Width>10</Width>
    <Name>Lab_Semi3</Name>
    <FontSize>14</FontSize>
    <ForeColor>0,255,0</ForeColor>
    <BackColor>0,0,0</BackColor>
    <Caption>：</Caption>
    <Depth>0</Depth>
  </Label>
  <Label>
    <Left>330</Left>
    <Top>35</Top>
    <Height>25</Height>
    <Width>10</Width>
    <Name>Lab_Semi4</Name>
    <FontSize>14</FontSize>
    <ForeColor>0,255,0</ForeColor>
    <BackColor>0,0,0</BackColor>
    <Caption>：</Caption>
    <Depth>0</Depth>
  </Label>
  <Label>
    <Left>255</Left>
    <Top>35</Top>
    <Height>25</Height>
    <Width>40</Width>
    <Name>Lab_AccHourValue</Name>
    <FontSize>14</FontSize>
    <ForeColor>255,255,255</ForeColor>
    <BackColor>0,0,0</BackColor>
    <Caption>
    </Caption>
    <Wrap>True</Wrap>
    <Depth>0</Depth>
  </Label>
  <Label>
    <Left>305</Left>
    <Top>35</Top>
    <Height>25</Height>
    <Width>25</Width>
    <Name>Lab_AccMinValue</Name>
    <FontSize>14</FontSize>
    <ForeColor>255,255,255</ForeColor>
    <BackColor>0,0,0</BackColor>
    <Caption>
    </Caption>
    <Wrap>True</Wrap>
    <Depth>0</Depth>
  </Label>
  <Label>
    <Left>340</Left>
    <Top>35</Top>
    <Height>25</Height>
    <Width>25</Width>
    <Name>Lab_AccSecValue</Name>
    <FontSize>14</FontSize>
    <ForeColor>255,255,255</ForeColor>
    <BackColor>0,0,0</BackColor>
    <Caption>
    </Caption>
    <Wrap>True</Wrap>
    <Depth>0</Depth>
  </Label>
  <Panel>
    <Left>165</Left>
    <Top>155</Top>
    <Width>206</Width>
    <Height>87</Height>
    <Name>Panel_v</Name>
    <BackColor>0,0,0</BackColor>
    <Depth>0</Depth>
  </Panel>
  <Panel>
    <Left>165</Left>
    <Top>64</Top>
    <Width>206</Width>
    <Height>90</Height>
    <Name>Panel1</Name>
    <BackColor>0,0,0</BackColor>
    <Depth>0</Depth>
  </Panel>
  <Panel>
    <Left>165</Left>
    <Top>0</Top>
    <Width>206</Width>
    <Height>63</Height>
    <Name>Panel2</Name>
    <BackColor>0,0,0</BackColor>
    <Depth>0</Depth>
  </Panel>
  <Panel>
    <Left>0</Left>
    <Top>0</Top>
    <Width>164</Width>
    <Height>154</Height>
    <Name>Panel3</Name>
    <BackColor>0,0,0</BackColor>
    <Depth>0</Depth>
  </Panel>
  <Panel>
    <Left>0</Left>
    <Top>155</Top>
    <Width>164</Width>
    <Height>87</Height>
    <Name>Panel4</Name>
    <BackColor>0,0,0</BackColor>
    <Depth>0</Depth>
  </Panel>
  <Label>
    <Left>8</Left>
    <Top>8</Top>
    <Height>22</Height>
    <Width>100</Width>
    <Name>Label1</Name>
    <FontSize>14</FontSize>
    <Alignment>0</Alignment>
    <ForeColor>0,255,255</ForeColor>
    <BackColor>0,0,0</BackColor>
    <Caption>$1</Caption>
    <Wrap>True</Wrap>
    <Depth>0</Depth>
  </Label>
  <Label>
    <Left>108</Left>
    <Top>8</Top>
    <Height>22</Height>
    <Width>50</Width>
    <Name>Val_Interpolation</Name>
    <FontSize>18</FontSize>
    <Alignment>0</Alignment>
    <ForeColor>255,255,255</ForeColor>
    <BackColor>0,0,0</BackColor>
    <Caption>
    </Caption>
    <Wrap>True</Wrap>
    <Depth>0</Depth>
  </Label>
  <Label>
    <Left>8</Left>
    <Top>31</Top>
    <Height>22</Height>
    <Width>50</Width>
    <Name>Val_WorkPlane</Name>
    <FontSize>18</FontSize>
    <Alignment>0</Alignment>
    <ForeColor>255,255,255</ForeColor>
    <BackColor>0,0,0</BackColor>
    <Caption>
    </Caption>
    <Depth>0</Depth>
  </Label>
  <Label>
    <Left>58</Left>
    <Top>54</Top>
    <Height>22</Height>
    <Width>50</Width>
    <Name>Val_ToolDiaComp</Name>
    <FontSize>18</FontSize>
    <Alignment>0</Alignment>
    <ForeColor>255,255,255</ForeColor>
    <BackColor>0,0,0</BackColor>
    <Caption>
    </Caption>
    <Wrap>True</Wrap>
    <Depth>0</Depth>
  </Label>
  <Label>
    <Left>108</Left>
    <Top>54</Top>
    <Height>22</Height>
    <Width>50</Width>
    <Name>Val_TooLenComp</Name>
    <FontSize>18</FontSize>
    <Alignment>0</Alignment>
    <ForeColor>255,255,255</ForeColor>
    <BackColor>0,0,0</BackColor>
    <Caption>
    </Caption>
    <Wrap>True</Wrap>
    <Depth>0</Depth>
  </Label>
  <Label>
    <Left>8</Left>
    <Top>54</Top>
    <Height>22</Height>
    <Width>50</Width>
    <Name>Val_Unit</Name>
    <FontSize>18</FontSize>
    <Alignment>0</Alignment>
    <ForeColor>255,255,255</ForeColor>
    <BackColor>0,0,0</BackColor>
    <Caption>
    </Caption>
    <Wrap>True</Wrap>
    <Depth>0</Depth>
  </Label>
  <Label>
    <Left>58</Left>
    <Top>31</Top>
    <Height>22</Height>
    <Width>50</Width>
    <Name>Val_AbsRelMode</Name>
    <FontSize>18</FontSize>
    <Alignment>0</Alignment>
    <ForeColor>255,255,255</ForeColor>
    <BackColor>0,0,0</BackColor>
    <Caption>
    </Caption>
    <Wrap>True</Wrap>
    <Depth>0</Depth>
  </Label>
  <Label>
    <Left>108</Left>
    <Top>31</Top>
    <Height>22</Height>
    <Width>50</Width>
    <Name>Val_FeedRate</Name>
    <FontSize>18</FontSize>
    <Alignment>0</Alignment>
    <ForeColor>255,255,255</ForeColor>
    <BackColor>0,0,0</BackColor>
    <Caption>
    </Caption>
    <Wrap>True</Wrap>
    <Depth>0</Depth>
  </Label>
  <Label>
    <Left>8</Left>
    <Top>77</Top>
    <Height>22</Height>
    <Width>100</Width>
    <Name>Label9</Name>
    <FontSize>14</FontSize>
    <Alignment>0</Alignment>
    <ForeColor>0,255,255</ForeColor>
    <BackColor>0,0,0</BackColor>
    <Caption>$2</Caption>
    <Wrap>True</Wrap>
    <Depth>0</Depth>
  </Label>
  <Label>
    <Left>108</Left>
    <Top>77</Top>
    <Height>22</Height>
    <Width>50</Width>
    <Name>Val_Interpolation_2</Name>
    <FontSize>18</FontSize>
    <Alignment>0</Alignment>
    <ForeColor>255,255,255</ForeColor>
    <BackColor>0,0,0</BackColor>
    <Caption>
    </Caption>
    <Wrap>True</Wrap>
    <Depth>0</Depth>
  </Label>
  <Label>
    <Left>8</Left>
    <Top>100</Top>
    <Height>22</Height>
    <Width>50</Width>
    <Name>Val_WorkPlane_2</Name>
    <FontSize>18</FontSize>
    <Alignment>0</Alignment>
    <ForeColor>255,255,255</ForeColor>
    <BackColor>0,0,0</BackColor>
    <Caption>
    </Caption>
    <Depth>0</Depth>
  </Label>
  <Label>
    <Left>58</Left>
    <Top>123</Top>
    <Height>22</Height>
    <Width>50</Width>
    <Name>Val_ToolDiaComp_2</Name>
    <FontSize>18</FontSize>
    <Alignment>0</Alignment>
    <ForeColor>255,255,255</ForeColor>
    <BackColor>0,0,0</BackColor>
    <Caption>
    </Caption>
    <Wrap>True</Wrap>
    <Depth>0</Depth>
  </Label>
  <Label>
    <Left>108</Left>
    <Top>123</Top>
    <Height>22</Height>
    <Width>50</Width>
    <Name>Val_TooLenComp_2</Name>
    <FontSize>18</FontSize>
    <Alignment>0</Alignment>
    <ForeColor>255,255,255</ForeColor>
    <BackColor>0,0,0</BackColor>
    <Caption>
    </Caption>
    <Wrap>True</Wrap>
    <Depth>0</Depth>
  </Label>
  <Label>
    <Left>8</Left>
    <Top>123</Top>
    <Height>22</Height>
    <Width>50</Width>
    <Name>Val_Unit_2</Name>
    <FontSize>18</FontSize>
    <Alignment>0</Alignment>
    <ForeColor>255,255,255</ForeColor>
    <BackColor>0,0,0</BackColor>
    <Caption>
    </Caption>
    <Wrap>True</Wrap>
    <Depth>0</Depth>
  </Label>
  <Label>
    <Left>58</Left>
    <Top>100</Top>
    <Height>22</Height>
    <Width>50</Width>
    <Name>Val_AbsRelMode_2</Name>
    <FontSize>18</FontSize>
    <Alignment>0</Alignment>
    <ForeColor>255,255,255</ForeColor>
    <BackColor>0,0,0</BackColor>
    <Caption>
    </Caption>
    <Wrap>True</Wrap>
    <Depth>0</Depth>
  </Label>
  <Label>
    <Left>108</Left>
    <Top>100</Top>
    <Height>22</Height>
    <Width>50</Width>
    <Name>Val_FeedRate_2</Name>
    <FontSize>18</FontSize>
    <Alignment>0</Alignment>
    <ForeColor>255,255,255</ForeColor>
    <BackColor>0,0,0</BackColor>
    <Caption>
    </Caption>
    <Wrap>True</Wrap>
    <Depth>0</Depth>
  </Label>
  <Label>
    <Left>168</Left>
    <Top>161</Top>
    <Width>33</Width>
    <Name>Label2</Name>
    <FontSize>14</FontSize>
    <Alignment>0</Alignment>
    <ForeColor>0,255,255</ForeColor>
    <BackColor>0,0,0</BackColor>
    <Caption>$1</Caption>
    <Wrap>True</Wrap>
    <Depth>0</Depth>
  </Label>
  <Label>
    <Left>202</Left>
    <Top>183</Top>
    <Width>25</Width>
    <Name>Label3</Name>
    <FontSize>14</FontSize>
    <Alignment>0</Alignment>
    <ForeColor>0,255,0</ForeColor>
    <BackColor>0,0,0</BackColor>
    <Caption>T</Caption>
    <Wrap>True</Wrap>
    <Depth>0</Depth>
  </Label>
  <Display>
    <Left>229</Left>
    <Top>183</Top>
    <Width>30</Width>
    <Name>Dis_T_2</Name>
    <FontSize>14</FontSize>
    <ForeColor>255,255,255</ForeColor>
    <BackColor>0,0,0</BackColor>
    <DisplaySource>R535</DisplaySource>
    <Depth>0</Depth>
  </Display>
  <Label>
    <Left>261</Left>
    <Top>183</Top>
    <Width>25</Width>
    <Name>Label4</Name>
    <FontSize>14</FontSize>
    <Alignment>0</Alignment>
    <ForeColor>0,255,0</ForeColor>
    <BackColor>0,0,0</BackColor>
    <Caption>D</Caption>
    <Wrap>True</Wrap>
    <Depth>0</Depth>
  </Label>
  <Display>
    <Left>288</Left>
    <Top>183</Top>
    <Width>25</Width>
    <Name>Dis_D_2</Name>
    <FontSize>14</FontSize>
    <ForeColor>255,255,255</ForeColor>
    <BackColor>0,0,0</BackColor>
    <DisplaySource>K15</DisplaySource>
    <Depth>0</Depth>
  </Display>
  <Label>
    <Left>315</Left>
    <Top>183</Top>
    <Width>25</Width>
    <Name>Label5</Name>
    <FontSize>14</FontSize>
    <Alignment>0</Alignment>
    <ForeColor>0,255,0</ForeColor>
    <BackColor>0,0,0</BackColor>
    <Caption>H</Caption>
    <Wrap>True</Wrap>
    <Depth>0</Depth>
  </Label>
  <Display>
    <Left>342</Left>
    <Top>183</Top>
    <Width>25</Width>
    <Name>Dis_H_2</Name>
    <FontSize>14</FontSize>
    <ForeColor>255,255,255</ForeColor>
    <BackColor>0,0,0</BackColor>
    <DisplaySource>K16</DisplaySource>
    <Depth>0</Depth>
  </Display>
  <Label>
    <Left>168</Left>
    <Top>183</Top>
    <Width>33</Width>
    <Name>Label6</Name>
    <FontSize>14</FontSize>
    <Alignment>0</Alignment>
    <ForeColor>0,255,255</ForeColor>
    <BackColor>0,0,0</BackColor>
    <Caption>$2</Caption>
    <Wrap>True</Wrap>
    <Depth>0</Depth>
  </Label>
</Screen>