﻿<?xml version="1.0" encoding="UTF-8"?>
<!--Created by 'eHMI'version2.2.3-->
<!--BROWSER SIZE|H:600|W:800-->
<Screen>
  <Name>NetworkSet_1st</Name>
  <Panel>
    <Left>0</Left>
    <Top>0</Top>
    <Width>800</Width>
    <Height>470</Height>
    <Name>Pan_BackBone</Name>
    <BorderStyle>1</BorderStyle>
    <Depth>30</Depth>
    <BackColor>205,215,222</BackColor>
  </Panel>
  <Label>
    <Left>180</Left>
    <Top>16</Top>
    <Height>25</Height>
    <Width>180</Width>
    <Name>Lab_IPParamTitle</Name>
    <FontSize>12</FontSize>
    <BorderStyle>0</BorderStyle>
    <Depth>29</Depth>
    <BackColor>205,215,222</BackColor>
    <Caption>STR::Browser::NetworkSet::Caption::Lab_IPParamTitle::IPAddressParameter</Caption>
    <Wrap>True</Wrap>
  </Label>
  <Label>
    <Left>25</Left>
    <Top>45</Top>
    <Height>25</Height>
    <Width>150</Width>
    <Name>Lab_DHCPTitle</Name>
    <FontSize>12</FontSize>
    <Alignment>0</Alignment>
    <BorderStyle>0</BorderStyle>
    <Depth>28</Depth>
    <BackColor>205,215,222</BackColor>
    <Caption>STR::Browser::NetworkSet::Caption::Lab_DHCPTitle::IPAddressSetting</Caption>
    <Wrap>True</Wrap>
  </Label>
  <ListInput>
    <Left>180</Left>
    <Top>45</Top>
    <Height>25</Height>
    <Width>350</Width>
    <Name>Inp_IsEnableDHCP</Name>
    <FontSize>12</FontSize>
    <BorderStyle>1</BorderStyle>
    <Depth>27</Depth>
    <BorderColor>128,128,128</BorderColor>
    <ForeColor>0,0,0</ForeColor>
    <BackColor>205,215,222</BackColor>
    <ListItems>
      <Item>
        <ItemCaption>STR::Browser::NetworkSet::ItemCaption::Inp_IsEnableDHCP::SpecifyIP</ItemCaption>
        <ItemValue>0</ItemValue>
      </Item>
      <Item>
        <ItemCaption>STR::Browser::NetworkSet::ItemCaption::Inp_IsEnableDHCP::GetByDHCP</ItemCaption>
        <ItemValue>1</ItemValue>
      </Item>
    </ListItems>
    <MappingToRegistry>0</MappingToRegistry>
    <EmptyVal>accept</EmptyVal>
  </ListInput>
  <Label>
    <Left>25</Left>
    <Top>75</Top>
    <Height>25</Height>
    <Width>120</Width>
    <Name>Lab_IPTitle</Name>
    <FontSize>12</FontSize>
    <Alignment>0</Alignment>
    <BorderStyle>0</BorderStyle>
    <Depth>26</Depth>
    <BackColor>205,215,222</BackColor>
    <Caption>STR::Browser::NetworkSet::Caption::Lab_IPTitle::IPAddress</Caption>
    <Wrap>True</Wrap>
  </Label>
  <Input>
    <Left>130</Left>
    <Top>75</Top>
    <Height>25</Height>
    <Width>130</Width>
    <Name>Inp_IPAddress</Name>
    <FontSize>12</FontSize>
    <BorderStyle>1</BorderStyle>
    <Depth>25</Depth>
    <BorderColor>128,128,128</BorderColor>
    <ForeColor>0,0,0</ForeColor>
    <BackColor>205,215,222</BackColor>
    <InputFormat>String</InputFormat>
    <MappingToRegistry>0</MappingToRegistry>
    <EmptyVal>accept</EmptyVal>
  </Input>
  <Label>
    <Left>25</Left>
    <Top>105</Top>
    <Height>25</Height>
    <Width>120</Width>
    <Name>Lab_NetMaskTitle</Name>
    <FontSize>12</FontSize>
    <Alignment>0</Alignment>
    <BorderStyle>0</BorderStyle>
    <Depth>24</Depth>
    <BackColor>205,215,222</BackColor>
    <Caption>STR::Browser::NetworkSet::Caption::Lab_NetMaskTitle::SubnetMask</Caption>
    <Wrap>True</Wrap>
  </Label>
  <Input>
    <Left>130</Left>
    <Top>105</Top>
    <Height>25</Height>
    <Width>130</Width>
    <Name>Inp_SubnetMask</Name>
    <FontSize>12</FontSize>
    <BorderStyle>1</BorderStyle>
    <Depth>23</Depth>
    <BorderColor>128,128,128</BorderColor>
    <ForeColor>0,0,0</ForeColor>
    <BackColor>205,215,222</BackColor>
    <InputFormat>String</InputFormat>
    <MappingToRegistry>0</MappingToRegistry>
    <EmptyVal>accept</EmptyVal>
  </Input>
  <Label>
    <Left>25</Left>
    <Top>135</Top>
    <Height>25</Height>
    <Width>120</Width>
    <Name>Lab_GatewayTitle</Name>
    <FontSize>12</FontSize>
    <Alignment>0</Alignment>
    <BorderStyle>0</BorderStyle>
    <Depth>22</Depth>
    <BackColor>205,215,222</BackColor>
    <Caption>STR::Browser::NetworkSet::Caption::Lab_GatewayTitle::DefGateway</Caption>
    <Wrap>True</Wrap>
  </Label>
  <Input>
    <Left>130</Left>
    <Top>135</Top>
    <Height>25</Height>
    <Width>130</Width>
    <Name>Inp_DefGateway</Name>
    <FontSize>12</FontSize>
    <BorderStyle>1</BorderStyle>
    <Depth>21</Depth>
    <BorderColor>128,128,128</BorderColor>
    <ForeColor>0,0,0</ForeColor>
    <BackColor>205,215,222</BackColor>
    <InputFormat>String</InputFormat>
    <MappingToRegistry>0</MappingToRegistry>
    <EmptyVal>accept</EmptyVal>
  </Input>
  <Label>
    <Left>275</Left>
    <Top>75</Top>
    <Height>25</Height>
    <Width>250</Width>
    <Name>Lab_NameServerTitle</Name>
    <FontSize>12</FontSize>
    <Alignment>0</Alignment>
    <BorderStyle>0</BorderStyle>
    <Depth>20</Depth>
    <BackColor>205,215,222</BackColor>
    <Caption>STR::Browser::NetworkSet::Caption::Lab_NameServerTitle::NameServerParameter</Caption>
    <Wrap>True</Wrap>
  </Label>
  <Label>
    <Left>275</Left>
    <Top>105</Top>
    <Height>25</Height>
    <Width>120</Width>
    <Name>Lab_PriDNSTitle</Name>
    <FontSize>12</FontSize>
    <Alignment>0</Alignment>
    <BorderStyle>0</BorderStyle>
    <Depth>19</Depth>
    <BackColor>205,215,222</BackColor>
    <Caption>STR::Browser::NetworkSet::Caption::Lab_PriDNSTitle::PrimaryDNS</Caption>
    <Wrap>True</Wrap>
  </Label>
  <Input>
    <Left>400</Left>
    <Top>105</Top>
    <Height>25</Height>
    <Width>130</Width>
    <Name>Inp_PriDNS</Name>
    <FontSize>12</FontSize>
    <BorderStyle>1</BorderStyle>
    <Depth>18</Depth>
    <BorderColor>128,128,128</BorderColor>
    <ForeColor>0,0,0</ForeColor>
    <BackColor>205,215,222</BackColor>
    <InputFormat>String</InputFormat>
    <MappingToRegistry>0</MappingToRegistry>
    <EmptyVal>accept</EmptyVal>
  </Input>
  <Label>
    <Left>275</Left>
    <Top>135</Top>
    <Height>25</Height>
    <Width>120</Width>
    <Name>Lab_PriWINSTitle</Name>
    <FontSize>12</FontSize>
    <Alignment>0</Alignment>
    <BorderStyle>0</BorderStyle>
    <Depth>17</Depth>
    <BackColor>205,215,222</BackColor>
    <Caption>STR::Browser::NetworkSet::Caption::Lab_PriWINSTitle::PrimaryWINS</Caption>
    <Wrap>True</Wrap>
  </Label>
  <Input>
    <Left>400</Left>
    <Top>135</Top>
    <Height>25</Height>
    <Width>130</Width>
    <Name>Inp_PriWINS</Name>
    <FontSize>12</FontSize>
    <BorderStyle>1</BorderStyle>
    <Depth>16</Depth>
    <BorderColor>128,128,128</BorderColor>
    <ForeColor>0,0,0</ForeColor>
    <BackColor>205,215,222</BackColor>
    <InputFormat>String</InputFormat>
    <MappingToRegistry>0</MappingToRegistry>
    <EmptyVal>accept</EmptyVal>
  </Input>
  <Label>
    <Left>72</Left>
    <Top>171</Top>
    <Height>25</Height>
    <Width>200</Width>
    <Name>Lab_NetDiskTitle</Name>
    <FontSize>12</FontSize>
    <Alignment>1</Alignment>
    <BorderStyle>0</BorderStyle>
    <Depth>15</Depth>
    <BackColor>205,215,222</BackColor>
    <Caption>STR::Browser::NetworkSet::Caption::Lab_NetDiskTitle::NetworkDisk</Caption>
    <Wrap>True</Wrap>
  </Label>
  <Label>
    <Left>272</Left>
    <Top>171</Top>
    <Height>25</Height>
    <Width>150</Width>
    <Name>Lab_RemotePath</Name>
    <FontSize>12</FontSize>
    <Alignment>0</Alignment>
    <BorderStyle>0</BorderStyle>
    <Depth>14</Depth>
    <BackColor>205,215,222</BackColor>
    <Caption>STR::Browser::NetworkSet::Caption::Lab_RemotePath::RemoteHostPath</Caption>
    <Wrap>True</Wrap>
  </Label>
  <Label>
    <Left>25</Left>
    <Top>200</Top>
    <Height>25</Height>
    <Width>120</Width>
    <Name>Lab_PCName</Name>
    <FontSize>12</FontSize>
    <Alignment>0</Alignment>
    <BorderStyle>0</BorderStyle>
    <Depth>13</Depth>
    <BackColor>205,215,222</BackColor>
    <Caption>STR::Browser::NetworkSet::Caption::Lab_PCName::PCName</Caption>
    <Wrap>True</Wrap>
  </Label>
  <Input>
    <Left>130</Left>
    <Top>200</Top>
    <Height>25</Height>
    <Width>130</Width>
    <Name>Input_PCName</Name>
    <FontSize>12</FontSize>
    <BorderStyle>1</BorderStyle>
    <Depth>12</Depth>
    <BorderColor>128,128,128</BorderColor>
    <ForeColor>0,0,0</ForeColor>
    <BackColor>205,215,222</BackColor>
    <InputFormat>String</InputFormat>
    <MappingToRegistry>0</MappingToRegistry>
    <EmptyVal>accept</EmptyVal>
  </Input>
  <Label>
    <Left>275</Left>
    <Top>200</Top>
    <Height>25</Height>
    <Width>120</Width>
    <Name>Lab_DirName</Name>
    <FontSize>12</FontSize>
    <Alignment>0</Alignment>
    <BorderStyle>0</BorderStyle>
    <Depth>11</Depth>
    <BackColor>205,215,222</BackColor>
    <Caption>STR::Browser::NetworkSet::Caption::Lab_DirName::DirName</Caption>
    <Wrap>True</Wrap>
  </Label>
  <Input>
    <Left>400</Left>
    <Top>200</Top>
    <Height>25</Height>
    <Width>130</Width>
    <Name>Input_DirName</Name>
    <FontSize>12</FontSize>
    <BorderStyle>1</BorderStyle>
    <Depth>10</Depth>
    <BorderColor>128,128,128</BorderColor>
    <ForeColor>0,0,0</ForeColor>
    <BackColor>205,215,222</BackColor>
    <InputFormat>String</InputFormat>
    <MappingToRegistry>0</MappingToRegistry>
    <EmptyVal>accept</EmptyVal>
  </Input>
  <Label>
    <Left>25</Left>
    <Top>230</Top>
    <Height>25</Height>
    <Width>120</Width>
    <Name>Lab_UserName</Name>
    <FontSize>12</FontSize>
    <Alignment>0</Alignment>
    <BorderStyle>0</BorderStyle>
    <Depth>9</Depth>
    <BackColor>205,215,222</BackColor>
    <Caption>STR::Browser::NetworkSet::Caption::Lab_UserName::UserName</Caption>
    <Wrap>True</Wrap>
  </Label>
  <Input>
    <Left>130</Left>
    <Top>230</Top>
    <Height>25</Height>
    <Width>130</Width>
    <Name>Input_UserName</Name>
    <FontSize>12</FontSize>
    <BorderStyle>1</BorderStyle>
    <Depth>8</Depth>
    <BorderColor>128,128,128</BorderColor>
    <ForeColor>0,0,0</ForeColor>
    <BackColor>205,215,222</BackColor>
    <InputFormat>String</InputFormat>
    <MappingToRegistry>0</MappingToRegistry>
    <EmptyVal>accept</EmptyVal>
  </Input>
  <Label>
    <Left>275</Left>
    <Top>230</Top>
    <Height>25</Height>
    <Width>120</Width>
    <Name>Lab_DirPassword</Name>
    <FontSize>12</FontSize>
    <Alignment>0</Alignment>
    <BorderStyle>0</BorderStyle>
    <Depth>7</Depth>
    <BackColor>205,215,222</BackColor>
    <Caption>STR::Browser::NetworkSet::Caption::Lab_DirPassword::DirPassword</Caption>
    <Wrap>True</Wrap>
  </Label>
  <Input>
    <Left>400</Left>
    <Top>230</Top>
    <Height>25</Height>
    <Width>130</Width>
    <Name>Input_DirPassword</Name>
    <FontSize>12</FontSize>
    <BorderStyle>1</BorderStyle>
    <Depth>6</Depth>
    <BorderColor>128,128,128</BorderColor>
    <ForeColor>0,0,0</ForeColor>
    <BackColor>205,215,222</BackColor>
    <InputFormat>String</InputFormat>
    <MappingToRegistry>0</MappingToRegistry>
    <EmptyVal>accept</EmptyVal>
  </Input>
  <Label>
    <Left>25</Left>
    <Top>260</Top>
    <Height>25</Height>
    <Width>120</Width>
    <Name>Lab_NetStatus</Name>
    <FontSize>12</FontSize>
    <Alignment>0</Alignment>
    <BorderStyle>0</BorderStyle>
    <Depth>5</Depth>
    <BackColor>205,215,222</BackColor>
    <Caption>STR::Browser::NetworkSet::Caption::Lab_NetStatus::NetStatus</Caption>
    <Wrap>True</Wrap>
  </Label>
  <Label>
    <Left>130</Left>
    <Top>260</Top>
    <Height>25</Height>
    <Width>400</Width>
    <Name>Lab_NetStatusValue</Name>
    <FontSize>11</FontSize>
    <Alignment>0</Alignment>
    <BorderStyle>1</BorderStyle>
    <Depth>4</Depth>
    <BorderColor>128,128,128</BorderColor>
    <BackColor>205,215,222</BackColor>
    <Caption>
    </Caption>
    <Wrap>True</Wrap>
  </Label>
  <Label>
    <Left>180</Left>
    <Top>296</Top>
    <Height>25</Height>
    <Width>200</Width>
    <Name>Lab_FTPTitle</Name>
    <FontSize>12</FontSize>
    <BorderStyle>0</BorderStyle>
    <Depth>3</Depth>
    <BackColor>205,215,222</BackColor>
    <Caption>STR::Browser::NetworkSet::Caption::Lab_FTPTitle::FTPServer</Caption>
    <Wrap>True</Wrap>
  </Label>
  <Label>
    <Left>25</Left>
    <Top>325</Top>
    <Height>25</Height>
    <Width>150</Width>
    <Name>Lab_SharedPath</Name>
    <FontSize>12</FontSize>
    <Alignment>0</Alignment>
    <BorderStyle>0</BorderStyle>
    <Depth>2</Depth>
    <BackColor>205,215,222</BackColor>
    <Caption>STR::Browser::NetworkSet::Caption::Lab_SharedPath::SharedFolderPath</Caption>
    <Wrap>True</Wrap>
  </Label>
  <Label>
    <Left>180</Left>
    <Top>325</Top>
    <Height>25</Height>
    <Width>249</Width>
    <Name>Lab_SharedFolderPath</Name>
    <FontSize>11</FontSize>
    <Alignment>0</Alignment>
    <BorderStyle>1</BorderStyle>
    <Depth>1</Depth>
    <BorderColor>128,128,128</BorderColor>
    <BackColor>205,215,222</BackColor>
    <Caption>
    </Caption>
    <Wrap>True</Wrap>
  </Label>
  <Label>
    <Left>438</Left>
    <Top>296</Top>
    <Height>55</Height>
    <Width>107</Width>
    <Name>Label1</Name>
    <FontSize>11</FontSize>
    <BorderStyle>2</BorderStyle>
    <Depth>0</Depth>
    <BorderColor>128,128,128</BorderColor>
    <ForeColor>0,0,255</ForeColor>
    <BackColor>205,215,222</BackColor>
    <Caption>STR::Browser::NetworkSet::Caption::Label1::nextpage</Caption>
    <Wrap>True</Wrap>
  </Label>
	<Link>
		<Name>PrevPage</Name>
		<PageUrl>NetworkSet_2nd.xml</PageUrl>
	</Link>
	<Link>
		<Name>NextPage</Name>
		<PageUrl>NetworkSet_2nd.xml</PageUrl>
	</Link>
</Screen>