﻿<?xml version="1.0" encoding="UTF-8"?>
<Screen Type="Syntec.CycleEditor">
	<Name>FileListScreem</Name>
	<CE_ColumnTable>0</CE_ColumnTable>
	<CE_Margin>
		<Top>20</Top>
		<Left>0</Left>
	</CE_Margin>	
	<Label>
		<Caption>STR::MMI::WorkRecord::No</Caption>
		<Name>Lab_Sequence</Name>
		<Left>0</Left>
		<Top>0</Top>
		<Width>50</Width>
		<Height>20</Height>
		<Alignment>2</Alignment>
		<FontSize>11</FontSize>
		<BorderStyle>1</BorderStyle>
		<ForeColor>0,0,0</ForeColor>
	</Label>
	<Label>
		<Caption>STR::MMI::WorkRecord::ProgramName</Caption>
		<Name>Lab_ProgramName</Name>
		<Left>50</Left>
		<Top>0</Top>
		<Width>150</Width>
		<Height>20</Height>
		<Alignment>2</Alignment>
		<FontSize>11</FontSize>
		<BorderStyle>1</BorderStyle>
		<ForeColor>0,0,0</ForeColor>
	</Label>
	<Label>
		<Caption>Size</Caption>
		<Name>Lab_TimeStrat</Name>
		<Left>200</Left>
		<Top>0</Top>
		<Width>100</Width>
		<Height>20</Height>
		<Alignment>2</Alignment>
		<FontSize>11</FontSize>
		<BorderStyle>1</BorderStyle>
		<ForeColor>0,0,0</ForeColor>
	</Label>
	<Label>
		<Caption>STR::MMI::WorkRecord::StartDate</Caption>
		<Name>Lab_TimeStrat</Name>
		<Left>300</Left>
		<Top>0</Top>
		<Width>200</Width>
		<Height>20</Height>
		<Alignment>2</Alignment>
		<FontSize>11</FontSize>
		<BorderStyle>1</BorderStyle>
		<ForeColor>0,0,0</ForeColor>
	</Label>
	<Label>
		<Caption>STR::MMI::WorkRecord::ProgramComment</Caption>
		<Name>Lab_ProgramText</Name>
		<Left>500</Left>
		<Top>0</Top>
		<Width>170</Width>
		<Height>20</Height>
		<Alignment>2</Alignment>
		<FontSize>11</FontSize>
		<BorderStyle>1</BorderStyle>
		<ForeColor>0,0,0</ForeColor>
	</Label>
	
	<Template Name="LineHeader">
	    <Label>
			<Width>50</Width>
			<Height>20</Height>
			<BorderStyle>1</BorderStyle>
			<BorderColor>255,0,0</BorderColor>
			<Alignment>2</Alignment>
			<BackColor>169,169,169</BackColor>
			<ForeColor>0,0,0</ForeColor>
	    </Label>
	</Template>
	<Template Name="Col_FileName">
		<Input>
			<Width>150</Width>
			<Height>20</Height>
			<BorderStyle>0</BorderStyle>
			<BorderColor>255,0,0</BorderColor>
			<ForeColor>0,0,0</ForeColor>
			<BackColor>169,169,169</BackColor>
			<FontSize>12</FontSize>
			<Alignment>2</Alignment>
			<InputFormat>String</InputFormat>
		</Input>
	</Template>	
	<Template Name="Col_FileSize">
		<Input>
			<Width>100</Width>
			<Height>20</Height>
			<BorderStyle>0</BorderStyle>
			<BorderColor>255,0,0</BorderColor>
			<ForeColor>0,0,0</ForeColor>
			<BackColor>169,169,169</BackColor>
			<FontSize>12</FontSize>
			<Alignment>2</Alignment>
			<InputFormat>String</InputFormat>
		</Input>
	</Template>
	<Template Name="Col_FileDate">
		<Input>
			<Width>200</Width>
			<Height>20</Height>
			<BorderStyle>0</BorderStyle>
			<BorderColor>255,0,0</BorderColor>
			<ForeColor>0,0,0</ForeColor>
			<BackColor>169,169,169</BackColor>
			<FontSize>12</FontSize>
			<Alignment>2</Alignment>
			<InputFormat>String</InputFormat>
		</Input>
	</Template>
	<Template Name="Col_FileComment">
		<Input>
			<Width>170</Width>
			<Height>20</Height>
			<BorderStyle>0</BorderStyle>
			<BorderColor>255,0,0</BorderColor>
			<ForeColor>0,0,0</ForeColor>
			<BackColor>169,169,169</BackColor>
			<FontSize>12</FontSize>
			<Alignment>2</Alignment>
			<InputFormat>String</InputFormat>
		</Input>
	</Template>
</Screen>
