﻿<?xml version="1.0" encoding="UTF-8"?>
<!--Created by 'eHMI'version2.2.16-->
<!--BROWSER SIZE|H:180|W:650-->
<Screen>
  <Name>SerialTunning_Input1</Name>
  <Panel>
    <Left>0</Left>
    <Top>0</Top>
    <Width>650</Width>
    <Height>200</Height>
    <Name>Pan_Backgnd</Name>
    <BorderStyle>1</BorderStyle>
    <Depth>4</Depth>
    <BackColor>213,213,213</BackColor>
  </Panel>
  <Label>
    <Left>80</Left>
    <Top>40</Top>
    <Height>33</Height>
    <Name>Lab_Category</Name>
    <FontSize>14</FontSize>
    <BorderStyle>0</BorderStyle>
    <Depth>3</Depth>
    <ForeColor>0,128,64</ForeColor>
    <BackColor>213,213,213</BackColor>
    <Caption>STR::MMI::SerialServo::Category</Caption>
  </Label>
  <Label>
    <Left>360</Left>
    <Top>40</Top>
    <Height>33</Height>
    <Width>87</Width>
    <Name>Lab_Item</Name>
    <FontSize>14</FontSize>
    <BorderStyle>0</BorderStyle>
    <Depth>2</Depth>
    <ForeColor>0,128,64</ForeColor>
    <BackColor>213,213,213</BackColor>
    <Caption>STR::MMI::SerialServo::Item</Caption>
  </Label>
  <ListInput>
    <Left>17</Left>
    <Top>102</Top>
    <Height>41</Height>
    <Width>220</Width>
    <Name>Lst_Category</Name>
    <FontSize>14</FontSize>
    <Alignment>2</Alignment>
    <BorderStyle>1</BorderStyle>
    <Depth>1</Depth>
    <ForeColor>255,255,0</ForeColor>
    <BackColor>128,128,128</BackColor>
    <InputStorage>R</InputStorage>
    <MappingToRegistry>0</MappingToRegistry>
  </ListInput>
  <ListInput>
    <Left>254</Left>
    <Top>102</Top>
    <Height>41</Height>
    <Width>370</Width>
    <Name>Lst_Item</Name>
    <FontSize>14</FontSize>
    <Alignment>2</Alignment>
    <BorderStyle>1</BorderStyle>
    <Depth>0</Depth>
    <ForeColor>255,255,0</ForeColor>
    <BackColor>128,128,128</BackColor>
    <InputStorage>R</InputStorage>
    <MappingToRegistry>0</MappingToRegistry>
  </ListInput>
</Screen>
