﻿<?xml version="1.0" encoding="UTF-8"?>
<!--Created by 'eHMI'version2.2.18-->
<!--BROWSER SIZE|H:470|W:800-->
<Screen>
  <Name>SingleSideComp</Name>
  <Panel>
    <Left>0</Left>
    <Top>0</Top>
    <Width>800</Width>
    <Height>470</Height>
    <Name>Panel1</Name>
    <BorderStyle>0</BorderStyle>
    <Depth>29</Depth>
    <BackColor>0,0,0</BackColor>
  </Panel>
  <Label>
    <Left>60</Left>
    <Top>20</Top>
    <Height>40</Height>
    <Width>180</Width>
    <Name>Label_WorkpiecSize_X</Name>
    <FontSize>16</FontSize>
    <BorderStyle>0</BorderStyle>
    <Depth>28</Depth>
    <ForeColor>0,255,0</ForeColor>
    <BackColor>0,0,0</BackColor>
    <Caption>STR::Browser::SingleSideComp::Caption::Label_WorkpiecSize_X::WorkpiecSize_X</Caption>
  </Label>
  <Input>
    <Left>100</Left>
    <Top>60</Top>
    <Height>40</Height>
    <Width>100</Width>
    <Name>Input_WorkpieceSize_X_1</Name>
    <FontSize>14</FontSize>
    <BorderStyle>1</BorderStyle>
    <Depth>27</Depth>
    <ForeColor>255,255,255</ForeColor>
    <BackColor>0,0,0</BackColor>
    <InputFormat>Long:3F</InputFormat>
    <InputStorage>R8000</InputStorage>
    <InputRange>0~99999.999</InputRange>
  </Input>
  <Label>
    <Left>420</Left>
    <Top>20</Top>
    <Height>40</Height>
    <Width>180</Width>
    <Name>Label_WorkpieceSize_Y</Name>
    <FontSize>16</FontSize>
    <BorderStyle>0</BorderStyle>
    <Depth>26</Depth>
    <ForeColor>0,255,0</ForeColor>
    <BackColor>0,0,0</BackColor>
    <Caption>STR::Browser::SingleSideComp::Caption::Label_WorkpieceSize_Y::WorkpieceSize_Y</Caption>
  </Label>
  <Input>
    <Left>460</Left>
    <Top>60</Top>
    <Height>40</Height>
    <Width>100</Width>
    <Name>Input_WorkpieceSize_Y_1</Name>
    <FontSize>14</FontSize>
    <BorderStyle>1</BorderStyle>
    <Depth>25</Depth>
    <ForeColor>255,255,255</ForeColor>
    <BackColor>0,0,0</BackColor>
    <InputFormat>Long:3F</InputFormat>
    <InputStorage>R8002</InputStorage>
    <InputRange>0~99999.999</InputRange>
  </Input>
  <Input>
    <Left>280</Left>
    <Top>60</Top>
    <Height>40</Height>
    <Width>100</Width>
    <Name>Input_ErrorComp_X_1</Name>
    <FontSize>14</FontSize>
    <BorderStyle>1</BorderStyle>
    <Depth>24</Depth>
    <ForeColor>255,255,255</ForeColor>
    <BackColor>0,0,0</BackColor>
    <InputFormat>Long:3F</InputFormat>
    <InputStorage>R8001</InputStorage>
  </Input>
  <Input>
    <Left>640</Left>
    <Top>60</Top>
    <Height>40</Height>
    <Width>100</Width>
    <Name>Input_ErrorComp_Y_1</Name>
    <FontSize>14</FontSize>
    <BorderStyle>1</BorderStyle>
    <Depth>23</Depth>
    <ForeColor>255,255,255</ForeColor>
    <BackColor>0,0,0</BackColor>
    <InputFormat>Long:3F</InputFormat>
    <InputStorage>R8003</InputStorage>
  </Input>
  <Label>
    <Left>240</Left>
    <Top>20</Top>
    <Height>40</Height>
    <Width>180</Width>
    <Name>Label_ErrorComp_X</Name>
    <FontSize>16</FontSize>
    <BorderStyle>0</BorderStyle>
    <Depth>22</Depth>
    <ForeColor>0,255,0</ForeColor>
    <BackColor>0,0,0</BackColor>
    <Caption>STR::Browser::SingleSideComp::Caption::Label_ErrorComp_X::ErrorComp_X</Caption>
  </Label>
  <Label>
    <Left>600</Left>
    <Top>20</Top>
    <Height>40</Height>
    <Width>180</Width>
    <Name>Label_ErroComp_Y</Name>
    <FontSize>16</FontSize>
    <BorderStyle>0</BorderStyle>
    <Depth>21</Depth>
    <ForeColor>0,255,0</ForeColor>
    <BackColor>0,0,0</BackColor>
    <Caption>STR::Browser::SingleSideComp::Caption::Label_ErroComp_Y::ErroComp_Y</Caption>
  </Label>
  <Input>
    <Left>280</Left>
    <Top>240</Top>
    <Height>40</Height>
    <Width>100</Width>
    <Name>Input_ErrorComp_X_4</Name>
    <FontSize>14</FontSize>
    <BorderStyle>1</BorderStyle>
    <Depth>20</Depth>
    <ForeColor>255,255,255</ForeColor>
    <BackColor>0,0,0</BackColor>
    <InputFormat>Double:3F</InputFormat>
    <InputStorage>R8013</InputStorage>
  </Input>
  <Input>
    <Left>640</Left>
    <Top>240</Top>
    <Height>40</Height>
    <Width>100</Width>
    <Name>Input_ErrorComp_Y_4</Name>
    <FontSize>14</FontSize>
    <BorderStyle>1</BorderStyle>
    <Depth>19</Depth>
    <ForeColor>255,255,255</ForeColor>
    <BackColor>0,0,0</BackColor>
    <InputFormat>Double:3F</InputFormat>
    <InputStorage>R8015</InputStorage>
  </Input>
  <Input>
    <Left>280</Left>
    <Top>120</Top>
    <Height>40</Height>
    <Width>100</Width>
    <Name>Input_ErrorComp_X_2</Name>
    <FontSize>14</FontSize>
    <BorderStyle>1</BorderStyle>
    <Depth>18</Depth>
    <ForeColor>255,255,255</ForeColor>
    <BackColor>0,0,0</BackColor>
    <InputFormat>Double:3F</InputFormat>
    <InputStorage>R8005</InputStorage>
  </Input>
  <Input>
    <Left>640</Left>
    <Top>120</Top>
    <Height>40</Height>
    <Width>100</Width>
    <Name>Input_ErrorComp_Y_2</Name>
    <FontSize>14</FontSize>
    <BorderStyle>1</BorderStyle>
    <Depth>17</Depth>
    <ForeColor>255,255,255</ForeColor>
    <BackColor>0,0,0</BackColor>
    <InputFormat>Double:3F</InputFormat>
    <InputStorage>R8007</InputStorage>
  </Input>
  <Input>
    <Left>280</Left>
    <Top>180</Top>
    <Height>40</Height>
    <Width>100</Width>
    <Name>Input_ErrorComp_X_3</Name>
    <FontSize>14</FontSize>
    <BorderStyle>1</BorderStyle>
    <Depth>16</Depth>
    <ForeColor>255,255,255</ForeColor>
    <BackColor>0,0,0</BackColor>
    <InputFormat>Double:3F</InputFormat>
    <InputStorage>R8009</InputStorage>
  </Input>
  <Input>
    <Left>640</Left>
    <Top>180</Top>
    <Height>40</Height>
    <Width>100</Width>
    <Name>Input_ErrorComp_Y_3</Name>
    <FontSize>14</FontSize>
    <BorderStyle>1</BorderStyle>
    <Depth>15</Depth>
    <ForeColor>255,255,255</ForeColor>
    <BackColor>0,0,0</BackColor>
    <InputFormat>Double:3F</InputFormat>
    <InputStorage>R8011</InputStorage>
  </Input>
  <Input>
    <Left>280</Left>
    <Top>300</Top>
    <Height>40</Height>
    <Width>100</Width>
    <Name>Input_ErrorComp_X_5</Name>
    <FontSize>14</FontSize>
    <BorderStyle>1</BorderStyle>
    <Depth>14</Depth>
    <ForeColor>255,255,255</ForeColor>
    <BackColor>0,0,0</BackColor>
    <InputFormat>Double:3F</InputFormat>
    <InputStorage>R8017</InputStorage>
  </Input>
  <Input>
    <Left>640</Left>
    <Top>300</Top>
    <Height>40</Height>
    <Width>100</Width>
    <Name>Input_ErrorComp_Y_5</Name>
    <FontSize>14</FontSize>
    <BorderStyle>1</BorderStyle>
    <Depth>13</Depth>
    <ForeColor>255,255,255</ForeColor>
    <BackColor>0,0,0</BackColor>
    <InputFormat>Double:3F</InputFormat>
    <InputStorage>R8019</InputStorage>
  </Input>
  <Label>
    <Left>10</Left>
    <Top>60</Top>
    <Height>40</Height>
    <Width>40</Width>
    <Name>Label_Comp_1</Name>
    <FontSize>20</FontSize>
    <BorderStyle>0</BorderStyle>
    <Depth>12</Depth>
    <ForeColor>0,0,255</ForeColor>
    <BackColor>255,255,255</BackColor>
    <Caption>1</Caption>
  </Label>
  <Label>
    <Left>10</Left>
    <Top>120</Top>
    <Height>40</Height>
    <Width>40</Width>
    <Name>Label_Comp_2</Name>
    <FontSize>20</FontSize>
    <BorderStyle>0</BorderStyle>
    <Depth>11</Depth>
    <ForeColor>0,0,255</ForeColor>
    <BackColor>255,255,255</BackColor>
    <Caption>2</Caption>
  </Label>
  <Label>
    <Left>10</Left>
    <Top>180</Top>
    <Height>40</Height>
    <Width>40</Width>
    <Name>Label_Comp_3</Name>
    <FontSize>20</FontSize>
    <BorderStyle>0</BorderStyle>
    <Depth>10</Depth>
    <ForeColor>0,0,255</ForeColor>
    <BackColor>255,255,255</BackColor>
    <Caption>3</Caption>
  </Label>
  <Label>
    <Left>10</Left>
    <Top>240</Top>
    <Height>40</Height>
    <Width>40</Width>
    <Name>Label_Comp_4</Name>
    <FontSize>20</FontSize>
    <BorderStyle>0</BorderStyle>
    <Depth>9</Depth>
    <ForeColor>0,0,255</ForeColor>
    <BackColor>255,255,255</BackColor>
    <Caption>4</Caption>
  </Label>
  <Label>
    <Left>10</Left>
    <Top>300</Top>
    <Height>40</Height>
    <Width>40</Width>
    <Name>Label_Comp_5</Name>
    <FontSize>20</FontSize>
    <BorderStyle>0</BorderStyle>
    <Depth>8</Depth>
    <ForeColor>0,0,255</ForeColor>
    <BackColor>255,255,255</BackColor>
    <Caption>5</Caption>
  </Label>
  <Input>
    <Left>100</Left>
    <Top>120</Top>
    <Height>40</Height>
    <Width>100</Width>
    <Name>Input_WorkpieceSize_X_2</Name>
    <FontSize>14</FontSize>
    <BorderStyle>1</BorderStyle>
    <Depth>7</Depth>
    <ForeColor>255,255,255</ForeColor>
    <BackColor>0,0,0</BackColor>
    <InputFormat>Double:3F</InputFormat>
    <InputStorage>R8004</InputStorage>
    <InputRange>0~99999.999</InputRange>
  </Input>
  <Input>
    <Left>100</Left>
    <Top>180</Top>
    <Height>40</Height>
    <Width>100</Width>
    <Name>Input_WorkpieceSize_X_3</Name>
    <FontSize>14</FontSize>
    <BorderStyle>1</BorderStyle>
    <Depth>6</Depth>
    <ForeColor>255,255,255</ForeColor>
    <BackColor>0,0,0</BackColor>
    <InputFormat>Double:3F</InputFormat>
    <InputStorage>R8008</InputStorage>
    <InputRange>0~99999.999</InputRange>
  </Input>
  <Input>
    <Left>100</Left>
    <Top>240</Top>
    <Height>40</Height>
    <Width>100</Width>
    <Name>Input_WorkpieceSize_X_4</Name>
    <FontSize>14</FontSize>
    <BorderStyle>1</BorderStyle>
    <Depth>5</Depth>
    <ForeColor>255,255,255</ForeColor>
    <BackColor>0,0,0</BackColor>
    <InputFormat>Double:3F</InputFormat>
    <InputStorage>R8012</InputStorage>
    <InputRange>0~99999.999</InputRange>
  </Input>
  <Input>
    <Left>100</Left>
    <Top>300</Top>
    <Height>40</Height>
    <Width>100</Width>
    <Name>Input_WorkpieceSize_X_5</Name>
    <FontSize>14</FontSize>
    <BorderStyle>1</BorderStyle>
    <Depth>4</Depth>
    <ForeColor>255,255,255</ForeColor>
    <BackColor>0,0,0</BackColor>
    <InputFormat>Double:3F</InputFormat>
    <InputStorage>R8016</InputStorage>
    <InputRange>0~99999.999</InputRange>
  </Input>
  <Input>
    <Left>460</Left>
    <Top>120</Top>
    <Height>40</Height>
    <Width>100</Width>
    <Name>Input_WorkpieceSize_Y_2</Name>
    <FontSize>14</FontSize>
    <BorderStyle>1</BorderStyle>
    <Depth>3</Depth>
    <ForeColor>255,255,255</ForeColor>
    <BackColor>0,0,0</BackColor>
    <InputFormat>Double:3F</InputFormat>
    <InputStorage>R8006</InputStorage>
    <InputRange>0~99999.999</InputRange>
  </Input>
  <Input>
    <Left>460</Left>
    <Top>180</Top>
    <Height>40</Height>
    <Width>100</Width>
    <Name>Input_WorkpieceSize_Y_3</Name>
    <FontSize>14</FontSize>
    <BorderStyle>1</BorderStyle>
    <Depth>2</Depth>
    <ForeColor>255,255,255</ForeColor>
    <BackColor>0,0,0</BackColor>
    <InputFormat>Double:3F</InputFormat>
    <InputStorage>R8010</InputStorage>
    <InputRange>0~99999.999</InputRange>
  </Input>
  <Input>
    <Left>460</Left>
    <Top>240</Top>
    <Height>40</Height>
    <Width>100</Width>
    <Name>Input_WorkpieceSize_Y_4</Name>
    <FontSize>14</FontSize>
    <BorderStyle>1</BorderStyle>
    <Depth>1</Depth>
    <ForeColor>255,255,255</ForeColor>
    <BackColor>0,0,0</BackColor>
    <InputFormat>Double:3F</InputFormat>
    <InputStorage>R8014</InputStorage>
    <InputRange>0~99999.999</InputRange>
  </Input>
  <Input>
    <Left>460</Left>
    <Top>300</Top>
    <Height>40</Height>
    <Width>100</Width>
    <Name>Input_WorkpieceSize_Y_5</Name>
    <FontSize>14</FontSize>
    <BorderStyle>1</BorderStyle>
    <Depth>0</Depth>
    <ForeColor>255,255,255</ForeColor>
    <BackColor>0,0,0</BackColor>
    <InputFormat>Double:3F</InputFormat>
    <InputStorage>R8018</InputStorage>
    <InputRange>0~99999.999</InputRange>
  </Input>
</Screen>