﻿<?xml version="1.0" encoding="UTF-8"?>
<!--Created by 'eHMI'version2.2.11-->
<!--BROWSER SIZE|H:470|W:800-->
<Screen>
  <Name>TableFastSysData</Name>
  <Panel>
    <Left>0</Left>
    <Top>0</Top>
    <Width>800</Width>
    <Height>470</Height>
    <Name>Panel_TableSystemData</Name>
    <BorderStyle>0</BorderStyle>
    <Depth>55</Depth>
    <ForeColor>0,255,0</ForeColor>
    <BackColor>0,0,0</BackColor>
  </Panel>
  <Label>
    <Left>160</Left>
    <Top>386</Top>
    <Height>30</Height>
    <Width>110</Width>
    <Name>lbl_PhysicalMemAvail</Name>
    <FontSize>14</FontSize>
    <BorderStyle>0</BorderStyle>
    <Depth>54</Depth>
    <ForeColor>255,255,255</ForeColor>
    <BackColor>0,0,0</BackColor>
    <Caption>
    </Caption>
  </Label>
  <Label>
    <Left>160</Left>
    <Top>346</Top>
    <Height>30</Height>
    <Width>110</Width>
    <Name>lbl_MMIMemAvail</Name>
    <FontSize>14</FontSize>
    <BorderStyle>0</BorderStyle>
    <Depth>53</Depth>
    <ForeColor>255,255,255</ForeColor>
    <BackColor>0,0,0</BackColor>
    <Caption>
    </Caption>
  </Label>
  <Display>
    <Left>160</Left>
    <Top>306</Top>
    <Height>30</Height>
    <Width>110</Width>
    <Name>Dis_FastSysData[1][2]</Name>
    <FontSize>14</FontSize>
    <BorderStyle>0</BorderStyle>
    <Depth>52</Depth>
    <ForeColor>255,255,255</ForeColor>
    <BackColor>0,0,0</BackColor>
    <DisplaySource>D6</DisplaySource>
  </Display>
  <Display>
    <Left>160</Left>
    <Top>266</Top>
    <Height>30</Height>
    <Width>110</Width>
    <Name>Dis_FastSysData[6][1]</Name>
    <FontSize>14</FontSize>
    <BorderStyle>0</BorderStyle>
    <Depth>51</Depth>
    <ForeColor>255,255,255</ForeColor>
    <BackColor>0,0,0</BackColor>
    <DisplaySource>D5</DisplaySource>
  </Display>
  <Display>
    <Left>160</Left>
    <Top>226</Top>
    <Height>30</Height>
    <Width>110</Width>
    <Name>Dis_FastSysData[5][1]</Name>
    <FontSize>14</FontSize>
    <BorderStyle>0</BorderStyle>
    <Depth>50</Depth>
    <ForeColor>255,255,255</ForeColor>
    <BackColor>0,0,0</BackColor>
    <DisplaySource>D4</DisplaySource>
  </Display>
  <Display>
    <Left>160</Left>
    <Top>186</Top>
    <Height>30</Height>
    <Width>110</Width>
    <Name>Dis_FastSysData[4][1]</Name>
    <FontSize>14</FontSize>
    <BorderStyle>0</BorderStyle>
    <Depth>49</Depth>
    <ForeColor>255,255,255</ForeColor>
    <BackColor>0,0,0</BackColor>
    <DisplaySource>D3</DisplaySource>
  </Display>
  <Display>
    <Left>160</Left>
    <Top>146</Top>
    <Height>30</Height>
    <Width>110</Width>
    <Name>Dis_FastSysData[3][1]</Name>
    <FontSize>14</FontSize>
    <BorderStyle>0</BorderStyle>
    <Depth>48</Depth>
    <ForeColor>255,255,255</ForeColor>
    <BackColor>0,0,0</BackColor>
    <DisplaySource>D2</DisplaySource>
  </Display>
  <Display>
    <Left>160</Left>
    <Top>106</Top>
    <Height>30</Height>
    <Width>110</Width>
    <Name>Dis_FastSysData[2][1]</Name>
    <FontSize>14</FontSize>
    <BorderStyle>0</BorderStyle>
    <Depth>47</Depth>
    <ForeColor>255,255,255</ForeColor>
    <BackColor>0,0,0</BackColor>
    <DisplaySource>D1</DisplaySource>
  </Display>
  <Display>
    <Left>160</Left>
    <Top>66</Top>
    <Height>30</Height>
    <Width>110</Width>
    <Name>Dis_FastSysData[1][1]</Name>
    <FontSize>14</FontSize>
    <BorderStyle>0</BorderStyle>
    <Depth>46</Depth>
    <ForeColor>255,255,255</ForeColor>
    <BackColor>0,0,0</BackColor>
    <DisplaySource>D0</DisplaySource>
  </Display>
  <Label>
    <Left>430</Left>
    <Top>386</Top>
    <Height>30</Height>
    <Width>110</Width>
    <Name>lbl_ProductVer</Name>
    <FontSize>14</FontSize>
    <BorderStyle>0</BorderStyle>
    <Depth>45</Depth>
    <ForeColor>255,255,255</ForeColor>
    <BackColor>0,0,0</BackColor>
    <Caption>STR::ProductVerValue</Caption>
  </Label>
  <Label>
    <Left>540</Left>
    <Top>346</Top>
    <Height>30</Height>
    <Width>185</Width>
    <Name>Lab_FastSysData[7][3]</Name>
    <FontSize>14</FontSize>
    <Alignment>0</Alignment>
    <BorderStyle>0</BorderStyle>
    <Depth>44</Depth>
    <ForeColor>0,255,0</ForeColor>
    <BackColor>0,0,0</BackColor>
    <Caption>STR::Browser::TableFastSysData::Caption::Lab_FastSysData[7][3]::FastSysData25</Caption>
  </Label>
  <Label>
    <Left>6</Left>
    <Top>20</Top>
    <Height>40</Height>
    <Width>150</Width>
    <Name>lbl_TableTitle</Name>
    <FontSize>20</FontSize>
    <Alignment>0</Alignment>
    <BorderStyle>0</BorderStyle>
    <Depth>43</Depth>
    <ForeColor>0,255,0</ForeColor>
    <BackColor>0,0,0</BackColor>
    <Caption>STR::Browser::TableFastSysData::Caption::lbl_TableTitle::SystemData</Caption>
  </Label>
  <Label>
    <Left>270</Left>
    <Top>386</Top>
    <Height>30</Height>
    <Width>160</Width>
    <Name>Lab_FastSysData[9][3]</Name>
    <FontSize>14</FontSize>
    <Alignment>0</Alignment>
    <BorderStyle>0</BorderStyle>
    <Depth>42</Depth>
    <ForeColor>0,255,0</ForeColor>
    <BackColor>0,0,0</BackColor>
    <Caption>STR::Browser::TableFastSysData::Caption::Lab_FastSysData[9][3]::FastSysData27</Caption>
  </Label>
  <Label>
    <Left>6</Left>
    <Top>386</Top>
    <Height>30</Height>
    <Width>160</Width>
    <Name>Lab_FastSysData[9][1]</Name>
    <FontSize>14</FontSize>
    <Alignment>0</Alignment>
    <BorderStyle>0</BorderStyle>
    <Depth>41</Depth>
    <ForeColor>0,255,0</ForeColor>
    <BackColor>0,0,0</BackColor>
    <Caption>STR::Browser::TableFastSysData::Caption::Lab_FastSysData[9][1]::FastSysData9</Caption>
  </Label>
  <Label>
    <Left>540</Left>
    <Top>386</Top>
    <Height>30</Height>
    <Width>185</Width>
    <Name>Lab_FastSysData[8][3]</Name>
    <FontSize>14</FontSize>
    <Alignment>0</Alignment>
    <BorderStyle>0</BorderStyle>
    <Depth>40</Depth>
    <ForeColor>0,255,0</ForeColor>
    <BackColor>0,0,0</BackColor>
    <Caption>STR::Browser::TableFastSysData::Caption::Lab_FastSysData[8][3]::FastSysData26</Caption>
  </Label>
  <Label>
    <Left>6</Left>
    <Top>346</Top>
    <Height>30</Height>
    <Width>160</Width>
    <Name>Lab_FastSysData[8][1]</Name>
    <FontSize>14</FontSize>
    <Alignment>0</Alignment>
    <BorderStyle>0</BorderStyle>
    <Depth>39</Depth>
    <ForeColor>0,255,0</ForeColor>
    <BackColor>0,0,0</BackColor>
    <Caption>STR::Browser::TableFastSysData::Caption::Lab_FastSysData[8][1]::FastSysData8</Caption>
  </Label>
  <Label>
    <Left>6</Left>
    <Top>266</Top>
    <Height>30</Height>
    <Width>160</Width>
    <Name>Lab_FastSysData[6][1]</Name>
    <FontSize>14</FontSize>
    <Alignment>0</Alignment>
    <BorderStyle>0</BorderStyle>
    <Depth>38</Depth>
    <ForeColor>0,255,0</ForeColor>
    <BackColor>0,0,0</BackColor>
    <Caption>STR::Browser::TableFastSysData::Caption::Lab_FastSysData[6][1]::FastSysData6</Caption>
  </Label>
  <Label>
    <Left>540</Left>
    <Top>146</Top>
    <Height>30</Height>
    <Width>185</Width>
    <Name>Lab_FastSysData[5][3]</Name>
    <FontSize>14</FontSize>
    <Alignment>0</Alignment>
    <BorderStyle>0</BorderStyle>
    <Depth>37</Depth>
    <ForeColor>0,255,0</ForeColor>
    <BackColor>0,0,0</BackColor>
    <Caption>STR::Browser::TableFastSysData::Caption::Lab_FastSysData[5][3]::FastSysData23</Caption>
  </Label>
  <Label>
    <Left>6</Left>
    <Top>226</Top>
    <Height>30</Height>
    <Width>160</Width>
    <Name>Lab_FastSysData[5][1]</Name>
    <FontSize>14</FontSize>
    <Alignment>0</Alignment>
    <BorderStyle>0</BorderStyle>
    <Depth>36</Depth>
    <ForeColor>0,255,0</ForeColor>
    <BackColor>0,0,0</BackColor>
    <Caption>STR::Browser::TableFastSysData::Caption::Lab_FastSysData[5][1]::FastSysData5</Caption>
  </Label>
  <Label>
    <Left>540</Left>
    <Top>106</Top>
    <Height>30</Height>
    <Width>185</Width>
    <Name>Lab_FastSysData[4][3]</Name>
    <FontSize>14</FontSize>
    <Alignment>0</Alignment>
    <BorderStyle>0</BorderStyle>
    <Depth>35</Depth>
    <ForeColor>0,255,0</ForeColor>
    <BackColor>0,0,0</BackColor>
    <Caption>STR::Browser::TableFastSysData::Caption::Lab_FastSysData[4][3]::FastSysData22</Caption>
  </Label>
  <Label>
    <Left>6</Left>
    <Top>186</Top>
    <Height>30</Height>
    <Width>160</Width>
    <Name>Lab_FastSysData[4][1]</Name>
    <FontSize>14</FontSize>
    <Alignment>0</Alignment>
    <BorderStyle>0</BorderStyle>
    <Depth>34</Depth>
    <ForeColor>0,255,0</ForeColor>
    <BackColor>0,0,0</BackColor>
    <Caption>STR::Browser::TableFastSysData::Caption::Lab_FastSysData[4][1]::FastSysData4</Caption>
  </Label>
  <Label>
    <Left>6</Left>
    <Top>146</Top>
    <Height>30</Height>
    <Width>160</Width>
    <Name>Lab_FastSysData[3][1]</Name>
    <FontSize>14</FontSize>
    <Alignment>0</Alignment>
    <BorderStyle>0</BorderStyle>
    <Depth>33</Depth>
    <ForeColor>0,255,0</ForeColor>
    <BackColor>0,0,0</BackColor>
    <Caption>STR::Browser::TableFastSysData::Caption::Lab_FastSysData[3][1]::FastSysData3</Caption>
  </Label>
  <Label>
    <Left>540</Left>
    <Top>66</Top>
    <Height>30</Height>
    <Width>185</Width>
    <Name>Lab_FastSysData[2][2]</Name>
    <FontSize>14</FontSize>
    <Alignment>0</Alignment>
    <BorderStyle>0</BorderStyle>
    <Depth>32</Depth>
    <ForeColor>0,255,0</ForeColor>
    <BackColor>0,0,0</BackColor>
    <Caption>STR::Browser::TableFastSysData::Caption::Lab_FastSysData[2][2]::FastSysData11</Caption>
  </Label>
  <Label>
    <Left>6</Left>
    <Top>106</Top>
    <Height>30</Height>
    <Width>160</Width>
    <Name>Lab_FastSysData[2][1]</Name>
    <FontSize>14</FontSize>
    <Alignment>0</Alignment>
    <BorderStyle>0</BorderStyle>
    <Depth>31</Depth>
    <ForeColor>0,255,0</ForeColor>
    <BackColor>0,0,0</BackColor>
    <Caption>STR::Browser::TableFastSysData::Caption::Lab_FastSysData[2][1]::FastSysData2</Caption>
  </Label>
  <Label>
    <Left>6</Left>
    <Top>306</Top>
    <Height>30</Height>
    <Width>160</Width>
    <Name>Lab_FastSysData[1][2]</Name>
    <FontSize>14</FontSize>
    <Alignment>0</Alignment>
    <BorderStyle>0</BorderStyle>
    <Depth>30</Depth>
    <ForeColor>0,255,0</ForeColor>
    <BackColor>0,0,0</BackColor>
    <Caption>STR::Browser::TableFastSysData::Caption::Lab_FastSysData[1][2]::FastSysData10</Caption>
  </Label>
  <Label>
    <Left>6</Left>
    <Top>66</Top>
    <Height>30</Height>
    <Width>160</Width>
    <Name>Lab_FastSysData[1][1]</Name>
    <FontSize>14</FontSize>
    <Alignment>0</Alignment>
    <BorderStyle>0</BorderStyle>
    <Depth>29</Depth>
    <ForeColor>0,255,0</ForeColor>
    <BackColor>0,0,0</BackColor>
    <Caption>STR::Browser::TableFastSysData::Caption::Lab_FastSysData[1][1]::FastSysData1</Caption>
  </Label>
  <Display>
    <Left>430</Left>
    <Top>346</Top>
    <Height>30</Height>
    <Width>110</Width>
    <Name>Dis_FastSysData[9][2]</Name>
    <FontSize>14</FontSize>
    <BorderStyle>0</BorderStyle>
    <Depth>28</Depth>
    <ForeColor>255,255,255</ForeColor>
    <BackColor>0,0,0</BackColor>
    <DisplaySource>D14</DisplaySource>
  </Display>
  <Display>
    <Left>430</Left>
    <Top>306</Top>
    <Height>30</Height>
    <Width>110</Width>
    <Name>Dis_FastSysData[8][2]</Name>
    <FontSize>14</FontSize>
    <BorderStyle>0</BorderStyle>
    <Depth>27</Depth>
    <ForeColor>255,255,255</ForeColor>
    <BackColor>0,0,0</BackColor>
    <DisplaySource>D13</DisplaySource>
  </Display>
  <Display>
    <Left>725</Left>
    <Top>346</Top>
    <Height>30</Height>
    <Name>Dis_FastSysData[7][3]</Name>
    <FontSize>14</FontSize>
    <BorderStyle>0</BorderStyle>
    <Depth>26</Depth>
    <ForeColor>255,255,255</ForeColor>
    <BackColor>0,0,0</BackColor>
    <DisplaySource>D324</DisplaySource>
  </Display>
  <Display>
    <Left>430</Left>
    <Top>266</Top>
    <Height>30</Height>
    <Width>110</Width>
    <Name>Dis_FastSysData[7][2]</Name>
    <FontSize>14</FontSize>
    <BorderStyle>0</BorderStyle>
    <Depth>25</Depth>
    <ForeColor>255,255,255</ForeColor>
    <BackColor>0,0,0</BackColor>
    <DisplaySource>D52</DisplaySource>
  </Display>
  <Display>
    <Left>430</Left>
    <Top>66</Top>
    <Height>30</Height>
    <Width>110</Width>
    <Name>Dis_FastSysData[7][1]</Name>
    <FontSize>14</FontSize>
    <BorderStyle>0</BorderStyle>
    <Depth>24</Depth>
    <ForeColor>255,255,255</ForeColor>
    <BackColor>0,0,0</BackColor>
    <DisplaySource>D23</DisplaySource>
  </Display>
  <Display>
    <Left>725</Left>
    <Top>306</Top>
    <Height>30</Height>
    <Name>Dis_FastSysData[6][3]</Name>
    <FontSize>14</FontSize>
    <BorderStyle>0</BorderStyle>
    <Depth>23</Depth>
    <ForeColor>255,255,255</ForeColor>
    <BackColor>0,0,0</BackColor>
    <DisplaySource>D320</DisplaySource>
  </Display>
  <Display>
    <Left>430</Left>
    <Top>226</Top>
    <Height>30</Height>
    <Width>110</Width>
    <Name>Dis_FastSysData[6][2]</Name>
    <FontSize>14</FontSize>
    <BorderStyle>0</BorderStyle>
    <Depth>22</Depth>
    <ForeColor>255,255,255</ForeColor>
    <BackColor>0,0,0</BackColor>
    <DisplaySource>D28</DisplaySource>
  </Display>
  <Display>
    <Left>725</Left>
    <Top>146</Top>
    <Height>30</Height>
    <Name>Dis_FastSysData[5][3]</Name>
    <FontSize>14</FontSize>
    <BorderStyle>0</BorderStyle>
    <Depth>21</Depth>
    <ForeColor>255,255,255</ForeColor>
    <BackColor>0,0,0</BackColor>
    <DisplaySource>D55</DisplaySource>
  </Display>
  <Display>
    <Left>430</Left>
    <Top>146</Top>
    <Height>30</Height>
    <Width>110</Width>
    <Name>Dis_FastSysData[5][2]</Name>
    <FontSize>14</FontSize>
    <BorderStyle>0</BorderStyle>
    <Depth>20</Depth>
    <ForeColor>255,255,255</ForeColor>
    <BackColor>0,0,0</BackColor>
    <DisplaySource>D12</DisplaySource>
  </Display>
  <Display>
    <Left>725</Left>
    <Top>106</Top>
    <Height>30</Height>
    <Name>Dis_FastSysData[4][3]</Name>
    <FontSize>14</FontSize>
    <BorderStyle>0</BorderStyle>
    <Depth>19</Depth>
    <ForeColor>255,255,255</ForeColor>
    <BackColor>0,0,0</BackColor>
    <DisplaySource>D54</DisplaySource>
  </Display>
  <Display>
    <Left>430</Left>
    <Top>186</Top>
    <Height>30</Height>
    <Width>110</Width>
    <Name>Dis_FastSysData[4][2]</Name>
    <FontSize>14</FontSize>
    <BorderStyle>0</BorderStyle>
    <Depth>18</Depth>
    <ForeColor>255,255,255</ForeColor>
    <BackColor>0,0,0</BackColor>
    <DisplaySource>D44</DisplaySource>
  </Display>
  <Display>
    <Left>725</Left>
    <Top>266</Top>
    <Height>30</Height>
    <Name>Dis_FastSysData[3][3]</Name>
    <FontSize>14</FontSize>
    <BorderStyle>0</BorderStyle>
    <Depth>17</Depth>
    <ForeColor>255,255,255</ForeColor>
    <BackColor>0,0,0</BackColor>
    <DisplaySource>D70</DisplaySource>
  </Display>
  <Display>
    <Left>430</Left>
    <Top>106</Top>
    <Height>30</Height>
    <Width>110</Width>
    <Name>Dis_FastSysData[3][2]</Name>
    <FontSize>14</FontSize>
    <BorderStyle>0</BorderStyle>
    <Depth>16</Depth>
    <ForeColor>255,255,255</ForeColor>
    <BackColor>0,0,0</BackColor>
    <DisplaySource>D29</DisplaySource>
  </Display>
  <Display>
    <Left>725</Left>
    <Top>226</Top>
    <Height>30</Height>
    <Name>Dis_FastSysData[2][3]</Name>
    <FontSize>14</FontSize>
    <BorderStyle>0</BorderStyle>
    <Depth>15</Depth>
    <ForeColor>255,255,255</ForeColor>
    <BackColor>0,0,0</BackColor>
    <DisplaySource>D69</DisplaySource>
  </Display>
  <Display>
    <Left>725</Left>
    <Top>66</Top>
    <Height>30</Height>
    <Name>Dis_FastSysData[2][2]</Name>
    <FontSize>14</FontSize>
    <BorderStyle>0</BorderStyle>
    <Depth>14</Depth>
    <ForeColor>255,255,255</ForeColor>
    <BackColor>0,0,0</BackColor>
    <DisplaySource>D39</DisplaySource>
  </Display>
  <Display>
    <Left>725</Left>
    <Top>186</Top>
    <Height>30</Height>
    <Name>Dis_FastSysData[1][3]</Name>
    <FontSize>14</FontSize>
    <BorderStyle>0</BorderStyle>
    <Depth>13</Depth>
    <ForeColor>255,255,255</ForeColor>
    <BackColor>0,0,0</BackColor>
    <DisplaySource>D68</DisplaySource>
  </Display>
  <Label>
    <Left>725</Left>
    <Top>386</Top>
    <Height>30</Height>
    <Name>lbl_CncModel</Name>
    <FontSize>14</FontSize>
    <BorderStyle>0</BorderStyle>
    <Depth>12</Depth>
    <ForeColor>255,255,255</ForeColor>
    <BackColor>0,0,0</BackColor>
    <Caption>
    </Caption>
  </Label>
  <Label>
    <Left>540</Left>
    <Top>186</Top>
    <Height>30</Height>
    <Width>185</Width>
    <Name>Lab_FastSysData[1][3]</Name>
    <FontSize>14</FontSize>
    <Alignment>0</Alignment>
    <BorderStyle>0</BorderStyle>
    <Depth>11</Depth>
    <ForeColor>0,255,0</ForeColor>
    <BackColor>0,0,0</BackColor>
    <Caption>STR::Browser::TableFastSysData::Caption::Lab_FastSysData[1][3]::FastSysData19</Caption>
  </Label>
  <Label>
    <Left>540</Left>
    <Top>266</Top>
    <Height>30</Height>
    <Width>185</Width>
    <Name>Lab_FastSysData[3][3]</Name>
    <FontSize>14</FontSize>
    <Alignment>0</Alignment>
    <BorderStyle>0</BorderStyle>
    <Depth>10</Depth>
    <ForeColor>0,255,0</ForeColor>
    <BackColor>0,0,0</BackColor>
    <Caption>STR::Browser::TableFastSysData::Caption::Lab_FastSysData[3][3]::FastSysData21</Caption>
  </Label>
  <Label>
    <Left>540</Left>
    <Top>226</Top>
    <Height>30</Height>
    <Width>185</Width>
    <Name>Lab_FastSysData[2][3]</Name>
    <FontSize>14</FontSize>
    <Alignment>0</Alignment>
    <BorderStyle>0</BorderStyle>
    <Depth>9</Depth>
    <ForeColor>0,255,0</ForeColor>
    <BackColor>0,0,0</BackColor>
    <Caption>STR::Browser::TableFastSysData::Caption::Lab_FastSysData[2][3]::FastSysData20</Caption>
  </Label>
  <Label>
    <Left>540</Left>
    <Top>306</Top>
    <Height>30</Height>
    <Width>185</Width>
    <Name>Lab_FastSysData[6][3]</Name>
    <FontSize>14</FontSize>
    <Alignment>0</Alignment>
    <BorderStyle>0</BorderStyle>
    <Depth>8</Depth>
    <ForeColor>0,255,0</ForeColor>
    <BackColor>0,0,0</BackColor>
    <Caption>STR::Browser::TableFastSysData::Caption::Lab_FastSysData[6][3]::FastSysData24</Caption>
  </Label>
  <Label>
    <Left>270</Left>
    <Top>66</Top>
    <Height>30</Height>
    <Width>160</Width>
    <Name>Lab_FastSysData[7][1]</Name>
    <FontSize>14</FontSize>
    <Alignment>0</Alignment>
    <BorderStyle>0</BorderStyle>
    <Depth>7</Depth>
    <ForeColor>0,255,0</ForeColor>
    <BackColor>0,0,0</BackColor>
    <Caption>STR::Browser::TableFastSysData::Caption::Lab_FastSysData[7][1]::FastSysData7</Caption>
  </Label>
  <Label>
    <Left>270</Left>
    <Top>106</Top>
    <Height>30</Height>
    <Width>160</Width>
    <Name>Lab_FastSysData[3][2]</Name>
    <FontSize>14</FontSize>
    <Alignment>0</Alignment>
    <BorderStyle>0</BorderStyle>
    <Depth>6</Depth>
    <ForeColor>0,255,0</ForeColor>
    <BackColor>0,0,0</BackColor>
    <Caption>STR::Browser::TableFastSysData::Caption::Lab_FastSysData[3][2]::FastSysData12</Caption>
  </Label>
  <Label>
    <Left>270</Left>
    <Top>146</Top>
    <Height>30</Height>
    <Width>160</Width>
    <Name>Lab_FastSysData[5][2]</Name>
    <FontSize>14</FontSize>
    <Alignment>0</Alignment>
    <BorderStyle>0</BorderStyle>
    <Depth>5</Depth>
    <ForeColor>0,255,0</ForeColor>
    <BackColor>0,0,0</BackColor>
    <Caption>STR::Browser::TableFastSysData::Caption::Lab_FastSysData[5][2]::FastSysData14</Caption>
  </Label>
  <Label>
    <Left>270</Left>
    <Top>186</Top>
    <Height>30</Height>
    <Width>160</Width>
    <Name>Lab_FastSysData[4][2]</Name>
    <FontSize>14</FontSize>
    <Alignment>0</Alignment>
    <BorderStyle>0</BorderStyle>
    <Depth>4</Depth>
    <ForeColor>0,255,0</ForeColor>
    <BackColor>0,0,0</BackColor>
    <Caption>STR::Browser::TableFastSysData::Caption::Lab_FastSysData[4][2]::FastSysData13</Caption>
  </Label>
  <Label>
    <Left>270</Left>
    <Top>226</Top>
    <Height>30</Height>
    <Width>160</Width>
    <Name>Lab_FastSysData[6][2]</Name>
    <FontSize>14</FontSize>
    <Alignment>0</Alignment>
    <BorderStyle>0</BorderStyle>
    <Depth>3</Depth>
    <ForeColor>0,255,0</ForeColor>
    <BackColor>0,0,0</BackColor>
    <Caption>STR::Browser::TableFastSysData::Caption::Lab_FastSysData[6][2]::FastSysData15</Caption>
  </Label>
  <Label>
    <Left>270</Left>
    <Top>266</Top>
    <Height>30</Height>
    <Width>160</Width>
    <Name>Lab_FastSysData[7][2]</Name>
    <FontSize>14</FontSize>
    <Alignment>0</Alignment>
    <BorderStyle>0</BorderStyle>
    <Depth>2</Depth>
    <ForeColor>0,255,0</ForeColor>
    <BackColor>0,0,0</BackColor>
    <Caption>STR::Browser::TableFastSysData::Caption::Lab_FastSysData[7][2]::FastSysData16</Caption>
  </Label>
  <Label>
    <Left>270</Left>
    <Top>306</Top>
    <Height>30</Height>
    <Width>160</Width>
    <Name>Lab_FastSysData[8][2]</Name>
    <FontSize>14</FontSize>
    <Alignment>0</Alignment>
    <BorderStyle>0</BorderStyle>
    <Depth>1</Depth>
    <ForeColor>0,255,0</ForeColor>
    <BackColor>0,0,0</BackColor>
    <Caption>STR::Browser::TableFastSysData::Caption::Lab_FastSysData[8][2]::FastSysData17</Caption>
  </Label>
  <Label>
    <Left>270</Left>
    <Top>346</Top>
    <Height>30</Height>
    <Width>160</Width>
    <Name>Lab_FastSysData[9][2]</Name>
    <FontSize>14</FontSize>
    <Alignment>0</Alignment>
    <BorderStyle>0</BorderStyle>
    <Depth>0</Depth>
    <ForeColor>0,255,0</ForeColor>
    <BackColor>0,0,0</BackColor>
    <Caption>STR::Browser::TableFastSysData::Caption::Lab_FastSysData[9][2]::FastSysData18</Caption>
  </Label>
</Screen>