﻿<?xml version="1.0" encoding="UTF-8"?>
<Screen Type="DotNetExtension">
	<Name>ToolLathe</Name>
	<CoordBox>
		<Name>Coord_Machine</Name>
		<Left>544</Left>
		<Top>10</Top>
		<Width>170</Width>
		<Height>145</Height>
		<Alignment>0</Alignment>
		<BorderStyle>0</BorderStyle>
		<FontSize>16</FontSize>
		<BorderColor>128,128,128</BorderColor>
		<BackColor>192,192,192</BackColor>
		<ForeColor>0,0,0</ForeColor>
		<Title>1</Title>
		<PageSize>5</PageSize>
		<CoordType>0</CoordType>
		<LForeColor>0,0,0</LForeColor>
		<LBackColor>192,192,192</LBackColor>
		<LFontSize>16</LFontSize>
		<LBorderStyle>0</LBorderStyle>
		<VForeColor>0,0,0</VForeColor>
		<VBackColor>255,255,255</VBackColor>
		<VFontSize>16</VFontSize>
		<VBorderStyle>1</VBorderStyle>
		<AxisNotHomeColor>0,0,0</AxisNotHomeColor>
		<AxisSelectedColor>0,0,0</AxisSelectedColor>
	</CoordBox>
	<CoordBox>
		<Name>Coord_Absolute</Name>
		<Left>544</Left>
		<Top>160</Top>
		<Width>170</Width>
		<Height>145</Height>
		<Alignment>0</Alignment>
		<BorderStyle>0</BorderStyle>
		<FontSize>16</FontSize>
		<BorderColor>128,128,128</BorderColor>
		<BackColor>192,192,192</BackColor>
		<ForeColor>0,0,0</ForeColor>
		<Title>1</Title>
		<PageSize>5</PageSize>
		<CoordType>2</CoordType>
		<LForeColor>0,0,0</LForeColor>
		<LBackColor>192,192,192</LBackColor>
		<LFontSize>16</LFontSize>
		<LBorderStyle>0</LBorderStyle>
		<VForeColor>0,0,0</VForeColor>
		<VBackColor>255,255,255</VBackColor>
		<VFontSize>16</VFontSize>
		<VBorderStyle>1</VBorderStyle>
		<AxisNotHomeColor>0,0,0</AxisNotHomeColor>
		<AxisSelectedColor>0,0,0</AxisSelectedColor>
	</CoordBox>
	<CoordBox>
		<Name>Coord_Relative</Name>
		<Left>544</Left>
		<Top>310</Top>
		<Width>170</Width>
		<Height>145</Height>
		<Alignment>0</Alignment>
		<BorderStyle>0</BorderStyle>
		<FontSize>16</FontSize>
		<BorderColor>128,128,128</BorderColor>
		<BackColor>192,192,192</BackColor>
		<ForeColor>0,0,0</ForeColor>
		<Title>1</Title>
		<PageSize>5</PageSize>
		<CoordType>1</CoordType>
		<LForeColor>0,0,0</LForeColor>
		<LBackColor>192,192,192</LBackColor>
		<LFontSize>16</LFontSize>
		<LBorderStyle>0</LBorderStyle>
		<VForeColor>0,0,0</VForeColor>
		<VBackColor>255,255,255</VBackColor>
		<VFontSize>16</VFontSize>
		<VBorderStyle>1</VBorderStyle>
		<AxisNotHomeColor>0,0,0</AxisNotHomeColor>
		<AxisSelectedColor>0,0,0</AxisSelectedColor>
	</CoordBox>
	<Panel>
		<Name>Pan_CoordTable</Name>
		<Left>534</Left>
		<Top>0</Top>
		<Width>266</Width>
		<Height>470</Height>
		<Alignment>0</Alignment>
		<BorderStyle>1</BorderStyle>
		<FontSize>24</FontSize>
		<BorderColor>128,128,128</BorderColor>
		<ForeColor>0,0,0</ForeColor>
		<BackColor>192,192,192</BackColor>
	</Panel>
	<Panel>
		<Name>Pan_LatheTable</Name>
		<Left>0</Left>
		<Top>0</Top>
		<Width>533</Width>
		<Height>470</Height>
		<Alignment>0</Alignment>
		<BorderStyle>1</BorderStyle>
		<FontSize>24</FontSize>
		<BorderColor>128,128,128</BorderColor>
		<ForeColor>0,0,0</ForeColor>
		<BackColor>0,0,0</BackColor>
	</Panel>
	<Label>
		<Caption>STR::MMI::Tool4T::ToolSetting</Caption>
		<Name>Lab_ToolTitle</Name>
		<Left>20</Left>
		<Top>4</Top>
		<Width>100</Width>
		<Height>20</Height>
		<Alignment>0</Alignment>
		<BorderStyle>0</BorderStyle>
		<FontSize>14</FontSize>
		<ForeColor>0,200,240</ForeColor>
		<BackColor>0,0,0</BackColor>
	</Label>
	<Label>
		<Caption>STR::MMI::Tool4T::InputModeMsg</Caption>
		<Name>Lab_InputTitle</Name>
		<Left>20</Left>
		<Top>26</Top>
		<Width>345</Width>
		<Height>25</Height>
		<Alignment>0</Alignment>
		<BorderStyle>0</BorderStyle>
		<FontSize>14</FontSize>
		<BorderColor>128,128,128</BorderColor>
		<ForeColor>0,255,0</ForeColor>
		<BackColor>0,0,0</BackColor>
	</Label>
	<Label>
		<Caption>STR::MMI::Tool4T::MeasureInput</Caption>
		<Name>Lab_ZInput</Name>
		<Left>20</Left>
		<Top>52</Top>
		<Width>200</Width>
		<Height>20</Height>
		<Alignment>0</Alignment>
		<BorderStyle>0</BorderStyle>
		<FontSize>16</FontSize>
		<BorderColor>128,128,128</BorderColor>
		<ForeColor>0,255,0</ForeColor>
		<BackColor>0,0,0</BackColor>
	</Label>
	<Label>
		<Name>Lab_InputMode</Name>
		<Left>265</Left>
		<Top>52</Top>
		<Width>100</Width>
		<Height>25</Height>
		<Alignment>2</Alignment>
		<BorderStyle>0</BorderStyle>
		<FontSize>16</FontSize>
		<BorderColor>128,128,128</BorderColor>
		<ForeColor>255,255,255</ForeColor>
		<BackColor>0,0,0</BackColor>
	</Label>
	<Label>
		<Caption>STR::MMI::Tool4T::ToolSetMode</Caption>
		<Name>Lab_ToolComp</Name>
		<Left>20</Left>
		<Top>100</Top>
		<Width>300</Width>
		<Height>20</Height>
		<Alignment>0</Alignment>
		<BorderStyle>0</BorderStyle>
		<FontSize>16</FontSize>
		<BorderColor>128,128,128</BorderColor>
		<ForeColor>0,255,0</ForeColor>
		<BackColor>0,0,0</BackColor>
	</Label>
	<Label>
		<Caption>STR::MMI::Tool4T::Field1</Caption>
		<Name>Lab_Field1</Name>
		<Left>30</Left>
		<Top>130</Top>
		<Width>70</Width>
		<Height>20</Height>
		<Alignment>0</Alignment>
		<BorderStyle>0</BorderStyle>
		<FontSize>12</FontSize>
		<BorderColor>128,128,128</BorderColor>
		<ForeColor>0,200,240</ForeColor>
		<BackColor>0,0,0</BackColor>
	</Label>
	<Label>
		<Caption>STR::MMI::Tool4T::Field2</Caption>
		<Name>Lab_Field2</Name>
		<Left>105</Left>
		<Top>130</Top>
		<Width>70</Width>
		<Height>20</Height>
		<Alignment>0</Alignment>
		<BorderStyle>0</BorderStyle>
		<FontSize>12</FontSize>
		<BorderColor>128,128,128</BorderColor>
		<ForeColor>0,200,240</ForeColor>
		<BackColor>0,0,0</BackColor>
	</Label>
	<Label>
		<Caption>STR::MMI::Tool4T::Field3</Caption>
		<Name>Lab_Field3</Name>
		<Left>180</Left>
		<Top>130</Top>
		<Width>70</Width>
		<Height>20</Height>
		<Alignment>0</Alignment>
		<BorderStyle>0</BorderStyle>
		<FontSize>12</FontSize>
		<BorderColor>128,128,128</BorderColor>
		<ForeColor>0,200,240</ForeColor>
		<BackColor>0,0,0</BackColor>
	</Label>
	<Label>
		<Caption>STR::MMI::Tool4T::Field4</Caption>
		<Name>Lab_Field4</Name>
		<Left>255</Left>
		<Top>130</Top>
		<Width>70</Width>
		<Height>20</Height>
		<Alignment>0</Alignment>
		<BorderStyle>0</BorderStyle>
		<FontSize>12</FontSize>
		<BorderColor>128,128,128</BorderColor>
		<ForeColor>0,200,240</ForeColor>
		<BackColor>0,0,0</BackColor>
	</Label>
	<Label>
		<Caption>STR::MMI::Tool4T::Field5</Caption>
		<Name>Lab_Field5</Name>
		<Left>330</Left>
		<Top>130</Top>
		<Width>70</Width>
		<Height>20</Height>
		<Alignment>0</Alignment>
		<BorderStyle>0</BorderStyle>
		<FontSize>12</FontSize>
		<BorderColor>128,128,128</BorderColor>
		<ForeColor>0,200,240</ForeColor>
		<BackColor>0,0,0</BackColor>
	</Label>
	<Label>
		<Caption>STR::MMI::Tool4T::Field6</Caption>
		<Name>Lab_Field6</Name>
		<Left>405</Left>
		<Top>130</Top>
		<Width>70</Width>
		<Height>20</Height>
		<Alignment>0</Alignment>
		<BorderStyle>0</BorderStyle>
		<FontSize>12</FontSize>
		<BorderColor>128,128,128</BorderColor>
		<ForeColor>0,200,240</ForeColor>
		<BackColor>0,0,0</BackColor>
	</Label>
	<Grid Name="TableLathe" Height="25" Repeat="12">
		<Label>
			<Caption>X</Caption>
			<Name>lbl_ToolNo</Name>
			<Left>12</Left>
			<Top>160</Top>
			<Width>18</Width>
			<Height>25</Height>
			<Alignment>2</Alignment>
			<FontSize>12</FontSize>
			<BorderStyle>0</BorderStyle>
			<ForeColor>0,255,0</ForeColor>
			<BackColor>0,0,0</BackColor>
		</Label>
		<Input>
			<Name>Inp_Field1</Name>
			<Left>30</Left>
			<Top>160</Top>
			<Width>70</Width>
			<Height>25</Height>
			<Alignment>2</Alignment>
			<FontSize>12</FontSize>
			<BorderStyle>0</BorderStyle>
			<ForeColor>255,255,255</ForeColor>
			<BackColor>0,0,0</BackColor>
			<InputFormat>Double:L</InputFormat>
		</Input>
		<Input>
			<Name>Inp_Field2</Name>
			<Left>105</Left>
			<Top>160</Top>
			<Width>70</Width>
			<Height>25</Height>
			<Alignment>2</Alignment>
			<FontSize>12</FontSize>
			<BorderStyle>0</BorderStyle>
			<ForeColor>255,255,255</ForeColor>
			<BackColor>0,0,0</BackColor>
			<InputFormat>Double:L</InputFormat>
		</Input>
		<Input>
			<Name>Inp_Field3</Name>
			<Left>180</Left>
			<Top>160</Top>
			<Width>70</Width>
			<Height>25</Height>
			<Alignment>2</Alignment>
			<FontSize>12</FontSize>
			<BorderStyle>0</BorderStyle>
			<ForeColor>255,255,255</ForeColor>
			<BackColor>0,0,0</BackColor>
			<InputFormat>Double:L</InputFormat>
		</Input>
		<Input>
			<Name>Inp_Field4</Name>
			<Left>255</Left>
			<Top>160</Top>
			<Width>70</Width>
			<Height>25</Height>
			<Alignment>2</Alignment>
			<FontSize>12</FontSize>
			<BorderStyle>0</BorderStyle>
			<ForeColor>255,255,255</ForeColor>
			<BackColor>0,0,0</BackColor>
			<InputFormat>Double:L</InputFormat>
		</Input>
		<Input>
			<Name>Inp_Field5</Name>
			<Left>330</Left>
			<Top>160</Top>
			<Width>70</Width>
			<Height>25</Height>
			<Alignment>2</Alignment>
			<FontSize>12</FontSize>
			<BorderStyle>0</BorderStyle>
			<ForeColor>255,255,255</ForeColor>
			<BackColor>0,0,0</BackColor>
			<InputFormat>Double:L</InputFormat>
		</Input>
		<Input>
			<Name>Inp_Field6</Name>
			<Left>405</Left>
			<Top>160</Top>
			<Width>70</Width>
			<Height>25</Height>
			<Alignment>2</Alignment>
			<FontSize>12</FontSize>
			<BorderStyle>0</BorderStyle>
			<ForeColor>255,255,255</ForeColor>
			<BackColor>0,0,0</BackColor>
			<InputFormat>Double:L</InputFormat>
		</Input>
	</Grid>
</Screen>
