﻿<?xml version="1.0" encoding="UTF-8"?>
<Screen  Type="DotNetExtension">
	<Name>ToolMill</Name>
	<Panel>
		<Left>0</Left>
		<Top>0</Top>
		<Width>590</Width>
		<Height>470</Height>
		<Name>Pan_MillTable</Name>
		<FontSize>24</FontSize>
		<Alignment>0</Alignment>
		<BorderStyle>1</BorderStyle>
		<ForeColor>0,0,0</ForeColor>
		<BackColor>0,0,0</BackColor>
	</Panel>
	<Panel>
		<Left>592</Left>
		<Top>0</Top>
		<Width>208</Width>
		<Height>470</Height>
		<Name>Pan_MillCord</Name>
		<BorderStyle>0</BorderStyle>
		<ForeColor>0,0,0</ForeColor>
		<BackColor>0,0,0</BackColor>
	</Panel>
    <Label>
		<Left>10</Left>
		<Top>10</Top>
		<Height>30</Height>
		<Width>360</Width>
		<Name>Lab_InputTitle</Name>
		<FontSize>12</FontSize>
		<Alignment>0</Alignment>
		<BorderStyle>0</BorderStyle>
		<Depth>50</Depth>
		<ForeColor>0,255,0</ForeColor>
		<BackColor>0,0,0</BackColor>
		<Caption>STR::Browser::ToolMill::Caption::Lab_InputTitle::InputModeMsg</Caption>
    </Label>
    <Display>
		<Left>10</Left>
		<Top>45</Top>
		<Height>30</Height>
		<Width>150</Width>
		<Name>Dis_InputMode</Name>
		<FontSize>20</FontSize>
		<BorderStyle>1</BorderStyle>
		<Depth>49</Depth>
		<ForeColor>255,255,255</ForeColor>
		<BackColor>0,0,0</BackColor>
		<DisplaySource>L4013</DisplaySource>
		<ListItems>
			<Item Id="0">
				<Caption>STR::Browser::ToolMill::Caption::Dis_InputMode::AbsInput</Caption>
			</Item>
			<Item Id="1">
				<Caption>STR::Browser::ToolMill::Caption::Dis_InputMode::IncInput</Caption>
			</Item>
		</ListItems>
    </Display>
	<Label>
		<Left>40</Left>
		<Top>110</Top>
		<Height>25</Height>
		<Width>75</Width>
		<Name>Lab_DiameterGeometry</Name>
		<FontSize>13</FontSize>
		<BorderStyle>0</BorderStyle>
		<Depth>48</Depth>
		<ForeColor>0,217,217</ForeColor>
		<BackColor>0,0,0</BackColor>
		<Caption>STR::Browser::ToolMill::Caption::Lab_DiameterGeometry::DiameterGeometry</Caption>
    </Label>
    <Label>
		<Left>120</Left>
		<Top>110</Top>
		<Height>25</Height>
		<Width>75</Width>
		<Name>Lab_DiameterWear</Name>
		<FontSize>13</FontSize>
		<BorderStyle>0</BorderStyle>
		<Depth>47</Depth>
		<ForeColor>0,217,217</ForeColor>
		<BackColor>0,0,0</BackColor>
		<Caption>STR::Browser::ToolMill::Caption::Lab_DiameterWear::DiameterWear</Caption>
    </Label>
    <Label>
		<Left>205</Left>
		<Top>110</Top>
		<Height>25</Height>
		<Width>75</Width>
		<Name>Lab_LengthGeometry</Name>
		<FontSize>13</FontSize>
		<BorderStyle>0</BorderStyle>
		<Depth>46</Depth>
		<ForeColor>0,217,217</ForeColor>
		<BackColor>0,0,0</BackColor>
		<Caption>STR::Browser::ToolMill::Caption::Lab_LengthGeometry::LengthGeometry</Caption>
		<Wrap>True</Wrap>
    </Label>
    <Label>
		<Left>285</Left>
		<Top>110</Top>
		<Height>25</Height>
		<Width>75</Width>
		<Name>Lab_LengthWear</Name>
		<FontSize>13</FontSize>
		<BorderStyle>0</BorderStyle>
		<Depth>45</Depth>
		<ForeColor>0,217,217</ForeColor>
		<BackColor>0,0,0</BackColor>
		<Caption>STR::Browser::ToolMill::Caption::Lab_LengthWear::LengthWear</Caption>
		<Wrap>True</Wrap>
    </Label>
    <Label>
		<Left>40</Left>
		<Top>85</Top>
		<Height>25</Height>
		<Width>155</Width>
		<Name>Lab_ToolDiameter</Name>
		<FontSize>14</FontSize>
		<BorderStyle>0</BorderStyle>
		<Depth>1</Depth>
		<ForeColor>0,217,217</ForeColor>
		<BackColor>0,0,0</BackColor>
		<Caption>STR::Browser::ToolMill::Caption::Lab_ToolDiameter::Diameter</Caption>
    </Label>
    <Label>
		<Left>205</Left>
		<Top>85</Top>
		<Height>25</Height>
		<Width>155</Width>
		<Name>Lab_ToolLength</Name>
		<FontSize>14</FontSize>
		<BorderStyle>0</BorderStyle>
		<Depth>0</Depth>
		<ForeColor>0,217,217</ForeColor>
		<BackColor>0,0,0</BackColor>
		<Caption>STR::Browser::ToolMill::Caption::Lab_ToolLength::Length</Caption>
    </Label>
	<Grid Name="TableMill" Height="39" Repeat="8">
		<Label>
			<Caption>20</Caption>
			<Name>lbl_ToolNo</Name>
			<Left>10</Left>
			<Top>140</Top>
			<Width>30</Width>
			<Height>30</Height>
			<Alignment>0</Alignment>
			<FontSize>14</FontSize>
			<BorderStyle>0</BorderStyle>
			<ForeColor>0,255,0</ForeColor>
			<BackColor>0,0,0</BackColor>
		</Label>
		<Input>
			<Name>Inp_ToolGeometry</Name>
			<Left>40</Left>
			<Top>140</Top>
			<Width>75</Width>
			<Height>30</Height>
			<FontSize>14</FontSize>
			<BorderStyle>0</BorderStyle>
			<ForeColor>255,255,255</ForeColor>
			<BackColor>0,0,0</BackColor>
			<InputFormat>Double:L</InputFormat>
			<EmptyVal>ignor</EmptyVal>
		</Input>
		<Input>
			<Name>Inp_ToolWear</Name>
			<Left>120</Left>
			<Top>140</Top>
			<Width>75</Width>
			<Height>30</Height>
			<FontSize>14</FontSize>
			<BorderStyle>0</BorderStyle>
			<ForeColor>255,255,255</ForeColor>
			<BackColor>0,0,0</BackColor>
			<InputFormat>Double:L</InputFormat>
			<EmptyVal>ignor</EmptyVal>
		</Input>
		<Input>
			<Name>Inp_LengthGeometry</Name>
			<Left>205</Left>
			<Top>140</Top>
			<Width>75</Width>
			<Height>30</Height>
			<FontSize>14</FontSize>
			<BorderStyle>0</BorderStyle>
			<ForeColor>255,255,255</ForeColor>
			<BackColor>0,0,0</BackColor>
			<InputFormat>Double:L</InputFormat>
			<EmptyVal>ignor</EmptyVal>
		</Input>
		<Input>
			<Name>Inp_LengthWear</Name>
			<Left>285</Left>
			<Top>140</Top>
			<Width>75</Width>
			<Height>30</Height>
			<FontSize>14</FontSize>
			<BorderStyle>0</BorderStyle>
			<ForeColor>255,255,255</ForeColor>
			<BackColor>0,0,0</BackColor>
			<InputFormat>Double:L</InputFormat>
			<EmptyVal>ignor</EmptyVal>
		</Input>
	</Grid>
	<CoordBox>
		<Left>609</Left>
		<Top>5</Top>
		<Width>170</Width>
		<Height>145</Height>
		<Name>Coord_Machine</Name>
		<FontSize>14</FontSize>
		<Alignment>0</Alignment>
		<BorderStyle>0</BorderStyle>
		<Depth>4</Depth>
		<ForeColor>0,255,0</ForeColor>
		<BackColor>0,0,0</BackColor>
		<PageSize>4</PageSize>
		<Title>1</Title>
		<LForeColor>0,255,0</LForeColor>
		<LBackColor>0,0,0</LBackColor>
		<LFontSize>14</LFontSize>
		<LBorderStyle>0</LBorderStyle>
		<VForeColor>255,255,255</VForeColor>
		<VBackColor>0,0,0</VBackColor>
		<VFontSize>14</VFontSize>
		<VBorderStyle>0</VBorderStyle>
		<AxisNotHomeColor>255,255,255</AxisNotHomeColor>
		<AxisSelectedColor>255,255,255</AxisSelectedColor>
	</CoordBox>
	<CoordBox>
		<Left>609</Left>
		<Top>160</Top>
		<Width>170</Width>
		<Height>145</Height>
		<Name>Coord_Absolute</Name>
		<FontSize>14</FontSize>
		<Alignment>0</Alignment>
		<BorderStyle>0</BorderStyle>
		<Depth>3</Depth>
		<ForeColor>0,255,0</ForeColor>
		<BackColor>0,0,0</BackColor>
		<PageSize>4</PageSize>
		<Title>1</Title>
		<CoordType>2</CoordType>
		<LForeColor>0,255,0</LForeColor>
		<LBackColor>0,0,0</LBackColor>
		<LFontSize>14</LFontSize>
		<LBorderStyle>0</LBorderStyle>
		<VForeColor>255,255,255</VForeColor>
		<VBackColor>0,0,0</VBackColor>
		<VFontSize>14</VFontSize>
		<VBorderStyle>0</VBorderStyle>
		<AxisNotHomeColor>255,255,255</AxisNotHomeColor>
		<AxisSelectedColor>255,255,255</AxisSelectedColor>
	</CoordBox>
	<CoordBox>
		<Left>609</Left>
		<Top>315</Top>
		<Width>170</Width>
		<Height>145</Height>
		<Name>Coord_Relative</Name>
		<FontSize>14</FontSize>
		<Alignment>0</Alignment>
		<BorderStyle>0</BorderStyle>
		<Depth>2</Depth>
		<ForeColor>0,255,0</ForeColor>
		<BackColor>0,0,0</BackColor>
		<PageSize>4</PageSize>
		<Title>1</Title>
		<CoordType>1</CoordType>
		<LForeColor>0,255,0</LForeColor>
		<LBackColor>0,0,0</LBackColor>
		<LFontSize>14</LFontSize>
		<LBorderStyle>0</LBorderStyle>
		<VForeColor>255,255,255</VForeColor>
		<VBackColor>0,0,0</VBackColor>
		<VFontSize>14</VFontSize>
		<VBorderStyle>0</VBorderStyle>
		<AxisNotHomeColor>255,255,255</AxisNotHomeColor>
		<AxisSelectedColor>255,255,255</AxisSelectedColor>
	</CoordBox>
</Screen>
