﻿<?xml version="1.0" encoding="UTF-8"?>
<Screen  Type="DotNetExtension">
	<Name>WorkPiece</Name>
	<Panel>
		<Name>Pan_BackBone</Name>
		<Top>0</Top>
		<Left>0</Left>
		<Width>590</Width>
		<Height>470</Height>
		<BorderStyle>0</BorderStyle>
		<ForeColor>0,0,0</ForeColor>
		<BackColor>0,0,0</BackColor>
	</Panel>

	<!-- Aux coordinate layout -->
	<Label>
		<Caption>STR::MMI::AuxCoord::Title</Caption>
		<Name>Lab_AuxTitle</Name>
		<Left>609</Left>
		<Top>315</Top>
		<Width>170</Width>
		<Height>25</Height>
		<Alignment>0</Alignment>
		<BorderStyle>0</BorderStyle>
		<FontSize>14</FontSize>
		<BorderColor>128,128,128</BorderColor>
		<BackColor>0,0,0</BackColor>
		<ForeColor>0,255,0</ForeColor>
		<BackColor>0,0,0</BackColor>
	</Label>
	<Label>
		<Caption>X</Caption>
		<Name>Lab_Rest0</Name>
		<Left>609</Left>
		<Top>355</Top>
		<Width>40</Width>
		<Height>25</Height>
		<Alignment>0</Alignment>
		<BorderStyle>0</BorderStyle>
		<FontSize>14</FontSize>
		<BorderColor>128,128,128</BorderColor>
		<BackColor>0,0,0</BackColor>
		<ForeColor>0,255,0</ForeColor>
		<BackColor>0,0,0</BackColor>
	</Label>
	<Display>
		<Name>Dis_Aux0</Name>
		<Left>644</Left>
		<Top>355</Top>
		<Width>135</Width>
		<Height>25</Height>
		<Alignment>1</Alignment>
		<FontSize>14</FontSize>
		<BorderStyle>0</BorderStyle>
		<BorderColor>128,128,128</BorderColor>
		<BackColor>0,0,0</BackColor>
		<ForeColor>255,255,255</ForeColor>
		<DisplayFormat>Long:TL</DisplayFormat>
		<DisplaySource>R1026</DisplaySource>
	</Display>
	<Label>
		<Caption>Y</Caption>
		<Name>Lab_Rest1</Name>
		<Left>609</Left>
		<Top>380</Top>
		<Width>40</Width>
		<Height>25</Height>
		<Alignment>0</Alignment>
		<BorderStyle>0</BorderStyle>
		<FontSize>14</FontSize>
		<BorderColor>128,128,128</BorderColor>
		<BackColor>0,0,0</BackColor>
		<ForeColor>0,255,0</ForeColor>
		<BackColor>0,0,0</BackColor>
	</Label>
	<Display>
		<Name>Dis_Aux1</Name>
		<Left>644</Left>
		<Top>380</Top>
		<Width>135</Width>
		<Height>25</Height>
		<Alignment>1</Alignment>
		<FontSize>14</FontSize>
		<BorderStyle>0</BorderStyle>
		<BorderColor>128,128,128</BorderColor>
		<BackColor>0,0,0</BackColor>
		<ForeColor>255,255,255</ForeColor>
		<DisplayFormat>Long:TL</DisplayFormat>
		<DisplaySource>R1029</DisplaySource>
	</Display>
	<Label>
		<Caption>Z</Caption>
		<Name>Lab_Rest2</Name>
		<Left>609</Left>
		<Top>405</Top>
		<Width>40</Width>
		<Height>25</Height>
		<Alignment>0</Alignment>
		<BorderStyle>0</BorderStyle>
		<FontSize>14</FontSize>
		<BorderColor>128,128,128</BorderColor>
		<BackColor>0,0,0</BackColor>
		<ForeColor>0,255,0</ForeColor>
		<BackColor>0,0,0</BackColor>
	</Label>
	<Display>
		<Name>Dis_Aux2</Name>
		<Left>644</Left>
		<Top>405</Top>
		<Width>135</Width>
		<Height>25</Height>
		<Alignment>1</Alignment>
		<FontSize>14</FontSize>
		<BorderStyle>0</BorderStyle>
		<BorderColor>128,128,128</BorderColor>
		<BackColor>0,0,0</BackColor>
		<ForeColor>255,255,255</ForeColor>
		<DisplayFormat>Long:TL</DisplayFormat>
		<DisplaySource>R1032</DisplaySource>
	</Display>
	<Label>
		<Caption>External Shift</Caption>
		<Name>lbl_Title_0</Name>
		<Left>30</Left>
		<Top>12</Top>
		<Width>150</Width>
		<Height>30</Height>
		<Alignment>0</Alignment>
		<FontSize>16</FontSize>
		<BorderStyle>0</BorderStyle>
		<ForeColor>0,255,0</ForeColor>
		<BackColor>0,0,0</BackColor>
	</Label>
	<Label>
		<Caption>G54</Caption>
		<Name>lbl_Title_1</Name>
		<Left>215</Left>
		<Top>12</Top>
		<Width>150</Width>
		<Height>30</Height>
		<Alignment>0</Alignment>
		<FontSize>16</FontSize>
		<BorderStyle>0</BorderStyle>
		<ForeColor>0,255,0</ForeColor>
		<BackColor>0,0,0</BackColor>
	</Label>
	<Label>
		<Caption>G55</Caption>
		<Name>lbl_Title_2</Name>
		<Left>400</Left>
		<Top>12</Top>
		<Width>150</Width>
		<Height>30</Height>
		<Alignment>0</Alignment>
		<FontSize>16</FontSize>
		<BorderStyle>0</BorderStyle>
		<ForeColor>0,255,0</ForeColor>
		<BackColor>0,0,0</BackColor>
	</Label>
	<Grid Name="TableTop" Height="30" Repeat="5">
		<Label>
			<Caption>X</Caption>
			<Name>lbl_Axis_0</Name>
			<Left>30</Left>
			<Top>62</Top>
			<Width>40</Width>
			<Height>20</Height>
			<Alignment>2</Alignment>
			<FontSize>15</FontSize>
			<BorderStyle>0</BorderStyle>
			<ForeColor>0,255,0</ForeColor>
			<BackColor>0,0,0</BackColor>
		</Label>
		<Input>
			<Name>Inp_Axis_0</Name>
			<Left>70</Left>
			<Top>62</Top>
			<Width>110</Width>
			<Height>22</Height>
			<Alignment>2</Alignment>
			<FontSize>15</FontSize>
			<BorderStyle>0</BorderStyle>
			<ForeColor>255,255,255</ForeColor>
			<BackColor>0,0,0</BackColor>
			<InputFormat>Long:L</InputFormat>
		</Input>
		<Label>
			<Caption>X</Caption>
			<Name>lbl_Axis_1</Name>
			<Left>215</Left>
			<Top>62</Top>
			<Width>40</Width>
			<Height>20</Height>
			<Alignment>2</Alignment>
			<FontSize>15</FontSize>
			<BorderStyle>0</BorderStyle>
			<ForeColor>0,255,0</ForeColor>
			<BackColor>0,0,0</BackColor>
		</Label>
		<Input>
			<Name>Inp_Axis_1</Name>
			<Left>255</Left>
			<Top>62</Top>
			<Width>110</Width>
			<Height>22</Height>
			<Alignment>2</Alignment>
			<FontSize>15</FontSize>
			<BorderStyle>0</BorderStyle>
			<ForeColor>255,255,255</ForeColor>
			<BackColor>0,0,0</BackColor>
			<InputFormat>Long:L</InputFormat>
		</Input>
		<Label>
			<Caption>X</Caption>
			<Name>lbl_Axis_2</Name>
			<Left>400</Left>
			<Top>62</Top>
			<Width>40</Width>
			<Height>20</Height>
			<Alignment>2</Alignment>
			<FontSize>15</FontSize>
			<BorderStyle>0</BorderStyle>
			<ForeColor>0,255,0</ForeColor>
			<BackColor>0,0,0</BackColor>
		</Label>
		<Input>
			<Name>Inp_Axis_2</Name>
			<Left>440</Left>
			<Top>62</Top>
			<Width>110</Width>
			<Height>22</Height>
			<Alignment>2</Alignment>
			<FontSize>15</FontSize>
			<BorderStyle>0</BorderStyle>
			<ForeColor>255,255,255</ForeColor>
			<BackColor>0,0,0</BackColor>
			<InputFormat>Long:L</InputFormat>
		</Input>
	</Grid>
	<Panel>
		<Left>592</Left>
		<Top>0</Top>
		<Width>208</Width>
		<Height>470</Height>
		<BorderStyle>0</BorderStyle>
		<ForeColor>0,0,0</ForeColor>
		<BackColor>0,0,0</BackColor>
	</Panel>
	<Label>
		<Caption>G56</Caption>
		<Name>lbl_Title_3</Name>
		<Left>30</Left>
		<Top>243</Top>
		<Width>150</Width>
		<Height>30</Height>
		<Alignment>0</Alignment>
		<FontSize>16</FontSize>
		<BorderStyle>0</BorderStyle>
		<ForeColor>0,255,0</ForeColor>
		<BackColor>0,0,0</BackColor>
	</Label>
	<Label>
		<Caption>G57</Caption>
		<Name>lbl_Title_4</Name>
		<Left>215</Left>
		<Top>243</Top>
		<Width>150</Width>
		<Height>30</Height>
		<Alignment>0</Alignment>
		<FontSize>16</FontSize>
		<BorderStyle>0</BorderStyle>
		<ForeColor>0,255,0</ForeColor>
		<BackColor>0,0,0</BackColor>
	</Label>
	<Label>
		<Caption>G58</Caption>
		<Name>lbl_Title_5</Name>
		<Left>400</Left>
		<Top>243</Top>
		<Width>150</Width>
		<Height>30</Height>
		<Alignment>0</Alignment>
		<FontSize>16</FontSize>
		<BorderStyle>0</BorderStyle>
		<ForeColor>0,255,0</ForeColor>
		<BackColor>0,0,0</BackColor>
	</Label>
	<Grid Name="TableBottom" Height="30" Repeat="5">
		<Label>
			<Caption>X</Caption>
			<Name>lbl_Axis_3</Name>
			<Left>30</Left>
			<Top>293</Top>
			<Width>40</Width>
			<Height>20</Height>
			<Alignment>2</Alignment>
			<FontSize>15</FontSize>
			<BorderStyle>0</BorderStyle>
			<ForeColor>0,255,0</ForeColor>
			<BackColor>0,0,0</BackColor>
		</Label>
		<Input>
			<Name>Inp_Axis_3</Name>
			<Left>70</Left>
			<Top>293</Top>
			<Width>110</Width>
			<Height>22</Height>
			<Alignment>2</Alignment>
			<FontSize>15</FontSize>
			<BorderStyle>0</BorderStyle>
			<ForeColor>255,255,255</ForeColor>
			<BackColor>0,0,0</BackColor>
			<InputFormat>Long:L</InputFormat>
		</Input>
		<Label>
			<Caption>X</Caption>
			<Name>lbl_Axis_4</Name>
			<Left>215</Left>
			<Top>293</Top>
			<Width>40</Width>
			<Height>20</Height>
			<Alignment>2</Alignment>
			<FontSize>15</FontSize>
			<BorderStyle>0</BorderStyle>
			<ForeColor>0,255,0</ForeColor>
			<BackColor>0,0,0</BackColor>
		</Label>
		<Input>
			<Name>Inp_Axis_4</Name>
			<Left>255</Left>
			<Top>293</Top>
			<Width>110</Width>
			<Height>22</Height>
			<Alignment>2</Alignment>
			<FontSize>15</FontSize>
			<BorderStyle>0</BorderStyle>
			<ForeColor>255,255,255</ForeColor>
			<BackColor>0,0,0</BackColor>
			<InputFormat>Long:L</InputFormat>
		</Input>
		<Label>
			<Caption>X</Caption>
			<Name>lbl_Axis_5</Name>
			<Left>400</Left>
			<Top>293</Top>
			<Width>40</Width>
			<Height>20</Height>
			<Alignment>2</Alignment>
			<FontSize>15</FontSize>
			<BorderStyle>0</BorderStyle>
			<ForeColor>0,255,0</ForeColor>
			<BackColor>0,0,0</BackColor>
		</Label>
		<Input>
			<Name>Inp_Axis_5</Name>
			<Left>440</Left>
			<Top>293</Top>
			<Width>110</Width>
			<Height>22</Height>
			<Alignment>2</Alignment>
			<FontSize>15</FontSize>
			<BorderStyle>0</BorderStyle>
			<ForeColor>255,255,255</ForeColor>
			<BackColor>0,0,0</BackColor>
			<InputFormat>Long:L</InputFormat>
		</Input>
	</Grid>

	<!-- machine coordinate layout -->
	<CoordBox>
		<Name>Coord_Machine</Name>
		<Left>609</Left>
		<Top>5</Top>
		<Width>170</Width>
		<Height>145</Height>
		<Alignment>0</Alignment>
		<BorderStyle>0</BorderStyle>
		<FontSize>14</FontSize>
		<BorderColor>128,128,128</BorderColor>
		<BackColor>0,0,0</BackColor>
		<ForeColor>0,255,0</ForeColor>
		<Title>1</Title>
		<PageSize>4</PageSize>
		<CoordType>0</CoordType>
		<LForeColor>0,255,0</LForeColor>
		<LBackColor>0,0,0</LBackColor>
		<LFontSize>14</LFontSize>
		<LBorderStyle>0</LBorderStyle>
		<VForeColor>255,255,255</VForeColor>
		<VBackColor>0,0,0</VBackColor>
		<VFontSize>14</VFontSize>
		<VBorderStyle>0</VBorderStyle>
		<AxisNotHomeColor>255,255,255</AxisNotHomeColor>
		<AxisSelectedColor>255,255,255</AxisSelectedColor>
	</CoordBox>

	<!-- Relative coordinate layout -->
	<CoordBox>
		<Name>Coord_Relative</Name>
		<Left>609</Left>
		<Top>160</Top>
		<Width>170</Width>
		<Height>145</Height>
		<Alignment>0</Alignment>
		<BorderStyle>0</BorderStyle>
		<FontSize>14</FontSize>
		<BorderColor>128,128,128</BorderColor>
		<BackColor>0,0,0</BackColor>
		<ForeColor>0,255,0</ForeColor>
		<Title>1</Title>
		<PageSize>4</PageSize>
		<CoordType>1</CoordType>
		<LForeColor>0,255,0</LForeColor>
		<LBackColor>0,0,0</LBackColor>
		<LFontSize>14</LFontSize>
		<LBorderStyle>0</LBorderStyle>
		<VForeColor>255,255,255</VForeColor>
		<VBackColor>0,0,0</VBackColor>
		<VFontSize>14</VFontSize>
		<VBorderStyle>0</VBorderStyle>
		<AxisNotHomeColor>255,255,255</AxisNotHomeColor>
		<AxisSelectedColor>255,255,255</AxisSelectedColor>
	</CoordBox>
</Screen>
