﻿<root  x="390" y="20" w="400" h="360">
	<fenu name ="CanCycleMain">
		<button>
			<position>1</position>
			<title>STR::LATHECanCycle:CommonMenu</title>
			<link>CommonMain</link>
		</button>
	</fenu>

	<fenu name ="CommonMain">
		<button>
			<action>Show::G00</action>
			<position>2</position>
			<title>STR::LATHECanCycle:G00</title>
		</button>
		<button>
			<action>Show::G01</action>
			<position>2</position>
			<title>STR::LATHECanCycle:G01</title>
		</button>
		<button>
			<action>Circular</action>
			<position>3</position>
			<title>STR::LATHECanCycle:Circular</title>
			<link>Circular</link>
		</button>
		<button>
			<action>Threading</action>
			<position>4</position>
			<title>STR::LATHECanCycle:Threading</title>
			<link>Threading</link>
		</button>
		<button>
			<action>Drilling</action>
			<position>5</position>
			<title>STR::LATHECanCycle:Drilling</title>
			<link>Drilling</link>
		</button>
		<button>
			<action>GCodeList</action>
			<position>6</position>
			<title>STR::LATHECanCycle:GCodeList</title>
			<link>GCodeList</link>
		</button>
		<button>
			<action>MCodeList</action>
			<position>7</position>
			<title>STR::LATHECanCycle:MCodeList</title>
			<link>MCodeList</link>
		</button>
		<button>
			<action>DiameterCut</action>
			<position>8</position>
			<title>STR::LATHECanCycle:DiameterCut</title>
			<link>DiameterCut</link>
		</button>
		<button>
			<action>FacingCut</action>
			<position>9</position>
			<title>STR::LATHECanCycle:FacingCut</title>
			<link>FacingCut</link>
		</button>
		<button>
			<action>MultiCut</action>
			<position>10</position>
			<title>STR::LATHECanCycle:MultiCut</title>
			<link>MultiCut</link>
		</button>
		<button>
			<action>Show::T</action>
			<position>11</position>
			<title>STR::LATHECanCycle:ToolChange</title>
		</button>
	</fenu>

	<fenu name ="Circular">
		<button>
			<action>Show::G02</action>
			<position>1</position>
			<title>STR::CanCycle:G02</title>
		</button>
		<button>
			<action>Show::G03</action>
			<position>2</position>
			<title>STR::CanCycle:G03</title>
		</button>
	</fenu>
	
	<fenu name ="Threading">
		<button>
			<action>Show::G92</action>
			<position>1</position>
			<title>STR::LATHECanCycle:G21</title>
		</button>
		<button>
			<action>Show::G32</action>
			<position>2</position>
			<title>STR::LATHECanCycle:G33</title>
		</button>
		<button>
			<action>Show::G76</action>
			<position>3</position>
			<title>STR::LATHECanCycle:G78</title>
		</button>	
	</fenu>
	
	<fenu name ="Drilling">
		<button>
			<action>Insert::G80</action>
			<position>1</position>
			<title>STR::LATHECanCycle:G80</title>
		</button>	
		<button>
			<action>Show::G83</action>
			<position>2</position>
			<title>STR::LATHECanCycle:G83</title>
		</button>
		<button>
			<action>Show::G84</action>
			<position>3</position>
			<title>STR::LATHECanCycle:G84</title>
		</button>
		<button>
			<action>Show::G85</action>
			<position>4</position>
			<title>STR::LATHECanCycle:G85</title>
		</button>
		<button>
			<action>Show::G87</action>
			<position>6</position>
			<title>STR::LATHECanCycle:G87</title>
		</button>
		<button>
			<action>Show::G88</action>
			<position>7</position>
			<title>STR::LATHECanCycle:G88</title>
		</button>
		<button>
			<action>Show::G89</action>
			<position>8</position>
			<title>STR::LATHECanCycle:G89</title>
		</button>
	</fenu>
	
	<fenu name ="GCodeList">
		<button>
			<action>Insert::G40</action>
			<position>3</position>
			<title>STR::CanCycle:G40</title>
		</button>
		<button>
			<action>Insert::G41</action>
			<position>4</position>
			<title>STR::CanCycle:G41</title>
		</button>
		<button>
			<action>Insert::G42</action>
			<position>5</position>
			<title>STR::CanCycle:G42</title>
		</button>
		<button>
			<action>Show::G04</action>
			<position>6</position>
			<title>STR::CanCycle:G04</title>
		</button>
		<button>
			<action>Show::G10</action>
			<position>7</position>
			<title>STR::CanCycle:G10</title>
		</button>
		<button>
			<action>Insert::G20</action>
			<position>8</position>
			<title>STR::CanCycle:G70</title>
		</button>
		<button>
			<action>Insert::G21</action>
			<position>9</position>
			<title>STR::CanCycle:G71</title>
		</button>
		<button>
			<action>Insert::G98</action>
			<position>10</position>
			<title>STR::CanCycle:G94</title>
		</button>
		<button>
			<action>Insert::G99</action>
			<position>11</position>
			<title>STR::CanCycle:G95</title>
		</button>
		<button>
			<action>Show::G96</action>
			<position>12</position>
			<title>STR::CanCycle:G96</title>
		</button>
		<button>
			<action>Show::G97</action>
			<position>13</position>
			<title>STR::CanCycle:G97</title>
		</button>
		<button>
			<action>Show::M98</action>
			<position>16</position>
			<title>STR::CanCycle:M98</title>
		</button>
		<button>
			<action>Insert::M99</action>
			<position>17</position>
			<title>STR::CanCycle:M99</title>
		</button>
	</fenu>

	<fenu name ="MCodeList">
		<button>
			<action>Insert::M00</action>
			<position>1</position>
			<title>STR::CanCycle:M00</title>
		</button>
		<button>
			<action>Insert::M01</action>
			<position>2</position>
			<title>STR::CanCycle:M01</title>
		</button>
		<button>
			<action>Insert::M02</action>
			<position>3</position>
			<title>STR::CanCycle:M02</title>
		</button>
		<button>
			<action>Insert::M03</action>
			<position>4</position>
			<title>STR::CanCycle:M03</title>
		</button>
		<button>
			<action>Insert::M04</action>
			<position>5</position>
			<title>STR::CanCycle:M04</title>
		</button>
		<button>
			<action>Insert::M05</action>
			<position>6</position>
			<title>STR::CanCycle:M05</title>
		</button>
		<button>
			<action>Insert::M08</action>
			<position>7</position>
			<title>STR::CanCycle:M08</title>
		</button>
		<button>
			<action>Insert::M09</action>
			<position>8</position>
			<title>STR::CanCycle:M09</title>
		</button>
		<button>
			<action>Insert::M10</action>
			<position>9</position>
			<title>STR::CanCycle:M10</title>
		</button>
		<button>
			<action>Insert::M11</action>
			<position>10</position>
			<title>STR::CanCycle:M11</title>
		</button>
		<button>
			<action>Insert::M30</action>
			<position>11</position>
			<title>STR::CanCycle:M30</title>
		</button>
	</fenu>
	
	<fenu name ="DiameterCut">
		<button>
			<action>Show::G90</action>
			<position>1</position>
			<title>STR::LATHECanCycle:G20</title>
		</button>
		<button>
			<action>Show::G75</action>
			<position>2</position>
			<title>STR::LATHECanCycle:G77</title>
		</button>
	</fenu>
	
	<fenu name ="FacingCut">
		<button>
			<action>Show::G94</action>
			<position>1</position>
			<title>STR::LATHECanCycle:G24</title>
		</button>
		<button>
			<action>Show::G74</action>
			<position>2</position>
			<title>STR::LATHECanCycle:G76</title>
		</button>
	</fenu>
	
	<fenu name ="MultiCut">
		<button>
			<action>Show::G70</action>
			<position>1</position>
			<title>STR::LATHECanCycle:G72</title>
		</button>
		<button>
			<action>Show::G71</action>
			<position>2</position>
			<title>STR::LATHECanCycle:G73</title>
		</button>
		<button>
			<action>Show::G72</action>
			<position>3</position>
			<title>STR::LATHECanCycle:G74</title>
		</button>
		<button>
			<action>Show::G73</action>
			<position>4</position>
			<title>STR::LATHECanCycle:G75</title>
		</button>
	</fenu>
</root>