﻿<?xml version="1.0" encoding="UTF-8"?>
<Screen>
	<Name>TableTimerCounter</Name>
	<Panel>
		<Name>Panel_TableTimerCounter</Name>
		<Left>0</Left>
		<Top>0</Top>
		<Width>800</Width>
		<Height>470</Height>
		<ForeColor>0,255,0</ForeColor>
		<BackColor>0,0,0</BackColor>
	</Panel>
	<Label>
		<Caption>Timer</Caption>
		<Name>lbl_TableTitle</Name>
		<Left>40</Left>
		<Top>20</Top>
		<Width>120</Width>
		<Height>25</Height>
		<Alignment>0</Alignment>
		<FontSize>15</FontSize>
		<BorderStyle>0</BorderStyle>
		<ForeColor>0,255,0</ForeColor>
		<BackColor>0,0,0</BackColor>
	</Label>
	<Label>
		<Name>lbl_GrdTitle1</Name>
		<Caption>No</Caption>
		<Left>60</Left>
		<Top>48</Top>
		<Height>22</Height>
		<Width>40</Width>
		<Alignment>2</Alignment>
		<FontSize>12</FontSize>
		<BorderStyle>0</BorderStyle>
		<ForeColor>0,255,0</ForeColor>
		<BackColor>0,0,0</BackColor>
	</Label>
	<Label>
		<Name>lbl_GrdTitle2</Name>
		<Caption>Value</Caption>
		<Left>100</Left>
		<Top>48</Top>
		<Height>22</Height>
		<Width>60</Width>
		<Alignment>2</Alignment>
		<FontSize>12</FontSize>
		<BorderStyle>0</BorderStyle>
		<ForeColor>0,255,0</ForeColor>
		<BackColor>0,0,0</BackColor>
		<Visible>True</Visible>
	</Label>
	<Label>
		<Name>lbl_GrdTitle3</Name>
		<Caption>Set</Caption>
		<Left>160</Left>
		<Top>48</Top>
		<Height>22</Height>
		<Width>60</Width>
		<Alignment>2</Alignment>
		<FontSize>12</FontSize>
		<BorderStyle>0</BorderStyle>
		<ForeColor>0,255,0</ForeColor>
		<BackColor>0,0,0</BackColor>
		<Visible>True</Visible>
	</Label>
	<Label>
		<Name>lbl_GrdTitle4</Name>
		<Caption>No</Caption>
		<Left>225</Left>
		<Top>48</Top>
		<Height>22</Height>
		<Width>40</Width>
		<Alignment>2</Alignment>
		<FontSize>12</FontSize>
		<BorderStyle>0</BorderStyle>
		<ForeColor>0,255,0</ForeColor>
		<BackColor>0,0,0</BackColor>
		<Visible>True</Visible>
	</Label>
	<Label>
		<Name>lbl_GrdTitle5</Name>
		<Caption>Value</Caption>
		<Left>265</Left>
		<Top>48</Top>
		<Height>22</Height>
		<Width>60</Width>
		<Alignment>2</Alignment>
		<FontSize>12</FontSize>
		<BorderStyle>0</BorderStyle>
		<ForeColor>0,255,0</ForeColor>
		<BackColor>0,0,0</BackColor>
		<Visible>True</Visible>
	</Label>
	<Label>
		<Name>lbl_GrdTitle6</Name>
		<Caption>Set</Caption>
		<Left>325</Left>
		<Top>48</Top>
		<Height>22</Height>
		<Width>60</Width>
		<Alignment>2</Alignment>
		<FontSize>12</FontSize>
		<BorderStyle>0</BorderStyle>
		<ForeColor>0,255,0</ForeColor>
		<BackColor>0,0,0</BackColor>
		<Visible>True</Visible>
	</Label>
	<Label>
		<Name>lbl_GrdTitle7</Name>
		<Caption>No</Caption>
		<Left>410</Left>
		<Top>48</Top>
		<Height>22</Height>
		<Width>40</Width>
		<Alignment>2</Alignment>
		<FontSize>12</FontSize>
		<BorderStyle>0</BorderStyle>
		<ForeColor>0,255,0</ForeColor>
		<BackColor>0,0,0</BackColor>
		<Visible>True</Visible>
	</Label>
	<Label>
		<Name>lbl_GrdTitle8</Name>
		<Caption>Value</Caption>
		<Left>450</Left>
		<Top>48</Top>
		<Height>22</Height>
		<Width>60</Width>
		<Alignment>2</Alignment>
		<FontSize>12</FontSize>
		<BorderStyle>0</BorderStyle>
		<ForeColor>0,255,0</ForeColor>
		<BackColor>0,0,0</BackColor>
		<Visible>True</Visible>
	</Label>
	<Label>
		<Name>lbl_GrdTitle9</Name>
		<Caption>Set</Caption>
		<Left>510</Left>
		<Top>48</Top>
		<Height>22</Height>
		<Width>60</Width>
		<Alignment>2</Alignment>
		<FontSize>12</FontSize>
		<BorderStyle>0</BorderStyle>
		<ForeColor>0,255,0</ForeColor>
		<BackColor>0,0,0</BackColor>
		<Visible>True</Visible>
	</Label>
	<Label>
		<Name>lbl_GrdTitle10</Name>
		<Caption>No</Caption>
		<Left>575</Left>
		<Top>48</Top>
		<Height>22</Height>
		<Width>40</Width>
		<Alignment>2</Alignment>
		<FontSize>12</FontSize>
		<BorderStyle>0</BorderStyle>
		<ForeColor>0,255,0</ForeColor>
		<BackColor>0,0,0</BackColor>
		<Visible>True</Visible>
	</Label>
	<Label>
		<Name>lbl_GrdTitle11</Name>
		<Caption>Value</Caption>
		<Left>615</Left>
		<Top>48</Top>
		<Height>22</Height>
		<Width>60</Width>
		<Alignment>2</Alignment>
		<FontSize>12</FontSize>
		<BorderStyle>0</BorderStyle>
		<ForeColor>0,255,0</ForeColor>
		<BackColor>0,0,0</BackColor>
		<Visible>True</Visible>
	</Label>
	<Label>
		<Name>lbl_GrdTitle12</Name>
		<Caption>Set</Caption>
		<Left>675</Left>
		<Top>48</Top>
		<Height>22</Height>
		<Width>60</Width>
		<Alignment>2</Alignment>
		<FontSize>12</FontSize>
		<BorderStyle>0</BorderStyle>
		<ForeColor>0,255,0</ForeColor>
		<BackColor>0,0,0</BackColor>
		<Visible>True</Visible>
	</Label>
	<Grid Name="TimerCounterTable" Height="23" Repeat="16">
		<Label>
			<Name>lbl_GrdFlowCol1</Name>
			<Caption>1</Caption>
			<Left>60</Left>
			<Top>70</Top>
			<Height>23</Height>
			<Width>40</Width>
			<FontSize>12</FontSize>
			<Alignment>2</Alignment>
			<BorderStyle>0</BorderStyle>
<ForeColor>0,255,0</ForeColor>
		<BackColor>0,0,0</BackColor>
		</Label>
		<Label>
			<Name>lbl_Value1</Name>
			<Caption></Caption>
			<Left>100</Left>
			<Top>70</Top>
			<Width>60</Width>
			<Height>23</Height>
			<Alignment>2</Alignment>
			<FontSize>12</FontSize>
			<BorderStyle>0</BorderStyle>
			<ForeColor>255,255,255</ForeColor>
		<BackColor>0,0,0</BackColor>
		</Label>
		<Label>
			<Name>lbl_Set1</Name>
			<Caption></Caption>
			<Left>160</Left>
			<Top>70</Top>
			<Width>60</Width>
			<Height>23</Height>
			<Alignment>2</Alignment>
			<FontSize>12</FontSize>
			<BorderStyle>0</BorderStyle>
			<ForeColor>255,255,255</ForeColor>
		<BackColor>0,0,0</BackColor>
		</Label>
		<Label>
			<Name>lbl_GrdFlowCol2</Name>
			<Caption>1</Caption>
			<Left>225</Left>
			<Top>70</Top>
			<Height>23</Height>
			<Width>40</Width>
			<Alignment>2</Alignment>
			<FontSize>12</FontSize>
			<BorderStyle>0</BorderStyle>
<ForeColor>0,255,0</ForeColor>
		<BackColor>0,0,0</BackColor>
		</Label>
		<Label>
			<Name>lbl_Value2</Name>
			<Caption></Caption>
			<Left>265</Left>
			<Top>70</Top>
			<Width>60</Width>
			<Height>23</Height>
			<Alignment>2</Alignment>
			<BorderStyle>0</BorderStyle>
			<FontSize>12</FontSize>
			<ForeColor>255,255,255</ForeColor>
		<BackColor>0,0,0</BackColor>
		</Label>
		<Label>
			<Name>lbl_Set2</Name>
			<Caption></Caption>
			<Left>325</Left>
			<Top>70</Top>
			<Width>60</Width>
			<Height>23</Height>
			<Alignment>2</Alignment>
			<BorderStyle>0</BorderStyle>
			<FontSize>12</FontSize>
			<ForeColor>255,255,255</ForeColor>
		<BackColor>0,0,0</BackColor>
		</Label>
		<Label>
			<Name>lbl_GrdFlowCol3</Name>
			<Caption>1</Caption>
			<Left>410</Left>
			<Top>70</Top>
			<Height>23</Height>
			<Width>40</Width>
			<Alignment>2</Alignment>
			<FontSize>12</FontSize>
			<BorderStyle>0</BorderStyle>
			<ForeColor>0,255,0</ForeColor>
		<BackColor>0,0,0</BackColor>
		</Label>
		<Label>
			<Name>lbl_Value3</Name>
			<Caption></Caption>
			<Left>450</Left>
			<Top>70</Top>
			<Width>60</Width>
			<Height>23</Height>
			<Alignment>2</Alignment>
			<FontSize>12</FontSize>
			<BorderStyle>0</BorderStyle>
			<ForeColor>255,255,255</ForeColor>
		<BackColor>0,0,0</BackColor>
		</Label>
		<Label>
			<Name>lbl_Set3</Name>
			<Caption></Caption>
			<Left>510</Left>
			<Top>70</Top>
			<Width>60</Width>
			<Height>23</Height>
			<Alignment>2</Alignment>
			<FontSize>12</FontSize>
			<BorderStyle>0</BorderStyle>
			<ForeColor>255,255,255</ForeColor>
		<BackColor>0,0,0</BackColor>
		</Label>
		<Label>
			<Name>lbl_GrdFlowCol4</Name>
			<Caption>1</Caption>
			<Left>575</Left>
			<Top>70</Top>
			<Height>23</Height>
			<Width>40</Width>
			<Alignment>2</Alignment>
			<FontSize>12</FontSize>
			<BorderStyle>0</BorderStyle>
			<ForeColor>0,255,0</ForeColor>
		<BackColor>0,0,0</BackColor>
		</Label>
		<Label>
			<Name>lbl_Value4</Name>
			<Caption></Caption>
			<Left>615</Left>
			<Top>70</Top>
			<Width>60</Width>
			<Height>23</Height>
			<Alignment>2</Alignment>
			<FontSize>12</FontSize>
			<BorderStyle>0</BorderStyle>
			<ForeColor>255,255,255</ForeColor>
		<BackColor>0,0,0</BackColor>
		</Label>
		<Label>
			<Name>lbl_Set4</Name>
			<Caption></Caption>
			<Left>675</Left>
			<Top>70</Top>
			<Width>60</Width>
			<Height>23</Height>
			<Alignment>2</Alignment>
			<FontSize>12</FontSize>
			<BorderStyle>0</BorderStyle>
			<ForeColor>255,255,255</ForeColor>
		<BackColor>0,0,0</BackColor>
		</Label>
	</Grid>
</Screen>
