﻿<?xml version="1.0" encoding="utf-8"?>
<!--BROWSER SIZE|H:470|W:800-->
<Screen>
	<Name>SysFileExportSelect.xml</Name>
	<Width>800</Width>
	<Height>470</Height>
	<Group Name="ExportGroup">
		<CheckBox>
			<Left>10</Left>
			<Top>70</Top>
			<Height>25</Height>
			<Width>180</Width>
			<Name>Cbx_SelectAll</Name>
			<FontSize>14</FontSize>
			<Caption>STR::MMI::Common::SelectAll</Caption>
			<BackColor>192,192,192</BackColor>
			<Enabled>True</Enabled>
			<Select>True</Select>
			<HintLabel>STR::MMI::SysFile::Export::AllSelect</HintLabel>
		</CheckBox>
		<CheckBox>
			<Left>10</Left>
			<Top>95</Top>
			<Height>25</Height>
			<Width>180</Width>
			<Name>Cbx_PLC</Name>
			<FontSize>14</FontSize>
			<Caption>STR::MMI::Common::PLC</Caption>
			<BackColor>192,192,192</BackColor>
			<Enabled>True</Enabled>
			<HintLabel>STR::MMI::SysFile::Export::PLC</HintLabel>
		</CheckBox>
		<CheckBox>
			<Left>10</Left>
			<Top>120</Top>
			<Height>25</Height>
			<Width>180</Width>
			<Name>Cbx_Parameter</Name>
			<FontSize>14</FontSize>
			<Caption>STR::MMI::Common::Parameter</Caption>
			<BackColor>192,192,192</BackColor>
			<Enabled>True</Enabled>
			<HintLabel>STR::MMI::SysFile::Export::Parameter</HintLabel>
		</CheckBox>
		<CheckBox>
			<Left>10</Left>
			<Top>145</Top>
			<Height>25</Height>
			<Width>180</Width>
			<Name>Cbx_ParameterExt</Name>
			<FontSize>14</FontSize>
			<Caption>STR::MMI::Common::ParameterExt</Caption>
			<BackColor>192,192,192</BackColor>
			<Enabled>True</Enabled>
			<HintLabel>STR::MMI::SysFile::Export::ParameterExt</HintLabel>
		</CheckBox>
		<CheckBox>
			<Left>10</Left>
			<Top>170</Top>
			<Height>25</Height>
			<Width>180</Width>
			<Name>Cbx_MacroAlarm</Name>
			<FontSize>14</FontSize>
			<Caption>STR::MMI::Common::MacroAlarm</Caption>
			<BackColor>192,192,192</BackColor>
			<Enabled>True</Enabled>
			<HintLabel>STR::MMI::SysFile::Export::MacroAlarm</HintLabel>
		</CheckBox>
		<CheckBox>
			<Left>10</Left>
			<Top>195</Top>
			<Height>25</Height>
			<Width>180</Width>
			<Name>Cbx_Registry</Name>
			<FontSize>14</FontSize>
			<Caption>STR::MMI::Common::Registry</Caption>
			<BackColor>192,192,192</BackColor>
			<Enabled>True</Enabled>
			<HintLabel>STR::MMI::SysFile::Export::Registry</HintLabel>
		</CheckBox>
		<CheckBox>
			<Left>10</Left>
			<Top>220</Top>
			<Height>25</Height>
			<Width>180</Width>
			<Name>Cbx_SerialPLCAxisParam</Name>
			<FontSize>14</FontSize>
			<Caption>STR::MMI::Common::SerialPLCAxisParam</Caption>
			<BackColor>192,192,192</BackColor>
			<Enabled>True</Enabled>
			<HintLabel>STR::MMI::SysFile::Export::SerialPLCAxisParam</HintLabel>
		</CheckBox>
		<CheckBox>
			<Left>10</Left>
			<Top>245</Top>
			<Height>25</Height>
			<Width>180</Width>
			<Name>Cbx_ECamData</Name>
			<FontSize>14</FontSize>
			<Caption>STR::MMI::Common::ECamData</Caption>
			<BackColor>192,192,192</BackColor>
			<Enabled>True</Enabled>
			<HintLabel>STR::MMI::SysFile::Export::ECamData</HintLabel>
		</CheckBox>
		<CheckBox>
			<Left>10</Left>
			<Top>270</Top>
			<Height>25</Height>
			<Width>180</Width>
			<Name>Cbx_RotParam</Name>
			<FontSize>14</FontSize>
			<Caption>STR::MMI::Common::RotParam</Caption>
			<BackColor>192,192,192</BackColor>
			<Enabled>True</Enabled>
			<HintLabel>STR::MMI::SysFile::Export::RotParam</HintLabel>
		</CheckBox>
		<CheckBox>
			<Left>10</Left>
			<Top>295</Top>
			<Height>25</Height>
			<Width>180</Width>
			<Name>Cbx_ResString</Name>
			<FontSize>14</FontSize>
			<Caption>STR::MMI::Common::MultiLanguageFile</Caption>
			<BackColor>192,192,192</BackColor>
			<Enabled>True</Enabled>
			<HintLabel>STR::MMI::SysFile::Export::MultiLanguageFile</HintLabel>
		</CheckBox>
		<SelectAllRule>
			<SelectAllItem>
				<Name>Cbx_SelectAll</Name>
			</SelectAllItem>
			<Item>
				<Name>Cbx_PLC</Name>
				<Name>Cbx_Parameter</Name>
				<Name>Cbx_ParameterExt</Name>
				<Name>Cbx_MacroAlarm</Name>
				<Name>Cbx_Registry</Name>
				<Name>Cbx_SerialPLCAxisParam</Name>
				<Name>Cbx_ECamData</Name>
				<Name>Cbx_RotParam</Name>
				<Name>Cbx_ResString</Name>
			</Item>
		</SelectAllRule>
	</Group>
	<Panel>
		<Name>Pan_ExportItem</Name>
		<Left>0</Left>
		<Top>0</Top>
		<Width>800</Width>
		<Height>470</Height>
		<BorderStyle>0</BorderStyle>
		<BackColor>192,192,192</BackColor>
		<Depth>40</Depth>
	</Panel>
	<Panel>
		<Name>Pan_SplitLine</Name>
		<Left>10</Left>
		<Top>40</Top>
		<Width>200</Width>
		<Height>2</Height>
		<BorderStyle>0</BorderStyle>
		<BackColor>0,128,128</BackColor>
		<Depth>39</Depth>
	</Panel>
	<Panel>
		<Name>Pan_SplitHintLine</Name>
		<Left>10</Left>
		<Top>342</Top>
		<Width>780</Width>
		<Height>3</Height>
		<BorderStyle>0</BorderStyle>
		<BackColor>0,128,128</BackColor>
		<Depth>38</Depth>
	</Panel>
	<Panel>
		<Name>Pan_SplitLine2</Name>
		<Left>419</Left>
		<Top>142</Top>
		<Width>170</Width>
		<Height>1</Height>
		<BorderStyle>0</BorderStyle>
		<BackColor>0,128,128</BackColor>
		<Depth>37</Depth>
	</Panel>
	<Panel>
		<Name>Pan_SplitLine3</Name>
		<Left>229</Left>
		<Top>142</Top>
		<Width>180</Width>
		<Height>1</Height>
		<BorderStyle>0</BorderStyle>
		<BackColor>0,128,128</BackColor>
		<Depth>36</Depth>
	</Panel>
	<Panel>
		<Name>Pan_SplitHLine4</Name>
		<Left>220</Left>
		<Top>10</Top>
		<Width>3</Width>
		<Height>325</Height>
		<BorderStyle>0</BorderStyle>
		<BackColor>0,128,128</BackColor>
		<Depth>35</Depth>
	</Panel>
	<Panel>
		<Name>Pan_Comment</Name>
		<Left>10</Left>
		<Top>420</Top>
		<Width>780</Width>
		<Height>3</Height>
		<BorderStyle>0</BorderStyle>
		<BackColor>0,128,128</BackColor>
		<Visible>False</Visible>
		<Depth>34</Depth>
	</Panel>
	<Label>
		<Name>Lab_ParamTitle</Name>
		<Left>418</Left>
		<Top>50</Top>
		<Width>135</Width>
		<Height>25</Height>
		<BorderStyle>2</BorderStyle>
		<BackColor>192,192,192</BackColor>
		<ForeColor>68,68,68</ForeColor>
		<FontSize>12</FontSize>
		<Caption>STR::MMI::Common::Parameter</Caption>
		<BorderColor>68,68,68</BorderColor>
		<Depth>33</Depth>
	</Label>
	<Label>
		<Name>Lab_Param</Name>
		<Left>418</Left>
		<Top>80</Top>
		<Width>135</Width>
		<Height>25</Height>
		<BorderStyle>0</BorderStyle>
		<BackColor>192,192,192</BackColor>
		<ForeColor>68,68,68</ForeColor>
		<FontSize>12</FontSize>
		<Alignment>0</Alignment>
		<Caption>param.dat</Caption>
		<Depth>32</Depth>
	</Label>
	<Label>
		<Name>Lab_CParam</Name>
		<Left>418</Left>
		<Top>110</Top>
		<Width>135</Width>
		<Height>25</Height>
		<BorderStyle>0</BorderStyle>
		<BackColor>192,192,192</BackColor>
		<ForeColor>68,68,68</ForeColor>
		<FontSize>12</FontSize>
		<Alignment>0</Alignment>
		<Caption>CParam[1-4].dat</Caption>
		<Depth>0</Depth>
	</Label>
	<Label>
		<Name>Lab_RegistryTitle</Name>
		<Left>608</Left>
		<Top>50</Top>
		<Width>135</Width>
		<Height>25</Height>
		<BorderStyle>2</BorderStyle>
		<BackColor>192,192,192</BackColor>
		<ForeColor>68,68,68</ForeColor>
		<FontSize>12</FontSize>
		<Caption>STR::MMI::Common::Registry</Caption>
		<BorderColor>68,68,68</BorderColor>
		<Depth>31</Depth>
	</Label>
	<Label>
		<Name>Lab_Registry</Name>
		<Left>608</Left>
		<Top>80</Top>
		<Width>135</Width>
		<Height>25</Height>
		<BorderStyle>0</BorderStyle>
		<BackColor>192,192,192</BackColor>
		<ForeColor>68,68,68</ForeColor>
		<FontSize>11</FontSize>
		<Alignment>0</Alignment>
		<Caption>Registry.dat</Caption>
		<Depth>30</Depth>
	</Label>
	<Label>
		<Name>Lab_ParamExTitle</Name>
		<Left>229</Left>
		<Top>150</Top>
		<Width>135</Width>
		<Height>25</Height>
		<BorderStyle>2</BorderStyle>
		<BackColor>192,192,192</BackColor>
		<ForeColor>68,68,68</ForeColor>
		<FontSize>12</FontSize>
		<Caption>STR::MMI::Common::ParameterExt</Caption>
		<BorderColor>68,68,68</BorderColor>
		<Depth>29</Depth>
	</Label>
	<Label Role="HintLabel">
		<Name>Lab_ItemHint</Name>
		<Left>10</Left>
		<Top>350</Top>
		<Width>780</Width>
		<Height>70</Height>
		<BorderStyle>0</BorderStyle>
		<BackColor>192,192,192</BackColor>
		<FontSize>12</FontSize>
		<Alignment>3</Alignment>
		<Caption> </Caption>
		<Depth>28</Depth>
	</Label>
	<Label>
		<Name>Lab_ExportConclusion</Name>
		<Left>10</Left>
		<Top>425</Top>
		<Width>780</Width>
		<Height>40</Height>
		<BorderStyle>0</BorderStyle>
		<BackColor>192,192,192</BackColor>
		<Visible>False</Visible>
		<ForeColor>176,0,0</ForeColor>
		<FontSize>16</FontSize>
		<Alignment>0</Alignment>
		<Caption>STR::MMI::SysFile::Export::QuerySysFileExport</Caption>
		<Depth>27</Depth>
	</Label>
	<Panel>
		<Name>Pan_SplitHLine2</Name>
		<Left>413</Left>
		<Top>50</Top>
		<Width>1</Width>
		<Height>285</Height>
		<BorderStyle>0</BorderStyle>
		<BackColor>0,128,128</BackColor>
		<Depth>26</Depth>
	</Panel>
	<Label>
		<Name>Lab_FuncTitle</Name>
		<Left>10</Left>
		<Top>10</Top>
		<Width>200</Width>
		<Height>25</Height>
		<BorderStyle>0</BorderStyle>
		<BackColor>192,192,192</BackColor>
		<FontSize>14</FontSize>
		<Alignment>0</Alignment>
		<Caption>STR::MMI::SysFile::ExportTitle</Caption>
		<Depth>25</Depth>
	</Label>
	<Panel>
		<Name>Pan_SplitHLine3</Name>
		<Left>600</Left>
		<Top>50</Top>
		<Width>1</Width>
		<Height>285</Height>
		<BorderStyle>0</BorderStyle>
		<BackColor>0,128,128</BackColor>
		<Depth>24</Depth>
	</Panel>
	<Label>
		<Name>Lab_LadderTitle</Name>
		<Left>230</Left>
		<Top>50</Top>
		<Width>135</Width>
		<Height>25</Height>
		<BorderStyle>2</BorderStyle>
		<BackColor>192,192,192</BackColor>
		<ForeColor>68,68,68</ForeColor>
		<FontSize>12</FontSize>
		<Caption>STR::MMI::Common::PLC</Caption>
		<BorderColor>68,68,68</BorderColor>
		<Depth>23</Depth>
	</Label>
	<Label>
		<Name>Lab_SerialPLCAxisParamTitle</Name>
		<Left>605</Left>
		<Top>191</Top>
		<Width>135</Width>
		<Height>25</Height>
		<BorderStyle>2</BorderStyle>
		<BackColor>192,192,192</BackColor>
		<ForeColor>68,68,68</ForeColor>
		<FontSize>12</FontSize>
		<Caption>STR::MMI::Common::SerialPLCAxisParam</Caption>
		<BorderColor>68,68,68</BorderColor>
		<Depth>22</Depth>
	</Label>
	<Label>
		<Name>Lab_SerialPLCAxisParam</Name>
		<Left>605</Left>
		<Top>221</Top>
		<Width>188</Width>
		<Height>25</Height>
		<BorderStyle>0</BorderStyle>
		<BackColor>192,192,192</BackColor>
		<ForeColor>68,68,68</ForeColor>
		<FontSize>12</FontSize>
		<Alignment>0</Alignment>
		<Caption>SerialPLCParam1-32.dat</Caption>
		<Depth>12</Depth>
	</Label>
	<Label>
		<Name>Lab_RotParamTitle</Name>
		<Left>605</Left>
		<Top>266</Top>
		<Width>135</Width>
		<Height>25</Height>
		<BorderStyle>2</BorderStyle>
		<BackColor>192,192,192</BackColor>
		<ForeColor>68,68,68</ForeColor>
		<FontSize>12</FontSize>
		<Caption>STR::MMI::Common::RotParam</Caption>
		<BorderColor>68,68,68</BorderColor>
		<Depth>22</Depth>
	</Label>
	<Label>
		<Name>Lab_RotParam</Name>
		<Left>605</Left>
		<Top>296</Top>
		<Width>135</Width>
		<Height>25</Height>
		<BorderStyle>0</BorderStyle>
		<BackColor>192,192,192</BackColor>
		<ForeColor>68,68,68</ForeColor>
		<FontSize>12</FontSize>
		<Alignment>0</Alignment>
		<Caption>RotParam.dat</Caption>
		<Depth>12</Depth>
	</Label>
	<Label>
		<Name>Lab_ECamDataTitle</Name>
		<Left>606</Left>
		<Top>117</Top>
		<Width>135</Width>
		<Height>25</Height>
		<BorderStyle>2</BorderStyle>
		<BackColor>192,192,192</BackColor>
		<ForeColor>68,68,68</ForeColor>
		<FontSize>12</FontSize>
		<Caption>STR::MMI::Common::ECamData</Caption>
		<BorderColor>68,68,68</BorderColor>
	</Label>
	<Label>
		<Name>Lab_ECamData</Name>
		<Left>606</Left>
		<Top>147</Top>
		<Width>135</Width>
		<Height>25</Height>
		<BorderStyle>0</BorderStyle>
		<BackColor>192,192,192</BackColor>
		<ForeColor>68,68,68</ForeColor>
		<FontSize>12</FontSize>
		<Alignment>0</Alignment>
		<Caption>ECam.xml</Caption>
	</Label>
	<Label>
		<Name>Lab_MacroAlarmTitle</Name>
		<Left>418</Left>
		<Top>150</Top>
		<Width>135</Width>
		<Height>25</Height>
		<BorderStyle>2</BorderStyle>
		<BackColor>192,192,192</BackColor>
		<ForeColor>68,68,68</ForeColor>
		<FontSize>12</FontSize>
		<Caption>STR::MMI::Common::MacroAlarm</Caption>
		<BorderColor>68,68,68</BorderColor>
		<Depth>21</Depth>
	</Label>
	<Panel>
		<Name>Pan_SplitLine4</Name>
		<Left>604</Left>
		<Top>112</Top>
		<Width>186</Width>
		<Height>1</Height>
		<BorderStyle>0</BorderStyle>
		<BackColor>0,128,128</BackColor>
		<Depth>20</Depth>
	</Panel>
	<Panel>
		<Name>Pan_SplitLine5</Name>
		<Left>605</Left>
		<Top>180</Top>
		<Width>186</Width>
		<Height>1</Height>
		<BorderStyle>0</BorderStyle>
		<BackColor>0,128,128</BackColor>
	</Panel>
	<Panel>
		<Name>Pan_SplitLine6</Name>
		<Left>420</Left>
		<Top>212</Top>
		<Width>170</Width>
		<Height>1</Height>
		<BorderStyle>0</BorderStyle>
		<BackColor>0,128,128</BackColor>
	</Panel>
	<Label>
		<Name>Lab_MacroAlarm</Name>
		<Left>418</Left>
		<Top>180</Top>
		<Width>102</Width>
		<Height>25</Height>
		<BorderStyle>0</BorderStyle>
		<BackColor>192,192,192</BackColor>
		<ForeColor>68,68,68</ForeColor>
		<FontSize>12</FontSize>
		<Alignment>0</Alignment>
		<Caption>AlarmMacro_</Caption>
		<Depth>19</Depth>
	</Label>
	<Label>
		<Name>Lab_Ladder</Name>
		<Left>230</Left>
		<Top>80</Top>
		<Width>106</Width>
		<Height>25</Height>
		<BorderStyle>0</BorderStyle>
		<BackColor>192,192,192</BackColor>
		<ForeColor>68,68,68</ForeColor>
		<FontSize>12</FontSize>
		<Alignment>0</Alignment>
		<Caption>cnc.lad</Caption>
		<Depth>18</Depth>
	</Label>
	<Label>
		<Name>Lab_ParamEx</Name>
		<Left>229</Left>
		<Top>180</Top>
		<Width>106</Width>
		<Height>25</Height>
		<BorderStyle>0</BorderStyle>
		<BackColor>192,192,192</BackColor>
		<ForeColor>68,68,68</ForeColor>
		<FontSize>12</FontSize>
		<Alignment>0</Alignment>
		<Caption>paramext.pxt</Caption>
		<Depth>17</Depth>
	</Label>
	<Label>
		<Name>Lab_ParamExL</Name>
		<Left>229</Left>
		<Top>210</Top>
		<Width>86</Width>
		<Height>25</Height>
		<BorderStyle>0</BorderStyle>
		<BackColor>192,192,192</BackColor>
		<ForeColor>68,68,68</ForeColor>
		<FontSize>12</FontSize>
		<Alignment>0</Alignment>
		<Caption>ParamExt_</Caption>
		<Depth>16</Depth>
	</Label>
	<Label>
		<Name>Lab_ParamExRBit</Name>
		<Left>229</Left>
		<Top>240</Top>
		<Width>123</Width>
		<Height>25</Height>
		<BorderStyle>0</BorderStyle>
		<BackColor>192,192,192</BackColor>
		<ForeColor>68,68,68</ForeColor>
		<FontSize>12</FontSize>
		<Alignment>0</Alignment>
		<Caption>Paramext_RBit_</Caption>
		<Depth>15</Depth>
	</Label>
	<Panel>
		<Name>Pan_Language</Name>
		<Left>230</Left>
		<Top>40</Top>
		<Width>560</Width>
		<Height>2</Height>
		<BorderStyle>0</BorderStyle>
		<BackColor>0,128,128</BackColor>
		<Depth>14</Depth>
	</Panel>
	<Label>
		<Name>Lab_PLCAlarm</Name>
		<Left>230</Left>
		<Top>110</Top>
		<Width>90</Width>
		<Height>25</Height>
		<BorderStyle>0</BorderStyle>
		<BackColor>192,192,192</BackColor>
		<ForeColor>68,68,68</ForeColor>
		<FontSize>12</FontSize>
		<Alignment>0</Alignment>
		<Caption>AlarmPLC_</Caption>
		<Depth>13</Depth>
	</Label>
	<Label>
		<Name>Lab_MLanguageTitle</Name>
		<Left>249</Left>
		<Top>9</Top>
		<Width>539</Width>
		<Height>25</Height>
		<BorderStyle>0</BorderStyle>
		<BackColor>192,192,192</BackColor>
		<ForeColor>68,68,68</ForeColor>
		<FontSize>14</FontSize>
		<Alignment>0</Alignment>
		<Caption> </Caption>
		<Depth>10</Depth>
	</Label>
	<Label>
		<Name>Lab_L2</Name>
		<Left>315</Left>
		<Top>110</Top>
		<Width>17</Width>
		<Height>25</Height>
		<BorderStyle>0</BorderStyle>
		<BackColor>255,255,0</BackColor>
		<ForeColor>176,0,0</ForeColor>
		<FontSize>12</FontSize>
		<Alignment>0</Alignment>
		<Caption>L</Caption>
		<Depth>9</Depth>
	</Label>
	<Label>
		<Name>Lab_L</Name>
		<Left>235</Left>
		<Top>9</Top>
		<Width>17</Width>
		<Height>25</Height>
		<BorderStyle>0</BorderStyle>
		<BackColor>255,255,0</BackColor>
		<ForeColor>176,0,0</ForeColor>
		<FontSize>14</FontSize>
		<Alignment>0</Alignment>
		<Caption>L</Caption>
		<Depth>8</Depth>
	</Label>
	<Label>
		<Name>Lab_L3</Name>
		<Left>519</Left>
		<Top>180</Top>
		<Width>17</Width>
		<Height>25</Height>
		<BorderStyle>0</BorderStyle>
		<BackColor>255,255,0</BackColor>
		<ForeColor>176,0,0</ForeColor>
		<FontSize>12</FontSize>
		<Alignment>0</Alignment>
		<Caption>L</Caption>
		<Depth>7</Depth>
	</Label>
	<Label>
		<Name>Lab_L4</Name>
		<Left>312</Left>
		<Top>210</Top>
		<Width>17</Width>
		<Height>25</Height>
		<BorderStyle>0</BorderStyle>
		<BackColor>255,255,0</BackColor>
		<ForeColor>176,0,0</ForeColor>
		<FontSize>12</FontSize>
		<Alignment>0</Alignment>
		<Caption>L</Caption>
		<Depth>6</Depth>
	</Label>
	<Label>
		<Name>Lab_XML3</Name>
		<Left>321</Left>
		<Top>210</Top>
		<Width>35</Width>
		<Height>25</Height>
		<BorderStyle>0</BorderStyle>
		<BackColor>192,192,192</BackColor>
		<ForeColor>0,0,0</ForeColor>
		<FontSize>12</FontSize>
		<Alignment>0</Alignment>
		<Caption>.xml</Caption>
		<Depth>5</Depth>
	</Label>
	<Label>
		<Name>Lab_L5</Name>
		<Left>349</Left>
		<Top>240</Top>
		<Width>17</Width>
		<Height>25</Height>
		<BorderStyle>0</BorderStyle>
		<BackColor>255,255,0</BackColor>
		<ForeColor>176,0,0</ForeColor>
		<FontSize>12</FontSize>
		<Alignment>0</Alignment>
		<Caption>L</Caption>
		<Depth>4</Depth>
	</Label>
	<Label>
		<Name>Lab_XML4</Name>
		<Left>358</Left>
		<Top>240</Top>
		<Width>35</Width>
		<Height>25</Height>
		<BorderStyle>0</BorderStyle>
		<BackColor>192,192,192</BackColor>
		<ForeColor>0,0,0</ForeColor>
		<FontSize>12</FontSize>
		<Alignment>0</Alignment>
		<Caption>.xml</Caption>
		<Depth>3</Depth>
	</Label>
	<Label>
		<Name>Lab_XML2</Name>
		<Left>528</Left>
		<Top>180</Top>
		<Width>35</Width>
		<Height>25</Height>
		<BorderStyle>0</BorderStyle>
		<BackColor>192,192,192</BackColor>
		<ForeColor>0,0,0</ForeColor>
		<FontSize>12</FontSize>
		<Alignment>0</Alignment>
		<Caption>.xml</Caption>
		<Depth>2</Depth>
	</Label>
	<Label>
		<Name>Lab_XML</Name>
		<Left>324</Left>
		<Top>110</Top>
		<Width>35</Width>
		<Height>25</Height>
		<BorderStyle>0</BorderStyle>
		<BackColor>192,192,192</BackColor>
		<ForeColor>0,0,0</ForeColor>
		<FontSize>12</FontSize>
		<Alignment>0</Alignment>
		<Caption>.xml</Caption>
		<Depth>1</Depth>
	</Label>
	<Panel>
		<Name>Pan_SplitLine51</Name>
		<Left>605</Left>
		<Top>255</Top>
		<Width>186</Width>
		<Height>1</Height>
		<BorderStyle>0</BorderStyle>
		<BackColor>0,128,128</BackColor>
	</Panel>
	<Label>
		<Name>Lab_ResStringTitle1</Name>
		<Left>418</Left>
		<Top>220</Top>
		<Width>135</Width>
		<Height>25</Height>
		<BorderStyle>2</BorderStyle>
		<BackColor>192,192,192</BackColor>
		<ForeColor>68,68,68</ForeColor>
		<FontSize>12</FontSize>
		<Caption>STR::MMI::Common::MultiLanguageFile</Caption>
		<BorderColor>68,68,68</BorderColor>
		<Depth>22</Depth>
	</Label>
	<Label>
		<Name>Lab_ResStringData</Name>
		<Left>418</Left>
		<Top>250</Top>
		<Width>123</Width>
		<Height>25</Height>
		<BorderStyle>0</BorderStyle>
		<BackColor>192,192,192</BackColor>
		<ForeColor>68,68,68</ForeColor>
		<FontSize>12</FontSize>
		<Alignment>0</Alignment>
		<Caption>String_CncOps_</Caption>
		<Depth>12</Depth>
	</Label>
	<Label>
		<Name>Lab_ResStringData2</Name>
		<Left>418</Left>
		<Top>280</Top>
		<Width>125</Width>
		<Height>25</Height>
		<BorderStyle>0</BorderStyle>
		<BackColor>192,192,192</BackColor>
		<ForeColor>68,68,68</ForeColor>
		<FontSize>12</FontSize>
		<Alignment>0</Alignment>
		<Caption>String_CncEngs_</Caption>
		<Depth>12</Depth>
	</Label>
	<Label>
		<Name>Lab_ResStringData3</Name>
		<Left>417</Left>
		<Top>310</Top>
		<Width>110</Width>
		<Height>25</Height>
		<BorderStyle>0</BorderStyle>
		<BackColor>192,192,192</BackColor>
		<ForeColor>68,68,68</ForeColor>
		<FontSize>12</FontSize>
		<Alignment>0</Alignment>
		<Caption>String_OcRes_</Caption>
		<Depth>12</Depth>
	</Label>
	<Label>
		<Name>Lab_L6</Name>
		<Left>536</Left>
		<Top>250</Top>
		<Width>17</Width>
		<Height>25</Height>
		<BorderStyle>0</BorderStyle>
		<BackColor>255,255,0</BackColor>
		<ForeColor>176,0,0</ForeColor>
		<FontSize>12</FontSize>
		<Alignment>0</Alignment>
		<Caption>L</Caption>
		<Depth>4</Depth>
	</Label>
	<Label>
		<Name>Lab_L7</Name>
		<Left>542</Left>
		<Top>280</Top>
		<Width>17</Width>
		<Height>25</Height>
		<BorderStyle>0</BorderStyle>
		<BackColor>255,255,0</BackColor>
		<ForeColor>176,0,0</ForeColor>
		<FontSize>12</FontSize>
		<Alignment>0</Alignment>
		<Caption>L</Caption>
		<Depth>4</Depth>
	</Label>
	<Label>
		<Name>Lab_L8</Name>
		<Left>526</Left>
		<Top>310</Top>
		<Width>17</Width>
		<Height>25</Height>
		<BorderStyle>0</BorderStyle>
		<BackColor>255,255,0</BackColor>
		<ForeColor>176,0,0</ForeColor>
		<FontSize>12</FontSize>
		<Alignment>0</Alignment>
		<Caption>L</Caption>
		<Depth>4</Depth>
	</Label>
	<Label>
		<Name>Lab_XML5</Name>
		<Left>546</Left>
		<Top>250</Top>
		<Width>35</Width>
		<Height>25</Height>
		<BorderStyle>0</BorderStyle>
		<BackColor>192,192,192</BackColor>
		<ForeColor>0,0,0</ForeColor>
		<FontSize>12</FontSize>
		<Alignment>0</Alignment>
		<Caption>.str</Caption>
		<Depth>3</Depth>
	</Label>
	<Label>
		<Name>Lab_XML6</Name>
		<Left>551</Left>
		<Top>280</Top>
		<Width>35</Width>
		<Height>25</Height>
		<BorderStyle>0</BorderStyle>
		<BackColor>192,192,192</BackColor>
		<ForeColor>0,0,0</ForeColor>
		<FontSize>12</FontSize>
		<Alignment>0</Alignment>
		<Caption>.str</Caption>
		<Depth>3</Depth>
	</Label>
	<Label>
		<Name>Lab_XML7</Name>
		<Left>535</Left>
		<Top>310</Top>
		<Width>35</Width>
		<Height>25</Height>
		<BorderStyle>0</BorderStyle>
		<BackColor>192,192,192</BackColor>
		<ForeColor>0,0,0</ForeColor>
		<FontSize>12</FontSize>
		<Alignment>0</Alignment>
		<Caption>.str</Caption>
		<Depth>3</Depth>
	</Label>
</Screen>