﻿<?xml version="1.0" encoding="UTF-8"?>
<!--Created by 'eHMI'version2.2.28-->
<!--BROWSER SIZE|H:450|W:790-->
<Screen Type="Syntec.CycleEditor">
  <Name>MotionCmd</Name>
  <Width>790</Width>
  <Height>450</Height>
  <Panel>
    <Left>0</Left>
    <Top>0</Top>
    <Width>790</Width>
    <Height>450</Height>
    <Name>Pan_MotionCmd</Name>
    <FontSize>7</FontSize>
    <BackColor>198,238,242</BackColor>
    <Caption>
    </Caption>
  </Panel>
  <Label>
    <Left>12</Left>
    <Top>14</Top>
    <Height>30</Height>
    <Width>108</Width>
    <Name>Lab_MotionCmd</Name>
    <FontSize>16</FontSize>
    <ForeColor>0,0,0</ForeColor>
    <BackColor>198,238,242</BackColor>
    <Caption>STR::B:MotionCmd:Cp:Lab_MotionCmd::MotionCmd</Caption>
  </Label>
  <Label>
    <Left>146</Left>
    <Top>16</Top>
    <Height>47</Height>
    <Width>108</Width>
    <Name>Lab_Target</Name>
    <FontSize>12</FontSize>
    <ForeColor>0,0,0</ForeColor>
    <BackColor>198,238,242</BackColor>
    <Caption>STR::B:MotionCmd:Cp:Lab_Target::Target</Caption>
  </Label>
  <Label>
    <Left>7</Left>
    <Top>237</Top>
    <Height>25</Height>
    <Width>64</Width>
    <Name>Lab_FJFL</Name>
    <FontSize>12</FontSize>
    <ForeColor>0,128,64</ForeColor>
    <BackColor>198,238,242</BackColor>
    <Caption>FL</Caption>
  </Label>
  <Label>
    <Left>94</Left>
    <Top>279</Top>
    <Height>25</Height>
    <Width>46</Width>
    <Name>Lab_UnitFJFL</Name>
    <Alignment>0</Alignment>
    <ForeColor>0,128,64</ForeColor>
    <BackColor>198,238,242</BackColor>
    <Caption>mm / s</Caption>
  </Label>
  <Label>
		<Name>Lab_unitPQ</Name>
		<Left>720</Left>
		<Top>20</Top>
		<Width>30</Width>
		<Height>30</Height>
		<BackColor>198,238,242</BackColor>
		<VisibleRule>(@60098eq2)</VisibleRule>
		<FontSize>14</FontSize>
		<Caption>mm</Caption>
	</Label>
		<Label>
		<Name>Lab_unitPR</Name>
		<Left>720</Left>
		<Top>20</Top>
		<Width>30</Width>
		<Height>30</Height>
		<BackColor>198,238,242</BackColor>
		<VisibleRule>(@60098eq3)</VisibleRule>
		<FontSize>14</FontSize>
		<Caption>deg</Caption>
	</Label>
  <Input>
    <Left>12</Left>
    <Top>267</Top>
    <Height>35</Height>
    <Width>80</Width>
    <Name>Inp_SpeedFJFL</Name>
    <FontSize>12</FontSize>
    <Alignment>1</Alignment>
    <BorderStyle>1</BorderStyle>
    <ForeColor>0,0,0</ForeColor>
    <BackColor>210,221,210</BackColor>
    <InputRange>1~999999</InputRange>
    <EmptyVal>accept</EmptyVal>
  </Input>
  <Button>
    <Left>680</Left>
    <Top>315</Top>
    <Height>55</Height>
    <Width>95</Width>
    <Name>Button_Confirm</Name>
    <FontSize>12</FontSize>
    <BorderStyle>1</BorderStyle>
    <ForeColor>0,0,0</ForeColor>
    <BackColor>157,173,210</BackColor>
    <Caption>STR::B:MotionCmd:Cp:Button_Confirm::Confirm</Caption>
    <EnterEff>True</EnterEff>
    <Enabled>True</Enabled>
    <ButtonUp>
      <Action>ConfirmBtnDown</Action>
    </ButtonUp>
  </Button>
  <Button>
    <Left>680</Left>
    <Top>381</Top>
    <Height>55</Height>
    <Width>95</Width>
    <Name>Button_Cancel</Name>
    <FontSize>12</FontSize>
    <BorderStyle>1</BorderStyle>
    <ForeColor>0,0,0</ForeColor>
    <BackColor>157,173,210</BackColor>
    <Caption>STR::B:MotionCmd:Cp:Button_Cancel::Cancel</Caption>
    <EnterEff>True</EnterEff>
    <Enabled>True</Enabled>
    <ButtonUp>
      <Action>CancelBtnDown</Action>
    </ButtonUp>
  </Button>
  <Panel>
    <Left>142</Left>
    <Top>67</Top>
    <Width>539</Width>
    <Height>380</Height>
    <Name>Panel1</Name>
    <FontSize>7</FontSize>
    <BackColor>255,194,134</BackColor>
    <Caption>
    </Caption>
  </Panel>
  <Label>
    <Left>257</Left>
    <Top>80</Top>
    <Height>25</Height>
    <Name>Lab_C1</Name>
    <FontSize>12</FontSize>
    <BorderStyle>2</BorderStyle>
    <BorderColor>0,0,0</BorderColor>
    <ForeColor>0,128,64</ForeColor>
    <BackColor>210,221,210</BackColor>
    <Caption>C1</Caption>
  </Label>
  <Label>
    <Left>327</Left>
    <Top>80</Top>
    <Height>25</Height>
    <Name>Lab_C2</Name>
    <FontSize>12</FontSize>
    <BorderStyle>2</BorderStyle>
    <BorderColor>0,0,0</BorderColor>
    <ForeColor>0,128,64</ForeColor>
    <BackColor>210,221,210</BackColor>
    <Caption>C2</Caption>
  </Label>
  <Label>
    <Left>397</Left>
    <Top>80</Top>
    <Height>25</Height>
    <Name>Lab_C3</Name>
    <FontSize>12</FontSize>
    <BorderStyle>2</BorderStyle>
    <BorderColor>0,0,0</BorderColor>
    <ForeColor>0,128,64</ForeColor>
    <BackColor>210,221,210</BackColor>
    <Caption>C3</Caption>
  </Label>
  <Label>
    <Left>467</Left>
    <Top>80</Top>
    <Height>25</Height>
    <Name>Lab_C4</Name>
    <FontSize>12</FontSize>
    <BorderStyle>2</BorderStyle>
    <BorderColor>0,0,0</BorderColor>
    <ForeColor>0,128,64</ForeColor>
    <BackColor>210,221,210</BackColor>
    <Caption>C4</Caption>
  </Label>
  <Label>
    <Left>537</Left>
    <Top>80</Top>
    <Height>25</Height>
    <Name>Lab_C5</Name>
    <FontSize>12</FontSize>
    <BorderStyle>2</BorderStyle>
    <BorderColor>0,0,0</BorderColor>
    <ForeColor>0,128,64</ForeColor>
    <BackColor>210,221,210</BackColor>
    <Caption>C5</Caption>
  </Label>
  <Label>
    <Left>257</Left>
    <Top>130</Top>
    <Height>25</Height>
    <Name>Lab_1st</Name>
    <FontSize>12</FontSize>
    <BorderStyle>2</BorderStyle>
    <BorderColor>0,0,0</BorderColor>
    <ForeColor>0,128,64</ForeColor>
    <BackColor>210,221,210</BackColor>
    <Caption>
    </Caption>
    <PreCompiler>
      <CompilerRule>StringConnect</CompilerRule>
      <!--此項目必須在第一個-->
      <PropertyName>Caption</PropertyName>
      <Variable>Lab_1st</Variable>
      <!--此項目的值由config設定決定-->
    </PreCompiler>
  </Label>
  <Label>
    <Left>327</Left>
    <Top>130</Top>
    <Height>25</Height>
    <Name>Lab_2nd</Name>
    <FontSize>10</FontSize>
    <BorderStyle>2</BorderStyle>
    <BorderColor>0,0,0</BorderColor>
    <ForeColor>0,128,64</ForeColor>
    <BackColor>210,221,210</BackColor>
    <Caption>
    </Caption>
    <PreCompiler>
      <CompilerRule>StringConnect</CompilerRule>
      <!--此項目必須在第一個-->
      <PropertyName>Caption</PropertyName>
      <Variable>Lab_2nd</Variable>
      <!--此項目的值由config設定決定-->
    </PreCompiler>
  </Label>
  <Label>
    <Left>397</Left>
    <Top>130</Top>
    <Height>25</Height>
    <Name>Lab_3rd</Name>
    <FontSize>10</FontSize>
    <BorderStyle>2</BorderStyle>
    <BorderColor>0,0,0</BorderColor>
    <ForeColor>0,128,64</ForeColor>
    <BackColor>210,221,210</BackColor>
    <Caption>
    </Caption>
    <PreCompiler>
      <CompilerRule>StringConnect</CompilerRule>
      <!--此項目必須在第一個-->
      <PropertyName>Caption</PropertyName>
      <Variable>Lab_3rd</Variable>
      <!--此項目的值由config設定決定-->
    </PreCompiler>
  </Label>
  <Label>
    <Left>467</Left>
    <Top>130</Top>
    <Height>25</Height>
    <Name>Lab_4th</Name>
    <FontSize>10</FontSize>
    <BorderStyle>2</BorderStyle>
    <BorderColor>0,0,0</BorderColor>
    <ForeColor>0,128,64</ForeColor>
    <BackColor>210,221,210</BackColor>
    <Caption>
    </Caption>
    <PreCompiler>
      <CompilerRule>StringConnect</CompilerRule>
      <!--此項目必須在第一個-->
      <PropertyName>Caption</PropertyName>
      <Variable>Lab_4th</Variable>
      <!--此項目的值由config設定決定-->
    </PreCompiler>
  </Label>
  <Label>
    <Left>537</Left>
    <Top>130</Top>
    <Height>25</Height>
    <Name>Lab_5th</Name>
    <FontSize>10</FontSize>
    <BorderStyle>2</BorderStyle>
    <BorderColor>0,0,0</BorderColor>
    <ForeColor>0,128,64</ForeColor>
    <BackColor>210,221,210</BackColor>
    <Caption>
    </Caption>
    <PreCompiler>
      <CompilerRule>StringConnect</CompilerRule>
      <!--此項目必須在第一個-->
      <PropertyName>Caption</PropertyName>
      <Variable>Lab_5th</Variable>
      <!--此項目的值由config設定決定-->
    </PreCompiler>
  </Label>
  <Display>
    <Left>257</Left>
    <Top>155</Top>
    <Height>25</Height>
    <Name>Display_X</Name>
    <FontSize>12</FontSize>
    <BorderStyle>1</BorderStyle>
    <ForeColor>255,128,0</ForeColor>
    <BackColor>210,221,210</BackColor>
    <DisplayFormat>Coordinate</DisplayFormat>
    <DisplaySource>K181</DisplaySource>
  </Display>
  <Display>
    <Left>327</Left>
    <Top>155</Top>
    <Height>25</Height>
    <Name>Display_Y</Name>
    <FontSize>12</FontSize>
    <BorderStyle>1</BorderStyle>
    <ForeColor>255,128,0</ForeColor>
    <BackColor>210,221,210</BackColor>
    <DisplayFormat>Coordinate</DisplayFormat>
    <DisplaySource>K182</DisplaySource>
  </Display>
  <Display>
    <Left>397</Left>
    <Top>155</Top>
    <Height>25</Height>
    <Name>Display_Z</Name>
    <FontSize>12</FontSize>
    <BorderStyle>1</BorderStyle>
    <ForeColor>255,128,0</ForeColor>
    <BackColor>210,221,210</BackColor>
    <DisplayFormat>Coordinate</DisplayFormat>
    <DisplaySource>K183</DisplaySource>
  </Display>
  <Display>
    <Left>467</Left>
    <Top>155</Top>
    <Height>25</Height>
    <Name>Display_A</Name>
    <FontSize>12</FontSize>
    <BorderStyle>1</BorderStyle>
    <ForeColor>255,128,0</ForeColor>
    <BackColor>210,221,210</BackColor>
    <DisplayFormat>Coordinate</DisplayFormat>
    <DisplaySource>K184</DisplaySource>
  </Display>
  <Display>
    <Left>537</Left>
    <Top>155</Top>
    <Height>25</Height>
    <Name>Display_B</Name>
    <FontSize>12</FontSize>
    <BorderStyle>1</BorderStyle>
    <ForeColor>255,128,0</ForeColor>
    <BackColor>210,221,210</BackColor>
    <DisplayFormat>Coordinate</DisplayFormat>
    <DisplaySource>K185</DisplaySource>
  </Display>
  <Button>
    <Left>688</Left>
    <Top>178</Top>
    <Height>103</Height>
    <Width>57</Width>
    <Name>ButtonPageDown</Name>
    <FontSize>7</FontSize>
    <BorderStyle>1</BorderStyle>
    <BackColor>198,238,242</BackColor>
    <Picture Mres="False">Image\PgDn_1.jpg</Picture>
    <Caption>
    </Caption>
    <EnterEff>True</EnterEff>
    <Enabled>True</Enabled>
    <ButtonUp>
      <Action>Page Down</Action>
    </ButtonUp>
  </Button>
  <Button>
    <Left>688</Left>
    <Top>67</Top>
    <Height>103</Height>
    <Width>57</Width>
    <Name>Button_PageUp</Name>
    <FontSize>7</FontSize>
    <BorderStyle>1</BorderStyle>
    <BackColor>198,238,242</BackColor>
    <Picture Mres="False">Image\PgUp_1.jpg</Picture>
    <Caption>
    </Caption>
    <EnterEff>True</EnterEff>
    <Enabled>True</Enabled>
    <ButtonUp>
      <Action>Page Up</Action>
    </ButtonUp>
  </Button>
  <Button>
    <Left>182</Left>
    <Top>80</Top>
    <Height>100</Height>
    <Width>75</Width>
    <Name>Btn_CurCoord</Name>
    <FontSize>12</FontSize>
    <BorderStyle>1</BorderStyle>
    <BackColor>210,221,210</BackColor>
    <Caption>STR::B:MotionCmd:Cp:Btn_CurCoord::CurCoord</Caption>
    <EnterEff>True</EnterEff>
    <Enabled>True</Enabled>
  </Button>
  <Button>
    <Left>182</Left>
    <Top>180</Top>
    <Height>50</Height>
    <Width>75</Width>
    <Name>Btn_Table1</Name>
    <FontSize>12</FontSize>
    <BorderStyle>1</BorderStyle>
    <Visible>False</Visible>
    <BackColor>210,221,210</BackColor>
    <Caption>
    </Caption>
    <EnterEff>True</EnterEff>
    <Enabled>True</Enabled>
  </Button>
  <Button>
    <Left>182</Left>
    <Top>230</Top>
    <Height>50</Height>
    <Width>75</Width>
    <Name>Btn_Table2</Name>
    <FontSize>12</FontSize>
    <BorderStyle>1</BorderStyle>
    <Visible>False</Visible>
    <BackColor>210,221,210</BackColor>
    <Caption>
    </Caption>
    <EnterEff>True</EnterEff>
    <Enabled>True</Enabled>
  </Button>
  <Button>
    <Left>182</Left>
    <Top>280</Top>
    <Height>50</Height>
    <Width>75</Width>
    <Name>Btn_Table3</Name>
    <FontSize>12</FontSize>
    <BorderStyle>1</BorderStyle>
    <Visible>False</Visible>
    <BackColor>210,221,210</BackColor>
    <Caption>
    </Caption>
    <EnterEff>True</EnterEff>
    <Enabled>True</Enabled>
  </Button>
  <Button>
    <Left>182</Left>
    <Top>330</Top>
    <Height>50</Height>
    <Width>75</Width>
    <Name>Btn_Table4</Name>
    <FontSize>12</FontSize>
    <BorderStyle>1</BorderStyle>
    <Visible>False</Visible>
    <BackColor>210,221,210</BackColor>
    <Caption>
    </Caption>
    <EnterEff>True</EnterEff>
    <Enabled>True</Enabled>
  </Button>
  <Button>
    <Left>182</Left>
    <Top>380</Top>
    <Height>50</Height>
    <Width>75</Width>
    <Name>Btn_Table5</Name>
    <FontSize>12</FontSize>
    <BorderStyle>1</BorderStyle>
    <Visible>False</Visible>
    <BackColor>210,221,210</BackColor>
    <Caption>
    </Caption>
    <EnterEff>True</EnterEff>
    <Enabled>True</Enabled>
  </Button>
  <Label>
    <Left>152</Left>
    <Top>180</Top>
    <Height>50</Height>
    <Width>27</Width>
    <Name>Lab1</Name>
    <FontSize>12</FontSize>
    <ForeColor>0,128,64</ForeColor>
    <BackColor>210,221,210</BackColor>
    <Caption>
    </Caption>
  </Label>
  <Label>
    <Left>152</Left>
    <Top>230</Top>
    <Height>50</Height>
    <Width>27</Width>
    <Name>Lab2</Name>
    <FontSize>12</FontSize>
    <ForeColor>0,128,64</ForeColor>
    <BackColor>210,221,210</BackColor>
    <Caption>
    </Caption>
  </Label>
  <Label>
    <Left>152</Left>
    <Top>280</Top>
    <Height>50</Height>
    <Width>27</Width>
    <Name>Lab3</Name>
    <FontSize>12</FontSize>
    <ForeColor>0,128,64</ForeColor>
    <BackColor>210,221,210</BackColor>
    <Caption>
    </Caption>
  </Label>
  <Label>
    <Left>152</Left>
    <Top>330</Top>
    <Height>50</Height>
    <Width>27</Width>
    <Name>Lab4</Name>
    <FontSize>12</FontSize>
    <ForeColor>0,128,64</ForeColor>
    <BackColor>210,221,210</BackColor>
    <Caption>
    </Caption>
  </Label>
  <Label>
    <Left>152</Left>
    <Top>380</Top>
    <Height>50</Height>
    <Width>27</Width>
    <Name>Lab5</Name>
    <FontSize>12</FontSize>
    <ForeColor>0,128,64</ForeColor>
    <BackColor>210,221,210</BackColor>
    <Caption>
    </Caption>
  </Label>
  	<Label>
		<Name>Lab_SMOOTH</Name>
		<Left>474</Left>
		<Top>17</Top>
		<Width>98</Width>
		<Height>46</Height>
		<BackColor>198,238,242</BackColor>
		<ForeColor>0,0,0</ForeColor>
		<FontSize>12</FontSize>
		<Caption>STR::B:MotionCmd:Cp:Lab_SMOOTH::SMOOTH</Caption>
	</Label>
  <Button>
    <Left>23</Left>
    <Top>170</Top>
    <Height>49</Height>
    <Width>96</Width>
    <Name>Button_MoveL</Name>
    <FontSize>12</FontSize>
    <BorderStyle>1</BorderStyle>
    <ForeColor>0,128,64</ForeColor>
    <BackColor>255,255,0</BackColor>
    <Caption>STR::B:MotionCmd:Cp:Button_MoveL::MOVL</Caption>
    <EnterEff>True</EnterEff>
    <Enabled>True</Enabled>
    <ButtonUp>
      <Action>MoveLBtnDown</Action>
    </ButtonUp>
  </Button>
  <Button>
    <Left>23</Left>
    <Top>114</Top>
    <Height>49</Height>
    <Width>96</Width>
    <Name>Button_MoveJ</Name>
    <FontSize>12</FontSize>
    <BorderStyle>1</BorderStyle>
    <ForeColor>0,128,64</ForeColor>
    <BackColor>210,221,210</BackColor>
    <Caption>STR::B:MotionCmd:Cp:Button_MoveJ::MOVJ</Caption>
    <EnterEff>True</EnterEff>
    <Enabled>True</Enabled>
    <ButtonUp>
      <Action>MoveJBtnDown</Action>
    </ButtonUp>
  </Button>
  <Button>
    <Left>23</Left>
    <Top>58</Top>
    <Height>49</Height>
    <Width>96</Width>
    <Name>Button_MoveC</Name>
    <FontSize>12</FontSize>
    <BorderStyle>1</BorderStyle>
    <ForeColor>0,128,64</ForeColor>
    <BackColor>210,221,210</BackColor>
    <Caption>STR::B:MotionCmd:Cp:Button_MoveC::MOVC</Caption>
    <EnterEff>True</EnterEff>
    <Enabled>True</Enabled>
    <ButtonUp>
      <Action>MoveCBtnDown</Action>
    </ButtonUp>
  </Button>
  <Button>
    <Left>262</Left>
    <Top>16</Top>
    <Height>47</Height>
    <Width>108</Width>
    <Name>Btn_CircleMidPt</Name>
    <FontSize>12</FontSize>
    <BorderStyle>1</BorderStyle>
    <Visible>False</Visible>
    <ForeColor>0,0,0</ForeColor>
    <BackColor>255,192,192</BackColor>
    <Caption>STR::B:MotionCmd:Cp:Btn_CircleMidPt::CircleMidPt</Caption>
    <Button3D>True</Button3D>
    <EnterEff>True</EnterEff>
    <Enabled>True</Enabled>
    <Level3D>4</Level3D>
    <ButtonUp>
      <Action>MiddlePointDown</Action>
    </ButtonUp>
  </Button>
  <Button>
    <Left>378</Left>
    <Top>16</Top>
    <Height>47</Height>
    <Width>108</Width>
    <Name>Btn_CircleEndPt</Name>
    <FontSize>12</FontSize>
    <BorderStyle>1</BorderStyle>
    <Visible>False</Visible>
    <ForeColor>0,128,64</ForeColor>
    <BackColor>210,221,210</BackColor>
    <Caption>STR::B:MotionCmd:Cp:Btn_CircleEndPt::CircleEndPt</Caption>
    <Button3D>True</Button3D>
    <EnterEff>True</EnterEff>
    <Enabled>True</Enabled>
    <Level3D>4</Level3D>
    <ButtonUp>
      <Action>EndPointDown</Action>
    </ButtonUp>
  </Button>
  <Display>
    <Left>257</Left>
    <Top>105</Top>
    <Height>25</Height>
    <Name>Display_C1</Name>
    <FontSize>12</FontSize>
    <BorderStyle>1</BorderStyle>
    <ForeColor>255,128,0</ForeColor>
    <BackColor>210,221,210</BackColor>
    <DisplayFormat>Coordinate</DisplayFormat>
    <DisplaySource>K101</DisplaySource>
  </Display>
  <Display>
    <Left>327</Left>
    <Top>105</Top>
    <Height>25</Height>
    <Name>Display_C2</Name>
    <FontSize>12</FontSize>
    <BorderStyle>1</BorderStyle>
    <ForeColor>255,128,0</ForeColor>
    <BackColor>210,221,210</BackColor>
    <DisplayFormat>Coordinate</DisplayFormat>
    <DisplaySource>K102</DisplaySource>
  </Display>
  <Display>
    <Left>397</Left>
    <Top>105</Top>
    <Height>25</Height>
    <Name>Display_C3</Name>
    <FontSize>12</FontSize>
    <BorderStyle>1</BorderStyle>
    <ForeColor>255,128,0</ForeColor>
    <BackColor>210,221,210</BackColor>
    <DisplayFormat>Coordinate</DisplayFormat>
    <DisplaySource>K103</DisplaySource>
  </Display>
  <Display>
    <Left>467</Left>
    <Top>105</Top>
    <Height>25</Height>
    <Name>Display_C4</Name>
    <FontSize>12</FontSize>
    <BorderStyle>1</BorderStyle>
    <ForeColor>255,128,0</ForeColor>
    <BackColor>210,221,210</BackColor>
    <DisplayFormat>Coordinate</DisplayFormat>
    <DisplaySource>K104</DisplaySource>
  </Display>
  <Display>
    <Left>537</Left>
    <Top>105</Top>
    <Height>25</Height>
    <Name>Display_C5</Name>
    <FontSize>12</FontSize>
    <BorderStyle>1</BorderStyle>
    <ForeColor>255,128,0</ForeColor>
    <BackColor>210,221,210</BackColor>
    <DisplayFormat>Coordinate</DisplayFormat>
    <DisplaySource>K105</DisplaySource>
  </Display>
  <Label>
    <Left>6</Left>
    <Top>309</Top>
    <Height>25</Height>
    <Width>64</Width>
    <Name>Lab_FR</Name>
    <FontSize>12</FontSize>
    <ForeColor>0,128,64</ForeColor>
    <BackColor>198,238,242</BackColor>
    <Caption>FR</Caption>
  </Label>
  <Label>
    <Left>93</Left>
    <Top>347</Top>
    <Height>25</Height>
    <Width>46</Width>
    <Name>Lab_UnitFR</Name>
    <Alignment>0</Alignment>
    <ForeColor>0,128,64</ForeColor>
    <BackColor>198,238,242</BackColor>
    <Caption>deg / s</Caption>
  </Label>
  <Input>
    <Left>11</Left>
    <Top>337</Top>
    <Height>35</Height>
    <Width>80</Width>
    <Name>Inp_SPEEDFR</Name>
    <FontSize>12</FontSize>
    <Alignment>1</Alignment>
    <BorderStyle>1</BorderStyle>
    <ForeColor>0,0,0</ForeColor>
    <BackColor>210,221,210</BackColor>
    <InputRange>1~180</InputRange>
    <EmptyVal>accept</EmptyVal>
  </Input>
  <CE_ShowScrollBar>0</CE_ShowScrollBar>
  <CE_Margin>
    <Left>257</Left>
    <Right>110</Right>
    <Top>179</Top>
    <Bottom>10</Bottom>
  </CE_Margin>
  <CE_OpMode>1</CE_OpMode>
  <Template Name="Inp_C1">
    <Input>
      <Width>70</Width>
      <Height>25</Height>
      <Alignment>2</Alignment>
      <BorderStyle>1</BorderStyle>
      <ForeColor>0,0,0</ForeColor>
      <BackColor>210,221,210</BackColor>
      <FontSize>12</FontSize>
      <InputFormat>Double:TL</InputFormat>
      <HintLabel>STR::MMI::TableHint::k</HintLabel>
    </Input>
  </Template>
  <Template Name="Inp_C2">
    <Input>
      <Width>70</Width>
      <Height>25</Height>
      <Alignment>2</Alignment>
      <BorderStyle>1</BorderStyle>
      <ForeColor>0,0,0</ForeColor>
      <BackColor>210,221,210</BackColor>
      <FontSize>12</FontSize>
      <InputFormat>Double:TL</InputFormat>
      <HintLabel>STR::MMI::TableHint::Axis</HintLabel>
    </Input>
  </Template>
  <Template Name="Inp_C3">
    <Input>
      <Width>70</Width>
      <Height>25</Height>
      <Alignment>2</Alignment>
      <BorderStyle>1</BorderStyle>
      <ForeColor>0,0,0</ForeColor>
      <BackColor>210,221,210</BackColor>
      <FontSize>12</FontSize>
      <HintLabel>STR::MMI::TableHint::F1</HintLabel>
      <InputFormat>Double:TL</InputFormat>
    </Input>
  </Template>
  <Template Name="Inp_C4">
    <Input>
      <Width>70</Width>
      <Height>25</Height>
      <Alignment>2</Alignment>
      <BorderStyle>1</BorderStyle>
      <ForeColor>0,0,0</ForeColor>
      <BackColor>210,221,210</BackColor>
      <FontSize>12</FontSize>
      <HintLabel>STR::MMI::TableHint::F2</HintLabel>
      <InputFormat>Double:TL</InputFormat>
    </Input>
  </Template>
  <Template Name="Inp_C5">
    <Input>
      <Width>70</Width>
      <Height>25</Height>
      <Alignment>2</Alignment>
      <BorderStyle>1</BorderStyle>
      <ForeColor>0,0,0</ForeColor>
      <BackColor>210,221,210</BackColor>
      <FontSize>12</FontSize>
      <InputFormat>Double:TL</InputFormat>
      <HintLabel>STR::MMI::TableHint::PROB</HintLabel>
    </Input>
  </Template>
  <Template Name="Inp_X">
    <Input>
      <Width>70</Width>
      <Height>25</Height>
      <Alignment>2</Alignment>
      <BorderStyle>1</BorderStyle>
      <ForeColor>0,0,0</ForeColor>
      <BackColor>210,221,210</BackColor>
      <FontSize>12</FontSize>
      <HintLabel>STR::MMI::TableHint::J</HintLabel>
      <InputFormat>Double:TL</InputFormat>
    </Input>
  </Template>
  <Template Name="Inp_Y">
    <Input>
      <Width>70</Width>
      <Height>25</Height>
      <Alignment>2</Alignment>
      <BorderStyle>1</BorderStyle>
      <ForeColor>0,0,0</ForeColor>
      <BackColor>210,221,210</BackColor>
      <FontSize>12</FontSize>
      <HintLabel>STR::MMI::TableHint::L</HintLabel>
      <InputFormat>Double:TL</InputFormat>
    </Input>
  </Template>
  <Template Name="Inp_Z">
    <Input>
      <Width>70</Width>
      <Height>25</Height>
      <Alignment>2</Alignment>
      <BorderStyle>1</BorderStyle>
      <ForeColor>0,0,0</ForeColor>
      <BackColor>210,221,210</BackColor>
      <FontSize>12</FontSize>
      <HintLabel>STR::MMI::TableHint::Sup</HintLabel>
      <InputFormat>Double:TL</InputFormat>
    </Input>
  </Template>
  <Template Name="Inp_A">
    <Input>
      <Width>70</Width>
      <Height>25</Height>
      <Alignment>2</Alignment>
      <BorderStyle>1</BorderStyle>
      <ForeColor>0,0,0</ForeColor>
      <BackColor>210,221,210</BackColor>
      <FontSize>12</FontSize>
      <HintLabel>STR::MMI::TableHint::J</HintLabel>
      <InputFormat>Double:TL</InputFormat>
    </Input>
  </Template>
  <Template Name="Inp_CC">
    <Input>
      <Width>70</Width>
      <Height>25</Height>
      <Alignment>2</Alignment>
      <BorderStyle>1</BorderStyle>
      <ForeColor>0,0,0</ForeColor>
      <BackColor>210,221,210</BackColor>
      <FontSize>12</FontSize>
      <HintLabel>STR::MMI::TableHint::Sup</HintLabel>
      <InputFormat>Double:TL</InputFormat>
    </Input>
  </Template>
  <ListInput>
		<Name>ListPLQR</Name>
		<Left>558</Left>
		<Top>25</Top>
		<Width>67</Width>
		<Height>34</Height>
		<FontSize>12</FontSize>
		<ListItems>
			<Item>
				<ItemCaption>PL</ItemCaption>
				<ItemValue>1</ItemValue>
			</Item>
			<Item>
				<ItemCaption>PQ</ItemCaption>
				<ItemValue>2</ItemValue>
			</Item>
			<Item>
				<ItemCaption>PR</ItemCaption>
				<ItemValue>3</ItemValue>
			</Item>
		</ListItems>
		<InputStorage>@60098</InputStorage>
	</ListInput>
	<ListInput>
		<Name>ListPL</Name>
		<Left>558</Left>
		<Top>25</Top>
		<Width>67</Width>
		<Height>34</Height>
		<FontSize>12</FontSize>
		<ListItems>
			<Item>
				<ItemCaption>PL</ItemCaption>
				<ItemValue>1</ItemValue>
			</Item>
		</ListItems>
		<InputStorage>@60098</InputStorage>
	</ListInput>
	<Input>
		<Name>Inp_PLQR</Name>
		<Left>634</Left>
		<Top>25</Top>
		<Width>80</Width>
		<Height>35</Height>
		<BorderStyle>1</BorderStyle>
		<BackColor>210,221,210</BackColor>
		<ForeColor>0,0,0</ForeColor>
		<FontSize>12</FontSize>
		<Alignment>1</Alignment>
		<InputRange>0~999999</InputRange>
		<EmptyVal>accept</EmptyVal>
		<VisibleRule>(@60098ne1)</VisibleRule>
		<InputFormat>Double:3F</InputFormat>
	</Input>
	<Input>
		<Name>Inp_PL</Name>
		<Left>634</Left>
		<Top>25</Top>
		<Width>80</Width>
		<Height>35</Height>
		<BorderStyle>1</BorderStyle>
		<BackColor>210,221,210</BackColor>
		<ForeColor>0,0,0</ForeColor>
		<FontSize>12</FontSize>
		<Alignment>1</Alignment>
		<InputRange>0~10</InputRange>
		<EmptyVal>accept</EmptyVal>
		<VisibleRule>(@60098eq1)</VisibleRule>
	</Input>
	<Input>
		<Name>Inp_FJ</Name>
		<Left>12</Left>
		<Top>267</Top>
		<Width>80</Width>
		<Height>35</Height>
		<BorderStyle>1</BorderStyle>
		<BackColor>210,221,210</BackColor>
		<ForeColor>0,0,0</ForeColor>
		<FontSize>12</FontSize>
		<Alignment>1</Alignment>
		<InputRange>0.01~100</InputRange>
		<EmptyVal>accept</EmptyVal>
	</Input>
	<Button>
		<Name>Btn_GoToExtAxisCmdPanel</Name>
		<Left>12</Left>
		<Top>385</Top>
		<Width>96</Width>
		<Height>49</Height>
		<BackColor>210,221,210</BackColor>
		<ForeColor>0,128,64</ForeColor>
		<FontSize>12</FontSize>
		<Caption>STR::B:MotionCmd:Cp:Btn_GoToExtAxisCmdPanel::ExtAxis</Caption>
		<EnterEff>True</EnterEff>
		<Enabled>True</Enabled>
		<EnableRule>(@72001gt0)</EnableRule>
		<Button3D>True</Button3D>
		<ButtonUp>
			<Action>ExtMotionCmdPopup</Action>
		</ButtonUp>
	</Button>	
</Screen>