﻿<?xml version="1.0" encoding="UTF-8"?>
<!--Created by 'eHMI'version2.2.28-->
<!--BROWSER SIZE|H:525|W:800-->
<Screen Type="Syntec.CycleEditor">
  <Name>RefPoint</Name>
  <Width>800</Width>
  <Height>470</Height>
  <Panel>
    <Left>0</Left>
    <Top>0</Top>
    <Width>800</Width>
    <Height>525</Height>
    <Name>Pan_RefPoint</Name>
    <Caption>
    </Caption>
  </Panel>
  <Label>
    <Left>111</Left>
    <Top>32</Top>
    <Height>25</Height>
    <Width>75</Width>
    <Name>Lab_C1</Name>
    <FontSize>14</FontSize>
    <BorderStyle>2</BorderStyle>
    <BorderColor>0,0,0</BorderColor>
    <ForeColor>0,128,64</ForeColor>
    <BackColor>210,221,210</BackColor>
    <Caption>C1</Caption>
  </Label>
  <Label>
    <Left>186</Left>
    <Top>32</Top>
    <Height>25</Height>
    <Width>75</Width>
    <Name>Lab_C2</Name>
    <FontSize>14</FontSize>
    <BorderStyle>2</BorderStyle>
    <BorderColor>0,0,0</BorderColor>
    <ForeColor>0,128,64</ForeColor>
    <BackColor>210,221,210</BackColor>
    <Caption>C2</Caption>
  </Label>
  <Label>
    <Left>261</Left>
    <Top>32</Top>
    <Height>25</Height>
    <Width>75</Width>
    <Name>Lab_C3</Name>
    <FontSize>14</FontSize>
    <BorderStyle>2</BorderStyle>
    <BorderColor>0,0,0</BorderColor>
    <ForeColor>0,128,64</ForeColor>
    <BackColor>210,221,210</BackColor>
    <Caption>C3</Caption>
  </Label>
  <Label>
    <Left>336</Left>
    <Top>32</Top>
    <Height>25</Height>
    <Width>75</Width>
    <Name>Lab_C4</Name>
    <FontSize>14</FontSize>
    <BorderStyle>2</BorderStyle>
    <BorderColor>0,0,0</BorderColor>
    <ForeColor>0,128,64</ForeColor>
    <BackColor>210,221,210</BackColor>
    <Caption>C4</Caption>
  </Label>
  <Label>
    <Left>411</Left>
    <Top>32</Top>
    <Height>25</Height>
    <Width>75</Width>
    <Name>Lab_C5</Name>
    <FontSize>14</FontSize>
    <BorderStyle>2</BorderStyle>
    <BorderColor>0,0,0</BorderColor>
    <ForeColor>0,128,64</ForeColor>
    <BackColor>210,221,210</BackColor>
    <Caption>C5</Caption>
  </Label>
  <Label>
    <Left>111</Left>
    <Top>82</Top>
    <Height>25</Height>
    <Width>75</Width>
    <Name>Lab_1st</Name>
    <FontSize>14</FontSize>
    <BorderStyle>2</BorderStyle>
    <BorderColor>0,0,0</BorderColor>
    <ForeColor>0,128,64</ForeColor>
    <BackColor>210,221,210</BackColor>
    <Caption>
    </Caption>
    <PreCompiler>
      <CompilerRule>StringConnect</CompilerRule>
      <!--此項目必須在第一個-->
      <PropertyName>Caption</PropertyName>
      <Variable>Lab_1st</Variable>
      <!--此項目的值由config設定決定-->
    </PreCompiler>
  </Label>
  <Label>
    <Left>186</Left>
    <Top>82</Top>
    <Height>25</Height>
    <Width>75</Width>
    <Name>Lab_2nd</Name>
    <FontSize>14</FontSize>
    <BorderStyle>2</BorderStyle>
    <BorderColor>0,0,0</BorderColor>
    <ForeColor>0,128,64</ForeColor>
    <BackColor>210,221,210</BackColor>
    <Caption>
    </Caption>
    <PreCompiler>
      <CompilerRule>StringConnect</CompilerRule>
      <!--此項目必須在第一個-->
      <PropertyName>Caption</PropertyName>
      <Variable>Lab_2nd</Variable>
      <!--此項目的值由config設定決定-->
    </PreCompiler>
  </Label>
  <Label>
    <Left>261</Left>
    <Top>82</Top>
    <Height>25</Height>
    <Width>75</Width>
    <Name>Lab_3rd</Name>
    <FontSize>14</FontSize>
    <BorderStyle>2</BorderStyle>
    <BorderColor>0,0,0</BorderColor>
    <ForeColor>0,128,64</ForeColor>
    <BackColor>210,221,210</BackColor>
    <Caption>
    </Caption>
    <PreCompiler>
      <CompilerRule>StringConnect</CompilerRule>
      <!--此項目必須在第一個-->
      <PropertyName>Caption</PropertyName>
      <Variable>Lab_3rd</Variable>
      <!--此項目的值由config設定決定-->
    </PreCompiler>
  </Label>
  <Label>
    <Left>336</Left>
    <Top>82</Top>
    <Height>25</Height>
    <Width>75</Width>
    <Name>Lab_4th</Name>
    <FontSize>14</FontSize>
    <BorderStyle>2</BorderStyle>
    <BorderColor>0,0,0</BorderColor>
    <ForeColor>0,128,64</ForeColor>
    <BackColor>210,221,210</BackColor>
    <Caption>
    </Caption>
    <PreCompiler>
      <CompilerRule>StringConnect</CompilerRule>
      <!--此項目必須在第一個-->
      <PropertyName>Caption</PropertyName>
      <Variable>Lab_4th</Variable>
      <!--此項目的值由config設定決定-->
    </PreCompiler>
  </Label>
  <Label>
    <Left>411</Left>
    <Top>82</Top>
    <Height>25</Height>
    <Width>75</Width>
    <Name>Lab_5th</Name>
    <FontSize>14</FontSize>
    <BorderStyle>2</BorderStyle>
    <BorderColor>0,0,0</BorderColor>
    <ForeColor>0,128,64</ForeColor>
    <BackColor>210,221,210</BackColor>
    <Caption>
    </Caption>
    <PreCompiler>
      <CompilerRule>StringConnect</CompilerRule>
      <!--此項目必須在第一個-->
      <PropertyName>Caption</PropertyName>
      <Variable>Lab_5th</Variable>
      <!--此項目的值由config設定決定-->
    </PreCompiler>
  </Label>
  <Display>
    <Left>111</Left>
    <Top>107</Top>
    <Height>25</Height>
    <Width>75</Width>
    <Name>Display_X</Name>
    <FontSize>14</FontSize>
    <BorderStyle>1</BorderStyle>
    <ForeColor>255,128,0</ForeColor>
    <BackColor>210,221,210</BackColor>
    <DisplayFormat>Coordinate</DisplayFormat>
    <DisplaySource>K181</DisplaySource>
  </Display>
  <Display>
    <Left>186</Left>
    <Top>107</Top>
    <Height>25</Height>
    <Width>75</Width>
    <Name>Display_Y</Name>
    <FontSize>14</FontSize>
    <BorderStyle>1</BorderStyle>
    <ForeColor>255,128,0</ForeColor>
    <BackColor>210,221,210</BackColor>
    <DisplayFormat>Coordinate</DisplayFormat>
    <DisplaySource>K182</DisplaySource>
  </Display>
  <Display>
    <Left>261</Left>
    <Top>107</Top>
    <Height>25</Height>
    <Width>75</Width>
    <Name>Display_Z</Name>
    <FontSize>14</FontSize>
    <BorderStyle>1</BorderStyle>
    <ForeColor>255,128,0</ForeColor>
    <BackColor>210,221,210</BackColor>
    <DisplayFormat>Coordinate</DisplayFormat>
    <DisplaySource>K183</DisplaySource>
  </Display>
  <Display>
    <Left>336</Left>
    <Top>107</Top>
    <Height>25</Height>
    <Width>75</Width>
    <Name>Display_4th</Name>
    <FontSize>14</FontSize>
    <BorderStyle>1</BorderStyle>
    <ForeColor>255,128,0</ForeColor>
    <BackColor>210,221,210</BackColor>
    <DisplayFormat>Coordinate</DisplayFormat>
    <DisplaySource>K184</DisplaySource>
  </Display>
  <Display>
    <Left>411</Left>
    <Top>107</Top>
    <Height>25</Height>
    <Width>75</Width>
    <Name>Display_C</Name>
    <FontSize>14</FontSize>
    <BorderStyle>1</BorderStyle>
    <ForeColor>255,128,0</ForeColor>
    <BackColor>210,221,210</BackColor>
    <DisplayFormat>Coordinate</DisplayFormat>
    <DisplaySource>K185</DisplaySource>
  </Display>
  <Panel>
    <Left>683</Left>
    <Top>0</Top>
    <Width>117</Width>
    <Height>525</Height>
    <Name>Pan_RightBar</Name>
    <BackColor>192,192,192</BackColor>
    <Caption>
    </Caption>
  </Panel>
  <Label>
    <Left>25</Left>
    <Top>135</Top>
    <Height>25</Height>
    <Width>60</Width>
    <Name>Lab_No</Name>
    <FontSize>12</FontSize>
    <BorderStyle>2</BorderStyle>
    <BorderColor>0,0,0</BorderColor>
    <ForeColor>0,128,64</ForeColor>
    <BackColor>210,221,210</BackColor>
    <Caption>STR::B:RefPoint:Cp:Lab_No::No</Caption>
  </Label>
  <Label>
    <Left>85</Left>
    <Top>135</Top>
    <Height>25</Height>
    <Width>75</Width>
    <Name>Lab_Name</Name>
    <FontSize>12</FontSize>
    <BorderStyle>2</BorderStyle>
    <BorderColor>0,0,0</BorderColor>
    <ForeColor>0,128,64</ForeColor>
    <BackColor>210,221,210</BackColor>
    <Caption>STR::B:RefPoint:Cp:Lab_Name::Name</Caption>
  </Label>
  <Button>
    <Left>714</Left>
    <Top>260</Top>
    <Height>103</Height>
    <Width>57</Width>
    <Name>ButtonPageDown</Name>
    <BorderStyle>1</BorderStyle>
    <BackColor>198,238,242</BackColor>
    <Picture Mres="False">Image\PgDn_1.jpg</Picture>
    <Caption>
    </Caption>
    <EnterEff>True</EnterEff>
    <Enabled>True</Enabled>
    <ButtonUp>
      <Action>Page Down</Action>
    </ButtonUp>
  </Button>
  <Button>
    <Left>714</Left>
    <Top>147</Top>
    <Height>103</Height>
    <Width>57</Width>
    <Name>Button_PageUp</Name>
    <BorderStyle>1</BorderStyle>
    <BackColor>198,238,242</BackColor>
    <Picture Mres="False">Image\PgUp_1.jpg</Picture>
    <Caption>
    </Caption>
    <EnterEff>True</EnterEff>
    <Enabled>True</Enabled>
    <ButtonUp>
      <Action>Page Up</Action>
    </ButtonUp>
  </Button>
  <Button>
    <Left>685</Left>
    <Top>375</Top>
    <Height>100</Height>
    <Width>113</Width>
    <Name>Button1</Name>
    <FontSize>16</FontSize>
    <BorderStyle>1</BorderStyle>
    <ForeColor>0,0,0</ForeColor>
    <BackColor>198,238,242</BackColor>
    <Caption>STR::B:RefPoint:Cp:Button1::SWPanel</Caption>
    <Button3D>True</Button3D>
    <EnterEff>True</EnterEff>
    <Enabled>True</Enabled>
    <Level3D>10</Level3D>
    <ButtonUp>
      <Action>PopUpXml_Soft_Board.xml_W=640_H=350_X=10_Y=170_T=0</Action>
    </ButtonUp>
  </Button>
  <Display>
    <Left>36</Left>
    <Top>32</Top>
    <Height>50</Height>
    <Width>75</Width>
    <Name>Display_CORJ</Name>
    <FontSize>12</FontSize>
    <BorderStyle>1</BorderStyle>
    <ForeColor>0,128,64</ForeColor>
    <BackColor>210,221,210</BackColor>
    <DisplaySource>R518</DisplaySource>
    <ListItems>
      <Item ID="0">
        <Caption>STR::B:RefPoint:Cp:Display_CORJ::CORJ</Caption>
        <BackColor>255,194,134</BackColor>
      </Item>
      <Item ID="1">
        <Caption>STR::B:RefPoint:Cp:Display_CORJ::CORJ</Caption>
        <BackColor>210,221,210</BackColor>
      </Item>
    </ListItems>
  </Display>
  <Display>
    <Left>36</Left>
    <Top>82</Top>
    <Height>50</Height>
    <Width>75</Width>
    <Name>Display_CORV</Name>
    <FontSize>12</FontSize>
    <BorderStyle>1</BorderStyle>
    <ForeColor>0,128,64</ForeColor>
    <BackColor>210,221,210</BackColor>
    <DisplaySource>R518</DisplaySource>
    <ListItems>
      <Item ID="1">
        <Caption>STR::B:RefPoint:Cp:Display_CORV::CORV</Caption>
        <BackColor>255,194,134</BackColor>
      </Item>
      <Item ID="0">
        <Caption>STR::B:RefPoint:Cp:Display_CORV::CORV</Caption>
        <BackColor>210,221,210</BackColor>
      </Item>
    </ListItems>
  </Display>
  <Button>
    <Left>567</Left>
    <Top>96</Top>
    <Height>75</Height>
    <Width>110</Width>
    <Name>Button_JOGSimu</Name>
    <FontSize>16</FontSize>
    <BorderStyle>1</BorderStyle>
    <BackColor>198,238,242</BackColor>
    <Caption>STR::B:RefPoint:Cp:Button_JOGSimu::JOGSimu</Caption>
    <DisplaySource>R15200</DisplaySource>
    <EnterEff>True</EnterEff>
    <Enabled>True</Enabled>
    <ButtonUp>
      <Action>CUSTOMDEV_Inv R15200.0</Action>
    </ButtonUp>
    <ListItems>
      <Item ID="0">
        <BackColor>198,238,242</BackColor>
      </Item>
      <Item ID="1">
        <BackColor>255,255,0</BackColor>
      </Item>
    </ListItems>
  </Button>
  <Button>
    <Left>567</Left>
    <Top>6</Top>
    <Height>75</Height>
    <Width>110</Width>
    <Name>Button_EPControl</Name>
    <FontSize>16</FontSize>
    <BorderStyle>1</BorderStyle>
    <BackColor>198,238,242</BackColor>
    <Caption>STR::B:RefPoint:Cp:Button_EPControl::EPControl</Caption>
    <DisplaySource>R518</DisplaySource>
    <EnterEff>True</EnterEff>
    <Enabled>True</Enabled>
    <ButtonUp>
      <Action>CUSTOMDEV_Inv R518.0</Action>
    </ButtonUp>
    <ListItems>
      <Item ID="0">
        <BackColor>198,238,242</BackColor>
      </Item>
      <Item ID="1">
        <BackColor>255,255,0</BackColor>
      </Item>
    </ListItems>
  </Button>
  <Button>
    <Left>689</Left>
    <Top>68</Top>
    <Height>70</Height>
    <Width>105</Width>
    <Name>Button_BackToRef</Name>
    <EnableRule>(R13eq2)</EnableRule>
    <FontSize>16</FontSize>
    <BorderStyle>1</BorderStyle>
    <BackColor>250,194,171</BackColor>
    <Caption>STR::B:RefPoint:Cp:Button_BackToRef::Ref</Caption>
    <EnterEff>True</EnterEff>
    <Enabled>True</Enabled>
    <ButtonUp>
		<Actions>
			<Action>BackToRef</Action>
			<Action>PopUpXml_BackToRefPoint.xml_W=600_H=350_X=25_Y=155_T=0</Action>
		</Actions>
    </ButtonUp>
    <Wrap>True</Wrap>
  </Button>
  <Button>
    <Left>689</Left>
    <Top>4</Top>
    <Height>60</Height>
    <Width>105</Width>
    <Name>Button_EditClose</Name>
    <EnableRule>(@60060eq1)</EnableRule>
    <FontSize>16</FontSize>
    <BorderStyle>1</BorderStyle>
    <BackColor>143,188,139</BackColor>
    <Caption>STR::B:RefPoint:Cp:Button_EditClose::EditClose</Caption>
    <EnterEff>True</EnterEff>
    <Enabled>True</Enabled>
    <ButtonUp>
      <Action>SaveRefPoint</Action>
    </ButtonUp>
  </Button>
  <Display>
    <Left>411</Left>
    <Top>57</Top>
    <Height>25</Height>
    <Width>75</Width>
    <Name>Display1</Name>
    <FontSize>14</FontSize>
    <BorderStyle>1</BorderStyle>
    <ForeColor>255,128,0</ForeColor>
    <BackColor>210,221,210</BackColor>
    <DisplayFormat>Coordinate</DisplayFormat>
    <DisplaySource>K105</DisplaySource>
  </Display>
  <Display>
    <Left>111</Left>
    <Top>57</Top>
    <Height>25</Height>
    <Width>75</Width>
    <Name>Display_C1</Name>
    <FontSize>14</FontSize>
    <BorderStyle>1</BorderStyle>
    <ForeColor>255,128,0</ForeColor>
    <BackColor>210,221,210</BackColor>
    <DisplayFormat>Coordinate</DisplayFormat>
    <DisplaySource>K101</DisplaySource>
  </Display>
  <Display>
    <Left>186</Left>
    <Top>57</Top>
    <Height>25</Height>
    <Width>75</Width>
    <Name>Display_C2</Name>
    <FontSize>14</FontSize>
    <BorderStyle>1</BorderStyle>
    <ForeColor>255,128,0</ForeColor>
    <BackColor>210,221,210</BackColor>
    <DisplayFormat>Coordinate</DisplayFormat>
    <DisplaySource>K102</DisplaySource>
  </Display>
  <Display>
    <Left>261</Left>
    <Top>57</Top>
    <Height>25</Height>
    <Width>75</Width>
    <Name>Display_C3</Name>
    <FontSize>14</FontSize>
    <BorderStyle>1</BorderStyle>
    <ForeColor>255,128,0</ForeColor>
    <BackColor>210,221,210</BackColor>
    <DisplayFormat>Coordinate</DisplayFormat>
    <DisplaySource>K103</DisplaySource>
  </Display>
  <Display>
    <Left>336</Left>
    <Top>57</Top>
    <Height>25</Height>
    <Width>75</Width>
    <Name>Display_C4</Name>
    <FontSize>14</FontSize>
    <BorderStyle>1</BorderStyle>
    <ForeColor>255,128,0</ForeColor>
    <BackColor>210,221,210</BackColor>
    <DisplayFormat>Coordinate</DisplayFormat>
    <DisplaySource>K104</DisplaySource>
  </Display>
  <CE_Margin>
    <Left>25</Left>
    <Right>200</Right>
    <Top>160</Top>
	<Bottom>0</Bottom>
  </CE_Margin>
  <CE_HighlighMode>1</CE_HighlighMode>
  <CE_OpMode>2</CE_OpMode>
  <CE_ShowScrollBar>0</CE_ShowScrollBar>
  <Template Name="LineHeader">
    <Label>
      <Width>60</Width>
      <Height>50</Height>
      <Alignment>2</Alignment>
      <BorderStyle>1</BorderStyle>
      <ForeColor>0,128,64</ForeColor>
      <FontSize>11</FontSize>
      <BackColor>210,221,210</BackColor>
    </Label>
  </Template>
  <Template Name="Inp_RefName">
    <Input>
      <Width>75</Width>
      <Height>25</Height>
      <Alignment>7</Alignment>
      <BorderStyle>0</BorderStyle>
      <ForeColor>0,0,0</ForeColor>
      <FontSize>12</FontSize>
      <BackColor>192,192,192</BackColor>
      <InputFormat>String</InputFormat>
    </Input>
  </Template>
  <Template Name="Inp_C1">
    <Input>
      <Width>75</Width>
      <Height>25</Height>
      <Alignment>2</Alignment>
      <BorderStyle>1</BorderStyle>
      <ForeColor>0,0,0</ForeColor>
      <BackColor>192,192,192</BackColor>
      <FontSize>12</FontSize>
      <InputFormat>Double:TL</InputFormat>
      <HintLabel>STR::MMI::TableHint::k</HintLabel>
    </Input>
  </Template>
  <Template Name="Inp_C2">
    <Input>
      <Width>75</Width>
      <Height>25</Height>
      <Alignment>2</Alignment>
      <BorderStyle>1</BorderStyle>
      <ForeColor>0,0,0</ForeColor>
      <BackColor>192,192,192</BackColor>
      <FontSize>12</FontSize>
      <InputFormat>Double:TL</InputFormat>
      <HintLabel>STR::MMI::TableHint::Axis</HintLabel>
    </Input>
  </Template>
  <Template Name="Inp_C3">
    <Input>
      <Width>75</Width>
      <Height>25</Height>
      <Alignment>2</Alignment>
      <BorderStyle>1</BorderStyle>
      <ForeColor>0,0,0</ForeColor>
      <BackColor>192,192,192</BackColor>
      <FontSize>12</FontSize>
      <HintLabel>STR::MMI::TableHint::F1</HintLabel>
      <InputFormat>Double:TL</InputFormat>
    </Input>
  </Template>
  <Template Name="Inp_C4">
    <Input>
      <Width>75</Width>
      <Height>25</Height>
      <Alignment>2</Alignment>
      <BorderStyle>1</BorderStyle>
      <ForeColor>0,0,0</ForeColor>
      <BackColor>192,192,192</BackColor>
      <FontSize>12</FontSize>
      <HintLabel>STR::MMI::TableHint::F2</HintLabel>
      <InputFormat>Double:TL</InputFormat>
    </Input>
  </Template>
  <Template Name="Inp_C5">
    <Input>
      <Width>75</Width>
      <Height>25</Height>
      <Alignment>2</Alignment>
      <BorderStyle>1</BorderStyle>
      <ForeColor>0,0,0</ForeColor>
      <BackColor>192,192,192</BackColor>
      <FontSize>12</FontSize>
      <InputFormat>Double:TL</InputFormat>
      <HintLabel>STR::MMI::TableHint::PROB</HintLabel>
    </Input>
  </Template>
  <Template Name="Inp_RefName2">
    <Input>
      <Width>75</Width>
      <Height>25</Height>
      <Alignment>2</Alignment>
      <BorderStyle>0</BorderStyle>
      <ForeColor>0,0,0</ForeColor>
      <BackColor>192,192,192</BackColor>
      <FontSize>12</FontSize>
      <HintLabel>STR::MMI::TableHint::T</HintLabel>
      <InputFormat>String</InputFormat>
    </Input>
  </Template>
  <Template Name="Inp_X">
    <Input>
      <Width>75</Width>
      <Height>25</Height>
      <Alignment>2</Alignment>
      <BorderStyle>1</BorderStyle>
      <ForeColor>0,0,0</ForeColor>
      <BackColor>192,192,192</BackColor>
      <FontSize>12</FontSize>
      <HintLabel>STR::MMI::TableHint::J</HintLabel>
      <InputFormat>Double:TL</InputFormat>
    </Input>
  </Template>
  <Template Name="Inp_Y">
    <Input>
      <Width>75</Width>
      <Height>25</Height>
      <Alignment>2</Alignment>
      <BorderStyle>1</BorderStyle>
      <ForeColor>0,0,0</ForeColor>
      <BackColor>192,192,192</BackColor>
      <FontSize>12</FontSize>
      <HintLabel>STR::MMI::TableHint::L</HintLabel>
      <InputFormat>Double:TL</InputFormat>
    </Input>
  </Template>
  <Template Name="Inp_Z">
    <Input>
      <Width>75</Width>
      <Height>25</Height>
      <Alignment>2</Alignment>
      <BorderStyle>1</BorderStyle>
      <ForeColor>0,0,0</ForeColor>
      <BackColor>192,192,192</BackColor>
      <FontSize>12</FontSize>
      <HintLabel>STR::MMI::TableHint::Sup</HintLabel>
      <InputFormat>Double:TL</InputFormat>
    </Input>
  </Template>
  <Template Name="Inp_B">
    <Input>
      <Width>75</Width>
      <Height>25</Height>
      <Alignment>2</Alignment>
      <BorderStyle>1</BorderStyle>
      <ForeColor>0,0,0</ForeColor>
      <BackColor>192,192,192</BackColor>
      <FontSize>12</FontSize>
      <HintLabel>STR::MMI::TableHint::J</HintLabel>
      <InputFormat>Double:TL</InputFormat>
    </Input>
  </Template>
  <Template Name="Inp_CC">
    <Input>
      <Width>75</Width>
      <Height>25</Height>
      <Alignment>2</Alignment>
      <BorderStyle>1</BorderStyle>
      <ForeColor>0,0,0</ForeColor>
      <BackColor>192,192,192</BackColor>
      <FontSize>12</FontSize>
      <HintLabel>STR::MMI::TableHint::Sup</HintLabel>
      <InputFormat>Double:TL</InputFormat>
    </Input>
  </Template>
    <Display>
    <Left>310</Left>
    <Top>0</Top>
    <Height>30</Height>
    <Width>150</Width>
    <Name>D_RefFileID</Name>
    <FontSize>12</FontSize>
	<BorderStyle>1</BorderStyle>
    <DisplayFormat>String</DisplayFormat>
    <DisplaySource>R10520</DisplaySource>
  </Display>
  <Label>
    <Left>210</Left>
    <Top>0</Top>
    <Height>30</Height>
    <Width>100</Width>
    <Name>lab_RefName</Name>
	<BackColor>192,192,192</BackColor>
    <FontSize>10</FontSize>
	<BorderStyle>1</BorderStyle>
    <Caption>STR::B:RefPoint:Cp:lab_RefName::lab_RefName</Caption>
  </Label>
</Screen>