﻿<?xml version="1.0" encoding="utf-8" ?>
<ResMap>
	<Message ID="MMI::SysInfo::Option4" Content="啟用外掛PlugIn功能" />
	<Message ID="MMI::SysInfo::Option11" Content="高精軌跡控制模式" />
	<Message ID="MMI::SysInfo::Option12" Content="刀尖點控制功能(RTCP)" />
	<Message ID="MMI::SysInfo::Option13" Content="特徵座標系功能" />
	<Message ID="MMI::SysInfo::Option15" Content="學習攻牙功能" />
	<Message ID="MMI::SysInfo::Option16" Content="視覺功能單相機" />
	<Message ID="MMI::SysInfo::Option17" Content="視覺功能多相機" />
	<Message ID="MMI::SysInfo::Option18" Content="CAD/CAM功能" />
	<Message ID="MMI::SysInfo::Option19" Content="三維空間圓弧插補功能" />
	<Message ID="MMI::SysInfo::Option20" Content="All in one直角取放" />
	<Message ID="MMI::SysInfo::Option21" Content="四關節機器人" />
	<Message ID="MMI::SysInfo::Option22" Content="五關節機器人" />
	<Message ID="MMI::SysInfo::Option23" Content="六關節機器人" />
	<Message ID="MMI::SysInfo::Option24" Content="直角座標型機器人型態" />
	<Message ID="MMI::SysInfo::Option25" Content="高速預解功能" />
	<Message ID="MMI::SysInfo::Option26" Content="平滑刀尖點控制功能" />
	<Message ID="MMI::SysInfo::Option27" Content="多組五軸機構鍊" />
	<Message ID="MMI::SysInfo::Option28" Content="第二軸群支援五軸功能" />
	<Message ID="MMI::SysInfo::Option31" Content="高光軌跡控制" />
	<Message ID="MMI::SysInfo::Option32" Content="ROT伺服刀塔" />
	<Message ID="MMI::SysInfo::Option34" Content="木工軟體功能" />
	<Message ID="MMI::SysInfo::Option35" Content="3D雷射打標" />
 </ResMap>