﻿<?xml version="1.0" encoding="UTF-8"?>
<!--Created by 'eHMI'version2.2.28-->
<!--BROWSER SIZE|H:525|W:800-->
<Screen>
  <Name>PalletFileMgr</Name>
  <Width>800</Width>
  <Height>470</Height>
  <Panel>
    <Left>0</Left>
    <Top>0</Top>
    <Width>710</Width>
    <Height>525</Height>
    <Name>Pan_bak</Name>
    <BorderColor>0,0,0</BorderColor>
    <BackColor>192,192,192</BackColor>
    <Caption>
    </Caption>
  </Panel>
  <Panel>
    <Left>710</Left>
    <Top>0</Top>
    <Width>90</Width>
    <Height>525</Height>
    <Name>Pan_RightBar</Name>
    <BackColor>192,192,192</BackColor>
    <Caption>
    </Caption>
  </Panel>
  <Label>
    <Left>15</Left>
    <Top>93</Top>
    <Height>72</Height>
    <Width>306</Width>
    <Name>Lab_Title1</Name>
    <FontSize>16</FontSize>
    <Alignment>0</Alignment>
    <ForeColor>0,0,0</ForeColor>
    <BackColor>192,192,192</BackColor>
    <Caption>STR::Browser::PalletFileMgr::Caption::Lab_Title1::PFSL</Caption>
  </Label>
  <Label>
    <Left>15</Left>
    <Top>185</Top>
    <Height>76</Height>
    <Width>399</Width>
    <Name>Lab_Title2</Name>
    <FontSize>16</FontSize>
    <Alignment>0</Alignment>
    <ForeColor>0,0,0</ForeColor>
    <BackColor>192,192,192</BackColor>
    <Caption>STR::Browser::PalletFileMgr::Caption::Lab_Title2::PFSL2</Caption>
  </Label>
  <Label>
    <Left>15</Left>
    <Top>264</Top>
    <Height>76</Height>
    <Width>399</Width>
    <Name>Lab_Title3</Name>
    <FontSize>16</FontSize>
    <Alignment>0</Alignment>
    <ForeColor>0,0,0</ForeColor>
    <BackColor>192,192,192</BackColor>
    <Caption>STR::Browser::PalletFileMgr::Caption::Lab_Title3::PFSL3</Caption>
  </Label>
  <Display>
    <Left>15</Left>
    <Top>23</Top>
    <Height>48</Height>
    <Width>134</Width>
    <Name>Disp_Name</Name>
    <FontSize>22</FontSize>
    <ForeColor>0,128,128</ForeColor>
    <BackColor>192,192,192</BackColor>
    <DisplaySource>@60050</DisplaySource>
    <ListItems>
      <Item Id="1">
        <Caption>STR::Browser::PalletFileMgr::Caption::Disp_Name::Pallet1</Caption>
      </Item>
	  <Item Id="2">
        <Caption>STR::Browser::PalletFileMgr::Caption::Disp_Name::Pallet2</Caption>
      </Item>
	  <Item Id="3">
        <Caption>STR::Browser::PalletFileMgr::Caption::Disp_Name::Pallet3</Caption>
      </Item>
	  <Item Id="4">
        <Caption>STR::Browser::PalletFileMgr::Caption::Disp_Name::Pallet4</Caption>
      </Item>
	  <Item Id="5">
        <Caption>STR::Browser::PalletFileMgr::Caption::Disp_Name::Pallet5</Caption>
      </Item>
	  <Item Id="6">
        <Caption>STR::Browser::PalletFileMgr::Caption::Disp_Name::Pallet6</Caption>
      </Item>
	  <Item Id="7">
        <Caption>STR::Browser::PalletFileMgr::Caption::Disp_Name::Pallet7</Caption>
      </Item>
	  <Item Id="8">
        <Caption>STR::Browser::PalletFileMgr::Caption::Disp_Name::Pallet8</Caption>
      </Item>
	  <Item Id="9">
        <Caption>STR::Browser::PalletFileMgr::Caption::Disp_Name::Pallet9</Caption>
      </Item>
	  <Item Id="10">
        <Caption>STR::Browser::PalletFileMgr::Caption::Disp_Name::Pallet10</Caption>
      </Item>
    </ListItems>
  </Display>
  <Button>
    <Left>710</Left>
    <Top>415</Top>
    <Height>60</Height>
    <Width>90</Width>
    <Name>Button1</Name>
    <FontSize>12</FontSize>
    <BorderStyle>1</BorderStyle>
    <ForeColor>0,0,0</ForeColor>
    <BackColor>198,238,242</BackColor>
    <Caption>STR::Browser::PalletFileMgr::Caption::Button1::SWPanel</Caption>
    <Button3D>True</Button3D>
    <EnterEff>True</EnterEff>
    <Enabled>True</Enabled>
    <Level3D>10</Level3D>
    <ButtonUp>
      <Action>PopUpXml_Soft_Board.xml_W=640_H=350_X=10_Y=170_T=0</Action>
    </ButtonUp>
  </Button>
</Screen>