﻿<?xml version="1.0" encoding="utf-8"?>
<!--BROWSER SIZE|H:450|W:790-->
<Screen Type="Syntec.CycleEditor">
	<Name>MotionCmd</Name>
	<Width>790</Width>
	<Height>450</Height>
	<Panel>
		<Name>Pan_MotionCmd</Name>
		<Left>0</Left>
		<Top>0</Top>
		<Width>790</Width>
		<Height>450</Height>
		<BackColor>198,238,242</BackColor>
		<FontSize>7</FontSize>
		<Caption />
	</Panel>
	<Panel>
		<Name>Panel1</Name>
		<Left>142</Left>
		<Top>67</Top>
		<Width>539</Width>
		<Height>380</Height>
		<BackColor>255,194,134</BackColor>
		<FontSize>7</FontSize>
		<Caption />
	</Panel>
	<Label>
		<Name>Lab_C1</Name>
		<Left>254</Left>
		<Top>77</Top>
		<Height>25</Height>
		<BorderStyle>2</BorderStyle>
		<BackColor>210,221,210</BackColor>
		<ForeColor>0,128,64</ForeColor>
		<FontSize>12</FontSize>
		<Caption>C1</Caption>
		<BorderColor>0,0,0</BorderColor>
	</Label>
	<Label>
		<Name>Lab_C2</Name>
		<Left>324</Left>
		<Top>77</Top>
		<Height>25</Height>
		<BorderStyle>2</BorderStyle>
		<BackColor>210,221,210</BackColor>
		<ForeColor>0,128,64</ForeColor>
		<FontSize>12</FontSize>
		<Caption>C2</Caption>
		<BorderColor>0,0,0</BorderColor>
	</Label>
	<Label>
		<Name>Lab_C3</Name>
		<Left>394</Left>
		<Top>77</Top>
		<Height>25</Height>
		<BorderStyle>2</BorderStyle>
		<BackColor>210,221,210</BackColor>
		<ForeColor>0,128,64</ForeColor>
		<FontSize>12</FontSize>
		<Caption>C3</Caption>
		<BorderColor>0,0,0</BorderColor>
	</Label>
	<Label>
		<Name>Lab_C4</Name>
		<Left>464</Left>
		<Top>77</Top>
		<Height>25</Height>
		<BorderStyle>2</BorderStyle>
		<BackColor>210,221,210</BackColor>
		<ForeColor>0,128,64</ForeColor>
		<FontSize>12</FontSize>
		<Caption>C4</Caption>
		<BorderColor>0,0,0</BorderColor>
	</Label>
	<Label>
		<Name>Lab_C5</Name>
		<Left>534</Left>
		<Top>77</Top>
		<Height>25</Height>
		<BorderStyle>2</BorderStyle>
		<BackColor>210,221,210</BackColor>
		<ForeColor>0,128,64</ForeColor>
		<FontSize>12</FontSize>
		<Caption>C5</Caption>
		<BorderColor>0,0,0</BorderColor>
	</Label>
	<Label>
		<Name>Lab_C6</Name>
		<Left>604</Left>
		<Top>77</Top>
		<Height>25</Height>
		<BorderStyle>2</BorderStyle>
		<BackColor>210,221,210</BackColor>
		<ForeColor>0,128,64</ForeColor>
		<FontSize>12</FontSize>
		<Caption>C6</Caption>
		<BorderColor>0,0,0</BorderColor>
	</Label>
	<Label>
		<Name>Lab_1st</Name>
		<Caption>
		</Caption>
		<PreCompiler>
			<CompilerRule>StringConnect</CompilerRule>
			<!--此項目必須在第一個-->
			<PropertyName>Caption</PropertyName>
			<Variable>Lab_1st</Variable>
			<!--此項目的值由config設定決定-->
		</PreCompiler>
		<Left>254</Left>
		<Top>127</Top>
		<Height>25</Height>
		<BorderStyle>2</BorderStyle>
		<BackColor>210,221,210</BackColor>
		<ForeColor>0,128,64</ForeColor>
		<FontSize>12</FontSize>
		<BorderColor>0,0,0</BorderColor>
	</Label>
	<Label>
		<Name>Lab_2nd</Name>
		<Caption>
		</Caption>
		<PreCompiler>
			<CompilerRule>StringConnect</CompilerRule>
			<!--此項目必須在第一個-->
			<PropertyName>Caption</PropertyName>
			<Variable>Lab_2nd</Variable>
			<!--此項目的值由config設定決定-->
		</PreCompiler>
		<Left>324</Left>
		<Top>127</Top>
		<Height>25</Height>
		<BorderStyle>2</BorderStyle>
		<BackColor>210,221,210</BackColor>
		<ForeColor>0,128,64</ForeColor>
		<FontSize>10</FontSize>
		<BorderColor>0,0,0</BorderColor>
	</Label>
	<Label>
		<Name>Lab_3rd</Name>
		<Caption>
		</Caption>
		<PreCompiler>
			<CompilerRule>StringConnect</CompilerRule>
			<!--此項目必須在第一個-->
			<PropertyName>Caption</PropertyName>
			<Variable>Lab_3rd</Variable>
			<!--此項目的值由config設定決定-->
		</PreCompiler>
		<Left>394</Left>
		<Top>127</Top>
		<Height>25</Height>
		<BorderStyle>2</BorderStyle>
		<BackColor>210,221,210</BackColor>
		<ForeColor>0,128,64</ForeColor>
		<FontSize>10</FontSize>
		<BorderColor>0,0,0</BorderColor>
	</Label>
	<Label>
		<Name>Lab_4th</Name>
		<Caption>
		</Caption>
		<PreCompiler>
			<CompilerRule>StringConnect</CompilerRule>
			<!--此項目必須在第一個-->
			<PropertyName>Caption</PropertyName>
			<Variable>Lab_4th</Variable>
			<!--此項目的值由config設定決定-->
		</PreCompiler>
		<Left>464</Left>
		<Top>127</Top>
		<Height>25</Height>
		<BorderStyle>2</BorderStyle>
		<BackColor>210,221,210</BackColor>
		<ForeColor>0,128,64</ForeColor>
		<FontSize>10</FontSize>
		<BorderColor>0,0,0</BorderColor>
	</Label>
	<Label>
		<Name>Lab_5th</Name>
		<Caption>
		</Caption>
		<PreCompiler>
			<CompilerRule>StringConnect</CompilerRule>
			<!--此項目必須在第一個-->
			<PropertyName>Caption</PropertyName>
			<Variable>Lab_5th</Variable>
			<!--此項目的值由config設定決定-->
		</PreCompiler>
		<Left>534</Left>
		<Top>127</Top>
		<Height>25</Height>
		<BorderStyle>2</BorderStyle>
		<BackColor>210,221,210</BackColor>
		<ForeColor>0,128,64</ForeColor>
		<FontSize>10</FontSize>
		<BorderColor>0,0,0</BorderColor>
	</Label>
	<Label>
		<Name>Lab_6th</Name>
		<Caption>
		</Caption>
		<PreCompiler>
			<CompilerRule>StringConnect</CompilerRule>
			<!--此項目必須在第一個-->
			<PropertyName>Caption</PropertyName>
			<Variable>Lab_6th</Variable>
			<!--此項目的值由config設定決定-->
		</PreCompiler>
		<Left>604</Left>
		<Top>127</Top>
		<Height>25</Height>
		<BorderStyle>2</BorderStyle>
		<BackColor>210,221,210</BackColor>
		<ForeColor>0,128,64</ForeColor>
		<FontSize>10</FontSize>
		<BorderColor>0,0,0</BorderColor>
	</Label>
	<Display>
		<Name>Display_X</Name>
		<Left>254</Left>
		<Top>152</Top>
		<Height>25</Height>
		<BorderStyle>1</BorderStyle>
		<BackColor>210,221,210</BackColor>
		<ForeColor>255,128,0</ForeColor>
		<FontSize>12</FontSize>
		<DisplaySource>K181</DisplaySource>
		<DisplayFormat>Coordinate</DisplayFormat>
	</Display>
	<Display>
		<Name>Display_Y</Name>
		<Left>324</Left>
		<Top>152</Top>
		<Height>25</Height>
		<BorderStyle>1</BorderStyle>
		<BackColor>210,221,210</BackColor>
		<ForeColor>255,128,0</ForeColor>
		<FontSize>12</FontSize>
		<DisplaySource>K182</DisplaySource>
		<DisplayFormat>Coordinate</DisplayFormat>
	</Display>
	<Display>
		<Name>Display_Z</Name>
		<Left>394</Left>
		<Top>152</Top>
		<Height>25</Height>
		<BorderStyle>1</BorderStyle>
		<BackColor>210,221,210</BackColor>
		<ForeColor>255,128,0</ForeColor>
		<FontSize>12</FontSize>
		<DisplaySource>K183</DisplaySource>
		<DisplayFormat>Coordinate</DisplayFormat>
	</Display>
	<Display>
		<Name>Display_A</Name>
		<Left>464</Left>
		<Top>152</Top>
		<Height>25</Height>
		<BorderStyle>1</BorderStyle>
		<BackColor>210,221,210</BackColor>
		<ForeColor>255,128,0</ForeColor>
		<FontSize>12</FontSize>
		<DisplaySource>K184</DisplaySource>
		<DisplayFormat>Coordinate</DisplayFormat>
	</Display>
	<Display>
		<Name>Display_C1</Name>
		<Left>254</Left>
		<Top>102</Top>
		<Height>25</Height>
		<BorderStyle>1</BorderStyle>
		<BackColor>210,221,210</BackColor>
		<ForeColor>255,128,0</ForeColor>
		<FontSize>12</FontSize>
		<DisplaySource>K101</DisplaySource>
		<DisplayFormat>Coordinate</DisplayFormat>
	</Display>
	<Display>
		<Name>Display_C2</Name>
		<Left>324</Left>
		<Top>102</Top>
		<Height>25</Height>
		<BorderStyle>1</BorderStyle>
		<BackColor>210,221,210</BackColor>
		<ForeColor>255,128,0</ForeColor>
		<FontSize>12</FontSize>
		<DisplaySource>K102</DisplaySource>
		<DisplayFormat>Coordinate</DisplayFormat>
	</Display>
	<Display>
		<Name>Display_C3</Name>
		<Left>394</Left>
		<Top>102</Top>
		<Height>25</Height>
		<BorderStyle>1</BorderStyle>
		<BackColor>210,221,210</BackColor>
		<ForeColor>255,128,0</ForeColor>
		<FontSize>12</FontSize>
		<DisplaySource>K103</DisplaySource>
		<DisplayFormat>Coordinate</DisplayFormat>
	</Display>
	<Display>
		<Name>Display_C4</Name>
		<Left>464</Left>
		<Top>102</Top>
		<Height>25</Height>
		<BorderStyle>1</BorderStyle>
		<BackColor>210,221,210</BackColor>
		<ForeColor>255,128,0</ForeColor>
		<FontSize>12</FontSize>
		<DisplaySource>K104</DisplaySource>
		<DisplayFormat>Coordinate</DisplayFormat>
	</Display>
	<Display>
		<Name>Display_C5</Name>
		<Left>534</Left>
		<Top>102</Top>
		<Height>25</Height>
		<BorderStyle>1</BorderStyle>
		<BackColor>210,221,210</BackColor>
		<ForeColor>255,128,0</ForeColor>
		<FontSize>12</FontSize>
		<DisplaySource>K105</DisplaySource>
		<DisplayFormat>Coordinate</DisplayFormat>
	</Display>
	<Display>
		<Name>Display_C6</Name>
		<Left>604</Left>
		<Top>102</Top>
		<Height>25</Height>
		<BorderStyle>1</BorderStyle>
		<BackColor>210,221,210</BackColor>
		<ForeColor>255,128,0</ForeColor>
		<FontSize>12</FontSize>
		<DisplaySource>K106</DisplaySource>
		<DisplayFormat>Coordinate</DisplayFormat>
	</Display>
	<Display>
		<Name>Display_B</Name>
		<Left>534</Left>
		<Top>152</Top>
		<Height>25</Height>
		<BorderStyle>1</BorderStyle>
		<BackColor>210,221,210</BackColor>
		<ForeColor>255,128,0</ForeColor>
		<FontSize>12</FontSize>
		<DisplaySource>K185</DisplaySource>
		<DisplayFormat>Coordinate</DisplayFormat>
	</Display>
	<Display>
		<Name>Display_C</Name>
		<Left>604</Left>
		<Top>152</Top>
		<Height>25</Height>
		<BorderStyle>1</BorderStyle>
		<BackColor>210,221,210</BackColor>
		<ForeColor>255,128,0</ForeColor>
		<FontSize>12</FontSize>
		<DisplaySource>K186</DisplaySource>
		<DisplayFormat>Coordinate</DisplayFormat>
	</Display>
	<Button>
		<Name>ButtonPageDown</Name>
		<Left>688</Left>
		<Top>178</Top>
		<Width>57</Width>
		<Height>103</Height>
		<BorderStyle>1</BorderStyle>
		<BackColor>198,238,242</BackColor>
		<FontSize>7</FontSize>
		<Caption />
		<EnterEff>True</EnterEff>
		<Enabled>True</Enabled>
		<Picture>Image\PgDn_1.jpg</Picture>
		<ButtonUp>
			<Action>Page Down</Action>
		</ButtonUp>
	</Button>
	<Button>
		<Name>Button_PageUp</Name>
		<Left>688</Left>
		<Top>67</Top>
		<Width>57</Width>
		<Height>103</Height>
		<BorderStyle>1</BorderStyle>
		<BackColor>198,238,242</BackColor>
		<FontSize>7</FontSize>
		<Caption />
		<EnterEff>True</EnterEff>
		<Enabled>True</Enabled>
		<Picture>Image\PgUp_1.jpg</Picture>
		<ButtonUp>
			<Action>Page Up</Action>
		</ButtonUp>
	</Button>
	<Label>
		<Name>Lab_MotionCmd</Name>
		<Left>12</Left>
		<Top>14</Top>
		<Width>108</Width>
		<Height>30</Height>
		<BackColor>198,238,242</BackColor>
		<ForeColor>0,0,0</ForeColor>
		<FontSize>16</FontSize>
		<Caption>STR::B:MotionCmd:Cp:Lab_MotionCmd::MotionCmd</Caption>
	</Label>
	<Label>
		<Name>Lab_Target</Name>
		<Left>146</Left>
		<Top>16</Top>
		<Width>108</Width>
		<Height>47</Height>
		<BackColor>198,238,242</BackColor>
		<ForeColor>0,0,0</ForeColor>
		<FontSize>12</FontSize>
		<Caption>STR::B:MotionCmd:Cp:Lab_Target::Target</Caption>
	</Label>
	<Label>
		<Name>Lab_SMOOTH</Name>
		<Left>474</Left>
		<Top>17</Top>
		<Width>98</Width>
		<Height>46</Height>
		<BackColor>198,238,242</BackColor>
		<ForeColor>0,0,0</ForeColor>
		<FontSize>12</FontSize>
		<Caption>STR::B:MotionCmd:Cp:Lab_SMOOTH::SMOOTH</Caption>
	</Label>
	<Label>
		<Name>Lab_FJFL</Name>
		<Left>7</Left>
		<Top>237</Top>
		<Width>64</Width>
		<Height>25</Height>
		<BackColor>198,238,242</BackColor>
		<ForeColor>0,128,64</ForeColor>
		<FontSize>12</FontSize>
		<Caption>FL</Caption>
	</Label>
	<Label>
		<Name>Lab_UnitFJFL</Name>
		<Left>94</Left>
		<Top>277</Top>
		<Width>46</Width>
		<Height>25</Height>
		<BackColor>198,238,242</BackColor>
		<ForeColor>0,128,64</ForeColor>
		<Alignment>0</Alignment>
		<Caption>mm / s</Caption>
	</Label>
	<Label>
		<Name>Lab_unitPQ</Name>
		<Left>720</Left>
		<Top>20</Top>
		<Width>30</Width>
		<Height>30</Height>
		<BackColor>198,238,242</BackColor>
		<VisibleRule>(@60098eq2)</VisibleRule>
		<FontSize>14</FontSize>
		<Caption>mm</Caption>
	</Label>
		<Label>
		<Name>Lab_unitPR</Name>
		<Left>720</Left>
		<Top>20</Top>
		<Width>30</Width>
		<Height>30</Height>
		<BackColor>198,238,242</BackColor>
		<VisibleRule>(@60098eq3)</VisibleRule>
		<FontSize>14</FontSize>
		<Caption>deg</Caption>
	</Label>
	<Input>
		<Name>Inp_SpeedFJFL</Name>
		<Left>12</Left>
		<Top>267</Top>
		<Width>80</Width>
		<Height>35</Height>
		<BorderStyle>1</BorderStyle>
		<BackColor>210,221,210</BackColor>
		<ForeColor>0,0,0</ForeColor>
		<FontSize>12</FontSize>
		<Alignment>1</Alignment>
		<InputRange>1~999999</InputRange>
		<EmptyVal>accept</EmptyVal>
	</Input>
	<Button>
		<Name>Button_Confirm</Name>
		<Left>680</Left>
		<Top>315</Top>
		<Width>95</Width>
		<Height>55</Height>
		<BorderStyle>1</BorderStyle>
		<BackColor>157,173,210</BackColor>
		<ForeColor>0,0,0</ForeColor>
		<FontSize>12</FontSize>
		<Caption>STR::B:MotionCmd:Cp:Button_Confirm::Confirm</Caption>
		<EnterEff>True</EnterEff>
		<Enabled>True</Enabled>
		<ButtonUp>
			<Action>ConfirmBtnDown</Action>
		</ButtonUp>
	</Button>
	<Button>
		<Name>Button_Cancel</Name>
		<Left>680</Left>
		<Top>381</Top>
		<Width>95</Width>
		<Height>55</Height>
		<BorderStyle>1</BorderStyle>
		<BackColor>157,173,210</BackColor>
		<ForeColor>0,0,0</ForeColor>
		<FontSize>12</FontSize>
		<Caption>STR::B:MotionCmd:Cp:Button_Cancel::Cancel</Caption>
		<EnterEff>True</EnterEff>
		<Enabled>True</Enabled>
		<ButtonUp>
			<Action>CancelBtnDown</Action>
		</ButtonUp>
	</Button>
	<Button>
		<Name>Btn_CurCoord</Name>
		<Left>179</Left>
		<Top>77</Top>
		<Width>75</Width>
		<Height>100</Height>
		<BorderStyle>1</BorderStyle>
		<BackColor>210,221,210</BackColor>
		<FontSize>12</FontSize>
		<Caption>STR::B:MotionCmd:Cp:Btn_CurCoord::CurCoord</Caption>
		<EnterEff>True</EnterEff>
		<Enabled>True</Enabled>
	</Button>
	<Button>
		<Name>Btn_Table1</Name>
		<Left>179</Left>
		<Top>177</Top>
		<Width>75</Width>
		<Height>50</Height>
		<BorderStyle>1</BorderStyle>
		<BackColor>210,221,210</BackColor>
		<Visible>False</Visible>
		<FontSize>12</FontSize>
		<Caption />
		<EnterEff>True</EnterEff>
		<Enabled>True</Enabled>
	</Button>
	<Button>
		<Name>Btn_Table2</Name>
		<Left>179</Left>
		<Top>227</Top>
		<Width>75</Width>
		<Height>50</Height>
		<BorderStyle>1</BorderStyle>
		<BackColor>210,221,210</BackColor>
		<Visible>False</Visible>
		<FontSize>12</FontSize>
		<Caption />
		<EnterEff>True</EnterEff>
		<Enabled>True</Enabled>
	</Button>
	<Button>
		<Name>Btn_Table3</Name>
		<Left>179</Left>
		<Top>277</Top>
		<Width>75</Width>
		<Height>50</Height>
		<BorderStyle>1</BorderStyle>
		<BackColor>210,221,210</BackColor>
		<Visible>False</Visible>
		<FontSize>12</FontSize>
		<Caption />
		<EnterEff>True</EnterEff>
		<Enabled>True</Enabled>
	</Button>
	<Button>
		<Name>Btn_Table4</Name>
		<Left>179</Left>
		<Top>327</Top>
		<Width>75</Width>
		<Height>50</Height>
		<BorderStyle>1</BorderStyle>
		<BackColor>210,221,210</BackColor>
		<Visible>False</Visible>
		<FontSize>12</FontSize>
		<Caption />
		<EnterEff>True</EnterEff>
		<Enabled>True</Enabled>
	</Button>
	<Button>
		<Name>Btn_Table5</Name>
		<Left>179</Left>
		<Top>377</Top>
		<Width>75</Width>
		<Height>50</Height>
		<BorderStyle>1</BorderStyle>
		<BackColor>210,221,210</BackColor>
		<Visible>False</Visible>
		<FontSize>12</FontSize>
		<Caption />
		<EnterEff>True</EnterEff>
		<Enabled>True</Enabled>
	</Button>
	<Label>
		<Name>Lab1</Name>
		<Left>149</Left>
		<Top>177</Top>
		<Width>27</Width>
		<Height>50</Height>
		<BackColor>210,221,210</BackColor>
		<ForeColor>0,128,64</ForeColor>
		<FontSize>12</FontSize>
		<Caption />
	</Label>
	<Label>
		<Name>Lab2</Name>
		<Left>149</Left>
		<Top>227</Top>
		<Width>27</Width>
		<Height>50</Height>
		<BackColor>210,221,210</BackColor>
		<ForeColor>0,128,64</ForeColor>
		<FontSize>12</FontSize>
		<Caption />
	</Label>
	<Label>
		<Name>Lab3</Name>
		<Left>149</Left>
		<Top>277</Top>
		<Width>27</Width>
		<Height>50</Height>
		<BackColor>210,221,210</BackColor>
		<ForeColor>0,128,64</ForeColor>
		<FontSize>12</FontSize>
		<Caption />
	</Label>
	<Label>
		<Name>Lab4</Name>
		<Left>149</Left>
		<Top>327</Top>
		<Width>27</Width>
		<Height>50</Height>
		<BackColor>210,221,210</BackColor>
		<ForeColor>0,128,64</ForeColor>
		<FontSize>12</FontSize>
		<Caption />
	</Label>
	<Label>
		<Name>Lab5</Name>
		<Left>149</Left>
		<Top>377</Top>
		<Width>27</Width>
		<Height>50</Height>
		<BackColor>210,221,210</BackColor>
		<ForeColor>0,128,64</ForeColor>
		<FontSize>12</FontSize>
		<Caption />
	</Label>
	<Button>
		<Name>Button_MoveL</Name>
		<Left>22</Left>
		<Top>170</Top>
		<Width>96</Width>
		<Height>49</Height>
		<BorderStyle>1</BorderStyle>
		<BackColor>255,255,0</BackColor>
		<ForeColor>0,128,64</ForeColor>
		<FontSize>12</FontSize>
		<Caption>STR::B:MotionCmd:Cp:Button_MoveL::MOVL</Caption>
		<EnterEff>True</EnterEff>
		<Enabled>True</Enabled>
		<ButtonUp>
			<Action>MoveLBtnDown</Action>
		</ButtonUp>
	</Button>
	<Button>
		<Name>Button_MoveJ</Name>
		<Left>23</Left>
		<Top>114</Top>
		<Width>96</Width>
		<Height>49</Height>
		<BorderStyle>1</BorderStyle>
		<BackColor>210,221,210</BackColor>
		<ForeColor>0,128,64</ForeColor>
		<FontSize>12</FontSize>
		<Caption>STR::B:MotionCmd:Cp:Button_MoveJ::MOVJ</Caption>
		<EnterEff>True</EnterEff>
		<Enabled>True</Enabled>
		<ButtonUp>
			<Action>MoveJBtnDown</Action>
		</ButtonUp>
	</Button>
	<Button>
		<Name>Button_MoveC</Name>
		<Left>23</Left>
		<Top>58</Top>
		<Width>96</Width>
		<Height>49</Height>
		<BorderStyle>1</BorderStyle>
		<BackColor>210,221,210</BackColor>
		<ForeColor>0,128,64</ForeColor>
		<FontSize>12</FontSize>
		<Caption>STR::B:MotionCmd:Cp:Button_MoveC::MOVC</Caption>
		<EnterEff>True</EnterEff>
		<Enabled>True</Enabled>
		<ButtonUp>
			<Action>MoveCBtnDown</Action>
		</ButtonUp>
	</Button>
	<Button>
		<Name>Btn_CircleMidPt</Name>
		<Left>262</Left>
		<Top>16</Top>
		<Width>108</Width>
		<Height>47</Height>
		<BorderStyle>1</BorderStyle>
		<BackColor>255,192,192</BackColor>
		<Visible>False</Visible>
		<ForeColor>0,0,0</ForeColor>
		<FontSize>12</FontSize>
		<Caption>STR::B:MotionCmd:Cp:Btn_CircleMidPt::CircleMidPt</Caption>
		<EnterEff>True</EnterEff>
		<Enabled>True</Enabled>
		<Button3D>True</Button3D>
		<Level3D>4</Level3D>
		<ButtonUp>
			<Action>MiddlePointDown</Action>
		</ButtonUp>
	</Button>
	<Button>
		<Name>Btn_CircleEndPt</Name>
		<Left>378</Left>
		<Top>16</Top>
		<Width>108</Width>
		<Height>47</Height>
		<BorderStyle>1</BorderStyle>
		<BackColor>210,221,210</BackColor>
		<Visible>False</Visible>
		<ForeColor>0,128,64</ForeColor>
		<FontSize>12</FontSize>
		<Caption>STR::B:MotionCmd:Cp:Btn_CircleEndPt::CircleEndPt</Caption>
		<EnterEff>True</EnterEff>
		<Enabled>True</Enabled>
		<Button3D>True</Button3D>
		<Level3D>4</Level3D>
		<ButtonUp>
			<Action>EndPointDown</Action>
		</ButtonUp>
	</Button>
	<Label>
		<Name>Lab_FR</Name>
		<Left>6</Left>
		<Top>307</Top>
		<Width>64</Width>
		<Height>25</Height>
		<BackColor>198,238,242</BackColor>
		<ForeColor>0,128,64</ForeColor>
		<FontSize>12</FontSize>
		<Caption>FR</Caption>
	</Label>
	<Label>
		<Name>Lab_UnitFR</Name>
		<Left>93</Left>
		<Top>345</Top>
		<Width>46</Width>
		<Height>25</Height>
		<BackColor>198,238,242</BackColor>
		<ForeColor>0,128,64</ForeColor>
		<Alignment>0</Alignment>
		<Caption>deg / s</Caption>
	</Label>
	<Input>
		<Name>Inp_SPEEDFR</Name>
		<Left>11</Left>
		<Top>335</Top>
		<Width>80</Width>
		<Height>35</Height>
		<BorderStyle>1</BorderStyle>
		<BackColor>210,221,210</BackColor>
		<ForeColor>0,0,0</ForeColor>
		<FontSize>12</FontSize>
		<Alignment>1</Alignment>
		<InputRange>1~180</InputRange>
		<EmptyVal>accept</EmptyVal>
	</Input>
	<CE_ShowScrollBar />
	<CE_Margin>
		<Right>50</Right>
		<Bottom>10</Bottom>
		<Left>257</Left>
		<Top>179</Top>
	</CE_Margin>
	<CE_OpMode>1</CE_OpMode>
	<Template Name="Inp_C1">
		<Input>
			<Width>70</Width>
			<Height>25</Height>
			<Alignment>2</Alignment>
			<BorderStyle>1</BorderStyle>
			<ForeColor>0,0,0</ForeColor>
			<BackColor>210,221,210</BackColor>
			<FontSize>12</FontSize>
			<InputFormat>Double:TL</InputFormat>
			<HintLabel>STR::MMI::TableHint::k</HintLabel>
		</Input>
	</Template>
	<Template Name="Inp_C2">
		<Input>
			<Width>70</Width>
			<Height>25</Height>
			<Alignment>2</Alignment>
			<BorderStyle>1</BorderStyle>
			<ForeColor>0,0,0</ForeColor>
			<BackColor>210,221,210</BackColor>
			<FontSize>12</FontSize>
			<InputFormat>Double:TL</InputFormat>
			<HintLabel>STR::MMI::TableHint::Axis</HintLabel>
		</Input>
	</Template>
	<Template Name="Inp_C3">
		<Input>
			<Width>70</Width>
			<Height>25</Height>
			<Alignment>2</Alignment>
			<BorderStyle>1</BorderStyle>
			<ForeColor>0,0,0</ForeColor>
			<BackColor>210,221,210</BackColor>
			<FontSize>12</FontSize>
			<HintLabel>STR::MMI::TableHint::F1</HintLabel>
			<InputFormat>Double:TL</InputFormat>
		</Input>
	</Template>
	<Template Name="Inp_C4">
		<Input>
			<Width>70</Width>
			<Height>25</Height>
			<Alignment>2</Alignment>
			<BorderStyle>1</BorderStyle>
			<ForeColor>0,0,0</ForeColor>
			<BackColor>210,221,210</BackColor>
			<FontSize>12</FontSize>
			<HintLabel>STR::MMI::TableHint::F2</HintLabel>
			<InputFormat>Double:TL</InputFormat>
		</Input>
	</Template>
	<Template Name="Inp_C5">
		<Input>
			<Width>70</Width>
			<Height>25</Height>
			<Alignment>2</Alignment>
			<BorderStyle>1</BorderStyle>
			<ForeColor>0,0,0</ForeColor>
			<BackColor>210,221,210</BackColor>
			<FontSize>12</FontSize>
			<InputFormat>Double:TL</InputFormat>
			<HintLabel>STR::MMI::TableHint::PROB</HintLabel>
		</Input>
	</Template>
	<Template Name="Inp_C6">
		<Input>
			<Width>70</Width>
			<Height>25</Height>
			<Alignment>2</Alignment>
			<BorderStyle>1</BorderStyle>
			<ForeColor>0,0,0</ForeColor>
			<BackColor>210,221,210</BackColor>
			<FontSize>12</FontSize>
			<HintLabel>STR::MMI::TableHint::T</HintLabel>
			<InputFormat>Double:TL</InputFormat>
		</Input>
	</Template>
	<Template Name="Inp_X">
		<Input>
			<Width>70</Width>
			<Height>25</Height>
			<Alignment>2</Alignment>
			<BorderStyle>1</BorderStyle>
			<ForeColor>0,0,0</ForeColor>
			<BackColor>210,221,210</BackColor>
			<FontSize>12</FontSize>
			<HintLabel>STR::MMI::TableHint::J</HintLabel>
			<InputFormat>Double:TL</InputFormat>
		</Input>
	</Template>
	<Template Name="Inp_Y">
		<Input>
			<Width>70</Width>
			<Height>25</Height>
			<Alignment>2</Alignment>
			<BorderStyle>1</BorderStyle>
			<ForeColor>0,0,0</ForeColor>
			<BackColor>210,221,210</BackColor>
			<FontSize>12</FontSize>
			<HintLabel>STR::MMI::TableHint::L</HintLabel>
			<InputFormat>Double:TL</InputFormat>
		</Input>
	</Template>
	<Template Name="Inp_Z">
		<Input>
			<Width>70</Width>
			<Height>25</Height>
			<Alignment>2</Alignment>
			<BorderStyle>1</BorderStyle>
			<ForeColor>0,0,0</ForeColor>
			<BackColor>210,221,210</BackColor>
			<FontSize>12</FontSize>
			<HintLabel>STR::MMI::TableHint::Sup</HintLabel>
			<InputFormat>Double:TL</InputFormat>
		</Input>
	</Template>
	<Template Name="Inp_A">
		<Input>
			<Width>70</Width>
			<Height>25</Height>
			<Alignment>2</Alignment>
			<BorderStyle>1</BorderStyle>
			<ForeColor>0,0,0</ForeColor>
			<BackColor>210,221,210</BackColor>
			<FontSize>12</FontSize>
			<HintLabel>STR::MMI::TableHint::J</HintLabel>
			<InputFormat>Double:TL</InputFormat>
		</Input>
	</Template>
	<Template Name="Inp_B">
		<Input>
			<Width>70</Width>
			<Height>25</Height>
			<Alignment>2</Alignment>
			<BorderStyle>1</BorderStyle>
			<ForeColor>0,0,0</ForeColor>
			<BackColor>210,221,210</BackColor>
			<FontSize>12</FontSize>
			<HintLabel>STR::MMI::TableHint::L</HintLabel>
			<InputFormat>Double:TL</InputFormat>
		</Input>
	</Template>
	<Template Name="Inp_CC">
		<Input>
			<Width>70</Width>
			<Height>25</Height>
			<Alignment>2</Alignment>
			<BorderStyle>1</BorderStyle>
			<ForeColor>0,0,0</ForeColor>
			<BackColor>210,221,210</BackColor>
			<FontSize>12</FontSize>
			<HintLabel>STR::MMI::TableHint::Sup</HintLabel>
			<InputFormat>Double:TL</InputFormat>
		</Input>
	</Template>
	<ListInput>
		<Name>ListPLQR</Name>
		<Left>558</Left>
		<Top>25</Top>
		<Width>67</Width>
		<Height>34</Height>
		<FontSize>12</FontSize>
		<ListItems>
			<Item>
				<ItemCaption>PL</ItemCaption>
				<ItemValue>1</ItemValue>
			</Item>
			<Item>
				<ItemCaption>PQ</ItemCaption>
				<ItemValue>2</ItemValue>
			</Item>
			<Item>
				<ItemCaption>PR</ItemCaption>
				<ItemValue>3</ItemValue>
			</Item>
		</ListItems>
		<InputStorage>@60098</InputStorage>
	</ListInput>
	<ListInput>
		<Name>ListPL</Name>
		<Left>558</Left>
		<Top>25</Top>
		<Width>67</Width>
		<Height>34</Height>
		<FontSize>12</FontSize>
		<ListItems>
			<Item>
				<ItemCaption>PL</ItemCaption>
				<ItemValue>1</ItemValue>
			</Item>
		</ListItems>
		<InputStorage>@60098</InputStorage>
	</ListInput>
	<Input>
		<Name>Inp_PLQR</Name>
		<Left>634</Left>
		<Top>25</Top>
		<Width>80</Width>
		<Height>35</Height>
		<BorderStyle>1</BorderStyle>
		<BackColor>210,221,210</BackColor>
		<ForeColor>0,0,0</ForeColor>
		<FontSize>12</FontSize>
		<Alignment>1</Alignment>
		<InputRange>0~999999</InputRange>
		<EmptyVal>accept</EmptyVal>
		<VisibleRule>(@60098ne1)</VisibleRule>
		<InputFormat>Double:3F</InputFormat>
	</Input>
	<Input>
		<Name>Inp_PL</Name>
		<Left>634</Left>
		<Top>25</Top>
		<Width>80</Width>
		<Height>35</Height>
		<BorderStyle>1</BorderStyle>
		<BackColor>210,221,210</BackColor>
		<ForeColor>0,0,0</ForeColor>
		<FontSize>12</FontSize>
		<Alignment>1</Alignment>
		<InputRange>0~10</InputRange>
		<EmptyVal>accept</EmptyVal>
		<VisibleRule>(@60098eq1)</VisibleRule>
	</Input>
	<Input>
		<Name>Inp_FJ</Name>
		<Left>12</Left>
		<Top>267</Top>
		<Width>80</Width>
		<Height>35</Height>
		<BorderStyle>1</BorderStyle>
		<BackColor>210,221,210</BackColor>
		<ForeColor>0,0,0</ForeColor>
		<FontSize>12</FontSize>
		<Alignment>1</Alignment>
		<InputRange>0.01~100</InputRange>
		<EmptyVal>accept</EmptyVal>
	</Input>
	<Button>
		<Name>Btn_GoToExtAxisCmdPanel</Name>
		<Left>12</Left>
		<Top>385</Top>
		<Width>96</Width>
		<Height>49</Height>
		<BackColor>210,221,210</BackColor>
		<ForeColor>0,128,64</ForeColor>
		<FontSize>12</FontSize>
		<Caption>STR::B:MotionCmd:Cp:Btn_GoToExtAxisCmdPanel::ExtAxis</Caption>
		<EnterEff>True</EnterEff>
		<Enabled>False</Enabled>
		<Button3D>True</Button3D>
		<ButtonUp>
			<Action>ExtMotionCmdPopup</Action>
		</ButtonUp>
	</Button>
</Screen>