﻿<?xml version="1.0" encoding="UTF-8"?>
<!--Created by 'eHMI'version2.2.37-->
<!--BROWSER SIZE|H:525|W:800-->
<Screen Type="Syntec.CycleEditor">
  <Name>MainF3</Name>
  <Width>800</Width>
  <Height>470</Height>
  <Panel>
    <Left>0</Left>
    <Top>0</Top>
    <Width>800</Width>
    <Height>525</Height>
    <Name>Pan_MainF3</Name>
    <Caption>
    </Caption>
  </Panel>
  <Panel>
    <Left>399</Left>
    <Top>2</Top>
    <Width>185</Width>
    <Height>26</Height>
    <Name>Pan_Override</Name>
    <BackColor>210,221,210</BackColor>
    <Caption>
    </Caption>
  </Panel>
  <Panel>
    <Left>4</Left>
    <Top>2</Top>
    <Width>185</Width>
    <Height>26</Height>
    <Name>Pan_FeedL</Name>
    <BackColor>210,221,210</BackColor>
    <Caption>
    </Caption>
  </Panel>
 	<Label>
		<Name>Lab_Step</Name>
		<Left>4</Left>
		<Top>130</Top>
		<Width>40</Width>
		<Height>30</Height>
		<BorderStyle>2</BorderStyle>
		<BackColor>210,221,210</BackColor>
		<ForeColor>0,128,64</ForeColor>
		<FontSize>14</FontSize>
		<Caption>STR::B:MainF3:Cp:Lab_Step::Step</Caption>
		<BorderColor>0,0,0</BorderColor>
	</Label>
	<Label>
		<Name>Lab_Act</Name>
		<Left>44</Left>
		<Top>130</Top>
		<Width>120</Width>
		<Height>30</Height>
		<BorderStyle>2</BorderStyle>
		<BackColor>210,221,210</BackColor>
		<ForeColor>0,128,64</ForeColor>
		<FontSize>14</FontSize>
		<Caption>STR::B:MainF3:Cp:Lab_Act::Act</Caption>
		<BorderColor>0,0,0</BorderColor>
	</Label>
	<Label>
		<Name>Lab_Param</Name>
		<Left>162</Left>
		<Top>130</Top>
		<Width>360</Width>
		<Height>30</Height>
		<BorderStyle>2</BorderStyle>
		<BackColor>210,221,210</BackColor>
		<ForeColor>0,128,64</ForeColor>
		<FontSize>14</FontSize>
		<Caption>STR::B:MainF3:Cp:Lab_Param::Param</Caption>
		<BorderColor>0,0,0</BorderColor>
	</Label>
	<Label>
		<Name>Lab_FJLR</Name>
		<Left>522</Left>
		<Top>130</Top>
		<Width>100</Width>
		<Height>30</Height>
		<BorderStyle>2</BorderStyle>
		<BackColor>210,221,210</BackColor>
		<ForeColor>0,128,64</ForeColor>
		<FontSize>14</FontSize>
		<Caption>FJ/FL/FR</Caption>
		<BorderColor>0,0,0</BorderColor>
	</Label>
	<Label>
		<Name>Lab_FSmooth</Name>
		<Left>622</Left>
		<Top>130</Top>
		<Width>100</Width>
		<Height>30</Height>
		<BorderStyle>2</BorderStyle>
		<BackColor>210,221,210</BackColor>
		<ForeColor>0,128,64</ForeColor>
		<FontSize>14</FontSize>
		<Caption>PL/PQ/PR</Caption>
		<BorderColor>0,0,0</BorderColor>
	</Label>
  <Button>
    <Left>720</Left>
    <Top>156</Top>
    <Height>103</Height>
    <Width>57</Width>
    <Name>Btn_Pageup</Name>
    <Picture Mres="False">Image\PgUp_1.jpg</Picture>
    <Caption>
    </Caption>
    <EnterEff>True</EnterEff>
    <Enabled>True</Enabled>
    <ButtonUp>
      <Action>Page Up</Action>
    </ButtonUp>
  </Button>
  <Button>
    <Left>720</Left>
    <Top>274</Top>
    <Height>103</Height>
    <Width>57</Width>
    <Name>Btn_PageDown</Name>
    <Picture Mres="False">Image\PgDn_1.jpg</Picture>
    <Caption>
    </Caption>
    <EnterEff>True</EnterEff>
    <Enabled>True</Enabled>
    <ButtonUp>
      <Action>Page Down</Action>
    </ButtonUp>
  </Button>
  <Button>
    <Left>704</Left>
	<Top>35</Top>
	<Width>80</Width>
	<Height>80</Height>
    <Name>Button_SaveFile</Name>
    <EnableRule>(@78000eq1)</EnableRule>
    <FontSize>18</FontSize>
    <BorderStyle>1</BorderStyle>
    <BackColor>217,217,217</BackColor>
    <Caption>STR::B:MainF3:Cp:Button_SaveFile::SaveFile</Caption>
    <EnterEff>True</EnterEff>
    <Enabled>True</Enabled>
    <ButtonUp>
      <Action>RPSaveFile</Action>
    </ButtonUp>
  </Button>
  <Button>
    <Left>371</Left>
    <Top>35</Top>
    <Height>80</Height>
    <Width>100</Width>
    <Name>Btn_Teach</Name>
    <FontSize>18</FontSize>
    <BorderStyle>1</BorderStyle>
    <BackColor>143,170,220</BackColor>
    <Caption>STR::B:MainF3:Cp:Btn_Teach::Teach</Caption>
    <Button3D>True</Button3D>
    <EnterEff>True</EnterEff>
    <Enabled>True</Enabled>
	<EnableRule>(R13ne2AND@78000ne2)</EnableRule>
    <Level3D>4</Level3D>
    <ButtonDown>
      <Action>PopUpXml_TeachingPopup.xml_W=210_H=355_X=371_Y=145_T=0</Action>
    </ButtonDown>
    <ButtonUp>
      <Action>DoExitPopupWithoutFenu</Action>
    </ButtonUp>
  </Button>
  <Button>
    <Left>585</Left>
    <Top>35</Top>
    <Height>80</Height>
    <Width>100</Width>
    <Name>Btn_Monitor</Name>
    <FontSize>18</FontSize>
    <BorderStyle>1</BorderStyle>
    <BackColor>143,170,220</BackColor>
    <Caption>STR::B:MainF3:Cp:Btn_Monitor::Monitor</Caption>
    <Button3D>True</Button3D>
    <EnterEff>True</EnterEff>
    <Enabled>True</Enabled>
    <Level3D>4</Level3D>
	    <ButtonDown>
      <Action>PopUpXml_MonitorPopup.xml_W=110_H=210_X=585_Y=145_T=0</Action>
    </ButtonDown>
    <ButtonUp>
      <Action>DoExitPopupWithoutFenu</Action>
    </ButtonUp>
  </Button>
  <Button>
    <Left>478</Left>
    <Top>35</Top>
    <Height>80</Height>
    <Width>100</Width>
    <Name>Btn_EditStep</Name>
    <FontSize>18</FontSize>
    <BorderStyle>1</BorderStyle>
    <BackColor>143,170,220</BackColor>
    <Caption>STR::B:MainF3:Cp:Btn_EditStep::EditStep</Caption>
    <Button3D>True</Button3D>
    <EnterEff>True</EnterEff>
    <Enabled>True</Enabled>
	<EnableRule>(R13ne2AND@78000ne2)</EnableRule>
    <Level3D>4</Level3D>
	    <ButtonDown>
      <Action>PopUpXml_EditStepPopup.xml_W=110_H=160_X=478_Y=145_T=0</Action>
    </ButtonDown>
    <ButtonUp>
      <Action>DoExitPopupWithoutFenu</Action>
    </ButtonUp>
  </Button>
  <Button>
    <Left>12</Left>
    <Top>35</Top>
    <Height>80</Height>
    <Width>100</Width>
    <Name>Btn_Origin</Name>
    <FontSize>18</FontSize>
    <BorderStyle>1</BorderStyle>
    <BackColor>255,192,192</BackColor>
    <Caption>STR::B:MainF3:Cp:Btn_Origin::Origin</Caption>
    <Button3D>True</Button3D>
    <EnterEff>True</EnterEff>
    <Enabled>True</Enabled>
    <Level3D>4</Level3D>
    <ButtonUp>
      <Action>PopUpXml_BackToHome.xml_W=360_H=240_X=200_Y=180_T=0</Action>
    </ButtonUp>
  </Button>
  <Button>
    <Left>140</Left>
    <Top>39</Top>
    <Height>70</Height>
    <Width>100</Width>
    <Name>Btn_FileMgr</Name>
    <EnableRule>(R13ne2AND@78000ne2)</EnableRule>
    <FontSize>18</FontSize>
    <BorderStyle>1</BorderStyle>
    <BackColor>189,215,238</BackColor>
    <Caption>STR::B:MainF3:Cp:Btn_FileMgr::FileMgr</Caption>
    <EnterEff>True</EnterEff>
    <Enabled>True</Enabled>
    <ButtonUp>
      <Actions>
        <Action>CUSTOMFILE_CYCLE1</Action>
        <Action>SavingCurFile</Action>
		<Action>CUSTOMFENU_ProgFile</Action>
        <Action>CustomXML_CustomFileSystem_A=ROBOTPROGRAMLOAD,CUSTOMFENU_main</Action>
      </Actions>
    </ButtonUp>
  </Button>
  <Button>
    <Left>252</Left>
    <Top>39</Top>
    <Height>70</Height>
    <Width>100</Width>
    <Name>Btn_Macro</Name>
    <FontSize>18</FontSize>
    <BorderStyle>1</BorderStyle>
    <BackColor>189,215,238</BackColor>
    <Caption>STR::B:MainF3:Cp:Btn_Macro::Macro</Caption>
    <EnterEff>True</EnterEff>
    <Enabled>True</Enabled>
    <ButtonUp>
      <Action>SavingCurFile</Action>
      <pwd>
        <value>520</value>
        <cor>
          <Actions>
            <Action>CUSTOMSIP_CUSTOM_KEYPAD_STYLE_LargeKB</Action>
            <Action>ShowMenuProgram</Action>
          </Actions>
        </cor>
      </pwd>
    </ButtonUp>
  </Button>
  <Panel>
    <Left>189</Left>
    <Top>2</Top>
    <Width>210</Width>
    <Height>26</Height>
    <Name>Pan_FeedR</Name>
    <BackColor>210,221,210</BackColor>
    <Caption>
    </Caption>
  </Panel>
  <Label>
    <Left>362</Left>
    <Top>4</Top>
    <Height>22</Height>
    <Width>35</Width>
    <Name>Lab_PercentL</Name>
    <FontSize>12</FontSize>
    <ForeColor>0,128,64</ForeColor>
    <BackColor>210,221,210</BackColor>
    <Caption>STR::B:MainF3:Cp:Lab_PercentL::Percent</Caption>
  </Label>
  <Label>
    <Left>557</Left>
    <Top>4</Top>
    <Height>22</Height>
    <Width>25</Width>
    <Name>Lab_PercentOvrd</Name>
    <FontSize>12</FontSize>
    <ForeColor>0,128,64</ForeColor>
    <BackColor>210,221,210</BackColor>
    <Caption>STR::B:MainF3:Cp:Lab_PercentOvrd::Percent</Caption>
  </Label>
  <Display>
    <Left>501</Left>
    <Top>4</Top>
    <Height>22</Height>
    <Width>56</Width>
    <Name>Display_Override</Name>
    <FontSize>12</FontSize>
    <ForeColor>255,128,0</ForeColor>
    <BackColor>210,221,210</BackColor>
    <DisplaySource>R16</DisplaySource>
  </Display>
  <Label>
    <Left>401</Left>
    <Top>4</Top>
    <Height>22</Height>
    <Width>100</Width>
    <Name>Lab_Override</Name>
    <FontSize>12</FontSize>
    <ForeColor>0,128,64</ForeColor>
    <BackColor>210,221,210</BackColor>
    <Caption>STR::B:MainF3:Cp:Lab_Override::Override</Caption>
  </Label>
  <Label>
    <Left>6</Left>
    <Top>4</Top>
    <Height>22</Height>
    <Width>100</Width>
    <Name>Lab_FeedJ</Name>
    <FontSize>12</FontSize>
    <ForeColor>0,128,64</ForeColor>
    <BackColor>210,221,210</BackColor>
    <Caption>STR::B:MainF3:Cp:Lab_FeedJ::FeedJ</Caption>
  </Label>
  <Label>
    <Left>191</Left>
    <Top>4</Top>
    <Height>22</Height>
    <Width>100</Width>
    <Name>Lab_FeedL</Name>
    <FontSize>12</FontSize>
    <ForeColor>0,128,64</ForeColor>
    <BackColor>210,221,210</BackColor>
    <Caption>STR::B:MainF3:Cp:Lab_FeedL::FeedL</Caption>
  </Label>
  <Label>
    <Left>162</Left>
    <Top>4</Top>
    <Height>22</Height>
    <Width>25</Width>
    <Name>Lab_PercentJ</Name>
    <FontSize>12</FontSize>
    <ForeColor>0,128,64</ForeColor>
    <BackColor>210,221,210</BackColor>
    <Caption>STR::B:MainF3:Cp:Lab_PercentJ::Percent</Caption>
  </Label>
  <Display>
    <Left>106</Left>
    <Top>4</Top>
    <Height>22</Height>
    <Width>56</Width>
    <Name>Display_FeedJ</Name>
    <FontSize>12</FontSize>
    <ForeColor>255,128,0</ForeColor>
    <BackColor>210,221,210</BackColor>
    <DisplayFormat>Long:3F</DisplayFormat>
    <DisplaySource>R5911</DisplaySource>
  </Display>
  <Display>
    <Left>291</Left>
    <Top>4</Top>
    <Height>22</Height>
    <Width>61</Width>
    <Name>Display_FeedL</Name>
    <FontSize>12</FontSize>
    <ForeColor>255,128,0</ForeColor>
    <BackColor>210,221,210</BackColor>
    <DisplayFormat>Long:3F</DisplayFormat>
    <DisplaySource>R5912</DisplaySource>
  </Display>
  <Button>
	<Name>Btn_BackToPriorOne</Name>
	<Left>585</Left>
	<Top>2</Top>
	<Width>102</Width>
	<Height>26</Height>
	<BorderStyle>1</BorderStyle>
	<BackColor>210,220,210</BackColor>
	<Visible>False</Visible>
	<ForeColor>0,128,64</ForeColor>
	<FontSize>10</FontSize>
	<Button3D>True</Button3D>
	<Level3D>4</Level3D>
	<Caption>STR::B:MainF3:Cp:Btn_BackToPriorOne::BackToPriorOne</Caption>
	<Enabled>True</Enabled>
	<ButtonUp>
		<Actions>
			<Action>SavingCurFile</Action>
			<Action>BackToPriorProgram</Action>
		</Actions>
	</ButtonUp>
  </Button>
  <Panel>
	<Name>Pan_PriorFile</Name>
	<Left>686</Left>
	<Top>2</Top>
	<Width>250</Width>
	<Height>26</Height>
	<BackColor>210,221,210</BackColor>
	<Visible>False</Visible>
  </Panel>
  <Label>
	<Name>Lab_PriorFile</Name>
	<Left>687</Left>
	<Top>3</Top>
	<Width>113</Width>
	<Height>22</Height>
	<BackColor>210,221,210</BackColor>
	<ForeColor>255,128,0</ForeColor>
	<FontSize>12</FontSize>
	<Visible>False</Visible>
  </Label>
	<CE_Margin>
		<Left>4</Left>
		<Top>160</Top>
		<Bottom>20</Bottom>
	</CE_Margin>
	<CE_HighlighMode>1</CE_HighlighMode>
	<CE_OpMode>2</CE_OpMode>
	<CE_ShowScrollBar>0</CE_ShowScrollBar>
	<Template Name="LineHeader">
		<Label>
			<Width>40</Width>
			<Height>35</Height>
			<Alignment>2</Alignment>
			<BorderStyle>1</BorderStyle>
			<ForeColor>0,128,64</ForeColor>
			<FontSize>14</FontSize>
			<BackColor>210,221,210</BackColor>
		</Label>
	</Template>
	<Template Name="Inp_Act">
		<Input>
			<Width>120</Width>
			<Height>35</Height>
			<Alignment>2</Alignment>
			<BorderStyle>1</BorderStyle>
			<ForeColor>0,0,0</ForeColor>
			<BackColor>210,221,210</BackColor>
			<FontSize>14</FontSize>
			<InputFormat>String</InputFormat>
		</Input>
	</Template>
	<Template Name="Inp_Param">
		<Input>
			<Width>360</Width>
			<Height>35</Height>
			<Alignment>2</Alignment>
			<BorderStyle>1</BorderStyle>
			<ForeColor>0,0,0</ForeColor>
			<BackColor>210,221,210</BackColor>
			<FontSize>14</FontSize>
			<InputFormat>String</InputFormat>
		</Input>
	</Template>
	<Template Name="Inp_C1X">
		<Input>
			<Width>0</Width>
			<Height>0</Height>
			<Alignment>2</Alignment>
			<BorderStyle>1</BorderStyle>
			<ForeColor>0,0,0</ForeColor>
			<BackColor>210,221,210</BackColor>
			<InputFormat>String</InputFormat>
			<FontSize>12</FontSize>
		</Input>
	</Template>
	<Template Name="Inp_C2Y">
		<Input>
			<Width>0</Width>
			<Height>0</Height>
			<Alignment>2</Alignment>
			<BorderStyle>1</BorderStyle>
			<ForeColor>0,0,0</ForeColor>
			<BackColor>210,221,210</BackColor>
			<InputFormat>String</InputFormat>
			<FontSize>12</FontSize>
		</Input>
	</Template>
	<Template Name="Inp_C3Z">
		<Input>
			<Width>0</Width>
			<Height>0</Height>
			<Alignment>2</Alignment>
			<BorderStyle>1</BorderStyle>
			<ForeColor>0,0,0</ForeColor>
			<BackColor>210,221,210</BackColor>
			<FontSize>12</FontSize>
			<InputFormat>String</InputFormat>
		</Input>
	</Template>
	<Template Name="Inp_FJLR">
		<Input>
			<Width>100</Width>
			<Height>35</Height>
			<Alignment>2</Alignment>
			<BorderStyle>1</BorderStyle>
			<ForeColor>0,0,0</ForeColor>
			<BackColor>210,221,210</BackColor>
			<InputFormat>String</InputFormat>
			<FontSize>14</FontSize>
		</Input>
	</Template>
	<Template Name="Inp_Smooth">
		<Input>
			<Width>100</Width>
			<Height>35</Height>
			<Alignment>2</Alignment>
			<BorderStyle>1</BorderStyle>
			<ForeColor>0,0,0</ForeColor>
			<BackColor>210,221,210</BackColor>
			<InputFormat>String</InputFormat>
			<FontSize>14</FontSize>
		</Input>
	</Template>
</Screen>