<CNCParameter>
	<Subject name="SPLCA" storeType="2D" size="19">
		<Section lowbound="1" upbound="20"/>
		<Section lowbound="401" upbound="420"/>
		<Section lowbound="21" upbound="40"/>
		<Section lowbound="61" upbound="80"/>
		<Section lowbound="121" upbound="159" interval="2"/>
		<Section lowbound="122" upbound="160" interval="2"/>
		<Section lowbound="161" upbound="180"/>
		<Section lowbound="461" upbound="480"/>
		<Section lowbound="481" upbound="500"/>
		<Section lowbound="821" upbound="840"/>
		<Section lowbound="841" upbound="860"/>
		<Section lowbound="861" upbound="880"/>
		<Section lowbound="881" upbound="900"/>
		<Section lowbound="901" upbound="901"/>
		<Section lowbound="921" upbound="921"/>
		<Section lowbound="961" upbound="980"/>
		<Section lowbound="981" upbound="981"/>
		<Section lowbound="2401" upbound="2439" interval="2"/>
		<Section lowbound="2402" upbound="2440" interval="2"/>
	</Subject>
</CNCParameter>
