﻿<?xml version="1.0" encoding="UTF-8"?>
<!--Created by 'eHMI'version2.2.24-->
<!--BROWSER SIZE|H:470|W:800-->
<Screen>
  <Name>ProgramEditor.xml</Name>
  <Panel>
    <Left>0</Left>
    <Top>25</Top>
    <Width>800</Width>
    <Height>445</Height>
    <Name>Pan_SingleText</Name>
    <Caption>
    </Caption>
  </Panel>
  <Panel>
    <Left>0</Left>
    <Top>25</Top>
    <Width>400</Width>
    <Height>445</Height>
    <Name>Pan_Text1</Name>
  </Panel>
  <Panel>
    <Left>400</Left>
    <Top>25</Top>
    <Width>400</Width>
    <Height>445</Height>
    <Name>Pan_Text2</Name>
  </Panel>
  <OCText>
    <Left>0</Left>
    <Top>25</Top>
    <Width>800</Width>
    <Height>445</Height>
    <Name>ScrProgramEditor_Txt1</Name>
    <ForeColor>51, 204, 102</ForeColor>
    <BackColor>0,0,0</BackColor>
    <FileSource>L4040</FileSource>
  </OCText>
  <OCText>
    <Left>0</Left>
    <Top>25</Top>
    <Width>800</Width>
    <Height>445</Height>
    <Name>ScrProgramEditor_Txt2</Name>
    <ForeColor>51, 204, 102</ForeColor>
    <BackColor>0,0,0</BackColor>
    <FileSource>L4040</FileSource>
  </OCText>
  <Label>
    <Left>0</Left>
    <Top>0</Top>
    <Height>25</Height>
    <Width>400</Width>
    <Name>lbl_Text1</Name>
    <FontSize>11</FontSize>
    <Alignment>0</Alignment>
    <BorderStyle>1</BorderStyle>
    <ForeColor>255,255,255</ForeColor>
    <BackColor>0,0,0</BackColor>
    <Caption>
    </Caption>
  </Label>
  <Label>
    <Left>400</Left>
    <Top>0</Top>
    <Height>25</Height>
    <Width>400</Width>
    <Name>lbl_Text2</Name>
    <FontSize>11</FontSize>
    <Alignment>0</Alignment>
    <BorderStyle>1</BorderStyle>
    <ForeColor>255,255,255</ForeColor>
    <BackColor>0,0,0</BackColor>
    <Caption>
    </Caption>
  </Label>
</Screen>