<?xml version="1.0" encoding="utf-8"?>
<!--BROWSER SIZE|H:470|W:800-->
<Screen>
	<Name>SerialParamSelect</Name>
	<Panel>
		<Name>Pan_SelectItem</Name>
		<Left>0</Left>
		<Top>0</Top>
		<Width>800</Width>
		<Height>470</Height>
		<BorderStyle>0</BorderStyle>
		<BackColor>192,192,192</BackColor>
		<Depth>4</Depth>
		<Alignment>2</Alignment>
		<Caption />
	</Panel>
	<Panel>
		<Name>Pan_SplitLine</Name>
		<Left>399</Left>
		<Top>30</Top>
		<Width>2</Width>
		<Height>410</Height>
		<BorderStyle>0</BorderStyle>
		<BackColor>128,128,128</BackColor>
		<Depth>3</Depth>
		<Alignment>2</Alignment>
		<Caption />
	</Panel>
	<Label>
		<Name>Lab_GuideMsg</Name>
		<Left>31</Left>
		<Top>70</Top>
		<Width>340</Width>
		<Height>30</Height>
		<BorderStyle>0</BorderStyle>
		<BackColor>192,192,192</BackColor>
		<Depth>2</Depth>
		<FontSize>14</FontSize>
		<Alignment>0</Alignment>
		<Caption>STR::MMI::SerialParamSelect::GuideMsg</Caption>
	</Label>
	<Label>
		<Name>Lab_AxisInfoMsg</Name>
		<Left>420</Left>
		<Top>70</Top>
		<Width>143</Width>
		<Height>30</Height>
		<BorderStyle>0</BorderStyle>
		<BackColor>192,192,192</BackColor>
		<Depth>1</Depth>
		<FontSize>14</FontSize>
		<Alignment>1</Alignment>
		<Caption>STR::MMI::SerialParamSelect::AxisInfoMsg</Caption>
	</Label>
	<Label Role="HintLabel">
		<Name>Lab_AxisInfoContent</Name>
		<Left>574</Left>
		<Top>70</Top>
		<Width>180</Width>
		<Height>30</Height>
		<BorderStyle>0</BorderStyle>
		<BackColor>192,192,192</BackColor>
		<Depth>0</Depth>
		<FontSize>14</FontSize>
		<Alignment>0</Alignment>
		<Caption>AxisInfoContent</Caption>
	</Label>
	<Group>
		<Name>SerialServoType</Name>
		<BorderStyle>0</BorderStyle>
		<Radio>
			<Name>RB_ServoType0</Name>
			<Left>70</Left>
			<Top>140</Top>
			<Width>300</Width>
			<Height>34</Height>
			<FontSize>12</FontSize>
			<BackColor>192,192,192</BackColor>
			<Caption>RadioBox</Caption>
			<HintLabel>N\A</HintLabel>
		</Radio>
		<Radio>
			<Name>RB_ServoType1</Name>
			<Left>70</Left>
			<Top>190</Top>
			<Width>300</Width>
			<Height>39</Height>
			<FontSize>12</FontSize>
			<BackColor>192,192,192</BackColor>
			<Caption>RadioBox</Caption>
			<HintLabel>N\A</HintLabel>
		</Radio>
		<Radio>
			<Name>RB_ServoType2</Name>
			<Left>70</Left>
			<Top>240</Top>
			<Width>300</Width>
			<Height>39</Height>
			<FontSize>12</FontSize>
			<BackColor>192,192,192</BackColor>
			<Caption>RadioBox</Caption>
			<HintLabel>N\A</HintLabel>
		</Radio>
		<Radio>
			<Name>RB_ServoType3</Name>
			<Left>70</Left>
			<Top>290</Top>
			<Width>300</Width>
			<Height>39</Height>
			<FontSize>12</FontSize>
			<BackColor>192,192,192</BackColor>
			<Caption>RadioBox</Caption>
			<HintLabel>N\A</HintLabel>
		</Radio>
		<Radio>
			<Name>RB_ServoType4</Name>
			<Left>70</Left>
			<Top>340</Top>
			<Width>300</Width>
			<Height>39</Height>
			<FontSize>12</FontSize>
			<BackColor>192,192,192</BackColor>
			<Caption>RadioBox</Caption>
			<HintLabel>N\A</HintLabel>
		</Radio>
		<MutexRule>
			<Item>
				<Name>RB_ServoType0</Name>
				<Name>RB_ServoType1</Name>
				<Name>RB_ServoType2</Name>
				<Name>RB_ServoType3</Name>
				<Name>RB_ServoType4</Name>
			</Item>
		</MutexRule>
	</Group>
</Screen>