﻿<?xml version="1.0" encoding="UTF-8"?>
<Screen>
	<Name>SRI_ComPortParam</Name>
	<Panel>
		<Name>Pan_SRIComPortParam</Name>
		<Top>1</Top>
		<Left>0</Left>
		<Width>800</Width>
		<Height>470</Height>
		<ForeColor>0,0,0</ForeColor>
		<BorderColor>128,128,128</BorderColor>
		<BackColor>192,192,192</BackColor>
	</Panel>
	<!-- Split line -->
	<Panel>
		<Name>Pan_Sp</Name>
		<Left>25</Left>
		<Top>80</Top>
		<Width>750</Width>
		<Height>1</Height>
		<BorderStyle>1</BorderStyle>
		<BorderColor>100,100,100</BorderColor>
		<BackColor>192,192,192</BackColor>
		<BorderStytle>1</BorderStytle>
	</Panel>
	<Label>
		<Caption>STR::SRIParameter::ComPort::Title</Caption>
		<Name>Lab_ComPortTitle</Name>
		<Left>60</Left>
		<Top>50</Top>
		<Width>120</Width>
		<Height>22</Height>
		<Alignment>2</Alignment>
		<BorderStyle>0</BorderStyle>
		<FontSize>12</FontSize>
		<ForeColor>0,0,0</ForeColor>
		<BackColor>192,192,192</BackColor>
	</Label>
	<Label>
		<Caption>STR::SRIParameter::ComPort::RealScanTime</Caption>
		<Name>Lbl_RealScanTime</Name>
		<Left>45</Left>
		<Top>105</Top>
		<Height>22</Height>
		<Width>140</Width>
		<FontSize>12</FontSize>
		<ForeColor>0,0,0</ForeColor>
		<BackColor>192,192,192</BackColor>
	</Label>
	<Label>
		<Caption>STR::SRIParameter::ComPort::EnableDisable</Caption>
		<Name>Lab_EnableDisable</Name>
		<Left>60</Left>
		<Top>145</Top>
		<Width>120</Width>
		<Height>22</Height>
		<Alignment>2</Alignment>
		<BorderStyle>0</BorderStyle>
		<FontSize>12</FontSize>
		<ForeColor>0,0,0</ForeColor>
		<BackColor>192,192,192</BackColor>
	</Label>
	<Label>
		<Caption>STR::SRIParameter::ComPort::ProtocolType</Caption>
		<Name>Lab_ProtocolType</Name>
		<Left>60</Left>
		<Top>180</Top>
		<Width>120</Width>
		<Height>22</Height>
		<Alignment>2</Alignment>
		<BorderStyle>0</BorderStyle>
		<FontSize>12</FontSize>
		<ForeColor>0,0,0</ForeColor>
		<BackColor>192,192,192</BackColor>
	</Label>
	<Label>
		<Caption>STR::SRIParameter::ComPort::BuadRate</Caption>
		<Name>Lab_BuadRate</Name>
		<Left>60</Left>
		<Top>215</Top>
		<Width>120</Width>
		<Height>22</Height>
		<Alignment>2</Alignment>
		<BorderStyle>0</BorderStyle>
		<FontSize>12</FontSize>
		<ForeColor>0,0,0</ForeColor>
		<BackColor>192,192,192</BackColor>
	</Label>
	<Label>
		<Caption>STR::SRIParameter::ComPort::ControlMode</Caption>
		<Name>Lab_ControlMode</Name>
		<Left>60</Left>
		<Top>250</Top>
		<Width>120</Width>
		<Height>22</Height>
		<Alignment>2</Alignment>
		<BorderStyle>0</BorderStyle>
		<FontSize>12</FontSize>
		<ForeColor>0,0,0</ForeColor>
		<BackColor>192,192,192</BackColor>
	</Label>
	<Label>
		<Caption>STR::SRIParameter::ComPort::ScanTime</Caption>
		<Name>Lab_ScanTime</Name>
		<Left>60</Left>
		<Top>285</Top>
		<Width>120</Width>
		<Height>22</Height>
		<Alignment>2</Alignment>
		<BorderStyle>0</BorderStyle>
		<FontSize>12</FontSize>
		<ForeColor>0,0,0</ForeColor>
		<BackColor>192,192,192</BackColor>
	</Label>
	<Label>
		<Caption>STR::SRIParameter::ComPort::Timeout</Caption>
		<Name>Lab_Timeout</Name>
		<Left>60</Left>
		<Top>320</Top>
		<Width>120</Width>
		<Height>22</Height>
		<Alignment>2</Alignment>
		<BorderStyle>0</BorderStyle>
		<FontSize>12</FontSize>
		<ForeColor>0,0,0</ForeColor>
		<BackColor>192,192,192</BackColor>
	</Label>
	<Label>
		<Caption>STR::SRIParameter::ComPort::DeviceInfo</Caption>
		<Name>Lab_ModuleInfo</Name>
		<Left>60</Left>
		<Top>365</Top>
		<Height>25</Height>
		<Width>120</Width>
		<FontSize>12</FontSize>
		<ForeColor>0,0,0</ForeColor>
		<BackColor>192,192,192</BackColor>
	</Label>
	<Grid Name="ParamGrid" Width="170" Repeat="3">
		<Label>
			<Caption>ComPortNo</Caption>
			<Name>Lab_ComPortNo</Name>
			<Left>225</Left>
			<Top>50</Top>
			<Width>120</Width>
			<Height>22</Height>
			<Alignment>2</Alignment>
			<BorderStyle>0</BorderStyle>
			<FontSize>12</FontSize>
			<ForeColor>0,0,0</ForeColor>
			<BackColor>192,192,192</BackColor>
		</Label>
		<Label>
			<Name>Lbl_RealScanTime</Name>
			<Left>225</Left>
			<Top>105</Top>
			<Height>22</Height>
			<Width>120</Width>
			<FontSize>12</FontSize>
			<BorderStyle>2</BorderStyle>
			<ForeColor>0,0,0</ForeColor>
			<BackColor>192,192,192</BackColor>
			<Caption></Caption>
		</Label>
		<ListInput>
			<Name>LsInp_EnableDisable</Name>
			<Left>225</Left>
			<Top>145</Top>
			<Width>120</Width>
			<Height>22</Height>
			<Alignment>2</Alignment>
			<FontSize>12</FontSize>
			<BorderStyle>1</BorderStyle>
			<ForeColor>0,0,0</ForeColor>
			<BackColor>255,255,255</BackColor>
			<InputFormat>Long</InputFormat>
			<ListItems>
				<Item>
					<ItemCaption>STR::SRIParameter::ComPort::Disable</ItemCaption>
					<ItemValue>0</ItemValue>
				</Item>
				<Item>
					<ItemCaption>STR::SRIParameter::ComPort::Enable</ItemCaption>
					<ItemValue>1</ItemValue>
				</Item>
			</ListItems>
		</ListInput>
		<ListInput>
			<Name>LsInp_ProtocolType</Name>
			<Left>225</Left>
			<Top>180</Top>
			<Width>120</Width>
			<Height>22</Height>
			<Alignment>2</Alignment>
			<FontSize>12</FontSize>
			<BorderStyle>1</BorderStyle>
			<ForeColor>0,0,0</ForeColor>
			<BackColor>255,255,255</BackColor>
			<InputFormat>Long</InputFormat>
			<ListItems>
				<Item>
					<ItemCaption>RS485</ItemCaption>
					<ItemValue>1</ItemValue>
				</Item>
			</ListItems>
		</ListInput>
		<ListInput>
			<Name>LsInp_BuadRate</Name>
			<Left>225</Left>
			<Top>215</Top>
			<Width>120</Width>
			<Height>22</Height>
			<Alignment>2</Alignment>
			<FontSize>12</FontSize>
			<BorderStyle>1</BorderStyle>
			<ForeColor>0,0,0</ForeColor>
			<BackColor>255,255,255</BackColor>
			<InputFormat>Long</InputFormat>
			<ListItems>
				<Item>
					<ItemCaption>2400 bps</ItemCaption>
					<ItemValue>0</ItemValue>
				</Item>
				<Item>
					<ItemCaption>4800 bps</ItemCaption>
					<ItemValue>1</ItemValue>
				</Item>
				<Item>
					<ItemCaption>9600 bps</ItemCaption>
					<ItemValue>2</ItemValue>
				</Item>
				<Item>
					<ItemCaption>14400 bps</ItemCaption>
					<ItemValue>3</ItemValue>
				</Item>
				<Item>
					<ItemCaption>19200 bps</ItemCaption>
					<ItemValue>4</ItemValue>
				</Item>
				<Item>
					<ItemCaption>28800 bps</ItemCaption>
					<ItemValue>5</ItemValue>
				</Item>
				<Item>
					<ItemCaption>38400 bps</ItemCaption>
					<ItemValue>6</ItemValue>
				</Item>
				<Item>
					<ItemCaption>57600 bps</ItemCaption>
					<ItemValue>7</ItemValue>
				</Item>
				<Item>
					<ItemCaption>115200 bps</ItemCaption>
					<ItemValue>8</ItemValue>
				</Item>
				<Item>
					<ItemCaption>1.0 Mbps</ItemCaption>
					<ItemValue>9</ItemValue>
				</Item>
				<Item>
					<ItemCaption>2.0 Mbps</ItemCaption>
					<ItemValue>10</ItemValue>
				</Item>
				<Item>
					<ItemCaption>3.0 Mbps</ItemCaption>
					<ItemValue>11</ItemValue>
				</Item>
				<Item>
					<ItemCaption>4.0 Mbps</ItemCaption>
					<ItemValue>12</ItemValue>
				</Item>
				<Item>
					<ItemCaption>4.5 Mbps</ItemCaption>
					<ItemValue>13</ItemValue>
				</Item>
				<Item>
					<ItemCaption>5.0 Mbps</ItemCaption>
					<ItemValue>14</ItemValue>
				</Item>
				<Item>
					<ItemCaption>10 Mbps</ItemCaption>
					<ItemValue>15</ItemValue>
				</Item>
			</ListItems>
		</ListInput>
		<ListInput>
			<Name>LsInp_ControlMode</Name>
			<Left>225</Left>
			<Top>250</Top>
			<Width>120</Width>
			<Height>22</Height>
			<Alignment>2</Alignment>
			<FontSize>12</FontSize>
			<BorderStyle>1</BorderStyle>
			<ForeColor>0,0,0</ForeColor>
			<BackColor>255,255,255</BackColor>
			<InputFormat>Long</InputFormat>
			<ListItems>
				<Item>
					<ItemCaption>STR::SRIParameter::ComPort::Software</ItemCaption>
					<ItemValue>0</ItemValue>
				</Item>
				<Item>
					<ItemCaption>STR::SRIParameter::ComPort::Hardware</ItemCaption>
					<ItemValue>1</ItemValue>
				</Item>
			</ListItems>
		</ListInput>
		<Input>
			<Name>Inp_ScanTime</Name>
			<Left>225</Left>
			<Top>285</Top>
			<Width>120</Width>
			<Height>22</Height>
			<Alignment>2</Alignment>
			<FontSize>12</FontSize>
			<BorderStyle>1</BorderStyle>
			<ForeColor>0,0,0</ForeColor>
			<BackColor>255,255,255</BackColor>
			<InputRange>10~100</InputRange>
			<InputFormat>Long</InputFormat>
		</Input>
		<Input>
			<Name>Inp_Timeout</Name>
			<Left>225</Left>
			<Top>320</Top>
			<Width>120</Width>
			<Height>22</Height>
			<Alignment>2</Alignment>
			<FontSize>12</FontSize>
			<BorderStyle>1</BorderStyle>
			<ForeColor>0,0,0</ForeColor>
			<BackColor>255,255,255</BackColor>
			<InputRange>0~10000</InputRange>
			<InputFormat>Long</InputFormat>
		</Input>
		<Button>
			<Name>Btn_DeviceInfo</Name>
			<Caption>STR::SRIParameter::ComPort::Setting</Caption>
			<Left>225</Left>
			<Top>365</Top>
			<Height>25</Height>
			<Width>120</Width>
			<FontSize>12</FontSize>
			<ForeColor>0,0,0</ForeColor>
			<BackColor>192,192,192</BackColor>
			<Enabled>True</Enabled>
			<ButtonDown>
				<Action>DoShowDeviceInfo</Action>
			</ButtonDown>
		</Button>
	</Grid>
</Screen>