﻿<?xml version="1.0" encoding="UTF-8"?>
<ResMap>
	<!-- ========== AutoTunning =============== -->	
	<Message ID="Browser::AutoTuning::Chart::Start" Content="惯量比估测开始" />
	<Message ID="Browser::AutoTuning::Chart::Step1" Content="选择轴向" />	
	<Message ID="Browser::AutoTuning::Chart::Step2" Content="设定调机行程极限" />
	<Message ID="Browser::AutoTuning::Chart::Step3" Content="设定功能选项" />	
	<Message ID="Browser::AutoTuning::Chart::Step4" Content="调机中..." />
	<Message ID="Browser::AutoTuning::Chart::Step5" Content="调机结果" />
	<Message ID="Browser::AutoTuning::Chart::Step6" Content="调机结束请重新启动" />	
	<Message ID="Browser::AutoTuning::Action::Hint1" Content="动作说明:
	一次只能进行一轴的调机，利用
	左方的拉棒选择调机轴后，再按
	下功能键“下一步”。" />
	<Message ID="Browser::AutoTuning::Action::Hint2" Content="动作说明:
	先将机台位置移至第一/第二极
	限再按下功能键“设定第一极限
	”/“设定第二极限”。设定完
	成或已设定过则按下功能键“
	下一步”。" />
	<Message ID="Browser::AutoTuning::Action::Hint3" Content="动作说明:
	选择欲进行之调机功能，以及调
	机参数的设定。然后按下功能键
	“下一步”，开始调机。" />
	<Message ID="Browser::AutoTuning::Action::Hint4" Content="动作说明:
	调机动作将自动停止，亦可按下
	功能键“调机停止”停止调机行
	程。调机停止后，被调适的参数
	值将刷新" />
	<Message ID="Browser::AutoTuning::Action::Hint5" Content="动作说明:
	自动调机结束或手动中断调机行
	程后，请立即重启控制器及驱动
	器，以便进行下次调机或后续的
	动作。" />
	<Message ID="Browser::AutoTuning::Label::SelectAxis" Content="调机轴" />
	<Message ID="Browser::AutoTuning::Label::LimitPos1" Content="第一极限座标" />
	<Message ID="Browser::AutoTuning::Label::LimitPos2" Content="第二极限座标" />
	<Message ID="Browser::AutoTuning::ListItem::open" Content="开启" />
	<Message ID="Browser::AutoTuning::ListItem::close" Content="关闭" />
	<!-- ========== AutoTunning_Opt_477 Browser =============== -->	
	<Message ID="Browser::AutoTuning::Opt::Gain" Content="自动增益调整" />
	<Message ID="Browser::AutoTuning::Opt::Estimate" Content="多共振点自动估测" />
	<Message ID="Browser::AutoTuning::Opt::Response" Content="速度回路响应频宽(Hz)" />
	<!-- ========== AutoTunning_Opt_1000 Browser =============== -->	
	<Message ID="Browser::AutoTuning::Opt::Related Mode" Content="调机流程" />
	<Message ID="Browser::AutoTuning::Opt::ListItem::RelMode1" Content="惯量与增益值调试" />
	<Message ID="Browser::AutoTuning::Opt::ListItem::RelMode2" Content="增益值调试" />
	<Message ID="Browser::AutoTuning::Opt::ListItem::Type1" Content="皮带驱动机构" />
	<Message ID="Browser::AutoTuning::Opt::ListItem::Type2" Content="滚珠螺杆驱动机构" />
	<Message ID="Browser::AutoTuning::Opt::ListItem::Type3" Content="直接连结机构" />
	<Message ID="Browser::AutoTuning::Opt::ListItem::Mode1" Content="标准" />
	<Message ID="Browser::AutoTuning::Opt::ListItem::Mode2" Content="定位专用调整" />
	<Message ID="Browser::AutoTuning::Opt::ListItem::Mode3" Content="加强过冲抑制" />
	<Message ID="Browser::AutoTuning::Opt::ListItem::Notch0" Content="不进行调整" />
	<Message ID="Browser::AutoTuning::Opt::ListItem::Notch1" Content="调整 notch filter 1" />
	<Message ID="Browser::AutoTuning::Opt::ListItem::Notch256" Content="调整 notch filter 2" />
	<Message ID="Browser::AutoTuning::Opt::ListItem::Notch257" Content="调整 notch filter 1&amp;2" />
	<Message ID="Browser::AutoTuning::Opt::Type" Content="机构类型" />
	<Message ID="Browser::AutoTuning::Opt::Mode" Content="调机模式" />
	<Message ID="Browser::AutoTuning::Opt::NotchFilter" Content="共振抑制选择" />
	<!-- ========== AutoTunning_Opt_2000 Browser =============== -->
	<Message ID="Browser::AutoTuning::Opt::ListItem::RelModeNone" Content="调机功能选择" />
	<!-- ========== AutoTunning_Opt_2000 Browser =============== -->
	<Message ID="Browser::AutoTuning::Opt::ListItem::RelMode3" Content="编码器安装校正" />
	<!-- ========== AutoTunning_Para_477 Browser =============== -->	
	<Message ID="Browser::AutoTuning::Para::InertiaEstimate" Content="惯量比估测值" />
	<Message ID="Browser::AutoTuning::Para::Kpp" Content="位置回路增益" />
	<Message ID="Browser::AutoTuning::Para::Kvp" Content="速度回路增益" />
	<Message ID="Browser::AutoTuning::Para::Kvi" Content="速度回路积分时间" />
	<Message ID="Browser::AutoTuning::Para::Notch1freq" Content="第一组共振抑制频率" />
	<Message ID="Browser::AutoTuning::Para::Notch1atte" Content="第一组共振抑制深度" />
	<Message ID="Browser::AutoTuning::Para::Notch2freq" Content="第二组共振抑制频率" />
	<Message ID="Browser::AutoTuning::Para::Notch2atte" Content="第二组共振抑制深度" />
	<!-- ========== MMI MesageBox =============== -->	
	<Message ID="MMI::AutoTuning::MSG::CheckMachine" Content="调整动作即将开始，请
确认机台是否正常并确
保人员安全" />
	<Message ID="MMI::AutoTuning::Title::CheckMachine" Content="调机确认" />
	<Message ID="MMI::AutoTuning::MSG::BreakTuning" Content="行程中断，调机未完成
确定要结束" />
	<Message ID="MMI::AutoTuning::Title::BreakTuning" Content="中断确认" />
	<Message ID="MMI::AutoTuning::MSG::EndTuning" Content="自动调机结束，可至参
数设定画面载入“调机
相关参数”进行微调。" />
	<Message ID="MMI::AutoTuning::MSG::CheckAxisPos" Content="调机前请将轴向移动至第二极限附近" />
	<Message ID="MMI::AutoTuning::MSG::AxisPosErr" Content="轴向位置错误，请重新设置两极限" />
	<Message ID="MMI::AutoTuning::MSG::MovingErr" Content="轴向快速移动的速度值太低" />
	<Message ID="MMI::AutoTuning::MSG::EndTuning_1000" Content="自动调机结束，请重新
启动控制器与驱动器。" />
	<Message ID="MMI::AutoTuning::MSG::StopAutoTunning" Content="自动调机结束，请确认调机结果" />
	<Message ID="MMI::AutoTuning::MSG::CheckAutoMode" Content="请切换至自动模式" />
	<Message ID="MMI::AutoTuning::MSG::CheckServo" Content="请确认系统为就绪状态" />
	<Message ID="MMI::AutoTuning::MSG::LimitLength" Content="输入的两点距离过短，
请超过: " />
	<Message ID="MMI::AutoTuning::MSG::OnTunning" Content="调机中" />
	<Message ID="MMI::AutoTuning::MSG::TunningOver" Content="调机结束" />
	<Message ID="MMI::AutoTuning::MSG::TuningFail" Content="调机失败" />
	<Message ID="MMI::AutoTuning::MSG::OperationErr" Content="动作错误" />
	<Message ID="MMI::AutoTuning::MSG::InterruptByAbnormal" Content="因异常而中断调机" />
	<Message ID="MMI::AutoTuning::MSG::InertiaEstimateErr" Content="惯量估测失败" />
	<Message ID="MMI::AutoTuning::MSG::RestartSystem" Content="请将控制器与驱动器断电重开，再次进行" />
</ResMap>