﻿<?xml version="1.0" encoding="utf-8" ?>
<ResMap>
	<!-- ==========================Main Fenu========================== -->
	<Message ID="Fenu::Main::MenuMachine" Content="机台坐标" />
	<Message ID="Fenu::Main::MenuProgram" Content="程序编辑" />
	<Message ID="Fenu::Main::MenuCustom" Content="客制功能键" />
	<Message ID="Fenu::Main::MenuOffsetSetting" Content="偏置/设定" />
	<Message ID="Fenu::Main::MenuRun" Content="加工监控" />
	<Message ID="Fenu::Main::MenuMaintain" Content="维护" />
	<Message ID="Fenu::Main::MenuAlarm" Content="警报显示" />
	<Message ID="Fenu::Main::MenuParameter" Content="参数设定" />
	<Message ID="Fenu::Main::MenuFastDiagnostic" Content="快速诊断" />
	<Message ID="Fenu::Main::MenuDiagnostic" Content="诊断功能" />
	<Message ID="Fenu::Main::MenuSystem" Content="系统" />
	<Message ID="Fenu::Main::About" Content="关于" />
	<Message ID="Fenu::Main::End" Content="结束" />
	<Message ID="Fenu::About::OK" Content="确定" />
	<Message ID="Fenu::System::SystemPermissions" Content="系统权限" />

	<!-- ==========================Main Next Fenu========================== -->
	<Message ID="Fenu::MainNext::CycleStart" Content="激活" />
	<Message ID="Fenu::MainNext::Reset" Content="重置" />

	<!-- ==========================Machine Fenu========================== -->
	<Message ID="Fenu::Machine::AbsoluteCoordinate" Content="绝对座标" />
	<Message ID="Fenu::Machine::MachineCoordinate" Content="机械座标" />
	<Message ID="Fenu::Machine::RelativeCoordinate" Content="相对座标" />
	<Message ID="Fenu::Machine::AllCoordinate" Content="所有座标" />
	<Message ID="Fenu::Machine::CoordinateSwitch" Content="坐标切换" />
	<Message ID="Fenu::Machine::HalfCoordiante" Content="1/2坐标" />
	<Message ID="Fenu::Machine::ClearCoordinate" Content="相对坐标清除" />
	<Message ID="Fenu::Machine::ClearAllCoordinate" Content="相对坐标全清" />
	<Message ID="Fenu::Machine::SetWorkPieceCord" Content="工件坐标系" />
	<Message ID="Fenu::Machine::LatchMachCord" Content="载入机械坐标" />
	<Message ID="Fenu::Machine::LatchRelCord" Content="载入相对坐标" />
	<Message ID="Fenu::Machine::LatchAuxCord" Content="载入辅助坐标" />
	<Message ID="Fenu::Machine::AutoTool" Content="自动对刀" />
	<Message ID="Fenu::Machine::AutoCenter" Content="分中功能" />
	<Message ID="Fenu::Machine::NextWorkPiecePage" Content="下一页坐标轴" />
	<Message ID="Fenu::Machine::MachCoordTeach" Content="机械坐标教导" />
	<Message ID="Fenu::Machine::CoordIncInput" Content="工件坐标增量" />

	<Message ID="Fenu::ManualCenterPx1" Content="PX1设定" />
	<Message ID="Fenu::ManualCenterPx2" Content="PX2设定" />
	<Message ID="Fenu::ManualCenterPy1" Content="PY1设定" />
	<Message ID="Fenu::ManualCenterPy2" Content="PY2设定" />
	<Message ID="Fenu::AutoCenterStart" Content="自动分中启动" />
	<Message ID="Fenu::AutoCenterFeedHold" Content="自动分中暂停" />
	<Message ID="Fenu::ZSafeHeightTeach" Content="Z轴高度教导" />
	
	<Message ID="Fenu::3PtsCenterP1" Content="P1设定" />
	<Message ID="Fenu::3PtsCenterP2" Content="P2设定" />
	<Message ID="Fenu::3PtsCenterP3" Content="P3设定" />
	<Message ID="Fenu::3PtsCenterResult" Content="计算中心坐标" />


	<Message ID="Fenu::AutoTool::Start" Content="自动对刀启动" />
	<Message ID="Fenu::AutoTool::FeedHold" Content="自动对刀暂停" />
	<Message ID="Fenu::AutoTool::ZDeltaSet" Content="Z轴落差设定" />
	<Message ID="Fenu::AutoTool::XYRefTeach" Content="XY坐标教导" />
	<Message ID="Fenu::AutoTool::ZMachTeach" Content="Z轴坐标教导" />

	<Message ID="Fenu::Machine::SetFeatureCoord" Content="斜平面坐标教导" />
    <Message ID="Fenu::MenuFeatureCoord::SetupCoord" Content="G54坐标教导" />
	<Message ID="Fenu::MenuFeatureCoord::CompleteSetup" Content="教导完成" />
	<Message ID="Fenu::MenuFeatureCoord::CancelFeature" Content="取消斜平面" />

	<!-- ==========================Program Fenu========================== -->
	<Message ID="Fenu::Program::InsertCycle" Content="插入循环" />
	<Message ID="Fenu::Program::DeleteLine" Content="删除行" />
	<Message ID="Fenu::Program::EditCycle" Content="编辑循环" />
	<Message ID="Fenu::Program::MenuEdit" Content="编辑子功能" />
	<Message ID="Fenu::Program::MenuSimulation" Content="图形仿真" />
	<Message ID="Fenu::Program::MenuTeach" Content="教导" />
	<Message ID="Fenu::Program::ProgramFileMang" Content="文件管理" />
	<Message ID="Fenu::ProgramFileMandNext::ShowMacroFileManager" Content="Macro管理" />
	<Message ID="Fenu::Program::Cycle" Content="图形辅助输入" />

	<!-- ==========================Teach Fenu========================== -->
	<Message ID="Fenu::Teach::Rapid" Content="快速定位教导" />
	<Message ID="Fenu::Teach::LineCut" Content="直线切削教导" />
	<Message ID="Fenu::Teach::ArcCut" Content="圆弧切削教导" />
	<Message ID="Fenu::Teach::ArcCancel" Content="圆弧中点取消" />
	<Message ID="Fenu::Teach::Radius" Content="圆弧半径教导" />
	<Message ID="Fenu::Teach::DeleteLine" Content="删除行" />
	<Message ID="Fenu::Teach::CoordSwitch" Content="下一页坐标轴" />
	<Message ID="Fenu::Teach::Point" Content="点坐标教导" />

	<!-- ==========================Cycle Ok Cancel Fenu========================== -->
	<Message ID="Fenu::CycleOKCancel::OK" Content="确定" />
	<Message ID="Fenu::CycleOKCancel::Cancel" Content="取消" />

	<!-- ==========================Program Edit Fenu========================== -->
	<Message ID="Fenu::ProgramEdit::MenuFind" Content="搜寻" />
	<Message ID="Fenu::ProgramEdit::MenuSearchReplace" Content="搜寻/取代" />
	<Message ID="Fenu::ProgramEdit::MenuReplace" Content="取代" />
	<Message ID="Fenu::ProgramEdit::GotoLine" Content="行数搜寻" />
	<Message ID="Fenu::ProgramEdit::CopyLine" Content="拷贝行" />
	<Message ID="Fenu::ProgramEdit::InsertLine" Content="插入行" />
	<Message ID="Fenu::ProgramEdit::BlockMenu" Content="区块拷贝" />
	<Message ID="Fenu::ProgramEdit::CopyPasteMenu" Content="复制/贴上" />

	<Message ID="Fenu::BlockEdit::BlockStart" Content="开始行" />
	<Message ID="Fenu::BlockEdit::BlockEnd" Content="结束行" />
	<Message ID="Fenu::BlockEdit::BlockCut" Content="区块剪下" />
	<Message ID="Fenu::BlockEdit::BlockCopy" Content="区块复制" />
	<Message ID="Fenu::BlockEdit::BlockPaste" Content="区块贴上" />

	<!-- ==========================Program CopyPaste Fenu===================== -->
	<Message ID="Fenu::CopyPasteEdit::Cut" Content="剪下" />
	<Message ID="Fenu::CopyPasteEdit::Copy" Content="复制" />
	<Message ID="Fenu::CopyPasteEdit::Paste" Content="贴上" />
	<Message ID="Fenu::CopyPasteEdit::Undo" Content="复原" />
	<Message ID="Fenu::CopyPasteEdit::SelAll" Content="全选" />

	<!-- ==========================Program Find Fenu========================== -->
	<Message ID="Fenu::ProgramFind::FindNext" Content="搜寻下一个" />
	<Message ID="Fenu::ProgramFind::CancelFind" Content="取消" />

	<!-- ==========================Program Replace Fenu========================== -->
	<Message ID="Fenu::ProgramReplace::FindNext" Content="搜寻下一个" />
	<Message ID="Fenu::ProgramReplace::Replace" Content="取代" />
	<Message ID="Fenu::ProgramReplace::SkipReplace" Content="忽略" />
	<Message ID="Fenu::ProgramReplace::CancelReplace" Content="取消" />
	<Message ID="Fenu::ProgramReplace::ReplaceAll" Content="全部取代" />
	<Message ID="Fenu::ProgramEdit::GotoLine" Content="行数搜寻" />

	<!-- ==========================Program Simulation Fenu========================== -->
	<Message ID="Fenu::ProgramSimulation::Step" Content="步进" />
	<Message ID="Fenu::ProgramSimulation::Continue" Content="连续" />
	<Message ID="Fenu::ProgramSimulation::Zoom" Content="放大缩小" />
	<Message ID="Fenu::ProgramSimulation::Reset" Content="回复" />
	<Message ID="Fenu::ProgramSimulation::Abort" Content="取消" />
	<Message ID="Fenu::ProgramSimulation::SimuSetting" Content="仿真参数设定" />

	<!-- ==========================Program Simulation Setting Fenu========================== -->
	<Message ID="Fenu::ProgramSimulationSetting::OK" Content="确定" />
	<Message ID="Fenu::ProgramSimulationSetting::Cancel" Content="取消" />

	<!-- ==========================Program file manager Fenu========================== -->
	<Message ID="Fenu::ProgramFileManager::NewFile" Content="开启新文件" />
	<Message ID="Fenu::ProgramFileManager::CopyFile" Content="拷贝文件" />
	<Message ID="Fenu::ProgramFileManager::DelFile" Content="删除文件" />
	<Message ID="Fenu::ProgramFileManager::Import" Content="文件 输入" />
	<Message ID="Fenu::ProgramFileManager::Outport" Content="文件 输出" />
	<Message ID="Fenu::ProgramFileManager::NetImport" Content="网络 输入" />
	<Message ID="Fenu::ProgramFileManager::NetExport" Content="网络 输出" />
	<Message ID="Fenu::ProgramFileManager::Rs232In" Content="RS232 输入" />
	<Message ID="Fenu::ProgramFileManager::Rs232Out" Content="RS232 输出" />
	<Message ID="Fenu::ProgramFileManager::OpenFile" Content="载入程式编辑" />
	<Message ID="Fenu::ProgramFileManager::ToMainProgAndRun" Content="载入执行加工" />
	<Message ID="Fenu::ProgramFileManager::FileTransfer" Content="档案传输" />

	<!-- ==========================FileImportExport========================== -->
	<Message ID="Fenu::FileMgr::Copy" Content="拷贝" />
	<Message ID="Fenu::FileMgr::Select" Content="选择" />
	<Message ID="Fenu::FileMgr::SelectAll" Content="选择所有" />
	<Message ID="Fenu::FileMgr::CancelSelect" Content="取消选择" />
	<Message ID="Fenu::FileMgr::DeviceChange" Content="更改磁碟机" />
	<Message ID="Fenu::FileMgr::Exit" Content="离开" />
	<Message ID="Fenu::FileImportExport::switchFocus" Content="切换焦点" />

	<!-- ==========================File Delete Fenu========================== -->
	<Message ID="Fenu::FileDel::Select" Content="选择" />
	<Message ID="Fenu::FileDel::SelectAll" Content="选择所有" />
	<Message ID="Fenu::FileDel::CancelSelect" Content="取消选择" />
	<Message ID="Fenu::FileDel::DelFile" Content="删除档案" />
	<Message ID="Fenu::FileDel::DelAll" Content="删除全部档案" />

	<!-- ==========================Rnu Fenu========================== -->
	<Message ID="Fenu::Run::SelectMainProg" Content="选择加工文件" />
	<Message ID="Fenu::Run::SwitchCoordinate" Content="坐标切换" />
	<Message ID="Fenu::Run::SwitchSimulation" Content="图形模拟显示" />
	<Message ID="Fenu::Run::MDI" Content="MDI 输入" />
	<Message ID="Fenu::Run::ParameterSet" Content="加工资讯/设定" />
	<Message ID="Fenu::Run::MenuToolSet" Content="刀具设定" />
	<Message ID="Fenu::Run::MenuGraphAdjust" Content="图形调整" />
	<Message ID="Fenu::Run::WorkRecord" Content="加工纪录表单" />

	<Message ID="Fenu::WorkRecord::SaveWorkRecord" Content="储存加工纪录" />
	<Message ID="Fenu::WorkRecord::ClearWorkRecord" Content="清除加工记录" />
	<Message ID="Fenu::WorkRecord::ClearPartCount" Content="清除工件数" />
	<Message ID="Fenu::WorkRecord::ClearTotalPartCount" Content="清除总工件数" />
	<Message ID="Fenu::Run::MPGShift::StartMPGShift" Content="手轮偏置启动" />
	<Message ID="Fenu::Run::MPGShift::CloseMPGShift" Content="手轮偏置取消" />

	<Message ID="Fenu::MenuToolSet::ToolManagement" Content="刀具寿命管理" />

	<!-- ==========================Run MDI Fenu========================== -->
	<Message ID="Fenu::MDI::Ok" Content="确定" />
	<Message ID="Fenu::MDI::Clear" Content="清除MDI" />

	<!-- ==========================Run Para Set Fenu========================== -->
	<Message ID="Fenu::MenuRunParaSet::ClearCycleTime" Content="清除累计时间" />
	<Message ID="Fenu::MenuRunParaSet::GCode Display Switch" Content="G码显示切换" />
	<Message ID="Fenu::MenuRunParaSet::SetDeltaAngle" Content="同期角度教导" />

	<!-- ==========================Menu Tool Set Fenu========================== -->
	<Message ID="Fenu::ToolSet::ClearXRelPos" Content="清除X轴相对" />
	<Message ID="Fenu::ToolSet::SetToolWear" Content="磨耗设定" />
	<Message ID="Fenu::ToolSet::ClearYRelPos" Content="清除Y轴相对" />
	<Message ID="Fenu::ToolSet::SetToolLength" Content="刀长设定" />
	<Message ID="Fenu::ToolSet::ClearZRelPos" Content="清除Z轴相对" />
	<Message ID="Fenu::ToolSet::SetToolNose" Content="刀尖设定" />
	<Message ID="Fenu::ToolSet::ToolNo" Content="刀号资料" />
	<Message ID="Fenu::ToolSet::SetToolAngle" Content="斜刀轴角度" />
	<Message ID="Fenu::ToolSet::SetWorkShift" Content="工件移" />

	<!-- ==========================Alarm Fenu========================== -->
	<Message ID="Fenu::Alarm::PendingAlarm" Content="现在警报" />
	<Message ID="Fenu::Alarm::HistoryAlarm" Content="历史警报" />
	<Message ID="Fenu::Alarm::SaveAlarm" Content="储存警报" />

	<!-- ==========================Parameter Fenu========================== -->
	<Message ID="Fenu::Parameter::ShowAll" Content="参数总表" />
	<Message ID="Fenu::Parameter::ShowEndUser" Content="使用者参数" />
	<Message ID="Fenu::Parameter::ShowService" Content="应用参数" />
	<Message ID="Fenu::Parameter::ShowMaker" Content="机构参数" />
	<Message ID="Fenu::Parameter::ShowPitchTable" Content="补偿表资料" />
	<Message ID="Fenu::Parameter::ShowElectronic" Content="电控参数" />
	<Message ID="Fenu::Parameter::GotoParameter" Content="跳至参数 号码" />
	<Message ID="Fenu::Parameter::SystemSet" Content="系统设定" />
	<Message ID="Fenu::Parameter::FiveAxis" Content="五轴参数" />
	<Message ID="Fenu::Parameter::RestartCNC" Content="重新启动CNC" />
	<Message ID="Fenu::Parameter::TouchAdjust" Content="触控屏幕校正" />
	<Message ID="Fenu::Parameter::SetUseTime" Content="系统使用期限" />
	<Message ID="Fenu::Parameter::UseTimeInput" Content="确定" />
	<Message ID="Fenu::Parameter::NetworkSet" Content="网络设定" />
	<Message ID="Fenu::Parameter::NetworkInputOK" Content="储存变更" />
	<Message ID="Fenu::Parameter::NetworkInputCancel" Content="取消" />
	<Message ID="Fenu::Parameter::LoadHSHP" Content="高速高精参数" />
	<Message ID="Fenu::Parameter::ConnSetting" Content="后台连线设定" />
	<Message ID="Fenu::Parameter::KernelSerSet" Content="核心伺服器" />

	<Message ID="Fenu::Parameter::ShowPitchTable::Page1" Content="补正表第一页" />
	<Message ID="Fenu::Parameter::ShowPitchTable::LoadFile" Content="补偿表载入" />
	<Message ID="Fenu::Parameter::ShowPitchTable::LoadFileOK" Content="确定" />
	<Message ID="Fenu::Parameter::ShowPitchTable::LoadFileCancle" Content="取消" />
	<Message ID="Fenu::Parameter::ShowPLCRBit" Content="扩充参数位元" />
	
	<Message ID="Fenu::Parameter::SerialTunning" Content="串列参数" />

	<!-- ==========================Diagnostic Fenu========================== -->
	<Message ID="Fenu::Diagnostic::MenuPLC" Content="PLC 状态" />
	<Message ID="Fenu::Diagnostic::DisplaySysData" Content="系统资料" />
	<Message ID="Fenu::Diagnostic::DisplayComVar" Content="共享变量" />
	<Message ID="Fenu::Diagnostic::DisplayCoordVar" Content="程序变量" />
	<Message ID="Fenu::Diagnostic::DoViewSystemInfo" Content="系统信息" />
	<Message ID="Fenu::Diagnostic::SysAdmin" Content="系统管理" />

	<Message ID="Fenu::Diagnostic::SysDataGoTo" Content="搜寻" />
	<Message ID="Fenu::Diagnostic::oscillograph" Content="示波器" />

	<Message ID="Fenu::Diagnostic::ComVarGoTo" Content="搜寻" />
	<Message ID="Fenu::Diagnostic::CoordVarGoTo" Content="搜寻" />
	<Message ID="Fenu::Diagnostic::PLCRegGoTo" Content="搜寻" />
	
	<Message ID="Fenu::FastDiagnostic::FastSysData" Content="系统资讯" />
	<Message ID="Fenu::FastDiagnostic::FastAxiesData" Content="轴向资讯" />

	<!-- ==========================Diagnostic PLC Fenu========================== -->
	<Message ID="Fenu::DiagnosticPLC::PLC.I.Bit" Content="PLC I Bit" />
	<Message ID="Fenu::DiagnosticPLC::PLC.O.Bit" Content="PLC O Bit" />
	<Message ID="Fenu::DiagnosticPLC::PLC.C.Bit" Content="PLC C Bit" />
	<Message ID="Fenu::DiagnosticPLC::PLC.S.Bit" Content="PLC S Bit" />
	<Message ID="Fenu::DiagnosticPLC::PLC.A.Bit" Content="PLC A Bit" />
	<Message ID="Fenu::DiagnosticPLC::PLC.Reg" Content="PLC 寄存器" />
	<Message ID="Fenu::DiagnosticPLC::PLC.Timer" Content="PLC 定时器" />
	<Message ID="Fenu::DiagnosticPLC::PLC.Counter" Content="PLC 计数器" />
	<Message ID="Fenu::DiagnosticPLC::PLC.Ladder" Content="梯形图" />
	<Message ID="Fenu::DiagnosticLadder::LadderFind" Content="搜寻" />
	<Message ID="Fenu::DiagnosticLadder::LadderFindNext" Content="下一笔" />
	<Message ID="Fenu::DiagnosticLadder::LadderFindPrev" Content="上一笔" />

	<!-- ==========================Diagnostic SysAdmin Fenu========================== -->
	<Message ID="Fenu::DiagnosticSysAdmin::InstallSoftware" Content="软件安装" />
	<Message ID="Fenu::DiagnosticSysAdmin::InstallImage" Content="映像档安装" />
	<Message ID="Fenu::DiagnosticSysAdmin::BackSys" Content="资料备份" />
	<Message ID="Fenu::DiagnosticSysAdmin::InstallLocal" Content="本地语言安装" />
	<Message ID="Fenu::DiagnosticSysAdmin::BackupLocal" Content="目前语言备份" />
	<Message ID="Fenu::DiagnosticSysAdmin::RestoreSys" Content="资料还原" />
	<Message ID="Fenu::DiagnosticSysAdmin::SysImportExport" Content="汇入汇出" />

	<Message ID="Fenu::FenuInstall::Next" Content="下一步" />
	<Message ID="Fenu::FenuInstall::Cancel" Content="取消" />

	<Message ID="Fenu::Network::NetworkFunction" Content="网络功能" />
	<Message ID="Fenu::Network::RemoteConnect" Content="远程诊断联机" />
	<Message ID="Fenu::Network::RemoteDisconnect" Content="远程诊断断线" />

	<Message ID="Fenu::SystemInfo::SetOption" Content="功能选项设定" />
	<Message ID="Fenu::SystemInfo::DisplayLogData" Content="操作纪录" />
	<Message ID="Fenu::SystemInfo::ExportLogData" Content="导出操作纪录" />
	<Message ID="Fenu::SystemInfo::FindOPLogDateTime" Content="搜寻日期时间" />
	<Message ID="Fenu::SystemInfo::FindOPLogAlarm" Content="搜寻警报" />
	<Message ID="Fenu::SystemInfo::FindOPLogIBit" Content="搜寻I-Bit" />	
	<Message ID="Fenu::SystemInfo::SetSerial" Content="系统序号" />
	<Message ID="Fenu::SystemInfo::SetRestore" Content="系统设定还原" />
	<Message ID="Fenu::SystemInfo::FindNext" Content="后一笔" />
	<Message ID="Fenu::SystemInfo::FindPrev" Content="前一笔" />	
	
	<Message ID="Fenu::SelectItem::OK" Content="确定" />
	<Message ID="Fenu::SelectItem::Cancel" Content="取消" />
	<Message ID="Fenu::SelectItem::ChangeItem" Content="移动选项" />
	<Message ID="Fenu::SelectItem::Enter" Content="选择" />
	
	<Message ID="Fenu::Select:Next" Content="下一步" />
	<Message ID="Fenu::Select:Advance" Content="进阶功能" />
    <Message ID="Fenu::SysFile:SysFileManager" Content="系统资料管理" />
	<Message ID="Fenu::SysFile:MacroManager" Content="Macro管理" />
	<Message ID="Fenu::SysFile:OCResManager" Content="客制人机管理" />

	<Message ID="Fenu::SysFile:Import" Content="汇入" />
	<Message ID="Fenu::SysFile:Export" Content="汇出" />

		<!-- ==========================Driver Tuning Menu========================== -->
	<Message ID="Fenu::DriverTuning::Gerneral" Content="通用选单" />
	<Message ID="Fenu::DriverTuning::Quick" Content="快速选单" />
	<Message ID="Fenu::DriverTuning::GoDELTATuning" Content="台达A2驱动器设定" />

	<Message ID="Fenu::DriverTuning::SaveParameter" Content="储存" />
	<Message ID="Fenu::DriverTuning::LoadParameter" Content="载入" />
	<Message ID="Fenu::DriverTuning2a::Save2Controller" Content="储存至控制器" />
	<Message ID="Fenu::DriverTuning2a::Save2Driver" Content="储存至驱动器" />

	<Message ID="Fenu::DriverTuning2b::LoadController" Content="从控制器加载" />
	<Message ID="Fenu::DriverTuning2b::LoadDriver" Content="从驱动器加载" />
	<Message ID="Fenu::DriverTuning2b::LoadInital" Content="载入初始值" />
	
	<!-- ================================Driver Tuning================================-->
	<Message ID="Fenu::TuningList::UploadPrm" Content="参数上传" />
	<Message ID="Fenu::TuningMain::TuningAxis1" Content="X轴 参数设定" />
	<Message ID="Fenu::TuningMain::TuningAxis2" Content="Y轴 参数设定" />
	<Message ID="Fenu::TuningMain::TuningAxis3" Content="Z轴 参数设定" />
	<Message ID="Fenu::TuningMenu::LimitRegistration" Content="马达正反运转极限定位" />
	<Message ID="Fenu::TuningMenu::IEstimation" Content="自动惯量估测" />
	<Message ID="Fenu::TuningMenu::TuningPrms" Content="自动增益调整" />
	<Message ID="Fenu::TuningMenu::DrvPrmList" Content="驱动器参数浏览设定" />
	<Message ID="Fenu::TuningMenu::TuningFinish" Content="完成调机试加工" />
	<Message ID="Fenu::TuningJOGLimit::FRegistration" Content="马达正向运转极限定位" />
	<Message ID="Fenu::TuningJOGLimit::BRegistration" Content="马达反向运转极限定位" />
	<Message ID="Fenu::TuningEstimation::StartEstimate" Content="开始估测" />
	<Message ID="Fenu::TuningPrms::CalGain" Content="自动计算增益" />
	<Message ID="Fenu::TuningPrms::StartTuning" Content="开始调机" />

	<!-- ================================Double Screen================================-->
	<Message ID="Fenu::MultiProgram::InsertCycle" Content="插入循环" />
	<Message ID="Fenu::MultiProgram::Delete Line" Content="删除行" />
	<Message ID="Fenu::MultiProgram::Edit Cycle" Content="编辑循环" />
	<Message ID="Fenu::MultiProgram::Select Program" Content="程式选择" />
	<Message ID="Fenu::MultiProgram::MultiScreen" Content="切换成全萤幕" />
	<Message ID="Fenu::MultiProgram::FullScreen" Content="切换成半萤幕" />
	<Message ID="Fenu::MultiProgramNext::MenuEdit" Content="档案编辑子功能" />
	<Message ID="Fenu::MultiProgramNext::MenuSimulation" Content="图形仿真" />
	<Message ID="Fenu::MultiProgramNext::ProgramFileMang" Content="文件管理" />
	<Message ID="Fenu::CycleInputOk2::InputOk" Content="确定" />	

    <!-- ================================Remote Server================================-->
	<Message ID="Fenu::ConnSet::TestConn" Content="测试IP连线" />
	<Message ID="Fenu::ConnSet::NetConn" Content="IP连线" />
	<Message ID="Fenu::ConnSet::LocalKernel" Content="本地核心" />
	<Message ID="Fenu::ConnSet::DockConnect" Content="对接连线" />
	<Message ID="Fenu::ConnSet::KeepConnect" Content="继续自动连线" />
	<Message ID="Fenu::ConnSet::AutoConnect" Content="自动连线" />
	<Message ID="Fenu::ConnSet::Cancel" Content="取消" />

    <!-- ================================Kernel Server================================-->
	<Message ID="Fenu::KernelServSet::StartServ" Content="启动伺服器" />
	<Message ID="Fenu::KernelServSet::OK" Content="确认" />
	<Message ID="Fenu::KernelServSet::Cancel" Content="取消" />

	<!-- ================================Serial Tunning================================-->
	<Message ID="Fenu::SerialTunning::NewRow" Content="新增列" />
	<Message ID="Fenu::SerialTunning::DeleteRow" Content="删除列" />
	<Message ID="Fenu::SerialTunning::BackupTunningParam" Content="备份参数" />
	<Message ID="Fenu::SerialTunning::RestoreTunningParam" Content="回复参数" />
	<Message ID="Fenu::SerialTunning::DefaultTunningLayout" Content="载入初始选单" />

	<!-- ================================Update Boot Picture================================-->
	<Message ID="Fenu::UpdateBootPic::SelectBootPicture" Content="开机图档更新" />
	<Message ID="Fenu::UpdateBootPic::CancelUpdate" Content="取消更新" />
</ResMap>
