﻿<?xml version="1.0" encoding="UTF-8"?>
<!--Created by 'eHMI'version2.2.18-->
<ResMap>
  <Message ID="Browser::HSHPParamData::Caption::Lab_ParamNoHead::ParamID" Content="编号" />
  <Message ID="Browser::HSHPParamData::Caption::Lab_ParamTitleHead::ParamItem" Content="说明" />
  <Message ID="Browser::HSHPParamData::Caption::DecriptionLabel::Description" Content="默认值参数说明" />
  <Message ID="Browser::HSHPParamData::Caption::DescriptLabel_P1::P1_desp" Content="P1" />
  <Message ID="Browser::HSHPParamData::Caption::DescriptLabel_P2::P2_desp" Content="P2" />
  <Message ID="Browser::HSHPParamData::Caption::DescriptLabel_P3::P3_desp" Content="P3" />
  <Message ID="Browser::HSHPParamData::Caption::DescriptLabel_P4::P4_desp" Content="P4" />
  <Message ID="Browser::HSHPParamData::Caption::DescriptLabel_P5::P5_desp" Content="P5" />
  <Message ID="Browser::HSHPParamData::Caption::WorkTypeLabel::WorkType" Content="加工类型" />
  <Message ID="Browser::HSHPParamData::Caption::WorkTypeP1Label::finish" Content="精加工" />
  <Message ID="Browser::HSHPParamData::Caption::WorkTypeP2Label::finish" Content="精加工" />
  <Message ID="Browser::HSHPParamData::Caption::WorkTypeP3Label::finish" Content="精加工" />
  <Message ID="Browser::HSHPParamData::Caption::WorkTypeP4Label::rough" Content="粗加工" />
  <Message ID="Browser::HSHPParamData::Caption::WorkTypeP5Label::rough" Content="粗加工" />
  <Message ID="Browser::HSHPParamData::Caption::CharLabel::Characteristic" Content="加工特性" />
  <Message ID="Browser::HSHPParamData::Caption::CharP1Label::HighPrecision" Content="　高精度（路径贴合）" />
  <Message ID="Browser::HSHPParamData::Caption::CharP2Label::Normal" Content="　一般（速度优先）" />
  <Message ID="Browser::HSHPParamData::Caption::CharP3Label::HighSmooth" Content="　高平滑性（速度变化平稳，但转角处有较大轮廓误差）" />
  <Message ID="Browser::HSHPParamData::Caption::CharP4Label::Accuracy" Content="　精度佳（适用于材料预留量少时）" />
  <Message ID="Browser::HSHPParamData::Caption::CharP5Label::Steady" Content="　稳度佳（适用于材料预留量多时）" />
  <Message ID="Browser::HSHPParamData::Caption::PostscriptumLabel::PostscriptumLabel" Content="（备注：默认值Pr401数值的设置，是基于Pr405 = 5000）" />
  <Message ID="Browser::HSHPParamData::Caption::Lab_P_Default::HSHPParamDefault" Content="参数总表" />
</ResMap>