﻿<?xml version="1.0" encoding="UTF-8"?>
<!--Created by 'eHMI'version2.2.10-->
<ResMap>
  <Message ID="Browser::MonGData::Caption::Lab_Feedrate::FeedRate" Content="进给速率" />
  <Message ID="Browser::MonGData::Caption::Lab_SpindleTitle::SpindleRate" Content="主轴转速" />
  <Message ID="Browser::MonGData::Caption::Lab_InteruptLineNO::InteruptLineNO" Content="断点行号" />
  <Message ID="Browser::MonGData::Caption::Lab_InteruptColNO::InteruptColNO" Content="断点序号" />
  <Message ID="Browser::MonGData::Caption::Lab_PartCountSet::PartCountSet" Content="工件数设定" />
  <Message ID="Browser::MonGData::Caption::Lab_TotalAcumPartCount::TotalAcumPartCount" Content="总工件数" />
  <Message ID="Browser::MonGData::Caption::Lab_AcumPartCount::AcumPartCount" Content="工件数" />
  <Message ID="Browser::MonGData::Caption::Lab_RequiredPartCount::RequiredPartCount" Content="需求工件数" />
  <Message ID="Browser::MonGData::Caption::Label1::ParamSet" Content="加工参数设定" />
</ResMap>