﻿<?xml version="1.0" encoding="utf-8" ?>
<ResMap>
  <Message ID="Channel1" Content="通道一" />
  <Message ID="Channel2" Content="通道二" />
  <Message ID="Channel3" Content="通道三" />
  <Message ID="Channel4" Content="通道四"/>
  <Message ID="Axis Name" Content="轴向名称"/> 
  <Message ID="Data Type" Content="数据类型"/>
  <Message ID="SampleTime=" Content="取样时间="/>
  <Message ID="TotalTime=" Content="取样总时间="/>
  <Message ID="Time Analysis" Content="时间分析"/>
  <Message ID="Position Analysis" Content="位置分析" />
  <Message ID="Electronic BallBar" Content="真圆度分析"/>
  <Message ID="Radius=" Content="圆半径="/>
  <Message ID="Feedrate=" Content="进给率="/>
  <Message ID="Work Plane" Content="测试平面"/>
  <Message ID="Data Source" Content="资料来源"/>
  <Message ID="Resolution" Content="解析度"/>
  <Message ID="Option" Content="选项"/>
  <Message ID="CW+CCW" Content="正转加反转"/>
  <Message ID="CW" Content="正转"/>
  <Message ID="CCW" Content="反转"/>
  <Message ID="Radius" Content="圆半径"/>
  <Message ID="Feedrate" Content="进给率"/>
  <Message ID="Work Plane" Content="测试平面"/>
  <Message ID="DataSource" Content="资料来源"/>
  <Message ID="CWMaximum" Content="最大偏差量" />
  <Message ID="CCWMaximum" Content="最大偏差量" />
  <Message ID="CWMinimum" Content="最小偏差量" />
  <Message ID="CCWMinimum" Content="最小偏差量" />
  <Message ID="CWNonRoundness" Content="真圆度偏差" />
  <Message ID="CCWNonRoundness" Content="真圆度偏差" />
  <Message ID="CWVariable" Content="正转内缩量" />
  <Message ID="CCWVariable" Content="反转内缩量" />
  <Message ID="Please write the right number in Param[321]～Param[340]" Content="请在参数321～340中输入正确数字" />
  <Message ID="DataLenth must" Content="数据长度必须" />
  <Message ID="Please set it first!" Content="请先正确设定！" />
  <Message ID="Preserved path" Content="储存路径" />
  <Message ID="Preserved success" Content="储存成功" />
  <Message ID="The right FeedRate must" Content="正确的进给率必须" />
  <Message ID="Please turn off the machining first!" Content="请先停止加工！" />
  <Message ID="Capture Progress" Content="抓取进度" />
  <Message ID="TimeBase=" Content="补间时间=" />
  <Message ID="Oscillograph" Content="示波器" />
  <Message ID="Warning" Content="注：请设定G54为圆心" />
  <Message ID="Optical_Linear_Scale" Content="光学尺单回授"/>
  <Message ID="Axis_coordinate" Content="轴圆心坐标"/>
  <Message ID="Axis_OLS_Source" Content="轴光学尺来源"/>
  <Message ID="X-coordinateSource 1 - 16" Content="X轴坐标来源 1 - 16"/>

  <Message ID="Compensation" Content="节距补偿" />
  <Message ID="Positivelimit=" Content="正向极限=" />
  <Message ID="Negativelimit=" Content="负向极限=" />
  <Message ID="FirstMDirection" Content="第一趟量测方向"/>
  <Message ID="MeasureFeedrate=" Content="测量进给速度="/>
  <Message ID="Length" Content="节距宽度"/>
  <Message ID="OLS_Source" Content="光学尺来源"/>
  <Message ID="G300 isn't exit" Content="G300文件不存在"/>
  <Message ID="Operation isn't right!" Content="操作不正确！"/>
  <Message ID="Waiting G10" Content="等待G10"/>
  
  <Message ID="DataAcq::BaseParam" Content="资料撷取基本设定"/>	
  <Message ID="DataAcq::SampleTime" Content="取样时间"/>
  <Message ID="DataAcq::SampleLength" Content="取样点数"/>	
  <Message ID="DataAcq::AxisSetting" Content="轴取样资料设定"/>
  <Message ID="DataAcq::FirstAxis" Content="第一轴号码"/>
  <Message ID="DataAcq::SecondAxis" Content="第二轴号码"/>
  <Message ID="DataAcq::ThirdAxis" Content="第三轴号码"/>
  <Message ID="DataAcq::FirstData" Content="第一取样资料型态"/>
  <Message ID="DataAcq::MotorCounter" Content="马达回授"/>
  <Message ID="DataAcq::ServoCommand" Content="伺服命令"/>
  <Message ID="DataAcq::MachinePosition" Content="机械位置"/>
  <Message ID="DataAcq::FollowingError" Content="追随误差"/>
  <Message ID="DataAcq::DualAbsCounter" Content="双回授"/>
  <Message ID="DataAcq::LinearCounter" Content="光学尺单回授"/>
  <Message ID="DataAcq::SecondData" Content="第二取样资料型态"/>
  <Message ID="DataAcq::ThirdData" Content="第三取样资料型态"/>
  <Message ID="DataAcq::ForthData" Content="第四取样资料型态"/>
  <Message ID="DataAcq::LinearAxisSetting" Content="光学尺单回授资料设定"/>
  <Message ID="DataAcq::LinearFirstAxis" Content="第一轴号码"/>
  <Message ID="DataAcq::LinearSecondAxis" Content="第二轴号码"/>
  <Message ID="DataAcq::LinearThirdAxis" Content="第三轴号码"/>
</ResMap>    
