<OpenInstaller>
	<Install name="OpenCNC Application" version="AutoTest">
		<Directory source="DiskC" destination="\DiskC" recursive="True" />
		<Directory source="DiskA" destination="\DiskA" recursive="True" />
		<Directory source="Windows" destination="\Windows" recursive="True" /> 
	</Install>
	<WindowsRegistry>
		<RegValue name="EnableDHCP" 
				  key="HKEY_LOCAL_MACHINE" 
				  subkey="Comm\EMAC1\Parms\TCPIP" 
				  type="DWORD" 
				  value="1" 
				  action="SetValue" 
		/>
		<RegValue name="DLL" 
				  key="HKEY_LOCAL_MACHINE" 
				  subkey="Drivers\HID\LoadClients\Default\Default\1_6\Keyboard" 
				  type="String" 
				  value="KBDHID.DLL" 
				  action="SetValue" 
		/>
		<RegValue name="RemoteWakeup" 
				  key="HKEY_LOCAL_MACHINE" 
				  subkey="Drivers\HID\LoadClients\Default\Default\1_6\Keyboard" 
				  type="DWORD" 
				  value="1" 
				  action="SetValue" 
		/>
		<RegValue name="{42429667-ae04-11d0-a4f8-00aa00a749b9}" 
				  key="HKEY_CURRENT_USER" 
				  subkey="ControlPanel\SIP\Installed" 
				  type="DWORD" 
				  value="1" 
				  action="SetValue" 
		/>
		<RegValue name="{A523DFC7-1A7E-4af6-991A-510E75847828}" 
				  key="HKEY_CURRENT_USER" 
				  subkey="ControlPanel\SIP\Installed" 
				  type="DWORD" 
				  value="1" 
				  action="SetValue" 
		/>
	</WindowsRegistry>
</OpenInstaller>