﻿<?xml version="1.0" encoding="UTF-8"?>
<!--Created by 'eHMI'version2.2.17-->
<ResMap>
  <Message ID="Browser::HSHPParamData::Caption::Lab_ParamLevelSpeed::HSHPSpeedParam" Content="速度等級參數" />
  <Message ID="Browser::HSHPParamData::Caption::Lab_ParamLevelSmooth::HSHPSmoothParam" Content="平滑等級參數" />
  <Message ID="Browser::HSHPParamData::Caption::Lab_P_Default_T::HSHPParamDefault" Content="(參數總表)" />
  <Message ID="Browser::HSHPParamData::Caption::Lab_HighPrecision::HighPrecision" Content="(精度優先)" />
  <Message ID="Browser::HSHPParamData::Caption::Lab_HighSpeed::HighSpeed" Content="(速度優先)" />
  <Message ID="Browser::HSHPParamData::Caption::Lab_ParamCorr_T::HSHPCorrParam" Content="編號" />
  <Message ID="Browser::HSHPParamData::Caption::Lab_TitleHead_T::ParamItem" Content="說明" />
  <Message ID="Browser::HSHPParamData::Caption::Lab_TitleLv0_T::HSHPParamLv0" Content="0 級" />
  <Message ID="Browser::HSHPParamData::Caption::Lab_TitleLv1_T::HSHPParamLv1" Content="1 級" />
  <Message ID="Browser::HSHPParamData::Caption::Lab_TitleLv9_T::HSHPParamLv9" Content="9 級" />
  <Message ID="Browser::HSHPParamData::Caption::Lab_P_Default_B::HSHPParamDefault" Content="(參數總表)" />
  <Message ID="Browser::HSHPParamData::Caption::Lab_PathMapping::PathMapping" Content="(路徑貼合)" />
  <Message ID="Browser::HSHPParamData::Caption::Lab_HighSpeed::HighSmooth" Content="(高平滑性)" />
  <Message ID="Browser::HSHPParamData::Caption::Lab_ParamCorr_B::HSHPCorrParam" Content="編號" />
  <Message ID="Browser::HSHPParamData::Caption::Lab_TitleHead_B::ParamItem" Content="說明" />
  <Message ID="Browser::HSHPParamData::Caption::Lab_TitleLv0_B::HSHPParamLv0" Content="0 級" />
  <Message ID="Browser::HSHPParamData::Caption::Lab_TitleLv1_B::HSHPParamLv1" Content="1 級" />
  <Message ID="Browser::HSHPParamData::Caption::Lab_TitleLv9_B::HSHPParamLv9" Content="9 級" />
  <Message ID="Browser::HSHPParamData::Caption::TOLDescription" Content="加工誤差容許量(um)" />
</ResMap>