﻿<?xml version="1.0" encoding="utf-8" ?>
<ResMap>
	<Message ID="MMI::NoParamGroup" Content="parameter group doesn't exist!" />
	<Message ID="LaserCtrlParam::1" Content="Laser Max Frequency(KHz)" />
	<Message ID="LaserCtrlParam::2" Content="Laser Min Frequency(KHz)" />
	<Message ID="LaserCtrlParam::3" Content="Laser Manual Frequency(KHz)" />
	<Message ID="LaserCtrlParam::4" Content="Laser Delay Time(0.1ms)" />
	<Message ID="LaserCtrlParam::21" Content="*Port No." />
	<Message ID="LaserCtrlParam::61" Content="*Encoder Resolution(pulse/rev)" />
	<Message ID="LaserCtrlParam::121" Content="*gear number at screw side" />
	<Message ID="LaserCtrlParam::122" Content="*gear number at motor side" />
	<Message ID="LaserCtrlParam::161" Content="*Pitch amount(um;mdeg)" />
	<Message ID="LaserCtrlParam::201" Content="Sensor type(0:Enc;1:Not defined;2:No)" />
	<Message ID="LaserCtrlParam::221" Content="Axis Type(0:Linear;1:Rotation)" />
	<Message ID="LaserCtrlParam::2401" Content="axis pos. coordinate of stroke limit(mm)" />
	<Message ID="LaserCtrlParam::2402" Content="axis neg. coordinate of stroke limit(mm)" />
	<Message ID="LaserCtrlParam::4092" Content="System compound feedrate preview time(ms)" />
</ResMap>
