﻿<Configuration HexNo="1">
	<Parameter>
		<No>1</No>
		<Size>4</Size>
		<Count>1</Count>
		<Max>2</Max>
		<Min>0</Min>
		<Permission>1</Permission>
		<Common>0</Common>
		<Default>0</Default>
		<Restore>1</Restore>
	</Parameter>

	<Parameter>
		<No>2</No>
		<Size>4</Size>
		<Count>1</Count>
		<Max>1</Max>
		<Min>0</Min>
		<Permission>1</Permission>
		<Common>0</Common>
		<Default>0</Default>
		<Restore>1</Restore>
	</Parameter>

	<Parameter>
		<No>10</No>
		<Size>4</Size>
		<Count>1</Count>
		<Max>4</Max>
		<Min>0</Min>
		<Permission>1</Permission>
		<Common>0</Common>
		<Default>0</Default>
		<Restore>1</Restore>
	</Parameter>

	<Parameter>
		<No>20</No>
		<Size>4</Size>
		<Count>1</Count>
		<Max>1</Max>
		<Min>0</Min>
		<Permission>1</Permission>
		<Common>1</Common>
		<Default>0</Default>
		<Restore>1</Restore>
	</Parameter>

	<Parameter>
		<No>21</No>
		<Size>4</Size>
		<Count>1</Count>
		<Max>1</Max>
		<Min>0</Min>
		<Permission>1</Permission>
		<Common>1</Common>
		<Default>0</Default>
		<Restore>1</Restore>
	</Parameter>

	<Parameter>
		<No>22</No>
		<Size>4</Size>
		<Count>1</Count>
		<Max>1</Max>
		<Min>0</Min>
		<Permission>1</Permission>
		<Common>0</Common>
		<Default>0</Default>
		<Restore>1</Restore>
	</Parameter>

	<Parameter>
		<No>30</No>
		<Size>4</Size>
		<Count>1</Count>
		<Max>1</Max>
		<Min>0</Min>
		<Permission>1</Permission>
		<Common>0</Common>
		<Default>1</Default>
		<Restore>1</Restore>
	</Parameter>

	<Parameter>
		<No>31</No>
		<Size>4</Size>
		<Count>1</Count>
		<Max>16</Max>
		<Min>1</Min>
		<Permission>0</Permission>
		<Common>1</Common>
		<Default>6</Default>
		<Restore>0</Restore>
	</Parameter>

	<Parameter>
		<No>32</No>
		<Size>4</Size>
		<Count>1</Count>
		<Max>921600</Max>
		<Min>9600</Min>
		<Permission>1</Permission>
		<Common>0</Common>
		<Default>115200</Default>
		<Restore>1</Restore>
	</Parameter>

	<Parameter>
		<No>34</No>
		<Size>4</Size>
		<Count>1</Count>
		<Max>2</Max>
		<Min>0</Min>
		<Permission>1</Permission>
		<Common>0</Common>
		<Default>0</Default>
		<Restore>1</Restore>
	</Parameter>

	<Parameter>
		<No>35</No>
		<Size>4</Size>
		<Count>1</Count>
		<Max>4</Max>
		<Min>1</Min>
		<Permission>1</Permission>
		<Common>0</Common>
		<Default>1</Default>
		<Restore>0</Restore>
	</Parameter>

	<Parameter>
		<No>36</No>
		<Size>4</Size>
		<Count>1</Count>
		<Max>1</Max>
		<Min>0</Min>
		<Permission>1</Permission>
		<Common>0</Common>
		<Default>0</Default>
		<Restore>1</Restore>
	</Parameter>

	<Parameter>
		<No>100</No>
		<Size>4</Size>
		<Count>1</Count>
		<Max>20000</Max>
		<Min>10</Min>
		<Permission>1</Permission>
		<Common>1</Common>
		<Default>400</Default>
		<Restore>1</Restore>
	</Parameter>

	<Parameter>
		<No>101</No>
		<Size>4</Size>
		<Count>1</Count>
		<Max>51200</Max>
		<Min>15</Min>
		<Permission>1</Permission>
		<Common>1</Common>
		<Default>3979</Default>
		<Restore>1</Restore>
	</Parameter>

	<Parameter>
		<No>102</No>
		<Size>4</Size>
		<Count>1</Count>
		<Max>20000</Max>
		<Min>10</Min>
		<Permission>1</Permission>
		<Common>1</Common>
		<Default>400</Default>
		<Restore>1</Restore>
	</Parameter>

	<Parameter>
		<No>103</No>
		<Size>4</Size>
		<Count>1</Count>
		<Max>20000</Max>
		<Min>0</Min>
		<Permission>1</Permission>
		<Common>1</Common>
		<Default>0</Default>
		<Restore>1</Restore>
	</Parameter>

	<Parameter>
		<No>110</No>
		<Size>4</Size>
		<Count>1</Count>
		<Max>1000</Max>
		<Min>50</Min>
		<Permission>1</Permission>
		<Common>1</Common>
		<Default>100</Default>
		<Restore>1</Restore>
	</Parameter>

	<Parameter>
		<No>111</No>
		<Size>4</Size>
		<Count>1</Count>
		<Max>1</Max>
		<Min>0</Min>
		<Permission>1</Permission>
		<Common>0</Common>
		<Default>0</Default>
		<Restore>1</Restore>
	</Parameter>

	<Parameter>
		<No>112</No>
		<Size>4</Size>
		<Count>1</Count>
		<Max>1000</Max>
		<Min>0</Min>
		<Permission>1</Permission>
		<Common>0</Common>
		<Default>577</Default>
		<Restore>1</Restore>
	</Parameter>

	<Parameter>
		<No>113</No>
		<Size>4</Size>
		<Count>1</Count>
		<Max>1000</Max>
		<Min>0</Min>
		<Permission>1</Permission>
		<Common>0</Common>
		<Default>333</Default>
		<Restore>1</Restore>
	</Parameter>

	<Parameter>
		<No>114</No>
		<Size>4</Size>
		<Count>1</Count>
		<Max>1000</Max>
		<Min>0</Min>
		<Permission>1</Permission>
		<Common>0</Common>
		<Default>816</Default>
		<Restore>1</Restore>
	</Parameter>

	<Parameter>
		<No>115</No>
		<Size>4</Size>
		<Count>1</Count>
		<Max>1000</Max>
		<Min>0</Min>
		<Permission>1</Permission>
		<Common>0</Common>
		<Default>667</Default>
		<Restore>1</Restore>
	</Parameter>

	<Parameter>
		<No>20A</No>
		<Size>4</Size>
		<Count>1</Count>
		<Max>999999999</Max>
		<Min>1</Min>
		<Permission>1</Permission>
		<Common>0</Common>
		<Default>1</Default>
		<Restore>1</Restore>
	</Parameter>

	<Parameter>
		<No>20C</No>
		<Size>4</Size>
		<Count>1</Count>
		<Max>999999999</Max>
		<Min>1</Min>
		<Permission>1</Permission>
		<Common>0</Common>
		<Default>1</Default>
		<Restore>1</Restore>
	</Parameter>

	<Parameter>
		<No>212</No>
		<Size>4</Size>
		<Count>1</Count>
		<Max>999999999</Max>
		<Min>1</Min>
		<Permission>1</Permission>
		<Common>0</Common>
		<Default>10000</Default>
		<Restore>1</Restore>
	</Parameter>

	<Parameter>
		<No>22A</No>
		<Size>4</Size>
		<Count>1</Count>
		<Max>1</Max>
		<Min>0</Min>
		<Permission>1</Permission>
		<Common>0</Common>
		<Default>0</Default>
		<Restore>1</Restore>
	</Parameter>

	<Parameter>
		<No>22C</No>
		<Size>4</Size>
		<Count>1</Count>
		<Max>1000000</Max>
		<Min>1</Min>
		<Permission>1</Permission>
		<Common>0</Common>
		<Default>40000</Default>
		<Restore>1</Restore>
	</Parameter>

	<Parameter>
		<No>242</No>
		<Size>4</Size>
		<Count>1</Count>
		<Max>2</Max>
		<Min>0</Min>
		<Permission>1</Permission>
		<Common>1</Common>
		<Default>2</Default>
		<Restore>1</Restore>
	</Parameter>

	<Parameter>
		<No>304</No>
		<Size>4</Size>
		<Count>1</Count>
		<Max>999999999</Max>
		<Min>0</Min>
		<Permission>1</Permission>
		<Common>0</Common>
		<Default>0</Default>
		<Restore>1</Restore>
	</Parameter>

	<Parameter>
		<No>306</No>
		<Size>4</Size>
		<Count>1</Count>
		<Max>60000</Max>
		<Min>0</Min>
		<Permission>1</Permission>
		<Common>1</Common>
		<Default>2000</Default>
		<Restore>1</Restore>
	</Parameter>

	<Parameter>
		<No>307</No>
		<Size>4</Size>
		<Count>1</Count>
		<Max>60000</Max>
		<Min>0</Min>
		<Permission>1</Permission>
		<Common>1</Common>
		<Default>50</Default>
		<Restore>1</Restore>
	</Parameter>

	<Parameter>
		<No>308</No>
		<Size>4</Size>
		<Count>1</Count>
		<Max>10000</Max>
		<Min>1</Min>
		<Permission>1</Permission>
		<Common>1</Common>
		<Default>50</Default>
		<Restore>1</Restore>
	</Parameter>

	<Parameter>
		<No>330</No>
		<Size>4</Size>
		<Count>1</Count>
		<Max>1</Max>
		<Min>0</Min>
		<Permission>1</Permission>
		<Common>0</Common>
		<Default>0</Default>
		<Restore>1</Restore>
	</Parameter>

	<Parameter>
		<No>331</No>
		<Size>4</Size>
		<Count>1</Count>
		<Max>1</Max>
		<Min>0</Min>
		<Permission>1</Permission>
		<Common>0</Common>
		<Default>0</Default>
		<Restore>1</Restore>
	</Parameter>

	<Parameter>
		<No>332</No>
		<Size>4</Size>
		<Count>1</Count>
		<Max>1</Max>
		<Min>0</Min>
		<Permission>1</Permission>
		<Common>0</Common>
		<Default>1</Default>
		<Restore>1</Restore>
	</Parameter>

	<Parameter>
		<No>333</No>
		<Size>4</Size>
		<Count>1</Count>
		<Max>1</Max>
		<Min>0</Min>
		<Permission>1</Permission>
		<Common>0</Common>
		<Default>1</Default>
		<Restore>1</Restore>
	</Parameter>

	<Parameter>
		<No>335</No>
		<Size>4</Size>
		<Count>1</Count>
		<Max>2</Max>
		<Min>0</Min>
		<Permission>1</Permission>
		<Common>0</Common>
		<Default>0</Default>
		<Restore>1</Restore>
	</Parameter>

	<Parameter>
		<No>401</No>
		<Size>4</Size>
		<Count>1</Count>
		<Max>10000</Max>
		<Min>1</Min>
		<Permission>1</Permission>
		<Common>1</Common>
		<Default>50</Default>
		<Restore>1</Restore>
	</Parameter>

	<Parameter>
		<No>409</No>
		<Size>4</Size>
		<Count>1</Count>
		<Max>5000</Max>
		<Min>5</Min>
		<Permission>1</Permission>
		<Common>0</Common>
		<Default>5000</Default>
		<Restore>1</Restore>
	</Parameter>

	<Parameter>
		<No>40A</No>
		<Size>4</Size>
		<Count>1</Count>
		<Max>500</Max>
		<Min>25</Min>
		<Permission>1</Permission>
		<Common>0</Common>
		<Default>70</Default>
		<Restore>1</Restore>
	</Parameter>

	<Parameter>
		<No>40B</No>
		<Size>4</Size>
		<Count>1</Count>
		<Max>1000</Max>
		<Min>1</Min>
		<Permission>1</Permission>
		<Common>0</Common>
		<Default>1000</Default>
		<Restore>1</Restore>
	</Parameter>

	<Parameter>
		<No>40C</No>
		<Size>4</Size>
		<Count>1</Count>
		<Max>5000</Max>
		<Min>5</Min>
		<Permission>1</Permission>
		<Common>0</Common>
		<Default>5000</Default>
		<Restore>1</Restore>
	</Parameter>

	<Parameter>
		<No>40D</No>
		<Size>4</Size>
		<Count>1</Count>
		<Max>500</Max>
		<Min>25</Min>
		<Permission>1</Permission>
		<Common>0</Common>
		<Default>70</Default>
		<Restore>1</Restore>
	</Parameter>

	<Parameter>
		<No>40E</No>
		<Size>4</Size>
		<Count>1</Count>
		<Max>1000</Max>
		<Min>1</Min>
		<Permission>1</Permission>
		<Common>0</Common>
		<Default>1000</Default>
		<Restore>1</Restore>
	</Parameter>

	<Parameter>
		<No>417</No>
		<Size>4</Size>
		<Count>1</Count>
		<Max>5000</Max>
		<Min>5</Min>
		<Permission>1</Permission>
		<Common>0</Common>
		<Default>5000</Default>
		<Restore>1</Restore>
	</Parameter>

	<Parameter>
		<No>418</No>
		<Size>4</Size>
		<Count>1</Count>
		<Max>500</Max>
		<Min>25</Min>
		<Permission>1</Permission>
		<Common>0</Common>
		<Default>70</Default>
		<Restore>1</Restore>
	</Parameter>

	<Parameter>
		<No>419</No>
		<Size>4</Size>
		<Count>1</Count>
		<Max>1000</Max>
		<Min>1</Min>
		<Permission>1</Permission>
		<Common>0</Common>
		<Default>1000</Default>
		<Restore>1</Restore>
	</Parameter>

	<Parameter>
		<No>423</No>
		<Size>4</Size>
		<Count>1</Count>
		<Max>1</Max>
		<Min>0</Min>
		<Permission>1</Permission>
		<Common>0</Common>
		<Default>0</Default>
		<Restore>1</Restore>
	</Parameter>

	<Parameter>
		<No>430</No>
		<Size>4</Size>
		<Count>1</Count>
		<Max>1</Max>
		<Min>0</Min>
		<Permission>1</Permission>
		<Common>0</Common>
		<Default>0</Default>
		<Restore>1</Restore>
	</Parameter>

	<Parameter>
		<No>440</No>
		<Size>4</Size>
		<Count>1</Count>
		<Max>1</Max>
		<Min>0</Min>
		<Permission>1</Permission>
		<Common>0</Common>
		<Default>1</Default>
		<Restore>1</Restore>
	</Parameter>

	<Parameter>
		<No>441</No>
		<Size>4</Size>
		<Count>1</Count>
		<Max>250</Max>
		<Min>10</Min>
		<Permission>1</Permission>
		<Common>0</Common>
		<Default>170</Default>
		<Restore>1</Restore>
	</Parameter>

	<Parameter>
		<No>442</No>
		<Size>4</Size>
		<Count>1</Count>
		<Max>6000</Max>
		<Min>0</Min>
		<Permission>1</Permission>
		<Common>0</Common>
		<Default>50</Default>
		<Restore>1</Restore>
	</Parameter>

	<Parameter>
		<No>443</No>
		<Size>4</Size>
		<Count>1</Count>
		<Max>1</Max>
		<Min>0</Min>
		<Permission>1</Permission>
		<Common>0</Common>
		<Default>0</Default>
		<Restore>1</Restore>
	</Parameter>

	<Parameter>
		<No>444</No>
		<Size>4</Size>
		<Count>1</Count>
		<Max>250</Max>
		<Min>10</Min>
		<Permission>1</Permission>
		<Common>0</Common>
		<Default>120</Default>
		<Restore>1</Restore>
	</Parameter>

	<Parameter>
		<No>445</No>
		<Size>4</Size>
		<Count>1</Count>
		<Max>6000</Max>
		<Min>0</Min>
		<Permission>1</Permission>
		<Common>0</Common>
		<Default>10</Default>
		<Restore>1</Restore>
	</Parameter>

	<Parameter>
		<No>461</No>
		<Size>4</Size>
		<Count>1</Count>
		<Max>1</Max>
		<Min>0</Min>
		<Permission>1</Permission>
		<Common>0</Common>
		<Default>0</Default>
		<Restore>1</Restore>
	</Parameter>

	<Parameter>
		<No>462</No>
		<Size>4</Size>
		<Count>1</Count>
		<Max>1</Max>
		<Min>0</Min>
		<Permission>1</Permission>
		<Common>0</Common>
		<Default>0</Default>
		<Restore>1</Restore>
	</Parameter>

	<Parameter>
		<No>463</No>
		<Size>4</Size>
		<Count>1</Count>
		<Max>1</Max>
		<Min>0</Min>
		<Permission>1</Permission>
		<Common>0</Common>
		<Default>0</Default>
		<Restore>1</Restore>
	</Parameter>

	<Parameter>
		<No>502</No>
		<Size>4</Size>
		<Count>1</Count>
		<Max>1000</Max>
		<Min>10</Min>
		<Permission>1</Permission>
		<Common>0</Common>
		<Default>150</Default>
		<Restore>1</Restore>
	</Parameter>

	<Parameter>
		<No>503</No>
		<Size>4</Size>
		<Count>1</Count>
		<Max>100</Max>
		<Min>0</Min>
		<Permission>1</Permission>
		<Common>0</Common>
		<Default>15</Default>
		<Restore>1</Restore>
	</Parameter>

	<Parameter>
		<No>506</No>
		<Size>4</Size>
		<Count>1</Count>
		<Max>500</Max>
		<Min>0</Min>
		<Permission>1</Permission>
		<Common>0</Common>
		<Default>0</Default>
		<Restore>1</Restore>
	</Parameter>

	<Parameter>
		<No>507</No>
		<Size>4</Size>
		<Count>1</Count>
		<Max>10000</Max>
		<Min>0</Min>
		<Permission>1</Permission>
		<Common>0</Common>
		<Default>100</Default>
		<Restore>1</Restore>
	</Parameter>

	<Parameter>
		<No>508</No>
		<Size>4</Size>
		<Count>1</Count>
		<Max>100</Max>
		<Min>10</Min>
		<Permission>1</Permission>
		<Common>0</Common>
		<Default>50</Default>
		<Restore>1</Restore>
	</Parameter>

	<Parameter>
		<No>50A</No>
		<Size>4</Size>
		<Count>1</Count>
		<Max>4199</Max>
		<Min>1000</Min>
		<Permission>1</Permission>
		<Common>0</Common>
		<Default>1000</Default>
		<Restore>1</Restore>
	</Parameter>

	<Parameter>
		<No>50B</No>
		<Size>4</Size>
		<Count>1</Count>
		<Max>4199</Max>
		<Min>1000</Min>
		<Permission>1</Permission>
		<Common>0</Common>
		<Default>1000</Default>
		<Restore>1</Restore>
	</Parameter>

	<Parameter>
		<No>50C</No>
		<Size>4</Size>
		<Count>1</Count>
		<Max>4199</Max>
		<Min>1000</Min>
		<Permission>1</Permission>
		<Common>0</Common>
		<Default>1000</Default>
		<Restore>1</Restore>
	</Parameter>

	<Parameter>
		<No>50D</No>
		<Size>4</Size>
		<Count>1</Count>
		<Max>4199</Max>
		<Min>1000</Min>
		<Permission>1</Permission>
		<Common>0</Common>
		<Default>1000</Default>
		<Restore>1</Restore>
	</Parameter>

	<Parameter>
		<No>50E</No>
		<Size>4</Size>
		<Count>1</Count>
		<Max>4199</Max>
		<Min>200</Min>
		<Permission>1</Permission>
		<Common>0</Common>
		<Default>1000</Default>
		<Restore>1</Restore>
	</Parameter>

	<Parameter>
		<No>50F</No>
		<Size>4</Size>
		<Count>1</Count>
		<Max>4199</Max>
		<Min>1000</Min>
		<Permission>1</Permission>
		<Common>0</Common>
		<Default>1000</Default>
		<Restore>1</Restore>
	</Parameter>

	<Parameter>
		<No>51A</No>
		<Size>4</Size>
		<Count>1</Count>
		<Max>999999999</Max>
		<Min>0</Min>
		<Permission>1</Permission>
		<Common>0</Common>
		<Default>3000</Default>
		<Restore>1</Restore>
	</Parameter>

	<Parameter>
		<No>522</No>
		<Size>4</Size>
		<Count>1</Count>
		<Max>10000</Max>
		<Min>1</Min>
		<Permission>1</Permission>
		<Common>1</Common>
		<Default>500</Default>
		<Restore>1</Restore>
	</Parameter>

	<Parameter>
		<No>640</No>
		<Size>4</Size>
		<Count>1</Count>
		<Max>7800</Max>
		<Min>1800</Min>
		<Permission>1</Permission>
		<Common>0</Common>
		<Default>3800</Default>
		<Restore>1</Restore>
	</Parameter>

	<Parameter>
		<No>641</No>
		<Size>4</Size>
		<Count>1</Count>
		<Max>10000</Max>
		<Min>0</Min>
		<Permission>0</Permission>
		<Common>0</Common>
		<Default>8000</Default>
		<Restore>0</Restore>
	</Parameter>

	<Parameter>
		<No>642</No>
		<Size>4</Size>
		<Count>1</Count>
		<Max>20000</Max>
		<Min>5000</Min>
		<Permission>1</Permission>
		<Common>0</Common>
		<Default>8000</Default>
		<Restore>1</Restore>
	</Parameter>

	<Parameter>
		<No>644</No>
		<Size>4</Size>
		<Count>1</Count>
		<Max>100</Max>
		<Min>0</Min>
		<Permission>0</Permission>
		<Common>0</Common>
		<Default>13</Default>
		<Restore>0</Restore>
	</Parameter>

	<Parameter>
		<No>645</No>
		<Size>4</Size>
		<Count>1</Count>
		<Max>2000</Max>
		<Min>0</Min>
		<Permission>0</Permission>
		<Common>0</Common>
		<Default>100</Default>
		<Restore>0</Restore>
	</Parameter>

	<Parameter>
		<No>650</No>
		<Size>4</Size>
		<Count>1</Count>
		<Max>30000</Max>
		<Min>0</Min>
		<Permission>0</Permission>
		<Common>0</Common>
		<Default>500</Default>
		<Restore>0</Restore>
	</Parameter>

	<Parameter>
		<No>651</No>
		<Size>4</Size>
		<Count>1</Count>
		<Max>30000</Max>
		<Min>0</Min>
		<Permission>0</Permission>
		<Common>0</Common>
		<Default>210</Default>
		<Restore>0</Restore>
	</Parameter>

	<Parameter>
		<No>652</No>
		<Size>4</Size>
		<Count>1</Count>
		<Max>8000</Max>
		<Min>0</Min>
		<Permission>0</Permission>
		<Common>0</Common>
		<Default>2000</Default>
		<Restore>0</Restore>
	</Parameter>

	<Parameter>
		<No>653</No>
		<Size>4</Size>
		<Count>1</Count>
		<Max>10000</Max>
		<Min>0</Min>
		<Permission>0</Permission>
		<Common>0</Common>
		<Default>2000</Default>
		<Restore>0</Restore>
	</Parameter>

	<Parameter>
		<No>654</No>
		<Size>4</Size>
		<Count>1</Count>
		<Max>5</Max>
		<Min>0</Min>
		<Permission>0</Permission>
		<Common>0</Common>
		<Default>0</Default>
		<Restore>0</Restore>
	</Parameter>

	<Parameter>
		<No>655</No>
		<Size>4</Size>
		<Count>1</Count>
		<Max>3</Max>
		<Min>0</Min>
		<Permission>0</Permission>
		<Common>0</Common>
		<Default>0</Default>
		<Restore>0</Restore>
	</Parameter>

	<Parameter>
		<No>656</No>
		<Size>4</Size>
		<Count>1</Count>
		<Max>6000</Max>
		<Min>0</Min>
		<Permission>0</Permission>
		<Common>0</Common>
		<Default>-1</Default>
		<Restore>0</Restore>
	</Parameter>

	<Parameter>
		<No>660</No>
		<Size>4</Size>
		<Count>1</Count>
		<Signed>1</Signed>
		<Max>3000</Max>
		<Min>-3000</Min>
		<Permission>1</Permission>
		<Common>0</Common>
		<Default>0</Default>
		<Restore>0</Restore>
	</Parameter>

	<Parameter>
		<No>661</No>
		<Size>4</Size>
		<Count>1</Count>
		<Signed>1</Signed>
		<Max>3000</Max>
		<Min>-3000</Min>
		<Permission>1</Permission>
		<Common>0</Common>
		<Default>0</Default>
		<Restore>0</Restore>
	</Parameter>

	<Parameter>
		<No>662</No>
		<Size>4</Size>
		<Count>1</Count>
		<Signed>1</Signed>
		<Max>3000</Max>
		<Min>-3000</Min>
		<Permission>1</Permission>
		<Common>0</Common>
		<Default>0</Default>
		<Restore>0</Restore>
	</Parameter>

	<Parameter>
		<No>663</No>
		<Size>4</Size>
		<Count>1</Count>
		<Max>2000</Max>
		<Min>500</Min>
		<Permission>1</Permission>
		<Common>0</Common>
		<Default>1000</Default>
		<Restore>0</Restore>
	</Parameter>

	<Parameter>
		<No>664</No>
		<Size>4</Size>
		<Count>1</Count>
		<Max>2000</Max>
		<Min>500</Min>
		<Permission>1</Permission>
		<Common>0</Common>
		<Default>1000</Default>
		<Restore>0</Restore>
	</Parameter>

	<Parameter>
		<No>665</No>
		<Size>4</Size>
		<Count>1</Count>
		<Max>2000</Max>
		<Min>500</Min>
		<Permission>1</Permission>
		<Common>0</Common>
		<Default>1000</Default>
		<Restore>0</Restore>
	</Parameter>

	<Parameter>
		<No>66E</No>
		<Size>4</Size>
		<Count>1</Count>
		<Max>1</Max>
		<Min>0</Min>
		<Permission>1</Permission>
		<Common>0</Common>
		<Default>0</Default>
		<Restore>0</Restore>
	</Parameter>

	<Parameter>
		<No>66F</No>
		<Size>4</Size>
		<Count>1</Count>
		<Max>10000</Max>
		<Min>0</Min>
		<Permission>0</Permission>
		<Common>0</Common>
		<Default>0</Default>
		<Restore>0</Restore>
	</Parameter>

	<Parameter>
		<No>670</No>
		<Size>4</Size>
		<Count>1</Count>
		<Max>65535</Max>
		<Min>0</Min>
		<Permission>0</Permission>
		<Common>0</Common>
		<Default>0</Default>
		<Restore>0</Restore>
	</Parameter>

	<Parameter>
		<No>671</No>
		<Size>4</Size>
		<Count>1</Count>
		<Max>65535</Max>
		<Min>0</Min>
		<Permission>0</Permission>
		<Common>0</Common>
		<Default>0</Default>
		<Restore>0</Restore>
	</Parameter>

	<Parameter>
		<No>672</No>
		<Size>4</Size>
		<Count>1</Count>
		<Max>65535</Max>
		<Min>0</Min>
		<Permission>0</Permission>
		<Common>0</Common>
		<Default>0</Default>
		<Restore>0</Restore>
	</Parameter>

	<Parameter>
		<No>673</No>
		<Size>4</Size>
		<Count>1</Count>
		<Max>65535</Max>
		<Min>0</Min>
		<Permission>0</Permission>
		<Common>0</Common>
		<Default>0</Default>
		<Restore>0</Restore>
	</Parameter>

	<Parameter>
		<No>674</No>
		<Size>4</Size>
		<Count>1</Count>
		<Max>65535</Max>
		<Min>0</Min>
		<Permission>0</Permission>
		<Common>0</Common>
		<Default>0</Default>
		<Restore>0</Restore>
	</Parameter>

	<Parameter>
		<No>675</No>
		<Size>4</Size>
		<Count>1</Count>
		<Max>65535</Max>
		<Min>0</Min>
		<Permission>0</Permission>
		<Common>0</Common>
		<Default>0</Default>
		<Restore>0</Restore>
	</Parameter>

	<Parameter>
		<No>676</No>
		<Size>4</Size>
		<Count>1</Count>
		<Max>65535</Max>
		<Min>0</Min>
		<Permission>0</Permission>
		<Common>0</Common>
		<Default>0</Default>
		<Restore>0</Restore>
	</Parameter>

	<Parameter>
		<No>677</No>
		<Size>4</Size>
		<Count>1</Count>
		<Max>65535</Max>
		<Min>0</Min>
		<Permission>0</Permission>
		<Common>0</Common>
		<Default>0</Default>
		<Restore>0</Restore>
	</Parameter>

	<Parameter>
		<No>678</No>
		<Size>4</Size>
		<Count>1</Count>
		<Max>65535</Max>
		<Min>0</Min>
		<Permission>0</Permission>
		<Common>0</Common>
		<Default>0</Default>
		<Restore>0</Restore>
	</Parameter>

	<Parameter>
		<No>679</No>
		<Size>4</Size>
		<Count>1</Count>
		<Max>65535</Max>
		<Min>0</Min>
		<Permission>0</Permission>
		<Common>0</Common>
		<Default>0</Default>
		<Restore>0</Restore>
	</Parameter>

	<Parameter>
		<No>67A</No>
		<Size>4</Size>
		<Count>1</Count>
		<Max>65535</Max>
		<Min>0</Min>
		<Permission>0</Permission>
		<Common>0</Common>
		<Default>0</Default>
		<Restore>0</Restore>
	</Parameter>

	<Parameter>
		<No>67B</No>
		<Size>4</Size>
		<Count>1</Count>
		<Max>65535</Max>
		<Min>0</Min>
		<Permission>0</Permission>
		<Common>0</Common>
		<Default>0</Default>
		<Restore>0</Restore>
	</Parameter>

	<Parameter>
		<No>67C</No>
		<Size>4</Size>
		<Count>1</Count>
		<Max>65535</Max>
		<Min>0</Min>
		<Permission>0</Permission>
		<Common>0</Common>
		<Default>0</Default>
		<Restore>0</Restore>
	</Parameter>

	<Parameter>
		<No>67D</No>
		<Size>4</Size>
		<Count>1</Count>
		<Max>65535</Max>
		<Min>0</Min>
		<Permission>0</Permission>
		<Common>0</Common>
		<Default>0</Default>
		<Restore>0</Restore>
	</Parameter>

	<Parameter>
		<No>67E</No>
		<Size>4</Size>
		<Count>1</Count>
		<Max>65535</Max>
		<Min>0</Min>
		<Permission>0</Permission>
		<Common>0</Common>
		<Default>0</Default>
		<Restore>0</Restore>
	</Parameter>

	<Parameter>
		<No>688</No>
		<Size>4</Size>
		<Count>1</Count>
		<Max>32767</Max>
		<Min>-32768</Min>
		<Permission>0</Permission>
		<Common>0</Common>
		<Default>0</Default>
		<Restore>0</Restore>
	</Parameter>

	<Parameter>
		<No>689</No>
		<Size>4</Size>
		<Count>1</Count>
		<Max>32767</Max>
		<Min>-32768</Min>
		<Permission>0</Permission>
		<Common>0</Common>
		<Default>0</Default>
		<Restore>0</Restore>
	</Parameter>

	<Parameter>
		<No>68A</No>
		<Size>4</Size>
		<Count>1</Count>
		<Max>32767</Max>
		<Min>-32768</Min>
		<Permission>0</Permission>
		<Common>0</Common>
		<Default>0</Default>
		<Restore>0</Restore>
	</Parameter>

	<Parameter>
		<No>68B</No>
		<Size>4</Size>
		<Count>1</Count>
		<Max>32767</Max>
		<Min>-32768</Min>
		<Permission>0</Permission>
		<Common>0</Common>
		<Default>0</Default>
		<Restore>0</Restore>
	</Parameter>

	<Parameter>
		<No>68C</No>
		<Size>4</Size>
		<Count>1</Count>
		<Max>32767</Max>
		<Min>-32768</Min>
		<Permission>0</Permission>
		<Common>0</Common>
		<Default>0</Default>
		<Restore>0</Restore>
	</Parameter>

	<Parameter>
		<No>68D</No>
		<Size>4</Size>
		<Count>1</Count>
		<Max>32767</Max>
		<Min>-32768</Min>
		<Permission>0</Permission>
		<Common>0</Common>
		<Default>0</Default>
		<Restore>0</Restore>
	</Parameter>

	<Parameter>
		<No>68E</No>
		<Size>4</Size>
		<Count>1</Count>
		<Max>32767</Max>
		<Min>-32768</Min>
		<Permission>0</Permission>
		<Common>0</Common>
		<Default>0</Default>
		<Restore>0</Restore>
	</Parameter>

	<Parameter>
		<No>68F</No>
		<Size>4</Size>
		<Count>1</Count>
		<Max>32767</Max>
		<Min>-32768</Min>
		<Permission>0</Permission>
		<Common>0</Common>
		<Default>0</Default>
		<Restore>0</Restore>
	</Parameter>

	<Parameter>
		<No>690</No>
		<Size>4</Size>
		<Count>1</Count>
		<Max>32767</Max>
		<Min>-32768</Min>
		<Permission>0</Permission>
		<Common>0</Common>
		<Default>0</Default>
		<Restore>0</Restore>
	</Parameter>

	<Parameter>
		<No>691</No>
		<Size>4</Size>
		<Count>1</Count>
		<Max>32767</Max>
		<Min>-32768</Min>
		<Permission>0</Permission>
		<Common>0</Common>
		<Default>0</Default>
		<Restore>0</Restore>
	</Parameter>

	<Parameter>
		<No>692</No>
		<Size>4</Size>
		<Count>1</Count>
		<Max>32767</Max>
		<Min>-32768</Min>
		<Permission>0</Permission>
		<Common>0</Common>
		<Default>0</Default>
		<Restore>0</Restore>
	</Parameter>

	<Parameter>
		<No>693</No>
		<Size>4</Size>
		<Count>1</Count>
		<Max>32767</Max>
		<Min>-32768</Min>
		<Permission>0</Permission>
		<Common>0</Common>
		<Default>0</Default>
		<Restore>0</Restore>
	</Parameter>

	<Parameter>
		<No>694</No>
		<Size>4</Size>
		<Count>1</Count>
		<Max>32767</Max>
		<Min>-32768</Min>
		<Permission>0</Permission>
		<Common>0</Common>
		<Default>0</Default>
		<Restore>0</Restore>
	</Parameter>

	<Parameter>
		<No>695</No>
		<Size>4</Size>
		<Count>1</Count>
		<Max>32767</Max>
		<Min>-32768</Min>
		<Permission>0</Permission>
		<Common>0</Common>
		<Default>0</Default>
		<Restore>0</Restore>
	</Parameter>

	<Parameter>
		<No>696</No>
		<Size>4</Size>
		<Count>1</Count>
		<Max>32767</Max>
		<Min>-32768</Min>
		<Permission>0</Permission>
		<Common>0</Common>
		<Default>0</Default>
		<Restore>0</Restore>
	</Parameter>

	<Parameter>
		<No>700</No>
		<Size>4</Size>
		<Count>1</Count>
		<Max>2</Max>
		<Min>0</Min>
		<Permission>1</Permission>
		<Common>0</Common>
		<Default>0</Default>
		<Restore>1</Restore>
	</Parameter>

	<Parameter>
		<No>701</No>
		<Size>4</Size>
		<Count>1</Count>
		<Max>256</Max>
		<Min>1</Min>
		<Permission>1</Permission>
		<Common>0</Common>
		<Default>4</Default>
		<Restore>1</Restore>
	</Parameter>

	<Parameter>
		<No>702</No>
		<Size>4</Size>
		<Count>1</Count>
		<Max>100000</Max>
		<Min>10</Min>
		<Permission>1</Permission>
		<Common>0</Common>
		<Default>100</Default>
		<Restore>1</Restore>
	</Parameter>

	<Parameter>
		<No>704</No>
		<Size>4</Size>
		<Count>1</Count>
		<Max>999999999</Max>
		<Min>0</Min>
		<Permission>0</Permission>
		<Common>0</Common>
		<Default>0</Default>
		<Restore>0</Restore>
	</Parameter>

	<Parameter>
		<No>706</No>
		<Size>4</Size>
		<Count>1</Count>
		<Max>999999999</Max>
		<Min>0</Min>
		<Permission>0</Permission>
		<Common>0</Common>
		<Default>0</Default>
		<Restore>0</Restore>
	</Parameter>

	<Parameter>
		<No>708</No>
		<Size>4</Size>
		<Count>1</Count>
		<Max>30000</Max>
		<Min>1</Min>
		<Permission>1</Permission>
		<Common>0</Common>
		<Default>0</Default>
		<Restore>1</Restore>
	</Parameter>

	<Parameter>
		<No>70A</No>
		<Size>4</Size>
		<Count>1</Count>
		<Max>5000</Max>
		<Min>1000</Min>
		<Permission>1</Permission>
		<Common>0</Common>
		<Default>3000</Default>
		<Restore>1</Restore>
	</Parameter>

	<Parameter>
		<No>70C</No>
		<Size>4</Size>
		<Count>1</Count>
		<Max>120000</Max>
		<Min>50</Min>
		<Permission>1</Permission>
		<Common>0</Common>
		<Default>2000</Default>
		<Restore>1</Restore>
	</Parameter>

	<Parameter>
		<No>70E</No>
		<Size>4</Size>
		<Count>1</Count>
		<Max>120000</Max>
		<Min>50</Min>
		<Permission>1</Permission>
		<Common>0</Common>
		<Default>2000</Default>
		<Restore>1</Restore>
	</Parameter>

	<Parameter>
		<No>710</No>
		<Size>4</Size>
		<Count>1</Count>
		<Max>30000</Max>
		<Min>1</Min>
		<Permission>1</Permission>
		<Common>0</Common>
		<Default>1</Default>
		<Restore>1</Restore>
	</Parameter>

	<Parameter>
		<No>712</No>
		<Size>4</Size>
		<Count>1</Count>
		<Max>10000</Max>
		<Min>1000</Min>
		<Permission>1</Permission>
		<Common>0</Common>
		<Default>280</Default>
		<Restore>1</Restore>
	</Parameter>

	<Parameter>
		<No>714</No>
		<Size>4</Size>
		<Count>1</Count>
		<Max>1000000</Max>
		<Min>10</Min>
		<Permission>1</Permission>
		<Common>0</Common>
		<Default>10000</Default>
		<Restore>1</Restore>
	</Parameter>

	<Parameter>
		<No>716</No>
		<Size>4</Size>
		<Count>1</Count>
		<Max>1000000</Max>
		<Min>10</Min>
		<Permission>1</Permission>
		<Common>0</Common>
		<Default>10000</Default>
		<Restore>1</Restore>
	</Parameter>

	<Parameter>
		<No>718</No>
		<Size>4</Size>
		<Count>1</Count>
		<Max>1000000</Max>
		<Min>10</Min>
		<Permission>1</Permission>
		<Common>0</Common>
		<Default>1000</Default>
		<Restore>1</Restore>
	</Parameter>

	<Parameter>
		<No>71A</No>
		<Size>4</Size>
		<Count>1</Count>
		<Max>1000</Max>
		<Min>0</Min>
		<Permission>1</Permission>
		<Common>0</Common>
		<Default>100</Default>
		<Restore>1</Restore>
	</Parameter>

	<Parameter>
		<No>71C</No>
		<Size>4</Size>
		<Count>1</Count>
		<Max>1000</Max>
		<Min>10</Min>
		<Permission>1</Permission>
		<Common>0</Common>
		<Default>400</Default>
		<Restore>1</Restore>
	</Parameter>

	<Parameter>
		<No>71E</No>
		<Size>4</Size>
		<Count>1</Count>
		<Max>100000</Max>
		<Min>10</Min>
		<Permission>1</Permission>
		<Common>0</Common>
		<Default>180</Default>
		<Restore>1</Restore>
	</Parameter>

	<Parameter>
		<No>720</No>
		<Size>4</Size>
		<Count>1</Count>
		<Max>999999999</Max>
		<Min>1</Min>
		<Permission>1</Permission>
		<Common>0</Common>
		<Default>100000</Default>
		<Restore>1</Restore>
	</Parameter>

	<Parameter>
		<No>722</No>
		<Size>4</Size>
		<Count>1</Count>
		<Max>100000000</Max>
		<Min>1</Min>
		<Permission>1</Permission>
		<Common>0</Common>
		<Default>50000</Default>
		<Restore>1</Restore>
	</Parameter>

	<Parameter>
		<No>724</No>
		<Size>4</Size>
		<Count>1</Count>
		<Max>359999</Max>
		<Min>0</Min>
		<Permission>1</Permission>
		<Common>0</Common>
		<Default>0</Default>
		<Restore>1</Restore>
	</Parameter>

	<Parameter>
		<No>726</No>
		<Size>4</Size>
		<Count>1</Count>
		<Max>100000</Max>
		<Min>500</Min>
		<Permission>1</Permission>
		<Common>0</Common>
		<Default>10000</Default>
		<Restore>1</Restore>
	</Parameter>

	<Parameter>
		<No>728</No>
		<Size>4</Size>
		<Count>1</Count>
		<Max>10000</Max>
		<Min>1</Min>
		<Permission>1</Permission>
		<Common>0</Common>
		<Default>260</Default>
		<Restore>1</Restore>
	</Parameter>

	<Parameter>
		<No>72A</No>
		<Size>4</Size>
		<Count>1</Count>
		<Max>2400</Max>
		<Min>10</Min>
		<Permission>1</Permission>
		<Common>0</Common>
		<Default>180</Default>
		<Restore>1</Restore>
	</Parameter>

	<Parameter>
		<No>740</No>
		<Size>4</Size>
		<Count>1</Count>
		<Max>1</Max>
		<Min>0</Min>
		<Permission>1</Permission>
		<Common>3</Common>
		<Default>0</Default>
		<Restore>0</Restore>
	</Parameter>

	<Parameter>
		<No>741</No>
		<Size>4</Size>
		<Count>1</Count>
		<Max>150</Max>
		<Min>80</Min>
		<Permission>1</Permission>
		<Common>3</Common>
		<Default>120</Default>
		<Restore>0</Restore>
	</Parameter>

	<Parameter>
		<No>742</No>
		<Size>4</Size>
		<Count>1</Count>
		<Max>145</Max>
		<Min>0</Min>
		<Permission>1</Permission>
		<Common>1</Common>
		<Default>0</Default>
		<Restore>1</Restore>
	</Parameter>

	<Parameter>
		<No>743</No>
		<Size>4</Size>
		<Count>1</Count>
		<Max>145</Max>
		<Min>0</Min>
		<Permission>1</Permission>
		<Common>1</Common>
		<Default>0</Default>
		<Restore>1</Restore>
	</Parameter>

	<Parameter>
		<No>744</No>
		<Size>4</Size>
		<Count>1</Count>
		<Max>145</Max>
		<Min>0</Min>
		<Permission>1</Permission>
		<Common>0</Common>
		<Default>0</Default>
		<Restore>1</Restore>
	</Parameter>

	<Parameter>
		<No>745</No>
		<Size>4</Size>
		<Count>1</Count>
		<Max>145</Max>
		<Min>0</Min>
		<Permission>1</Permission>
		<Common>0</Common>
		<Default>0</Default>
		<Restore>1</Restore>
	</Parameter>

	<Parameter>
		<No>746</No>
		<Size>4</Size>
		<Count>1</Count>
		<Max>145</Max>
		<Min>0</Min>
		<Permission>1</Permission>
		<Common>0</Common>
		<Default>0</Default>
		<Restore>1</Restore>
	</Parameter>

	<Parameter>
		<No>747</No>
		<Size>4</Size>
		<Count>1</Count>
		<Max>145</Max>
		<Min>0</Min>
		<Permission>1</Permission>
		<Common>0</Common>
		<Default>0</Default>
		<Restore>1</Restore>
	</Parameter>

	<Parameter>
		<No>800</No>
		<Size>4</Size>
		<Count>1</Count>
		<Max>1</Max>
		<Min>0</Min>
		<Permission>1</Permission>
		<Common>1</Common>
		<Default>0</Default>
		<Restore>1</Restore>
	</Parameter>

	<Parameter>
		<No>801</No>
		<Size>4</Size>
		<Count>1</Count>
		<Max>100</Max>
		<Min>10</Min>
		<Permission>1</Permission>
		<Common>0</Common>
		<Default>100</Default>
		<Restore>1</Restore>
	</Parameter>

	<Parameter>
		<No>802</No>
		<Size>4</Size>
		<Count>1</Count>
		<Max>1</Max>
		<Min>0</Min>
		<Permission>1</Permission>
		<Common>0</Common>
		<Default>0</Default>
		<Restore>1</Restore>
	</Parameter>

	<Parameter>
		<No>900</No>
		<Size>4</Size>
		<Count>1</Count>
		<Max>30</Max>
		<Min>0</Min>
		<Permission>1</Permission>
		<Common>1</Common>
		<Default>2</Default>
		<Restore>1</Restore>
	</Parameter>

	<Parameter>
		<No>901</No>
		<Size>4</Size>
		<Count>1</Count>
		<Max>8</Max>
		<Min>0</Min>
		<Permission>1</Permission>
		<Common>0</Common>
		<Default>0</Default>
		<Restore>1</Restore>
	</Parameter>

	<Parameter>
		<No>902</No>
		<Size>4</Size>
		<Count>1</Count>
		<Max>999999999</Max>
		<Min>1</Min>
		<Permission>1</Permission>
		<Common>1</Common>
		<Default>10000</Default>
		<Restore>1</Restore>
	</Parameter>

	<Parameter>
		<No>904</No>
		<Size>4</Size>
		<Count>1</Count>
		<Max>2</Max>
		<Min>0</Min>
		<Permission>1</Permission>
		<Common>0</Common>
		<Default>0</Default>
		<Restore>1</Restore>
	</Parameter>

	<Parameter>
		<No>905</No>
		<Size>4</Size>
		<Count>1</Count>
		<Max>4095</Max>
		<Min>0</Min>
		<Permission>1</Permission>
		<Common>0</Common>
		<Default>2047</Default>
		<Restore>1</Restore>
	</Parameter>

	<Parameter>
		<No>906</No>
		<Size>4</Size>
		<Count>1</Count>
		<Max>4095</Max>
		<Min>0</Min>
		<Permission>1</Permission>
		<Common>0</Common>
		<Default>2047</Default>
		<Restore>1</Restore>
	</Parameter>

	<Parameter>
		<No>907</No>
		<Size>4</Size>
		<Count>1</Count>
		<Max>2000</Max>
		<Min>0</Min>
		<Permission>1</Permission>
		<Common>0</Common>
		<Default>1000</Default>
		<Restore>1</Restore>
	</Parameter>

	<Parameter>
		<No>908</No>
		<Size>4</Size>
		<Count>1</Count>
		<Max>2000</Max>
		<Min>0</Min>
		<Permission>1</Permission>
		<Common>0</Common>
		<Default>1000</Default>
		<Restore>1</Restore>
	</Parameter>

	<Parameter>
		<No>909</No>
		<Size>4</Size>
		<Count>1</Count>
		<Max>10000</Max>
		<Min>8000</Min>
		<Permission>1</Permission>
		<Common>0</Common>
		<Default>9000</Default>
		<Restore>1</Restore>
	</Parameter>

	<Parameter>
		<No>90A</No>
		<Size>4</Size>
		<Count>1</Count>
		<Max>65536</Max>
		<Min>1</Min>
		<Permission>1</Permission>
		<Common>0</Common>
		<Default>64</Default>
		<Restore>1</Restore>
	</Parameter>

	<Parameter>
		<No>90B</No>
		<Size>4</Size>
		<Count>1</Count>
		<Max>8192</Max>
		<Min>0</Min>
		<Permission>1</Permission>
		<Common>0</Common>
		<Default>4096</Default>
		<Restore>1</Restore>
	</Parameter>

	<Parameter>
		<No>90C</No>
		<Size>4</Size>
		<Count>1</Count>
		<Max>1</Max>
		<Min>0</Min>
		<Permission>1</Permission>
		<Common>1</Common>
		<Default>0</Default>
		<Restore>0</Restore>
	</Parameter>

	<Parameter>
		<No>90D</No>
		<Size>4</Size>
		<Count>1</Count>
		<Max>10</Max>
		<Min>0</Min>
		<Permission>1</Permission>
		<Common>0</Common>
		<Default>0</Default>
		<Restore>1</Restore>
	</Parameter>

	<Parameter>
		<No>90E</No>
		<Size>4</Size>
		<Count>1</Count>
		<Max>5</Max>
		<Min>0</Min>
		<Permission>1</Permission>
		<Common>0</Common>
		<Default>0</Default>
		<Restore>1</Restore>
	</Parameter>

	<Parameter>
		<No>90F</No>
		<Size>4</Size>
		<Count>1</Count>
		<Signed>1</Signed>
		<Max>3</Max>
		<Min>-1</Min>
		<Permission>1</Permission>
		<Common>0</Common>
		<Default>-1</Default>
		<Restore>1</Restore>
	</Parameter>

	<Parameter>
		<No>920</No>
		<Size>4</Size>
		<Count>1</Count>
		<Max>30</Max>
		<Min>0</Min>
		<Permission>1</Permission>
		<Common>0</Common>
		<Default>0</Default>
		<Restore>1</Restore>
	</Parameter>

	<Parameter>
		<No>921</No>
		<Size>4</Size>
		<Count>1</Count>
		<Max>8</Max>
		<Min>0</Min>
		<Permission>1</Permission>
		<Common>0</Common>
		<Default>0</Default>
		<Restore>1</Restore>
	</Parameter>

	<Parameter>
		<No>922</No>
		<Size>4</Size>
		<Count>1</Count>
		<Max>999999999</Max>
		<Min>1</Min>
		<Permission>1</Permission>
		<Common>0</Common>
		<Default>10000</Default>
		<Restore>1</Restore>
	</Parameter>

	<Parameter>
		<No>924</No>
		<Size>4</Size>
		<Count>1</Count>
		<Max>2</Max>
		<Min>0</Min>
		<Permission>1</Permission>
		<Common>0</Common>
		<Default>0</Default>
		<Restore>1</Restore>
	</Parameter>

	<Parameter>
		<No>925</No>
		<Size>4</Size>
		<Count>1</Count>
		<Max>4095</Max>
		<Min>0</Min>
		<Permission>1</Permission>
		<Common>0</Common>
		<Default>2047</Default>
		<Restore>1</Restore>
	</Parameter>

	<Parameter>
		<No>926</No>
		<Size>4</Size>
		<Count>1</Count>
		<Max>4095</Max>
		<Min>0</Min>
		<Permission>1</Permission>
		<Common>0</Common>
		<Default>2047</Default>
		<Restore>1</Restore>
	</Parameter>

	<Parameter>
		<No>927</No>
		<Size>4</Size>
		<Count>1</Count>
		<Max>2000</Max>
		<Min>0</Min>
		<Permission>1</Permission>
		<Common>0</Common>
		<Default>1000</Default>
		<Restore>1</Restore>
	</Parameter>

	<Parameter>
		<No>928</No>
		<Size>4</Size>
		<Count>1</Count>
		<Max>2000</Max>
		<Min>0</Min>
		<Permission>1</Permission>
		<Common>0</Common>
		<Default>1000</Default>
		<Restore>1</Restore>
	</Parameter>

	<Parameter>
		<No>929</No>
		<Size>4</Size>
		<Count>1</Count>
		<Max>10000</Max>
		<Min>8000</Min>
		<Permission>1</Permission>
		<Common>0</Common>
		<Default>9000</Default>
		<Restore>1</Restore>
	</Parameter>

	<Parameter>
		<No>92A</No>
		<Size>4</Size>
		<Count>1</Count>
		<Max>65536</Max>
		<Min>1</Min>
		<Permission>1</Permission>
		<Common>0</Common>
		<Default>64</Default>
		<Restore>1</Restore>
	</Parameter>

	<Parameter>
		<No>92B</No>
		<Size>4</Size>
		<Count>1</Count>
		<Max>8192</Max>
		<Min>0</Min>
		<Permission>1</Permission>
		<Common>0</Common>
		<Default>4096</Default>
		<Restore>1</Restore>
	</Parameter>

	<Parameter>
		<No>92C</No>
		<Size>4</Size>
		<Count>1</Count>
		<Max>1</Max>
		<Min>0</Min>
		<Permission>1</Permission>
		<Common>0</Common>
		<Default>0</Default>
		<Restore>0</Restore>
	</Parameter>

	<Parameter>
		<No>92D</No>
		<Size>4</Size>
		<Count>1</Count>
		<Max>10</Max>
		<Min>0</Min>
		<Permission>1</Permission>
		<Common>0</Common>
		<Default>0</Default>
		<Restore>0</Restore>
	</Parameter>

	<Parameter>
		<No>92E</No>
		<Size>4</Size>
		<Count>1</Count>
		<Max>5</Max>
		<Min>0</Min>
		<Permission>1</Permission>
		<Common>0</Common>
		<Default>0</Default>
		<Restore>0</Restore>
	</Parameter>

	<Parameter>
		<No>92F</No>
		<Size>4</Size>
		<Count>1</Count>
		<Signed>1</Signed>
		<Max>3</Max>
		<Min>-1</Min>
		<Permission>1</Permission>
		<Common>0</Common>
		<Default>-1</Default>
		<Restore>0</Restore>
	</Parameter>

	<Parameter>
		<No>C01</No>
		<Size>4</Size>
		<Count>1</Count>
		<Max>32767</Max>
		<Min>0</Min>
		<Permission>1</Permission>
		<Common>3</Common>
		<Default>0</Default>
		<Restore>0</Restore>
	</Parameter>

	<Parameter>
		<No>C02</No>
		<Size>4</Size>
		<Count>1</Count>
		<Max>2</Max>
		<Min>0</Min>
		<Permission>1</Permission>
		<Common>3</Common>
		<Default>0</Default>
		<Restore>0</Restore>
	</Parameter>

	<Parameter>
		<No>C03</No>
		<Size>4</Size>
		<Count>1</Count>
		<Max>65535</Max>
		<Min>0</Min>
		<Permission>1</Permission>
		<Common>3</Common>
		<Default>0</Default>
		<Restore>0</Restore>
	</Parameter>

	<Parameter>
		<No>C10</No>
		<Size>4</Size>
		<Count>1</Count>
		<Max>1</Max>
		<Min>0</Min>
		<Permission>1</Permission>
		<Common>3</Common>
		<Default>0</Default>
		<Restore>0</Restore>
	</Parameter>

	<Parameter>
		<No>C11</No>
		<Size>4</Size>
		<Count>1</Count>
		<Max>1</Max>
		<Min>0</Min>
		<Permission>1</Permission>
		<Common>3</Common>
		<Default>0</Default>
		<Restore>0</Restore>
	</Parameter>

	<Parameter>
		<No>C12</No>
		<Size>4</Size>
		<Count>1</Count>
		<Max>1</Max>
		<Min>0</Min>
		<Permission>1</Permission>
		<Common>3</Common>
		<Default>0</Default>
		<Restore>0</Restore>
	</Parameter>

	<Parameter>
		<No>C13</No>
		<Size>4</Size>
		<Count>1</Count>
		<Max>1</Max>
		<Min>0</Min>
		<Permission>1</Permission>
		<Common>3</Common>
		<Default>0</Default>
		<Restore>0</Restore>
	</Parameter>

	<Parameter>
		<No>C20</No>
		<Size>4</Size>
		<Count>1</Count>
		<Max>1</Max>
		<Min>0</Min>
		<Permission>1</Permission>
		<Common>3</Common>
		<Default>0</Default>
		<Restore>0</Restore>
	</Parameter>

	<Parameter>
		<No>C22</No>
		<Size>4</Size>
		<Count>1</Count>
		<Max>1</Max>
		<Min>0</Min>
		<Permission>1</Permission>
		<Common>3</Common>
		<Default>0</Default>
		<Restore>0</Restore>
	</Parameter>

	<Parameter>
		<No>C30</No>
		<Size>4</Size>
		<Count>1</Count>
		<Max>32767</Max>
		<Min>0</Min>
		<Permission>1</Permission>
		<Common>3</Common>
		<Default>0</Default>
		<Restore>0</Restore>
	</Parameter>

	<Parameter>
		<No>C31</No>
		<Size>4</Size>
		<Count>1</Count>
		<Max>32767</Max>
		<Min>0</Min>
		<Permission>1</Permission>
		<Common>3</Common>
		<Default>0</Default>
		<Restore>0</Restore>
	</Parameter>

	<Parameter>
		<No>C32</No>
		<Size>4</Size>
		<Count>1</Count>
		<Max>32767</Max>
		<Min>0</Min>
		<Permission>1</Permission>
		<Common>3</Common>
		<Default>0</Default>
		<Restore>0</Restore>
	</Parameter>

	<Parameter>
		<No>C33</No>
		<Size>4</Size>
		<Count>1</Count>
		<Max>32767</Max>
		<Min>0</Min>
		<Permission>1</Permission>
		<Common>3</Common>
		<Default>0</Default>
		<Restore>0</Restore>
	</Parameter>

	<Parameter>
		<No>D43</No>
		<Size>4</Size>
		<Count>1</Count>
		<Signed>1</Signed>
		<Max>999999999</Max>
		<Min>-999999999</Min>
		<Permission>0</Permission>
		<Common>3</Common>
		<Default>0</Default>
		<Restore>0</Restore>
	</Parameter>

	<Parameter>
		<No>D50</No>
		<Size>4</Size>
		<Count>1</Count>
		<Signed>1</Signed>
		<Max>999999999</Max>
		<Min>-999999999</Min>
		<Permission>0</Permission>
		<Common>3</Common>
		<Default>0</Default>
		<Restore>0</Restore>
	</Parameter>

	<Parameter>
		<No>D51</No>
		<Size>4</Size>
		<Count>1</Count>
		<Signed>1</Signed>
		<Max>999999999</Max>
		<Min>-999999999</Min>
		<Permission>0</Permission>
		<Common>3</Common>
		<Default>0</Default>
		<Restore>0</Restore>
	</Parameter>

	<Parameter>
		<No>D52</No>
		<Size>4</Size>
		<Count>1</Count>
		<Signed>1</Signed>
		<Max>999999999</Max>
		<Min>-999999999</Min>
		<Permission>0</Permission>
		<Common>3</Common>
		<Default>0</Default>
		<Restore>0</Restore>
	</Parameter>

	<Parameter>
		<No>D53</No>
		<Size>4</Size>
		<Count>1</Count>
		<Signed>1</Signed>
		<Max>999999999</Max>
		<Min>-999999999</Min>
		<Permission>0</Permission>
		<Common>3</Common>
		<Default>0</Default>
		<Restore>0</Restore>
	</Parameter>

	<Parameter>
		<No>D54</No>
		<Size>4</Size>
		<Count>1</Count>
		<Signed>1</Signed>
		<Max>999999999</Max>
		<Min>-999999999</Min>
		<Permission>0</Permission>
		<Common>3</Common>
		<Default>0</Default>
		<Restore>0</Restore>
	</Parameter>

	<Parameter>
		<No>D5A</No>
		<Size>4</Size>
		<Count>1</Count>
		<Signed>1</Signed>
		<Max>999999999</Max>
		<Min>-999999999</Min>
		<Permission>0</Permission>
		<Common>3</Common>
		<Default>0</Default>
		<Restore>0</Restore>
	</Parameter>

	<Parameter>
		<No>D5B</No>
		<Size>4</Size>
		<Count>1</Count>
		<Signed>1</Signed>
		<Max>999999999</Max>
		<Min>-999999999</Min>
		<Permission>0</Permission>
		<Common>3</Common>
		<Default>0</Default>
		<Restore>0</Restore>
	</Parameter>

	<Parameter>
		<No>D80</No>
		<Size>4</Size>
		<Count>1</Count>
		<Signed>1</Signed>
		<Max>999999999</Max>
		<Min>-999999999</Min>
		<Permission>0</Permission>
		<Common>3</Common>
		<Default>0</Default>
		<Restore>0</Restore>
	</Parameter>

	<Parameter>
		<No>D81</No>
		<Size>4</Size>
		<Count>1</Count>
		<Signed>1</Signed>
		<Max>999999999</Max>
		<Min>-999999999</Min>
		<Permission>0</Permission>
		<Common>3</Common>
		<Default>0</Default>
		<Restore>0</Restore>
	</Parameter>

	<Parameter>
		<No>D82</No>
		<Size>4</Size>
		<Count>1</Count>
		<Signed>1</Signed>
		<Max>999999999</Max>
		<Min>-999999999</Min>
		<Permission>0</Permission>
		<Common>3</Common>
		<Default>0</Default>
		<Restore>0</Restore>
	</Parameter>

	<Parameter>
		<No>D83</No>
		<Size>4</Size>
		<Count>1</Count>
		<Signed>1</Signed>
		<Max>999999999</Max>
		<Min>-999999999</Min>
		<Permission>0</Permission>
		<Common>3</Common>
		<Default>0</Default>
		<Restore>0</Restore>
	</Parameter>

	<Parameter>
		<No>D84</No>
		<Size>4</Size>
		<Count>1</Count>
		<Signed>1</Signed>
		<Max>999999999</Max>
		<Min>-999999999</Min>
		<Permission>0</Permission>
		<Common>3</Common>
		<Default>0</Default>
		<Restore>0</Restore>
	</Parameter>

	<Parameter>
		<No>D85</No>
		<Size>4</Size>
		<Count>1</Count>
		<Signed>1</Signed>
		<Max>999999999</Max>
		<Min>-999999999</Min>
		<Permission>0</Permission>
		<Common>3</Common>
		<Default>0</Default>
		<Restore>0</Restore>
	</Parameter>

	<Parameter>
		<No>F00</No>
		<Size>4</Size>
		<Count>1</Count>
		<Max>9999</Max>
		<Min>0</Min>
		<Permission>1</Permission>
		<Common>1</Common>
		<Default>0</Default>
		<Restore>0</Restore>
	</Parameter>

	<Parameter>
		<No>F01</No>
		<Size>4</Size>
		<Count>1</Count>
		<Max>255</Max>
		<Min>0</Min>
		<Permission>1</Permission>
		<Common>0</Common>
		<Default>0</Default>
		<Restore>0</Restore>
	</Parameter>

	<Parameter>
		<No>F10</No>
		<Size>4</Size>
		<Count>1</Count>
		<Max>6</Max>
		<Min>0</Min>
		<Permission>1</Permission>
		<Common>0</Common>
		<Default>0</Default>
		<Restore>0</Restore>
	</Parameter>

	<Parameter>
		<No>F11</No>
		<Size>4</Size>
		<Count>1</Count>
		<Signed>1</Signed>
		<Max>1</Max>
		<Min>-1</Min>
		<Permission>1</Permission>
		<Common>0</Common>
		<Default>0</Default>
		<Restore>0</Restore>
	</Parameter>

	<Parameter>
		<No>F13</No>
		<Size>4</Size>
		<Count>1</Count>
		<Max>1</Max>
		<Min>0</Min>
		<Permission>1</Permission>
		<Common>0</Common>
		<Default>0</Default>
		<Restore>0</Restore>
	</Parameter>

	<Parameter>
		<No>F14</No>
		<Size>4</Size>
		<Count>1</Count>
		<Signed>1</Signed>
		<Max>999999999</Max>
		<Min>-999999999</Min>
		<Permission>1</Permission>
		<Common>0</Common>
		<Default>0</Default>
		<Restore>0</Restore>
	</Parameter>

	<Parameter>
		<No>F16</No>
		<Size>4</Size>
		<Count>1</Count>
		<Signed>1</Signed>
		<Max>999999999</Max>
		<Min>-999999999</Min>
		<Permission>1</Permission>
		<Common>0</Common>
		<Default>0</Default>
		<Restore>0</Restore>
	</Parameter>

	<Parameter>
		<No>F20</No>
		<Size>4</Size>
		<Count>1</Count>
		<Max>3</Max>
		<Min>0</Min>
		<Permission>1</Permission>
		<Common>0</Common>
		<Default>0</Default>
		<Restore>0</Restore>
	</Parameter>

	<Parameter>
		<No>F21</No>
		<Size>4</Size>
		<Count>1</Count>
		<Max>20</Max>
		<Min>0</Min>
		<Permission>1</Permission>
		<Common>0</Common>
		<Default>0</Default>
		<Restore>0</Restore>
	</Parameter>

	<Parameter>
		<No>F22</No>
		<Size>4</Size>
		<Count>1</Count>
		<Max>10</Max>
		<Min>0</Min>
		<Permission>1</Permission>
		<Common>0</Common>
		<Default>0</Default>
		<Restore>0</Restore>
	</Parameter>

	<Parameter>
		<No>F23</No>
		<Size>4</Size>
		<Count>1</Count>
		<Max>10</Max>
		<Min>0</Min>
		<Permission>1</Permission>
		<Common>0</Common>
		<Default>0</Default>
		<Restore>0</Restore>
	</Parameter>

	<Parameter>
		<No>F2D</No>
		<Size>4</Size>
		<Count>1</Count>
		<Max>200</Max>
		<Min>0</Min>
		<Permission>1</Permission>
		<Common>0</Common>
		<Default>0</Default>
		<Restore>0</Restore>
	</Parameter>

	<Parameter>
		<No>F30</No>
		<Size>4</Size>
		<Count>1</Count>
		<Max>6</Max>
		<Min>0</Min>
		<Permission>1</Permission>
		<Common>0</Common>
		<Default>0</Default>
		<Restore>0</Restore>
	</Parameter>

	<Parameter>
		<No>F32</No>
		<Size>4</Size>
		<Count>1</Count>
		<Max>100</Max>
		<Min>0</Min>
		<Permission>1</Permission>
		<Common>0</Common>
		<Default>0</Default>
		<Restore>0</Restore>
	</Parameter>

	<Parameter>
		<No>F33</No>
		<Size>4</Size>
		<Count>1</Count>
		<Max>100</Max>
		<Min>0</Min>
		<Permission>1</Permission>
		<Common>0</Common>
		<Default>0</Default>
		<Restore>0</Restore>
	</Parameter>

	<Parameter>
		<No>F34</No>
		<Size>4</Size>
		<Count>1</Count>
		<Max>100</Max>
		<Min>0</Min>
		<Permission>1</Permission>
		<Common>0</Common>
		<Default>0</Default>
		<Restore>0</Restore>
	</Parameter>

	<Parameter>
		<No>F35</No>
		<Size>4</Size>
		<Count>1</Count>
		<Max>100</Max>
		<Min>0</Min>
		<Permission>1</Permission>
		<Common>0</Common>
		<Default>0</Default>
		<Restore>0</Restore>
	</Parameter>

	<Parameter>
		<No>F40</No>
		<Size>4</Size>
		<Count>1</Count>
		<Max>3</Max>
		<Min>0</Min>
		<Permission>1</Permission>
		<Common>1</Common>
		<Default>0</Default>
		<Restore>0</Restore>
	</Parameter>

	<Parameter>
		<No>F42</No>
		<Size>4</Size>
		<Count>1</Count>
		<Max>1</Max>
		<Min>0</Min>
		<Permission>1</Permission>
		<Common>0</Common>
		<Default>0</Default>
		<Restore>0</Restore>
	</Parameter>

	<Parameter>
		<No>F43</No>
		<Size>4</Size>
		<Count>1</Count>
		<Max>9999</Max>
		<Min>0</Min>
		<Permission>1</Permission>
		<Common>0</Common>
		<Default>0</Default>
		<Restore>0</Restore>
	</Parameter>

	<Parameter>
		<No>F44</No>
		<Size>4</Size>
		<Count>1</Count>
		<Max>1</Max>
		<Min>0</Min>
		<Permission>1</Permission>
		<Common>0</Common>
		<Default>0</Default>
		<Restore>0</Restore>
	</Parameter>

	<Parameter>
		<No>F70</No>
		<Size>4</Size>
		<Count>1</Count>
		<Max>20000</Max>
		<Min>0</Min>
		<Permission>1</Permission>
		<Common>0</Common>
		<Default>0</Default>
		<Restore>0</Restore>
	</Parameter>

	<Parameter>
		<No>F71</No>
		<Size>4</Size>
		<Count>1</Count>
		<Max>20000</Max>
		<Min>0</Min>
		<Permission>1</Permission>
		<Common>0</Common>
		<Default>0</Default>
		<Restore>0</Restore>
	</Parameter>

	<Parameter>
		<No>F72</No>
		<Size>4</Size>
		<Count>1</Count>
		<Max>1000</Max>
		<Min>0</Min>
		<Permission>1</Permission>
		<Common>0</Common>
		<Default>0</Default>
		<Restore>0</Restore>
	</Parameter>

	<Parameter>
		<No>F73</No>
		<Size>4</Size>
		<Count>1</Count>
		<Max>100</Max>
		<Min>0</Min>
		<Permission>1</Permission>
		<Common>0</Common>
		<Default>0</Default>
		<Restore>0</Restore>
	</Parameter>

	<Parameter>
		<No>F74</No>
		<Size>4</Size>
		<Count>1</Count>
		<Max>65535</Max>
		<Min>0</Min>
		<Permission>1</Permission>
		<Common>0</Common>
		<Default>0</Default>
		<Restore>0</Restore>
	</Parameter>

	<PreloadNo>
		<No>102</No>
		<No>22A</No>
		<No>902</No>
		<No>904</No>
		<No>922</No>
	</PreloadNo>
	
	<TuningNo>
		<No>103</No>
	</TuningNo>
</Configuration>