﻿<?xml version="1.0" encoding="utf-8" ?>
<ResMap>
	<Message ID="MMI::NoParamGroup" Content="parameter group doesn't exist!" />
	<Message ID="LaserCtrlParam::1" Content="雷射源最大頻率(KHz)" />
	<Message ID="LaserCtrlParam::2" Content="雷射源最小頻率(KHz)" />
	<Message ID="LaserCtrlParam::3" Content="手動雷射出光頻率(KHz)" />
	<Message ID="LaserCtrlParam::4" Content="雷射延遲時間(0.1ms)" />
	<Message ID="LaserCtrlParam::21" Content="*軸向對應的軸卡端號碼" />
	<Message ID="LaserCtrlParam::61" Content="軸向位置感測器解析度(pulse/轉)" />
	<Message ID="LaserCtrlParam::121" Content="軸向螺桿側齒輪齒數" />
	<Message ID="LaserCtrlParam::122" Content="軸向馬達側齒輪齒數" />
	<Message ID="LaserCtrlParam::161" Content="軸向螺桿寬度(Pitch) 單位：um;mdeg" />
	<Message ID="LaserCtrlParam::201" Content="軸向感應器型態(0：編碼器；1：未定義；2：無)" />
	<Message ID="LaserCtrlParam::221" Content="軸向型態(0：線性軸；1：旋轉軸)" />
	<Message ID="LaserCtrlParam::2401" Content="軸向軟體正行程極限(mm)" />
	<Message ID="LaserCtrlParam::2402" Content="軸向軟體負行程極限(mm)" />
	<Message ID="LaserCtrlParam::4092" Content="系統合成速度預看時間(ms)" />
</ResMap>
