﻿<?xml version="1.0" encoding="UTF-8"?>
<Screen>
	<Name>Setting</Name>
	<Panel>
		<Name>Pan_Back</Name>
		<Top>0</Top>
		<Left>0</Left>
		<Width>800</Width>
		<Height>470</Height>
		<BorderStyle>1</BorderStyle>
		<BackColor>0,0,0</BackColor>
	</Panel>
	<Label>
		<Name>Lab_OptionStatus</Name>
		<Caption>STR::MMI::SysInfo::OptionStatus</Caption>
		<Left>10</Left>
		<Top>20</Top>
		<Width>150</Width>
		<Height>23</Height>
		<Alignment>0</Alignment>
		<FontSize>15</FontSize>
		<BackColor>0,0,0</BackColor>
		<ForeColor>0,255,0</ForeColor>
	</Label>
	<Label>
		<Name>Val_OptionStatus</Name>
		<Caption></Caption>
		<Left>170</Left>
		<Top>20</Top>
		<Width>500</Width>
		<Height>23</Height>
		<Alignment>0</Alignment>
		<FontSize>15</FontSize>
		<BackColor>0,0,0</BackColor>
		<ForeColor>255,255,255</ForeColor>
	</Label>
	<Label>
		<Name>Lab_CPUBoardName</Name>
		<Caption>STR::MMI::SysInfo::CPUBoardName</Caption>
		<Left>10</Left>
		<Top>50</Top>
		<Width>150</Width>
		<Height>23</Height>
		<Alignment>0</Alignment>
		<FontSize>15</FontSize>
		<BackColor>0,0,0</BackColor>
		<ForeColor>0,255,0</ForeColor>
	</Label>
	<Label>
		<Name>Val_CPUBoardName</Name>
		<Caption></Caption>
		<Left>170</Left>
		<Top>50</Top>
		<Width>150</Width>
		<Height>23</Height>
		<Alignment>0</Alignment>
		<FontSize>15</FontSize>
		<BackColor>0,0,0</BackColor>
		<ForeColor>255,255,255</ForeColor>
	</Label>
        <Label>
		<Name>Lab_CNCSerial</Name>
		<Caption>STR::MMI::SysInfo::CNCSerial</Caption>
		<Left>10</Left>
		<Top>80</Top>
		<Width>150</Width>
		<Height>23</Height>
		<Alignment>0</Alignment>
		<FontSize>15</FontSize>
		<BackColor>0,0,0</BackColor>
		<ForeColor>0,255,0</ForeColor>
	</Label>
        <Label>
		<Name>Val_CNCSerial</Name>
		<Caption></Caption>
		<Left>170</Left>
		<Top>80</Top>
		<Width>150</Width>
		<Height>23</Height>
		<Alignment>0</Alignment>
		<FontSize>15</FontSize>
		<BackColor>0,0,0</BackColor>
		<ForeColor>255,255,255</ForeColor>
	</Label>
        <Label>
		<Name>Lab_CNCModel</Name>
		<Caption>STR::MMI::SysInfo::CNCModel</Caption>
		<Left>10</Left>
		<Top>110</Top>
		<Width>150</Width>
		<Height>23</Height>
		<Alignment>0</Alignment>
		<FontSize>15</FontSize>
		<BackColor>0,0,0</BackColor>
		<ForeColor>0,255,0</ForeColor>
	</Label>
        <Label>
		<Name>Val_CNCModel</Name>
		<Caption></Caption>
		<Left>170</Left>
		<Top>110</Top>
		<Width>300</Width>
		<Height>23</Height>
		<Alignment>0</Alignment>
		<FontSize>15</FontSize>
		<BackColor>0,0,0</BackColor>
		<ForeColor>255,255,255</ForeColor>
	</Label>
        <Label>
		<Name>Lab_MachineType</Name>
		<Caption>STR::MMI::SysInfo::MachineType</Caption>
		<Left>10</Left>
		<Top>140</Top>
		<Width>150</Width>
		<Height>23</Height>
		<Alignment>0</Alignment>
		<FontSize>15</FontSize>
		<BackColor>0,0,0</BackColor>
		<ForeColor>0,255,0</ForeColor>
	</Label>
        <Label>
		<Name>Val_MachineType</Name>
		<Caption></Caption>
		<Left>170</Left>
		<Top>140</Top>
		<Width>150</Width>
		<Height>23</Height>
		<Alignment>0</Alignment>
		<FontSize>15</FontSize>
		<BackColor>0,0,0</BackColor>
		<ForeColor>255,255,255</ForeColor>
	</Label>
        <Label>
		<Name>Lab_CNCOption</Name>
		<Caption>STR::MMI::SysInfo::CNCOption</Caption>
		<Left>10</Left>
		<Top>170</Top>
		<Width>200</Width>
		<Height>23</Height>
		<Alignment>0</Alignment>
		<FontSize>15</FontSize>
		<BackColor>0,0,0</BackColor>
		<ForeColor>0,255,0</ForeColor>
	</Label>
	<Grid Name="OptionSet" Height="25" Repeat="10">
		<Label>
			<Name>lbl_Col1</Name>
			<Caption>1</Caption>
			<Left>10</Left>
			<Top>210</Top>
			<Height>23</Height>
			<Width>380</Width>
			<Alignment>0</Alignment>
			<FontSize>12</FontSize>
			<BorderStyle>0</BorderStyle>
			<ForeColor>0,255,0</ForeColor>
			<BackColor>0,0,0</BackColor>
		</Label>
		<Label>
			<Name>lbl_Col2</Name>
			<Caption>11</Caption>
			<Left>400</Left>
			<Top>210</Top>
			<Height>23</Height>
			<Width>390</Width>
			<Alignment>0</Alignment>
			<FontSize>12</FontSize>
			<BorderStyle>0</BorderStyle>
			<ForeColor>0,255,0</ForeColor>
			<BackColor>0,0,0</BackColor>
		</Label>

	</Grid>
</Screen>
