﻿<?xml version="1.0" encoding="utf-8"?>
<!--BROWSER SIZE|H:470|W:800-->
<Screen>
  <Name>AdjustApplication</Name>
  <Panel>
    <Name>Pan_Bak</Name>
    <Left>0</Left>
    <Top>0</Top>
    <Width>800</Width>
    <Height>470</Height>
    <BackColor>0,0,0</BackColor>
  </Panel>
  <Label>
    <Name>Lab_MenuTitle1</Name>
    <Left>10</Left>
    <Top>12</Top>
    <Width>200</Width>
    <Height>50</Height>
    <BackColor>0,0,0</BackColor>
    <ForeColor>0,255,0</ForeColor>
    <FontSize>14</FontSize>
    <Alignment>0</Alignment>
    <Caption>STR::MMI::AdjustTuningApplication::AutoTuning</Caption>
  </Label>
  <Label>
    <Name>Lab_MenuTitle2</Name>
    <Left>200</Left>
    <Top>12</Top>
    <Width>200</Width>
    <Height>50</Height>
    <BackColor>0,0,0</BackColor>
    <ForeColor>0,255,0</ForeColor>
    <FontSize>14</FontSize>
    <Alignment>0</Alignment>
    <Caption>STR::MMI::AdjustTuningApplication::SpindleAdjustApplication</Caption>
  </Label>
  <Label>
    <Name>Lab_MenuTitle3</Name>
    <Left>400</Left>
    <Top>11</Top>
    <Width>200</Width>
    <Height>50</Height>
    <BackColor>0,0,0</BackColor>
    <ForeColor>0,255,0</ForeColor>
    <FontSize>14</FontSize>
    <Alignment>0</Alignment>
    <Caption>STR::MMI::AdjustTuningApplication::Ballbar</Caption>
  </Label>
  <Label>
    <Name>Lab_F1</Name>
    <Left>200</Left>
    <Top>85</Top>
    <Width>200</Width>
    <Height>30</Height>
    <BackColor>0,0,0</BackColor>
    <ForeColor>0,255,0</ForeColor>
    <FontSize>12</FontSize>
    <Alignment>0</Alignment>
    <Caption>STR::MMI::AdjustTuningApplication::SpindleAccDeceleration</Caption>
  </Label>
  <Label>
    <Name>Lab_F2</Name>
    <Left>200</Left>
    <Top>115</Top>
    <Width>200</Width>
    <Height>30</Height>
    <BackColor>0,0,0</BackColor>
    <ForeColor>0,255,0</ForeColor>
    <FontSize>12</FontSize>
    <Alignment>0</Alignment>
    <Caption>STR::MMI::AdjustTuningApplication::Positioning</Caption>
  </Label>
  <Label>
    <Name>Lab_F3</Name>
    <Left>200</Left>
    <Top>144</Top>
    <Width>200</Width>
    <Height>31</Height>
    <BackColor>0,0,0</BackColor>
    <ForeColor>0,255,0</ForeColor>
    <FontSize>12</FontSize>
    <Alignment>0</Alignment>
    <Caption>STR::MMI::AdjustTuningApplication::Tapping</Caption>
  </Label>
  <Label>
    <Name>Lab_Hint1</Name>
    <Left>10</Left>
    <Top>50</Top>
    <Width>200</Width>
    <Height>30</Height>
    <BackColor>0,0,0</BackColor>
    <ForeColor>0,255,0</ForeColor>
    <FontSize>12</FontSize>
    <Alignment>0</Alignment>
    <Caption>STR::MMI::AdjustTuningApplication::SerialServoOnly</Caption>
  </Label>
  <Label>
    <Name>Lab_Hint2</Name>
    <Left>200</Left>
    <Top>50</Top>
    <Width>200</Width>
    <Height>30</Height>
    <BackColor>0,0,0</BackColor>
    <ForeColor>0,255,0</ForeColor>
    <FontSize>12</FontSize>
    <Alignment>0</Alignment>
    <Caption>STR::MMI::AdjustTuningApplication::SerialServoOnly</Caption>
  </Label>
  <Label>
    <Name>Lab_MenuTitle4</Name>
    <Left>600</Left>
    <Top>11</Top>
    <Width>200</Width>
    <Height>50</Height>
    <BackColor>0,0,0</BackColor>
    <ForeColor>0,255,0</ForeColor>
    <FontSize>14</FontSize>
    <Alignment>0</Alignment>
    <Caption>STR::MMI::AdjustTuningApplication::Resonance</Caption>
  </Label>
  <Label>
    <Name>Lab_Hint2</Name>
    <Left>600</Left>
    <Top>50</Top>
    <Width>200</Width>
    <Height>30</Height>
    <BackColor>0,0,0</BackColor>
    <ForeColor>0,255,0</ForeColor>
    <FontSize>12</FontSize>
    <Alignment>0</Alignment>
    <Caption>STR::MMI::AdjustTuningApplication::SerialServoOnly</Caption>
  </Label>
  <Label>
    <Name>Lab_F4_F1</Name>
    <Left>600</Left>
    <Top>85</Top>
    <Width>200</Width>
    <Height>30</Height>
    <BackColor>0,0,0</BackColor>
    <ForeColor>0,255,0</ForeColor>
    <FontSize>12</FontSize>
    <Alignment>0</Alignment>
    <Caption>STR::MMI::AdjustTuningApplication::SpindleResonance</Caption>
  </Label>
  <Label>
    <Name>Lab_F4_F2</Name>
    <Left>600</Left>
    <Top>115</Top>
    <Width>200</Width>
    <Height>30</Height>
    <BackColor>0,0,0</BackColor>
    <ForeColor>0,255,0</ForeColor>
    <FontSize>12</FontSize>
    <Alignment>0</Alignment>
    <Caption>STR::MMI::AdjustTuningApplication::AxisResonance</Caption>
  </Label>
</Screen>