﻿<?xml version="1.0" encoding="utf-8"?>
<Event>
	<!--StartUp-->
	<ID value="0x0002" name="StartUp">
		<default>StartUp</default>
	</ID>
	<!--ShutDown-->
	<ID value="0x0003" name="ShutDown">
		<default>ShutDown</default>
	</ID>
	<!--IBitOn & Second Panel-->
	<ID value="0x0010" name="IBitOff">
		<default>I{datavalue} Off</default>
	</ID>
	<!--IBitOff & Second Panel-->
	<ID value="0x0011" name="IBitOn">
		<default>I{datavalue} On</default>
	</ID>
	<!--OBitOn-->
	<ID value="0x0012" name="OBitOff">
		<default>O{datavalue} Off</default>
	</ID>
	<!--OBitOff-->
	<ID value="0x0013" name="OBitOn">
		<default>O{datavalue} On</default>
	</ID>
	<!--CBitOn-->
	<ID value="0x0014" name="CBitOff">
		<default>C{datavalue} Off</default>
		<data value="0">CycleStart Off</data>
		<data value="1">FeedHold Off</data>
		<data value="36">E-Stop Off</data>
	</ID>
	<!--CBitOff-->
	<ID value="0x0015" name="CBitOn">
		<default>C{datavalue} On</default>
		<data value="0">CycleStart On</data>
		<data value="1">FeedHold On</data>
		<data value="36">E-Stop On</data>
	</ID>
	<!--SBitOn-->
	<ID value="0x0016" name="SBitOff">
		<default>S{datavalue} Off</default>
	</ID>
	<!--SBitOff-->
	<ID value="0x0017" name="SBitOn">
		<default>S{datavalue} On</default>
	</ID>
	<!--ABitOn-->
	<ID value="0x0018" name="ABitOff">
		<default>A{datavalue} Off</default>
	</ID>
	<!--ABitOff-->
	<ID value="0x0019" name="ABitOn">
		<default>A{datavalue} On</default>
	</ID>
	<!--RValue-->
	<ID value="0x0020" name="RValue">
		<default>R{datavalue}</default>
	</ID>
	<!--PValue-->
	<ID value="0x0021" name="PValue">
		<default>P{datavalue}</default>
	</ID>
	<!--@Value-->
	<ID value="0x0022" name="@Value">
		<default>@{datavalue}</default>
	</ID>
	<!--LValue-->
	<ID value="0x0023" name="LValue">
		<default>L{datavalue}</default>
	</ID>
	<!--DValue-->
	<ID value="0x0024" name="DValue">
		<default>D{datavalue}</default>
	</ID>
	<!--KValue-->
	<ID value="0x0025" name="KValue">
		<default>K{datavalue}</default>
	</ID>
	<!--ParameterOnChange-->
	<ID value="0x0030" name="ParameterOnChange">
		<default>Param{datavalue}Modified</default>
	</ID>
	<!--WorkPieceOnChange-->
	<ID value="0x0031" name="WorkPieceOnChange">
		<default>G54P{datavalue}Modified</default>
		<data value="0">ExternWorkPieceModified</data>
		<data value="1">G54Modified</data>
		<data value="2">G55Modified</data>
		<data value="3">G56Modified</data>
		<data value="4">G57Modified</data>
		<data value="5">G58Modified</data>
		<data value="6">G59Modified</data>
		<data value="7">G59.1Modified</data>
		<data value="8">G59.2Modified</data>
		<data value="9">G59.3Modified</data>
		<data value="10">G59.4Modified</data>
		<data value="11">G59.5Modified</data>
		<data value="12">G59.6Modified</data>
		<data value="13">G59.7Modified</data>
		<data value="14">G59.8Modified</data>
		<data value="15">G59.9Modified</data>
		<data value="101">MPGWorkPieceModified</data>
	</ID>	
	<!--MMIStartUp-->
	<ID value="0x1002" name="MMIStartUp">
		<default>MMIStartUp</default>
	</ID>
	<!--MMIShutDown-->
	<ID value="0x1003" name="MMIShutDown">
		<default>MMIShutDown</default>
	</ID>
	<!--CORRUPTED-->
	<ID value="0xFFFF" name="CORRUPTED">
		<default>CORRUPTED</default>
	</ID>
</Event>
