<?xml version="1.0" encoding="utf-8" ?>
<ResMap>
	<Message ID="MMI::NoParamGroup" Content="parameter group doesn't exist!" />
	<Message ID="RotParam::21" Content="*第一刀塔對應的驅動器站號" />
	<Message ID="RotParam::22" Content="*第二刀塔對應的驅動器站號" />
	<Message ID="RotParam::23" Content="*第三刀塔對應的驅動器站號" />
	<Message ID="RotParam::61" Content="*第一刀塔位置感應器解析度(pulse/轉)" />
	<Message ID="RotParam::62" Content="*第二刀塔位置感應器解析度(pulse/轉)" />
	<Message ID="RotParam::63" Content="*第三刀塔位置感應器解析度(pulse/轉)" />
	<Message ID="RotParam::121" Content="*第一刀塔螺桿側齒數" />
	<Message ID="RotParam::122" Content="*第一刀塔馬達側齒數" />
	<Message ID="RotParam::123" Content="*第二刀塔螺桿側齒數" />
	<Message ID="RotParam::124" Content="*第二刀塔馬達側齒數" />
	<Message ID="RotParam::125" Content="*第三刀塔螺桿側齒數" />
	<Message ID="RotParam::126" Content="*第三刀塔馬達側齒數" />
	<Message ID="RotParam::441" Content="第一刀塔加減速時間(ms)" />
	<Message ID="RotParam::442" Content="第二刀塔加減速時間(ms)" />
	<Message ID="RotParam::443" Content="第三刀塔加減速時間(ms)" />
	<Message ID="RotParam::461" Content="第一刀塔自動模式移動速度(RPM)" />
	<Message ID="RotParam::462" Content="第二刀塔自動模式移動速度(RPM)" />
	<Message ID="RotParam::463" Content="第三刀塔自動模式移動速度(RPM)" />
	<Message ID="RotParam::481" Content="第一刀塔位置檢查視窗(0.001deg)" />
	<Message ID="RotParam::482" Content="第二刀塔位置檢查視窗(0.001deg)" />
	<Message ID="RotParam::483" Content="第三刀塔位置檢查視窗(0.001deg)" />
	<Message ID="RotParam::501" Content="第一刀塔手動模式移動速度(RPM)" />
	<Message ID="RotParam::502" Content="第二刀塔手動模式移動速度(RPM)" />
	<Message ID="RotParam::503" Content="第三刀塔手動模式移動速度(RPM)" />
	<Message ID="RotParam::3001" Content="第一刀塔總刀數" />
	<Message ID="RotParam::3002" Content="第二刀塔總刀數" />
	<Message ID="RotParam::3003" Content="第三刀塔總刀數" />
	<Message ID="RotParam::3021" Content="第一刀塔扭力限制千分比" />
	<Message ID="RotParam::3022" Content="第二刀塔扭力限制千分比" />
	<Message ID="RotParam::3023" Content="第三刀塔扭力限制千分比" />
	<Message ID="RotParam::3101" Content="第一刀塔資料起始暫存器" />
	<Message ID="RotParam::3102" Content="第二刀塔資料起始暫存器" />
	<Message ID="RotParam::3103" Content="第三刀塔資料起始暫存器" />
	<Message ID="RotParam::3121" Content="第一刀塔命令/狀態起始暫存器" />
	<Message ID="RotParam::3122" Content="第二刀塔命令/狀態起始暫存器" />
	<Message ID="RotParam::3123" Content="第三刀塔命令/狀態起始暫存器" />
</ResMap>
