﻿<?xml version="1.0"?>
<Screen>
	<Name>G03</Name>
	<Picture>
		<Name>Picture_G03</Name>
		<Picture>Image\G03.bmp</Picture>
		<Left>10</Left>
		<Top>25</Top>
		<Height>180</Height>
		<Width>270</Width>
		<BorderStyle>1</BorderStyle>
	</Picture>
	<Label>
		<Name>Lab_CoordTitle</Name>
		<Caption>STR::Cycle::EndPoint</Caption>
		<Left>350</Left>
		<Top>25</Top>
		<Height>30</Height>
		<Width>100</Width>
		<ForeColor>100,150,255</ForeColor>
		<BorderStyle>0</BorderStyle>
		<Alignment>0</Alignment>
		<FontSize>15</FontSize>
	</Label>
	<Label>
		<Name>Lab_CoordX</Name>
		<Caption>STR::Cycle::X_End</Caption>
		<Left>350</Left>
		<Top>65</Top>
		<Height>30</Height>
		<Width>90</Width>
		<ForeColor>10,10,255</ForeColor>
		<BorderStyle>0</BorderStyle>
		<Alignment>1</Alignment>
		<FontSize>15</FontSize>
	</Label>
	<Input>
		<Name>Inp_X</Name>
		<MacroAddr>X</MacroAddr>
		<Left>450</Left>
		<Top>65</Top>
		<Height>30</Height>
		<Width>100</Width>
		<BackColor>180,200,220</BackColor>
		<ForeColor>0,0,0</ForeColor>
		<BorderStyle>1</BorderStyle>
		<Alignment>1</Alignment>
		<FontSize>12</FontSize>
		<InputFormat>Double:3F</InputFormat>
		<HintLabel>STR::Cycle::Hint::X_End</HintLabel>
	</Input>
	<Label>
		<Name>Lab_CoordY</Name>
		<Caption>STR::Cycle::Y_End</Caption>
		<Left>350</Left>
		<Top>100</Top>
		<Height>30</Height>
		<Width>90</Width>
		<ForeColor>10,10,255</ForeColor>
		<BorderStyle>0</BorderStyle>
		<Alignment>1</Alignment>
		<FontSize>15</FontSize>
	</Label>
	<Input>
		<Name>Inp_Y</Name>
		<MacroAddr>Y</MacroAddr>
		<Left>450</Left>
		<Top>100</Top>
		<Height>30</Height>
		<Width>100</Width>
		<BackColor>180,200,220</BackColor>
		<ForeColor>0,0,0</ForeColor>
		<BorderStyle>1</BorderStyle>
		<Alignment>1</Alignment>
		<FontSize>12</FontSize>
		<InputFormat>Double:3F</InputFormat>
		<HintLabel>STR::Cycle::Hint::Y_End</HintLabel>
	</Input>
	<Label>
		<Name>Lab_CoordZ</Name>
		<Caption>STR::Cycle::Z_End</Caption>
		<Left>350</Left>
		<Top>135</Top>
		<Height>30</Height>
		<Width>90</Width>
		<ForeColor>10,10,255</ForeColor>
		<BorderStyle>0</BorderStyle>
		<Alignment>1</Alignment>
		<FontSize>15</FontSize>
	</Label>
	<Input>
		<Name>Lab_112</Name>
		<MacroAddr>Z</MacroAddr>
		<Left>450</Left>
		<Top>135</Top>
		<Height>30</Height>
		<Width>100</Width>
		<BackColor>180,200,220</BackColor>
		<ForeColor>0,0,0</ForeColor>
		<BorderStyle>1</BorderStyle>
		<Alignment>1</Alignment>
		<FontSize>12</FontSize>
		<InputFormat>Double:3F</InputFormat>
		<HintLabel>STR::Cycle::Hint::Z_End</HintLabel>
	</Input>
	<Label>
		<Name>Lab_113</Name>
		<Caption>STR::G01::1113</Caption>
		<Left>350</Left>
		<Top>180</Top>
		<Height>70</Height>
		<Width>120</Width>
		<ForeColor>100,150,255</ForeColor>
		<BorderStyle>0</BorderStyle>
		<Alignment>0</Alignment>
		<FontSize>15</FontSize>
	</Label>
	<Label>
		<Name>Lab_114</Name>
		<Caption>STR::G01::1114</Caption>
		<Left>290</Left>
		<Top>230</Top>
		<Height>30</Height>
		<Width>150</Width>
		<ForeColor>10,10,255</ForeColor>
		<BorderStyle>0</BorderStyle>
		<Alignment>1</Alignment>
		<FontSize>15</FontSize>
	</Label>
	<Input>
		<Name>Lab_115</Name>
		<MacroAddr>I</MacroAddr>
		<Left>450</Left>
		<Top>230</Top>
		<Height>30</Height>
		<Width>100</Width>
		<BackColor>180,200,220</BackColor>
		<ForeColor>0,0,0</ForeColor>
		<BorderStyle>1</BorderStyle>
		<Alignment>1</Alignment>
		<FontSize>12</FontSize>
		<InputFormat>Double:3F</InputFormat>
		<HintLabel>STR::G01_Hint::1115</HintLabel>
	</Input>
	<Label>
		<Name>Lab_116</Name>
		<Caption>STR::G01::1116</Caption>
		<Left>290</Left>
		<Top>270</Top>
		<Height>30</Height>
		<Width>150</Width>
		<ForeColor>10,10,255</ForeColor>
		<BorderStyle>0</BorderStyle>
		<Alignment>1</Alignment>
		<FontSize>15</FontSize>
	</Label>
	<Input>
		<Name>Lab_117</Name>
		<MacroAddr>J</MacroAddr>
		<Left>450</Left>
		<Top>270</Top>
		<Height>30</Height>
		<Width>100</Width>
		<BackColor>180,200,220</BackColor>
		<ForeColor>0,0,0</ForeColor>
		<BorderStyle>1</BorderStyle>
		<Alignment>1</Alignment>
		<FontSize>12</FontSize>
		<InputFormat>Double:3F</InputFormat>
		<HintLabel>STR::G01_Hint::1117</HintLabel>
	</Input>
	<Label>
		<Name>Lab_118</Name>
		<Caption>STR::G01::1118</Caption>
		<Left>350</Left>
		<Top>300</Top>
		<Height>70</Height>
		<Width>200</Width>
		<ForeColor>100,150,255</ForeColor>
		<BorderStyle>0</BorderStyle>
		<Alignment>0</Alignment>
		<FontSize>15</FontSize>
	</Label>
	
	<Label>
		<Name>Lab_119</Name>
		<Caption>STR::G01::1119</Caption>
		<Left>290</Left>
		<Top>350</Top>
		<Height>30</Height>
		<Width>150</Width>
		<ForeColor>10,10,255</ForeColor>
		<BorderStyle>0</BorderStyle>
		<Alignment>1</Alignment>
		<FontSize>15</FontSize>
	</Label>
	<Input>
		<Name>Inp_RadiusR</Name>
		<MacroAddr>,R</MacroAddr>
		<Left>450</Left>
		<Top>350</Top>
		<Height>30</Height>
		<Width>100</Width>
		<BackColor>180,200,220</BackColor>
		<ForeColor>0,0,0</ForeColor>
		<BorderStyle>1</BorderStyle>
		<Alignment>1</Alignment>
		<FontSize>12</FontSize>
		<InputFormat>Double:3F</InputFormat>
		<HintLabel>STR::G01_Hint::1120</HintLabel>
	</Input>
	<Label>
		<Name>Lab_Spinde</Name>
		<Caption>STR::Cycle::Spindle</Caption>
		<Left>10</Left>
		<Top>235</Top>
		<Height>30</Height>
		<Width>120</Width>
		<ForeColor>100,150,255</ForeColor>
		<BorderStyle>0</BorderStyle>
		<Alignment>1</Alignment>
		<FontSize>15</FontSize>
	</Label>
	<Input>
		<Name>Inp_Spindle</Name>
		<MacroAddr>S</MacroAddr>
		<Left>140</Left>
		<Top>235</Top>
		<Height>30</Height>
		<Width>100</Width>
		<BackColor>180,200,220</BackColor>
		<ForeColor>0,0,0</ForeColor>
		<BorderStyle>1</BorderStyle>
		<Alignment>1</Alignment>
		<FontSize>12</FontSize>
		<InputFormat>Double:3F</InputFormat>
		<HintLabel>STR::Cycle::Hint::Spindle</HintLabel>
	</Input>
	<Label>
		<Name>Lab_Feedrate</Name>
		<Caption>STR::Cycle::Feedrate</Caption>
		<Left>10</Left>
		<Top>270</Top>
		<Height>30</Height>
		<Width>120</Width>
		<ForeColor>100,150,255</ForeColor>
		<BorderStyle>0</BorderStyle>
		<Alignment>1</Alignment>
		<FontSize>15</FontSize>
	</Label>
	<Input>
		<Name>Inp_Feedrate</Name>
		<MacroAddr>F</MacroAddr>
		<Left>140</Left>
		<Top>270</Top>
		<Height>30</Height>
		<Width>100</Width>
		<BackColor>180,200,220</BackColor>
		<ForeColor>0,0,0</ForeColor>
		<BorderStyle>1</BorderStyle>
		<Alignment>1</Alignment>
		<FontSize>12</FontSize>
		<InputFormat>Double:3F</InputFormat>
		<HintLabel>STR::Cycle::Hint::Feedrate</HintLabel>
	</Input>
	<Label>
		<Name>Lab_LineNo</Name>
		<Caption>STR::Browser::G02G03::Caption::Lab_LineNo::LineNo</Caption>
		<Left>10</Left>
		<Top>305</Top>
		<Height>30</Height>
		<Width>120</Width>
		<ForeColor>100,150,255</ForeColor>
		<BorderStyle>0</BorderStyle>
		<Alignment>1</Alignment>
		<FontSize>15</FontSize>
	</Label>
	<Input>
		<Name>Inp_LineNo</Name>
		<MacroAddr>N</MacroAddr>
		<Left>140</Left>
		<Top>305</Top>
		<Height>30</Height>
		<Width>100</Width>
		<BackColor>180,200,220</BackColor>
		<ForeColor>0,0,0</ForeColor>
		<BorderStyle>1</BorderStyle>
		<Alignment>1</Alignment>
		<FontSize>12</FontSize>
		<InputFormat>Long</InputFormat>
		<HintLabel>STR::Browser::G02G03::HintLabel::Inp_LineNo::LineNo</HintLabel>
	</Input>
</Screen>
