<?xml version="1.0" encoding="UTF-8"?>
<!--Created by 'eHMI'version2.2.25-->
<!--BROWSER SIZE|H:480|W:800-->
<Screen>
  <Name>SerialServoInfo</Name>
  <Panel>
    <Left>-10</Left>
    <Top>-3</Top>
    <Width>807</Width>
    <Height>478</Height>
    <Name>Pan_SerialServoInfo</Name>
    <FontSize>12</FontSize>
    <BackColor>205,215,222</BackColor>
    <Caption>
    </Caption>
  </Panel>
  <Picture>
    <Left>26</Left>
    <Top>8</Top>
    <Width>721</Width>
    <Height>46</Height>
    <Name>Pic_AboutTitle</Name>
    <FontSize>12</FontSize>
    <Picture>..\Image\AboutTitle.bmp</Picture>
  </Picture>
  <Label>
    <Left>50</Left>
    <Top>80</Top>
    <Height>30</Height>
    <Width>100</Width>
    <Name>Lab_ServoInfoTitleHead</Name>
    <FontSize>14</FontSize>
    <BackColor>205,215,222</BackColor>
	<Caption>STR::Browser::SerialDeviceInfo::Caption::DeviceInfo</Caption>
  </Label>
  <Label>
    <Left>258</Left>
    <Top>80</Top>
    <Height>30</Height>
    <Width>50</Width>
    <Name>Lab_AxisName_1</Name>
    <FontSize>14</FontSize>
    <BackColor>205,215,222</BackColor>
    <Caption>X</Caption>
  </Label>
  <Label>
    <Left>450</Left>
    <Top>80</Top>
    <Height>30</Height>
    <Width>50</Width>
    <Name>Lab_AxisName_2</Name>
    <FontSize>14</FontSize>
    <BackColor>205,215,222</BackColor>
    <Caption>Y</Caption>
  </Label>
  <Label>
    <Left>641</Left>
    <Top>80</Top>
    <Height>30</Height>
    <Width>50</Width>
    <Name>Lab_AxisName_3</Name>
    <FontSize>14</FontSize>
    <BackColor>205,215,222</BackColor>
    <Caption>Z</Caption>
  </Label>
  <Label>
    <Left>192</Left>
    <Top>85</Top>
    <Width>25</Width>
    <Name>Lab_AxisPrev</Name>
    <FontSize>10</FontSize>
    <ForeColor>0,128,0</ForeColor>
    <BackColor>205,215,222</BackColor>
    <Caption>&lt;&lt;</Caption>
  </Label>
  <Label>
    <Left>735</Left>
    <Top>85</Top>
    <Width>25</Width>
    <Name>Lab_AxisNext</Name>
    <FontSize>10</FontSize>
    <ForeColor>0,128,0</ForeColor>
    <BackColor>205,215,222</BackColor>
    <Caption>&gt;&gt;</Caption>
  </Label>
  <Label>
    <Left>20</Left>
    <Top>115</Top>
    <Height>40</Height>
    <Width>160</Width>
    <Name>Lab_InfoTitle1</Name>
    <FontSize>12</FontSize>
    <BorderStyle>2</BorderStyle>
    <BorderColor>0,0,0</BorderColor>
    <ForeColor>0,0,0</ForeColor>
    <BackColor>205,215,222</BackColor>
    <Caption>STR::Browser::SerialDeviceInfo::Caption::SVPackModel</Caption>
  </Label>
  <Label>
    <Left>20</Left>
    <Top>155</Top>
    <Height>40</Height>
    <Width>160</Width>
    <Name>Lab_InfoTitle2</Name>
    <FontSize>12</FontSize>
    <BorderStyle>2</BorderStyle>
    <BorderColor>0,0,0</BorderColor>
    <ForeColor>0,0,0</ForeColor>
    <BackColor>205,215,222</BackColor>
    <Caption>STR::Browser::SerialDeviceInfo::Caption::SVPackSoftVer</Caption>
  </Label>
  <Label>
    <Left>20</Left>
    <Top>195</Top>
    <Height>40</Height>
    <Width>160</Width>
    <Name>Lab_InfoTitle3</Name>
    <FontSize>12</FontSize>
    <BorderStyle>2</BorderStyle>
    <BorderColor>0,0,0</BorderColor>
    <ForeColor>0,0,0</ForeColor>
    <BackColor>205,215,222</BackColor>
    <Caption>STR::Browser::SerialDeviceInfo::Caption::SVPackSN</Caption>
  </Label>
  <Label>
    <Left>20</Left>
    <Top>235</Top>
    <Height>40</Height>
    <Width>160</Width>
    <Name>Lab_InfoTitle4</Name>
    <FontSize>12</FontSize>
    <BorderStyle>2</BorderStyle>
    <BorderColor>0,0,0</BorderColor>
    <ForeColor>0,0,0</ForeColor>
    <BackColor>205,215,222</BackColor>
    <Caption>STR::Browser::SerialDeviceInfo::Caption::SVMotorModel</Caption>
  </Label>
  <Label>
    <Left>20</Left>
    <Top>275</Top>
    <Height>40</Height>
    <Width>160</Width>
    <Name>Lab_InfoTitle5</Name>
    <FontSize>12</FontSize>
    <BorderStyle>2</BorderStyle>
    <BorderColor>0,0,0</BorderColor>
    <ForeColor>0,0,0</ForeColor>
    <BackColor>205,215,222</BackColor>
    <Caption>STR::Browser::SerialDeviceInfo::Caption::SVMotorSN</Caption>
  </Label>
  <Label>
    <Left>20</Left>
    <Top>315</Top>
    <Height>40</Height>
    <Width>160</Width>
    <Name>Lab_InfoTitle6</Name>
    <FontSize>12</FontSize>
    <BorderStyle>2</BorderStyle>
    <BorderColor>0,0,0</BorderColor>
    <ForeColor>0,0,0</ForeColor>
    <BackColor>205,215,222</BackColor>
    <Caption>STR::Browser::SerialDeviceInfo::Caption::ENCSoftVer</Caption>
  </Label>
  <Label>
    <Left>20</Left>
    <Top>355</Top>
    <Height>40</Height>
    <Width>160</Width>
    <Name>Lab_InfoTitle7</Name>
    <FontSize>12</FontSize>
    <BorderStyle>2</BorderStyle>
    <BorderColor>0,0,0</BorderColor>
    <ForeColor>0,0,0</ForeColor>
    <BackColor>205,215,222</BackColor>
    <Caption>STR::Browser::SerialDeviceInfo::Caption::ENCResolution</Caption>
  </Label>
  <Label>
    <Left>20</Left>
    <Top>395</Top>
    <Height>40</Height>
    <Width>160</Width>
    <Name>Lab_InfoTitle8</Name>
    <FontSize>12</FontSize>
    <BorderStyle>2</BorderStyle>
    <BorderColor>0,0,0</BorderColor>
    <ForeColor>0,0,0</ForeColor>
    <BackColor>205,215,222</BackColor>
    <Caption>STR::Browser::SerialDeviceInfo::Caption::ENCSensorType</Caption>
  </Label>
  <Grid Name="ParamGrid" Height="40" Repeat="8">
    <Label>
      <Left>190</Left>
      <Top>115</Top>
      <Height>40</Height>
      <Width>190</Width>
      <Name>Lab_AxisInfo_1</Name>
      <FontSize>12</FontSize>
      <Alignment>2</Alignment>
      <BorderStyle>2</BorderStyle>
      <BorderColor>0,0,0</BorderColor>
      <ForeColor>0,0,0</ForeColor>
      <BackColor>205,215,222</BackColor>
      <Caption>
	  </Caption>
    </Label>
    <Label>
      <Left>380</Left>
      <Top>115</Top>
      <Height>40</Height>
      <Width>190</Width>
      <Name>Lab_AxisInfo_2</Name>
      <FontSize>12</FontSize>
      <Alignment>2</Alignment>
      <BorderStyle>2</BorderStyle>
      <BorderColor>0,0,0</BorderColor>
      <ForeColor>0,0,0</ForeColor>
      <BackColor>205,215,222</BackColor>
      <Caption>
      </Caption>
    </Label>
    <Label>
      <Left>570</Left>
      <Top>115</Top>
      <Height>40</Height>
      <Width>190</Width>
      <Name>Lab_AxisInfo_3</Name>
      <FontSize>12</FontSize>
      <Alignment>2</Alignment>
      <BorderStyle>2</BorderStyle>
      <BorderColor>0,0,0</BorderColor>
      <ForeColor>0,0,0</ForeColor>
      <BackColor>205,215,222</BackColor>
      <Caption>
      </Caption>
    </Label>
  </Grid>
</Screen>