﻿<?xml version="1.0" encoding="UTF-8"?>
<ResMap>
	<Message ID="Browser::RotParam::Caption::21" Content="*驅動器站號" />
	<Message ID="Browser::RotParam::Caption::61" Content="*位置感應器解析度(pulse/轉)" />
	<Message ID="Browser::RotParam::Caption::121" Content="*螺桿側齒數" />
	<Message ID="Browser::RotParam::Caption::122" Content="*馬達側齒數" />
	<Message ID="Browser::RotParam::Caption::441" Content="換刀加速度時間(ms)" />
	<Message ID="Browser::RotParam::Caption::461" Content="自動移動速度(RPM)" />
	<Message ID="Browser::RotParam::Caption::481" Content="位置檢查視窗(0.001deg)" />
	<Message ID="Browser::RotParam::Caption::501" Content="手動移動速度(RPM)" />
	<Message ID="Browser::RotParam::Caption::3001" Content="總刀數" />
	<Message ID="Browser::RotParam::Caption::3021" Content="扭力限制千分比(‰)" />
	<Message ID="Browser::RotParam::Caption::3101" Content="目標起始暫存器(Rn)" />
	<Message ID="Browser::RotParam::Caption::3121" Content="命令/狀態起始暫存器(Rm) " />
		
	<Message ID="Browser::RotParam::Title" Content="參數說明" />
</ResMap>