﻿<?xml version="1.0" encoding="UTF-8"?>
<!--Created by 'eHMI'version2.2.22-->
<!--BROWSER SIZE|H:470|W:800-->
<Screen>
  <Name>SerialTuning_AT1</Name>
  <Panel>
    <Left>0</Left>
    <Top>0</Top>
    <Width>800</Width>
    <Height>470</Height>
    <Name>Panel1</Name>
    <BackColor>0,0,0</BackColor>
    <Depth>31</Depth>
  </Panel>
  <Label>
    <Left>21</Left>
    <Top>203</Top>
    <Height>32</Height>
    <Width>50</Width>
    <Name>Result1</Name>
    <FontSize>14</FontSize>
    <Alignment>2</Alignment>
	<BorderStyle>2</BorderStyle>
    <BorderColor>255,255,255</BorderColor>
    <ForeColor>255,255,255</ForeColor>
    <BackColor>0,0,0</BackColor>
    <Caption>X</Caption>
    <Wrap>True</Wrap>
    <Depth>30</Depth>
  </Label>
  <Label>
    <Left>21</Left>
    <Top>165</Top>
    <Height>32</Height>
    <Width>94</Width>
    <Name>Label1</Name>
    <FontSize>18</FontSize>
    <Alignment>0</Alignment>
    <ForeColor>0,128,0</ForeColor>
    <BackColor>0,0,0</BackColor>
    <Caption>STR::Browser::AutoTuning::Label::SelectAxis</Caption>
    <Wrap>True</Wrap>
    <Depth>29</Depth>
  </Label>
  <Label>
    <Left>265</Left>
    <Top>51</Top>
    <Height>105</Height>
    <Width>510</Width>
    <Name>Board</Name>
    <BorderStyle>2</BorderStyle>
    <BorderColor>255,255,255</BorderColor>
    <BackColor>0,0,0</BackColor>
    <Caption>
    </Caption>
  </Label>
  <Label>
    <Left>270</Left>
    <Top>56</Top>
    <Height>95</Height>
    <Width>502</Width>
    <Name>TAction</Name>
    <FontSize>14</FontSize>
    <Alignment>3</Alignment>
    <BorderColor>255,255,255</BorderColor>
    <ForeColor>255,255,255</ForeColor>
    <BackColor>0,0,0</BackColor>
    <Caption>STR::Browser::AutoTuning::Action::Syntec::Hint4</Caption>
    <Wrap>True</Wrap>
    <Depth>28</Depth>
  </Label>
  <Label>
    <Left>4</Left>
    <Top>58</Top>
    <Height>40</Height>
    <Width>240</Width>
    <Name>TStep</Name>
    <FontSize>18</FontSize>
    <BorderStyle>2</BorderStyle>
    <BorderColor>255,255,255</BorderColor>
    <ForeColor>255,255,255</ForeColor>
    <BackColor>0,0,0</BackColor>
    <Caption>STR::Browser::AutoTuning::Chart::Step4</Caption>
    <Wrap>True</Wrap>
    <Depth>23</Depth>
  </Label>
  <Label>
    <Left>326</Left>
    <Top>271</Top>
    <Height>26</Height>
    <Width>200</Width>
    <Name>Label7</Name>
    <FontSize>14</FontSize>
    <Alignment>0</Alignment>
    <ForeColor>0,128,0</ForeColor>
    <BackColor>0,0,0</BackColor>
    <Caption>STR::Browser::AutoTuning::Para::Syntec::Resolution</Caption>
    <Wrap>True</Wrap>
    <Depth>15</Depth>
  </Label>
  <Label>
    <Left>326</Left>
    <Top>305</Top>
    <Height>26</Height>
    <Width>200</Width>
    <Name>D1-31</Name>
    <FontSize>16</FontSize>
    <BorderStyle>2</BorderStyle>
    <BorderColor>64,64,64</BorderColor>
    <ForeColor>255,255,255</ForeColor>
    <BackColor>16,16,16</BackColor>
    <Caption>
    </Caption>
    <Wrap>True</Wrap>
    <Depth>14</Depth>
  </Label>
  <Label>
    <Left>326</Left>
    <Top>336</Top>
    <Height>26</Height>
    <Width>200</Width>
    <Name>Label6</Name>
    <FontSize>14</FontSize>
    <Alignment>0</Alignment>
    <ForeColor>0,128,0</ForeColor>
    <BackColor>0,0,0</BackColor>
    <Caption>STR::Browser::AutoTuning::Para::Syntec::Polarity</Caption>
    <Wrap>True</Wrap>
    <Depth>13</Depth>
  </Label>
  <Label>
    <Left>326</Left>
    <Top>368</Top>
    <Height>26</Height>
    <Width>200</Width>
    <Name>D1-32</Name>
    <FontSize>16</FontSize>
    <BorderStyle>2</BorderStyle>
    <BorderColor>64,64,64</BorderColor>
    <ForeColor>255,255,255</ForeColor>
    <BackColor>16,16,16</BackColor>
    <Caption>
    </Caption>
    <Wrap>True</Wrap>
    <Depth>12</Depth>
  </Label>
  <Label>
    <Left>556</Left>
    <Top>271</Top>
    <Height>26</Height>
    <Width>200</Width>
    <Name>Label9</Name>
    <FontSize>14</FontSize>
    <Alignment>0</Alignment>
    <ForeColor>0,128,0</ForeColor>
    <BackColor>0,0,0</BackColor>
    <Caption>STR::Browser::AutoTuning::Para::Syntec::Bandwidth</Caption>
    <Wrap>True</Wrap>
    <Depth>11</Depth>
  </Label>
  <Label>
    <Left>556</Left>
    <Top>302</Top>
    <Height>26</Height>
    <Width>200</Width>
    <Name>P2-02</Name>
    <FontSize>16</FontSize>
    <BorderStyle>2</BorderStyle>
    <BorderColor>64,64,64</BorderColor>
    <ForeColor>255,255,255</ForeColor>
    <BackColor>16,16,16</BackColor>
    <Caption>
    </Caption>
    <Wrap>True</Wrap>
    <Depth>10</Depth>
  </Label>
  <Label>
    <Left>556</Left>
    <Top>336</Top>
    <Height>26</Height>
    <Width>200</Width>
    <Name>Label11</Name>
    <FontSize>14</FontSize>
    <Alignment>0</Alignment>
    <ForeColor>0,128,0</ForeColor>
    <BackColor>0,0,0</BackColor>
    <Caption>STR::Browser::AutoTuning::Para::Syntec::InertiaEstimated</Caption>
    <Wrap>True</Wrap>
    <Depth>9</Depth>
  </Label>
  <Label>
    <Left>556</Left>
    <Top>368</Top>
    <Height>26</Height>
    <Width>200</Width>
    <Name>P2-05</Name>
    <FontSize>16</FontSize>
    <BorderStyle>2</BorderStyle>
    <BorderColor>64,64,64</BorderColor>
    <ForeColor>255,255,255</ForeColor>
    <BackColor>16,16,16</BackColor>
    <Caption>
    </Caption>
    <Wrap>True</Wrap>
    <Depth>8</Depth>
  </Label>
  <Label>
    <Left>4</Left>
    <Top>4</Top>
    <Height>39</Height>
    <Width>138</Width>
    <Name>Label2</Name>
    <FontSize>20</FontSize>
    <ForeColor>0,255,0</ForeColor>
    <BackColor>0,0,0</BackColor>
    <Caption>STR::Browser::AutoTuning::Label::TuningStatus</Caption>
  </Label>
  <Label>
    <Left>4</Left>
    <Top>110</Top>
    <Height>39</Height>
    <Width>138</Width>
    <Name>Label5</Name>
    <FontSize>20</FontSize>
    <ForeColor>0,255,0</ForeColor>
    <BackColor>0,0,0</BackColor>
    <Caption>STR::Browser::AutoTuning::Label::Setting</Caption>
  </Label>
  <Label>
    <Left>265</Left>
    <Top>4</Top>
    <Height>38</Height>
    <Width>138</Width>
    <Name>Label8</Name>
    <FontSize>20</FontSize>
    <ForeColor>0,255,0</ForeColor>
    <BackColor>0,0,0</BackColor>
    <Caption>STR::Browser::AutoTuning::Label::Hint</Caption>
  </Label>
  <Label>
    <Left>265</Left>
    <Top>158</Top>
    <Height>39</Height>
    <Width>138</Width>
    <Name>Label10</Name>
    <FontSize>20</FontSize>
    <ForeColor>0,255,0</ForeColor>
    <BackColor>0,0,0</BackColor>
    <Caption>STR::Browser::AutoTuning::Label::Result</Caption>
    <Wrap>True</Wrap>
  </Label>
  <Label>
    <Left>325</Left>
    <Top>229</Top>
    <Height>32</Height>
    <Width>160</Width>
    <Name>Label3</Name>
    <FontSize>18</FontSize>
	<Alignment>0</Alignment>
    <ForeColor>0,128,0</ForeColor>
    <BackColor>0,0,0</BackColor>
    <Caption>STR::Browser::AutoTuning::Label::Monitor</Caption>
    <Wrap>True</Wrap>
  </Label>
  <Label>
    <Left>21</Left>
    <Top>239</Top>
    <Height>32</Height>
    <Width>100</Width>
    <Name>Label13</Name>
    <FontSize>16</FontSize>
    <Alignment>0</Alignment>
    <ForeColor>0,128,0</ForeColor>
    <BackColor>0,0,0</BackColor>
    <Caption>STR::Browser::AutoTuning::Label::LimitPos1</Caption>
    <Wrap>True</Wrap>
    <Depth>10</Depth>
  </Label>
  <Label>
    <Left>130</Left>
    <Top>239</Top>
    <Height>32</Height>
    <Width>100</Width>
    <Name>Label14</Name>
    <FontSize>16</FontSize>
    <Alignment>0</Alignment>
    <ForeColor>0,128,0</ForeColor>
    <BackColor>0,0,0</BackColor>
    <Caption>STR::Browser::AutoTuning::Label::LimitPos2</Caption>
    <Wrap>True</Wrap>
    <Depth>9</Depth>
  </Label>
  <Label>
    <Left>21</Left>
    <Top>272</Top>
    <Height>32</Height>
    <Width>100</Width>
    <Name>Result3</Name>
    <FontSize>14</FontSize>
    <Alignment>0</Alignment>
    <ForeColor>255,255,255</ForeColor>
    <BackColor>0,0,0</BackColor>
    <Caption>
    </Caption>
    <Wrap>True</Wrap>
    <Depth>8</Depth>
  </Label>
  <Label>
    <Left>130</Left>
    <Top>274</Top>
    <Height>32</Height>
    <Width>100</Width>
    <Name>Result5</Name>
    <FontSize>14</FontSize>
    <Alignment>0</Alignment>
    <ForeColor>255,255,255</ForeColor>
    <BackColor>0,0,0</BackColor>
    <Caption>
    </Caption>
    <Wrap>True</Wrap>
    <Depth>7</Depth>
  </Label>
</Screen>