﻿<?xml version="1.0" encoding="UTF-8"?>
<Screen>
	<Name>G178_1</Name>
	<Picture>
		<Name>Back_Picture</Name>
		<Picture>Image\Back1.bmp</Picture>
		<Left>0</Left>
		<Top>0</Top>
		<Height>392</Height>
		<Width>736</Width>
		<BorderStyle>0</BorderStyle>
	</Picture>
	<Picture>
		<Name>Picture_G178</Name>
		<Picture>Image\G1781.bmp</Picture>
		<Left>18</Left>
		<Top>108</Top>
		<Height>250</Height>
		<Width>337</Width>
		<BorderStyle>1</BorderStyle>
	</Picture>
	<Label>
		<Name>G178_Title</Name>
		<Caption>STR::G178::G178_Title</Caption>
		<Left>11</Left>
		<Top>19</Top>
		<Height>25</Height>
		<Width>350</Width>
		<ForeColor>255,255,255</ForeColor>
		<BorderStyle>0</BorderStyle>
		<BackColor>159,145,124</BackColor>
		<Alignment>2</Alignment>
		<FontSize>15</FontSize>
	</Label>
	<Label>
		<Name>XY_Arg</Name>
		<Caption>STR::G173::XY_Arg</Caption>
		<Left>421</Left>
		<Top>12</Top>
		<Height>30</Height>
		<Width>250</Width>
		<ForeColor>255,255,255</ForeColor>
		<BorderStyle>0</BorderStyle>
		<Alignment>2</Alignment>
		<FontSize>15</FontSize>
		<BackColor>159,145,124</BackColor>
	</Label>
	<Label>
		<Name>Radius</Name>
		<Caption>STR::G173::Radius</Caption>
		<Left>470</Left>
		<Top>50</Top>
		<Height>30</Height>
		<Width>120</Width>
		<ForeColor>247,239,97</ForeColor>
		<BorderStyle>0</BorderStyle>
		<Alignment>1</Alignment>
		<FontSize>15</FontSize>
		<BackColor>159,145,124</BackColor>
	</Label>
	<Input>
		<Name>Inp_R</Name>
		<MacroAddr>R</MacroAddr>
		<Left>590</Left>
		<Top>50</Top>
		<Height>30</Height>
		<Width>120</Width>
		<BackColor>235,235,235</BackColor>
		<ForeColor>0,0,0</ForeColor>
		<BorderStyle>1</BorderStyle>
		<Alignment>1</Alignment>
		<FontSize>12</FontSize>
		<InputFormat>Double:3F</InputFormat>
		<HintLabel>STR::G173::Hint::Radius</HintLabel>
	</Input>
	<Label>
		<Name>Cut_Dire</Name>
		<Caption>STR::G173::Cut_Dire</Caption>
		<Left>420</Left>
		<Top>90</Top>
		<Height>30</Height>
		<Width>160</Width>
		<ForeColor>247,239,97</ForeColor>
		<BorderStyle>0</BorderStyle>
		<Alignment>1</Alignment>
		<FontSize>15</FontSize>
		<BackColor>159,145,124</BackColor>
	</Label>
	<Input>
		<Name>Inp_CD</Name>
		<MacroAddr>U</MacroAddr>
		<Left>590</Left>
		<Top>90</Top>
		<Height>30</Height>
		<Width>120</Width>
		<BackColor>235,235,235</BackColor>
		<ForeColor>0,0,0</ForeColor>
		<BorderStyle>1</BorderStyle>
		<Alignment>1</Alignment>
		<FontSize>12</FontSize>
		<InputFormat>Double:3F</InputFormat>
		<HintLabel>STR::G173::Hint::Cut_Dire</HintLabel>
	</Input>
	<Label>
		<Name>Speed</Name>
		<Caption>STR::G173::Speed</Caption>
		<Left>420</Left>
		<Top>130</Top>
		<Height>30</Height>
		<Width>160</Width>
		<ForeColor>247,239,97</ForeColor>
		<BorderStyle>0</BorderStyle>
		<Alignment>1</Alignment>
		<FontSize>15</FontSize>
		<BackColor>159,145,124</BackColor>
	</Label>
	<Input>
		<Name>Inp_S</Name>
		<MacroAddr>S</MacroAddr>
		<Left>590</Left>
		<Top>130</Top>
		<Height>30</Height>
		<Width>120</Width>
		<BackColor>235,235,235</BackColor>
		<ForeColor>0,0,0</ForeColor>
		<BorderStyle>1</BorderStyle>
		<Alignment>1</Alignment>
		<FontSize>12</FontSize>
		<InputFormat>Double:3F</InputFormat>
		<HintLabel>STR::G173::Hint::Speed</HintLabel>
	</Input>
	<Label>
		<Name>Feedrate</Name>
		<Caption>STR::G173::Feedrate</Caption>
		<Left>420</Left>
		<Top>170</Top>
		<Height>30</Height>
		<Width>160</Width>
		<ForeColor>247,239,97</ForeColor>
		<BorderStyle>0</BorderStyle>
		<Alignment>1</Alignment>
		<FontSize>15</FontSize>
		<BackColor>159,145,124</BackColor>
	</Label>
	<Input>
		<Name>Inp_F</Name>
		<MacroAddr>F</MacroAddr>
		<Left>590</Left>
		<Top>170</Top>
		<Height>30</Height>
		<Width>120</Width>
		<BackColor>235,235,235</BackColor>
		<ForeColor>0,0,0</ForeColor>
		<BorderStyle>1</BorderStyle>
		<Alignment>1</Alignment>
		<FontSize>12</FontSize>
		<InputFormat>Double:3F</InputFormat>
		<HintLabel>STR::G173::Hint::Feedrate</HintLabel>
	</Input>
	<Label>
		<Name>Data_Remain</Name>
		<Caption>STR::PControl::Data_Remain</Caption>
		<Left>540</Left>
		<Top>340</Top>
		<Height>27</Height>
		<Width>160</Width>
		<ForeColor>255,255,255</ForeColor>
		<BorderStyle>0</BorderStyle>
		<Alignment>1</Alignment>
		<FontSize>15</FontSize>
		<BackColor>159,145,124</BackColor>
	</Label>
    <Link>
				<Name>NextPage</Name>
        <PageUrl>G178_next.xml</PageUrl>
				
    </Link>

</Screen>
