﻿<?xml version="1.0" encoding="UTF-8"?>
<Screen>
	<Name>G137.2_2</Name>
	<Picture>
		<Name>Back_Picture</Name>
		<Picture>Image\Back1.bmp</Picture>
		<Left>0</Left>
		<Top>0</Top>
		<Height>392</Height>
		<Width>736</Width>
		<BorderStyle>0</BorderStyle>
	</Picture>
	<Picture>
		<Name>Picture_G137.2_next</Name>
		<Picture>Image\G1372.bmp</Picture>
		<Left>18</Left>
		<Top>108</Top>
		<Height>250</Height>
		<Width>337</Width>
		<BorderStyle>1</BorderStyle>
	</Picture>
	<Label>
		<Name>G136_Title</Name>
		<Caption>STR::G137.2::G137.2_Title</Caption>
		<Left>11</Left>
		<Top>19</Top>
		<Height>25</Height>
		<Width>350</Width>
		<ForeColor>255,255,255</ForeColor>
		<BorderStyle>0</BorderStyle>
		<BackColor>159,145,124</BackColor>
		<Alignment>2</Alignment>
		<FontSize>15</FontSize>
		<BackColor>159,145,124</BackColor>
	</Label>
	<Label>
		<Name>Z_Arg</Name>
		<Caption>STR::G134.1::Z_Arg</Caption>
		<Left>421</Left>
		<Top>12</Top>
		<Height>30</Height>
		<Width>250</Width>
		<ForeColor>255,255,255</ForeColor>
		<BorderStyle>0</BorderStyle>
		<Alignment>2</Alignment>
		<FontSize>15</FontSize>
		<BackColor>159,145,124</BackColor>
	</Label>
	<Label>
		<Name>Hole_Depth</Name>
		<Caption>STR::G134.1::Hole_Depth</Caption>
		<Left>420</Left>
		<Top>50</Top>
		<Height>30</Height>
		<Width>160</Width>
		<ForeColor>247,239,97</ForeColor>
		<BorderStyle>0</BorderStyle>
		<Alignment>1</Alignment>
		<FontSize>15</FontSize>
		<BackColor>159,145,124</BackColor>
	</Label>
	<Input>
		<Name>Inp_HD</Name>
		<MacroAddr>Z</MacroAddr>
		<Left>590</Left>
		<Top>50</Top>
		<Height>30</Height>
		<Width>120</Width>
		<BackColor>235,235,235</BackColor>
		<ForeColor>0,0,0</ForeColor>
		<BorderStyle>1</BorderStyle>
		<Alignment>1</Alignment>
		<FontSize>12</FontSize>
		<InputFormat>Double:3F</InputFormat>
		<HintLabel>STR::G134.1::Hint::Hole_Depth</HintLabel>
	</Input>
	<Label>
		<Name>Initial_Point</Name>
		<Caption>STR::G134.1::Initial_Point</Caption>
		<Left>420</Left>
		<Top>80</Top>
		<Height>30</Height>
		<Width>160</Width>
		<ForeColor>247,239,97</ForeColor>
		<BorderStyle>0</BorderStyle>
		<Alignment>1</Alignment>
		<FontSize>15</FontSize>
		<BackColor>159,145,124</BackColor>
	</Label>
	<Input>
		<Name>Inp_IP</Name>
		<MacroAddr>R</MacroAddr>
		<Left>590</Left>
		<Top>80</Top>
		<Height>30</Height>
		<Width>120</Width>
		<BackColor>235,235,235</BackColor>
		<ForeColor>0,0,0</ForeColor>
		<BorderStyle>1</BorderStyle>
		<Alignment>1</Alignment>
		<FontSize>12</FontSize>
		<InputFormat>Double:3F</InputFormat>
		<HintLabel>STR::G134.1::Hint::Initial_Point</HintLabel>
	</Input>
	<Label>
		<Name>Dwell_Time</Name>
		<Caption>STR::G134.1::Dwell_Time</Caption>
		<Left>420</Left>
		<Top>120</Top>
		<Height>30</Height>
		<Width>160</Width>
		<ForeColor>247,239,97</ForeColor>
		<BorderStyle>0</BorderStyle>
		<Alignment>1</Alignment>
		<FontSize>15</FontSize>
		<BackColor>159,145,124</BackColor>
	</Label>
	<Input>
		<Name>Inp_DT</Name>
		<MacroAddr>P</MacroAddr>
		<Left>590</Left>
		<Top>120</Top>
		<Height>30</Height>
		<Width>120</Width>
		<BackColor>235,235,235</BackColor>
		<ForeColor>0,0,0</ForeColor>
		<BorderStyle>1</BorderStyle>
		<Alignment>1</Alignment>
		<FontSize>12</FontSize>
		<InputFormat>Double:3F</InputFormat>
		<HintLabel>STR::G134.1::Hint::Dwell_Time</HintLabel>
	</Input>
	<Label>
		<Name>Each_Cutting_Feed</Name>
		<Caption>STR::G134.1::Each_Cutting_Feed</Caption>
		<Left>420</Left>
		<Top>160</Top>
		<Height>30</Height>
		<Width>160</Width>
		<ForeColor>247,239,97</ForeColor>
		<BorderStyle>0</BorderStyle>
		<Alignment>1</Alignment>
		<FontSize>15</FontSize>
		<BackColor>159,145,124</BackColor>
	</Label>
	<Input>
		<Name>Inp_ECF</Name>
		<MacroAddr>Q</MacroAddr>
		<Left>590</Left>
		<Top>160</Top>
		<Height>30</Height>
		<Width>120</Width>
		<BackColor>235,235,235</BackColor>
		<ForeColor>0,0,0</ForeColor>
		<BorderStyle>1</BorderStyle>
		<Alignment>1</Alignment>
		<FontSize>12</FontSize>
		<InputFormat>Double:3F</InputFormat>
		<HintLabel>STR::G134.1::Hint::Each_Cutting_Feed</HintLabel>
	</Input>
	<Label>
		<Name>Retraction</Name>
		<Caption>STR::G134.1::Retraction</Caption>
		<Left>420</Left>
		<Top>200</Top>
		<Height>30</Height>
		<Width>160</Width>
		<ForeColor>247,239,97</ForeColor>
		<BorderStyle>0</BorderStyle>
		<Alignment>1</Alignment>
		<FontSize>15</FontSize>
		<BackColor>159,145,124</BackColor>
	</Label>
	<Input>
		<Name>Inp_R</Name>
		<MacroAddr>D</MacroAddr>
		<Left>590</Left>
		<Top>200</Top>
		<Height>30</Height>
		<Width>120</Width>
		<BackColor>235,235,235</BackColor>
		<ForeColor>0,0,0</ForeColor>
		<BorderStyle>1</BorderStyle>
		<Alignment>1</Alignment>
		<FontSize>12</FontSize>
		<InputFormat>Double:3F</InputFormat>
		<HintLabel>STR::G134.1::Hint::Retraction</HintLabel>
	</Input>
	<Label>
		<Name>Speed</Name>
		<Caption>STR::G173::Speed</Caption>
		<Left>420</Left>
		<Top>240</Top>
		<Height>30</Height>
		<Width>160</Width>
		<ForeColor>247,239,97</ForeColor>
		<BorderStyle>0</BorderStyle>
		<Alignment>1</Alignment>
		<FontSize>15</FontSize>
		<BackColor>159,145,124</BackColor>
	</Label>
	<Input>
		<Name>Inp_S</Name>
		<MacroAddr>S</MacroAddr>
		<Left>590</Left>
		<Top>240</Top>
		<Height>30</Height>
		<Width>120</Width>
		<BackColor>235,235,235</BackColor>
		<ForeColor>0,0,0</ForeColor>
		<BorderStyle>1</BorderStyle>
		<Alignment>1</Alignment>
		<FontSize>12</FontSize>
		<InputFormat>Double:3F</InputFormat>
		<HintLabel>STR::G173::Hint::Speed</HintLabel>
	</Input>
	<Label>
		<Name>Feedrate</Name>
		<Caption>STR::G134.1::Feedrate</Caption>
		<Left>420</Left>
		<Top>270</Top>
		<Height>30</Height>
		<Width>160</Width>
		<ForeColor>247,239,97</ForeColor>
		<BorderStyle>0</BorderStyle>
		<Alignment>1</Alignment>
		<FontSize>15</FontSize>
		<BackColor>159,145,124</BackColor>
	</Label>
	<Input>
		<Name>Inp_F</Name>
		<MacroAddr>F</MacroAddr>
		<Left>590</Left>
		<Top>270</Top>
		<Height>30</Height>
		<Width>120</Width>
		<BackColor>235,235,235</BackColor>
		<ForeColor>0,0,0</ForeColor>
		<BorderStyle>1</BorderStyle>
		<Alignment>1</Alignment>
		<FontSize>12</FontSize>
		<InputFormat>Double:3F</InputFormat>
		<HintLabel>STR::G134.1::Hint::Feedrate</HintLabel>
	</Input>
	<Label>
		<Name>PrePage</Name>
		<Caption>STR::PControl::PrePage</Caption>
		<Left>540</Left>
		<Top>340</Top>
		<Height>30</Height>
		<Width>160</Width>
		<ForeColor>255,255,255</ForeColor>
		<BorderStyle>0</BorderStyle>
		<Alignment>1</Alignment>
		<FontSize>15</FontSize>
		<BackColor>159,145,124</BackColor>
	</Label>
    <Link>
				<Name>PrevPage</Name>
        <PageUrl>G137.2.xml</PageUrl>
				
    </Link>

</Screen>
