﻿<?xml version="1.0" encoding="UTF-8"?>
<!--Created by 'eHMI'version2.2.31-->
<!--BROWSER SIZE|H:470|W:800-->
<Screen>
	<Name>BackupConclusion.xml</Name>
	<Panel>
		<Left>0</Left>
		<Top>0</Top>
		<Width>800</Width>
		<Height>470</Height>
		<Name>Pan_SelectItem</Name>
		<BorderStyle>0</BorderStyle>
		<BackColor>192,192,192</BackColor>
		<Caption>
		</Caption>
		<Depth>19</Depth>
	</Panel>
	<Panel>
		<Left>10</Left>
		<Top>50</Top>
		<Width>488</Width>
		<Height>2</Height>
		<Name>Pan_SplitTitleLine</Name>
		<BorderStyle>0</BorderStyle>
		<BackColor>0,128,128</BackColor>
		<Caption>
		</Caption>
		<Depth>18</Depth>
	</Panel>
	<Panel>
		<Left>10</Left>
		<Top>321</Top>
		<Width>780</Width>
		<Height>2</Height>
		<Name>Pan_SplitHintLine</Name>
		<BorderStyle>0</BorderStyle>
		<BackColor>0,128,128</BackColor>
		<Caption>
		</Caption>
		<Depth>17</Depth>
	</Panel>
	<Panel>
		<Left>10</Left>
		<Top>280</Top>
		<Width>780</Width>
		<Height>2</Height>
		<Name>Pan_SplitFilePathLine</Name>
		<BorderStyle>0</BorderStyle>
		<Visible>False</Visible>
		<BackColor>0,128,128</BackColor>
		<Caption>
		</Caption>
		<Depth>16</Depth>
	</Panel>
	<Panel>
		<Left>528</Left>
		<Top>144</Top>
		<Width>262</Width>
		<Height>1</Height>
		<Name>Pan_SplitFileNameLine</Name>
		<BorderStyle>0</BorderStyle>
		<Visible>False</Visible>
		<BackColor>0,128,128</BackColor>
		<Caption>
		</Caption>
		<Depth>15</Depth>
	</Panel>
	<Panel>
		<Left>513</Left>
		<Top>14</Top>
		<Width>2</Width>
		<Height>260</Height>
		<Name>Pan_SplitHLine</Name>
		<BorderStyle>0</BorderStyle>
		<Visible>False</Visible>
		<BackColor>0,128,128</BackColor>
		<Caption>
		</Caption>
		<Depth>14</Depth>
	</Panel>
	<Panel>
		<Left>513</Left>
		<Top>395</Top>
		<Width>2</Width>
		<Height>65</Height>
		<Name>Pan_SplitTips</Name>
		<BorderStyle>0</BorderStyle>
		<Visible>False</Visible>
		<BackColor>0,128,128</BackColor>
		<Caption>
		</Caption>
		<Depth>13</Depth>
	</Panel>
	<Panel>
		<Left>10</Left>
		<Top>383</Top>
		<Width>780</Width>
		<Height>2</Height>
		<Name>Pan_Commit</Name>
		<BorderStyle>0</BorderStyle>
		<BackColor>0,128,128</BackColor>
		<Caption>
		</Caption>
		<Depth>12</Depth>
	</Panel>
	<Label>
		<Left>20</Left>
		<Top>290</Top>
		<Height>25</Height>
		<Width>85</Width>
		<Name>Lab_FilePathTitle</Name>
		<FontSize>14</FontSize>
		<Alignment>0</Alignment>
		<Visible>False</Visible>
		<BackColor>192,192,192</BackColor>
		<Caption>STR::MMI::Setup::Caption::SelectItem::FilePath</Caption>
		<Depth>11</Depth>
	</Label>
	<Label>
		<Left>110</Left>
		<Top>290</Top>
		<Height>25</Height>
		<Width>670</Width>
		<Name>Lab_FilePath</Name>
		<FontSize>14</FontSize>
		<Alignment>0</Alignment>
		<Visible>False</Visible>
		<BackColor>192,192,192</BackColor>
		<Caption></Caption>
		<Depth>10</Depth>
	</Label>
	<Label>
		<Left>533</Left>
		<Top>34</Top>
		<Height>25</Height>
		<Width>247</Width>
		<Name>Lab_FileNameTitle</Name>
		<FontSize>12</FontSize>
		<Alignment>0</Alignment>
		<Visible>False</Visible>
		<BackColor>192,192,192</BackColor>
		<Caption>STR::MMI::FileMgr::Name</Caption>
		<Depth>9</Depth>
	</Label>
	<Label>
		<Left>533</Left>
		<Top>104</Top>
		<Height>25</Height>
		<Width>247</Width>
		<Name>Lab_FileNameExt</Name>
		<FontSize>12</FontSize>
		<Alignment>0</Alignment>
		<Visible>False</Visible>
		<BackColor>192,192,192</BackColor>
		<Caption>
		</Caption>
		<Depth>8</Depth>
	</Label>
	<Label>
		<Left>533</Left>
		<Top>69</Top>
		<Height>25</Height>
		<Width>247</Width>
		<Name>Lab_TextFileName</Name>
		<FontSize>12</FontSize>
		<BorderStyle>1</BorderStyle>
		<Visible>False</Visible>
		<BackColor>192,192,192</BackColor>
		<Caption>
		</Caption>
		<Depth>7</Depth>
	</Label>
	<Label>
		<Left>533</Left>
		<Top>159</Top>
		<Height>45</Height>
		<Width>247</Width>
		<Name>Lab_FileCommentTitle</Name>
		<FontSize>12</FontSize>
		<Alignment>0</Alignment>
		<Visible>False</Visible>
		<BackColor>192,192,192</BackColor>
		<Caption>STR::MMI::Setup::Caption::SelectItem::Backup::FileComment</Caption>
		<Depth>6</Depth>
	</Label>
	<Label>
		<Left>533</Left>
		<Top>214</Top>
		<Height>25</Height>
		<Width>247</Width>
		<Name>Lab_TextFileComment</Name>
		<FontSize>12</FontSize>
		<BorderStyle>1</BorderStyle>
		<Visible>False</Visible>
		<BackColor>192,192,192</BackColor>
		<Caption>
		</Caption>
		<Depth>5</Depth>
	</Label>
	<Label Role="HintLabel">
		<Left>20</Left>
		<Top>326</Top>
		<Height>55</Height>
		<Width>761</Width>
		<Name>Lab_ItemHint</Name>
		<FontSize>12</FontSize>
		<Alignment>0</Alignment>
		<BackColor>192,192,192</BackColor>
		<Caption>HintLabel</Caption>
		<Depth>4</Depth>
	</Label>
	<Label>
		<Left>20</Left>
		<Top>393</Top>
		<Height>80</Height>
		<Width>478</Width>
		<Name>Lab_TotalTimeHint</Name>
		<FontSize>14</FontSize>
		<Alignment>0</Alignment>
		<BackColor>192,192,192</BackColor>
		<Caption></Caption>
		<Depth>3</Depth>
	</Label>
	<Label>
		<Left>519</Left>
		<Top>393</Top>
		<Height>75</Height>
		<Width>262</Width>
		<Name>Lab_BackupConclusion</Name>
		<FontSize>16</FontSize>
		<Alignment>0</Alignment>
		<Visible>False</Visible>
		<ForeColor>128,0,0</ForeColor>
		<BackColor>192,192,192</BackColor>
		<Caption>STR::MMI::Setup::Caption::SelectItem::QueryBackup</Caption>
		<Depth>2</Depth>
	</Label>
	<Panel>
		<Left>10</Left>
		<Top>90</Top>
		<Width>488</Width>
		<Height>2</Height>
		<Name>Pan_SplitLine</Name>
		<BorderStyle>0</BorderStyle>
		<BackColor>0,128,128</BackColor>
		<Caption>
		</Caption>
		<Depth>1</Depth>
	</Panel>
	<Label>
		<Left>13</Left>
		<Top>9</Top>
		<Height>35</Height>
		<Width>485</Width>
		<Name>Lab_TextTitle</Name>
		<FontSize>16</FontSize>
		<Alignment>0</Alignment>
		<BackColor>192,192,192</BackColor>
		<Caption>
		</Caption>
		<Depth>0</Depth>
	</Label>
	<Group>
		<Name>BackupItemGroup</Name>
		<CheckBox>
			<Left>10</Left>
			<Top>60</Top>
			<Height>25</Height>
			<Width>160</Width>
			<Name>SyntecBackup</Name>
			<FontSize>12</FontSize>
			<Caption>STR::MMI::Common::SYNTEC_Backup</Caption>
			<BackColor>192,192,192</BackColor>
			<HintLabel>STR::MMI::Setup::Caption::Hint::Backup::SB</HintLabel>
			<SelectActions>
				<Action>CancelMBButton</Action>
			</SelectActions>
		</CheckBox>
		<CheckBox>
			<Left>10</Left>
			<Top>100</Top>
			<Height>25</Height>
			<Width>160</Width>
			<Name>SelectAll</Name>
			<FontSize>12</FontSize>
			<Caption>STR::MMI::Common::SelectAll</Caption>
			<BackColor>192,192,192</BackColor>
			<HintLabel>STR::MMI::Setup::Caption::Hint::Backup::AllSelect</HintLabel>
			<SelectActions>
				<Action>CancelSBButton</Action>
			</SelectActions>
		</CheckBox>
		<CheckBox>
			<Left>10</Left>
			<Top>125</Top>
			<Height>25</Height>
			<Width>160</Width>
			<Name>Ladder</Name>
			<FontSize>12</FontSize>
			<Caption>STR::MMI::Common::PLC</Caption>
			<BackColor>192,192,192</BackColor>
			<HintLabel>STR::MMI::Setup::Caption::Hint::Backup::PLC</HintLabel>
			<SelectActions>
				<Action>CancelSBButton</Action>
			</SelectActions>
		</CheckBox>
		<CheckBox>
			<Left>10</Left>
			<Top>150</Top>
			<Height>25</Height>
			<Width>160</Width>
			<Name>Parameter</Name>
			<FontSize>12</FontSize>
			<Caption>STR::MMI::Common::Parameter</Caption>
			<BackColor>192,192,192</BackColor>
			<HintLabel>STR::MMI::Setup::Caption::Hint::Backup::Parameter</HintLabel>
			<SelectActions>
				<Action>CancelSBButton</Action>
			</SelectActions>
		</CheckBox>
		<CheckBox>
			<Left>10</Left>
			<Top>175</Top>
			<Height>25</Height>
			<Width>160</Width>
			<Name>ParameterExt</Name>
			<FontSize>12</FontSize>
			<Caption>STR::MMI::Common::ParameterExt</Caption>
			<BackColor>192,192,192</BackColor>
			<HintLabel>STR::MMI::Setup::Caption::Hint::Backup::ParameterExt</HintLabel>
			<SelectActions>
				<Action>CancelSBButton</Action>
			</SelectActions>
		</CheckBox>
		<CheckBox>
			<Left>10</Left>
			<Top>200</Top>
			<Height>25</Height>
			<Width>160</Width>
			<Name>Macro</Name>
			<FontSize>12</FontSize>
			<Caption>STR::MMI::Common::Macro</Caption>
			<BackColor>192,192,192</BackColor>
			<HintLabel>STR::MMI::Setup::Caption::Hint::Backup::Macro</HintLabel>
			<SelectActions>
				<Action>CancelSBButton</Action>
			</SelectActions>
		</CheckBox>
		<CheckBox>
			<Left>10</Left>
			<Top>225</Top>
			<Height>25</Height>
			<Width>160</Width>
			<Name>Registry</Name>
			<FontSize>12</FontSize>
			<Caption>STR::MMI::Common::Registry</Caption>
			<BackColor>192,192,192</BackColor>
			<HintLabel>STR::MMI::Setup::Caption::Hint::Backup::Registry</HintLabel>
			<SelectActions>
				<Action>CancelSBButton</Action>
			</SelectActions>
		</CheckBox>
		<CheckBox>
			<Left>10</Left>
			<Top>250</Top>
			<Height>25</Height>
			<Width>160</Width>
			<Name>OCRes</Name>
			<FontSize>12</FontSize>
			<Caption>STR::MMI::Common::OCRes</Caption>
			<BackColor>192,192,192</BackColor>
			<HintLabel>STR::MMI::Setup::Caption::Hint::Backup::OCRes</HintLabel>
			<SelectActions>
				<Action>CancelSBButton</Action>
			</SelectActions>
		</CheckBox>
		<CheckBox>
			<Left>170</Left>
			<Top>125</Top>
			<Height>25</Height>
			<Width>160</Width>
			<Name>HistoryAlarm</Name>
			<FontSize>12</FontSize>
			<Caption>STR::MMI::Common::HistoryAlarm</Caption>
			<BackColor>192,192,192</BackColor>
			<HintLabel>STR::MMI::Setup::Caption::Hint::Backup::HistoryAlarm</HintLabel>
			<SelectActions>
				<Action>CancelSBButton</Action>
			</SelectActions>
		</CheckBox>
		<CheckBox>
			<Left>170</Left>
			<Top>150</Top>
			<Height>25</Height>
			<Width>160</Width>
			<Name>OPLog</Name>
			<FontSize>12</FontSize>
			<Caption>STR::MMI::Common::OpLogFile</Caption>
			<BackColor>192,192,192</BackColor>
			<HintLabel>STR::MMI::Setup::Caption::Hint::Backup::OpLogFile</HintLabel>
			<SelectActions>
				<Action>CancelSBButton</Action>
			</SelectActions>
		</CheckBox>
		<CheckBox>
			<Left>170</Left>
			<Top>175</Top>
			<Height>25</Height>
			<Width>160</Width>
			<Name>DriverParameter</Name>
			<FontSize>12</FontSize>
			<Caption>STR::MMI::Common::DriverParameter</Caption>
			<BackColor>192,192,192</BackColor>
			<HintLabel>STR::MMI::Setup::Caption::Hint::Backup::DriverParameter</HintLabel>
			<SelectActions>
				<Action>CancelSBButton</Action>
			</SelectActions>
		</CheckBox>
		<CheckBox>
			<Left>170</Left>
			<Top>200</Top>
			<Height>25</Height>
			<Width>160</Width>
			<Name>DataLog</Name>
			<FontSize>12</FontSize>
			<Caption>STR::MMI::Common::DataLogFile</Caption>
			<BackColor>192,192,192</BackColor>
			<HintLabel>STR::MMI::Setup::Caption::Hint::Backup::DataLogFile</HintLabel>
			<SelectActions>
				<Action>CancelSBButton</Action>
			</SelectActions>
		</CheckBox>
		<CheckBox>
			<Left>170</Left>
			<Top>225</Top>
			<Height>25</Height>
			<Width>160</Width>
			<Name>AuthoData</Name>
			<FontSize>12</FontSize>
			<Caption>STR::MMI::Common::AuthorityData</Caption>
			<BackColor>192,192,192</BackColor>
			<HintLabel>STR::MMI::Setup::Caption::Hint::Backup::AuthoData</HintLabel>
			<SelectActions>
				<Action>CancelSBButton</Action>
			</SelectActions>
		</CheckBox>
		<CheckBox>
			<Left>170</Left>
			<Top>250</Top>
			<Height>25</Height>
			<Width>160</Width>
			<Name>SPLCAData</Name>
			<FontSize>12</FontSize>
			<Caption>STR::MMI::Common::SerialPLCAxisParam</Caption>
			<BackColor>192,192,192</BackColor>
			<HintLabel>STR::MMI::Setup::Caption::Hint::Backup::SerialPLCAxisParam</HintLabel>
			<SelectActions>
				<Action>CancelSBButton</Action>
			</SelectActions>
		</CheckBox>
		<CheckBox>
			<Left>330</Left>
			<Top>125</Top>
			<Height>25</Height>
			<Width>160</Width>
			<Name>ECamData</Name>
			<FontSize>12</FontSize>
			<Caption>STR::MMI::Common::ECamData</Caption>
			<BackColor>192,192,192</BackColor>
			<HintLabel>STR::MMI::Setup::Caption::Hint::Backup::ECamData</HintLabel>
			<SelectActions>
				<Action>CancelSBButton</Action>
			</SelectActions>
		</CheckBox>
		<CheckBox>
			<Left>330</Left>
			<Top>150</Top>
			<Height>25</Height>
			<Width>160</Width>
			<Name>SRIParameter</Name>
			<FontSize>12</FontSize>
			<Caption>STR::MMI::Common::SriParameter</Caption>
			<BackColor>192,192,192</BackColor>
			<HintLabel>MMI::Setup::Caption::Hint::Backup::SriParameter</HintLabel>
			<SelectActions>
				<Action>CancelSBButton</Action>
			</SelectActions>
		</CheckBox>
		<CheckBox>
			<Left>330</Left>
			<Top>175</Top>
			<Height>25</Height>
			<Width>160</Width>
			<Name>RotData</Name>
			<FontSize>12</FontSize>
			<Caption>STR::MMI::Common::RotParam</Caption>
			<BackColor>192,192,192</BackColor>
			<HintLabel>STR::MMI::Setup::Caption::Hint::Backup::RotParam</HintLabel>
			<SelectActions>
				<Action>CancelSBButton</Action>
			</SelectActions>
		</CheckBox>
		<CheckBox>
			<Left>330</Left>
			<Top>200</Top>
			<Height>25</Height>
			<Width>160</Width>
			<Name>SysData</Name>
			<FontSize>12</FontSize>
			<Caption>STR::MMI::Common::SysData</Caption>
			<BackColor>192,192,192</BackColor>
			<HintLabel>STR::MMI::Setup::Caption::Hint::Backup::SysData</HintLabel>
			<SelectActions>
				<Action>CancelSBButton</Action>
			</SelectActions>
		</CheckBox>

		<SelectAllRule>
			<SelectAllItem>
				<Name>SelectAll</Name>
			</SelectAllItem>
			<Item>
				<Name>Ladder</Name>
				<Name>Parameter</Name>
				<Name>ParameterExt</Name>
				<Name>Macro</Name>
				<Name>Registry</Name>
				<Name>OCRes</Name>
				<Name>HistoryAlarm</Name>
				<Name>OPLog</Name>
				<Name>DriverParameter</Name>
				<Name>DataLog</Name>
				<Name>AuthoData</Name>
				<Name>SPLCAData</Name>
				<Name>ECamData</Name>
				<Name>SRIParameter</Name>
				<Name>RotData</Name>
				<Name>SysData</Name>
			</Item>
		</SelectAllRule>
	</Group>
</Screen>