﻿<?xml version="1.0" encoding="UTF-8"?>
<ResMap>
	<Message ID="Browser::RotParam::Caption::21" Content="*驱动器站号" />
	<Message ID="Browser::RotParam::Caption::61" Content="*位置感应器解析度(pulse/转)" />
	<Message ID="Browser::RotParam::Caption::121" Content="*螺杆侧齿数" />
	<Message ID="Browser::RotParam::Caption::122" Content="*马达侧齿数" />
	<Message ID="Browser::RotParam::Caption::441" Content="换刀加速度时间(ms)" />
	<Message ID="Browser::RotParam::Caption::461" Content="自动移动速度(RPM)" />
	<Message ID="Browser::RotParam::Caption::481" Content="位置检查视窗(0.001deg)" />
	<Message ID="Browser::RotParam::Caption::501" Content="手动移动速度(RPM)" />
	<Message ID="Browser::RotParam::Caption::3001" Content="总刀数" />
	<Message ID="Browser::RotParam::Caption::3021" Content="扭力限制千分比(‰)" />
	<Message ID="Browser::RotParam::Caption::3101" Content="目标起始暂存器(Rn)" />
	<Message ID="Browser::RotParam::Caption::3121" Content="命令/状态起始暂存器(Rm) " />
		
	<Message ID="Browser::RotParam::Title" Content="参数说明" />
</ResMap>