﻿<?xml version="1.0" encoding="UTF-8"?>
<!--Created by 'eHMI'version2.0.0-->
<!--Resmap path:-->
<!--BROWSER SIZE|H:470|W:800-->
<Screen Type="DotNetExtension">
  <Name>FeatureCoord_2VECS</Name>
  <Panel>
    <Left>0</Left>
    <Top>0</Top>
    <Width>800</Width>
    <Height>470</Height>
    <Name>Panel1</Name>
    <FontSize>9</FontSize>
    <Alignment>2</Alignment>
    <BorderStyle>0</BorderStyle>
    <Visible>True</Visible>
    <BorderColor>0,0,0</BorderColor>
    <ForeColor>0,0,0</ForeColor>
    <BackColor>0,0,0</BackColor>
  </Panel>
  <CoordBox>
    <Left>604</Left>
    <Top>5</Top>
    <Width>170</Width>
    <Height>144</Height>
    <Name>Coord_Mech</Name>
    <FontSize>16</FontSize>
    <Alignment>0</Alignment>
    <BorderStyle>0</BorderStyle>
    <Visible>True</Visible>
    <BorderColor>128,128,128</BorderColor>
    <ForeColor>0,255,0</ForeColor>
    <BackColor>0,0,0</BackColor>
    <Title>1</Title>
    <PageSize>5</PageSize>
    <CoordType>0</CoordType>
    <LForeColor>0,255,0</LForeColor>
    <LBackColor>0,0,0</LBackColor>
    <LFontSize>16</LFontSize>
    <LBorderStyle>0</LBorderStyle>
    <VForeColor>255,255,255</VForeColor>
    <VBackColor>0,0,0</VBackColor>
    <VFontSize>16</VFontSize>
    <VBorderStyle>0</VBorderStyle>
    <AxisNotHomeColor>255,255,255</AxisNotHomeColor>
    <AxisSelectedColor>255,255,255</AxisSelectedColor>
  </CoordBox>
  <CoordBox>
    <Left>604</Left>
    <Top>160</Top>
    <Width>170</Width>
    <Height>144</Height>
    <Name>Coord_Absolute</Name>
    <FontSize>16</FontSize>
    <Alignment>0</Alignment>
    <BorderStyle>0</BorderStyle>
    <Visible>True</Visible>
    <BorderColor>128,128,128</BorderColor>
    <ForeColor>0,255,0</ForeColor>
    <BackColor>0,0,0</BackColor>
    <Title>1</Title>
    <PageSize>5</PageSize>
    <CoordType>2</CoordType>
    <LForeColor>0,255,0</LForeColor>
    <LBackColor>0,0,0</LBackColor>
    <LFontSize>16</LFontSize>
    <LBorderStyle>0</LBorderStyle>
    <VForeColor>255,255,255</VForeColor>
    <VBackColor>0,0,0</VBackColor>
    <VFontSize>16</VFontSize>
    <VBorderStyle>0</VBorderStyle>
    <AxisNotHomeColor>255,255,255</AxisNotHomeColor>
    <AxisSelectedColor>255,255,255</AxisSelectedColor>
  </CoordBox>
  <Picture>
    <Left>5</Left>
    <Top>75</Top>
    <Width>250</Width>
    <Height>250</Height>
    <Name>Picture_hint</Name>
    <FontSize>9</FontSize>
    <Alignment>1</Alignment>
    <BorderStyle>0</BorderStyle>
    <Visible>True</Visible>
    <BorderColor>0,0,0</BorderColor>
    <ForeColor>0,0,0</ForeColor>
    <BackColor>0,0,0</BackColor>
    <Picture>..\Image\FeatureCoord2VEC.bmp</Picture>
  </Picture>
  <Panel>
    <Left>570</Left>
    <Top>0</Top>
    <Width>2</Width>
    <Height>470</Height>
    <Name>Panel2</Name>
    <FontSize>9</FontSize>
    <Alignment>2</Alignment>
    <BorderStyle>0</BorderStyle>
    <Visible>True</Visible>
    <BorderColor>0,0,0</BorderColor>
    <ForeColor>0,255,0</ForeColor>
    <BackColor>255,255,255</BackColor>
  </Panel>
  <ListInput>
    <Left>214</Left>
    <Top>9</Top>
    <Width>299</Width>
    <Height>34</Height>
    <Name>ModeSelectListInput</Name>
    <FontSize>18</FontSize>
    <Alignment>0</Alignment>
    <BorderStyle>0</BorderStyle>
    <Visible>True</Visible>
    <Depth>0</Depth>
    <BorderColor>0,0,0</BorderColor>
    <ForeColor>255,255,0</ForeColor>
	<BackColor>0,0,0</BackColor>
    <InputFormat>Long</InputFormat>
    <InputStorage>L4750</InputStorage>
    <ListItems>
      <Item>
        <ItemCaption>STR::Browser::FeatureCoord::Mode3PTS</ItemCaption>
        <ItemValue>0</ItemValue>
      </Item>
      <Item>
        <ItemCaption>STR::Browser::FeatureCoord::ModeTOOL</ItemCaption>
        <ItemValue>1</ItemValue>
      </Item>
      <Item>
        <ItemCaption>STR::Browser::FeatureCoord::ModeEULER</ItemCaption>
        <ItemValue>2</ItemValue>
      </Item>
      <Item>
        <ItemCaption>STR::Browser::FeatureCoord::Mode2VECS</ItemCaption>
        <ItemValue>3</ItemValue>
      </Item>
    </ListItems>
    <MappingToRegistry>0</MappingToRegistry>
  </ListInput>
  <Input>
    <Left>193</Left>
    <Top>369</Top>
    <Width>89</Width>
    <Height>24</Height>
    <Name>Inp_OriginX</Name>
    <FontSize>14</FontSize>
    <Alignment>1</Alignment>
    <BorderStyle>0</BorderStyle>
    <Visible>True</Visible>
    <BorderColor>0,0,0</BorderColor>
    <ForeColor>255,255,255</ForeColor>
    <BackColor>0,0,0</BackColor>
    <InputFormat>Long:L</InputFormat>
    <InputStorage>L4751</InputStorage>
    <MappingToRegistry>0</MappingToRegistry>
    <HintLabel>STR::Browser::FeatureCoord::Caption::OriginXHint</HintLabel>  
  </Input>
  <Input>
    <Left>459</Left>
    <Top>369</Top>
    <Width>89</Width>
    <Height>24</Height>
    <Name>Inp_OriginZ</Name>
    <FontSize>14</FontSize>
    <Alignment>1</Alignment>
    <BorderStyle>0</BorderStyle>
    <Visible>True</Visible>
    <BorderColor>0,0,0</BorderColor>
    <ForeColor>255,255,255</ForeColor>
    <BackColor>0,0,0</BackColor>
    <InputFormat>Long:L</InputFormat>
    <InputStorage>L4753</InputStorage>
    <MappingToRegistry>0</MappingToRegistry>
    <HintLabel>STR::Browser::FeatureCoord::Caption::OriginZHint</HintLabel>
  </Input>
  <Label>
    <Left>158</Left>
    <Top>369</Top>
    <Width>33</Width>
    <Height>24</Height>
    <Name>LabelX</Name>
    <FontSize>14</FontSize>
    <Alignment>2</Alignment>
    <BorderStyle>0</BorderStyle>
    <Visible>True</Visible>
    <BorderColor>0,0,0</BorderColor>
    <ForeColor>0,255,0</ForeColor>
    <BackColor>0,0,0</BackColor>
    <Caption>X1</Caption>
  </Label>
  <Input>
    <Left>326</Left>
    <Top>369</Top>
    <Width>89</Width>
    <Height>24</Height>
    <Name>Inp_OriginY</Name>
    <FontSize>14</FontSize>
    <Alignment>1</Alignment>
    <BorderStyle>0</BorderStyle>
    <Visible>True</Visible>
    <BorderColor>0,0,0</BorderColor>
    <ForeColor>255,255,255</ForeColor>
    <BackColor>0,0,0</BackColor>
    <InputFormat>Long:L</InputFormat>
    <InputStorage>L4752</InputStorage>
    <MappingToRegistry>0</MappingToRegistry>
    <HintLabel>STR::Browser::FeatureCoord::Caption::OriginYHint</HintLabel>
  </Input>
  <Label>
    <Left>8</Left>
    <Top>9</Top>
    <Width>165</Width>
    <Height>34</Height>
    <Name>Label3</Name>
    <FontSize>18</FontSize>
    <Alignment>0</Alignment>
    <BorderStyle>0</BorderStyle>
    <Visible>True</Visible>
    <BorderColor>0,0,0</BorderColor>
    <ForeColor>0,255,0</ForeColor>
    <BackColor>0,0,0</BackColor>
    <Caption>STR::Browser::FeatureCoord::Caption::Mode_Select</Caption>
  </Label>
  <Label>
    <Left>424</Left>
    <Top>369</Top>
    <Width>33</Width>
    <Height>24</Height>
    <Name>Label2</Name>
    <FontSize>14</FontSize>
    <Alignment>2</Alignment>
    <BorderStyle>0</BorderStyle>
    <Visible>True</Visible>
    <BorderColor>0,0,0</BorderColor>
    <ForeColor>0,255,0</ForeColor>
    <BackColor>0,0,0</BackColor>
    <Caption>Z1</Caption>
  </Label>
  <Input>
    <Left>193</Left>
    <Top>401</Top>
    <Width>89</Width>
    <Height>24</Height>
    <Name>Inp_VecXx</Name>
    <FontSize>14</FontSize>
    <Alignment>1</Alignment>
    <BorderStyle>0</BorderStyle>
    <Visible>True</Visible>
    <BorderColor>0,0,0</BorderColor>
    <ForeColor>255,255,255</ForeColor>
    <BackColor>0,0,0</BackColor>
    <InputFormat>Long:L</InputFormat>
    <InputStorage>L4754</InputStorage>
    <MappingToRegistry>0</MappingToRegistry>
    <HintLabel>STR::FeatureCoord_2VECS::VECXx</HintLabel>
  </Input>
  <Input>
    <Left>459</Left>
    <Top>401</Top>
    <Width>89</Width>
    <Height>24</Height>
    <Name>Inp_VecXz</Name>
    <FontSize>14</FontSize>
    <Alignment>1</Alignment>
    <BorderStyle>0</BorderStyle>
    <Visible>True</Visible>
    <BorderColor>0,0,0</BorderColor>
    <ForeColor>255,255,255</ForeColor>
    <BackColor>0,0,0</BackColor>
    <InputFormat>Long:L</InputFormat>
    <InputStorage>L4756</InputStorage>
    <MappingToRegistry>0</MappingToRegistry>
    <HintLabel>STR::FeatureCoord_2VECS::VECXz</HintLabel>
  </Input>
  <Input>
    <Left>326</Left>
    <Top>401</Top>
    <Width>89</Width>
    <Height>24</Height>
    <Name>Inp_VecXy</Name>
    <FontSize>14</FontSize>
    <Alignment>1</Alignment>
    <BorderStyle>0</BorderStyle>
    <Visible>True</Visible>
    <BorderColor>0,0,0</BorderColor>
    <ForeColor>255,255,255</ForeColor>
    <BackColor>0,0,0</BackColor>
    <InputFormat>Long:L</InputFormat>
    <InputStorage>L4755</InputStorage>
    <MappingToRegistry>0</MappingToRegistry>
    <HintLabel>STR::FeatureCoord_2VECS::VECXy</HintLabel>
  </Input>
  <Label>
    <Left>291</Left>
    <Top>369</Top>
    <Width>33</Width>
    <Height>24</Height>
    <Name>Label1</Name>
    <FontSize>14</FontSize>
    <Alignment>2</Alignment>
    <BorderStyle>0</BorderStyle>
    <Visible>True</Visible>
    <BorderColor>0,0,0</BorderColor>
    <ForeColor>0,255,0</ForeColor>
    <BackColor>0,0,0</BackColor>
    <Caption>Y1</Caption>
  </Label>
  <Label>
    <Left>3</Left>
    <Top>401</Top>
    <Width>140</Width>
    <Height>25</Height>
    <Name>Label7</Name>
    <FontSize>16</FontSize>
    <Alignment>0</Alignment>
    <BorderStyle>0</BorderStyle>
    <Visible>True</Visible>
    <BorderColor>0,0,0</BorderColor>
    <ForeColor>0,255,0</ForeColor>
    <BackColor>0,0,0</BackColor>
    <Caption>STR::FeatureCoord_2VECS::Feature_VecX</Caption>
  </Label>
  <Label>
    <Left>158</Left>
    <Top>401</Top>
    <Width>33</Width>
    <Height>24</Height>
    <Name>Label6</Name>
    <FontSize>14</FontSize>
    <Alignment>2</Alignment>
    <BorderStyle>0</BorderStyle>
    <Visible>True</Visible>
    <BorderColor>0,0,0</BorderColor>
    <ForeColor>0,255,0</ForeColor>
    <BackColor>0,0,0</BackColor>
    <Caption>X2</Caption>
  </Label>
  <Label>
    <Left>424</Left>
    <Top>401</Top>
    <Width>33</Width>
    <Height>24</Height>
    <Name>Label5</Name>
    <FontSize>14</FontSize>
    <Alignment>2</Alignment>
    <BorderStyle>0</BorderStyle>
    <Visible>True</Visible>
    <BorderColor>0,0,0</BorderColor>
    <ForeColor>0,255,0</ForeColor>
    <BackColor>0,0,0</BackColor>
    <Caption>Z2</Caption>
  </Label>
  <Input>
    <Left>193</Left>
    <Top>433</Top>
    <Width>89</Width>
    <Height>24</Height>
    <Name>Inp_VecZx</Name>
    <FontSize>14</FontSize>
    <Alignment>1</Alignment>
    <BorderStyle>0</BorderStyle>
    <Visible>True</Visible>
    <BorderColor>0,0,0</BorderColor>
    <ForeColor>255,255,255</ForeColor>
    <BackColor>0,0,0</BackColor>
    <InputFormat>Long:L</InputFormat>
    <InputStorage>L4757</InputStorage>
    <MappingToRegistry>0</MappingToRegistry>
    <HintLabel>STR::FeatureCoord_2VECS::VECZx</HintLabel>
  </Input>
  <Input>
    <Left>459</Left>
    <Top>433</Top>
    <Width>89</Width>
    <Height>24</Height>
    <Name>Inp_VecZz</Name>
    <FontSize>14</FontSize>
    <Alignment>1</Alignment>
    <BorderStyle>0</BorderStyle>
    <Visible>True</Visible>
    <BorderColor>0,0,0</BorderColor>
    <ForeColor>255,255,255</ForeColor>
    <BackColor>0,0,0</BackColor>
    <InputFormat>Long:L</InputFormat>
    <InputStorage>L4759</InputStorage>
    <MappingToRegistry>0</MappingToRegistry>
    <HintLabel>STR::FeatureCoord_2VECS::VECZz</HintLabel>
  </Input>
  <Input>
    <Left>326</Left>
    <Top>433</Top>
    <Width>89</Width>
    <Height>24</Height>
    <Name>Inp_VecZy</Name>
    <FontSize>14</FontSize>
    <Alignment>1</Alignment>
    <BorderStyle>0</BorderStyle>
    <Visible>True</Visible>
    <BorderColor>0,0,0</BorderColor>
    <ForeColor>255,255,255</ForeColor>
    <BackColor>0,0,0</BackColor>
    <InputFormat>Long:L</InputFormat>
    <InputStorage>L4758</InputStorage>
    <MappingToRegistry>0</MappingToRegistry>
    <HintLabel>STR::FeatureCoord_2VECS::VECZy</HintLabel>
  </Input>
  <Label>
    <Left>291</Left>
    <Top>401</Top>
    <Width>33</Width>
    <Height>24</Height>
    <Name>Label4</Name>
    <FontSize>14</FontSize>
    <Alignment>2</Alignment>
    <BorderStyle>0</BorderStyle>
    <Visible>True</Visible>
    <BorderColor>0,0,0</BorderColor>
    <ForeColor>0,255,0</ForeColor>
    <BackColor>0,0,0</BackColor>
    <Caption>Y2</Caption>
  </Label>
  <Label>
    <Left>3</Left>
    <Top>433</Top>
    <Width>140</Width>
    <Height>25</Height>
    <Name>Label11</Name>
    <FontSize>16</FontSize>
    <Alignment>0</Alignment>
    <BorderStyle>0</BorderStyle>
    <Visible>True</Visible>
    <BorderColor>0,0,0</BorderColor>
    <ForeColor>0,255,0</ForeColor>
    <BackColor>0,0,0</BackColor>
    <Caption>STR::FeatureCoord_2VECS::Feature_VecZ</Caption>
  </Label>
  <Label>
    <Left>158</Left>
    <Top>433</Top>
    <Width>33</Width>
    <Height>24</Height>
    <Name>Label10</Name>
    <FontSize>14</FontSize>
    <Alignment>2</Alignment>
    <BorderStyle>0</BorderStyle>
    <Visible>True</Visible>
    <BorderColor>0,0,0</BorderColor>
    <ForeColor>0,255,0</ForeColor>
    <BackColor>0,0,0</BackColor>
    <Caption>X3</Caption>
  </Label>
  <Label>
    <Left>424</Left>
    <Top>433</Top>
    <Width>33</Width>
    <Height>24</Height>
    <Name>Label9</Name>
    <FontSize>14</FontSize>
    <Alignment>2</Alignment>
    <BorderStyle>0</BorderStyle>
    <Visible>True</Visible>
    <BorderColor>0,0,0</BorderColor>
    <ForeColor>0,255,0</ForeColor>
    <BackColor>0,0,0</BackColor>
    <Caption>Z3</Caption>
  </Label>
  <Label>
    <Left>291</Left>
    <Top>433</Top>
    <Width>33</Width>
    <Height>24</Height>
    <Name>Label8</Name>
    <FontSize>14</FontSize>
    <Alignment>2</Alignment>
    <BorderStyle>0</BorderStyle>
    <Visible>True</Visible>
    <BorderColor>0,0,0</BorderColor>
    <ForeColor>0,255,0</ForeColor>
    <BackColor>0,0,0</BackColor>
    <Caption>Y3</Caption>
  </Label>
  <Label>
    <Left>3</Left>
    <Top>369</Top>
    <Width>140</Width>
    <Height>25</Height>
    <Name>Lab_OriginTitle</Name>
    <FontSize>16</FontSize>
    <Alignment>0</Alignment>
    <BorderStyle>0</BorderStyle>
    <Visible>True</Visible>
    <BorderColor>0,0,0</BorderColor>
    <ForeColor>0,255,0</ForeColor>
    <BackColor>0,0,0</BackColor>
    <Caption>STR::Browser::FeatureCoord::Caption::Feature_Origin</Caption>
  </Label>
  <Label>
    <Left>275</Left>
    <Top>67</Top>
    <Width>290</Width>
    <Height>22</Height>
    <Name>Label12</Name>
    <FontSize>13</FontSize>
    <Alignment>0</Alignment>
    <BorderStyle>0</BorderStyle>
    <Visible>True</Visible>
    <BorderColor>0,0,0</BorderColor>
    <ForeColor>0,255,0</ForeColor>
    <BackColor>0,0,0</BackColor>
    <Caption>STR::FeatureCoord_2VECS::Step1</Caption>
  </Label>
  <Label>
    <Left>275</Left>
    <Top>166</Top>
    <Width>290</Width>
    <Height>22</Height>
    <Name>Label15</Name>
    <FontSize>13</FontSize>
    <Alignment>0</Alignment>
    <BorderStyle>0</BorderStyle>
    <Visible>True</Visible>
    <BorderColor>0,0,0</BorderColor>
    <ForeColor>0,255,0</ForeColor>
    <BackColor>0,0,0</BackColor>
    <Caption>STR::FeatureCoord_2VECS::Step4</Caption>
  </Label>
  <Label>
    <Left>275</Left>
    <Top>199</Top>
    <Width>290</Width>
    <Height>22</Height>
    <Name>Label16</Name>
    <FontSize>13</FontSize>
    <Alignment>0</Alignment>
    <BorderStyle>0</BorderStyle>
    <Visible>True</Visible>
    <BorderColor>0,0,0</BorderColor>
    <ForeColor>0,255,0</ForeColor>
    <BackColor>0,0,0</BackColor>
    <Caption>STR::FeatureCoord_2VECS::Step5</Caption>
  </Label>
  <Label>
    <Left>275</Left>
    <Top>232</Top>
    <Width>290</Width>
    <Height>22</Height>
    <Name>Label17</Name>
    <FontSize>13</FontSize>
    <Alignment>0</Alignment>
    <BorderStyle>0</BorderStyle>
    <Visible>True</Visible>
    <BorderColor>0,0,0</BorderColor>
    <ForeColor>0,255,0</ForeColor>
    <BackColor>0,0,0</BackColor>
    <Caption>STR::FeatureCoord_2VECS::Step6</Caption>
  </Label>
  <Label>
    <Left>275</Left>
    <Top>265</Top>
    <Width>290</Width>
    <Height>22</Height>
    <Name>Label18</Name>
    <FontSize>13</FontSize>
    <Alignment>0</Alignment>
    <BorderStyle>0</BorderStyle>
    <Visible>True</Visible>
    <BorderColor>0,0,0</BorderColor>
    <ForeColor>0,255,0</ForeColor>
    <BackColor>0,0,0</BackColor>
    <Caption>STR::FeatureCoord_2VECS::Step7</Caption>
  </Label>
  <Label>
    <Left>275</Left>
    <Top>298</Top>
    <Width>290</Width>
    <Height>22</Height>
    <Name>Label19</Name>
    <FontSize>13</FontSize>
    <Alignment>0</Alignment>
    <BorderStyle>0</BorderStyle>
    <Visible>True</Visible>
    <BorderColor>0,0,0</BorderColor>
    <ForeColor>0,255,0</ForeColor>
    <BackColor>0,0,0</BackColor>
    <Caption>STR::FeatureCoord_2VECS::Step8</Caption>
  </Label>
  <Label>
    <Left>275</Left>
    <Top>133</Top>
    <Width>290</Width>
    <Height>22</Height>
    <Name>Label14</Name>
    <FontSize>13</FontSize>
    <Alignment>0</Alignment>
    <BorderStyle>0</BorderStyle>
    <Visible>True</Visible>
    <BorderColor>0,0,0</BorderColor>
    <ForeColor>0,255,0</ForeColor>
    <BackColor>0,0,0</BackColor>
    <Caption>STR::FeatureCoord_2VECS::Step3</Caption>
  </Label>
  <Label>
    <Left>275</Left>
    <Top>100</Top>
    <Width>290</Width>
    <Height>22</Height>
    <Name>Label13</Name>
    <FontSize>13</FontSize>
    <Alignment>0</Alignment>
    <BorderStyle>0</BorderStyle>
    <Visible>True</Visible>
    <BorderColor>0,0,0</BorderColor>
    <ForeColor>0,255,0</ForeColor>
    <BackColor>0,0,0</BackColor>
    <Caption>STR::FeatureCoord_2VECS::Step2</Caption>
  </Label>
  <Label>
    <Left>728</Left>
    <Top>375</Top>
    <Width>68</Width>
    <Height>34</Height>
    <Name>ToolLengthState</Name>
    <FontSize>18</FontSize>
    <Alignment>0</Alignment>
    <BorderStyle>0</BorderStyle>
    <Visible>True</Visible>
    <BorderColor>0,0,0</BorderColor>
    <ForeColor>255,0,0</ForeColor>
    <BackColor>0,0,0</BackColor>
    <Caption>
    </Caption>
  </Label>
    <Label>
    <Left>574</Left>
    <Top>375</Top>
    <Width>154</Width>
    <Height>34</Height>
    <Name>Lab_ToolLengthState</Name>
    <FontSize>18</FontSize>
    <Alignment>0</Alignment>
    <BorderStyle>0</BorderStyle>
    <Visible>True</Visible>
    <BorderColor>0,0,0</BorderColor>
    <ForeColor>0,255,0</ForeColor>
    <BackColor>0,0,0</BackColor>
    <Caption>STR::Browser::FeatureCoord::Caption::ToolLengthState</Caption>
  </Label>
  <Label>
    <Left>728</Left>
    <Top>422</Top>
    <Width>68</Width>
    <Height>34</Height>
    <Name>CoordState</Name>
    <FontSize>18</FontSize>
    <Alignment>0</Alignment>
    <BorderStyle>0</BorderStyle>
    <Visible>True</Visible>
    <BorderColor>0,0,0</BorderColor>
    <ForeColor>255,0,0</ForeColor>
    <BackColor>0,0,0</BackColor>
    <Caption>
    </Caption>
  </Label>
  <Label>
    <Left>574</Left>
    <Top>422</Top>
    <Width>154</Width>
    <Height>34</Height>
    <Name>Lab_CoordState</Name>
    <FontSize>18</FontSize>
    <Alignment>0</Alignment>
    <BorderStyle>0</BorderStyle>
    <Visible>True</Visible>
    <BorderColor>0,0,0</BorderColor>
    <ForeColor>0,255,0</ForeColor>
    <BackColor>0,0,0</BackColor>
    <Caption>STR::Browser::FeatureCoord::Caption::CoordState</Caption>
  </Label>
</Screen>
