﻿<?xml version="1.0" encoding="UTF-8"?>
<!--Created by 'eHMI'version2.2.17-->
<ResMap>
  <Message ID="Browser::MonGData::Caption::Lab_GStatusTitle::GCode" Content="G碼狀態" />
  <Message ID="Browser::MonGData::Caption::Lab_Feedrate::FeedRate" Content="進給速率" />
  <Message ID="Browser::MonGData::Caption::Lab_SpindleTitle::SpindleRate" Content="主軸轉速" />
  <Message ID="Browser::MonGData::Caption::Lab_InteruptLineNO::InteruptLineNO" Content="斷點行號" />
  <Message ID="Browser::MonGData::Caption::Lab_InteruptColNO::InteruptColNO" Content="斷點序號" />
  <Message ID="Browser::MonGData::Caption::Lab_PartCountSet::PartCountSet" Content="工件數設定" />
  <Message ID="Browser::MonGData::Caption::Lab_AccmRunTime::AcumRunTime" Content="累計加工時間" />
  <Message ID="Browser::MonGData::Caption::Lab_WorkHour::Hour" Content="時" />
  <Message ID="Browser::MonGData::Caption::Lab_WorkMin::Min" Content="分" />
  <Message ID="Browser::MonGData::Caption::Lab_TotalAcumPartCount::TotalAcumPartCount" Content="總工件數" />
  <Message ID="Browser::MonGData::Caption::Lab_AcumPartCount::AcumPartCount" Content="工件數" />
  <Message ID="Browser::MonGData::Caption::Lab_RequiredPartCount::RequiredPartCount" Content="需求工件數" />
  <Message ID="Browser::MonGData::Caption::Lab_SpindleStatus::SpindleStatus" Content="主軸狀態" />
  <Message ID="Browser::MonGData::Caption::Lab_SpindleStatus1::Spindle1st" Content="第一主軸" />
  <Message ID="Browser::MonGData::Caption::Lab_SpindleStatus2::Spindle2nd" Content="第二主軸" />
  <Message ID="Browser::MonGData::Caption::Lab_SpindleStatus3::Spindle3rd" Content="第三主軸" />
  <Message ID="Browser::MonGData::Caption::Lab_SpindleStatus4::Spindle4th" Content="第四主軸" />
  <Message ID="Browser::MonGData::Caption::Lab_SpindleStatus5::Spindle5th" Content="第五主軸" />
  <Message ID="Browser::MonGData::Caption::Lab_SpindleStatus6::Spindle6th" Content="第六主軸" />
  <Message ID="Browser::MonGData::Caption::Lab_123::SyncDeltaAngle" Content="同期基準差" />
  <Message ID="Browser::MonGData::Caption::Lab_123::SyncDiffAngle" Content="同期角度差" />
  <Message ID="Browser::MonGData::Caption::SpindlesStatusRate::SpindleStatusRate" Content="倍率" />
  <Message ID="Browser::MonGData::Caption::SpindleRate::SpindleRate" Content="主軸轉速" />
  <Message ID="Browser::MonGData::Caption::Lab_Loading::Loading" Content="負載率" />
  <Message ID="Browser::MonGData::Caption::Lab_HSHPParam::SpeedLevel" Content="速度等級" />
  <Message ID="Browser::MonGData::Caption::Lab_HSHPParam::SmoothLevel" Content="平滑等級" />
  <Message ID="Browser::MonGData::Caption::SyncSpindle::Group1" Content="第一組" />
  <Message ID="Browser::MonGData::Caption::SyncSpindle::Group2" Content="第二組" />
  <Message ID="Browser::MonGData::Caption::SyncSpindle::Group3" Content="第三組" />
</ResMap>