﻿<?xml version="1.0" encoding="UTF-8"?>
<!--Created by 'eHMI'version2.1.0-->
<!--BROWSER SIZE|H:470|W:800-->
<Screen>
  <Name>KernelParamSet</Name>
  <Panel>
    <Left>0</Left>
    <Top>0</Top>
    <Width>800</Width>
    <Height>470</Height>
    <Name>Pan_Back</Name>
    <FontSize>9</FontSize>
    <Alignment>2</Alignment>
    <BorderStyle>0</BorderStyle>
    <Visible>True</Visible>
    <Depth>6</Depth>
    <BorderColor>0,0,0</BorderColor>
    <ForeColor>0,0,0</ForeColor>
    <BackColor>0,0,0</BackColor>
  </Panel>
  <Label>
    <Left>120</Left>
    <Top>145</Top>
    <Width>155</Width>
    <Height>31</Height>
    <Name>Lab_IsAutoStartServ</Name>
    <FontSize>12</FontSize>
    <Alignment>0</Alignment>
    <BorderStyle>0</BorderStyle>
    <Visible>True</Visible>
    <Depth>5</Depth>
    <BorderColor>0,0,0</BorderColor>
    <ForeColor>0,255,0</ForeColor>
    <BackColor>0,0,0</BackColor>
    <Caption>STR::Browser::KernelParamSet::Caption::Lab_IsAutoStartServ::IsStartServer</Caption>
  </Label>
  <ListInput>
    <Left>289</Left>
    <Top>145</Top>
    <Width>231</Width>
    <Height>31</Height>
    <Name>Inp_IsAutoStart</Name>
    <FontSize>9</FontSize>
    <Alignment>2</Alignment>
    <BorderStyle>1</BorderStyle>
    <Visible>True</Visible>
    <Depth>2</Depth>
    <BorderColor>128,128,128</BorderColor>
    <ForeColor>0,0,0</ForeColor>
    <BackColor>205,215,222</BackColor>
    <InputFormat>Long</InputFormat>
    <InputStorage>R</InputStorage>
    <ListItems>
      <Item>
        <ItemCaption>STR::Browser::KernelParamSet::ItemCaption::Inp_IsAutoStart::Open</ItemCaption>
        <ItemValue>1</ItemValue>
      </Item>
      <Item>
        <ItemCaption>STR::Browser::KernelParamSet::ItemCaption::Inp_IsAutoStart::Close</ItemCaption>
        <ItemValue>0</ItemValue>
      </Item>
    </ListItems>
  </ListInput>
  <Label>
    <Left>120</Left>
    <Top>197</Top>
    <Width>155</Width>
    <Height>31</Height>
    <Name>Lab_TimeOut</Name>
    <FontSize>12</FontSize>
    <Alignment>0</Alignment>
    <BorderStyle>0</BorderStyle>
    <Visible>True</Visible>
    <Depth>3</Depth>
    <BorderColor>0,0,0</BorderColor>
    <ForeColor>0,255,0</ForeColor>
    <BackColor>0,0,0</BackColor>
    <Caption>STR::Browser::KernelParamSet::Caption::Lab_TimeOut::TimeOut</Caption>
  </Label>
  <Input>
    <Left>289</Left>
    <Top>197</Top>
    <Width>231</Width>
    <Height>31</Height>
    <Name>Inp_TimeOut</Name>
    <FontSize>9</FontSize>
    <Alignment>2</Alignment>
    <BorderStyle>1</BorderStyle>
    <Visible>True</Visible>
    <Depth>2</Depth>
    <BorderColor>128,128,128</BorderColor>
    <ForeColor>0,0,0</ForeColor>
    <BackColor>205,215,222</BackColor>
    <InputFormat>String</InputFormat>
	<HintLabel>0=Disable Timeout</HintLabel>
  </Input>
  <Label>
    <Left>247</Left>
    <Top>33</Top>
    <Width>353</Width>
    <Height>31</Height>
    <Name>Lab_KernelParamSettingTitle</Name>
    <FontSize>14</FontSize>
    <Alignment>2</Alignment>
    <BorderStyle>0</BorderStyle>
    <Visible>True</Visible>
    <Depth>1</Depth>
    <BorderColor>0,0,0</BorderColor>
    <ForeColor>0,255,0</ForeColor>
    <BackColor>0,0,0</BackColor>
    <Caption>STR::Browser::KernelParamSet::Caption::Lab_KernelParamSettingTitle::KernelConnSet</Caption>
  </Label>
</Screen>
