﻿<?xml version="1.0" encoding="utf-8" ?>
<ResMap>
	<!--========== Device/ModuleInfo Label Caption ==========-->
	<Message ID="SRIParameter::Device::Title" Content="装置" />
	<Message ID="SRIParameter::Device::ModuleTitle" Content="硬体资讯与系统参数" />
	<Message ID="SRIParameter::Device::FirmwareUpdate" Content="韧体更新" />
	<Message ID="SRIParameter::Device::No" Content="站号" />
	<Message ID="SRIParameter::Device::InstallStatus" Content="目前硬体资讯" />
	<Message ID="SRIParameter::Device::ParamSetting" Content="系统参数设定" />
	<Message ID="SRIParameter::Module::No" Content="顺序编号" />
	<Message ID="SRIParameter::Module::ModuleID" Content="指拨开关号码" />
	<Message ID="SRIParameter::Module::Type" Content="模组型号" />
	<Message ID="SRIParameter::Module::ReadStartAddress" Content="读取起始 R" />
	<Message ID="SRIParameter::Module::WriteStartAddress" Content="写入起始 R" />
	<Message ID="SRIParameter::Module::FirmwareVer" Content="韧体版本" />
	<Message ID="SRIParameter::Module::SerialNo" Content="序号" />
	
	<!--========== common message ==========-->
	<Message ID="SRIParameter::Device::DisableDeviceConfirm" Content="停用装置将清除系统参数设定，是否停用" />
	<Message ID="SRIParameter::Device::DisableDeviceSuccess" Content="停用装置成功" />
	<Message ID="SRIParameter::Device::SettingError" Content="设定错误！" />
	<Message ID="SRIParameter::Device::SettingSuccess" Content="储存成功，将於重新启动系统後生效！" />
	<Message ID="SRIParameter::Device::WriteError" Content="写入失败！" />
	<Message ID="SRIParameter::Device::RepeatRBit" Content="重复使用!" />
	<Message ID="SRIParameter::Device::SaveConfirm" Content="储存SRI系统参数设定？" />
	<Message ID="SRIParameter::Device::DifferentConfirm" Content="硬体资讯与系统参数设定不一致，是否离开？" />
	<Message ID="SRIParameter::Device::UpdarteParamConfirm" Content="自动同步硬体资讯到系统参数设定？" />
	<Message ID="SRIParameter::Module::UpdateFirmware::Hint" Content="韧体更新中，请勿对机台进行操作！" />
	<Message ID="SRIParameter::Module::UpdateFirmware::ListEmpty" Content="更新模组个数不可为 0，请选择模组!" />
	<Message ID="SRIParameter::Module::UpdateFirmware::DeviceTypeErr" Content="更新模组类型无法辨别，请与原厂联络!" />
	<Message ID="SRIParameter::Module::UpdateFirmware::DeviceTypeNotSame" Content="更新模组类型必须相同，请重新选择!" />
	<Message ID="SRIParameter::Module::UpdateFirmware::MissFile" Content="遗失更新档案，请与原厂联络!" />
	<Message ID="SRIParameter::Module::UpdateFirmware::FileErr" Content="更新档案错误，请与原厂联络!" />
	<Message ID="SRIParameter::Module::UpdateFirmware::Restart" Content="韧体更新完成，请重新启动系统！" />
	<Message ID="SRIParameter::Module::UpdateFirmware::Failed" Content="韧体更新失败，请重新进行操作！" />
</ResMap>
