﻿<?xml version="1.0" encoding="UTF-8"?>
<!--Created by 'eHMI'version2.2.6-->
<ResMap>
  <Message ID="Browser::SysParam_Axes::Caption::1301" Content="启动节距补偿功能 (0:关闭, 1:单向, 2:双向)" />
  <Message ID="Browser::SysParam_Axes::Caption::1321" Content="节距误差补偿基本长度 (BLU)" />
  <Message ID="Browser::SysParam_Axes::Caption::1341" Content="节距误差补偿原点位置编号" />
  <Message ID="Browser::SysParam_Axes::Caption::1221" Content="启动背隙补偿功能 (0:关闭, 1:线轨补偿, 2:硬轨补偿)" />
  <Message ID="Browser::SysParam_Axes::Caption::1241" Content="G00背隙补偿量 (BLU)" />
  <Message ID="Browser::SysParam_Axes::Caption::1261" Content="G01背隙补偿量 (BLU)" />
  <Message ID="Browser::SysParam_Axes::Caption::1281" Content="背隙临界速度 (mm/min)" />
  <Message ID="Browser::SysParam_Axes::Caption::1401" Content="机构补偿时间常数 (ms)" />
  <Message ID="Browser::SysParam_Axes::Caption::1361" Content="尖角补偿正向补偿量 (BLU)" />
  <Message ID="Browser::SysParam_Axes::Caption::1441" Content="尖角补偿负向补偿量 (BLU)" />
  <Message ID="Browser::SysParam_Axes::Caption::1461" Content="尖角补偿第一段保持时间常数 (ms)" />
  <Message ID="Browser::SysParam_Axes::Caption::1381" Content="尖角补偿第二段保持时间常数 (ms)" />
  
  <Message ID="Browser::SysParam_PitchError::Caption::Location" Content="坐标" />
  <Message ID="Browser::SysParam_PitchError::Caption::Positive" Content="正向" />
  <Message ID="Browser::SysParam_PitchError::Caption::Negative" Content="负向" />
</ResMap>