﻿<?xml version="1.0" encoding="UTF-8"?>
<!--Created by 'eHMI'version2.0.0-->
<!--BROWSER SIZE|H:470|W:800-->
<Screen>
  <Name>G77</Name>
  <Picture>
    <Left>-5</Left>
    <Top>-2</Top>
    <Width>736</Width>
    <Height>392</Height>
    <Name>Picture2</Name>
    <FontSize>9</FontSize>
    <Alignment>5</Alignment>
    <BorderStyle>0</BorderStyle>
    <Visible>True</Visible>
    <Depth>24</Depth>
    <BorderColor>0,0,0</BorderColor>
    <ForeColor>0,0,0</ForeColor>
    <Picture Fit2Height="False" Fit2Width="False">Image\Back1.bmp</Picture>
  </Picture>
  <Label>
    <Left>392</Left>
    <Top>97</Top>
    <Width>308</Width>
    <Height>62</Height>
    <Name>Label14</Name>
    <FontSize>15</FontSize>
    <Alignment>0</Alignment>
    <BorderStyle>1</BorderStyle>
    <Visible>True</Visible>
    <Depth>23</Depth>
    <BorderColor>0,0,0</BorderColor>
    <ForeColor>255,255,255</ForeColor>
    <BackColor>159,145,124</BackColor>
    <Caption>STR::Browser::G77::Caption::Z_End</Caption>
  </Label>
  <Label>
    <Left>392</Left>
    <Top>23</Top>
    <Width>310</Width>
    <Height>62</Height>
    <Name>Label13</Name>
    <FontSize>15</FontSize>
    <Alignment>0</Alignment>
    <BorderStyle>1</BorderStyle>
    <Visible>True</Visible>
    <Depth>22</Depth>
    <BorderColor>0,0,0</BorderColor>
    <ForeColor>255,255,255</ForeColor>
    <BackColor>159,145,124</BackColor>
    <Caption>STR::Browser::G77::Caption::X_End</Caption>
  </Label>
  <Label>
    <Left>404</Left>
    <Top>173</Top>
    <Width>178</Width>
    <Height>30</Height>
    <Name>Label12</Name>
    <FontSize>15</FontSize>
    <Alignment>1</Alignment>
    <BorderStyle>0</BorderStyle>
    <Visible>True</Visible>
    <Depth>21</Depth>
    <BorderColor>0,0,0</BorderColor>
    <ForeColor>247,239,97</ForeColor>
    <BackColor>159,145,124</BackColor>
    <Caption>STR::Browser::G77::Caption::X_Depth</Caption>
  </Label>
  <Label>
    <Left>406</Left>
    <Top>213</Top>
    <Width>176</Width>
    <Height>30</Height>
    <Name>Label11</Name>
    <FontSize>15</FontSize>
    <Alignment>1</Alignment>
    <BorderStyle>0</BorderStyle>
    <Visible>True</Visible>
    <Depth>20</Depth>
    <BorderColor>0,0,0</BorderColor>
    <ForeColor>247,239,97</ForeColor>
    <BackColor>159,145,124</BackColor>
    <Caption>STR::Browser::G77::Caption::Z_Depth</Caption>
  </Label>
  <Label>
    <Left>427</Left>
    <Top>253</Top>
    <Width>155</Width>
    <Height>30</Height>
    <Name>Label10</Name>
    <FontSize>15</FontSize>
    <Alignment>1</Alignment>
    <BorderStyle>0</BorderStyle>
    <Visible>True</Visible>
    <Depth>19</Depth>
    <BorderColor>0,0,0</BorderColor>
    <ForeColor>247,239,97</ForeColor>
    <BackColor>159,145,124</BackColor>
    <Caption>STR::Browser::G77::Caption::Relief_Amount</Caption>
  </Label>
  <Label>
    <Left>427</Left>
    <Top>293</Top>
    <Width>155</Width>
    <Height>30</Height>
    <Name>Label9</Name>
    <FontSize>15</FontSize>
    <Alignment>1</Alignment>
    <BorderStyle>0</BorderStyle>
    <Visible>True</Visible>
    <Depth>18</Depth>
    <BorderColor>0,0,0</BorderColor>
    <ForeColor>247,239,97</ForeColor>
    <BackColor>159,145,124</BackColor>
    <Caption>STR::Browser::G77::Caption::Return_Amount</Caption>
  </Label>
  <Label>
    <Left>427</Left>
    <Top>333</Top>
    <Width>155</Width>
    <Height>30</Height>
    <Name>Label8</Name>
    <FontSize>15</FontSize>
    <Alignment>1</Alignment>
    <BorderStyle>0</BorderStyle>
    <Visible>True</Visible>
    <Depth>17</Depth>
    <BorderColor>0,0,0</BorderColor>
    <ForeColor>247,239,97</ForeColor>
    <BackColor>159,145,124</BackColor>
    <Caption>STR::Browser::G77::Caption::Feedrate_F</Caption>
  </Label>
  <Input>
	<EmptyVal>accept</EmptyVal>
    <Left>581</Left>
    <Top>24</Top>
    <Width>120</Width>
    <Height>30</Height>
    <Name>Inp_Abs_X</Name>
    <FontSize>12</FontSize>
    <Alignment>1</Alignment>
    <BorderStyle>1</BorderStyle>
    <Visible>True</Visible>
    <Depth>16</Depth>
    <BorderColor>0,0,0</BorderColor>
    <ForeColor>0,0,0</ForeColor>
    <BackColor>235,235,235</BackColor>
    <InputFormat>Double:3F</InputFormat>
    <MacroAddr>X</MacroAddr>
    <MappingToRegistry>0</MappingToRegistry>
    <HintLabel>STR::Browser::G77::HintLabel::Absolute_X</HintLabel>
  </Input>
  <Label>
    <Left>506</Left>
    <Top>24</Top>
    <Width>75</Width>
    <Height>30</Height>
    <Name>Label7</Name>
    <FontSize>15</FontSize>
    <Alignment>1</Alignment>
    <BorderStyle>0</BorderStyle>
    <Visible>True</Visible>
    <Depth>15</Depth>
    <BorderColor>0,0,0</BorderColor>
    <ForeColor>247,239,97</ForeColor>
    <BackColor>159,145,124</BackColor>
    <Caption>STR::Browser::G77::Caption::Abs_X</Caption>
  </Label>
  <Input>
	<EmptyVal>accept</EmptyVal>
    <Left>581</Left>
    <Top>54</Top>
    <Width>120</Width>
    <Height>30</Height>
    <Name>Inp_Inc_U</Name>
    <FontSize>12</FontSize>
    <Alignment>1</Alignment>
    <BorderStyle>1</BorderStyle>
    <Visible>True</Visible>
    <Depth>14</Depth>
    <BorderColor>0,0,0</BorderColor>
    <ForeColor>0,0,0</ForeColor>
    <BackColor>235,235,235</BackColor>
    <InputFormat>Double:3F</InputFormat>
    <MacroAddr>U</MacroAddr>
    <MappingToRegistry>0</MappingToRegistry>
    <HintLabel>STR::Browser::G77::HintLabel::Inc_U</HintLabel>
  </Input>
  <Label>
    <Left>506</Left>
    <Top>54</Top>
    <Width>75</Width>
    <Height>30</Height>
    <Name>Label6</Name>
    <FontSize>15</FontSize>
    <Alignment>1</Alignment>
    <BorderStyle>0</BorderStyle>
    <Visible>True</Visible>
    <Depth>13</Depth>
    <BorderColor>0,0,0</BorderColor>
    <ForeColor>247,239,97</ForeColor>
    <BackColor>159,145,124</BackColor>
    <Caption>STR::Browser::G77::Caption::Inc_U</Caption>
  </Label>
  <Input>
	<EmptyVal>accept</EmptyVal>
    <Left>581</Left>
    <Top>98</Top>
    <Width>120</Width>
    <Height>30</Height>
    <Name>Inp_Abs_Z</Name>
    <FontSize>12</FontSize>
    <Alignment>1</Alignment>
    <BorderStyle>1</BorderStyle>
    <Visible>True</Visible>
    <Depth>12</Depth>
    <BorderColor>0,0,0</BorderColor>
    <ForeColor>0,0,0</ForeColor>
    <BackColor>235,235,235</BackColor>
    <InputFormat>Double:3F</InputFormat>
    <MacroAddr>Z</MacroAddr>
    <MappingToRegistry>0</MappingToRegistry>
    <HintLabel>STR::Browser::G77::HintLabel::Abs_Z</HintLabel>
  </Input>
  <Picture>
    <Left>43</Left>
    <Top>141</Top>
    <Width>270</Width>
    <Height>180</Height>
    <Name>Picture1</Name>
    <FontSize>9</FontSize>
    <Alignment>5</Alignment>
    <BorderStyle>1</BorderStyle>
    <Visible>True</Visible>
    <Depth>11</Depth>
    <BorderColor>0,0,0</BorderColor>
    <ForeColor>0,0,0</ForeColor>
    <Picture Fit2Height="False" Fit2Width="False">Image\G77.bmp</Picture>
  </Picture>
  <Input>
	<EmptyVal>accept</EmptyVal>
    <Left>581</Left>
    <Top>128</Top>
    <Width>120</Width>
    <Height>30</Height>
    <Name>Inp_Inc_W</Name>
    <FontSize>12</FontSize>
    <Alignment>1</Alignment>
    <BorderStyle>1</BorderStyle>
    <Visible>True</Visible>
    <Depth>10</Depth>
    <BorderColor>0,0,0</BorderColor>
    <ForeColor>0,0,0</ForeColor>
    <BackColor>235,235,235</BackColor>
    <InputFormat>Double:3F</InputFormat>
    <MacroAddr>W</MacroAddr>
    <MappingToRegistry>0</MappingToRegistry>
    <HintLabel>STR::Browser::G77::HintLabel::Inc_W</HintLabel>
  </Input>
  <Input>
	<EmptyVal>accept</EmptyVal>
    <Left>582</Left>
    <Top>173</Top>
    <Width>120</Width>
    <Height>30</Height>
    <Name>Input5</Name>
    <FontSize>12</FontSize>
    <Alignment>1</Alignment>
    <BorderStyle>1</BorderStyle>
    <Visible>True</Visible>
    <Depth>8</Depth>
    <BorderColor>0,0,0</BorderColor>
    <ForeColor>0,0,0</ForeColor>
    <BackColor>235,235,235</BackColor>
    <InputFormat>Double:3F</InputFormat>
    <MacroAddr>P</MacroAddr>
    <MappingToRegistry>0</MappingToRegistry>
    <HintLabel>STR::Browser::G77::HintLabel::X_Depth</HintLabel>
  </Input>
  <Label>
    <Left>11</Left>
    <Top>109</Top>
    <Width>351</Width>
    <Height>25</Height>
    <Name>Label4</Name>
    <FontSize>15</FontSize>
    <Alignment>0</Alignment>
    <BorderStyle>0</BorderStyle>
    <Visible>True</Visible>
    <Depth>7</Depth>
    <BorderColor>0,0,0</BorderColor>
    <ForeColor>255,255,255</ForeColor>
    <BackColor>159,145,124</BackColor>
    <Caption>STR::Browser::G77::Caption::G_Code_Type</Caption>
  </Label>
  <Input>
	<EmptyVal>accept</EmptyVal>
    <Left>582</Left>
    <Top>213</Top>
    <Width>120</Width>
    <Height>30</Height>
    <Name>Input6</Name>
    <FontSize>12</FontSize>
    <Alignment>1</Alignment>
    <BorderStyle>1</BorderStyle>
    <Visible>True</Visible>
    <Depth>6</Depth>
    <BorderColor>0,0,0</BorderColor>
    <ForeColor>0,0,0</ForeColor>
    <BackColor>235,235,235</BackColor>
    <InputFormat>Double:3F</InputFormat>
    <MacroAddr>Q</MacroAddr>
    <MappingToRegistry>0</MappingToRegistry>
    <HintLabel>STR::Browser::G77::HintLabel::Z_Depth</HintLabel>
  </Input>
  <Label>
    <Left>9</Left>
    <Top>19</Top>
    <Width>350</Width>
    <Height>25</Height>
    <Name>Label3</Name>
    <FontSize>15</FontSize>
    <Alignment>2</Alignment>
    <BorderStyle>0</BorderStyle>
    <Visible>True</Visible>
    <Depth>5</Depth>
    <BorderColor>0,0,0</BorderColor>
    <ForeColor>255,255,255</ForeColor>
    <BackColor>159,145,124</BackColor>
    <Caption>STR::Browser::G77::Caption::G77_Title</Caption>
  </Label>
  <Input>
	<EmptyVal>accept</EmptyVal>
    <Left>582</Left>
    <Top>253</Top>
    <Width>120</Width>
    <Height>30</Height>
    <Name>Input7</Name>
    <FontSize>12</FontSize>
    <Alignment>1</Alignment>
    <BorderStyle>1</BorderStyle>
    <Visible>True</Visible>
    <Depth>4</Depth>
    <BorderColor>0,0,0</BorderColor>
    <ForeColor>0,0,0</ForeColor>
    <BackColor>235,235,235</BackColor>
    <InputFormat>Double:3F</InputFormat>
    <MacroAddr>E</MacroAddr>
    <MappingToRegistry>0</MappingToRegistry>
    <HintLabel>STR::Browser::G77::HintLabel::Relief_Amount</HintLabel>
  </Input>
  <Label>
    <Left>506</Left>
    <Top>98</Top>
    <Width>75</Width>
    <Height>30</Height>
    <Name>Label2</Name>
    <FontSize>15</FontSize>
    <Alignment>1</Alignment>
    <BorderStyle>0</BorderStyle>
    <Visible>True</Visible>
    <Depth>3</Depth>
    <BorderColor>0,0,0</BorderColor>
    <ForeColor>247,239,97</ForeColor>
    <BackColor>159,145,124</BackColor>
    <Caption>STR::Browser::G77::Caption::Abs_Z</Caption>
  </Label>
  <Input>
	<EmptyVal>accept</EmptyVal>
    <Left>582</Left>
    <Top>293</Top>
    <Width>120</Width>
    <Height>30</Height>
    <Name>Input8</Name>
    <FontSize>12</FontSize>
    <Alignment>1</Alignment>
    <BorderStyle>1</BorderStyle>
    <Visible>True</Visible>
    <Depth>2</Depth>
    <BorderColor>0,0,0</BorderColor>
    <ForeColor>0,0,0</ForeColor>
    <BackColor>235,235,235</BackColor>
    <InputFormat>Double:3F</InputFormat>
    <MacroAddr>R</MacroAddr>
    <MappingToRegistry>0</MappingToRegistry>
    <HintLabel>STR::Browser::G77::HintLabel::Return_Amount</HintLabel>
  </Input>
  <Label>
    <Left>503</Left>
    <Top>128</Top>
    <Width>80</Width>
    <Height>30</Height>
    <Name>Label1</Name>
    <FontSize>15</FontSize>
    <Alignment>1</Alignment>
    <BorderStyle>0</BorderStyle>
    <Visible>True</Visible>
    <Depth>1</Depth>
    <BorderColor>0,0,0</BorderColor>
    <ForeColor>247,239,97</ForeColor>
    <BackColor>159,145,124</BackColor>
    <Caption>STR::Browser::G77::Caption::Inc_W</Caption>
  </Label>
  <Input>
	<EmptyVal>accept</EmptyVal>
    <Left>582</Left>
    <Top>333</Top>
    <Width>120</Width>
    <Height>30</Height>
    <Name>Input9</Name>
    <FontSize>12</FontSize>
    <Alignment>1</Alignment>
    <BorderStyle>1</BorderStyle>
    <Visible>True</Visible>
    <Depth>0</Depth>
    <BorderColor>0,0,0</BorderColor>
    <ForeColor>0,0,0</ForeColor>
    <BackColor>235,235,235</BackColor>
    <InputFormat>Double:3F</InputFormat>
    <MacroAddr>F</MacroAddr>
    <MappingToRegistry>0</MappingToRegistry>
    <HintLabel>STR::Browser::G77::HintLabel::Feedrate_F</HintLabel>
  </Input>

</Screen>
