﻿<?xml version="1.0" encoding="UTF-8"?>
<ResMap>
	<Message ID="MMI::AutoTool::Title" Content="自动刀长量测" />
	<Message ID="MMI::AutoTool::DoZDeltaSet" Content="确定已作Z轴落差设定了吗?" />
	<Message ID="MMI::AutoTool::DoTeachXYRefCoord" Content="确定已作XY参考点座标设定了吗?" />
	<Message ID="MMI::AutoTool::CannotSetCoord" Content="不能作Z轴座标教导" />
	<Message ID="MMI::AutoTool::DoCoordSet" Content="确定已作Z轴座标设定了吗?" />

	<Message ID="MMI::AutoTool::WorkPiece" Content="工件座标号码 P" />
	<Message ID="MMI::AutoTool::Feedrate" Content="量测速度 F" />
	<Message ID="MMI::AutoTool::UseRef" Content="使用参考点座标" />
	<Message ID="MMI::AutoTool::RefX" Content="X方向参考点 X" />
	<Message ID="MMI::AutoTool::RefY" Content="Y方向参考点 Y" />
	<Message ID="MMI::AutoTool::RefZ" Content="Z方向参考点 Z" />
	<Message ID="MMI::AutoTool::ZMIN" Content="Z轴最低机械座标 H" />
	<Message ID="MMI::AutoTool::GaugeZCoord" content="对刀器Z轴机械座标" />
	<Message ID="MMI::AutoTool::STEP" Content="步骤1:选择使用参考点坐标或手动将
刀具带到对刀器上方
步骤2:填入量测使用参数
步骤3:按F7对刀器坐标教导(机械厂)
       按F1自动对刀启动(终端用户)
备注:若主轴侧机构变动, 请再次执行F7" />
	<Message ID="MMI::AutoTool::STEP1" Content="请先选择是否使用参考点座标" />
	<Message ID="MMI::AutoTool::STEP2" Content="步骤1:设定量测使用的参数" />
	<Message ID="MMI::AutoTool::STEP3" Content="步骤2:如未使用参考点做量测，" />
	<Message ID="MMI::AutoTool::STEP4" Content="请以手动将刀具带到对刀器上方" />
	<Message ID="MMI::AutoTool::STEP5" Content="步骤3:按F1自动对刀启动" />
	<Message ID="MMI::AutoTool::STEP5.1" Content="步骤3:按F7启动对刀器Z轴机械座标教导" />
	<Message ID="MMI::AutoTool::STEP6" Content="步骤4:按F1自动对刀启动" />
	<Message ID="MMI::AutoTool::WorkPieceHint" Content="0:外部坐标偏移, 1:G54, 2:G55, 3:G56, 4:G57, 5:G58" />
	<Message ID="MMI::AutoTool::WorkPieceHintNo2" Content="1:G54, 2:G55, 3:G56, 4:G57, 5:G58" />
	<Message ID="MMI::AutoTool::FeedrateHint" Content="从Z起始点到对刀器的量测速度" />
	<Message ID="MMI::AutoTool::UseRefHint" Content="0:不使用参考点座标, 1:使用参考点座标" />
	<Message ID="MMI::AutoTool::ZStartHint" Content="刀尖从这里开始用量测速度量测" />
	<Message ID="MMI::AutoTool::ZMINHint" Content="Z轴主轴允许的最低点，按Z轴座标教导" />
	<Message ID="MMI::AutoTool::NotInAuto" Content="系统不是在自动模式, 不能启动自动对刀功能!" />
	<Message ID="MMI::AutoTool::ZDelta" Content="Z 轴落差设定" />
	<Message ID="MMI::AutoTool::Modehint" Content="量测模式" />
	<Message ID="MMI::AutoTool::Modehint1" Content="　1:单刀单工件" />
	<Message ID="MMI::AutoTool::Modehint2" Content="　2:单刀多工件" />
	<Message ID="MMI::AutoTool::Modehint3" Content="　3:多刀多工件" />
	<Message ID="MMI::AutoTool::Modehint4" Content="　4:五轴量刀" />
	<Message ID="MMI::AutoTool::WorkPieceNo2" Content="落差设定编号" />
	<Message ID="MMI::AutoTool::Tool" Content="选择刀号T" />
	<Message ID="MMI::AutoTool::SafeZ" Content="对刀后回到Z安全点" />
	<Message ID="MMI::AutoTool::SafeZHint" Content="设定对刀后主轴回到Z轴安全点位置" />
	<Message ID="MMI::AutoTool::AirBlowOn" Content="对刀仪设定：  吹气 M " />
	<Message ID="MMI::AutoTool::AirBlowOff" Content="闭气 M " />
	<Message ID="MMI::AutoTool::AirBlowOnHint" Content="对刀仪吹气M码设定" />
	<Message ID="MMI::AutoTool::AirBlowOffHint" Content="对刀仪闭气M码设定" />

</ResMap>