﻿<?xml version="1.0" encoding="utf-8" ?>
<AlarmDef>
	<Alarm No="001h" Type="ALARM"/>
	<Alarm No="002h" Type="ALARM"/>
	<Alarm No="003h" Type="WARNING"/>
	<Alarm No="004h" Type="ALARM"/>
	<Alarm No="005h" Type="ALARM"/>
	<Alarm No="006h" Type="ALARM"/>
	<Alarm No="007h" Type="ALARM"/>
	<Alarm No="008h" Type="ALARM"/>
	<Alarm No="009h" Type="ALARM"/>
	<Alarm No="010h" Type="ALARM"/>
	<Alarm No="011h" Type="ALARM"/>
	<Alarm No="012h" Type="ALARM"/>
	<Alarm No="013h" Type="WARNING"/>
	<Alarm No="014h" Type="WARNING"/>
	<Alarm No="015h" Type="WARNING"/>
	<Alarm No="016h" Type="ALARM"/>
	<Alarm No="017h" Type="ALARM"/>
	<Alarm No="018h" Type="ALARM"/>
	<Alarm No="019h" Type="ALARM"/>
	<Alarm No="020h" Type="WARNING"/>
	<Alarm No="021h" Type="ALARM"/>
	<Alarm No="022h" Type="WARNING"/>
	<Alarm No="023h" Type="WARNING"/>
	<Alarm No="024h" Type="ALARM"/>
	<Alarm No="025h" Type="ALARM"/>
	<Alarm No="026h" Type="ALARM"/>
	<Alarm No="027h" Type="ALARM"/>
	<Alarm No="030h" Type="ALARM"/>
	<Alarm No="031h" Type="ALARM"/>
	<Alarm No="040h" Type="ALARM"/>
	<Alarm No="099h" Type="ALARM"/>
	<Alarm No="122h" Type="ALARM"/>
	<Alarm No="123h" Type="ALARM"/>
	<Alarm No="124h" Type="ALARM"/>
	<Alarm No="125h" Type="ALARM"/>
	<Alarm No="126h" Type="ALARM"/>
	<Alarm No="127h" Type="ALARM"/>
	<Alarm No="128h" Type="ALARM"/>
	<Alarm No="129h" Type="ALARM"/>
	<Alarm No="130h" Type="ALARM"/>
	<Alarm No="131h" Type="ALARM"/>
	<Alarm No="132h" Type="ALARM"/>
	<Alarm No="180h" Type="ALARM"/>
	<Alarm No="185h" Type="ALARM"/>
	<Alarm No="201h" Type="WARNING"/>
	<Alarm No="283h" Type="WARNING"/>
	<Alarm No="285h" Type="WARNING"/>
	<Alarm No="3E1h" Type="ALARM"/>
	<Alarm No="3E2h" Type="ALARM"/>
	<Alarm No="3E3h" Type="ALARM"/>
	<Alarm No="3E4h" Type="ALARM"/>
	<Alarm No="3E5h" Type="ALARM"/>
	<Alarm No="500h" Type="ALARM"/>
	<Alarm No="501h" Type="ALARM"/>
	<Alarm No="502h" Type="ALARM"/>
	<Alarm No="503h" Type="ALARM"/>
</AlarmDef>