﻿<?xml version="1.0" encoding="UTF-8"?>
<!--Created by 'eHMI'version2.2.26-->
<ResMap>
  <Message ID="Browser::CncAbout::Caption::Lab_SystemName::SystemName" Content="系統名稱:" />
  <Message ID="Browser::CncAbout::Caption::Lab_ProductVer::ProductVer" Content="產品版本:" />
  <Message ID="Browser::CncAbout::Caption::Lab_KernelVer::KernelVer" Content="後台版本:" />
  <Message ID="Browser::CncAbout::Caption::Lab_MMIVer::MMIVer" Content="前台版本:" />
  <Message ID="Browser::CncAbout::Caption::Lab_ImageVer::ImageVer" Content="印象檔版本:" />
  <Message ID="Browser::CncAbout::Caption::Lab_PLCVer::PLCVer" Content="PLC版本:" />
  <Message ID="Browser::CncAbout::Caption::Label::PlatFormVer" Content="作業系統:" />
  <Message ID="Browser::CncAbout::Caption::Lab_CompanyName::CompanyName" Content="公司名稱:" />
  <Message ID="Browser::CncAbout::Caption::Lab_Hint1::Hint1" Content="警告：某些功能可能失效或異常，源起於前後台版本不同" />
  <Message ID="Browser::CncAbout::Caption::Lab_Hint2::Hint2" Content="建議：更新前後台版本，讓前後台版本一致" />
  <Message ID="Browser::CncAbout::Caption::Lab_SoftWaveInfo::SoftWaveInfo" Content="軟體資訊" />
  <Message ID="Browser::CncAbout::Caption::Lab_HardWaveInfo::HardWaveInfo" Content="硬體資訊" />
  <Message ID="Browser::CncAbout::Caption::Lab_CPUBorad::CPUBorad" Content="主機板:" />
  <Message ID="Browser::CncAbout::Caption::Lab_CNCSerialNo::CNCSerial" Content="控制器序號:" />
  <Message ID="Browser::CncAbout::Caption::Lab_MachinType::MachinType" Content="機床屬性:" />
  <Message ID="Browser::CncAbout::Caption::Lab_CNCModel::CNCModel" Content="機床代碼:" />
</ResMap>