﻿<?xml version="1.0" encoding="UTF-8"?>
<!--Created by 'eHMI'version2.2.26-->
<ResMap>
  <Message ID="Browser::RestoreSerialDefault::Caption::Lab_AxesTitle::AxesTitle" Content="請選擇初始化的軸向" />
  <Message ID="Browser::RestoreSerialDefault::Caption::Lab_SpindleTitle::SpindleTitle" Content="請選擇初始化的主軸" />
  <Message ID="Browser::RestoreSerialDefault::Caption::Lab_Tipps::Notes" Content="初始化前系統需為未就緒，初始化後請將控制器與驅動器均斷電重開。" />
  <Message ID="Browser::RestoreSerialDefault::Caption::Cbx_SelectAllAxes::AllAxes" Content="全選" />
  <Message ID="Browser::RestoreSerialDefault::Caption::Cbx_SelectAllSpindle::AllSpindle" Content="全選" />
  <Message ID="Browser::RestoreSerialDefault::Caption::Lab_TippsTitle::NoteTitle" Content="注意事項 :" />
  <Message ID="Browser::RestoreSerialDefault::RestoreSerialSuccess" Content="初始化已完成，請將控制器與驅動器均斷電重開" />
  <Message ID="Browser::RestoreSerialDefault::RestoreSerialFail" Content="初始化動作失敗，請再次進行還原" />
  <Message ID="Browser::RestoreSerialDefault::TransferNotReady" Content="初始化前系統需為未就緒" />
</ResMap>