﻿<?xml version="1.0" encoding="utf-8" ?>
<ResMap>
	<Message ID="MMI::SerialSpindleAdjust::Positioning::Section2_1" Content="加速度时间" />
	<Message ID="MMI::SerialSpindleAdjust::Positioning::Unit::Section2_1" Content="(ms)" />
	<Message ID="MMI::SerialSpindleAdjust::Positioning::Section2_2" Content="加加速时间" />
	<Message ID="MMI::SerialSpindleAdjust::Positioning::Unit::Section2_2" Content="(ms)" />
	<Message ID="MMI::SerialSpindleAdjust::Positioning::Section2_3" Content="位置零速检查" />
	<Message ID="MMI::SerialSpindleAdjust::Positioning::Unit::Section2_3" Content="(毫度)" />
	<Message ID="MMI::SerialSpindleAdjust::Positioning::Section2_4" Content="主轴路径设定" />
	<Message ID="MMI::SerialSpindleAdjust::Positioning::Section2_End" Content="0:固定正转, 1:固定反转, 2:最短路径" />
	<Message ID="MMI::SerialSpindleAdjust::Positioning::Section3_2" Content="转速S" />
	<Message ID="MMI::SerialSpindleAdjust::Positioning::Section3_3" Content="主轴正转M码" />
	<Message ID="MMI::SerialSpindleAdjust::Positioning::Section3_4" Content="主轴定位M码" />
	<Message ID="MMI::SerialSpindleAdjust::Positioning::Section3_5" Content="指定轴群" />
	<Message ID="MMI::SerialSpindleAdjust::Positioning::Section3_6" Content="主轴定位解除M码" />
	<Message ID="MMI::SerialSpindleAdjust::Positioning::Lab_DebugTitle_1" Content="主轴定位时间(sec)" />
</ResMap>
