﻿<?xml version="1.0" encoding="UTF-8"?>
<ResMap>
  <!--Scr_MMIConfig-->
  <Message ID="Browser::SetMMIConfig::Caption::lbl_Item::Item" Content="项目" />
  <Message ID="Browser::SetMMIConfig::Caption::lbl_value::value" Content="设定值" />
  <Message ID="Browser::SetMMIConfig::Caption::lbl_PageNo::Page" Content="页数" />
  <Message ID="Browser::SetMMIConfig::Caption::lbl_Hint::Hint" Content="重开机后生效" />
  
  <Message ID="Browser::SetMMIConfig::Caption::SystemDefault" Content="系统预设" />
  <Message ID="Browser::SetMMIConfig::Caption::InputHint" Content="输入提示" />
  
  <!--MMIConfig Item Description-->
  <Message ID="Common/OpenFileType" Content="开档规格" />
  
  <Message ID="Common/FenubarFontSize" Content="[功能键] 字体大小" />
  <Message ID="Common/Fenubar/FontSize" Content="[功能键] 字体大小" />
  <Message ID="Common/Fenubar/Alignment" Content="[功能键] 对齐" />
  <Message ID="Common/Fenubar/Button3D" Content="[功能键] 立体按键" />
  <Message ID="Common/Fenubar/Level3D" Content="[功能键] 立体按键深度" />
  <Message ID="Common/Fenubar/NoFunc" Content="[功能键] 无功能键码" />
  <Message ID="Common/Fenubar/NoLR" Content="[功能键] 无上下页键" />
  <Message ID="Common/Fenubar/BigLR" Content="[功能键] 上下页键加大" />
  <Message ID="Common/Fenubar/TextOverPic" Content="[功能键] 字于图前" />
  <Message ID="Common/AlarmShownMode" Content="现存警报显示模式" /> 
  
  <Message ID="Common/ExtTxtFont/FontName" Content="加工程序字型" />
  <Message ID="Common/ExtTxtFont/FontFile" Content="加工程序字型档" />
  <Message ID="Common/Simulation/BackColor" Content="图形仿真底色" />
  <Message ID="ScrParam/OCB_ParamSet/ProgFontSize" Content="加工程序字体大小" />
  <Message ID="Common/ScreenStretchType" Content="画面自动缩放模式" />
  <Message ID="Common/PopupScreenPosType" Content="弹出视窗位置型态" />
  
  <Message ID="Scr_Monitor/Scr_FileSel/Filter" Content="[扩展名筛选] 选择加工档" />
  <Message ID="Scr_FileMgr/OB_FileList/Filter" Content="[扩展名筛选] 档案管理" />
  
  <Message ID="ScrTxtEditor/AutoSave" Content="[程序编辑] 自动存档" />
  <Message ID="ScrTxtEditor/KeywordType" Content="[程序编辑] 关键词功能选项" />
  
  <Message ID="Scr_Simu/SimuProg/ForeColor" Content="图形仿真程序文字颜色" />
  <Message ID="Scr_Simu/SimuProg/BackColor" Content="图形仿真程序底色" />
  <Message ID="Scr_Simu/SimuAlarm/ForeColor" Content="图形仿真警报文字颜色" />
  <Message ID="Scr_Simu/SimuAlarm/BackColor" Content="图形仿真警报底色" />

  
  <Message ID="FileList/NameColLength" Content="[字段宽度] 档案管理 - 档案名称" />
  <Message ID="FileList/MultiColLength" Content="[字段宽度] 档案管理 - 多轴群" />
  <Message ID="FileList/SizeColLength" Content="[字段宽度] 档案管理 - 档案大小" />
  <Message ID="FileList/TimeColLength" Content="[字段宽度] 档案管理 - 修改时间" />
  <Message ID="FileList/CommentColLength" Content="[字段宽度] 档案管理 - 档案批注" />
  <Message ID="FileList/Sorting/Type" Content="档案列表排序方式" />
  <Message ID="FileList/FontSize" Content="档案列表字体大小" />
  
  <Message ID="CncLadder/ForeColor" Content="[颜色] 阶梯图 - 前景颜色" />
  <Message ID="CncLadder/BackColor" Content="[颜色] 阶梯图 - 背景颜色" />
  <Message ID="ScrAlarm/PendingForeColor" Content="[颜色] 延迟警报 - 前景颜色" />
  <Message ID="ScrAlarm/ForeColor" Content="[颜色] 警报 - 前景颜色" />
  <Message ID="ScrAlarm/BackColor" Content="[颜色] 警报 - 背景颜色" />
  <Message ID="Scr_Monitor/ForeColor" Content="[颜色] 执行加工程序 - 前景颜色" />
  <Message ID="Scr_Monitor/BackColor" Content="[颜色] 执行加工程序 - 背景颜色" />
  <Message ID="Scr_Monitor/BarColor" Content="[颜色] 执行加工程序 - 反白底色" />
  <Message ID="Scr_MDI/ForeColor" Content="[颜色] MDI程序 - 前景颜色" />
  <Message ID="Scr_MDI/BackColor" Content="[颜色] MDI程序 - 背景颜色" />
  <Message ID="ScrTxtEditor/ForeColor" Content="[颜色] 程序编辑 - 前景颜色" />
  <Message ID="ScrTxtEditor/BackColor" Content="[颜色] 程序编辑 - 背景颜色" />
  <Message ID="ScrTxtEditor/TitleForeColor" Content="[颜色] 程序标题 - 前景颜色" />
  <Message ID="ScrTxtEditor/TitleBackColor" Content="[颜色] 程序标题 - 背景颜色" />
  <Message ID="Scr_FileMgr/ForeColor" Content="[颜色] 档案管理 - 前景颜色" />
  <Message ID="Scr_FileMgr/BackColor" Content="[颜色] 档案管理 - 背景颜色" />
  <Message ID="Scr_FileMgr/SelForeColor" Content="[颜色] 档案管理 - 反白前景颜色" />
  <Message ID="Scr_FileMgr/SelBackColor" Content="[颜色] 档案管理 - 反白背景颜色" />
  <Message ID="Scr_FileMgr/TitleForeColor" Content="[颜色] 档案管理标题 - 前景颜色" />
  <Message ID="Scr_FileMgr/TitleBackColor" Content="[颜色] 档案管理标题 - 背景颜色" />
  
  <Message ID="Scr_PosCoord/isPreLoad" Content="[开机预读] 坐标首页" />
  <Message ID="Scr_WorkPiece/isPreLoad" Content="[开机预读] 工件坐标页面" />
  <Message ID="Scr_FeatureCoordinate/isPreLoad" Content="[开机预读] 斜平面坐标教导页面" />
  <Message ID="Scr_AutoTool/isPreLoad" Content="[开机预读] 自动对刀页面" />
  <Message ID="Scr_AutoCenter/isPreLoad" Content="[开机预读] 自动分中页面" />
  <Message ID="ScrTxtEditor/isPreLoad" Content="[开机预读] 程序编辑页面" />
  <Message ID="Scr_Simu/isPreLoad" Content="[开机预读] 图形模拟页面" />
  <Message ID="Scr_SimuParam/isPreLoad" Content="[开机预读] 模拟参数" />
  <Message ID="Scr_CycleMenu/isPreLoad" Content="[开机预读] 插入循环" />
  <Message ID="Scr_CycleInput/isPreLoad" Content="[开机预读] 编辑循环" />
  <Message ID="Scr_Monitor/isPreLoad" Content="[开机预读] 执行加工页面" />
  <Message ID="Scr_MonSubData/isPreLoad" Content="[开机预读] 加工参数页面" />
  <Message ID="Scr_ToolMill/isPreLoad" Content="[开机预读] 铣床刀具设定页面" />
  <Message ID="Scr_ToolLathe/isPreLoad" Content="[开机预读] 车床刀具设定页面" />
  <Message ID="Scr_LatheWorkpieceShift/isPreLoad" Content="[开机预读] 工件坐标偏移页面" />
  <Message ID="Scr_MDI/isPreLoad" Content="[开机预读] MDI输入" />
  <Message ID="Scr_WorkRecord/isPreLoad" Content="[开机预读] 加工纪录表单" />
  <Message ID="Scr_ToolManagement/isPreLoad" Content="[开机预读] 刀具管理页面" />
  <Message ID="Scr_FileSel/isPreLoad" Content="[开机预读] 选择加工档" />
  <Message ID="ScrAlarm/isPreLoad" Content="[开机预读] 警报显示页面" />
  <Message ID="ScrParam/isPreLoad" Content="[开机预读] 参数页面" />
  <Message ID="Scr_ClientConf/isPreLoad" Content="[开机预读] 联机设定页面" />
  <Message ID="Scr_ServerConf/isPreLoad" Content="[开机预读] 核心服务器设定页面" />
  <Message ID="Scr_NetSet/isPreLoad" Content="[开机预读] 网络设定页面" />
  <Message ID="Scr_HSHPParameter/isPreLoad" Content="[开机预读] 高速高精参数页面" />
  <Message ID="Scr_SerialTunning/isPreLoad" Content="[开机预读] 串列参数页面" />
  <Message ID="ScrDiagnostic/isPreLoad" Content="[开机预读] 诊断功能页面" />
  <Message ID="Scr_SystemInfo/isPreLoad" Content="[开机预读] 系统信息页面" />
  <Message ID="Scr_DataAcq/isPreLoad" Content="[开机预读] 数据撷取" />
  <Message ID="Scr_SetSysParam/isPreLoad" Content="[开机预读] 系统时间页面" />
  <Message ID="Scr_History/isPreLoad" Content="[开机预读] 历史记录" />
  <Message ID="Scr_FileMgr/isPreLoad" Content="[开机预读] 档案管理页面" />
  <Message ID="ScrFilI_O/isPreLoad" Content="[开机预读] 档案输入输出" />
  <Message ID="ScrPopupAlarm/isPreLoad" Content="[开机预读] 警报显示视窗" />
  <Message ID="ScrPopupMPG/isPreLoad" Content="[开机预读] 手轮偏置" />
  <Message ID="Scr_CustomXML/CycleDataBootReload" Content="[开机预载] CycleData" />
  <Message ID="SIPStyle" Content="软体键盘型态" />
  <Message ID="main*6" Content="[我的最爱]F6设定" />
  <Message ID="main*7" Content="[我的最爱]F7设定" />
  <Message ID="main*8" Content="[我的最爱]F8设定" />
  <Message ID="FastKeyEnable" Content="面板快捷键启用" />
  <Message ID="MoveSensitivity" Content="触控/滑鼠拖曳灵敏度" />
  
  <!--MMIConfig Hint Item Description, ID + "::Hint"-->
  <Message ID="ScrParam/OCB_ParamSet/ProgFontSize::Hint" Content="设定范围: ( 7 ~ 100 )&#x0D;格式错误时将取用系统预设, 超出范围时将取用边界值" />
  <Message ID="Common/FenubarFontSize::Hint" Content="设定范围: ( 1 ~ 20 )&#x0D;格式错误时将取用系统预设, 超出范围时将取用边界值" />
  <Message ID="Common/Fenubar/FontSize::Hint" Content="设定范围: ( 1 ~ 20 )&#x0D;格式错误时将取用系统预设, 超出范围时将取用边界值" />
  <Message ID="FileList/FontSize::Hint" Content="设定范围: ( 7 ~ 100 )&#x0D;格式错误时将取用系统预设, 超出范围时将取用边界值" />
  <Message ID="Common/OpenFileType::Hint" Content="0: 铣床 1: 车床" />
  <Message ID="Common/Fenubar/Alignment::Hint" Content="1: 左上 2: 上 3: 右上 4: 左 5: 中心 6: 右 7: 左下 8: 下 9: 右下 " />
  <Message ID="Common/Fenubar/Button3D::Hint" Content="TRUE or FALSE" />
  <Message ID="Common/Fenubar/Level3D::Hint" Content="1~20: 立体按键效果" />
  <Message ID="Common/Fenubar/NoFunc::Hint" Content="TRUE or FALSE" />
  <Message ID="Common/Fenubar/NoLR::Hint" Content="TRUE or FALSE" />
  <Message ID="Common/Fenubar/BigLR::Hint" Content="TRUE or FALSE" />
  <Message ID="Common/Fenubar/TextOverPic::Hint" Content="TRUE or FALSE" />
  <Message ID="Common/ScreenStretchType::Hint" Content="NORMAL : 不缩放 AUTOFIT : 自动缩放" />
  <Message ID="Common/PopupScreenPosType::Hint" Content="DEFAULT or REFBACKBONE" />
  <Message ID="Common/AlarmShownMode::Hint" Content="POPUP : 弹出式 MARQUEE : 跑马灯式" />
  <Message ID="FileList/Sorting/Type::Hint" Content="0: 档名(A~Z) 1: 档名(Z~A) 2: 日期(新~旧) 3: 日期(旧~新) 4: 档案大小(小~大) 5: 档案大小(大~小)" />
  <Message ID="SIPStyle::Hint" Content="LARGEKB or KEYBOARD" />
  <Message ID="ScrTxtEditor/KeywordType::Hint" Content="0: 关闭 1:开启关键词功能 2:开启语法检查 3:关键词+语法检查 4:开启程序修改标示 5:关键词+修改标示 6:语法检查+修改标示 7:关键词+语法检查+修改标示" />
  <Message ID="FastKeyEnable::Hint" Content="TRUE: 启用 FALSE:不启用" />
  <Message ID="MoveSensitivity::Hint" Content="1~5: 灵敏程度, 1:最灵敏 5:最不灵敏, 预设值为3" />
</ResMap>