<?xml version="1.0"?> 
<CANDeviceConfig>
	<Master Name="CNC">
	</Master>
	<Slave ID="1" Name="ADC">
		<ProcessData>
			<!----------------------------------------------->
			<!-- Following settings are for PDOtx (Inputs) -->
			<!----------------------------------------------->
			<TxPdo PdoIdx="2" FuncCode="0x05" Comment="Inputs(PDO2tx)">
				<Entry Comment="Analog value of 1st channel">
					<Index>0x6401</Index> 
					<SubIndex>0x01</SubIndex> 
					<BitLen>16</BitLen>
					<Storage>R2001</Storage>
				</Entry>
				<Entry Comment="Analog value of 2nd channel">
					<Index>0x6401</Index> 
					<SubIndex>0x02</SubIndex> 
					<BitLen>16</BitLen>
					<Storage>R2002</Storage>
				</Entry>
				<Entry Comment="Analog value of 3rd channel">
					<Index>0x6401</Index> 
					<SubIndex>0x03</SubIndex> 
					<BitLen>16</BitLen>
					<Storage>R2003</Storage>
				</Entry>
				<Entry Comment="Analog value of 4th channel">
					<Index>0x6401</Index> 
					<SubIndex>0x04</SubIndex> 
					<BitLen>16</BitLen>
					<Storage>R2004</Storage>
				</Entry>
			</TxPdo>
			<!----------------------------------->
			<!-- Polling Record for FAST (PDO) -->
			<!----------------------------------->
			<!--RPollCnt>2000</RPollCnt>
			<RAvgIntvl>2009</RAvgIntvl-->
		</ProcessData>
		<MailBox>
			<InitCmds>
				<!---------------------------------------------------------->
				<!-- Following initial commands are for 'General-Setting' -->
				<!---------------------------------------------------------->
				<InitCmd Comment="Download EMCY COB-ID (32-Bit)">
					<Index>0x1014</Index> 
					<SubIndex>0x00</SubIndex> 
					<Data>0x00000081</Data> 
				</InitCmd>
				<!-------------------------------------------------------------------------------->
				<!-- NOTE: PDO associated initial commands will be built and send automatically -->
				<!-------------------------------------------------------------------------------->
			</InitCmds>
			<ServiceData>
				<!---------------------------------------------------->
				<!-- Following settings are for SDO upload (Inputs) -->
				<!---------------------------------------------------->
				<RxSdo CcsCmd="0x02" Comment="Inputs(Upload)">
					<Entry Comment="Analog value of 5th channel">
						<Index>0x6401</Index> 
						<SubIndex>0x05</SubIndex> 
						<BitLen>16</BitLen>
						<Storage>R2005</Storage>
					</Entry>
					<Entry Comment="Analog value of 6th channel">
						<Index>0x6401</Index> 
						<SubIndex>0x06</SubIndex> 
						<BitLen>16</BitLen>
						<Storage>R2006</Storage>
					</Entry>
					<Entry Comment="Analog value of 7th channel">
						<Index>0x6401</Index> 
						<SubIndex>0x07</SubIndex> 
						<BitLen>16</BitLen>
						<Storage>R2007</Storage>
					</Entry>
					<Entry Comment="Analog value of 8th channel">
						<Index>0x6401</Index> 
						<SubIndex>0x08</SubIndex> 
						<BitLen>16</BitLen>
						<Storage>R2008</Storage>
					</Entry>
					<!-------------------------------------------------->
					<Entry Comment="Guard time">
						<Index>0x100C</Index> 
						<SubIndex>0x00</SubIndex> 
						<BitLen>16</BitLen>
						<Storage>R2011</Storage>
					</Entry>
					<Entry Comment="EMCY inhibit time">
						<Index>0x1015</Index> 
						<SubIndex>0x00</SubIndex> 
						<BitLen>16</BitLen>
						<Storage>R2015</Storage>
					</Entry>
					<!-------------------------------------------------->
				</RxSdo>
				<!------------------------------------------------------->
				<!-- Following settings are for SDO download (Outputs) -->
				<!------------------------------------------------------->
				<RxSdo CcsCmd="0x01" Comment="Outputs(Download)">
					<Entry Comment="EMCY inhibit time">
						<Index>0x1015</Index> 
						<SubIndex>0x00</SubIndex> 
						<BitLen>16</BitLen>
						<Source>R2005</Source>
					</Entry>
				</RxSdo>
			</ServiceData>
			<!----------------------------------->
			<!-- Polling Record for SLOW (SDO) -->
			<!----------------------------------->
			<!--RPollCnt>2010</RPollCnt>
			<RAvgIntvl>2019</RAvgIntvl-->
		</MailBox>
	</Slave>
</CANDeviceConfig>
