<?xml version="1.0"?> 
<CANDeviceConfig>
	<Master Name="CNC">
	</Master>
	<Slave ID="1-12" Name="Delta-A2">
		<ProcessData>
			<!----------------------------------------------->
			<!-- Following settings are for PDOtx (Inputs) -->
			<!----------------------------------------------->
			<RxPdo PdoIdx="1" FuncCode="0x04" Comment="Command(PDO1rx)">
				<Entry Comment="Pos Cmd - Low word)">
					<Index>0x60C1</Index> 
					<SubIndex>0x01</SubIndex> 
					<BitLen>16</BitLen>
				</Entry>
				<Entry Comment="Pos Cmd - High word)">
					<Index>0x60C1</Index> 
					<SubIndex>0x02</SubIndex> 
					<BitLen>16</BitLen>
				</Entry>
				<Entry Comment="Pos Cmd - Symmetrical Difference">
					<Index>0x60C1</Index> 
					<SubIndex>0x03</SubIndex> 
					<BitLen>16</BitLen>
				</Entry>
				<Entry Comment="Control Word">
					<Index>0x6040</Index> 
					<SubIndex>0x00</SubIndex> 
					<BitLen>16</BitLen>
				</Entry>
			</RxPdo>
			<TxPdo PdoIdx="1" FuncCode="0x03" Comment="Feedback(PDO1tx)">
				<Entry Comment="Position feeadback">
					<Index>0x6064</Index> 
					<SubIndex>0x00</SubIndex> 
					<BitLen>32</BitLen>
				</Entry>
				<Entry Comment="Current feeadback">
					<Index>0x6078</Index> 
					<SubIndex>0x00</SubIndex> 
					<BitLen>16</BitLen>
				</Entry>
				<Entry Comment="Status word">
					<Index>0x6041</Index> 
					<SubIndex>0x00</SubIndex> 
					<BitLen>16</BitLen>
				</Entry>
			</TxPdo>
		</ProcessData>
		<MailBox>
			<InitCmds>
				<!---------------------------------------------------------->
				<!-- Following initial commands are for 'General-Setting' -->
				<!---------------------------------------------------------->
				<InitCmd Comment="EMCY COB-ID">
					<Index>0x1006</Index> 
					<SubIndex>0x00</SubIndex> 
					<BitLen>32</BitLen>
					<Data>0x00000001</Data> 
				</InitCmd>
				<InitCmd Comment="Control mode">
					<Index>0x6060</Index> 
					<SubIndex>0x00</SubIndex> 
					<BitLen>8</BitLen>
					<Data>0x00000007</Data> 
				</InitCmd>
				<InitCmd Comment="Gear Ratio - Numeriter">
					<Index>0x212C</Index> 
					<SubIndex>0x00</SubIndex> 
					<BitLen>32</BitLen>
					<Data>0x00000001</Data> 
				</InitCmd>
				<InitCmd Comment="Gear Ratio - Denometer">
					<Index>0x212D</Index> 
					<SubIndex>0x00</SubIndex> 
					<BitLen>32</BitLen>
					<Data>0x00000001</Data> 
				</InitCmd>
				<!-------------------------------------------------------------------------------->
				<!-- NOTE: PDO associated initial commands will be built and send automatically -->
				<!-------------------------------------------------------------------------------->
			</InitCmds>
		</MailBox>
	</Slave>
</CANDeviceConfig>
