<?xml version="1.0"?>
<!-- Supported Devices :  ADAM4117, ADAM4118, AbsPos, TypicalHK, SyntecHK, SyntecMPG -->
<ModbusManager>
	<Device ID="11">
		<Name>SyntecMPG</Name> <!-- Syntec-MPG Module -->
		<Enabled>2021 5035</Enabled> <!--Specify this device is enable or not (True/False)-->
		<Timeout>10</Timeout> <!--Predicted Serial-Port Timeout for this device (Unit: ms)-->
		<Interval>0</Interval> <!-- Scan Interval (UNIT: ms) -->
		<Channel ID="0" PT="8"> <!-- ID-0 for 'SyntecMPG' is defined as 1-st 'IBits' -->
			<Storage>R5032.0</Storage>
		</Channel>
		<Channel ID="1" PT="8"> <!-- ID-1 for 'SyntecMPG' is defined as 2-nd 'IBits' -->
			<Storage> R5031.0</Storage>
		</Channel>
		<Channel ID="2" PT="8"> <!-- ID-2 for 'SyntecMPG' is defined as 3-rd 'IBits' -->
			<Storage>R5033.0</Storage>
		</Channel>
		<Channel ID="3" PT="8"> <!-- ID-3 for 'SyntecMPG' is defined as 4-th 'IBits' -->
			<Storage>R5034.0</Storage>
		</Channel>
		<Channel ID="4" PT="32"> <!-- ID-4 for 'SyntecMPG' is defined as 1-st 'OBits' -->
			<Storage>R5036.0</Storage>
		</Channel>
		<Channel ID="5" PT="8"> <!-- ID-5 for 'SyntecMPG' is defined as 2-nd 'OBits' -->
			<Storage>R5037.0</Storage>
		</Channel>
		<RWheelInc>R5034</RWheelInc> <!--Register storage address for incremental-wheel-position-->
		<RWheelAbs>R5035</RWheelAbs> <!--Register storage address for absolute-wheel-position-->
		<RCommState>R5038</RCommState> <!-- Coomunication State -->
		<!--RPollCnt>R5030</RPollCnt> <!-- Polling Count -->
		<!--RAvgIntvl>R5039</RAvgIntvl> <!-- Average Scan Interval -->
	</Device>
	<Device ID="12">
		<Name>SyntecMPG</Name> <!-- Syntec-MPG Module -->
		<Enabled>2022 5045</Enabled> <!--Specify this device is enable or not (True/False)-->
		<Timeout>10</Timeout> <!--Predicted Serial-Port Timeout for this device (Unit: ms)-->
		<Interval>0</Interval> <!-- Scan Interval (UNIT: ms) -->
		<Channel ID="0" PT="8"> <!-- ID-0 for 'SyntecMPG' is defined as 1-st 'IBits' -->
			<Storage>R5042.0</Storage>
		</Channel>
		<Channel ID="1" PT="8"> <!-- ID-1 for 'SyntecMPG' is defined as 2-nd 'IBits' -->
			<Storage> R5041.0</Storage>
		</Channel>
		<Channel ID="2" PT="8"> <!-- ID-2 for 'SyntecMPG' is defined as 3-rd 'IBits' -->
			<Storage>R5043.0</Storage>
		</Channel>
		<Channel ID="3" PT="8"> <!-- ID-3 for 'SyntecMPG' is defined as 4-th 'IBits' -->
			<Storage>R5044.0</Storage>
		</Channel>
		<Channel ID="4" PT="32"> <!-- ID-4 for 'SyntecMPG' is defined as 1-st 'OBits' -->
			<Storage>R5046.0</Storage>
		</Channel>
		<Channel ID="5" PT="8"> <!-- ID-5 for 'SyntecMPG' is defined as 2-nd 'OBits' -->
			<Storage>R5047.0</Storage>
		</Channel>
		<RWheelInc>R5044</RWheelInc> <!--Register storage address for incremental-wheel-position-->
		<RWheelAbs>R5045</RWheelAbs> <!--Register storage address for absolute-wheel-position-->
		<RCommState>R5048</RCommState> <!-- Coomunication State -->
		<!--RPollCnt>R5040</RPollCnt> <!-- Polling Count -->
		<!--RAvgIntvl>R5049</RAvgIntvl> <!-- Average Scan Interval -->
	</Device>
	<Device ID="13">
		<Name>SyntecMPG</Name> <!-- Syntec-MPG Module -->
		<Enabled>2023 5055</Enabled> <!--Specify this device is enable or not (True/False)-->
		<Timeout>10</Timeout> <!--Predicted Serial-Port Timeout for this device (Unit: ms)-->
		<Interval>0</Interval> <!-- Scan Interval (UNIT: ms) -->
		<Channel ID="0" PT="8"> <!-- ID-0 for 'SyntecMPG' is defined as 1-st 'IBits' -->
			<Storage>R5052.0</Storage>
		</Channel>
		<Channel ID="1" PT="8"> <!-- ID-1 for 'SyntecMPG' is defined as 2-nd 'IBits' -->
			<Storage> R5051.0</Storage>
		</Channel>
		<Channel ID="2" PT="8"> <!-- ID-2 for 'SyntecMPG' is defined as 3-rd 'IBits' -->
			<Storage>R5053.0</Storage>
		</Channel>
		<Channel ID="3" PT="8"> <!-- ID-3 for 'SyntecMPG' is defined as 4-th 'IBits' -->
			<Storage>R5054.0</Storage>
		</Channel>
		<Channel ID="4" PT="32"> <!-- ID-4 for 'SyntecMPG' is defined as 1-st 'OBits' -->
			<Storage>R5056.0</Storage>
		</Channel>
		<Channel ID="5" PT="8"> <!-- ID-5 for 'SyntecMPG' is defined as 2-nd 'OBits' -->
			<Storage>R5057.0</Storage>
		</Channel>
		<RWheelInc>R5054</RWheelInc> <!--Register storage address for incremental-wheel-position-->
		<RWheelAbs>R5055</RWheelAbs> <!--Register storage address for absolute-wheel-position-->
		<RCommState>R5058</RCommState> <!-- Coomunication State -->
		<!--RPollCnt>R5050</RPollCnt> <!-- Polling Count -->
		<!--RAvgIntvl>R5059</RAvgIntvl> <!-- Average Scan Interval -->
	</Device>
</ModbusManager>
