﻿<?xml version="1.0" encoding="UTF-8"?>
<!--Created by 'eHMI'version2.2.32-->
<!--BROWSER SIZE|H:600|W:800-->
<Screen>
  <Name>_MonSTDData</Name>
  <Width>800</Width>
  <Height>470</Height>
  <Panel>
    <Left>4</Left>
    <Top>112</Top>
    <Width>249</Width>
    <Height>181</Height>
    <Name>Pan_RunSimulation</Name>
    <BorderColor>255,255,255</BorderColor>
    <ForeColor>0,0,0</ForeColor>
    <Caption>
    </Caption>
    <Depth>34</Depth>
  </Panel>
  <Panel>
    <Left>533</Left>
    <Top>290</Top>
    <Width>267</Width>
    <Height>180</Height>
    <Name>Pan_RunProgram3</Name>
    <BorderColor>255,255,255</BorderColor>
    <ForeColor>0,0,0</ForeColor>
    <BackColor>0,0,0</BackColor>
    <Caption>
    </Caption>
    <Depth>38</Depth>
  </Panel>
  <Panel>
    <Left>535</Left>
    <Top>110</Top>
    <Width>267</Width>
    <Height>180</Height>
    <Name>Pan_RunSimulation_3</Name>
    <BackColor>0,0,0</BackColor>
    <Caption>
    </Caption>
  </Panel>
  <Panel>
    <Left>0</Left>
    <Top>110</Top>
    <Width>265</Width>
    <Height>180</Height>
    <Name>Pan_RunSimulation_1</Name>
    <BorderColor>255,255,255</BorderColor>
    <ForeColor>0,0,0</ForeColor>
    <BackColor>0,0,0</BackColor>
    <Caption>
    </Caption>
    <Depth>37</Depth>
  </Panel>
  <OCSimu>
    <Left>538</Left>
    <Top>110</Top>
    <Height>175</Height>
    <Width>255</Width>
    <Name>OCSimu3</Name>
    <SimuMode>0</SimuMode>
    <FileSource>L4070</FileSource>
  </OCSimu>
  <Panel>
    <Left>267</Left>
    <Top>110</Top>
    <Width>266</Width>
    <Height>180</Height>
    <Name>Pan_RunSimulation_2</Name>
    <BorderColor>255,255,255</BorderColor>
    <ForeColor>0,0,0</ForeColor>
    <BackColor>0,0,0</BackColor>
    <Caption>
    </Caption>
    <Depth>37</Depth>
  </Panel>
  <Panel>
    <Left>155</Left>
    <Top>0</Top>
    <Width>111</Width>
    <Height>110</Height>
    <Name>Pan_RunSubStatus_1</Name>
    <BackColor>0,0,0</BackColor>
    <Caption>
    </Caption>
  </Panel>
  <Panel>
    <Left>0</Left>
    <Top>0</Top>
    <Width>154</Width>
    <Height>110</Height>
    <Name>Pan_RunCBox_1</Name>
    <BackColor>0,0,0</BackColor>
    <Caption>
    </Caption>
  </Panel>
  <Panel>
    <Left>266</Left>
    <Top>0</Top>
    <Width>161</Width>
    <Height>110</Height>
    <Name>Pan_RunCBox_2</Name>
    <BackColor>0,0,0</BackColor>
    <Caption>
    </Caption>
    <Depth>37</Depth>
  </Panel>
  <Panel>
    <Left>427</Left>
    <Top>0</Top>
    <Width>107</Width>
    <Height>110</Height>
    <Name>Pan_RunSubStatus_2</Name>
    <BackColor>0,0,0</BackColor>
    <Caption>
    </Caption>
  </Panel>
  <Panel>
    <Left>534</Left>
    <Top>0</Top>
    <Width>156</Width>
    <Height>110</Height>
    <Name>Pan_RunCBox_3</Name>
    <BackColor>0,0,0</BackColor>
    <Caption>
    </Caption>
    <Depth>37</Depth>
  </Panel>
  <Panel>
    <Left>690</Left>
    <Top>0</Top>
    <Width>115</Width>
    <Height>110</Height>
    <Name>Pan_RunSubStatus_3</Name>
    <BackColor>0,0,0</BackColor>
    <Caption>
    </Caption>
  </Panel>
  <Label>
    <Left>694</Left>
    <Top>1</Top>
    <Height>21</Height>
    <Width>24</Width>
    <Name>Lab_FeedTitle3</Name>
    <FontSize>10</FontSize>
    <ForeColor>0,255,0</ForeColor>
    <BackColor>0,0,0</BackColor>
    <Caption>F</Caption>
  </Label>
  <Label>
    <Left>694</Left>
    <Top>17</Top>
    <Height>21</Height>
    <Width>24</Width>
    <Name>Lab_SpindleTitle3</Name>
    <FontSize>10</FontSize>
    <ForeColor>0,255,0</ForeColor>
    <BackColor>0,0,0</BackColor>
    <Caption>S</Caption>
  </Label>
  <Label>
    <Left>695</Left>
    <Top>91</Top>
    <Width>18</Width>
    <Height>18</Height>
    <Name>Lab_T_3</Name>
    <FontSize>10</FontSize>
    <ForeColor>0,255,0</ForeColor>
    <BackColor>0,0,0</BackColor>
    <Caption>T</Caption>
  </Label>
  <Label>
    <Left>720</Left>
    <Top>1</Top>
    <Width>77</Width>
    <Height>20</Height>
    <Name>Dis_Feedrate_3</Name>
    <FontSize>10</FontSize>
    <Alignment>0</Alignment>
    <ForeColor>255,255,255</ForeColor>
    <BackColor>0,0,0</BackColor>
    <Caption>
    </Caption>
    <Depth>18</Depth>
  </Label>
  <Label>
    <Left>720</Left>
    <Top>17</Top>
    <Width>51</Width>
    <Height>20</Height>
    <Name>Dis_Spindle_3</Name>
    <FontSize>10</FontSize>
    <Alignment>0</Alignment>
    <ForeColor>255,255,255</ForeColor>
    <BackColor>0,0,0</BackColor>
    <Caption>
    </Caption>
    <Depth>18</Depth>
  </Label>
  <!-- update in MMI, due to ISSUE-10058 -->
  <Label>
    <Left>713</Left>
    <Top>91</Top>
    <Width>16</Width>
    <Height>18</Height>
    <Name>Lab_ToolNo_3</Name>
    <FontSize>10</FontSize>
    <Alignment>0</Alignment>
    <ForeColor>255,255,255</ForeColor>
    <BackColor>0,0,0</BackColor>
  </Label>
  <Label>
    <Left>694</Left>
    <Top>34</Top>
    <Width>40</Width>
    <Height>20</Height>
    <Name>Lab_LoadingRate_3</Name>
    <FontSize>10</FontSize>
    <Alignment>1</Alignment>
    <ForeColor>255,255,255</ForeColor>
    <BackColor>0,0,0</BackColor>
    <Caption>
    </Caption>
    <Wrap>True</Wrap>
    <Depth>1</Depth>
    <DisplayFormat>Long</DisplayFormat>
  </Label>
  <Label>
    <Left>735</Left>
    <Top>34</Top>
    <Width>20</Width>
    <Height>20</Height>
    <Name>Lab_Percent3</Name>
    <FontSize>10</FontSize>
    <Alignment>0</Alignment>
    <ForeColor>0,255,0</ForeColor>
    <BackColor>0,0,0</BackColor>
    <Caption>%</Caption>
    <Wrap>True</Wrap>
    <Depth>0</Depth>
  </Label>
  <Label>
    <Left>753</Left>
    <Top>34</Top>
    <Width>45</Width>
    <Height>20</Height>
    <Name>Lab_HPCC3</Name>
    <VisibleRule>(#1826,$3ne0)</VisibleRule>
    <FontSize>10</FontSize>
    <ForeColor>0,255,0</ForeColor>
    <BackColor>0,0,0</BackColor>
    <Caption>HPCC</Caption>
  </Label>
  <Label>
    <Left>728</Left>
    <Top>91</Top>
    <Width>18</Width>
    <Height>18</Height>
    <Name>Lab_D_3</Name>
    <FontSize>10</FontSize>
    <ForeColor>0,255,0</ForeColor>
    <BackColor>0,0,0</BackColor>
    <Caption>D</Caption>
  </Label>
  <Display>
    <Left>745</Left>
    <Top>91</Top>
    <Width>17</Width>
    <Height>18</Height>
    <Name>Dis_D_3</Name>
    <FontSize>10</FontSize>
    <Alignment>0</Alignment>
    <ForeColor>255,255,255</ForeColor>
    <BackColor>0,0,0</BackColor>
    <DisplaySource>#1030,$3</DisplaySource>
  </Display>
  <Label>
    <Left>760</Left>
    <Top>91</Top>
    <Width>18</Width>
    <Height>18</Height>
    <Name>Lab_H_3</Name>
    <FontSize>10</FontSize>
    <ForeColor>0,255,0</ForeColor>
    <BackColor>0,0,0</BackColor>
    <Caption>H</Caption>
  </Label>
  <Display>
    <Left>777</Left>
    <Top>91</Top>
    <Width>17</Width>
    <Height>18</Height>
    <Name>Dis_H_3</Name>
    <FontSize>10</FontSize>
    <Alignment>0</Alignment>
    <ForeColor>255,255,255</ForeColor>
    <BackColor>0,0,0</BackColor>
    <DisplaySource>#1032,$3</DisplaySource>
  </Display>
  <Panel>
    <Left>267</Left>
    <Top>290</Top>
    <Width>267</Width>
    <Height>180</Height>
    <Name>Pan_RunProgram2</Name>
    <BorderColor>255,255,255</BorderColor>
    <ForeColor>0,0,0</ForeColor>
    <BackColor>0,0,0</BackColor>
    <Caption>
    </Caption>
    <Depth>38</Depth>
  </Panel>
  <Panel>
    <Left>-1</Left>
    <Top>290</Top>
    <Width>267</Width>
    <Height>180</Height>
    <Name>Pan_RunProgram1</Name>
    <BorderColor>255,255,255</BorderColor>
    <ForeColor>0,0,0</ForeColor>
    <BackColor>0,0,0</BackColor>
    <Caption>
    </Caption>
    <Depth>38</Depth>
  </Panel>
  <OCSimu>
    <Left>272</Left>
    <Top>110</Top>
    <Height>175</Height>
    <Width>255</Width>
    <Name>OCSimu2</Name>
    <SimuMode>0</SimuMode>
    <FileSource>L4070</FileSource>
  </OCSimu>
  <OCSimu>
    <Left>3</Left>
    <Top>110</Top>
    <Height>175</Height>
    <Width>255</Width>
    <Name>OCSimu1</Name>
    <SimuMode>0</SimuMode>
    <FileSource>L4070</FileSource>
  </OCSimu>
  <OCText>

    <Left>535</Left>
    <Top>290</Top>
    <Height>179</Height>
    <Width>265</Width>
    <Name>OCText3</Name>
    <ForeColor>51,204,102</ForeColor>
    <BackColor>0,0,0</BackColor>
    <Mode>1</Mode>
  </OCText>
  <OCText>
    <Left>267</Left>
    <Top>290</Top>
    <Height>179</Height>
    <Width>268</Width>
    <Name>OCText2</Name>
    <ForeColor>51,204,102</ForeColor>
    <BackColor>0,0,0</BackColor>
    <Mode>1</Mode>
  </OCText>
  <OCText>
    <Left>0</Left>
    <Top>290</Top>
    <Height>179</Height>
    <Width>265</Width>
    <Name>OCText1</Name>
    <ForeColor>51,204,102</ForeColor>
    <BackColor>0,0,0</BackColor>
    <Mode>1</Mode>
  </OCText>
  <CoordBox>
    <Left>4</Left>
    <Top>-2</Top>
    <Width>144</Width>
    <Height>102</Height>
    <Name>CoordBox1</Name>
    <FontSize>12</FontSize>
    <Alignment>0</Alignment>
    <ForeColor>0,255,0</ForeColor>
    <BackColor>0,0,0</BackColor>
    <PageSize>4</PageSize>
    <CoordType>2</CoordType>
    <LForeColor>0,255,0</LForeColor>
    <LBackColor>0,0,0</LBackColor>
    <LFontSize>12</LFontSize>
    <LBorderStyle>0</LBorderStyle>
    <VForeColor>255,255,255</VForeColor>
    <VBackColor>0,0,0</VBackColor>
    <VFontSize>12</VFontSize>
    <AxisGroupSource>9</AxisGroupSource>
    <VBorderStyle>0</VBorderStyle>
    <AxisNotHomeColor>255,255,255</AxisNotHomeColor>
    <AxisSelectedColor>255,255,255</AxisSelectedColor>
  </CoordBox>
  <CoordBox>
    <Left>272</Left>
    <Top>-2</Top>
    <Width>144</Width>
    <Height>102</Height>
    <Name>CoordBox2</Name>
    <FontSize>12</FontSize>
    <Alignment>0</Alignment>
    <ForeColor>0,255,0</ForeColor>
    <BackColor>0,0,0</BackColor>
    <PageSize>4</PageSize>
    <CoordType>2</CoordType>
    <LForeColor>0,255,0</LForeColor>
    <LBackColor>0,0,0</LBackColor>
    <LFontSize>12</LFontSize>
    <LBorderStyle>0</LBorderStyle>
    <VForeColor>255,255,255</VForeColor>
    <VBackColor>0,0,0</VBackColor>
    <VFontSize>12</VFontSize>
    <AxisGroupSource>2</AxisGroupSource>
    <VBorderStyle>0</VBorderStyle>
    <AxisNotHomeColor>255,255,255</AxisNotHomeColor>
    <AxisSelectedColor>255,255,255</AxisSelectedColor>
  </CoordBox>
  <CoordBox>
    <Left>538</Left>
    <Top>-2</Top>
    <Width>144</Width>
    <Height>102</Height>
    <Name>CoordBox3</Name>
    <FontSize>12</FontSize>
    <Alignment>0</Alignment>
    <ForeColor>0,255,0</ForeColor>
    <BackColor>0,0,0</BackColor>
    <PageSize>4</PageSize>
    <CoordType>2</CoordType>
    <LForeColor>0,255,0</LForeColor>
    <LBackColor>0,0,0</LBackColor>
    <LFontSize>12</LFontSize>
    <LBorderStyle>0</LBorderStyle>
    <VForeColor>255,255,255</VForeColor>
    <VBackColor>0,0,0</VBackColor>
    <VFontSize>12</VFontSize>
    <AxisGroupSource>4</AxisGroupSource>
    <VBorderStyle>0</VBorderStyle>
    <AxisNotHomeColor>255,255,255</AxisNotHomeColor>
    <AxisSelectedColor>255,255,255</AxisSelectedColor>
  </CoordBox>
  <Meter>
    <Left>699</Left>
    <Top>52</Top>
    <Height>16</Height>
    <Width>85</Width>
    <Name>Met_LoadingRate_3</Name>
    <BackColor>255,255,255</BackColor>
    <Type>2</Type>
    <ScaleUp>200</ScaleUp>
    <ScaleLow>0</ScaleLow>
    <ScaleInterval>2</ScaleInterval>
    <SubScaleInterval>0</SubScaleInterval>
    <ScaleColor>0,0,0</ScaleColor>
    <NumberColor>0,0,0</NumberColor>
    <ListItems>
      <Item>
        <UpLmt>100</UpLmt>
        <LowLmt>0</LowLmt>
        <Color>0,255,0</Color>
      </Item>
      <Item>
        <UpLmt>150</UpLmt>
        <LowLmt>100</LowLmt>
        <Color>255,255,0</Color>
      </Item>
      <Item>
        <UpLmt>200</UpLmt>
        <LowLmt>150</LowLmt>
        <Color>255,0,0</Color>
      </Item>
    </ListItems>
    <IntervalTextVisible>False</IntervalTextVisible>
    <Depth>5</Depth>
    <Marks>
      <Values>100,150</Values>
      <TextVisible>False</TextVisible>
    </Marks>
  </Meter>
  <Label>
    <Left>428</Left>
    <Top>1</Top>
    <Height>21</Height>
    <Width>24</Width>
    <Name>Label5</Name>
    <FontSize>10</FontSize>
    <ForeColor>0,255,0</ForeColor>
    <BackColor>0,0,0</BackColor>
    <Caption>F</Caption>
  </Label>
  <Label>
    <Left>428</Left>
    <Top>17</Top>
    <Height>21</Height>
    <Width>24</Width>
    <Name>Label6</Name>
    <FontSize>10</FontSize>
    <ForeColor>0,255,0</ForeColor>
    <BackColor>0,0,0</BackColor>
    <Caption>S</Caption>
  </Label>
  <Label>
    <Left>429</Left>
    <Top>91</Top>
    <Height>18</Height>
    <Width>18</Width>
    <Name>Lab_T_2</Name>
    <FontSize>10</FontSize>
    <ForeColor>0,255,0</ForeColor>
    <BackColor>0,0,0</BackColor>
    <Caption>T</Caption>
  </Label>
  <Label>
    <Left>454</Left>
    <Top>1</Top>
    <Width>77</Width>
    <Height>20</Height>
    <Name>Dis_Feedrate_2</Name>
    <FontSize>10</FontSize>
    <Alignment>0</Alignment>
    <ForeColor>255,255,255</ForeColor>
    <BackColor>0,0,0</BackColor>
    <Caption>
    </Caption>
    <Depth>18</Depth>
  </Label>
  <Label>
    <Left>454</Left>
    <Top>17</Top>
    <Width>51</Width>
    <Height>20</Height>
    <Name>Dis_Spindle_2</Name>
    <FontSize>10</FontSize>
    <Alignment>0</Alignment>
    <ForeColor>255,255,255</ForeColor>
    <BackColor>0,0,0</BackColor>
    <Caption>
    </Caption>
    <Depth>18</Depth>
  </Label>
  <Label>
    <Left>447</Left>
    <Top>91</Top>
    <Width>16</Width>
    <Height>18</Height>
    <Name>Lab_ToolNo_2</Name>
    <FontSize>10</FontSize>
    <Alignment>0</Alignment>
    <ForeColor>255,255,255</ForeColor>
    <BackColor>0,0,0</BackColor>
  </Label>
  <Label>
    <Left>428</Left>
    <Top>34</Top>
    <Width>40</Width>
    <Height>20</Height>
    <Name>Lab_LoadingRate_2</Name>
    <FontSize>10</FontSize>
    <Alignment>1</Alignment>
    <ForeColor>255,255,255</ForeColor>
    <BackColor>0,0,0</BackColor>
    <Caption>
    </Caption>
    <Wrap>True</Wrap>
    <Depth>1</Depth>
    <DisplayFormat>Long</DisplayFormat>
  </Label>
  <Label>
    <Left>469</Left>
    <Top>34</Top>
    <Width>20</Width>
    <Height>20</Height>
    <Name>Label12</Name>
    <FontSize>10</FontSize>
    <Alignment>0</Alignment>
    <ForeColor>0,255,0</ForeColor>
    <BackColor>0,0,0</BackColor>
    <Caption>%</Caption>
    <Wrap>True</Wrap>
    <Depth>0</Depth>
  </Label>
  <Label>
    <Left>462</Left>
    <Top>91</Top>
    <Width>18</Width>
    <Height>18</Height>
    <Name>Lab_D_2</Name>
    <FontSize>10</FontSize>
    <ForeColor>0,255,0</ForeColor>
    <BackColor>0,0,0</BackColor>
    <Caption>D</Caption>
  </Label>
  <Display>
    <Left>479</Left>
    <Top>91</Top>
    <Width>17</Width>
    <Height>18</Height>
    <Name>Dis_D_2</Name>
    <FontSize>10</FontSize>
    <Alignment>0</Alignment>
    <ForeColor>255,255,255</ForeColor>
    <BackColor>0,0,0</BackColor>
    <DisplaySource>#1030,$2</DisplaySource>
  </Display>
  <Label>
    <Left>494</Left>
    <Top>91</Top>
    <Width>18</Width>
    <Height>18</Height>
    <Name>Lab_H_2</Name>
    <FontSize>10</FontSize>
    <ForeColor>0,255,0</ForeColor>
    <BackColor>0,0,0</BackColor>
    <Caption>H</Caption>
  </Label>
  <Display>
    <Left>511</Left>
    <Top>91</Top>
    <Width>17</Width>
    <Height>18</Height>
    <Name>Dis_H_2</Name>
    <FontSize>10</FontSize>
    <Alignment>0</Alignment>
    <ForeColor>255,255,255</ForeColor>
    <BackColor>0,0,0</BackColor>
    <DisplaySource>#1032,$2</DisplaySource>
  </Display>
  <Label>
    <Left>485</Left>
    <Top>34</Top>
    <Width>45</Width>
    <Height>20</Height>
    <Name>Lab_HPCC2</Name>
    <VisibleRule>(#1826,$2ne0)</VisibleRule>
    <FontSize>10</FontSize>
    <ForeColor>0,255,0</ForeColor>
    <BackColor>0,0,0</BackColor>
    <Caption>HPCC</Caption>
  </Label>
  <Meter>
    <Left>433</Left>
    <Top>52</Top>
    <Height>16</Height>
    <Width>85</Width>
    <Name>Met_LoadingRate_2</Name>
    <BackColor>255,255,255</BackColor>
    <Type>2</Type>
    <ScaleUp>200</ScaleUp>
    <ScaleLow>0</ScaleLow>
    <ScaleInterval>2</ScaleInterval>
    <SubScaleInterval>0</SubScaleInterval>
    <ScaleColor>0,0,0</ScaleColor>
    <NumberColor>0,0,0</NumberColor>
    <ListItems>
      <Item>
        <UpLmt>100</UpLmt>
        <LowLmt>0</LowLmt>
        <Color>0,255,0</Color>
      </Item>
      <Item>
        <UpLmt>150</UpLmt>
        <LowLmt>100</LowLmt>
        <Color>255,255,0</Color>
      </Item>
      <Item>
        <UpLmt>200</UpLmt>
        <LowLmt>150</LowLmt>
        <Color>255,0,0</Color>
      </Item>
    </ListItems>
    <IntervalTextVisible>False</IntervalTextVisible>
    <Depth>5</Depth>
    <Marks>
      <Values>100,150</Values>
      <TextVisible>False</TextVisible>
    </Marks>
  </Meter>
  <Label>
    <Left>162</Left>
    <Top>1</Top>
    <Height>21</Height>
    <Width>24</Width>
    <Name>Label1</Name>
    <FontSize>10</FontSize>
    <ForeColor>0,255,0</ForeColor>
    <BackColor>0,0,0</BackColor>
    <Caption>F</Caption>
  </Label>
  <Label>
    <Left>162</Left>
    <Top>17</Top>
    <Height>21</Height>
    <Width>24</Width>
    <Name>Label2</Name>
    <FontSize>10</FontSize>
    <ForeColor>0,255,0</ForeColor>
    <BackColor>0,0,0</BackColor>
    <Caption>S</Caption>
  </Label>
  <Label>
    <Left>161</Left>
    <Top>91</Top>
    <Width>18</Width>
    <Height>18</Height>
    <Name>Lab_T_1</Name>
    <FontSize>10</FontSize>
    <ForeColor>0,255,0</ForeColor>
    <BackColor>0,0,0</BackColor>
    <Caption>T</Caption>
  </Label>
  <Label>
    <Left>188</Left>
    <Top>1</Top>
    <Width>77</Width>
    <Height>20</Height>
    <Name>Dis_Feedrate_1</Name>
    <FontSize>10</FontSize>
    <Alignment>0</Alignment>
    <ForeColor>255,255,255</ForeColor>
    <BackColor>0,0,0</BackColor>
    <Caption>
    </Caption>
    <Depth>18</Depth>
  </Label>
  <Label>
    <Left>188</Left>
    <Top>17</Top>
    <Width>51</Width>
    <Height>20</Height>
    <Name>Dis_Spindle_1</Name>
    <FontSize>10</FontSize>
    <Alignment>0</Alignment>
    <ForeColor>255,255,255</ForeColor>
    <BackColor>0,0,0</BackColor>
    <Caption>
    </Caption>
    <Depth>18</Depth>
  </Label>
  <Label>
    <Left>179</Left>
    <Top>91</Top>
    <Width>16</Width>
    <Height>18</Height>
    <Name>Lab_ToolNo_1</Name>
    <FontSize>10</FontSize>
    <Alignment>0</Alignment>
    <ForeColor>255,255,255</ForeColor>
    <BackColor>0,0,0</BackColor>
  </Label>
  <Label>
    <Left>162</Left>
    <Top>34</Top>
    <Width>40</Width>
    <Height>20</Height>
    <Name>Lab_LoadingRate_1</Name>
    <FontSize>10</FontSize>
    <Alignment>1</Alignment>
    <ForeColor>255,255,255</ForeColor>
    <BackColor>0,0,0</BackColor>
    <Caption>
    </Caption>
    <Wrap>True</Wrap>
    <Depth>1</Depth>
    <DisplayFormat>Long</DisplayFormat>
  </Label>
  <Label>
    <Left>203</Left>
    <Top>34</Top>
    <Width>20</Width>
    <Height>20</Height>
    <Name>Label15</Name>
    <FontSize>10</FontSize>
    <Alignment>0</Alignment>
    <ForeColor>0,255,0</ForeColor>
    <BackColor>0,0,0</BackColor>
    <Caption>%</Caption>
    <Wrap>True</Wrap>
    <Depth>0</Depth>
  </Label>
  <Label>
    <Left>194</Left>
    <Top>91</Top>
    <Width>18</Width>
    <Height>18</Height>
    <Name>Lab_D_1</Name>
    <FontSize>10</FontSize>
    <ForeColor>0,255,0</ForeColor>
    <BackColor>0,0,0</BackColor>
    <Caption>D</Caption>
  </Label>
  <Display>
    <Left>213</Left>
    <Top>91</Top>
    <Width>15</Width>
    <Height>18</Height>
    <Name>Dis_D_1</Name>
    <FontSize>10</FontSize>
    <Alignment>0</Alignment>
    <ForeColor>255,255,255</ForeColor>
    <BackColor>0,0,0</BackColor>
    <DisplaySource>#1030,$1</DisplaySource>
  </Display>
  <Label>
    <Left>226</Left>
    <Top>91</Top>
    <Width>18</Width>
    <Height>18</Height>
    <Name>Lab_H_1</Name>
    <FontSize>10</FontSize>
    <ForeColor>0,255,0</ForeColor>
    <BackColor>0,0,0</BackColor>
    <Caption>H</Caption>
  </Label>
  <Display>
    <Left>243</Left>
    <Top>91</Top>
    <Width>16</Width>
    <Height>18</Height>
    <Name>Dis_H_1</Name>
    <FontSize>10</FontSize>
    <Alignment>0</Alignment>
    <ForeColor>255,255,255</ForeColor>
    <BackColor>0,0,0</BackColor>
    <DisplaySource>#1032,$1</DisplaySource>
  </Display>
  <Label>
    <Left>218</Left>
    <Top>34</Top>
    <Width>45</Width>
    <Height>20</Height>
    <Name>Lab_HPCC1</Name>
    <VisibleRule>(#1826,$1ne0)</VisibleRule>
    <FontSize>10</FontSize>
    <ForeColor>0,255,0</ForeColor>
    <BackColor>0,0,0</BackColor>
    <Caption>HPCC</Caption>
  </Label>
  <Meter>
    <Left>162</Left>
    <Top>52</Top>
    <Height>16</Height>
    <Width>85</Width>
    <Name>Met_LoadingRate_1</Name>
    <BackColor>255,255,255</BackColor>
    <Type>2</Type>
    <ScaleUp>200</ScaleUp>
    <ScaleLow>0</ScaleLow>
    <ScaleInterval>2</ScaleInterval>
    <SubScaleInterval>0</SubScaleInterval>
    <ScaleColor>0,0,0</ScaleColor>
    <NumberColor>0,0,0</NumberColor>
    <ListItems>
      <Item>
        <UpLmt>100</UpLmt>
        <LowLmt>0</LowLmt>
        <Color>0,255,0</Color>
      </Item>
      <Item>
        <UpLmt>150</UpLmt>
        <LowLmt>100</LowLmt>
        <Color>255,255,0</Color>
      </Item>
      <Item>
        <UpLmt>200</UpLmt>
        <LowLmt>150</LowLmt>
        <Color>255,0,0</Color>
      </Item>
    </ListItems>
    <IntervalTextVisible>False</IntervalTextVisible>
    <Depth>5</Depth>
    <Marks>
      <Values>100,150</Values>
      <TextVisible>False</TextVisible>
    </Marks>
  </Meter>
  <Label>
    <Left>696</Left>
    <Top>72</Top>
    <Width>50</Width>
    <Height>20</Height>
    <Name>Lab_BP3</Name>
    <Alignment>0</Alignment>
    <ForeColor>0,255,0</ForeColor>
    <BackColor>0,0,0</BackColor>
    <Caption>STR::Browser::MonitorSTDData::Caption::Lab_StartNo::StartBlockNo</Caption>
    <Wrap>True</Wrap>
    <Depth>66</Depth>
  </Label>
  <Input>
    <Left>749</Left>
    <Top>71</Top>
    <Width>43</Width>
    <Height>20</Height>
    <Name>Inp_NLabelValue_3</Name>
    <FontSize>12</FontSize>
    <Alignment>1</Alignment>
    <BorderStyle>1</BorderStyle>
    <ForeColor>255,255,255</ForeColor>
    <BackColor>0,0,0</BackColor>
    <InputFormat>String</InputFormat>
    <EmptyVal>ignor</EmptyVal>
    <Depth>76</Depth>
  </Input>
  <Label>
    <Left>432</Left>
    <Top>72</Top>
    <Width>50</Width>
    <Height>20</Height>
    <Name>Lab_BP2</Name>
    <Alignment>0</Alignment>
    <ForeColor>0,255,0</ForeColor>
    <BackColor>0,0,0</BackColor>
    <Caption>STR::Browser::MonitorSTDData::Caption::Lab_StartNo::StartBlockNo</Caption>
    <Wrap>True</Wrap>
    <Depth>66</Depth>
  </Label>
  <Input>
    <Left>484</Left>
    <Top>71</Top>
    <Width>44</Width>
    <Height>20</Height>
    <Name>Inp_NLabelValue_2</Name>
    <FontSize>12</FontSize>
    <Alignment>1</Alignment>
    <BorderStyle>1</BorderStyle>
    <ForeColor>255,255,255</ForeColor>
    <BackColor>0,0,0</BackColor>
    <InputFormat>String</InputFormat>
    <EmptyVal>ignor</EmptyVal>
    <Depth>76</Depth>
  </Input>
  <Label>
    <Left>162</Left>
    <Top>72</Top>
    <Width>50</Width>
    <Height>20</Height>
    <Name>Lab_BP1</Name>
    <Alignment>0</Alignment>
    <ForeColor>0,255,0</ForeColor>
    <BackColor>0,0,0</BackColor>
    <Caption>STR::Browser::MonitorSTDData::Caption::Lab_StartNo::StartBlockNo</Caption>
    <Wrap>True</Wrap>
    <Depth>66</Depth>
  </Label>
  <Input>
    <Left>214</Left>
    <Top>71</Top>
    <Width>44</Width>
    <Height>20</Height>
    <Name>Inp_NLabelValue_1</Name>
    <FontSize>12</FontSize>
    <Alignment>1</Alignment>
    <BorderStyle>1</BorderStyle>
    <ForeColor>255,255,255</ForeColor>
    <BackColor>0,0,0</BackColor>
    <InputFormat>String</InputFormat>
    <EmptyVal>ignor</EmptyVal>
    <Depth>76</Depth>
  </Input>
  <!--  Monitor Backgnd layout setting -->
  <!--  Monitor Status setting -->
  <!--MonitorCoord-->
</Screen>