﻿<?xml version="1.0" encoding="UTF-8"?>
<!--Created by 'eHMI'version2.2.32-->
<!--BROWSER SIZE|H:600|W:800-->
<Screen>
  <Name>_MonSTDData</Name>
  <Width>800</Width>
  <Height>470</Height>
  <Panel>
    <Left>400</Left>
    <Top>289</Top>
    <Width>200</Width>
    <Height>181</Height>
    <Name>Pan_RunProgram_3</Name>
    <BorderColor>255,255,255</BorderColor>
    <ForeColor>0,0,0</ForeColor>
    <BackColor>0,0,0</BackColor>
    <Caption>
    </Caption>
    <Depth>38</Depth>
  </Panel>
  <Panel>
    <Left>602</Left>
    <Top>151</Top>
    <Width>200</Width>
    <Height>138</Height>
    <Name>Pan_RunSimulation_4</Name>
    <BorderStyle>0</BorderStyle>
    <ForeColor>122,22,22</ForeColor>
    <BackColor>0,0,0</BackColor>
    <Caption>
    </Caption>
    <Depth>40</Depth>
    <Show_Simu>TRUE</Show_Simu>
    <Show_Prog>False</Show_Prog>
  </Panel>
  <Panel>
    <Left>0</Left>
    <Top>289</Top>
    <Width>200</Width>
    <Height>181</Height>
    <Name>Pan_RunProgram_1</Name>
    <ForeColor>0,0,0</ForeColor>
    <BackColor>0,0,0</BackColor>
    <Caption>
    </Caption>
  </Panel>
  <CoordBox>
    <Left>415</Left>
    <Top>-2</Top>
    <Width>136</Width>
    <Height>90</Height>
    <Name>CoordBox3</Name>
    <FontSize>12</FontSize>
    <Alignment>0</Alignment>
    <ForeColor>0,255,0</ForeColor>
    <BackColor>0,0,0</BackColor>
    <PageSize>4</PageSize>
    <CoordType>2</CoordType>
    <LForeColor>0,255,0</LForeColor>
    <LBackColor>0,0,0</LBackColor>
    <LFontSize>12</LFontSize>
    <LBorderStyle>0</LBorderStyle>
    <VForeColor>255,255,255</VForeColor>
    <VBackColor>0,0,0</VBackColor>
    <VFontSize>12</VFontSize>
    <AxisGroupSource>4</AxisGroupSource>
    <VBorderStyle>0</VBorderStyle>
    <AxisNotHomeColor>255,255,255</AxisNotHomeColor>
    <AxisSelectedColor>255,255,255</AxisSelectedColor>
  </CoordBox>
  <Panel>
    <Left>400</Left>
    <Top>-2</Top>
    <Width>200</Width>
    <Height>99</Height>
    <Name>Pan_RunCBox_3</Name>
    <BackColor>0,0,0</BackColor>
    <Caption>
    </Caption>
    <Depth>37</Depth>
  </Panel>
  <Panel>
    <Left>400</Left>
    <Top>97</Top>
    <Width>200</Width>
    <Height>54</Height>
    <Name>Pan_RunSubStatus_3</Name>
    <BorderColor>255,255,255</BorderColor>
    <ForeColor>0,0,0</ForeColor>
    <BackColor>0,0,0</BackColor>
    <Caption>
    </Caption>
    <Depth>37</Depth>
  </Panel>
  <Panel>
    <Left>401</Left>
    <Top>151</Top>
    <Width>198</Width>
    <Height>138</Height>
    <Name>Pan_RunSimulation_3</Name>
    <BackColor>0,0,0</BackColor>
    <Caption>
    </Caption>
  </Panel>
  <Panel>
    <Left>600</Left>
    <Top>97</Top>
    <Width>200</Width>
    <Height>54</Height>
    <Name>Pan_RunSubStatus_4</Name>
    <BorderColor>255,255,255</BorderColor>
    <ForeColor>0,0,0</ForeColor>
    <BackColor>0,0,0</BackColor>
    <Caption>
    </Caption>
    <Depth>37</Depth>
  </Panel>
  <Panel>
    <Left>600</Left>
    <Top>-2</Top>
    <Width>200</Width>
    <Height>99</Height>
    <Name>Pan_RunCBox_4</Name>
    <BackColor>0,0,0</BackColor>
    <Caption>
    </Caption>
    <Depth>37</Depth>
  </Panel>
  <CoordBox>
    <Left>615</Left>
    <Top>-2</Top>
    <Width>136</Width>
    <Height>90</Height>
    <Name>CoordBox4</Name>
    <FontSize>12</FontSize>
    <Alignment>0</Alignment>
    <ForeColor>0,255,0</ForeColor>
    <BackColor>0,0,0</BackColor>
    <PageSize>4</PageSize>
    <CoordType>2</CoordType>
    <LForeColor>0,255,0</LForeColor>
    <LBackColor>0,0,0</LBackColor>
    <LFontSize>12</LFontSize>
    <LBorderStyle>0</LBorderStyle>
    <VForeColor>255,255,255</VForeColor>
    <VBackColor>0,0,0</VBackColor>
    <VFontSize>12</VFontSize>
    <AxisGroupSource>8</AxisGroupSource>
    <VBorderStyle>0</VBorderStyle>
    <AxisNotHomeColor>255,255,255</AxisNotHomeColor>
    <AxisSelectedColor>255,255,255</AxisSelectedColor>
  </CoordBox>
  <Panel>
    <Left>0</Left>
    <Top>-2</Top>
    <Width>200</Width>
    <Height>99</Height>
    <Name>Pan_RunCBox_1</Name>
    <BackColor>0,0,0</BackColor>
    <Caption>
    </Caption>
    <Depth>37</Depth>
  </Panel>
  <CoordBox>
    <Left>15</Left>
    <Top>-2</Top>
    <Width>136</Width>
    <Height>90</Height>
    <Name>CoordBox1</Name>
    <FontSize>12</FontSize>
    <Alignment>0</Alignment>
    <ForeColor>0,255,0</ForeColor>
    <BackColor>0,0,0</BackColor>
    <PageSize>4</PageSize>
    <CoordType>2</CoordType>
    <LForeColor>0,255,0</LForeColor>
    <LBackColor>0,0,0</LBackColor>
    <LFontSize>12</LFontSize>
    <LBorderStyle>0</LBorderStyle>
    <VForeColor>255,255,255</VForeColor>
    <VBackColor>0,0,0</VBackColor>
    <VFontSize>12</VFontSize>
    <AxisGroupSource>1</AxisGroupSource>
    <VBorderStyle>0</VBorderStyle>
    <AxisNotHomeColor>255,255,255</AxisNotHomeColor>
    <AxisSelectedColor>255,255,255</AxisSelectedColor>
  </CoordBox>
  <Panel>
    <Left>0</Left>
    <Top>97</Top>
    <Width>200</Width>
    <Height>54</Height>
    <Name>Pan_RunSubStatus_1</Name>
    <BorderColor>255,255,255</BorderColor>
    <ForeColor>0,0,0</ForeColor>
    <BackColor>0,0,0</BackColor>
    <Caption>
    </Caption>
    <Depth>37</Depth>
  </Panel>
  <Panel>
    <Left>200</Left>
    <Top>97</Top>
    <Width>200</Width>
    <Height>54</Height>
    <Name>Pan_RunSubStatus_2</Name>
    <BorderColor>255,255,255</BorderColor>
    <ForeColor>0,0,0</ForeColor>
    <BackColor>0,0,0</BackColor>
    <Caption>
    </Caption>
    <Depth>37</Depth>
  </Panel>
  <Panel>
    <Left>200</Left>
    <Top>-2</Top>
    <Width>200</Width>
    <Height>99</Height>
    <Name>Pan_RunCBox_2</Name>
    <BackColor>0,0,0</BackColor>
    <Caption>
    </Caption>
    <Depth>37</Depth>
  </Panel>
  <CoordBox>
    <Left>215</Left>
    <Top>-2</Top>
    <Width>136</Width>
    <Height>90</Height>
    <Name>CoordBox2</Name>
    <FontSize>12</FontSize>
    <Alignment>0</Alignment>
    <ForeColor>0,255,0</ForeColor>
    <BackColor>0,0,0</BackColor>
    <PageSize>4</PageSize>
    <CoordType>2</CoordType>
    <LForeColor>0,255,0</LForeColor>
    <LBackColor>0,0,0</LBackColor>
    <LFontSize>12</LFontSize>
    <LBorderStyle>0</LBorderStyle>
    <VForeColor>255,255,255</VForeColor>
    <VBackColor>0,0,0</VBackColor>
    <VFontSize>12</VFontSize>
    <AxisGroupSource>2</AxisGroupSource>
    <VBorderStyle>0</VBorderStyle>
    <AxisNotHomeColor>255,255,255</AxisNotHomeColor>
    <AxisSelectedColor>255,255,255</AxisSelectedColor>
  </CoordBox>
  <Panel>
    <Left>0</Left>
    <Top>151</Top>
    <Width>199</Width>
    <Height>138</Height>
    <Name>Pan_RunSimulation_1</Name>
    <BackColor>0,0,0</BackColor>
    <Caption>
    </Caption>
  </Panel>
  <Panel>
    <Left>201</Left>
    <Top>151</Top>
    <Width>198</Width>
    <Height>138</Height>
    <Name>Pan_RunSimulation_2</Name>
    <BorderStyle>0</BorderStyle>
    <ForeColor>122,22,22</ForeColor>
    <BackColor>0,0,0</BackColor>
    <Caption>
    </Caption>
    <Depth>40</Depth>
    <Show_Simu>TRUE</Show_Simu>
    <Show_Prog>False</Show_Prog>
  </Panel>
  <Meter>
    <Left>70</Left>
    <Top>117</Top>
    <Height>15</Height>
    <Width>80</Width>
    <Name>Met_LoadingRate_1</Name>
    <BackColor>255,255,255</BackColor>
    <Type>2</Type>
    <ScaleUp>200</ScaleUp>
    <ScaleLow>0</ScaleLow>
    <ScaleInterval>2</ScaleInterval>
    <SubScaleInterval>0</SubScaleInterval>
    <ScaleColor>0,0,0</ScaleColor>
    <NumberColor>0,0,0</NumberColor>
    <ListItems>
      <Item>
        <UpLmt>100</UpLmt>
        <LowLmt>0</LowLmt>
        <Color>0,255,0</Color>
      </Item>
      <Item>
        <UpLmt>150</UpLmt>
        <LowLmt>100</LowLmt>
        <Color>255,255,0</Color>
      </Item>
      <Item>
        <UpLmt>200</UpLmt>
        <LowLmt>150</LowLmt>
        <Color>255,0,0</Color>
      </Item>
    </ListItems>
    <IntervalTextVisible>False</IntervalTextVisible>
    <Depth>5</Depth>
    <Marks>
      <Values>100,150</Values>
      <TextVisible>False</TextVisible>
    </Marks>
  </Meter>
  <Meter>
    <Left>271</Left>
    <Top>117</Top>
    <Height>15</Height>
    <Width>80</Width>
    <Name>Met_LoadingRate_2</Name>
    <BackColor>255,255,255</BackColor>
    <Type>2</Type>
    <ScaleUp>200</ScaleUp>
    <ScaleLow>0</ScaleLow>
    <ScaleInterval>2</ScaleInterval>
    <SubScaleInterval>0</SubScaleInterval>
    <ScaleColor>0,0,0</ScaleColor>
    <NumberColor>0,0,0</NumberColor>
    <ListItems>
      <Item>
        <UpLmt>100</UpLmt>
        <LowLmt>0</LowLmt>
        <Color>0,255,0</Color>
      </Item>
      <Item>
        <UpLmt>150</UpLmt>
        <LowLmt>100</LowLmt>
        <Color>255,255,0</Color>
      </Item>
      <Item>
        <UpLmt>200</UpLmt>
        <LowLmt>150</LowLmt>
        <Color>255,0,0</Color>
      </Item>
    </ListItems>
    <IntervalTextVisible>False</IntervalTextVisible>
    <Depth>5</Depth>
    <Marks>
      <Values>100,150</Values>
      <TextVisible>False</TextVisible>
    </Marks>
  </Meter>
  <Meter>
    <Left>470</Left>
    <Top>117</Top>
    <Height>15</Height>
    <Width>80</Width>
    <Name>Met_LoadingRate_3</Name>
    <BackColor>255,255,255</BackColor>
    <Type>2</Type>
    <ScaleUp>200</ScaleUp>
    <ScaleLow>0</ScaleLow>
    <ScaleInterval>2</ScaleInterval>
    <SubScaleInterval>0</SubScaleInterval>
    <ScaleColor>0,0,0</ScaleColor>
    <NumberColor>0,0,0</NumberColor>
    <ListItems>
      <Item>
        <UpLmt>100</UpLmt>
        <LowLmt>0</LowLmt>
        <Color>0,255,0</Color>
      </Item>
      <Item>
        <UpLmt>150</UpLmt>
        <LowLmt>100</LowLmt>
        <Color>255,255,0</Color>
      </Item>
      <Item>
        <UpLmt>200</UpLmt>
        <LowLmt>150</LowLmt>
        <Color>255,0,0</Color>
      </Item>
    </ListItems>
    <IntervalTextVisible>False</IntervalTextVisible>
    <Depth>5</Depth>
    <Marks>
      <Values>100,150</Values>
      <TextVisible>False</TextVisible>
    </Marks>
  </Meter>
  <Meter>
    <Left>670</Left>
    <Top>117</Top>
    <Height>15</Height>
    <Width>80</Width>
    <Name>Met_LoadingRate_4</Name>
    <BackColor>255,255,255</BackColor>
    <Type>2</Type>
    <ScaleUp>200</ScaleUp>
    <ScaleLow>0</ScaleLow>
    <ScaleInterval>2</ScaleInterval>
    <SubScaleInterval>0</SubScaleInterval>
    <ScaleColor>0,0,0</ScaleColor>
    <NumberColor>0,0,0</NumberColor>
    <ListItems>
      <Item>
        <UpLmt>100</UpLmt>
        <LowLmt>0</LowLmt>
        <Color>0,255,0</Color>
      </Item>
      <Item>
        <UpLmt>150</UpLmt>
        <LowLmt>100</LowLmt>
        <Color>255,255,0</Color>
      </Item>
      <Item>
        <UpLmt>200</UpLmt>
        <LowLmt>150</LowLmt>
        <Color>255,0,0</Color>
      </Item>
    </ListItems>
    <IntervalTextVisible>False</IntervalTextVisible>
    <Depth>5</Depth>
    <Marks>
      <Values>100,150</Values>
      <TextVisible>False</TextVisible>
    </Marks>
  </Meter>
  <Label>
    <Left>148</Left>
    <Top>117</Top>
    <Width>33</Width>
    <Name>Lab_LoadingRate_1</Name>
    <Alignment>1</Alignment>
    <ForeColor>255,255,255</ForeColor>
    <BackColor>0,0,0</BackColor>
    <Caption>
    </Caption>
    <Wrap>True</Wrap>
    <Depth>1</Depth>
    <DisplayFormat>Long</DisplayFormat>
  </Label>
  <Label>
    <Left>3</Left>
    <Top>100</Top>
    <Height>18</Height>
    <Width>20</Width>
    <Name>Lab_FeedTitle1</Name>
    <FontSize>10</FontSize>
    <ForeColor>0,255,0</ForeColor>
    <BackColor>0,0,0</BackColor>
    <Caption>F</Caption>
  </Label>
  <Label>
    <Left>3</Left>
    <Top>117</Top>
    <Height>18</Height>
    <Width>20</Width>
    <Name>Lab_SpindleTitle1</Name>
    <FontSize>10</FontSize>
    <ForeColor>0,255,0</ForeColor>
    <BackColor>0,0,0</BackColor>
    <Caption>S</Caption>
  </Label>
  <Label>
    <Left>24</Left>
    <Top>99</Top>
    <Height>18</Height>
    <Width>75</Width>
    <Name>Dis_Feedrate_1</Name>
    <FontSize>10</FontSize>
    <Alignment>0</Alignment>
    <ForeColor>255,255,255</ForeColor>
    <BackColor>0,0,0</BackColor>
    <Caption>
    </Caption>
    <Depth>18</Depth>
  </Label>
  <Label>
    <Left>24</Left>
    <Top>117</Top>
    <Height>18</Height>
    <Width>45</Width>
    <Name>Dis_Spindle_1</Name>
    <FontSize>10</FontSize>
    <Alignment>0</Alignment>
    <ForeColor>255,255,255</ForeColor>
    <BackColor>0,0,0</BackColor>
    <Caption>
    </Caption>
    <Depth>18</Depth>
  </Label>
  <Label>
    <Left>181</Left>
    <Top>117</Top>
    <Height>18</Height>
    <Width>15</Width>
    <Name>Lab_Percent1</Name>
    <Alignment>0</Alignment>
    <ForeColor>0,255,0</ForeColor>
    <BackColor>0,0,0</BackColor>
    <Caption>%</Caption>
    <Wrap>True</Wrap>
    <Depth>0</Depth>
  </Label>
  <Label>
    <Left>145</Left>
    <Top>131</Top>
    <Height>18</Height>
    <Width>49</Width>
    <Name>Lab_HPCC1</Name>
    <FontSize>10</FontSize>
	<VisibleRule>(#1826,$1ne0)</VisibleRule>
    <ForeColor>0,255,0</ForeColor>
    <BackColor>0,0,0</BackColor>
    <Caption>HPCC</Caption>
  </Label>
  <Label>
    <Left>3</Left>
    <Top>131</Top>
    <Height>18</Height>
    <Width>20</Width>
    <Name>Lab_T_1</Name>
    <FontSize>10</FontSize>
    <ForeColor>0,255,0</ForeColor>
    <BackColor>0,0,0</BackColor>
    <Caption>T</Caption>
  </Label>
  <!-- update in MMI, due to ISSUE-10058 -->
  <Label>
    <Left>22</Left>
    <Top>131</Top>
    <Height>18</Height>
    <Width>26</Width>
    <Name>Lab_ToolNo_1</Name>
    <FontSize>10</FontSize>
    <Alignment>0</Alignment>
    <ForeColor>255,255,255</ForeColor>
    <BackColor>0,0,0</BackColor>
  </Label>
  <Label>
    <Left>49</Left>
    <Top>131</Top>
    <Height>18</Height>
    <Width>20</Width>
    <Name>Lab_D_1</Name>
    <FontSize>10</FontSize>
    <ForeColor>0,255,0</ForeColor>
    <BackColor>0,0,0</BackColor>
    <Caption>D</Caption>
  </Label>
  <Display>
    <Left>68</Left>
    <Top>131</Top>
    <Height>18</Height>
    <Width>26</Width>
    <Name>Dis_D_1</Name>
    <FontSize>10</FontSize>
    <Alignment>0</Alignment>
    <ForeColor>255,255,255</ForeColor>
    <BackColor>0,0,0</BackColor>
    <DisplaySource>#1030,$1</DisplaySource>
  </Display>
  <Label>
    <Left>94</Left>
    <Top>131</Top>
    <Height>18</Height>
    <Width>20</Width>
    <Name>Lab_H_1</Name>
    <FontSize>10</FontSize>
    <ForeColor>0,255,0</ForeColor>
    <BackColor>0,0,0</BackColor>
    <Caption>H</Caption>
  </Label>
  <Display>
    <Left>114</Left>
    <Top>131</Top>
    <Height>18</Height>
    <Width>26</Width>
    <Name>Dis_H_1</Name>
    <FontSize>10</FontSize>
    <Alignment>0</Alignment>
    <ForeColor>255,255,255</ForeColor>
    <BackColor>0,0,0</BackColor>
    <DisplaySource>#1032,$1</DisplaySource>
  </Display>
  <Label>
    <Left>350</Left>
    <Top>117</Top>
    <Height>18</Height>
    <Width>33</Width>
    <Name>Lab_LoadingRate_2</Name>
    <Alignment>1</Alignment>
    <ForeColor>255,255,255</ForeColor>
    <BackColor>0,0,0</BackColor>
    <Caption>
    </Caption>
    <Wrap>True</Wrap>
    <Depth>1</Depth>
    <DisplayFormat>Long</DisplayFormat>
  </Label>
  <Label>
    <Left>205</Left>
    <Top>100</Top>
    <Height>18</Height>
    <Width>20</Width>
    <Name>Lab_FeedTitle2</Name>
    <FontSize>10</FontSize>
    <ForeColor>0,255,0</ForeColor>
    <BackColor>0,0,0</BackColor>
    <Caption>F</Caption>
  </Label>
  <Label>
    <Left>205</Left>
    <Top>117</Top>
    <Height>18</Height>
    <Width>20</Width>
    <Name>Lab_SpindleTitle2</Name>
    <FontSize>10</FontSize>
    <ForeColor>0,255,0</ForeColor>
    <BackColor>0,0,0</BackColor>
    <Caption>S</Caption>
  </Label>
  <Label>
    <Left>226</Left>
    <Top>100</Top>
    <Height>18</Height>
    <Width>75</Width>
    <Name>Dis_Feedrate_2</Name>
    <FontSize>10</FontSize>
    <Alignment>0</Alignment>
    <ForeColor>255,255,255</ForeColor>
    <BackColor>0,0,0</BackColor>
    <Caption>
    </Caption>
    <Depth>18</Depth>
  </Label>
  <Label>
    <Left>226</Left>
    <Top>117</Top>
    <Height>18</Height>
    <Width>45</Width>
    <Name>Dis_Spindle_2</Name>
    <FontSize>10</FontSize>
    <Alignment>0</Alignment>
    <ForeColor>255,255,255</ForeColor>
    <BackColor>0,0,0</BackColor>
    <Caption>
    </Caption>
    <Depth>18</Depth>
  </Label>
  <Label>
    <Left>383</Left>
    <Top>117</Top>
    <Height>18</Height>
    <Width>15</Width>
    <Name>Lab_Percent2</Name>
    <Alignment>0</Alignment>
    <ForeColor>0,255,0</ForeColor>
    <BackColor>0,0,0</BackColor>
    <Caption>%</Caption>
    <Wrap>True</Wrap>
    <Depth>0</Depth>
  </Label>
  <Label>
    <Left>347</Left>
    <Top>131</Top>
    <Height>18</Height>
    <Width>49</Width>
    <Name>Lab_HPCC2</Name>
    <FontSize>10</FontSize>
	<VisibleRule>(#1826,$2ne0)</VisibleRule>
    <ForeColor>0,255,0</ForeColor>
    <BackColor>0,0,0</BackColor>
    <Caption>HPCC</Caption>
  </Label>
  <Label>
    <Left>205</Left>
    <Top>131</Top>
    <Height>18</Height>
    <Width>20</Width>
    <Name>Lab_T_2</Name>
    <FontSize>10</FontSize>
    <ForeColor>0,255,0</ForeColor>
    <BackColor>0,0,0</BackColor>
    <Caption>T</Caption>
  </Label>
  <Label>
    <Left>224</Left>
    <Top>131</Top>
    <Height>18</Height>
    <Width>26</Width>
    <Name>Lab_ToolNo_2</Name>
    <FontSize>10</FontSize>
    <Alignment>0</Alignment>
    <ForeColor>255,255,255</ForeColor>
    <BackColor>0,0,0</BackColor>
  </Label>
  <Label>
    <Left>251</Left>
    <Top>131</Top>
    <Height>18</Height>
    <Width>20</Width>
    <Name>Lab_D_2</Name>
    <FontSize>10</FontSize>
    <ForeColor>0,255,0</ForeColor>
    <BackColor>0,0,0</BackColor>
    <Caption>D</Caption>
  </Label>
  <Display>
    <Left>272</Left>
    <Top>131</Top>
    <Height>18</Height>
    <Width>26</Width>
    <Name>Dis_D_2</Name>
    <FontSize>10</FontSize>
    <Alignment>0</Alignment>
    <ForeColor>255,255,255</ForeColor>
    <BackColor>0,0,0</BackColor>
    <DisplaySource>#1030,$2</DisplaySource>
  </Display>
  <Label>
    <Left>300</Left>
    <Top>131</Top>
    <Height>18</Height>
    <Width>20</Width>
    <Name>Lab_H_2</Name>
    <FontSize>10</FontSize>
    <ForeColor>0,255,0</ForeColor>
    <BackColor>0,0,0</BackColor>
    <Caption>H</Caption>
  </Label>
  <Display>
    <Left>322</Left>
    <Top>131</Top>
    <Height>18</Height>
    <Width>26</Width>
    <Name>Dis_H_2</Name>
    <FontSize>10</FontSize>
    <Alignment>0</Alignment>
    <ForeColor>255,255,255</ForeColor>
    <BackColor>0,0,0</BackColor>
    <DisplaySource>#1032,$2</DisplaySource>
  </Display>
  <Label>
    <Left>549</Left>
    <Top>117</Top>
    <Height>18</Height>
    <Width>33</Width>
    <Name>Lab_LoadingRate_3</Name>
    <Alignment>1</Alignment>
    <ForeColor>255,255,255</ForeColor>
    <BackColor>0,0,0</BackColor>
    <Caption>
    </Caption>
    <Wrap>True</Wrap>
    <Depth>1</Depth>
    <DisplayFormat>Long</DisplayFormat>
  </Label>
  <Label>
    <Left>404</Left>
    <Top>100</Top>
    <Height>18</Height>
    <Width>20</Width>
    <Name>Lab_FeedTitle3</Name>
    <FontSize>10</FontSize>
    <ForeColor>0,255,0</ForeColor>
    <BackColor>0,0,0</BackColor>
    <Caption>F</Caption>
  </Label>
  <Label>
    <Left>404</Left>
    <Top>117</Top>
    <Height>18</Height>
    <Width>20</Width>
    <Name>Lab_SpindleTitle3</Name>
    <FontSize>10</FontSize>
    <ForeColor>0,255,0</ForeColor>
    <BackColor>0,0,0</BackColor>
    <Caption>S</Caption>
  </Label>
  <Label>
    <Left>425</Left>
    <Top>100</Top>
    <Height>18</Height>
    <Width>75</Width>
    <Name>Dis_Feedrate_3</Name>
    <FontSize>10</FontSize>
    <Alignment>0</Alignment>
    <ForeColor>255,255,255</ForeColor>
    <BackColor>0,0,0</BackColor>
    <Caption>
    </Caption>
    <Depth>18</Depth>
  </Label>
  <Label>
    <Left>425</Left>
    <Top>117</Top>
    <Height>18</Height>
    <Width>45</Width>
    <Name>Dis_Spindle_3</Name>
    <FontSize>10</FontSize>
    <Alignment>0</Alignment>
    <ForeColor>255,255,255</ForeColor>
    <BackColor>0,0,0</BackColor>
    <Caption>
    </Caption>
    <Depth>18</Depth>
  </Label>
  <Label>
    <Left>582</Left>
    <Top>117</Top>
    <Height>18</Height>
    <Width>15</Width>
    <Name>Lab_Percent3</Name>
    <Alignment>0</Alignment>
    <ForeColor>0,255,0</ForeColor>
    <BackColor>0,0,0</BackColor>
    <Caption>%</Caption>
    <Wrap>True</Wrap>
    <Depth>0</Depth>
  </Label>
  <Label>
    <Left>550</Left>
    <Top>131</Top>
    <Height>18</Height>
    <Width>49</Width>
    <Name>Lab_HPCC3</Name>
    <FontSize>10</FontSize>
	<VisibleRule>(#1826,$3ne0)</VisibleRule>
    <ForeColor>0,255,0</ForeColor>
    <BackColor>0,0,0</BackColor>
    <Caption>HPCC</Caption>
  </Label>
  <Label>
    <Left>404</Left>
    <Top>131</Top>
    <Height>18</Height>
    <Width>20</Width>
    <Name>Lab_T_3</Name>
    <FontSize>10</FontSize>
    <ForeColor>0,255,0</ForeColor>
    <BackColor>0,0,0</BackColor>
    <Caption>T</Caption>
  </Label>
  <Label>
    <Left>423</Left>
    <Top>131</Top>
    <Height>18</Height>
    <Width>26</Width>
    <Name>Lab_ToolNo_3</Name>
    <FontSize>10</FontSize>
    <Alignment>0</Alignment>
    <ForeColor>255,255,255</ForeColor>
    <BackColor>0,0,0</BackColor>
  </Label>
  <Label>
    <Left>450</Left>
    <Top>131</Top>
    <Height>18</Height>
    <Width>20</Width>
    <Name>Lab_D_3</Name>
    <FontSize>10</FontSize>
    <ForeColor>0,255,0</ForeColor>
    <BackColor>0,0,0</BackColor>
    <Caption>D</Caption>
  </Label>
  <Display>
    <Left>471</Left>
    <Top>131</Top>
    <Height>18</Height>
    <Width>26</Width>
    <Name>Dis_D_3</Name>
    <FontSize>10</FontSize>
    <Alignment>0</Alignment>
    <ForeColor>255,255,255</ForeColor>
    <BackColor>0,0,0</BackColor>
    <DisplaySource>#1030,$3</DisplaySource>
  </Display>
  <Label>
    <Left>499</Left>
    <Top>131</Top>
    <Height>18</Height>
    <Width>20</Width>
    <Name>Lab_H_3</Name>
    <FontSize>10</FontSize>
    <ForeColor>0,255,0</ForeColor>
    <BackColor>0,0,0</BackColor>
    <Caption>H</Caption>
  </Label>
  <Display>
    <Left>519</Left>
    <Top>131</Top>
    <Height>18</Height>
    <Width>26</Width>    
    <Name>Dis_H_3</Name>
    <FontSize>10</FontSize>
    <Alignment>0</Alignment>
    <ForeColor>255,255,255</ForeColor>
    <BackColor>0,0,0</BackColor>
    <DisplaySource>#1032,$3</DisplaySource>
  </Display>
  <Label>
    <Left>749</Left>
    <Top>117</Top>
    <Height>18</Height>
    <Width>33</Width>
    <Name>Lab_LoadingRate_4</Name>
    <Alignment>1</Alignment>
    <ForeColor>255,255,255</ForeColor>
    <BackColor>0,0,0</BackColor>
    <Caption>
    </Caption>
    <Wrap>True</Wrap>
    <Depth>1</Depth>
    <DisplayFormat>Long</DisplayFormat>
  </Label>
  <Label>
    <Left>604</Left>
    <Top>100</Top>
    <Height>18</Height>
    <Width>20</Width>
    <Name>Lab_FeedTitle4</Name>
    <FontSize>10</FontSize>
    <ForeColor>0,255,0</ForeColor>
    <BackColor>0,0,0</BackColor>
    <Caption>F</Caption>
  </Label>
  <Label>
    <Left>604</Left>
    <Top>117</Top>
    <Height>18</Height>
    <Width>20</Width>
    <Name>Lab_SpindleTitle4</Name>
    <FontSize>10</FontSize>
    <ForeColor>0,255,0</ForeColor>
    <BackColor>0,0,0</BackColor>
    <Caption>S</Caption>
  </Label>
  <Label>
    <Left>625</Left>
    <Top>100</Top>
    <Height>18</Height>
    <Width>75</Width>
    <Name>Dis_Feedrate_4</Name>
    <FontSize>10</FontSize>
    <Alignment>0</Alignment>
    <ForeColor>255,255,255</ForeColor>
    <BackColor>0,0,0</BackColor>
    <Caption>
    </Caption>
    <Depth>18</Depth>
  </Label>
  <Label>
    <Left>625</Left>
    <Top>117</Top>
    <Height>18</Height>
    <Width>45</Width>
    <Name>Dis_Spindle_4</Name>
    <FontSize>10</FontSize>
    <Alignment>0</Alignment>
    <ForeColor>255,255,255</ForeColor>
    <BackColor>0,0,0</BackColor>
    <Caption>
    </Caption>
    <Depth>18</Depth>
  </Label>
  <Label>
    <Left>782</Left>
    <Top>117</Top>
    <Height>18</Height>
    <Width>15</Width>
    <Name>Lab_Percent4</Name>
    <Alignment>0</Alignment>
    <ForeColor>0,255,0</ForeColor>
    <BackColor>0,0,0</BackColor>
    <Caption>%</Caption>
    <Wrap>True</Wrap>
    <Depth>0</Depth>
  </Label>
  <Label>
    <Left>747</Left>
    <Top>131</Top>
    <Height>18</Height>
    <Width>49</Width>
    <Name>Lab_HPCC4</Name>
    <FontSize>10</FontSize>
	<VisibleRule>(#1826,$4ne0)</VisibleRule>
    <ForeColor>0,255,0</ForeColor>
    <BackColor>0,0,0</BackColor>
    <Caption>HPCC</Caption>
  </Label>
  <Label>
    <Left>604</Left>
    <Top>131</Top>
    <Height>18</Height>
    <Width>20</Width>
    <Name>Lab_T_4</Name>
    <FontSize>10</FontSize>
    <ForeColor>0,255,0</ForeColor>
    <BackColor>0,0,0</BackColor>
    <Caption>T</Caption>
  </Label>
  <Label>
    <Left>623</Left>
    <Top>131</Top>
    <Height>18</Height>
    <Width>26</Width>
    <Name>Lab_ToolNo_4</Name>
    <FontSize>10</FontSize>
    <Alignment>0</Alignment>
    <ForeColor>255,255,255</ForeColor>
    <BackColor>0,0,0</BackColor>
  </Label>
  <Label>
    <Left>650</Left>
    <Top>131</Top>
    <Height>18</Height>
    <Width>20</Width>
    <Name>Lab_D_4</Name>
    <FontSize>10</FontSize>
    <ForeColor>0,255,0</ForeColor>
    <BackColor>0,0,0</BackColor>
    <Caption>D</Caption>
  </Label>
  <Display>
    <Left>672</Left>
    <Top>131</Top>
    <Height>18</Height>
    <Width>26</Width>
    <Name>Dis_D_4</Name>
    <FontSize>10</FontSize>
    <Alignment>0</Alignment>
    <ForeColor>255,255,255</ForeColor>
    <BackColor>0,0,0</BackColor>
    <DisplaySource>#1030,$4</DisplaySource>
  </Display>
  <Label>
    <Left>699</Left>
    <Top>131</Top>
    <Height>18</Height>
    <Width>20</Width>
    <Name>Lab_H_4</Name>
    <FontSize>10</FontSize>
    <ForeColor>0,255,0</ForeColor>
    <BackColor>0,0,0</BackColor>
    <Caption>H</Caption>
  </Label>
  <Display>
    <Left>719</Left>
    <Top>131</Top>
    <Height>18</Height>
    <Width>26</Width>
    <Name>Dis_H_4</Name>
    <FontSize>10</FontSize>
    <Alignment>0</Alignment>
    <ForeColor>255,255,255</ForeColor>
    <BackColor>0,0,0</BackColor>
    <DisplaySource>#1032,$4</DisplaySource>
  </Display>
  <Panel>
    <Left>200</Left>
    <Top>289</Top>
    <Width>200</Width>
    <Height>181</Height>
    <Name>Pan_RunProgram_2</Name>
    <ForeColor>0,0,0</ForeColor>
    <BackColor>0,0,0</BackColor>
    <Caption>
    </Caption>
  </Panel>
  <Panel>
    <Left>600</Left>
    <Top>289</Top>
    <Width>200</Width>
    <Height>181</Height>
    <Name>Pan_RunProgram_4</Name>
    <BorderColor>255,255,255</BorderColor>
    <ForeColor>0,0,0</ForeColor>
    <BackColor>0,0,0</BackColor>
    <Caption>
    </Caption>
    <Depth>38</Depth>
  </Panel>
  <OCSimu>
    <Left>203</Left>
    <Top>152</Top>
    <Height>135</Height>
    <Width>196</Width>
    <Name>OCSimu2</Name>
    <SimuMode>0</SimuMode>
    <FileSource>L4070</FileSource>
  </OCSimu>
  <OCSimu>
    <Left>403</Left>
    <Top>152</Top>
    <Height>135</Height>
    <Width>196</Width>
    <Name>OCSimu3</Name>
    <SimuMode>0</SimuMode>
    <FileSource>L4070</FileSource>
  </OCSimu>
  <OCSimu>
    <Left>1</Left>
    <Top>152</Top>
    <Height>135</Height>
    <Width>196</Width>
    <Name>OCSimu1</Name>
    <SimuMode>0</SimuMode>
    <FileSource>L4070</FileSource>
  </OCSimu>
  <OCSimu>
    <Left>601</Left>
    <Top>152</Top>
    <Height>135</Height>
    <Width>196</Width>
    <Name>OCSimu4</Name>
    <SimuMode>0</SimuMode>
    <FileSource>L4070</FileSource>
  </OCSimu>
  <OCText>
    <Left>1</Left>
    <Top>290</Top>
    <Height>179</Height>
    <Width>198</Width>
    <Name>OCText1</Name>
    <ForeColor>51,204,102</ForeColor>
    <BackColor>0,0,0</BackColor>
    <Mode>1</Mode>
  </OCText>
  <OCText>
    <Left>201</Left>
    <Top>290</Top>
    <Height>179</Height>
    <Width>198</Width>
    <Name>OCText2</Name>
    <ForeColor>51,204,102</ForeColor>
    <BackColor>0,0,0</BackColor>
    <Mode>1</Mode>
  </OCText>
  <OCText>
    <Left>401</Left>
    <Top>290</Top>
    <Height>179</Height>
    <Width>198</Width>
    <Name>OCText3</Name>
    <ForeColor>51,204,102</ForeColor>
    <BackColor>0,0,0</BackColor>
    <Mode>1</Mode>
  </OCText>
  <OCText>
    <Left>601</Left>
    <Top>290</Top>
    <Height>179</Height>
    <Width>198</Width>
    <Name>OCText4</Name>
    <ForeColor>51,204,102</ForeColor>
    <BackColor>0,0,0</BackColor>
    <Mode>1</Mode>
  </OCText>
  <Label>
    <Left>103</Left>
    <Top>100</Top>
    <Height>17</Height>
    <Width>50</Width>
    <Name>Lab_BP1</Name>
    <Alignment>0</Alignment>
    <ForeColor>0,255,0</ForeColor>
    <BackColor>0,0,0</BackColor>
    <Caption>STR::Browser::MonitorSTDData::Caption::Lab_StartNo::StartBlockNo</Caption>
    <Wrap>True</Wrap>
    <Depth>66</Depth>
  </Label>
  <Input>
    <Left>154</Left>
    <Top>100</Top>
    <Height>16</Height>
    <Width>43</Width>
    <Name>Inp_NLabelValue_1</Name>
    <FontSize>12</FontSize>
    <Alignment>1</Alignment>
    <BorderStyle>1</BorderStyle>
    <ForeColor>255,255,255</ForeColor>
    <BackColor>0,0,0</BackColor>
    <InputFormat>String</InputFormat>
    <EmptyVal>ignor</EmptyVal>
    <Depth>76</Depth>
  </Input>
  <Label>
    <Left>303</Left>
    <Top>100</Top>
    <Height>17</Height>
    <Width>50</Width>
    <Name>Lab_BP2</Name>
    <Alignment>0</Alignment>
    <ForeColor>0,255,0</ForeColor>
    <BackColor>0,0,0</BackColor>
    <Caption>STR::Browser::MonitorSTDData::Caption::Lab_StartNo::StartBlockNo</Caption>
    <Wrap>True</Wrap>
    <Depth>66</Depth>
  </Label>
  <Input>
    <Left>354</Left>
    <Top>100</Top>
    <Height>16</Height>
    <Width>43</Width>
    <Name>Inp_NLabelValue_2</Name>
    <FontSize>12</FontSize>
    <Alignment>1</Alignment>
    <BorderStyle>1</BorderStyle>
    <ForeColor>255,255,255</ForeColor>
    <BackColor>0,0,0</BackColor>
    <InputFormat>String</InputFormat>
    <EmptyVal>ignor</EmptyVal>
    <Depth>76</Depth>
  </Input>
  <Label>
    <Left>503</Left>
    <Top>100</Top>
    <Height>17</Height>
    <Width>50</Width>
    <Name>Lab_BP3</Name>
    <Alignment>0</Alignment>
    <ForeColor>0,255,0</ForeColor>
    <BackColor>0,0,0</BackColor>
    <Caption>STR::Browser::MonitorSTDData::Caption::Lab_StartNo::StartBlockNo</Caption>
    <Wrap>True</Wrap>
    <Depth>66</Depth>
  </Label>
  <Input>
    <Left>554</Left>
    <Top>100</Top>
    <Height>16</Height>
    <Width>43</Width>
    <Name>Inp_NLabelValue_3</Name>
    <FontSize>12</FontSize>
    <Alignment>1</Alignment>
    <BorderStyle>1</BorderStyle>
    <ForeColor>255,255,255</ForeColor>
    <BackColor>0,0,0</BackColor>
    <InputFormat>String</InputFormat>
    <EmptyVal>ignor</EmptyVal>
    <Depth>76</Depth>
  </Input>
  <Label>
    <Left>705</Left>
    <Top>100</Top>
    <Height>17</Height>
    <Width>50</Width>
    <Name>Lab_BP4</Name>
    <Alignment>0</Alignment>
    <ForeColor>0,255,0</ForeColor>
    <BackColor>0,0,0</BackColor>
    <Caption>STR::Browser::MonitorSTDData::Caption::Lab_StartNo::StartBlockNo</Caption>
    <Wrap>True</Wrap>
    <Depth>66</Depth>
  </Label>
  <Input>
    <Left>756</Left>
    <Top>100</Top>
    <Height>16</Height>
    <Width>43</Width>
    <Name>Inp_NLabelValue_4</Name>
    <FontSize>12</FontSize>
    <Alignment>1</Alignment>
    <BorderStyle>1</BorderStyle>
    <ForeColor>255,255,255</ForeColor>
    <BackColor>0,0,0</BackColor>
    <InputFormat>String</InputFormat>
    <EmptyVal>ignor</EmptyVal>
    <Depth>76</Depth>
  </Input>
  <!--  Monitor Backgnd layout setting -->
  <!--  Monitor Status setting -->
  <!--MonitorCoord-->
</Screen>