﻿<?xml version="1.0" encoding="UTF-8"?>
<!--Created by 'eHMI'version2.2.32-->
<!--BROWSER SIZE|H:600|W:800-->
<Screen>
  <Name>_MonSTDData</Name>
  <Width>800</Width>
  <Height>470</Height>
  <Panel>
    <Left>400</Left>
    <Top>290</Top>
    <Width>400</Width>
    <Height>180</Height>
    <Name>Pan_RunProgram2</Name>
    <BorderColor>255,255,255</BorderColor>
    <ForeColor>0,0,0</ForeColor>
    <BackColor>0,0,0</BackColor>
    <Caption>
    </Caption>
    <Depth>38</Depth>
  </Panel>
  <Panel>
    <Left>400</Left>
    <Top>-4</Top>
    <Width>400</Width>
    <Height>113</Height>
    <Name>Pan_RunSubStatus</Name>
    <BorderStyle>0</BorderStyle>
    <ForeColor>122,22,22</ForeColor>
    <BackColor>0,0,0</BackColor>
    <Caption>
    </Caption>
    <Depth>40</Depth>
    <Show_Simu>TRUE</Show_Simu>
    <Show_Prog>False</Show_Prog>
  </Panel>
  <Panel>
    <Left>-1</Left>
    <Top>-4</Top>
    <Width>401</Width>
    <Height>113</Height>
    <Name>Panel</Name>
    <BorderColor>255,255,255</BorderColor>
    <ForeColor>0,0,0</ForeColor>
    <BackColor>0,0,0</BackColor>
    <Caption>
    </Caption>
    <Depth>37</Depth>
  </Panel>
  <Label>
    <Left>14</Left>
    <Top>115</Top>
    <Height>22</Height>
    <Width>18</Width>
    <Name>Lab_Feedrate</Name>
    <FontSize>15</FontSize>
    <Alignment>0</Alignment>
    <ForeColor>0,255,0</ForeColor>
    <BackColor>0,0,0</BackColor>
    <Caption>F</Caption>
    <Depth>19</Depth>
  </Label>
  <Label>
    <Left>33</Left>
    <Top>115</Top>
    <Width>86</Width>
    <Name>Dis_Feedrate_1</Name>
    <FontSize>15</FontSize>
    <Alignment>0</Alignment>
    <ForeColor>255,255,255</ForeColor>
    <BackColor>0,0,0</BackColor>
    <Caption>
    </Caption>
    <Depth>18</Depth>
  </Label>
  <Label>
    <Left>14</Left>
    <Top>140</Top>
    <Height>22</Height>
    <Width>17</Width>
    <Name>Lab_SpindleTitle</Name>
    <FontSize>15</FontSize>
    <Alignment>0</Alignment>
    <ForeColor>0,255,0</ForeColor>
    <BackColor>0,0,0</BackColor>
    <Caption>S</Caption>
    <Depth>15</Depth>
  </Label>
  <Label>
    <Left>33</Left>
    <Top>140</Top>
    <Width>84</Width>
    <Name>Dis_Spindle_1</Name>
    <FontSize>15</FontSize>
    <Alignment>0</Alignment>
    <ForeColor>255,255,255</ForeColor>
    <BackColor>0,0,0</BackColor>
    <Caption>
    </Caption>
    <Depth>14</Depth>
    <DisplayFormat>Long</DisplayFormat>
    <DisplaySource>K3</DisplaySource>
  </Label>
  <Panel>
    <Left>0</Left>
    <Top>290</Top>
    <Width>400</Width>
    <Height>180</Height>
    <Name>Pan_RunProgram1</Name>
    <ForeColor>0,0,0</ForeColor>
    <BackColor>0,0,0</BackColor>
    <Caption>
    </Caption>
  </Panel>
  <CoordBox>
    <Left>16</Left>
    <Top>-2</Top>
    <Width>170</Width>
    <Height>105</Height>
    <Name>CoordBox1</Name>
    <FontSize>16</FontSize>
    <Alignment>0</Alignment>
    <ForeColor>0,255,0</ForeColor>
    <BackColor>0,0,0</BackColor>
    <PageSize>4</PageSize>
    <CoordType>2</CoordType>
    <LForeColor>0,255,0</LForeColor>
    <LBackColor>0,0,0</LBackColor>
    <LFontSize>14</LFontSize>
    <LBorderStyle>0</LBorderStyle>
    <VForeColor>255,255,255</VForeColor>
    <VBackColor>0,0,0</VBackColor>
    <VFontSize>14</VFontSize>
    <AxisGroupSource>13</AxisGroupSource>
    <VBorderStyle>0</VBorderStyle>
    <AxisNotHomeColor>255,255,255</AxisNotHomeColor>
    <AxisSelectedColor>255,255,255</AxisSelectedColor>
  </CoordBox>
  <CoordBox>
    <Left>208</Left>
    <Top>-2</Top>
    <Width>170</Width>
    <Height>105</Height>
    <Name>CoordBox2</Name>
    <FontSize>16</FontSize>
    <Alignment>0</Alignment>
    <ForeColor>0,255,0</ForeColor>
    <BackColor>0,0,0</BackColor>
    <PageSize>4</PageSize>
    <CoordType>3</CoordType>
    <LForeColor>0,255,0</LForeColor>
    <LBackColor>0,0,0</LBackColor>
    <LFontSize>14</LFontSize>
    <LBorderStyle>0</LBorderStyle>
    <VForeColor>255,255,255</VForeColor>
    <VBackColor>0,0,0</VBackColor>
    <VFontSize>14</VFontSize>
    <AxisGroupSource>13</AxisGroupSource>
    <VBorderStyle>0</VBorderStyle>
    <AxisNotHomeColor>255,255,255</AxisNotHomeColor>
    <AxisSelectedColor>255,255,255</AxisSelectedColor>
  </CoordBox>
  <Panel>
    <Left>571</Left>
    <Top>110</Top>
    <Width>228</Width>
    <Height>181</Height>
    <Name>Pan_RunSimulation1</Name>
    <BorderColor>255,255,255</BorderColor>
    <ForeColor>0,0,0</ForeColor>
    <Caption>
    </Caption>
    <Depth>34</Depth>
  </Panel>
  <CoordBox>
    <Left>411</Left>
    <Top>-2</Top>
    <Width>170</Width>
    <Height>105</Height>
    <Name>CoordBox3</Name>
    <FontSize>16</FontSize>
    <Alignment>0</Alignment>
    <ForeColor>0,255,0</ForeColor>
    <BackColor>0,0,0</BackColor>
    <PageSize>4</PageSize>
    <CoordType>2</CoordType>
    <LForeColor>0,255,0</LForeColor>
    <LBackColor>0,0,0</LBackColor>
    <LFontSize>14</LFontSize>
    <LBorderStyle>0</LBorderStyle>
    <VForeColor>255,255,255</VForeColor>
    <VBackColor>0,0,0</VBackColor>
    <VFontSize>14</VFontSize>
    <AxisGroupSource>2</AxisGroupSource>
    <VBorderStyle>0</VBorderStyle>
    <AxisNotHomeColor>255,255,255</AxisNotHomeColor>
    <AxisSelectedColor>255,255,255</AxisSelectedColor>
  </CoordBox>
  <CoordBox>
    <Left>607</Left>
    <Top>-2</Top>
    <Width>170</Width>
    <Height>105</Height>
    <Name>CoordBox4</Name>
    <FontSize>16</FontSize>
    <Alignment>0</Alignment>
    <ForeColor>0,255,0</ForeColor>
    <BackColor>0,0,0</BackColor>
    <PageSize>4</PageSize>
    <CoordType>3</CoordType>
    <LForeColor>0,255,0</LForeColor>
    <LBackColor>0,0,0</LBackColor>
    <LFontSize>14</LFontSize>
    <LBorderStyle>0</LBorderStyle>
    <VForeColor>255,255,255</VForeColor>
    <VBackColor>0,0,0</VBackColor>
    <VFontSize>14</VFontSize>
    <AxisGroupSource>2</AxisGroupSource>
    <VBorderStyle>0</VBorderStyle>
    <AxisNotHomeColor>255,255,255</AxisNotHomeColor>
    <AxisSelectedColor>255,255,255</AxisSelectedColor>
  </CoordBox>
  <Label>
    <Left>8</Left>
    <Top>200</Top>
    <Width>80</Width>
    <Name>Lab_SpindleOverride1</Name>
    <FontSize>11</FontSize>
    <Alignment>0</Alignment>
    <ForeColor>0,255,0</ForeColor>
    <BackColor>0,0,0</BackColor>
    <Caption>STR::Browser::MonitorSTDData::Caption::Lab_SpindleOverride::Spd_Override</Caption>
    <Wrap>True</Wrap>
    <Depth>2</Depth>
  </Label>
  <Display>
    <Left>93</Left>
    <Top>200</Top>
    <Width>47</Width>
    <Name>Dis_SpindleOverride1</Name>
    <FontSize>12</FontSize>
    <Alignment>1</Alignment>
    <ForeColor>255,255,255</ForeColor>
    <BackColor>0,0,0</BackColor>
    <Depth>1</Depth>
    <DisplaySource>K21</DisplaySource>
  </Display>
  <Label>
    <Left>141</Left>
    <Top>200</Top>
    <Width>17</Width>
    <Name>Label15</Name>
    <FontSize>10</FontSize>
    <Alignment>0</Alignment>
    <ForeColor>0,255,0</ForeColor>
    <BackColor>0,0,0</BackColor>
    <Caption>%</Caption>
    <Wrap>True</Wrap>
    <Depth>0</Depth>
  </Label>
  <Label>
    <Left>120</Left>
    <Top>140</Top>
    <Width>47</Width>
    <Name>Lab_HPCC1</Name>
    <VisibleRule>(#1826,$1ne0)</VisibleRule>
    <FontSize>10</FontSize>
    <ForeColor>0,255,0</ForeColor>
    <BackColor>0,0,0</BackColor>
    <Caption>HPCC</Caption>
  </Label>
  <!-- update in MMI, due to ISSUE-10058 -->
  <Label>
    <Left>26</Left>
    <Top>267</Top>
    <Width>20</Width>
    <Name>Lab_ToolNo_1</Name>
    <FontSize>12</FontSize>
    <Alignment>0</Alignment>
    <ForeColor>255,255,255</ForeColor>
    <BackColor>0,0,0</BackColor>
  </Label>
  <Label>
    <Left>12</Left>
    <Top>267</Top>
    <Width>15</Width>
    <Name>Lab_T_1</Name>
    <FontSize>12</FontSize>
    <Alignment>0</Alignment>
    <ForeColor>0,255,0</ForeColor>
    <BackColor>0,0,0</BackColor>
    <Caption>T</Caption>
    <Depth>0</Depth>
  </Label>
  <Display>
    <Left>78</Left>
    <Top>267</Top>
    <Width>20</Width>
    <Name>Dis_D_1</Name>
    <FontSize>12</FontSize>
    <Alignment>0</Alignment>
    <ForeColor>255,255,255</ForeColor>
    <BackColor>0,0,0</BackColor>
    <DisplaySource>#1030,$1</DisplaySource>
  </Display>
  <Label>
    <Left>62</Left>
    <Top>267</Top>
    <Width>15</Width>
    <Name>Lab_D_1</Name>
    <FontSize>12</FontSize>
    <Alignment>0</Alignment>
    <ForeColor>0,255,0</ForeColor>
    <BackColor>0,0,0</BackColor>
    <Caption>D</Caption>
    <Depth>0</Depth>
  </Label>
  <Display>
    <Left>130</Left>
    <Top>267</Top>
    <Width>20</Width>
    <Name>Dis_H_1</Name>
    <FontSize>12</FontSize>
    <Alignment>0</Alignment>
    <ForeColor>255,255,255</ForeColor>
    <BackColor>0,0,0</BackColor>
    <DisplaySource>#1032,$1</DisplaySource>
  </Display>
  <Label>
    <Left>114</Left>
    <Top>267</Top>
    <Width>15</Width>
    <Name>Lab_H_1</Name>
    <FontSize>12</FontSize>
    <Alignment>0</Alignment>
    <ForeColor>0,255,0</ForeColor>
    <BackColor>0,0,0</BackColor>
    <Caption>H</Caption>
    <Depth>0</Depth>
  </Label>
  <Panel>
    <Left>0</Left>
    <Top>189</Top>
    <Width>171</Width>
    <Height>101</Height>
    <Name>Panel1</Name>
    <BackColor>0,0,0</BackColor>
    <Caption>
    </Caption>
  </Panel>
  <Panel>
    <Left>172</Left>
    <Top>110</Top>
    <Width>226</Width>
    <Height>180</Height>
    <Name>Pan_RunSimulation_1</Name>
    <BackColor>0,0,0</BackColor>
    <Caption>
    </Caption>
  </Panel>
  <Panel>
    <Left>0</Left>
    <Top>109</Top>
    <Width>171</Width>
    <Height>81</Height>
    <Name>Panel3</Name>
    <BackColor>0,0,0</BackColor>
    <Caption>
    </Caption>
  </Panel>
  <Panel>
    <Left>400</Left>
    <Top>109</Top>
    <Width>171</Width>
    <Height>81</Height>
    <Name>Panel4</Name>
    <BorderColor>255,255,255</BorderColor>
    <ForeColor>0,0,0</ForeColor>
    <BackColor>0,0,0</BackColor>
    <Caption>
    </Caption>
    <Depth>38</Depth>
  </Panel>
  <Panel>
    <Left>400</Left>
    <Top>190</Top>
    <Width>171</Width>
    <Height>101</Height>
    <Name>Panel5</Name>
    <BackColor>0,0,0</BackColor>
    <Caption>
    </Caption>
  </Panel>
  <Panel>
    <Left>571</Left>
    <Top>110</Top>
    <Width>229</Width>
    <Height>180</Height>
    <Name>Pan_RunSimulation_2</Name>
    <BackColor>0,0,0</BackColor>
    <Caption>
    </Caption>
  </Panel>
  <Meter>
    <Left>13</Left>
    <Top>168</Top>
    <Height>18</Height>
    <Width>85</Width>
    <Name>Met_LoadingRate_1</Name>
    <BackColor>255,255,255</BackColor>
    <Type>2</Type>
    <ScaleUp>200</ScaleUp>
    <ScaleLow>0</ScaleLow>
    <ScaleInterval>2</ScaleInterval>
    <SubScaleInterval>0</SubScaleInterval>
    <ScaleColor>0,0,0</ScaleColor>
    <NumberColor>0,0,0</NumberColor>
    <ListItems>
      <Item>
        <UpLmt>100</UpLmt>
        <LowLmt>0</LowLmt>
        <Color>0,255,0</Color>
      </Item>
      <Item>
        <UpLmt>150</UpLmt>
        <LowLmt>100</LowLmt>
        <Color>255,255,0</Color>
      </Item>
      <Item>
        <UpLmt>200</UpLmt>
        <LowLmt>150</LowLmt>
        <Color>255,0,0</Color>
      </Item>
    </ListItems>
    <IntervalTextVisible>False</IntervalTextVisible>
    <Depth>5</Depth>
    <Marks>
      <Values>100,150</Values>
      <TextVisible>False</TextVisible>
    </Marks>
  </Meter>
  <Label>
    <Left>102</Left>
    <Top>168</Top>
    <Width>40</Width>
    <Name>Lab_LoadingRate_1</Name>
    <FontSize>13</FontSize>
    <Alignment>1</Alignment>
    <ForeColor>255,255,255</ForeColor>
    <BackColor>0,0,0</BackColor>
    <Caption>
    </Caption>
    <Wrap>True</Wrap>
    <Depth>1</Depth>
    <DisplayFormat>Long</DisplayFormat>
  </Label>
  <Label>
    <Left>143</Left>
    <Top>168</Top>
    <Width>20</Width>
    <Name>Label3</Name>
    <FontSize>13</FontSize>
    <Alignment>0</Alignment>
    <ForeColor>0,255,0</ForeColor>
    <BackColor>0,0,0</BackColor>
    <Caption>%</Caption>
    <Wrap>True</Wrap>
    <Depth>0</Depth>
  </Label>
  <OCSimu>
    <Left>175</Left>
    <Top>110</Top>
    <Height>175</Height>
    <Width>221</Width>
    <Name>OCSimu1</Name>
    <SimuMode>0</SimuMode>
    <FileSource>L4070</FileSource>
  </OCSimu>
  <OCText>
    <Left>0</Left>
    <Top>290</Top>
    <Height>179</Height>
    <Width>398</Width>
    <Name>OCText1</Name>
    <ForeColor>51,204,102</ForeColor>
    <BackColor>0,0,0</BackColor>
    <Mode>1</Mode>
  </OCText>
  <OCText>
    <Left>401</Left>
    <Top>290</Top>
    <Height>179</Height>
    <Width>398</Width>
    <Name>OCText2</Name>
    <ForeColor>51,204,102</ForeColor>
    <BackColor>0,0,0</BackColor>
    <Mode>1</Mode>
  </OCText>
  <OCSimu>
    <Left>574</Left>
    <Top>110</Top>
    <Height>175</Height>
    <Width>224</Width>
    <Name>OCSimu2</Name>
    <SimuMode>0</SimuMode>
    <FileSource>L4070</FileSource>
  </OCSimu>
  <Label>
    <Left>414</Left>
    <Top>115</Top>
    <Height>22</Height>
    <Width>18</Width>
    <Name>Label1</Name>
    <FontSize>15</FontSize>
    <Alignment>0</Alignment>
    <ForeColor>0,255,0</ForeColor>
    <BackColor>0,0,0</BackColor>
    <Caption>F</Caption>
    <Depth>19</Depth>
  </Label>
  <Label>
    <Left>432</Left>
    <Top>115</Top>
    <Width>86</Width>
    <Name>Dis_Feedrate_2</Name>
    <FontSize>15</FontSize>
    <Alignment>0</Alignment>
    <ForeColor>255,255,255</ForeColor>
    <BackColor>0,0,0</BackColor>
    <Caption>
    </Caption>
    <Depth>18</Depth>
  </Label>
  <Label>
    <Left>414</Left>
    <Top>141</Top>
    <Height>22</Height>
    <Width>17</Width>
    <Name>Label4</Name>
    <FontSize>15</FontSize>
    <Alignment>0</Alignment>
    <ForeColor>0,255,0</ForeColor>
    <BackColor>0,0,0</BackColor>
    <Caption>S</Caption>
    <Depth>15</Depth>
  </Label>
  <Label>
    <Left>433</Left>
    <Top>141</Top>
    <Width>84</Width>
    <Name>Dis_Spindle_2</Name>
    <FontSize>15</FontSize>
    <Alignment>0</Alignment>
    <ForeColor>255,255,255</ForeColor>
    <BackColor>0,0,0</BackColor>
    <Caption>
    </Caption>
    <Depth>14</Depth>
    <DisplayFormat>Long</DisplayFormat>
    <DisplaySource>K3</DisplaySource>
  </Label>
  <Label>
    <Left>408</Left>
    <Top>202</Top>
    <Width>80</Width>
    <Name>Lab_SpindleOverride2</Name>
    <FontSize>11</FontSize>
    <Alignment>0</Alignment>
    <ForeColor>0,255,0</ForeColor>
    <BackColor>0,0,0</BackColor>
    <Caption>STR::Browser::MonitorSTDData::Caption::Lab_SpindleOverride::Spd_Override</Caption>
    <Wrap>True</Wrap>
    <Depth>2</Depth>
  </Label>
  <Display>
    <Left>493</Left>
    <Top>202</Top>
    <Width>47</Width>
    <Name>Dis_SpindleOverride2</Name>
    <FontSize>12</FontSize>
    <Alignment>1</Alignment>
    <ForeColor>255,255,255</ForeColor>
    <BackColor>0,0,0</BackColor>
    <DisplaySource>K21</DisplaySource>
  </Display>
  <Label>
    <Left>541</Left>
    <Top>198</Top>
    <Width>17</Width>
    <Name>Label9</Name>
    <FontSize>10</FontSize>
    <Alignment>0</Alignment>
    <ForeColor>0,255,0</ForeColor>
    <BackColor>0,0,0</BackColor>
    <Caption>%</Caption>
    <Wrap>True</Wrap>
    <Depth>0</Depth>
  </Label>
  <Label>
    <Left>520</Left>
    <Top>142</Top>
    <Width>47</Width>
    <Name>Lab_HPCC2</Name>
    <VisibleRule>(#1826,$2ne0)</VisibleRule>
    <FontSize>10</FontSize>
    <ForeColor>0,255,0</ForeColor>
    <BackColor>0,0,0</BackColor>
    <Caption>HPCC</Caption>
  </Label>
  <Label>
    <Left>426</Left>
    <Top>267</Top>
    <Width>20</Width>
    <Name>Lab_ToolNo_2</Name>
    <FontSize>12</FontSize>
    <Alignment>0</Alignment>
    <ForeColor>255,255,255</ForeColor>
    <BackColor>0,0,0</BackColor>
  </Label>
  <Label>
    <Left>412</Left>
    <Top>267</Top>
    <Width>15</Width>
    <Name>Lab_T_2</Name>
    <FontSize>12</FontSize>
    <Alignment>0</Alignment>
    <ForeColor>0,255,0</ForeColor>
    <BackColor>0,0,0</BackColor>
    <Caption>T</Caption>
    <Depth>0</Depth>
  </Label>
  <Display>
    <Left>478</Left>
    <Top>267</Top>
    <Width>20</Width>
    <Name>Dis_D_2</Name>
    <FontSize>12</FontSize>
    <Alignment>0</Alignment>
    <ForeColor>255,255,255</ForeColor>
    <BackColor>0,0,0</BackColor>
    <DisplaySource>#1030,$2</DisplaySource>
  </Display>
  <Label>
    <Left>462</Left>
    <Top>267</Top>
    <Width>15</Width>
    <Name>Lab_D_2</Name>
    <FontSize>12</FontSize>
    <Alignment>0</Alignment>
    <ForeColor>0,255,0</ForeColor>
    <BackColor>0,0,0</BackColor>
    <Caption>D</Caption>
    <Depth>0</Depth>
  </Label>
  <Display>
    <Left>530</Left>
    <Top>267</Top>
    <Width>20</Width>
    <Name>Dis_H_2</Name>
    <FontSize>12</FontSize>
    <Alignment>0</Alignment>
    <ForeColor>255,255,255</ForeColor>
    <BackColor>0,0,0</BackColor>
    <DisplaySource>#1032,$2</DisplaySource>
  </Display>
  <Label>
    <Left>514</Left>
    <Top>267</Top>
    <Width>15</Width>
    <Name>Lab_H_2</Name>
    <FontSize>12</FontSize>
    <Alignment>0</Alignment>
    <ForeColor>0,255,0</ForeColor>
    <BackColor>0,0,0</BackColor>
    <Caption>H</Caption>
    <Depth>0</Depth>
  </Label>
  <Meter>
    <Left>413</Left>
    <Top>168</Top>
    <Height>18</Height>
    <Width>85</Width>
    <Name>Met_LoadingRate_2</Name>
    <BackColor>255,255,255</BackColor>
    <Type>2</Type>
    <ScaleUp>200</ScaleUp>
    <ScaleLow>0</ScaleLow>
    <ScaleInterval>2</ScaleInterval>
    <SubScaleInterval>0</SubScaleInterval>
    <ScaleColor>0,0,0</ScaleColor>
    <NumberColor>0,0,0</NumberColor>
    <ListItems>
      <Item>
        <UpLmt>100</UpLmt>
        <LowLmt>0</LowLmt>
        <Color>0,255,0</Color>
      </Item>
      <Item>
        <UpLmt>150</UpLmt>
        <LowLmt>100</LowLmt>
        <Color>255,255,0</Color>
      </Item>
      <Item>
        <UpLmt>200</UpLmt>
        <LowLmt>150</LowLmt>
        <Color>255,0,0</Color>
      </Item>
    </ListItems>
    <IntervalTextVisible>False</IntervalTextVisible>
    <Depth>5</Depth>
    <Marks>
      <Values>100,150</Values>
      <TextVisible>False</TextVisible>
    </Marks>
  </Meter>
  <Label>
    <Left>502</Left>
    <Top>166</Top>
    <Width>40</Width>
    <Name>Lab_LoadingRate_2</Name>
    <FontSize>13</FontSize>
    <Alignment>1</Alignment>
    <ForeColor>255,255,255</ForeColor>
    <BackColor>0,0,0</BackColor>
    <Caption>
    </Caption>
    <Wrap>True</Wrap>
    <Depth>1</Depth>
    <DisplayFormat>Long</DisplayFormat>
  </Label>
  <Label>
    <Left>543</Left>
    <Top>166</Top>
    <Width>15</Width>
    <Name>Label19</Name>
    <Alignment>0</Alignment>
    <ForeColor>0,255,0</ForeColor>
    <BackColor>0,0,0</BackColor>
    <Caption>%</Caption>
    <Wrap>True</Wrap>
    <Depth>0</Depth>
  </Label>
  <Label>
    <Left>409</Left>
    <Top>236</Top>
    <Width>80</Width>
    <Name>Lab_BP2</Name>
    <FontSize>11</FontSize>
    <Alignment>0</Alignment>
    <ForeColor>0,255,0</ForeColor>
    <BackColor>0,0,0</BackColor>
    <Caption>STR::Browser::MonitorSTDData::Caption::Lab_StartNo::StartBlockNo</Caption>
    <Wrap>True</Wrap>
    <Depth>2</Depth>
  </Label>
  <Input>
    <Left>497</Left>
    <Top>235</Top>
    <Width>60</Width>
    <Name>Inp_NLabelValue_2</Name>
    <FontSize>12</FontSize>
    <Alignment>1</Alignment>
    <BorderStyle>1</BorderStyle>
    <ForeColor>255,255,255</ForeColor>
    <BackColor>0,0,0</BackColor>
    <InputFormat>String</InputFormat>
    <EmptyVal>ignor</EmptyVal>
    <Depth>76</Depth>
  </Input>
  <Label>
    <Left>10</Left>
    <Top>236</Top>
    <Width>80</Width>
    <Name>Lab_BP1</Name>
    <FontSize>11</FontSize>
    <Alignment>0</Alignment>
    <ForeColor>0,255,0</ForeColor>
    <BackColor>0,0,0</BackColor>
    <Caption>STR::Browser::MonitorSTDData::Caption::Lab_StartNo::StartBlockNo</Caption>
    <Wrap>True</Wrap>
    <Depth>2</Depth>
  </Label>
  <Input>
    <Left>98</Left>
    <Top>235</Top>
    <Width>60</Width>
    <Name>Inp_NLabelValue_1</Name>
    <FontSize>12</FontSize>
    <Alignment>1</Alignment>
    <BorderStyle>1</BorderStyle>
    <ForeColor>255,255,255</ForeColor>
    <BackColor>0,0,0</BackColor>
    <InputFormat>String</InputFormat>
    <EmptyVal>ignor</EmptyVal>
    <Depth>76</Depth>
  </Input>
  <!--  Monitor Backgnd layout setting -->
  <!--  Monitor Status setting -->
  <!--MonitorCoord-->
</Screen>