﻿<?xml version="1.0" encoding="UTF-8"?>
<!--Created by 'eHMI'version2.2.26-->
<ResMap>
  <!-- Label Caption -->
  <Message ID="CncLadder::Caption::HoldList" Content="保持清单" />
  <Message ID="CncLadder::Caption::WatchList" Content="监看清单" />
  <Message ID="CncLadder::Caption::Name" Content="名称" />
  <Message ID="CncLadder::Caption::Value" Content="数值" />
  <Message ID="CncLadder::Caption::SettingValue" Content="设定值" />
  <!-- MessageBox Title and Hint -->
  <Message ID="CncLadder::Title::Search" Content="搜寻" />
  <Message ID="CncLadder::Title::Watch" Content="监看" />
  <Message ID="CncLadder::Title::JumpToWhichRow" Content="输入行号" />
  <Message ID="CncLadder::Hint::SearchAddress" Content="搜寻组件" />
  <Message ID="CncLadder::Hint::AddressNotFound" Content="组件找不到!" />
  <Message ID="CncLadder::Hint::AddWatchAddress" Content="加入组件" />
  <Message ID="CncLadder::AddressExpressionIllegal" Content="输入格式不符!" />
  <Message ID="CncLadder::Hint::WatchAddressHasExisted" Content="组件已加入监看!" />
  <Message ID="CncLadder::Hint::ReleaseHoldStateFirst" Content="请先解除强制保持状态!" />
  <Message ID="CncLadder::Hint::CheckExit" Content="所有强制状态将被重置, 确定离开?" />
    
  <!-- EditMode Title and Hint -->
  <Message ID="CncLadder::Hint::CheckExitEditMode" Content="阶梯图已被修改 确定要离开?" />
  <Message ID="CncLadder::Hint::CellNotSupport" Content="不支援这个组件" />
  <Message ID="CncLadder::Hint::StoreOrNot" Content="你确定要储存此阶梯图?" />
  <Message ID="CncLadder::Hint::SyntaxCheckError" Content="阶梯图语法检查错误" />
  <Message ID="CncLadder::Hint::AskForJump" Content="是否直接跳至该行?" />
  <Message ID="CncLadder::Hint::StoreFail" Content="存档失败" />
  <Message ID="CncLadder::Hint::StoreSuccess" Content="存档成功请重新启动系统重新载入阶梯图" />
  <Message ID="CncLadder::Hint::CellEditFail" Content="元件编修错误" />

  <!-- EditMode Cell Input Hint -->
  <Message ID="OCRes::ContactInput" Content="接点名称" />
  <Message ID="OCRes::TimerInput" Content="定时器编号 (TM)" />
  <Message ID="OCRes::CounterInput" Content="计数器编号 (CT)" />
  <Message ID="OCRes::RegisterNo" Content="缓存器编号 (R)" />
  <Message ID="OCRes::ImmediateValue" Content="数值资料 (#)" />
  
</ResMap>