﻿<?xml version="1.0" encoding="utf-8" ?>
<ResMap>
	<Message ID="MMI::SerialSpindleAdjust::AccDeceleration::Section2_1" Content="額定轉速" />
	<Message ID="MMI::SerialSpindleAdjust::AccDeceleration::Unit::Section2_1" Content="(RPM)" />
	<Message ID="MMI::SerialSpindleAdjust::AccDeceleration::Section2_2" Content="最高轉速" />
	<Message ID="MMI::SerialSpindleAdjust::AccDeceleration::Unit::Section2_2" Content="(RPM)" />
	<Message ID="MMI::SerialSpindleAdjust::AccDeceleration::Section2_3" Content="加減速時間" />
	<Message ID="MMI::SerialSpindleAdjust::AccDeceleration::Unit::Section2_3" Content="(ms)" />
	<Message ID="MMI::SerialSpindleAdjust::AccDeceleration::Section2_4" Content="加加速時間" />
	<Message ID="MMI::SerialSpindleAdjust::AccDeceleration::Unit::Section2_4" Content="(ms)" />
	<Message ID="MMI::SerialSpindleAdjust::AccDeceleration::Section3_2" Content="轉速S" />
	<Message ID="MMI::SerialSpindleAdjust::AccDeceleration::Section3_3" Content="主軸正轉M碼" />
	<Message ID="MMI::SerialSpindleAdjust::AccDeceleration::Section3_4" Content="主軸停止M碼" />
	<Message ID="MMI::SerialSpindleAdjust::AccDeceleration::Section3_5" Content="指定軸群" />
	<Message ID="MMI::SerialSpindleAdjust::AccDeceleration::Lab_DebugTitle_1" Content="主軸加速時間(sec)" />
	<Message ID="MMI::SerialSpindleAdjust::AccDeceleration::Lab_DebugTitle_2" Content="主軸減速時間(sec)" />
	<Message ID="MMI::SerialSpindleAdjust::AccDeceleration::Lab_DebugTitle_3" Content="主軸過速百分比(%)" />
	<Message ID="MMI::SerialSpindleAdjust::AccDeceleration::Lab_AccHint1" Content="以上為參考值, 與參數1992設定範圍有關" />
</ResMap>
