﻿<?xml version="1.0" encoding="utf-8" ?>
<ResMap>
	<!-- ================ Panasonic A5B Parameter ===================== -->
	<Message ID="MMI::DriverParameter::PANASONIC_ECAT_A5B::P001" Content="控制模式設定" />
	<Message ID="MMI::DriverParameter::PANASONIC_ECAT_A5B::P002" Content="即時自動調整設定" />
	<Message ID="MMI::DriverParameter::PANASONIC_ECAT_A5B::P003" Content="即時自動調整-機械剛性設定" />
	<Message ID="MMI::DriverParameter::PANASONIC_ECAT_A5B::P004" Content="慣量比(%)" />
	<Message ID="MMI::DriverParameter::PANASONIC_ECAT_A5B::P013" Content="第1轉矩限制(%)" />
	<Message ID="MMI::DriverParameter::PANASONIC_ECAT_A5B::P014" Content="位置偏差過大設定(pulse)" />
	<Message ID="MMI::DriverParameter::PANASONIC_ECAT_A5B::P015" Content="絕對式編碼器設定" />
	<Message ID="MMI::DriverParameter::PANASONIC_ECAT_A5B::P016" Content="再生電阻外置設定" />
	<Message ID="MMI::DriverParameter::PANASONIC_ECAT_A5B::P017" Content="外置再生電阻-負載率選擇" />
	<Message ID="MMI::DriverParameter::PANASONIC_ECAT_A5B::P100" Content="第1位置環增益(0.1/s)" />
	<Message ID="MMI::DriverParameter::PANASONIC_ECAT_A5B::P101" Content="第1速度環增益(0.1Hz)" />
	<Message ID="MMI::DriverParameter::PANASONIC_ECAT_A5B::P102" Content="第1速度環積分時間常數(0.1ms)" />
	<Message ID="MMI::DriverParameter::PANASONIC_ECAT_A5B::P103" Content="第1速度檢出濾波器" />
	<Message ID="MMI::DriverParameter::PANASONIC_ECAT_A5B::P104" Content="第1轉矩濾波器時間常數(0.01ms)" />
	<Message ID="MMI::DriverParameter::PANASONIC_ECAT_A5B::P105" Content="第2位置環增益(0.1/s)" />
	<Message ID="MMI::DriverParameter::PANASONIC_ECAT_A5B::P106" Content="第2速度環增益(0.1Hz)" />
	<Message ID="MMI::DriverParameter::PANASONIC_ECAT_A5B::P107" Content="第2速度環積分時間常數(0.1ms)" />
	<Message ID="MMI::DriverParameter::PANASONIC_ECAT_A5B::P108" Content="第2速度檢出濾波器" />
	<Message ID="MMI::DriverParameter::PANASONIC_ECAT_A5B::P109" Content="第2轉矩濾波器時間常數(0.01ms)" />
	<Message ID="MMI::DriverParameter::PANASONIC_ECAT_A5B::P110" Content="速度前饋增益(0.1%)" />
	<Message ID="MMI::DriverParameter::PANASONIC_ECAT_A5B::P111" Content="速度前饋濾波器(0.01ms)" />
	<Message ID="MMI::DriverParameter::PANASONIC_ECAT_A5B::P112" Content="轉矩前饋增益(0.1%)" />
	<Message ID="MMI::DriverParameter::PANASONIC_ECAT_A5B::P113" Content="轉矩前饋濾波器(0.01ms)" />
	<Message ID="MMI::DriverParameter::PANASONIC_ECAT_A5B::P114" Content="第2增益設定" />
	<Message ID="MMI::DriverParameter::PANASONIC_ECAT_A5B::P115" Content="位置控制切換模式" />
	<Message ID="MMI::DriverParameter::PANASONIC_ECAT_A5B::P116" Content="位置控制切換延遲時間(0.1ms)" />
	<Message ID="MMI::DriverParameter::PANASONIC_ECAT_A5B::P117" Content="位置控制切換等級" />
	<Message ID="MMI::DriverParameter::PANASONIC_ECAT_A5B::P118" Content="位置控制切換遲滯" />
	<Message ID="MMI::DriverParameter::PANASONIC_ECAT_A5B::P119" Content="位置增益切換時間(0.1ms)" />
	<Message ID="MMI::DriverParameter::PANASONIC_ECAT_A5B::P120" Content="速度控制切換模式" />
	<Message ID="MMI::DriverParameter::PANASONIC_ECAT_A5B::P121" Content="速度控制切換延遲時間(0.1ms)" />
	<Message ID="MMI::DriverParameter::PANASONIC_ECAT_A5B::P122" Content="速度控制切換等級" />
	<Message ID="MMI::DriverParameter::PANASONIC_ECAT_A5B::P123" Content="速度控制切換遲滯" />
	<Message ID="MMI::DriverParameter::PANASONIC_ECAT_A5B::P124" Content="轉矩控制切換模式" />
	<Message ID="MMI::DriverParameter::PANASONIC_ECAT_A5B::P125" Content="轉矩控制切換延遲時間(0.1ms)" />
	<Message ID="MMI::DriverParameter::PANASONIC_ECAT_A5B::P126" Content="轉矩控制切換等級" />
	<Message ID="MMI::DriverParameter::PANASONIC_ECAT_A5B::P127" Content="轉矩控制切換遲滯" />
	<Message ID="MMI::DriverParameter::PANASONIC_ECAT_A5B::P200" Content="適應濾波器模式設定" />
	<Message ID="MMI::DriverParameter::PANASONIC_ECAT_A5B::P201" Content="第1陷波頻率(Hz)" />
	<Message ID="MMI::DriverParameter::PANASONIC_ECAT_A5B::P202" Content="第1陷波寬度選擇" />
	<Message ID="MMI::DriverParameter::PANASONIC_ECAT_A5B::P203" Content="第1陷波深度選擇" />
	<Message ID="MMI::DriverParameter::PANASONIC_ECAT_A5B::P204" Content="第2陷波頻率(Hz)" />
	<Message ID="MMI::DriverParameter::PANASONIC_ECAT_A5B::P205" Content="第2陷波寬度選擇" />
	<Message ID="MMI::DriverParameter::PANASONIC_ECAT_A5B::P206" Content="第2陷波深度選擇" />
	<Message ID="MMI::DriverParameter::PANASONIC_ECAT_A5B::P207" Content="第3陷波頻率(Hz)" />
	<Message ID="MMI::DriverParameter::PANASONIC_ECAT_A5B::P208" Content="第3陷波寬度選擇" />
	<Message ID="MMI::DriverParameter::PANASONIC_ECAT_A5B::P209" Content="第3陷波深度選擇" />
	<Message ID="MMI::DriverParameter::PANASONIC_ECAT_A5B::P210" Content="第4陷波頻率(Hz)" />
	<Message ID="MMI::DriverParameter::PANASONIC_ECAT_A5B::P211" Content="第4陷波寬度選擇" />
	<Message ID="MMI::DriverParameter::PANASONIC_ECAT_A5B::P212" Content="第4陷波深度選擇" />
	<Message ID="MMI::DriverParameter::PANASONIC_ECAT_A5B::P213" Content="制振濾波器切換選擇" />
	<Message ID="MMI::DriverParameter::PANASONIC_ECAT_A5B::P214" Content="第1制振頻率(0.1Hz)" />
	<Message ID="MMI::DriverParameter::PANASONIC_ECAT_A5B::P215" Content="第1制振濾波器設定(0.1Hz)" />
	<Message ID="MMI::DriverParameter::PANASONIC_ECAT_A5B::P216" Content="第2制振頻率(0.1Hz)" />
	<Message ID="MMI::DriverParameter::PANASONIC_ECAT_A5B::P217" Content="第2制振濾波器設定(0.1Hz)" />
	<Message ID="MMI::DriverParameter::PANASONIC_ECAT_A5B::P218" Content="第3制振頻率(0.1Hz)" />
	<Message ID="MMI::DriverParameter::PANASONIC_ECAT_A5B::P219" Content="第3制振濾波器設定(0.1Hz)" />
	<Message ID="MMI::DriverParameter::PANASONIC_ECAT_A5B::P220" Content="第4制振頻率(0.1Hz)" />
	<Message ID="MMI::DriverParameter::PANASONIC_ECAT_A5B::P221" Content="第4制振濾波器設定(0.1Hz)" />
	<Message ID="MMI::DriverParameter::PANASONIC_ECAT_A5B::P222" Content="位置指令平滑濾波器(0.1ms)" />
	<Message ID="MMI::DriverParameter::PANASONIC_ECAT_A5B::P223" Content="位置指令FIR濾波器(0.1ms)" />
	<Message ID="MMI::DriverParameter::PANASONIC_ECAT_A5B::P312" Content="加速時間設定(ms/1000rpm)" />
	<Message ID="MMI::DriverParameter::PANASONIC_ECAT_A5B::P313" Content="減速時間設定(ms/1000rpm)" />
	<Message ID="MMI::DriverParameter::PANASONIC_ECAT_A5B::P314" Content="S字加減速設定(ms)" />
	<Message ID="MMI::DriverParameter::PANASONIC_ECAT_A5B::P317" Content="速度限制選擇" />
	<Message ID="MMI::DriverParameter::PANASONIC_ECAT_A5B::P400" Content="SI1輸入選擇" />
	<Message ID="MMI::DriverParameter::PANASONIC_ECAT_A5B::P401" Content="SI2輸入選擇" />
	<Message ID="MMI::DriverParameter::PANASONIC_ECAT_A5B::P402" Content="SI3輸入選擇" />
	<Message ID="MMI::DriverParameter::PANASONIC_ECAT_A5B::P403" Content="SI4輸入選擇" />
	<Message ID="MMI::DriverParameter::PANASONIC_ECAT_A5B::P404" Content="SI5輸入選擇" />
	<Message ID="MMI::DriverParameter::PANASONIC_ECAT_A5B::P405" Content="SI6輸入選擇" />
	<Message ID="MMI::DriverParameter::PANASONIC_ECAT_A5B::P406" Content="SI7輸入選擇" />
	<Message ID="MMI::DriverParameter::PANASONIC_ECAT_A5B::P407" Content="SI8輸入選擇" />
	<Message ID="MMI::DriverParameter::PANASONIC_ECAT_A5B::P410" Content="SO1輸出選擇" />
	<Message ID="MMI::DriverParameter::PANASONIC_ECAT_A5B::P411" Content="SO2輸出選擇" />
	<Message ID="MMI::DriverParameter::PANASONIC_ECAT_A5B::P412" Content="SO3輸出選擇" />
	<Message ID="MMI::DriverParameter::PANASONIC_ECAT_A5B::P416" Content="模擬監視器1種類" />
	<Message ID="MMI::DriverParameter::PANASONIC_ECAT_A5B::P417" Content="模擬監視器1輸出增益" />
	<Message ID="MMI::DriverParameter::PANASONIC_ECAT_A5B::P418" Content="模擬監視器2種類" />
	<Message ID="MMI::DriverParameter::PANASONIC_ECAT_A5B::P419" Content="模擬監視器2輸出增益" />
	<Message ID="MMI::DriverParameter::PANASONIC_ECAT_A5B::P421" Content="模擬監視器輸出設定" />
	<Message ID="MMI::DriverParameter::PANASONIC_ECAT_A5B::P431" Content="定位完成範圍(pulse)" />
	<Message ID="MMI::DriverParameter::PANASONIC_ECAT_A5B::P432" Content="定位完成輸出設定" />
	<Message ID="MMI::DriverParameter::PANASONIC_ECAT_A5B::P433" Content="INP保持時間(ms)" />
	<Message ID="MMI::DriverParameter::PANASONIC_ECAT_A5B::P434" Content="零速(rpm)" />
	<Message ID="MMI::DriverParameter::PANASONIC_ECAT_A5B::P435" Content="速度一致寬度(rpm)" />
	<Message ID="MMI::DriverParameter::PANASONIC_ECAT_A5B::P436" Content="到達速度(rpm)" />
	<Message ID="MMI::DriverParameter::PANASONIC_ECAT_A5B::P437" Content="停止時機械制動器動作設定(ms)" />
	<Message ID="MMI::DriverParameter::PANASONIC_ECAT_A5B::P438" Content="動作時機械制動器動作設定(ms)" />
	<Message ID="MMI::DriverParameter::PANASONIC_ECAT_A5B::P439" Content="制動器解除速度設定(rpm)" />
	<Message ID="MMI::DriverParameter::PANASONIC_ECAT_A5B::P440" Content="警告輸出選擇1" />
	<Message ID="MMI::DriverParameter::PANASONIC_ECAT_A5B::P441" Content="警告輸出選擇2" />
	<Message ID="MMI::DriverParameter::PANASONIC_ECAT_A5B::P442" Content="第2定位完成範圍(pulse)" />
	<Message ID="MMI::DriverParameter::PANASONIC_ECAT_A5B::P504" Content="驅動禁止輸入設定" />
	<Message ID="MMI::DriverParameter::PANASONIC_ECAT_A5B::P505" Content="驅動禁止時時序" />
	<Message ID="MMI::DriverParameter::PANASONIC_ECAT_A5B::P506" Content="伺服使能關閉時時序" />
	<Message ID="MMI::DriverParameter::PANASONIC_ECAT_A5B::P507" Content="主電源Off時時序" />
	<Message ID="MMI::DriverParameter::PANASONIC_ECAT_A5B::P508" Content="主電源Off時LV觸發選擇" />
	<Message ID="MMI::DriverParameter::PANASONIC_ECAT_A5B::P509" Content="主電源Off檢出時間(ms)" />
	<Message ID="MMI::DriverParameter::PANASONIC_ECAT_A5B::P510" Content="報警時時序" />
	<Message ID="MMI::DriverParameter::PANASONIC_ECAT_A5B::P511" Content="立即停止時轉矩設定(%)" />
	<Message ID="MMI::DriverParameter::PANASONIC_ECAT_A5B::P512" Content="超載等級設定(%)" />
	<Message ID="MMI::DriverParameter::PANASONIC_ECAT_A5B::P513" Content="過速等級設定(rpm)" />
	<Message ID="MMI::DriverParameter::PANASONIC_ECAT_A5B::P514" Content="電機可動範圍設定(0.1rev)" />
	<Message ID="MMI::DriverParameter::PANASONIC_ECAT_A5B::P515" Content="控制輸入信號讀取設定" />
	<Message ID="MMI::DriverParameter::PANASONIC_ECAT_A5B::P521" Content="轉矩限制選擇" />
	<Message ID="MMI::DriverParameter::PANASONIC_ECAT_A5B::P522" Content="第2轉矩限制(%)" />
	<Message ID="MMI::DriverParameter::PANASONIC_ECAT_A5B::P531" Content="USB 軸地址" />
	<Message ID="MMI::DriverParameter::PANASONIC_ECAT_A5B::P602" Content="速度偏差過大設定(rpm)" />
	<Message ID="MMI::DriverParameter::PANASONIC_ECAT_A5B::P605" Content="位置第3增益有效時間(0.1ms)" />
	<Message ID="MMI::DriverParameter::PANASONIC_ECAT_A5B::P606" Content="位置第3增益倍率(%)" />
	<Message ID="MMI::DriverParameter::PANASONIC_ECAT_A5B::P607" Content="轉矩指令加算值(%)" />
	<Message ID="MMI::DriverParameter::PANASONIC_ECAT_A5B::P608" Content="正方向轉矩補償值(%)" />
	<Message ID="MMI::DriverParameter::PANASONIC_ECAT_A5B::P609" Content="負方向轉矩補償值(%)" />
	<Message ID="MMI::DriverParameter::PANASONIC_ECAT_A5B::P610" Content="功能擴展設定" />
	<Message ID="MMI::DriverParameter::PANASONIC_ECAT_A5B::P611" Content="電流回應設定(%)" />
	<Message ID="MMI::DriverParameter::PANASONIC_ECAT_A5B::P614" Content="報警時立即停止時間(ms)" />
	<Message ID="MMI::DriverParameter::PANASONIC_ECAT_A5B::P615" Content="第2過速度等級設定(rpm)" />
	<Message ID="MMI::DriverParameter::PANASONIC_ECAT_A5B::P618" Content="電源接通等待時間(0.1s)" />
	<Message ID="MMI::DriverParameter::PANASONIC_ECAT_A5B::P623" Content="外亂轉矩補償增益(%)" />
	<Message ID="MMI::DriverParameter::PANASONIC_ECAT_A5B::P624" Content="外亂觀測濾波器(%)" />
	<Message ID="MMI::DriverParameter::PANASONIC_ECAT_A5B::P631" Content="即時自動調整-推定速度" />
	<Message ID="MMI::DriverParameter::PANASONIC_ECAT_A5B::P632" Content="即時自動調整-用戶設定" />
	<Message ID="MMI::DriverParameter::PANASONIC_ECAT_A5B::P637" Content="發振檢出等級(0.1%)" />
	<Message ID="MMI::DriverParameter::PANASONIC_ECAT_A5B::P638" Content="警告遮罩設定" />
	<Message ID="MMI::DriverParameter::PANASONIC_ECAT_A5B::P641" Content="第1制振深度" />
	<Message ID="MMI::DriverParameter::PANASONIC_ECAT_A5B::P642" Content="2段轉矩濾波器時間常數(0.01ms)" />
	<Message ID="MMI::DriverParameter::PANASONIC_ECAT_A5B::P643" Content="2段轉矩濾波器衰減項" />
	<Message ID="MMI::DriverParameter::PANASONIC_ECAT_A5B::P647" Content="功能擴展設定2" />
	<Message ID="MMI::DriverParameter::PANASONIC_ECAT_A5B::P648" Content="調整濾波器(0.1ms)" />
	<Message ID="MMI::DriverParameter::PANASONIC_ECAT_A5B::P649" Content="指令回應濾波器衰減項設定" />
	<Message ID="MMI::DriverParameter::PANASONIC_ECAT_A5B::P650" Content="粘性摩擦補償增益(0.1%/10000rpm)" />
	<Message ID="MMI::DriverParameter::PANASONIC_ECAT_A5B::P651" Content="立即停止完了等待時間(ms)" />
	<Message ID="MMI::DriverParameter::PANASONIC_ECAT_A5B::P700" Content="LED 表示內容" />
	<Message ID="MMI::DriverParameter::PANASONIC_ECAT_A5B::P701" Content="電源接通時的地址表示時間設定(100ms)" />
	<Message ID="MMI::DriverParameter::PANASONIC_ECAT_A5B::P703" Content="轉矩限制中輸出設定" />
	<Message ID="MMI::DriverParameter::PANASONIC_ECAT_A5B::P714" Content="主電源關閉警告檢出時間(ms)" />
	<Message ID="MMI::DriverParameter::PANASONIC_ECAT_A5B::P716" Content="轉矩飽和異常保護次數" />
	<Message ID="MMI::DriverParameter::PANASONIC_ECAT_A5B::P722" Content="通信功能擴展設定1" />
	<Message ID="MMI::DriverParameter::PANASONIC_ECAT_A5B::P723" Content="通信功能擴展設定2" />
	<Message ID="MMI::DriverParameter::PANASONIC_ECAT_A5B::P724" Content="通信功能擴展設定3" />
	<Message ID="MMI::DriverParameter::PANASONIC_ECAT_A5B::P740" Content="Station alias設定" />
	<Message ID="MMI::DriverParameter::PANASONIC_ECAT_A5B::P741" Content="站別名選擇" />
	<Message ID="MMI::DriverParameter::PANASONIC_ECAT_A5B::P742" Content="通信異常連續發生次數上限" />
	<Message ID="MMI::DriverParameter::PANASONIC_ECAT_A5B::P743" Content="Lost link檢出時間(ms)" />
	<Message ID="MMI::DriverParameter::PANASONIC_ECAT_A5B::P744" Content="軟體版本" />
</ResMap>
