﻿<?xml version="1.0" encoding="UTF-8"?>
<Screen>
	<Name>InstallScreen</Name>
	<Width>450</Width>
	<Height>170</Height>
	<Label>
		<Caption>STR::MMI::Setup::Lab_Title::InstallMsg</Caption>
		<Name>Lab_InstallMsg</Name>
		<Left>60</Left>
		<Top>20</Top>
		<Width>125</Width>
		<Height>25</Height>
		<Alignment>2</Alignment>
		<FontSize>12</FontSize>
		<BorderStyle>0</BorderStyle>
		<ForeColor>0,0,0</ForeColor>
	</Label>
	<Label>
		<Caption></Caption>
		<Name>Lab_InstallMsgValue</Name>
		<Left>190</Left>
		<Top>20</Top>
		<Width>250</Width>
		<Height>25</Height>
		<Alignment>0</Alignment>
		<FontSize>12</FontSize>
		<BorderStyle>1</BorderStyle>
		<BorderColor>128,128,128</BorderColor>
		<ForeColor>0,0,255</ForeColor>
		<BackColor>255,255,255</BackColor>
	</Label>
	<Label>
		<Caption>STR::MMI::Setup::Lab_Title::InstallData</Caption>
		<Name>Lab_InstallData</Name>
		<Left>10</Left>
		<Top>50</Top>
		<Width>120</Width>
		<Height>25</Height>
		<Alignment>2</Alignment>
		<FontSize>12</FontSize>
		<BorderStyle>0</BorderStyle>
		<ForeColor>0,0,0</ForeColor>
	</Label>
	<Label>
		<Caption>STR::MMI::Setup::Lab_Title::SysName</Caption>
		<Name>Lab_SystemName</Name>
		<Left>10</Left>
		<Top>80</Top>
		<Width>120</Width>
		<Height>25</Height>
		<Alignment>2</Alignment>
		<BorderStyle>1</BorderStyle>
		<FontSize>12</FontSize>
		<ForeColor>0,0,0</ForeColor>
		<BackColor>255,255,255</BackColor>
	</Label>
	<Label>
		<Caption></Caption>
		<Name>Lab_SystemNameValue</Name>
		<Left>125</Left>
		<Top>80</Top>
		<Width>200</Width>
		<Height>25</Height>
		<Alignment>0</Alignment>
		<FontSize>12</FontSize>
		<BorderStyle>0</BorderStyle>
		<ForeColor>0,0,0</ForeColor>
	</Label>
	<Label>
		<Caption>STR::MMI::Setup::Lab_Title::SysVer</Caption>
		<Name>Lab_SystemVer</Name>
		<Left>10</Left>
		<Top>110</Top>
		<Width>120</Width>
		<Height>25</Height>
		<Alignment>2</Alignment>
		<BorderStyle>1</BorderStyle>
		<FontSize>12</FontSize>
		<ForeColor>0,0,0</ForeColor>
		<BackColor>255,255,255</BackColor>
	</Label>
	<Label>
		<Caption></Caption>
		<Name>Lab_SystemVerValue</Name>
		<Left>125</Left>
		<Top>110</Top>
		<Width>200</Width>
		<Height>25</Height>
		<Alignment>0</Alignment>
		<FontSize>12</FontSize>
		<BorderStyle>0</BorderStyle>
		<ForeColor>0,0,0</ForeColor>
	</Label>
	<Label>
		<Caption>STR::MMI::Setup::Lab_Title::InstallName</Caption>
		<Name>Lab_InstallFileName</Name>
		<Left>10</Left>
		<Top>140</Top>
		<Width>120</Width>
		<Height>25</Height>
		<Alignment>2</Alignment>
		<BorderStyle>1</BorderStyle>
		<FontSize>12</FontSize>
		<ForeColor>0,0,0</ForeColor>
		<BackColor>255,255,255</BackColor>
	</Label>
	<Label>
		<Caption></Caption>
		<Name>Lab_InstallNameValue</Name>
		<Left>125</Left>
		<Top>140</Top>
		<Width>280</Width>
		<Height>25</Height>
		<Alignment>0</Alignment>
		<FontSize>12</FontSize>
		<BorderStyle>0</BorderStyle>
		<ForeColor>0,0,0</ForeColor>
	</Label>
	<Picture>
		<Name>Pic_Install</Name>
		<Left>10</Left>
		<Top>10</Top>
		<Width>40</Width>
		<Height>40</Height>
		<Picture>Install.jpg</Picture>
	</Picture>
</Screen>
