<CycleFile>
	<Cycle Name="Cycle_Tunning_DELTA">
  		<Field Name="category477" Value="2"/>
  		<Field Name="item477" Value="1"/>
	</Cycle>
	<Cycle Name="Cycle_Tunning_DELTA">
  		<Field Name="category477" Value="2"/>
		<Field Name="item477" Value="2"/>
	</Cycle>
	<Cycle Name="Cycle_Tunning_DELTA">
		<Field Name="category477" Value="2"/>
		<Field Name="item477" Value="3"/>
	</Cycle>
	<Cycle Name="Cycle_Tunning_DELTA">
  		<Field Name="category477" Value="3"/>
  		<Field Name="item477" Value="1"/>
	</Cycle>
	<Cycle Name="Cycle_Tunning_DELTA">
		<Field Name="category477" Value="3"/>
		<Field Name="item477" Value="2"/>
	</Cycle>
	<Cycle Name="Cycle_Tunning_DELTA">
		<Field Name="category477" Value="3"/>
		<Field Name="item477" Value="3"/>
	</Cycle> 
	<Cycle Name="Cycle_Tunning_DELTA">
  		<Field Name="category477" Value="3"/>
  		<Field Name="item477" Value="4"/>
	</Cycle>
	<Cycle Name="Cycle_Tunning_YASKAWA">
		<Field Name="category1000" Value="1"/>
		<Field Name="item1000" Value="3"/>
	</Cycle>
	<Cycle Name="Cycle_Tunning_YASKAWA">
		<Field Name="category1000" Value="1"/>
		<Field Name="item1000" Value="6"/>
	</Cycle>
	<Cycle Name="Cycle_Tunning_YASKAWA">
  		<Field Name="category1000" Value="1"/>
  		<Field Name="item1000" Value="8"/>
	</Cycle>
	<Cycle Name="Cycle_Tunning_YASKAWA">
		<Field Name="category1000" Value="2"/>
		<Field Name="item1000" Value="1"/>
	</Cycle>
	<Cycle Name="Cycle_Tunning_YASKAWA">
		<Field Name="category1000" Value="2"/>
		<Field Name="item1000" Value="2"/>
	</Cycle>
	<Cycle Name="Cycle_Tunning_YASKAWA">
		<Field Name="category1000" Value="2"/>
		<Field Name="item1000" Value="3"/>
	</Cycle>
	<Cycle Name="Cycle_Tunning_YASKAWA">
		<Field Name="category1000" Value="2"/>
		<Field Name="item1000" Value="4"/>
	</Cycle>
	<Cycle Name="Cycle_Tunning_YASKAWA">
		<Field Name="category1000" Value="2"/>
		<Field Name="item1000" Value="8"/>
	</Cycle>
	<Cycle Name="Cycle_Tunning_YASKAWA">
		<Field Name="category1000" Value="2"/>
		<Field Name="item1000" Value="9"/>
	</Cycle>
	<Cycle Name="Cycle_Tunning_YASKAWA">
		<Field Name="category1000" Value="2"/>
		<Field Name="item1000" Value="15"/>
	</Cycle>
	<Cycle Name="Cycle_Tunning_YASKAWA">
		<Field Name="category1000" Value="2"/>
		<Field Name="item1000" Value="27"/>
	</Cycle>
	<Cycle Name="Cycle_Tunning_YASKAWA">
		<Field Name="category1000" Value="2"/>
		<Field Name="item1000" Value="40"/>
	</Cycle>
	<Cycle Name="Cycle_Tunning_YASKAWA">
		<Field Name="category1000" Value="2"/>
		<Field Name="item1000" Value="46"/>
	</Cycle>
	<Cycle Name="Cycle_Tunning_YASKAWA">
		<Field Name="category1000" Value="3"/>
		<Field Name="item1000" Value="4"/>
	</Cycle>
	<Cycle Name="Cycle_Tunning_YASKAWA">
  		<Field Name="category1000" Value="3"/>
  		<Field Name="item1000" Value="5"/>
	</Cycle>
	<Cycle Name="Cycle_Tunning_YASKAWA">
		<Field Name="category1000" Value="3"/>
		<Field Name="item1000" Value="6"/>
	</Cycle>
	<Cycle Name="Cycle_Tunning_YASKAWA">
		<Field Name="category1000" Value="5"/>
		<Field Name="item1000" Value="1"/>
	</Cycle>
	<Cycle Name="Cycle_Tunning_YASKAWA">
		<Field Name="category1000" Value="5"/>
		<Field Name="item1000" Value="8"/>
	</Cycle>
	<Cycle Name="Cycle_Tunning_YASKAWA">
		<Field Name="category1000" Value="5"/>
		<Field Name="item1000" Value="9"/>
	</Cycle>
	<Cycle Name="Cycle_Tunning_YASKAWA">
		<Field Name="category1000" Value="5"/>
		<Field Name="item1000" Value="12"/>
	</Cycle>
	<Cycle Name="Cycle_Tunning_YASKAWA">
		<Field Name="category1000" Value="5"/>
		<Field Name="item1000" Value="21"/>
	</Cycle>
	<Cycle Name="Cycle_Tunning_YASKAWA">
		<Field Name="category1000" Value="6"/>
		<Field Name="item1000" Value="3"/>
	</Cycle>
	<Cycle Name="Cycle_Tunning_YASKAWA">
		<Field Name="category1000" Value="6"/>
		<Field Name="item1000" Value="7"/>
	</Cycle>
	<Cycle Name="Cycle_Tunning_YASKAWA">
		<Field Name="category1000" Value="6"/>
		<Field Name="item1000" Value="8"/>
	</Cycle>
	<Cycle Name="Cycle_Tunning_YASKAWA">
		<Field Name="category1000" Value="6"/>
		<Field Name="item1000" Value="10"/>
	</Cycle>
	<Cycle Name="Cycle_Tunning_YASKAWA">
		<Field Name="category1000" Value="7"/>
		<Field Name="item1000" Value="1"/>
	</Cycle>
	<Cycle Name="Cycle_Tunning_SYNTEC">
		<Field Name="category2000" Value="1"/>
		<Field Name="item2000" Value="1"/>
	</Cycle>
</CycleFile>
