﻿<?xml version="1.0" encoding="UTF-8"?>
<Screen>
	<Name>SerialPLCAxisParamData</Name>
	<Panel>
		<Name>Panel_SerialPLCAxisParam</Name>
		<Left>0</Left>
		<Top>0</Top>
		<Width>800</Width>
		<Height>470</Height>
		<BackColor>192,192,192</BackColor>
	</Panel>
	<Label>
		<Name>Lab_PageNo</Name>
		<Caption></Caption>
		<Left>720</Left>
		<Top>20</Top>
		<Width>60</Width>
		<Height>20</Height>
		<Alignment>2</Alignment>
		<FontSize>13</FontSize>
		<ForeColor>0,128,0</ForeColor>
		<BackColor>192,192,192</BackColor>
	</Label>
	<Label>
		<Name>Lab_ParamTitleHead</Name>
		<Caption>STR::Browser::SPLCAParam::Title</Caption>
		<Left>40</Left>
		<Top>50</Top>
		<Width>300</Width>
		<Height>20</Height>
		<Alignment>2</Alignment>
		<FontSize>13</FontSize>
		<ForeColor>0,128,0</ForeColor>
		<BackColor>192,192,192</BackColor>
	</Label>
	<Label>
		<Name>Lab_AxisPrev</Name>
		<Caption>&lt;&lt;</Caption>
		<Left>340</Left>
		<Top>50</Top>
		<Height>20</Height>
		<Width>20</Width>
		<Alignment>2</Alignment>
		<BorderStyle>0</BorderStyle>
		<FontSize>9</FontSize>
		<ForeColor>0,128,0</ForeColor>
		<BackColor>192,192,192</BackColor>
	</Label>
	<Label>
		<Name>Lab_AxisHead_1</Name>
		<Caption></Caption>
		<Left>360</Left>
		<Top>50</Top>
		<Width>140</Width>
		<Height>20</Height>
		<Alignment>2</Alignment>
		<FontSize>13</FontSize>
		<ForeColor>0,128,0</ForeColor>
		<BackColor>192,192,192</BackColor>
	</Label>
	<Label>
		<Name>Lab_AxisHead_2</Name>
		<Caption></Caption>
		<Left>500</Left>
		<Top>50</Top>
		<Width>140</Width>
		<Height>20</Height>
		<Alignment>2</Alignment>
		<FontSize>13</FontSize>
		<ForeColor>0,128,0</ForeColor>
		<BackColor>192,192,192</BackColor>
	</Label>
	<Label>
		<Name>Lab_AxisHead_3</Name>
		<Caption></Caption>
		<Left>640</Left>
		<Top>50</Top>
		<Width>140</Width>
		<Height>20</Height>
		<Alignment>2</Alignment>
		<FontSize>13</FontSize>
		<ForeColor>0,128,0</ForeColor>
		<BackColor>192,192,192</BackColor>
	</Label>
	<Label>
		<Name>Lab_AxisNext</Name>
		<Caption>&gt;&gt;</Caption>
		<Left>780</Left>
		<Top>50</Top>
		<Height>20</Height>
		<Width>20</Width>
		<Alignment>2</Alignment>
		<BorderStyle>0</BorderStyle>
		<FontSize>9</FontSize>
		<ForeColor>0,128,0</ForeColor>
		<BackColor>192,192,192</BackColor>
	</Label>
	<Grid Name="ParamGrid" Height="30" Repeat="10">
		<Label>
			<Name>Lab_ParamTitle</Name>
			<Caption></Caption>
			<Left>20</Left>
			<Top>80</Top>
			<Width>340</Width>
			<Height>30</Height>
			<Alignment>0</Alignment>
			<FontSize>13</FontSize>
			<BorderStyle>1</BorderStyle>
			<BorderColor>0,0,0</BorderColor>
			<ForeColor>255,255,0</ForeColor>
			<BackColor>50,50,50</BackColor>
		</Label>
		<Input>
			<Name>Inp_AxisParam_1</Name>
			<Left>360</Left>
			<Top>80</Top>
			<Width>140</Width>
			<Height>30</Height>
			<Alignment>2</Alignment>
			<FontSize>14</FontSize>
			<BorderStyle>1</BorderStyle>
			<BorderColor>128,128,128</BorderColor>
			<ForeColor>255,255,255</ForeColor>
			<BackColor>0,0,255</BackColor>
			<InputFormat>Long</InputFormat>
			<EmptyVal>accept</EmptyVal>
		</Input>
		<Input>
			<Name>Inp_AxisParam_2</Name>
			<Left>500</Left>
			<Top>80</Top>
			<Width>140</Width>
			<Height>30</Height>
			<Alignment>2</Alignment>
			<FontSize>14</FontSize>
			<BorderStyle>1</BorderStyle>
			<BorderColor>128,128,128</BorderColor>
			<ForeColor>255,255,255</ForeColor>
			<BackColor>0,0,255</BackColor>
			<InputFormat>Long</InputFormat>
			<EmptyVal>accept</EmptyVal>
		</Input>
		<Input>
			<Name>Inp_AxisParam_3</Name>
			<Left>640</Left>
			<Top>80</Top>
			<Width>140</Width>
			<Height>30</Height>
			<Alignment>2</Alignment>
			<FontSize>14</FontSize>
			<BorderStyle>1</BorderStyle>
			<BorderColor>128,128,128</BorderColor>
			<ForeColor>255,255,255</ForeColor>
			<BackColor>0,0,255</BackColor>
			<InputFormat>Long</InputFormat>
			<EmptyVal>accept</EmptyVal>
		</Input>
	</Grid>
</Screen>
