﻿<?xml version="1.0" encoding="utf-8" ?>
<ResMap>
	<!-- ============Warning Message for param. sync. ============= -->
	<Message ID="MMI::ParamSync::SYNTEC::Save" Content="新代驅動器參數已同步，請在未就緒狀態執行串列參數永久儲存" />
	
	<!-- ================ SYNTEC_M2 Parameter ===================== -->
	<Message ID="MMI::DriverParameter::SYNTEC::P0" Content="通訊參數" />
	<Message ID="MMI::DriverParameter::SYNTEC::P0-00" Content="*上位控制器通訊介面" />
	<Message ID="MMI::DriverParameter::SYNTEC::P0-01" Content="*驅動器局號" />
	<Message ID="MMI::DriverParameter::SYNTEC::P0-02" Content="*UART傳輸速率" />
	<Message ID="MMI::DriverParameter::SYNTEC::P0-03" Content="*UART封包協定" />
	<Message ID="MMI::DriverParameter::SYNTEC::P0-04" Content="P0-04" />
	<Message ID="MMI::DriverParameter::SYNTEC::P0-05" Content="P0-05" />
	<Message ID="MMI::DriverParameter::SYNTEC::P0-06" Content="P0-06" />
	<Message ID="MMI::DriverParameter::SYNTEC::P0-07" Content="P0-07" />
	<Message ID="MMI::DriverParameter::SYNTEC::P0-08" Content="P0-08" />
	<Message ID="MMI::DriverParameter::SYNTEC::P0-09" Content="P0-09" />
	<Message ID="MMI::DriverParameter::SYNTEC::P1" Content="配機參數" />
	<Message ID="MMI::DriverParameter::SYNTEC::P1-00" Content="控制模式" />
	<Message ID="MMI::DriverParameter::SYNTEC::P1-01" Content="速度控制模式" />
	<Message ID="MMI::DriverParameter::SYNTEC::P1-02" Content="P1-02" />
	<Message ID="MMI::DriverParameter::SYNTEC::P1-03" Content="P1-03" />
	<Message ID="MMI::DriverParameter::SYNTEC::P1-04" Content="P1-04" />
	<Message ID="MMI::DriverParameter::SYNTEC::P1-05" Content="P1-05" />
	<Message ID="MMI::DriverParameter::SYNTEC::P1-06" Content="P1-06" />
	<Message ID="MMI::DriverParameter::SYNTEC::P1-07" Content="P1-07" />
	<Message ID="MMI::DriverParameter::SYNTEC::P1-08" Content="P1-08" />
	<Message ID="MMI::DriverParameter::SYNTEC::P1-09" Content="P1-09" />
	<Message ID="MMI::DriverParameter::SYNTEC::P1-20" Content="外接回生電阻歐姆數" />
	<Message ID="MMI::DriverParameter::SYNTEC::P1-21" Content="外接回生電阻瓦特數" />
	<Message ID="MMI::DriverParameter::SYNTEC::P1-22" Content="P1-22" />
	<Message ID="MMI::DriverParameter::SYNTEC::P1-23" Content="P1-23" />
	<Message ID="MMI::DriverParameter::SYNTEC::P1-24" Content="P1-24" />
	<Message ID="MMI::DriverParameter::SYNTEC::P1-25" Content="P1-25" />
	<Message ID="MMI::DriverParameter::SYNTEC::P1-26" Content="P1-26" />
	<Message ID="MMI::DriverParameter::SYNTEC::P1-27" Content="P1-27" />
	<Message ID="MMI::DriverParameter::SYNTEC::P1-28" Content="P1-28" />
	<Message ID="MMI::DriverParameter::SYNTEC::P1-29" Content="P1-29" />
	<Message ID="MMI::DriverParameter::SYNTEC::P1-30" Content="開啟驅動器KTY84過溫度保護功能" />
	<Message ID="MMI::DriverParameter::SYNTEC::P1-31" Content="驅動器KTY84過溫度保護準位" />
	<Message ID="MMI::DriverParameter::SYNTEC::P1-32" Content="一回授新代編碼器內部KTY84過溫度準位" />
	<Message ID="MMI::DriverParameter::SYNTEC::P1-33" Content="一回授新代編碼器外部一KTY84過溫度準位" />
	<Message ID="MMI::DriverParameter::SYNTEC::P1-34" Content="一回授新代編碼器外部二KTY84過溫度準位" />
	<Message ID="MMI::DriverParameter::SYNTEC::P1-35" Content="P1-35" />
	<Message ID="MMI::DriverParameter::SYNTEC::P1-36" Content="二回授新代編碼器內部KTY84過溫度準位" />
	<Message ID="MMI::DriverParameter::SYNTEC::P1-37" Content="二回授新代編碼器外部一KTY84過溫度準位" />
	<Message ID="MMI::DriverParameter::SYNTEC::P1-38" Content="二回授新代編碼器外部二KTY84過溫度準位" />
	<Message ID="MMI::DriverParameter::SYNTEC::P1-39" Content="P1-39" />
	<Message ID="MMI::DriverParameter::SYNTEC::P1-40" Content="I0對應功能" />
	<Message ID="MMI::DriverParameter::SYNTEC::P1-41" Content="I1對應功能" />
	<Message ID="MMI::DriverParameter::SYNTEC::P1-42" Content="I2對應功能" />
	<Message ID="MMI::DriverParameter::SYNTEC::P1-43" Content="I3對應功能" />
	<Message ID="MMI::DriverParameter::SYNTEC::P1-44" Content="I4對應功能" />
	<Message ID="MMI::DriverParameter::SYNTEC::P1-45" Content="I5對應功能" />
	<Message ID="MMI::DriverParameter::SYNTEC::P1-46" Content="I6對應功能" />
	<Message ID="MMI::DriverParameter::SYNTEC::P1-47" Content="I7對應功能" />
	<Message ID="MMI::DriverParameter::SYNTEC::P1-48" Content="I8對應功能" />
	<Message ID="MMI::DriverParameter::SYNTEC::P1-49" Content="I9對應功能" />
	<Message ID="MMI::DriverParameter::SYNTEC::P1-50" Content="I10對應功能" />
	<Message ID="MMI::DriverParameter::SYNTEC::P1-51" Content="I11對應功能" />
	<Message ID="MMI::DriverParameter::SYNTEC::P1-52" Content="I12對應功能" />
	<Message ID="MMI::DriverParameter::SYNTEC::P1-53" Content="I13對應功能" />
	<Message ID="MMI::DriverParameter::SYNTEC::P1-54" Content="I14對應功能" />
	<Message ID="MMI::DriverParameter::SYNTEC::P1-55" Content="I15對應功能" />
	<Message ID="MMI::DriverParameter::SYNTEC::P1-56" Content="P1-56" />
	<Message ID="MMI::DriverParameter::SYNTEC::P1-57" Content="P1-57" />
	<Message ID="MMI::DriverParameter::SYNTEC::P1-58" Content="P1-58" />
	<Message ID="MMI::DriverParameter::SYNTEC::P1-59" Content="P1-59" />
	<Message ID="MMI::DriverParameter::SYNTEC::P1-60" Content="O0對應功能" />
	<Message ID="MMI::DriverParameter::SYNTEC::P1-61" Content="O1對應功能" />
	<Message ID="MMI::DriverParameter::SYNTEC::P1-62" Content="O2對應功能" />
	<Message ID="MMI::DriverParameter::SYNTEC::P1-63" Content="O3對應功能" />
	<Message ID="MMI::DriverParameter::SYNTEC::P1-64" Content="O4對應功能" />
	<Message ID="MMI::DriverParameter::SYNTEC::P1-65" Content="O5對應功能" />
	<Message ID="MMI::DriverParameter::SYNTEC::P1-66" Content="O6對應功能" />
	<Message ID="MMI::DriverParameter::SYNTEC::P1-67" Content="O7對應功能" />
	<Message ID="MMI::DriverParameter::SYNTEC::P1-68" Content="O8對應功能" />
	<Message ID="MMI::DriverParameter::SYNTEC::P1-69" Content="O9對應功能" />
	<Message ID="MMI::DriverParameter::SYNTEC::P1-70" Content="O10對應功能" />
	<Message ID="MMI::DriverParameter::SYNTEC::P1-71" Content="O11對應功能" />
	<Message ID="MMI::DriverParameter::SYNTEC::P1-72" Content="O12對應功能" />
	<Message ID="MMI::DriverParameter::SYNTEC::P1-73" Content="O13對應功能" />
	<Message ID="MMI::DriverParameter::SYNTEC::P1-74" Content="O14對應功能" />
	<Message ID="MMI::DriverParameter::SYNTEC::P1-75" Content="O15對應功能" />
	<Message ID="MMI::DriverParameter::SYNTEC::P1-76" Content="P1-76" />
	<Message ID="MMI::DriverParameter::SYNTEC::P1-77" Content="P1-77" />
	<Message ID="MMI::DriverParameter::SYNTEC::P1-78" Content="P1-78" />
	<Message ID="MMI::DriverParameter::SYNTEC::P1-79" Content="P1-79" />
	<Message ID="MMI::DriverParameter::SYNTEC::P2" Content="機電整合調機參數" />
	<Message ID="MMI::DriverParameter::SYNTEC::P2-00" Content="位置命令解析度" />
	<Message ID="MMI::DriverParameter::SYNTEC::P2-01" Content="位置回路增益" />
	<Message ID="MMI::DriverParameter::SYNTEC::P2-02" Content="速度回路增益" />
	<Message ID="MMI::DriverParameter::SYNTEC::P2-03" Content="速度回路積分時間常數" />
	<Message ID="MMI::DriverParameter::SYNTEC::P2-04" Content="速度濾波頻寬" />
	<Message ID="MMI::DriverParameter::SYNTEC::P2-05" Content="負載慣量比" />
	<Message ID="MMI::DriverParameter::SYNTEC::P2-06" Content="扭力命令濾波時間常數" />
	<Message ID="MMI::DriverParameter::SYNTEC::P2-07" Content="弱磁控制電壓準位" />
	<Message ID="MMI::DriverParameter::SYNTEC::P2-08" Content="位置模式下IP控制比例" />
	<Message ID="MMI::DriverParameter::SYNTEC::P2-09" Content="P2-09" />
	<Message ID="MMI::DriverParameter::SYNTEC::P2-10" Content="P2-10" />
	<Message ID="MMI::DriverParameter::SYNTEC::P2-11" Content="P2-11" />
	<Message ID="MMI::DriverParameter::SYNTEC::P2-12" Content="P2-12" />
	<Message ID="MMI::DriverParameter::SYNTEC::P2-13" Content="P2-13" />
	<Message ID="MMI::DriverParameter::SYNTEC::P2-14" Content="P2-14" />
	<Message ID="MMI::DriverParameter::SYNTEC::P2-15" Content="P2-15" />
	<Message ID="MMI::DriverParameter::SYNTEC::P2-16" Content="P2-16" />
	<Message ID="MMI::DriverParameter::SYNTEC::P2-17" Content="P2-17" />
	<Message ID="MMI::DriverParameter::SYNTEC::P2-18" Content="P2-18" />
	<Message ID="MMI::DriverParameter::SYNTEC::P2-19" Content="P2-19" />
	<Message ID="MMI::DriverParameter::SYNTEC::P2-20" Content="擾動補償功能(0:閉;1:開)" />
	<Message ID="MMI::DriverParameter::SYNTEC::P2-21" Content="速度估測器(0:閉;1:開)" />
	<Message ID="MMI::DriverParameter::SYNTEC::P2-22" Content="慣量估測命令來源" />
	<Message ID="MMI::DriverParameter::SYNTEC::P2-23" Content="機構耦合型態" />
	<Message ID="MMI::DriverParameter::SYNTEC::P2-24" Content="P2-24" />
	<Message ID="MMI::DriverParameter::SYNTEC::P2-25" Content="P2-25" />
	<Message ID="MMI::DriverParameter::SYNTEC::P2-26" Content="P2-26" />
	<Message ID="MMI::DriverParameter::SYNTEC::P2-27" Content="P2-27" />
	<Message ID="MMI::DriverParameter::SYNTEC::P2-28" Content="P2-28" />
	<Message ID="MMI::DriverParameter::SYNTEC::P2-29" Content="P2-29" />
	<Message ID="MMI::DriverParameter::SYNTEC::P2-30" Content="開啟自訂V/f曲線(0:內定;1:自訂)" />
	<Message ID="MMI::DriverParameter::SYNTEC::P2-31" Content="V/f操作曲線第一輸出頻率" />
	<Message ID="MMI::DriverParameter::SYNTEC::P2-32" Content="V/f操作曲線第一輸出電壓" />
	<Message ID="MMI::DriverParameter::SYNTEC::P2-33" Content="V/f操作曲線第二輸出頻率" />
	<Message ID="MMI::DriverParameter::SYNTEC::P2-34" Content="V/f操作曲線第二輸出電壓" />
	<Message ID="MMI::DriverParameter::SYNTEC::P2-80" Content="第一段Notch Filter開關" />
	<Message ID="MMI::DriverParameter::SYNTEC::P2-81" Content="第一段Notch Filter頻率" />
	<Message ID="MMI::DriverParameter::SYNTEC::P2-82" Content="第一段Notch Filter Q值" />
	<Message ID="MMI::DriverParameter::SYNTEC::P2-83" Content="第一段Notch Filter深度" />
	<Message ID="MMI::DriverParameter::SYNTEC::P2-84" Content="第二段Notch Filter開關" />
	<Message ID="MMI::DriverParameter::SYNTEC::P2-85" Content="第二段Notch Filter頻率" />
	<Message ID="MMI::DriverParameter::SYNTEC::P2-86" Content="第二段Notch Filter Q值" />
	<Message ID="MMI::DriverParameter::SYNTEC::P2-87" Content="第二段Notch Filter深度" />
	<Message ID="MMI::DriverParameter::SYNTEC::P2-88" Content="第三段Notch Filter開關" />
	<Message ID="MMI::DriverParameter::SYNTEC::P2-89" Content="第三段Notch Filter頻率" />
	<Message ID="MMI::DriverParameter::SYNTEC::P2-90" Content="第三段Notch Filter Q值" />
	<Message ID="MMI::DriverParameter::SYNTEC::P2-91" Content="第三段Notch Filter深度" />
	<Message ID="MMI::DriverParameter::SYNTEC::P3" Content="馬達規格參數" />
	<Message ID="MMI::DriverParameter::SYNTEC::P3-00" Content="馬達型態" />
	<Message ID="MMI::DriverParameter::SYNTEC::P3-01" Content="馬達極數" />
	<Message ID="MMI::DriverParameter::SYNTEC::P3-02" Content="磁石極對間距(N-N)" />
	<Message ID="MMI::DriverParameter::SYNTEC::P3-03" Content="電機型號" />
	<Message ID="MMI::DriverParameter::SYNTEC::P3-04" Content="電機序號" />
	<Message ID="MMI::DriverParameter::SYNTEC::P3-05" Content="P3-05" />
	<Message ID="MMI::DriverParameter::SYNTEC::P3-06" Content="P3-06" />
	<Message ID="MMI::DriverParameter::SYNTEC::P3-07" Content="P3-07" />
	<Message ID="MMI::DriverParameter::SYNTEC::P3-08" Content="P3-08" />
	<Message ID="MMI::DriverParameter::SYNTEC::P3-09" Content="P3-09" />
	<Message ID="MMI::DriverParameter::SYNTEC::P3-10" Content="馬達額定扭矩" />
	<Message ID="MMI::DriverParameter::SYNTEC::P3-11" Content="馬達最大扭矩" />
	<Message ID="MMI::DriverParameter::SYNTEC::P3-12" Content="馬達額定轉速" />
	<Message ID="MMI::DriverParameter::SYNTEC::P3-13" Content="馬達最高轉速" />
	<Message ID="MMI::DriverParameter::SYNTEC::P3-14" Content="馬達額定電流" />
	<Message ID="MMI::DriverParameter::SYNTEC::P3-15" Content="感應電機額定電壓" />
	<Message ID="MMI::DriverParameter::SYNTEC::P3-16" Content="P3-16" />
	<Message ID="MMI::DriverParameter::SYNTEC::P3-17" Content="P3-17" />
	<Message ID="MMI::DriverParameter::SYNTEC::P3-18" Content="P3-18" />
	<Message ID="MMI::DriverParameter::SYNTEC::P3-19" Content="P3-19" />
	<Message ID="MMI::DriverParameter::SYNTEC::P3-20" Content="*編碼器通訊介面型態" />
	<Message ID="MMI::DriverParameter::SYNTEC::P3-21" Content="*編碼器解析度" />
	<Message ID="MMI::DriverParameter::SYNTEC::P3-22" Content="*編碼器回授方向極性" />
	<Message ID="MMI::DriverParameter::SYNTEC::P3-23" Content="*編碼器增量/絕對型態" />
	<Message ID="MMI::DriverParameter::SYNTEC::P3-24" Content="啟動ABZ編碼器時間解碼功能" />
	<Message ID="MMI::DriverParameter::SYNTEC::P3-25" Content="編碼器SIN準位偏移量" />
	<Message ID="MMI::DriverParameter::SYNTEC::P3-26" Content="編碼器COS準位偏移量" />
	<Message ID="MMI::DriverParameter::SYNTEC::P3-27" Content="編碼器SIN振幅補正量" />
	<Message ID="MMI::DriverParameter::SYNTEC::P3-28" Content="編碼器COS振幅補正量" />
	<Message ID="MMI::DriverParameter::SYNTEC::P3-29" Content="編碼器正餘弦相位角" />
	<Message ID="MMI::DriverParameter::SYNTEC::P3-30" Content="*編碼器極數" />
	<Message ID="MMI::DriverParameter::SYNTEC::P3-31" Content="編碼器節距補償個數" />
	<Message ID="MMI::DriverParameter::SYNTEC::P3-32" Content="編碼器參數儲存保護" />
	<Message ID="MMI::DriverParameter::SYNTEC::P3-33" Content="編碼器感測版型態" />
	<Message ID="MMI::DriverParameter::SYNTEC::P3-34" Content="編碼器失效次數" />
	<Message ID="MMI::DriverParameter::SYNTEC::P3-35" Content="編碼器Zindex位置" />
	<Message ID="MMI::DriverParameter::SYNTEC::P3-36" Content="*編碼器大波誤差補償開啟" />
	<Message ID="MMI::DriverParameter::SYNTEC::P4" Content="馬達調機參數" />
	<Message ID="MMI::DriverParameter::SYNTEC::P4-00" Content="電機激磁軸感抗" />
	<Message ID="MMI::DriverParameter::SYNTEC::P4-01" Content="電機扭力軸感抗" />
	<Message ID="MMI::DriverParameter::SYNTEC::P4-02" Content="電機阻抗" />
	<Message ID="MMI::DriverParameter::SYNTEC::P4-03" Content="感應電機漏感比" />
	<Message ID="MMI::DriverParameter::SYNTEC::P4-04" Content="感應電機激磁電流" />
	<Message ID="MMI::DriverParameter::SYNTEC::P4-05" Content="感應電機轉子時間常數" />
	<Message ID="MMI::DriverParameter::SYNTEC::P4-06" Content="P4-06" />
	<Message ID="MMI::DriverParameter::SYNTEC::P4-07" Content="P4-07" />
	<Message ID="MMI::DriverParameter::SYNTEC::P4-08" Content="P4-08" />
	<Message ID="MMI::DriverParameter::SYNTEC::P4-09" Content="P4-09" />
	<Message ID="MMI::DriverParameter::SYNTEC::P4-10" Content="P4-10" />
	<Message ID="MMI::DriverParameter::SYNTEC::P4-11" Content="P4-11" />
	<Message ID="MMI::DriverParameter::SYNTEC::P4-12" Content="P4-12" />
	<Message ID="MMI::DriverParameter::SYNTEC::P4-13" Content="P4-13" />
	<Message ID="MMI::DriverParameter::SYNTEC::P4-14" Content="P4-14" />
	<Message ID="MMI::DriverParameter::SYNTEC::P4-15" Content="P4-15" />
	<Message ID="MMI::DriverParameter::SYNTEC::P4-16" Content="P4-16" />
	<Message ID="MMI::DriverParameter::SYNTEC::P4-17" Content="P4-17" />
	<Message ID="MMI::DriverParameter::SYNTEC::P4-18" Content="P4-18" />
	<Message ID="MMI::DriverParameter::SYNTEC::P4-19" Content="P4-19" />
	<Message ID="MMI::DriverParameter::SYNTEC::P4-20" Content="轉子慣量" />
	<Message ID="MMI::DriverParameter::SYNTEC::P4-21" Content="機械常數" />
	<Message ID="MMI::DriverParameter::SYNTEC::P4-22" Content="編碼器轉子補正量" />
	<Message ID="MMI::DriverParameter::SYNTEC::P4-23" Content="P4-23" />
	<Message ID="MMI::DriverParameter::SYNTEC::P4-24" Content="P4-24" />
	<Message ID="MMI::DriverParameter::SYNTEC::P4-25" Content="P4-25" />
	<Message ID="MMI::DriverParameter::SYNTEC::P4-26" Content="P4-26" />
	<Message ID="MMI::DriverParameter::SYNTEC::P4-27" Content="P4-27" />
	<Message ID="MMI::DriverParameter::SYNTEC::P4-28" Content="P4-28" />
	<Message ID="MMI::DriverParameter::SYNTEC::P4-29" Content="P4-29" />
	<Message ID="MMI::DriverParameter::SYNTEC::P4-30" Content="電流回路增益" />
	<Message ID="MMI::DriverParameter::SYNTEC::P4-31" Content="電流回路積分時間常數" />
	<Message ID="MMI::DriverParameter::SYNTEC::P4-32" Content="P4-32" />
	<Message ID="MMI::DriverParameter::SYNTEC::P4-33" Content="P4-33" />
	<Message ID="MMI::DriverParameter::SYNTEC::P4-34" Content="P4-34" />
	<Message ID="MMI::DriverParameter::SYNTEC::P4-35" Content="P4-35" />
	<Message ID="MMI::DriverParameter::SYNTEC::P4-36" Content="P4-36" />
	<Message ID="MMI::DriverParameter::SYNTEC::P4-37" Content="P4-37" />
	<Message ID="MMI::DriverParameter::SYNTEC::P4-38" Content="P4-38" />
	<Message ID="MMI::DriverParameter::SYNTEC::P4-39" Content="P4-39" />
	<Message ID="MMI::DriverParameter::SYNTEC::P4-40" Content="弱磁控制功能(0:閉;1:開)" />
	<Message ID="MMI::DriverParameter::SYNTEC::P4-41" Content="頓轉(Cogging)扭矩補償(0:閉;1:開)" />
	<Message ID="MMI::DriverParameter::SYNTEC::P4-42" Content="摩擦力補償力矩" />
	<Message ID="MMI::DriverParameter::SYNTEC::P4-43" Content="高頻注入法增益比例" />
	<Message ID="MMI::DriverParameter::SYNTEC::P4-44" Content="P4-44" />
	<Message ID="MMI::DriverParameter::SYNTEC::P4-45" Content="P4-45" />
	<Message ID="MMI::DriverParameter::SYNTEC::P4-46" Content="P4-46" />
	<Message ID="MMI::DriverParameter::SYNTEC::P4-47" Content="P4-47" />
	<Message ID="MMI::DriverParameter::SYNTEC::P4-48" Content="P4-48" />
	<Message ID="MMI::DriverParameter::SYNTEC::P4-49" Content="P4-49" />
	<Message ID="MMI::DriverParameter::SYNTEC::P4-50" Content="過負載150%的運轉時間" />
	<Message ID="MMI::DriverParameter::SYNTEC::P5" Content="後級參數" />
	<Message ID="MMI::DriverParameter::SYNTEC::P5-00" Content="電源電壓" />
	<Message ID="MMI::DriverParameter::SYNTEC::P5-01" Content="驅動器尖峰電流" />
	<Message ID="MMI::DriverParameter::SYNTEC::P5-02" Content="驅動器額定電流" />
	<Message ID="MMI::DriverParameter::SYNTEC::P5-03" Content="驅動器最高電流" />
	<Message ID="MMI::DriverParameter::SYNTEC::P5-04" Content="內部回生電阻歐姆數" />
	<Message ID="MMI::DriverParameter::SYNTEC::P5-05" Content="內部回生電阻瓦特數" />
	<Message ID="MMI::DriverParameter::SYNTEC::P5-06" Content="*PWM頻率" />
	<Message ID="MMI::DriverParameter::SYNTEC::P5-07" Content="*後級ID" />
	<Message ID="MMI::DriverParameter::SYNTEC::P5-08" Content="死區時間" />
	<Message ID="MMI::DriverParameter::SYNTEC::P5-09" Content="PWM輸出相序" />
	<Message ID="MMI::DriverParameter::SYNTEC::P5-10" Content="電流感測器數量" />
	<Message ID="MMI::DriverParameter::SYNTEC::P5-11" Content="電流迴授Scale" />
	<Message ID="MMI::DriverParameter::SYNTEC::P5-12" Content="最大電壓" />
	<Message ID="MMI::DriverParameter::SYNTEC::P5-13" Content="P5-13" />
	<Message ID="MMI::DriverParameter::SYNTEC::P5-14" Content="P5-14" />
	<Message ID="MMI::DriverParameter::SYNTEC::P5-15" Content="P5-15" />
	<Message ID="MMI::DriverParameter::SYNTEC::P5-16" Content="P5-16" />
	<Message ID="MMI::DriverParameter::SYNTEC::P5-17" Content="P5-17" />
	<Message ID="MMI::DriverParameter::SYNTEC::P5-18" Content="P5-18" />
	<Message ID="MMI::DriverParameter::SYNTEC::P5-19" Content="P5-19" />
	<Message ID="MMI::DriverParameter::SYNTEC::P5-20" Content="A相電流Offset" />
	<Message ID="MMI::DriverParameter::SYNTEC::P5-21" Content="B相電流Offset" />
	<Message ID="MMI::DriverParameter::SYNTEC::P5-22" Content="C相電流Offset" />
	<Message ID="MMI::DriverParameter::SYNTEC::P5-23" Content="A相電流Scale" />
	<Message ID="MMI::DriverParameter::SYNTEC::P5-24" Content="B相電流Scale" />
	<Message ID="MMI::DriverParameter::SYNTEC::P5-25" Content="C相電流Scale" />
	<Message ID="MMI::DriverParameter::SYNTEC::P5-26" Content="P5-26" />
	<Message ID="MMI::DriverParameter::SYNTEC::P5-27" Content="P5-27" />
	<Message ID="MMI::DriverParameter::SYNTEC::P5-28" Content="啟動電壓補償功能" />
	<Message ID="MMI::DriverParameter::SYNTEC::P5-29" Content="電壓補償等效壓降" />
	<Message ID="MMI::DriverParameter::SYNTEC::P5-30" Content="電壓補償電流命令1" />
	<Message ID="MMI::DriverParameter::SYNTEC::P5-31" Content="電壓補償電流命令2" />
	<Message ID="MMI::DriverParameter::SYNTEC::P5-32" Content="電壓補償電流命令3" />
	<Message ID="MMI::DriverParameter::SYNTEC::P5-33" Content="電壓補償電流命令4" />
	<Message ID="MMI::DriverParameter::SYNTEC::P5-34" Content="電壓補償電流命令5" />
	<Message ID="MMI::DriverParameter::SYNTEC::P5-35" Content="電壓補償電流命令6" />
	<Message ID="MMI::DriverParameter::SYNTEC::P5-36" Content="電壓補償電流命令7" />
	<Message ID="MMI::DriverParameter::SYNTEC::P5-37" Content="電壓補償電流命令8" />
	<Message ID="MMI::DriverParameter::SYNTEC::P5-38" Content="電壓補償電流命令9" />
	<Message ID="MMI::DriverParameter::SYNTEC::P5-39" Content="電壓補償電流命令10" />
	<Message ID="MMI::DriverParameter::SYNTEC::P5-40" Content="電壓補償電流命令11" />
	<Message ID="MMI::DriverParameter::SYNTEC::P5-41" Content="電壓補償電流命令12" />
	<Message ID="MMI::DriverParameter::SYNTEC::P5-42" Content="電壓補償電流命令13" />
	<Message ID="MMI::DriverParameter::SYNTEC::P5-43" Content="電壓補償電流命令14" />
	<Message ID="MMI::DriverParameter::SYNTEC::P5-44" Content="電壓補償電流命令15" />
	<Message ID="MMI::DriverParameter::SYNTEC::P5-45" Content="電壓補償時間值1" />
	<Message ID="MMI::DriverParameter::SYNTEC::P5-46" Content="電壓補償時間值2" />
	<Message ID="MMI::DriverParameter::SYNTEC::P5-47" Content="電壓補償時間值3" />
	<Message ID="MMI::DriverParameter::SYNTEC::P5-48" Content="電壓補償時間值4" />
	<Message ID="MMI::DriverParameter::SYNTEC::P5-49" Content="電壓補償時間值5" />
	<Message ID="MMI::DriverParameter::SYNTEC::P5-50" Content="電壓補償時間值6" />
	<Message ID="MMI::DriverParameter::SYNTEC::P5-51" Content="電壓補償時間值7" />
	<Message ID="MMI::DriverParameter::SYNTEC::P5-52" Content="電壓補償時間值8" />
	<Message ID="MMI::DriverParameter::SYNTEC::P5-53" Content="電壓補償時間值9" />
	<Message ID="MMI::DriverParameter::SYNTEC::P5-54" Content="電壓補償時間值10" />
	<Message ID="MMI::DriverParameter::SYNTEC::P5-55" Content="電壓補償時間值11" />
	<Message ID="MMI::DriverParameter::SYNTEC::P5-56" Content="電壓補償時間值12" />
	<Message ID="MMI::DriverParameter::SYNTEC::P5-57" Content="電壓補償時間值13" />
	<Message ID="MMI::DriverParameter::SYNTEC::P5-58" Content="電壓補償時間值14" />
	<Message ID="MMI::DriverParameter::SYNTEC::P5-59" Content="電壓補償時間值15" />
	<Message ID="MMI::DriverParameter::SYNTEC::P6" Content="特殊應用參數" />
	<Message ID="MMI::DriverParameter::SYNTEC::P6-03" Content="第二光學尺Index Mark型態" />
	<Message ID="MMI::DriverParameter::SYNTEC::P6-04" Content="馬達側齒數" />
	<Message ID="MMI::DriverParameter::SYNTEC::P6-05" Content="螺桿側齒數" />
	<Message ID="MMI::DriverParameter::SYNTEC::P6-06" Content="節距" />
	<Message ID="MMI::DriverParameter::SYNTEC::P6-07" Content="P6-07" />
	<Message ID="MMI::DriverParameter::SYNTEC::P6-08" Content="P6-08" />
	<Message ID="MMI::DriverParameter::SYNTEC::P6-09" Content="P6-09" />
	<Message ID="MMI::DriverParameter::SYNTEC::P6-10" Content="最高加速度" />
	<Message ID="MMI::DriverParameter::SYNTEC::P6-11" Content="最高衝量(JERK)" />
	<Message ID="MMI::DriverParameter::SYNTEC::P6-12" Content="位置檢查視窗範圍" />
	<Message ID="MMI::DriverParameter::SYNTEC::P6-13" Content="上位控制器命令極性" />
	<Message ID="MMI::DriverParameter::SYNTEC::P6-14" Content="速度到達檢查視窗範圍" />
	<Message ID="MMI::DriverParameter::SYNTEC::P6-15" Content="零速到達檢查視窗範圍" />
	<Message ID="MMI::DriverParameter::SYNTEC::P6-16" Content="P6-16" />
	<Message ID="MMI::DriverParameter::SYNTEC::P6-17" Content="P6-17" />
	<Message ID="MMI::DriverParameter::SYNTEC::P6-18" Content="P6-18" />
	<Message ID="MMI::DriverParameter::SYNTEC::P6-19" Content="P6-19" />
	<Message ID="MMI::DriverParameter::SYNTEC::P6-20" Content="主軸定位角度" />
	<Message ID="MMI::DriverParameter::SYNTEC::P6-21" Content="主軸定位零速啟動定位方式" />
	<Message ID="MMI::DriverParameter::SYNTEC::P6-22" Content="關閉Z相警報檢查(0:開;1:關)" />
	<Message ID="MMI::DriverParameter::SYNTEC::P6-23" Content="開啟位置控制時扭力限制功能" />	
	<Message ID="MMI::DriverParameter::SYNTEC::P6-24" Content="關閉Mechatrolink同步警報檢查(0:開;1:關)" />
	<Message ID="MMI::DriverParameter::SYNTEC::P6-25" Content="伺服關閉延遲時間" />
	<Message ID="MMI::DriverParameter::SYNTEC::P6-26" Content="煞車速度準位" />
	<Message ID="MMI::DriverParameter::SYNTEC::P6-27" Content="煞車等待時間" />
	<Message ID="MMI::DriverParameter::SYNTEC::P6-28" Content="編碼器過Index前增益比例" />
	<Message ID="MMI::DriverParameter::SYNTEC::P6-29" Content="*使用近接開關進行主軸定位" />
	<Message ID="MMI::DriverParameter::SYNTEC::P6-30" Content="過轉矩1功能" />	
	<Message ID="MMI::DriverParameter::SYNTEC::P6-31" Content="過轉矩1準位" />	
	<Message ID="MMI::DriverParameter::SYNTEC::P6-32" Content="過轉矩1檢出時間" />	
	<Message ID="MMI::DriverParameter::SYNTEC::P6-33" Content="過轉矩2功能" />	
	<Message ID="MMI::DriverParameter::SYNTEC::P6-34" Content="過轉矩2準位" />	
	<Message ID="MMI::DriverParameter::SYNTEC::P6-35" Content="過轉矩2檢出時間" />	
	<Message ID="MMI::DriverParameter::SYNTEC::P6-36" Content="關閉DSP WatchDog重啟警報檢查(0:開;1:關)" />
	<Message ID="MMI::DriverParameter::SYNTEC::P6-37" Content="磁極角偵測模式選擇" />
	<Message ID="MMI::DriverParameter::SYNTEC::P6-38" Content="P6-38" />
	<Message ID="MMI::DriverParameter::SYNTEC::P6-39" Content="P6-39" />	
	<Message ID="MMI::DriverParameter::SYNTEC::P6-40" Content="內外回授位置誤差過大警報檢查值" />	
	<Message ID="MMI::DriverParameter::SYNTEC::P6-41" Content="雙回授位置濾波時間常數" />	
	<Message ID="MMI::DriverParameter::SYNTEC::P6-42" Content="*開啟雙回授控制模式" />
	<Message ID="MMI::DriverParameter::SYNTEC::P6-80" Content="*第二編碼器通訊介面型態" />
	<Message ID="MMI::DriverParameter::SYNTEC::P6-81" Content="*第二編碼器解析度" />
	<Message ID="MMI::DriverParameter::SYNTEC::P6-82" Content="*第二編碼器回授方向極性" />
	<Message ID="MMI::DriverParameter::SYNTEC::P6-83" Content="*第二編碼器增量/絕對型態" />
	<Message ID="MMI::DriverParameter::SYNTEC::P6-84" Content="啟動第二ABZ編碼器時間解碼功能" />
	<Message ID="MMI::DriverParameter::SYNTEC::P6-85" Content="第二編碼器SIN準位偏移量" />
	<Message ID="MMI::DriverParameter::SYNTEC::P6-86" Content="第二編碼器COS準位偏移量" />
	<Message ID="MMI::DriverParameter::SYNTEC::P6-87" Content="第二編碼器SIN振幅補正量" />
	<Message ID="MMI::DriverParameter::SYNTEC::P6-88" Content="第二編碼器COS振幅補正量" />
	<Message ID="MMI::DriverParameter::SYNTEC::P6-89" Content="第二編碼器正餘弦相位角" />
	<Message ID="MMI::DriverParameter::SYNTEC::P6-90" Content="*第二編碼器極數" />
	<Message ID="MMI::DriverParameter::SYNTEC::P6-91" Content="第二編碼器節距補償個數" />
	<Message ID="MMI::DriverParameter::SYNTEC::P6-92" Content="第二編碼器參數儲存保護" />
	<Message ID="MMI::DriverParameter::SYNTEC::P6-93" Content="第二編碼器感測版型態" />
	<Message ID="MMI::DriverParameter::SYNTEC::P6-94" Content="第二編碼器失效次數" />
	<Message ID="MMI::DriverParameter::SYNTEC::P6-95" Content="第二編碼器Zindex位置" />
	<Message ID="MMI::DriverParameter::SYNTEC::P6-96" Content="*第二編碼器大波誤差補償開啟" />

	<Message ID="MMI::DriverParameter::SYNTEC::D0" Content="版本資訊" />
	<Message ID="MMI::DriverParameter::SYNTEC::D0-00" Content="驅動器版本號碼" />
	<Message ID="MMI::DriverParameter::SYNTEC::D0-01" Content="驅動器版本日期" />
	<Message ID="MMI::DriverParameter::SYNTEC::D0-02" Content="驅動器版本序號" />
	<Message ID="MMI::DriverParameter::SYNTEC::D0-03" Content="驅動器前級硬體版本" />
	<Message ID="MMI::DriverParameter::SYNTEC::D0-04" Content="驅動器前級FPGA軟體版本" />
	<Message ID="MMI::DriverParameter::SYNTEC::D0-05" Content="編碼器版本號碼" />
	<Message ID="MMI::DriverParameter::SYNTEC::D0-06" Content="編碼器軟體種類" />
	<Message ID="MMI::DriverParameter::SYNTEC::D0-07" Content="第二編碼器版本號碼" />
	<Message ID="MMI::DriverParameter::SYNTEC::D0-08" Content="第二編碼器軟體種類" />
	<Message ID="MMI::DriverParameter::SYNTEC::D0-09" Content="第一編碼器硬體版本" />
	<Message ID="MMI::DriverParameter::SYNTEC::D0-10" Content="第二編碼器硬體版本" />

	<Message ID="MMI::DriverParameter::SYNTEC::D1" Content="使用者操作狀態" />
	<Message ID="MMI::DriverParameter::SYNTEC::D1-00" Content="狀態變數1" />	
	<Message ID="MMI::DriverParameter::SYNTEC::D1-01" Content="位置命令" />
	<Message ID="MMI::DriverParameter::SYNTEC::D1-02" Content="位置回授" />
	<Message ID="MMI::DriverParameter::SYNTEC::D1-03" Content="位置誤差" />
	<Message ID="MMI::DriverParameter::SYNTEC::D1-04" Content="機械角" />	
	<Message ID="MMI::DriverParameter::SYNTEC::D1-05" Content="Index Counter" />
	<Message ID="MMI::DriverParameter::SYNTEC::D1-06" Content="速度命令" />
	<Message ID="MMI::DriverParameter::SYNTEC::D1-07" Content="速度回授" />
	<Message ID="MMI::DriverParameter::SYNTEC::D1-08" Content="速度誤差(0.01RPM)" />
	<Message ID="MMI::DriverParameter::SYNTEC::D1-09" Content="轉矩命令" />
	<Message ID="MMI::DriverParameter::SYNTEC::D1-10" Content="負載率" />
	<Message ID="MMI::DriverParameter::SYNTEC::D1-11" Content="Id電流命令" />
	<Message ID="MMI::DriverParameter::SYNTEC::D1-12" Content="Iq電流命令" />
	<Message ID="MMI::DriverParameter::SYNTEC::D1-13" Content="Id電流回授" />
	<Message ID="MMI::DriverParameter::SYNTEC::D1-14" Content="Iq電流回授" />	
	<Message ID="MMI::DriverParameter::SYNTEC::D1-15" Content="Idq 電流命令" />
	<Message ID="MMI::DriverParameter::SYNTEC::D1-16" Content="Idq 電流回授" />
	<Message ID="MMI::DriverParameter::SYNTEC::D1-17" Content="Ia電流回授" />
	<Message ID="MMI::DriverParameter::SYNTEC::D1-18" Content="Ib電流回授" />
	<Message ID="MMI::DriverParameter::SYNTEC::D1-19" Content="Ic電流回授" />
	<Message ID="MMI::DriverParameter::SYNTEC::D1-20" Content="0相電流回授" />
	<Message ID="MMI::DriverParameter::SYNTEC::D1-21" Content="I點狀態" />	
	<Message ID="MMI::DriverParameter::SYNTEC::D1-22" Content="O點狀態" />		
	<Message ID="MMI::DriverParameter::SYNTEC::D1-23" Content="IGBT溫度" />
	<Message ID="MMI::DriverParameter::SYNTEC::D1-24" Content="DC bus 電壓" />
	<Message ID="MMI::DriverParameter::SYNTEC::D1-25" Content="總開機時間" />
	<Message ID="MMI::DriverParameter::SYNTEC::D1-26" Content="轉子慣量" />
	<Message ID="MMI::DriverParameter::SYNTEC::D1-27" Content="轉子黏滯係數" />
	<Message ID="MMI::DriverParameter::SYNTEC::D1-28" Content="串列編碼器CRC錯誤次數(硬體)" />
	<Message ID="MMI::DriverParameter::SYNTEC::D1-29" Content="串列編碼器CRC錯誤次數(軟體)" />
	<Message ID="MMI::DriverParameter::SYNTEC::D1-30" Content="V/f模式對低頻電壓補償量" />
	<Message ID="MMI::DriverParameter::SYNTEC::D1-31" Content="偵測到的編碼器Pulse數" />
	<Message ID="MMI::DriverParameter::SYNTEC::D1-32" Content="偵測到的馬達極數" />
	<Message ID="MMI::DriverParameter::SYNTEC::D1-33" Content="第二回授機械角" />
	<Message ID="MMI::DriverParameter::SYNTEC::D1-34" Content="第二回授Index Counter" />
	<Message ID="MMI::DriverParameter::SYNTEC::D1-35" Content="主軸速度命令" />
	<Message ID="MMI::DriverParameter::SYNTEC::D1-36" Content="第二速度回授" />
	<Message ID="MMI::DriverParameter::SYNTEC::D1-37" Content="偵測到的第二編碼器Pulse數" />
	<Message ID="MMI::DriverParameter::SYNTEC::D1-38" Content="主軸定位參考角度" />
	<Message ID="MMI::DriverParameter::SYNTEC::D1-39" Content="主軸定位完成狀態" />
	<Message ID="MMI::DriverParameter::SYNTEC::D1-40" Content="主軸定位錯誤代碼" />
	<Message ID="MMI::DriverParameter::SYNTEC::D1-41" Content="驅動器KTY84感測溫度" />
	<Message ID="MMI::DriverParameter::SYNTEC::D1-42" Content="第二串列編碼器CRC錯誤次數(硬體)" />
	<Message ID="MMI::DriverParameter::SYNTEC::D1-43" Content="第二串列編碼器CRC錯誤次數(軟體)" />
	<Message ID="MMI::DriverParameter::SYNTEC::D1-44" Content="第一編碼器位置回授(雙回授模式檢測用)" />
	<Message ID="MMI::DriverParameter::SYNTEC::D1-45" Content="內外回授位置誤差量(雙回授模式檢測用)" />
	<Message ID="MMI::DriverParameter::SYNTEC::D1-46" Content="串列編碼器命令錯誤次數" />
	<Message ID="MMI::DriverParameter::SYNTEC::D1-47" Content="串列編碼器逾時錯誤次數" />
	<Message ID="MMI::DriverParameter::SYNTEC::D1-48" Content="第一編碼器Z相Index訊號警報" />
	<Message ID="MMI::DriverParameter::SYNTEC::D1-49" Content="第二編碼器Z相Index訊號警報" />	
	<Message ID="MMI::DriverParameter::SYNTEC::D1-50" Content="第一回授新代編碼器內部KTY84感測溫度" />
	<Message ID="MMI::DriverParameter::SYNTEC::D1-51" Content="第一回授新代編碼器外部一KTY84感測溫度" />
	<Message ID="MMI::DriverParameter::SYNTEC::D1-52" Content="第一回授新代編碼器外部二KTY84感測溫度" />
	<Message ID="MMI::DriverParameter::SYNTEC::D1-54" Content="第二回授新代編碼器內部KTY84感測溫度" />
	<Message ID="MMI::DriverParameter::SYNTEC::D1-55" Content="第二回授新代編碼器外部一KTY84感測溫度" />
	<Message ID="MMI::DriverParameter::SYNTEC::D1-56" Content="第二回授新代編碼器外部二KTY84感測溫度" />
	<Message ID="MMI::DriverParameter::SYNTEC::D1-58" Content="編碼器5V電壓偵測" />	
	<Message ID="MMI::DriverParameter::SYNTEC::D1-59" Content="第二串列編碼器命令錯誤次數" />
	<Message ID="MMI::DriverParameter::SYNTEC::D1-60" Content="第二串列編碼器逾時錯誤次數" />
	<Message ID="MMI::DriverParameter::SYNTEC::D1-70" Content="偵測到的後級ID" />
	<Message ID="MMI::DriverParameter::SYNTEC::D1-71" Content="位置控制下到達扭力限制" />
	<Message ID="MMI::DriverParameter::SYNTEC::D1-72" Content="弱磁控制起始轉速" />
	<Message ID="MMI::DriverParameter::SYNTEC::D1-73" Content="當次開機時間" />
	<Message ID="MMI::DriverParameter::SYNTEC::D1-74" Content="第二位置迴授" />	

	<Message ID="MMI::DriverParameter::SYNTEC::Fn" Content="輔助功能" />
	<Message ID="MMI::DriverParameter::SYNTEC::Fn-00" Content="輔助功能啟動-停止" />
	<Message ID="MMI::DriverParameter::SYNTEC::Fn-01" Content="JOG方向" />
	<Message ID="MMI::DriverParameter::SYNTEC::Fn-02" Content="JOG速度" />
	<Message ID="MMI::DriverParameter::SYNTEC::Fn-03" Content="JOG模式" />
	<Message ID="MMI::DriverParameter::SYNTEC::Fn-04" Content="行程極限1" />
	<Message ID="MMI::DriverParameter::SYNTEC::Fn-05" Content="行程極限2" />
	<Message ID="MMI::DriverParameter::SYNTEC::Fn-06" Content="Fn-06" />
	<Message ID="MMI::DriverParameter::SYNTEC::Fn-07" Content="Fn-07" />
	<Message ID="MMI::DriverParameter::SYNTEC::Fn-08" Content="Fn-08" />
	<Message ID="MMI::DriverParameter::SYNTEC::Fn-09" Content="Fn-09" />
	<Message ID="MMI::DriverParameter::SYNTEC::Fn-10" Content="調機類型" />
	<Message ID="MMI::DriverParameter::SYNTEC::Fn-11" Content="電機調機類型" />
	<Message ID="MMI::DriverParameter::SYNTEC::Fn-12" Content="生產製造調機類型" />
	<Message ID="MMI::DriverParameter::SYNTEC::Fn-13" Content="研發專用調機類型" />
	<Message ID="MMI::DriverParameter::SYNTEC::Fn-18" Content="調機內定增益比" />
	<Message ID="MMI::DriverParameter::SYNTEC::Fn-20" Content="測試功能類型" />
	<Message ID="MMI::DriverParameter::SYNTEC::Fn-21" Content="Fn-21" />
	<Message ID="MMI::DriverParameter::SYNTEC::Fn-22" Content="測試模式扭力命令" />
	<Message ID="MMI::DriverParameter::SYNTEC::Fn-23" Content="測試模式電壓命令" />
	<Message ID="MMI::DriverParameter::SYNTEC::Fn-24" Content="測試模式電流命令" />
	<Message ID="MMI::DriverParameter::SYNTEC::Fn-25" Content="測試模式頻率" />
	<Message ID="MMI::DriverParameter::SYNTEC::Fn-26" Content="測試模式打開 SINE/COSINE訊號" />
	<Message ID="MMI::DriverParameter::SYNTEC::Fn-27" Content="測試模式電氣角命令" />
	<Message ID="MMI::DriverParameter::SYNTEC::Fn-30" Content="參數永久儲存" />
	<Message ID="MMI::DriverParameter::SYNTEC::Fn-31" Content="參數存取密碼" />
	<Message ID="MMI::DriverParameter::SYNTEC::Fn-32" Content="警報重置" />
	<Message ID="MMI::DriverParameter::SYNTEC::Fn-33" Content="參數回復功能" />
	<Message ID="MMI::DriverParameter::SYNTEC::Fn-34" Content="*編碼器位置遺失警報重置" />
	<Message ID="MMI::DriverParameter::SYNTEC::Fn-70" Content="調頻起始頻率"/>
	<Message ID="MMI::DriverParameter::SYNTEC::Fn-71" Content="調頻結束頻率"/>
	<Message ID="MMI::DriverParameter::SYNTEC::Fn-72" Content="調頻持續時間"/>
	<Message ID="MMI::DriverParameter::SYNTEC::Fn-73" Content="調頻訊號增益"/>
	<Message ID="MMI::DriverParameter::SYNTEC::Fn-74" Content="調頻啟動功能"/>
	<Message ID="MMI::DriverParameter::SYNTEC::Tunning" Content="功能" />
	<Message ID="MMI::DriverParameter::SYNTEC::Tunning-Type" Content="根據機械元件選擇驅動類型" />
	
	<!-- ================ SYNTEC_M3 Parameter ===================== -->
	<Message ID="MMI::DriverParameter::SYNTEC_M3::Pn001" Content="緊急警報電機停止方式" />
	<Message ID="MMI::DriverParameter::SYNTEC_M3::Pn002" Content="開啟定位完成時扭力限制功能" />
	<Message ID="MMI::DriverParameter::SYNTEC_M3::Pn003" Content="*UART封包協定" />
	<Message ID="MMI::DriverParameter::SYNTEC_M3::Pn010" Content="控制模式" />
	<Message ID="MMI::DriverParameter::SYNTEC_M3::Pn020" Content="上位控制器命令極性" />
	<Message ID="MMI::DriverParameter::SYNTEC_M3::Pn021" Content="*編碼器回授方向極性" />
	<Message ID="MMI::DriverParameter::SYNTEC_M3::Pn022" Content="*第二編碼器回授方向極性" />
	<Message ID="MMI::DriverParameter::SYNTEC_M3::Pn030" Content="*上位控制器通訊介面" />
	<Message ID="MMI::DriverParameter::SYNTEC_M3::Pn031" Content="*驅動器局號" />
	<Message ID="MMI::DriverParameter::SYNTEC_M3::Pn032" Content="*UART傳輸速率" />
	<Message ID="MMI::DriverParameter::SYNTEC_M3::Pn034" Content="*UART封包協定" />
	<Message ID="MMI::DriverParameter::SYNTEC_M3::Pn035" Content="軸號" />
	<Message ID="MMI::DriverParameter::SYNTEC_M3::Pn036" Content="*電源輸入型態(0:三相,1:兩相)" />
	<Message ID="MMI::DriverParameter::SYNTEC_M3::Pn100" Content="速度回路增益(0.1Hz)" />
	<Message ID="MMI::DriverParameter::SYNTEC_M3::Pn101" Content="速度回路積分時間常數(0.01ms)" />
	<Message ID="MMI::DriverParameter::SYNTEC_M3::Pn102" Content="位置回路增益(0.1/s)" />
	<Message ID="MMI::DriverParameter::SYNTEC_M3::Pn103" Content="負載慣量比(%)" />
	<Message ID="MMI::DriverParameter::SYNTEC_M3::Pn110" Content="弱磁控制電壓準位(%)" />
	<Message ID="MMI::DriverParameter::SYNTEC_M3::Pn111" Content="開啟自訂V/f曲線" />
	<Message ID="MMI::DriverParameter::SYNTEC_M3::Pn112" Content="V/f操作曲線第一輸出頻率(0.1%)" />
	<Message ID="MMI::DriverParameter::SYNTEC_M3::Pn113" Content="V/f操作曲線第一輸出電壓(0.1%)" />
	<Message ID="MMI::DriverParameter::SYNTEC_M3::Pn114" Content="V/f操作曲線第二輸出頻率(0.1%)" />
	<Message ID="MMI::DriverParameter::SYNTEC_M3::Pn115" Content="V/f操作曲線第二輸出電壓(0.1%)" />
	<Message ID="MMI::DriverParameter::SYNTEC_M3::Pn20A" Content="*馬達側齒數" />
	<Message ID="MMI::DriverParameter::SYNTEC_M3::Pn20C" Content="*螺桿側齒數" />
	<Message ID="MMI::DriverParameter::SYNTEC_M3::Pn212" Content="位置命令解析度(pulse/rev)" />
	<Message ID="MMI::DriverParameter::SYNTEC_M3::Pn22A" Content="*開啟雙回授控制模式" />
	<Message ID="MMI::DriverParameter::SYNTEC_M3::Pn22C" Content="雙回授位置濾波時間常數(0.01ms)" />
	<Message ID="MMI::DriverParameter::SYNTEC_M3::Pn242" Content="主軸定位零速啟動定位方式" />
	<Message ID="MMI::DriverParameter::SYNTEC_M3::Pn304" Content="JOG速度(rpm)" />
	<Message ID="MMI::DriverParameter::SYNTEC_M3::Pn306" Content="最高加速度(ms)" />
	<Message ID="MMI::DriverParameter::SYNTEC_M3::Pn307" Content="最高衝量(JERK)(ms)" />
	<Message ID="MMI::DriverParameter::SYNTEC_M3::Pn308" Content="速度濾波頻寬(0.01ms)" />
	<Message ID="MMI::DriverParameter::SYNTEC_M3::Pn330" Content="速度控制模式" />
	<Message ID="MMI::DriverParameter::SYNTEC_M3::Pn331" Content="速度估測器(0:閉;1:開)" />
	<Message ID="MMI::DriverParameter::SYNTEC_M3::Pn332" Content="啟動ABZ編碼器時間解碼功能" />
	<Message ID="MMI::DriverParameter::SYNTEC_M3::Pn333" Content="啟動第二ABZ編碼器時間解碼功能" />
	<Message ID="MMI::DriverParameter::SYNTEC_M3::Pn335" Content="機構耦合型態" />
	<Message ID="MMI::DriverParameter::SYNTEC_M3::Pn401" Content="扭力命令濾波時間常數(0.01ms)" />
	<Message ID="MMI::DriverParameter::SYNTEC_M3::Pn409" Content="第一段Notch Filter頻率(Hz)" />
	<Message ID="MMI::DriverParameter::SYNTEC_M3::Pn40A" Content="第一段Notch Filter Q值(0.01)" />
	<Message ID="MMI::DriverParameter::SYNTEC_M3::Pn40B" Content="第一段Notch Filter深度(0.001)" />
	<Message ID="MMI::DriverParameter::SYNTEC_M3::Pn40C" Content="第二段Notch Filter頻率(Hz)" />
	<Message ID="MMI::DriverParameter::SYNTEC_M3::Pn40D" Content="第二段Notch Filter Q值(0.01)" />
	<Message ID="MMI::DriverParameter::SYNTEC_M3::Pn40E" Content="第二段Notch Filter深度(0.001)" />
	<Message ID="MMI::DriverParameter::SYNTEC_M3::Pn417" Content="第三段Notch Filter頻率(Hz)" />
	<Message ID="MMI::DriverParameter::SYNTEC_M3::Pn418" Content="第三段Notch Filter Q值(0.01)" />
	<Message ID="MMI::DriverParameter::SYNTEC_M3::Pn419" Content="第三段Notch Filter深度(0.001)" />
	<Message ID="MMI::DriverParameter::SYNTEC_M3::Pn423" Content="頓轉(cogging)扭矩補" />
	<Message ID="MMI::DriverParameter::SYNTEC_M3::Pn430" Content="擾動補償功能" />
	<Message ID="MMI::DriverParameter::SYNTEC_M3::Pn440" Content="過轉矩1功能" />
	<Message ID="MMI::DriverParameter::SYNTEC_M3::Pn441" Content="過轉矩1準位(%)" />
	<Message ID="MMI::DriverParameter::SYNTEC_M3::Pn442" Content="過轉矩1檢出時間(0.1s)" />
	<Message ID="MMI::DriverParameter::SYNTEC_M3::Pn443" Content="過轉矩2功能" />
	<Message ID="MMI::DriverParameter::SYNTEC_M3::Pn444" Content="過轉矩2準位(%)" />
	<Message ID="MMI::DriverParameter::SYNTEC_M3::Pn445" Content="過轉矩2檢出時間(0.1s)" />
	<Message ID="MMI::DriverParameter::SYNTEC_M3::Pn461" Content="第一段Notch Filter開關" />
	<Message ID="MMI::DriverParameter::SYNTEC_M3::Pn462" Content="第二段Notch Filter開關" />
	<Message ID="MMI::DriverParameter::SYNTEC_M3::Pn463" Content="第三段Notch Filter開關" />
	<Message ID="MMI::DriverParameter::SYNTEC_M3::Pn502" Content="零速到達檢查視窗範圍(0.1rpm)" />
	<Message ID="MMI::DriverParameter::SYNTEC_M3::Pn503" Content="速度到達檢查視窗範圍(%)" />
	<Message ID="MMI::DriverParameter::SYNTEC_M3::Pn506" Content="伺服關閉延遲時間(10ms)" />
	<Message ID="MMI::DriverParameter::SYNTEC_M3::Pn507" Content="煞車速度準位(rpm)" />
	<Message ID="MMI::DriverParameter::SYNTEC_M3::Pn508" Content="煞車等待時間(10ms)" />
	<Message ID="MMI::DriverParameter::SYNTEC_M3::Pn50A" Content="I0對應功能" />
	<Message ID="MMI::DriverParameter::SYNTEC_M3::Pn50B" Content="I1對應功能" />
	<Message ID="MMI::DriverParameter::SYNTEC_M3::Pn50C" Content="I2對應功能" />
	<Message ID="MMI::DriverParameter::SYNTEC_M3::Pn50D" Content="I3對應功能" />
	<Message ID="MMI::DriverParameter::SYNTEC_M3::Pn50E" Content="O0對應功能" />
	<Message ID="MMI::DriverParameter::SYNTEC_M3::Pn50F" Content="O1對應功能" />
	<Message ID="MMI::DriverParameter::SYNTEC_M3::Pn51A" Content="內外回授位置誤差過大檢查值(pulse)" />
	<Message ID="MMI::DriverParameter::SYNTEC_M3::Pn51F" Content="關閉Z相警報檢查" />
	<Message ID="MMI::DriverParameter::SYNTEC_M3::Pn522" Content="位置檢查視窗範圍(0.001deg)" />
	<Message ID="MMI::DriverParameter::SYNTEC_M3::Pn640" Content="*電源電壓(0.1V)" />	
	<Message ID="MMI::DriverParameter::SYNTEC_M3::Pn641" Content="*最大電壓(0.1V)" />	
	<Message ID="MMI::DriverParameter::SYNTEC_M3::Pn642" Content="*PWM頻率(Hz)" />
	<Message ID="MMI::DriverParameter::SYNTEC_M3::Pn644" Content="*內部回生電阻歐姆數(Ohm)" />
	<Message ID="MMI::DriverParameter::SYNTEC_M3::Pn645" Content="*內部回生電阻瓦特數(W)" />
	<Message ID="MMI::DriverParameter::SYNTEC_M3::Pn650" Content="*驅動器尖峰電流(0.1A)" />
	<Message ID="MMI::DriverParameter::SYNTEC_M3::Pn651" Content="*驅動器額定電流(0.1A)" />
	<Message ID="MMI::DriverParameter::SYNTEC_M3::Pn652" Content="*驅動器最高電流(0.1%)" />
	<Message ID="MMI::DriverParameter::SYNTEC_M3::Pn653" Content="*死區時間(ns)" />
	<Message ID="MMI::DriverParameter::SYNTEC_M3::Pn654" Content="*PWM輸出相序" />
	<Message ID="MMI::DriverParameter::SYNTEC_M3::Pn655" Content="*電流感測器數量" />
	<Message ID="MMI::DriverParameter::SYNTEC_M3::Pn656" Content="*電流感測範圍(A)" />
	<Message ID="MMI::DriverParameter::SYNTEC_M3::Pn660" Content="*A相電流Offset(0.01A)" />
	<Message ID="MMI::DriverParameter::SYNTEC_M3::Pn661" Content="*B相電流Offset(0.01A)" />
	<Message ID="MMI::DriverParameter::SYNTEC_M3::Pn662" Content="*C相電流Offset(0.01A)" />
	<Message ID="MMI::DriverParameter::SYNTEC_M3::Pn663" Content="*A相電流Scale(0.001)" />
	<Message ID="MMI::DriverParameter::SYNTEC_M3::Pn664" Content="*B相電流Scale(0.001)" />
	<Message ID="MMI::DriverParameter::SYNTEC_M3::Pn665" Content="*C相電流Scale(0.001)" />
	<Message ID="MMI::DriverParameter::SYNTEC_M3::Pn66E" Content="啟動電壓補償功能" />
	<Message ID="MMI::DriverParameter::SYNTEC_M3::Pn66F" Content="*電壓補償等效壓降" />
	<Message ID="MMI::DriverParameter::SYNTEC_M3::Pn670" Content="*電壓補償電流命令1" />
	<Message ID="MMI::DriverParameter::SYNTEC_M3::Pn671" Content="*電壓補償電流命令2" />
	<Message ID="MMI::DriverParameter::SYNTEC_M3::Pn672" Content="*電壓補償電流命令3" />
	<Message ID="MMI::DriverParameter::SYNTEC_M3::Pn673" Content="*電壓補償電流命令4" />
	<Message ID="MMI::DriverParameter::SYNTEC_M3::Pn674" Content="*電壓補償電流命令5" />
	<Message ID="MMI::DriverParameter::SYNTEC_M3::Pn675" Content="*電壓補償電流命令6" />
	<Message ID="MMI::DriverParameter::SYNTEC_M3::Pn676" Content="*電壓補償電流命令7" />
	<Message ID="MMI::DriverParameter::SYNTEC_M3::Pn677" Content="*電壓補償電流命令8" />
	<Message ID="MMI::DriverParameter::SYNTEC_M3::Pn678" Content="*電壓補償電流命令9" />
	<Message ID="MMI::DriverParameter::SYNTEC_M3::Pn679" Content="*電壓補償電流命令10" />
	<Message ID="MMI::DriverParameter::SYNTEC_M3::Pn67A" Content="*電壓補償電流命令11" />
	<Message ID="MMI::DriverParameter::SYNTEC_M3::Pn67B" Content="*電壓補償電流命令12" />
	<Message ID="MMI::DriverParameter::SYNTEC_M3::Pn67C" Content="*電壓補償電流命令13" />
	<Message ID="MMI::DriverParameter::SYNTEC_M3::Pn67D" Content="*電壓補償電流命令14" />
	<Message ID="MMI::DriverParameter::SYNTEC_M3::Pn67E" Content="*電壓補償電流命令15" />
	<Message ID="MMI::DriverParameter::SYNTEC_M3::Pn688" Content="*電壓補償時間值1" />
	<Message ID="MMI::DriverParameter::SYNTEC_M3::Pn689" Content="*電壓補償時間值2" />
	<Message ID="MMI::DriverParameter::SYNTEC_M3::Pn68A" Content="*電壓補償時間值3" />
	<Message ID="MMI::DriverParameter::SYNTEC_M3::Pn68B" Content="*電壓補償時間值4" />
	<Message ID="MMI::DriverParameter::SYNTEC_M3::Pn68C" Content="*電壓補償時間值5" />
	<Message ID="MMI::DriverParameter::SYNTEC_M3::Pn68D" Content="*電壓補償時間值6" />
	<Message ID="MMI::DriverParameter::SYNTEC_M3::Pn68E" Content="*電壓補償時間值7" />
	<Message ID="MMI::DriverParameter::SYNTEC_M3::Pn68F" Content="*電壓補償時間值8" />
	<Message ID="MMI::DriverParameter::SYNTEC_M3::Pn690" Content="*電壓補償時間值9" />
	<Message ID="MMI::DriverParameter::SYNTEC_M3::Pn691" Content="*電壓補償時間值10" />
	<Message ID="MMI::DriverParameter::SYNTEC_M3::Pn692" Content="*電壓補償時間值11" />
	<Message ID="MMI::DriverParameter::SYNTEC_M3::Pn693" Content="*電壓補償時間值12" />
	<Message ID="MMI::DriverParameter::SYNTEC_M3::Pn694" Content="*電壓補償時間值13" />
	<Message ID="MMI::DriverParameter::SYNTEC_M3::Pn695" Content="*電壓補償時間值14" />
	<Message ID="MMI::DriverParameter::SYNTEC_M3::Pn696" Content="*電壓補償時間值15" />
	<Message ID="MMI::DriverParameter::SYNTEC_M3::Pn700" Content="*馬達型態" />
	<Message ID="MMI::DriverParameter::SYNTEC_M3::Pn701" Content="*馬達極數" />
	<Message ID="MMI::DriverParameter::SYNTEC_M3::Pn702" Content="*磁石極對間距(N-N)(0.1mm)" />
	<Message ID="MMI::DriverParameter::SYNTEC_M3::Pn704" Content="電機型號" />
	<Message ID="MMI::DriverParameter::SYNTEC_M3::Pn706" Content="電機序號" />
	<Message ID="MMI::DriverParameter::SYNTEC_M3::Pn708" Content="*馬達額定扭矩(0.1N-m)" />
	<Message ID="MMI::DriverParameter::SYNTEC_M3::Pn70A" Content="*馬達最大扭矩(0.1%)" />
	<Message ID="MMI::DriverParameter::SYNTEC_M3::Pn70C" Content="*馬達額定轉速(rpm)" />
	<Message ID="MMI::DriverParameter::SYNTEC_M3::Pn70E" Content="*馬達最高轉速(rpm)" />
	<Message ID="MMI::DriverParameter::SYNTEC_M3::Pn710" Content="*馬達額定電流(0.1A)" />
	<Message ID="MMI::DriverParameter::SYNTEC_M3::Pn712" Content="*感應電機額定電壓(0.1V)" />
	<Message ID="MMI::DriverParameter::SYNTEC_M3::Pn714" Content="*電機激磁軸感抗(0.001mH)" />
	<Message ID="MMI::DriverParameter::SYNTEC_M3::Pn716" Content="*電機扭力軸感抗(0.001mH)" />
	<Message ID="MMI::DriverParameter::SYNTEC_M3::Pn718" Content="*電機阻抗(0.001Ohm)" />
	<Message ID="MMI::DriverParameter::SYNTEC_M3::Pn71A" Content="*感應電機漏感比(0.1%)" />
	<Message ID="MMI::DriverParameter::SYNTEC_M3::Pn71C" Content="*感應電機激磁電流(0.1%)" />
	<Message ID="MMI::DriverParameter::SYNTEC_M3::Pn71E" Content="*感應電機轉子時間常數(0.1ms)" />
	<Message ID="MMI::DriverParameter::SYNTEC_M3::Pn720" Content="*轉子慣量(g-cm2)" />
	<Message ID="MMI::DriverParameter::SYNTEC_M3::Pn722" Content="*機械常數(0.01ms)" />
	<Message ID="MMI::DriverParameter::SYNTEC_M3::Pn724" Content="*編碼器轉子補正量(0.001deg)" />
	<Message ID="MMI::DriverParameter::SYNTEC_M3::Pn726" Content="*電流回路增益(0.1Hz)" />
	<Message ID="MMI::DriverParameter::SYNTEC_M3::Pn728" Content="*電流回路積分時間常數(0.01ms)" />
	<Message ID="MMI::DriverParameter::SYNTEC_M3::Pn72A" Content="*過負載150%的運轉時間(s)" />
	<Message ID="MMI::DriverParameter::SYNTEC_M3::Pn740" Content="*開啟驅動器KTY84過溫保護功能" />
	<Message ID="MMI::DriverParameter::SYNTEC_M3::Pn741" Content="驅動器KTY84過溫度保護準位" />
	<Message ID="MMI::DriverParameter::SYNTEC_M3::Pn742" Content="第一編碼器內部KTY84過溫保護準位(℃)" />
	<Message ID="MMI::DriverParameter::SYNTEC_M3::Pn743" Content="第一編碼器外部一KTY84過溫保護準位(℃)" />
	<Message ID="MMI::DriverParameter::SYNTEC_M3::Pn744" Content="第一編碼器外部二KTY84過溫保護準位(℃)" />
	<Message ID="MMI::DriverParameter::SYNTEC_M3::Pn745" Content="第二編碼器內部KTY84過溫保護準位(℃)" />
	<Message ID="MMI::DriverParameter::SYNTEC_M3::Pn746" Content="第二編碼器外部一KTY84過溫保護準位(℃)" />
	<Message ID="MMI::DriverParameter::SYNTEC_M3::Pn747" Content="第二編碼器外部二KTY84過溫保護準位(℃)" />
	<Message ID="MMI::DriverParameter::SYNTEC_M3::Pn800" Content="關閉Mechatrolink同步警報檢查" />
	<Message ID="MMI::DriverParameter::SYNTEC_M3::Pn801" Content="編碼器過Index前增益比例" />
	<Message ID="MMI::DriverParameter::SYNTEC_M3::Pn802" Content="*啟動PWM輸出頻率減半功能" />
	<Message ID="MMI::DriverParameter::SYNTEC_M3::Pn900" Content="*編碼器通訊介面型態" />
	<Message ID="MMI::DriverParameter::SYNTEC_M3::Pn901" Content="*編碼器接口號碼" />
	<Message ID="MMI::DriverParameter::SYNTEC_M3::Pn902" Content="*編碼器解析度(pulse/rev)" />
	<Message ID="MMI::DriverParameter::SYNTEC_M3::Pn904" Content="*編碼器增量/絕對型態" />
	<Message ID="MMI::DriverParameter::SYNTEC_M3::Pn905" Content="編碼器SIN準位偏移量" />
	<Message ID="MMI::DriverParameter::SYNTEC_M3::Pn906" Content="編碼器COS準位偏移量" />
	<Message ID="MMI::DriverParameter::SYNTEC_M3::Pn907" Content="編碼器SIN振幅補正量" />
	<Message ID="MMI::DriverParameter::SYNTEC_M3::Pn908" Content="編碼器COS振幅補正量" />
	<Message ID="MMI::DriverParameter::SYNTEC_M3::Pn909" Content="編碼器正餘弦相位角(0.01deg)" />
	<Message ID="MMI::DriverParameter::SYNTEC_M3::Pn90A" Content="編碼器極數" />
	<Message ID="MMI::DriverParameter::SYNTEC_M3::Pn90B" Content="編碼器節距補償點數" />
	<Message ID="MMI::DriverParameter::SYNTEC_M3::Pn90C" Content="編碼器參數儲存保護" />
	<Message ID="MMI::DriverParameter::SYNTEC_M3::Pn90D" Content="編碼器感測版型態" />
	<Message ID="MMI::DriverParameter::SYNTEC_M3::Pn90E" Content="編碼器失效次數" />
	<Message ID="MMI::DriverParameter::SYNTEC_M3::Pn90F" Content="*編碼器Zindex位置" />
	<Message ID="MMI::DriverParameter::SYNTEC_M3::Pn920" Content="*第二編碼器通訊介面型態" />
	<Message ID="MMI::DriverParameter::SYNTEC_M3::Pn921" Content="*第二編碼器接口號碼" />
	<Message ID="MMI::DriverParameter::SYNTEC_M3::Pn922" Content="*第二編碼器解析度(pulse/rev)" />
	<Message ID="MMI::DriverParameter::SYNTEC_M3::Pn924" Content="*第二編碼器增量/絕對型態" />
	<Message ID="MMI::DriverParameter::SYNTEC_M3::Pn925" Content="第二編碼器SIN準位偏移量" />
	<Message ID="MMI::DriverParameter::SYNTEC_M3::Pn926" Content="第二編碼器COS準位偏移量" />
	<Message ID="MMI::DriverParameter::SYNTEC_M3::Pn927" Content="第二編碼器SIN振幅補正量" />
	<Message ID="MMI::DriverParameter::SYNTEC_M3::Pn928" Content="第二編碼器COS振幅補正量" />
	<Message ID="MMI::DriverParameter::SYNTEC_M3::Pn929" Content="第二編碼器正餘弦相位角(0.01deg)" />
	<Message ID="MMI::DriverParameter::SYNTEC_M3::Pn92A" Content="*第二編碼器極數" />
	<Message ID="MMI::DriverParameter::SYNTEC_M3::Pn92B" Content="第二編碼器節距補償個數" />
	<Message ID="MMI::DriverParameter::SYNTEC_M3::Pn92C" Content="第二編碼器參數儲存保護" />
	<Message ID="MMI::DriverParameter::SYNTEC_M3::Pn92D" Content="第二編碼器感測版型態" />
	<Message ID="MMI::DriverParameter::SYNTEC_M3::Pn92E" Content="第二編碼器失效次數" />
	<Message ID="MMI::DriverParameter::SYNTEC_M3::Pn92F" Content="*第二編碼器Zindex位置" />
	<Message ID="MMI::DriverParameter::SYNTEC_M3::PnD00" Content="驅動器版本號碼" />
	<Message ID="MMI::DriverParameter::SYNTEC_M3::PnD01" Content="驅動器版本日期" />
	<Message ID="MMI::DriverParameter::SYNTEC_M3::PnD02" Content="驅動器版本序號" />
	<Message ID="MMI::DriverParameter::SYNTEC_M3::PnD03" Content="驅動器前級硬體版本" />
	<Message ID="MMI::DriverParameter::SYNTEC_M3::PnD05" Content="編碼器版本號碼" />
	<Message ID="MMI::DriverParameter::SYNTEC_M3::PnD06" Content="編碼器軟體種類" />
	<Message ID="MMI::DriverParameter::SYNTEC_M3::PnD07" Content="第二編碼器版本號碼" />
	<Message ID="MMI::DriverParameter::SYNTEC_M3::PnD08" Content="第二編碼器軟體種類" />
	<Message ID="MMI::DriverParameter::SYNTEC_M3::PnD09" Content="第一編碼器硬體版本" />
	<Message ID="MMI::DriverParameter::SYNTEC_M3::PnD10" Content="第二編碼器硬體版本" />	
	<Message ID="MMI::DriverParameter::SYNTEC_M3::PnF00" Content="參數存取密碼" />
	<Message ID="MMI::DriverParameter::SYNTEC_M3::PnF01" Content="O點軟體觸發" />
	<Message ID="MMI::DriverParameter::SYNTEC_M3::PnF10" Content="輔助功能啟動/停止" />
	<Message ID="MMI::DriverParameter::SYNTEC_M3::PnF11" Content="JOG方向" />
	<Message ID="MMI::DriverParameter::SYNTEC_M3::PnF13" Content="JOG模式" />
	<Message ID="MMI::DriverParameter::SYNTEC_M3::PnF14" Content="行程極限1" />
	<Message ID="MMI::DriverParameter::SYNTEC_M3::PnF16" Content="行程極限2" />
	<Message ID="MMI::DriverParameter::SYNTEC_M3::PnF20" Content="調機類型" />
	<Message ID="MMI::DriverParameter::SYNTEC_M3::PnF21" Content="電機調機類型" />
	<Message ID="MMI::DriverParameter::SYNTEC_M3::PnF22" Content="生產製造調機類型" />
	<Message ID="MMI::DriverParameter::SYNTEC_M3::PnF23" Content="研發專用調機類型" />
	<Message ID="MMI::DriverParameter::SYNTEC_M3::PnF2D" Content="調機內定增益比(%)" />
	<Message ID="MMI::DriverParameter::SYNTEC_M3::PnF30" Content="測試功能類型" />
	<Message ID="MMI::DriverParameter::SYNTEC_M3::PnF32" Content="測試模式扭力命令(%)" />
	<Message ID="MMI::DriverParameter::SYNTEC_M3::PnF33" Content="測試模式電壓命令(%)" />
	<Message ID="MMI::DriverParameter::SYNTEC_M3::PnF34" Content="測試模式電流命令(%)" />
	<Message ID="MMI::DriverParameter::SYNTEC_M3::PnF35" Content="測試模式頻率(%)" />
	<Message ID="MMI::DriverParameter::SYNTEC_M3::PnF36" Content="測試模式打開SIN/COS訊號" />
	<Message ID="MMI::DriverParameter::SYNTEC_M3::PnF40" Content="參數永久儲存" />
	<Message ID="MMI::DriverParameter::SYNTEC_M3::PnF42" Content="警報重置" />
	<Message ID="MMI::DriverParameter::SYNTEC_M3::PnF43" Content="參數回復功能" />
	<Message ID="MMI::DriverParameter::SYNTEC_M3::PnF44" Content="*編碼器位置遺失警報重置" />
	<Message ID="MMI::DriverParameter::SYNTEC_M3::PnF70" Content="調頻起始頻率" />
	<Message ID="MMI::DriverParameter::SYNTEC_M3::PnF71" Content="調頻結束頻率" />
	<Message ID="MMI::DriverParameter::SYNTEC_M3::PnF72" Content="調頻持續時間" />
	<Message ID="MMI::DriverParameter::SYNTEC_M3::PnF73" Content="調頻訊號增益" />
	<Message ID="MMI::DriverParameter::SYNTEC_M3::PnF74" Content="調頻啟動功能" />
</ResMap>
