﻿<?xml version="1.0" encoding="UTF-8"?>
<ResMap>
	<Message ID="Browser::RotMonitor::Title" Content="ROT 资讯" />
	
	<Message ID="Browser::RotMonitor::Mode" Content="模式" />
	<Message ID="Browser::RotMonitor::Running" Content="执行中(状态)" />
	<Message ID="Browser::RotMonitor::Feedhold" Content="暂停(状态)" />
	<Message ID="Browser::RotMonitor::Alarm" Content="警报(状态)" />
	<Message ID="Browser::RotMonitor::Ready" Content="就绪(状态)" />
	<Message ID="Browser::RotMonitor::ServoOn" Content="Servo On(状态)" />
	<Message ID="Browser::RotMonitor::InPosition" Content="位置到达(状态)" />
	<Message ID="Browser::RotMonitor::HomeLatched" Content="原点设定完成(状态)" />
	<Message ID="Browser::RotMonitor::TarToolNo" Content="目标刀号" />
	<Message ID="Browser::RotMonitor::CurToolNo" Content="目前刀号" />
	<Message ID="Browser::RotMonitor::CurTorqueLimit" Content="目前扭力限制千分比(‰)" />
	<Message ID="Browser::RotMonitor::CurVelocity" Content="现在速度(RPM)" />
	<Message ID="Browser::RotMonitor::CurPosition" Content="现在角度(degree)" />
	<Message ID="Browser::RotMonitor::CurTorqueLoad" Content="目前负载千分比(‰)" />
	<Message ID="Browser::RotMonitor::ManualContMove" Content="手动连续换刀" />
	<Message ID="Browser::RotMonitor::Mode::Auto" Content="自动模式" />
	<Message ID="Browser::RotMonitor::Mode::CW" Content="手动正转" />
	<Message ID="Browser::RotMonitor::Mode::CCW" Content="手动反转" />
	
	<Message ID="Browser::RotParam::AxisTitle::1" Content="ROT_1" />
	<Message ID="Browser::RotParam::AxisTitle::2" Content="ROT_2" />
	<Message ID="Browser::RotParam::AxisTitle::3" Content="ROT_3" />
</ResMap>