﻿<?xml version="1.0" encoding="UTF-8"?>
<!--Created by 'eHMI'version2.0.0-->
<!--BROWSER SIZE|H:470|W:800-->
<Screen>
  <Name>Tool_Change</Name>
  <Picture>
    <Left>-3</Left>
    <Top>1</Top>
    <Width>736</Width>
    <Height>392</Height>
    <Name>Picture1</Name>
    <FontSize>9</FontSize>
    <Alignment>5</Alignment>
    <BorderStyle>0</BorderStyle>
    <Visible>True</Visible>
    <Depth>4</Depth>
    <BorderColor>0,0,0</BorderColor>
    <ForeColor>0,0,0</ForeColor>
    <Picture Fit2Height="False" Fit2Width="False">Image\Back1.bmp</Picture>
  </Picture>
  <Label>
    <Left>412</Left>
    <Top>45</Top>
    <Width>151</Width>
    <Height>30</Height>
    <Name>Label2</Name>
    <FontSize>15</FontSize>
    <Alignment>1</Alignment>
    <BorderStyle>0</BorderStyle>
    <Visible>True</Visible>
    <Depth>3</Depth>
    <BorderColor>0,0,0</BorderColor>
    <ForeColor>247,239,97</ForeColor>
    <BackColor>159,145,124</BackColor>
    <Caption>STR::Browser::Tool_Change::Caption::Tool_No</Caption>
  </Label>
  <Input>
	<EmptyVal>accept</EmptyVal>
    <Left>575</Left>
    <Top>45</Top>
    <Width>120</Width>
    <Height>30</Height>
    <Name>Input1</Name>
    <FontSize>12</FontSize>
    <Alignment>1</Alignment>
    <BorderStyle>1</BorderStyle>
    <Visible>True</Visible>
    <Depth>2</Depth>
    <BorderColor>0,0,0</BorderColor>
    <ForeColor>0,0,0</ForeColor>
    <BackColor>235,235,235</BackColor>
    <InputFormat>Double</InputFormat>
    <MacroAddr>T</MacroAddr>
    <MappingToRegistry>0</MappingToRegistry>
    <HintLabel>STR::Browser::Tool_Change::HintLabel::Tool_No</HintLabel>
  </Input>
  <Label>
    <Left>8</Left>
    <Top>23</Top>
    <Width>350</Width>
    <Height>25</Height>
    <Name>Label1</Name>
    <FontSize>15</FontSize>
    <Alignment>2</Alignment>
    <BorderStyle>0</BorderStyle>
    <Visible>True</Visible>
    <Depth>0</Depth>
    <BorderColor>0,0,0</BorderColor>
    <ForeColor>255,255,255</ForeColor>
    <BackColor>159,145,124</BackColor>
    <Caption>STR::Browser::Tool_Change::Caption::Tool_Title</Caption>
  </Label>
</Screen>
