<CNCParameter>
	<Subject name="Rot" storeType="2D" size="12">
		<Section lowbound="3101" upbound="3120"/>
		<Section lowbound="3121" upbound="3140"/>
		<Section lowbound="21" upbound="40"/>
		<Section lowbound="121" upbound="159" interval="2"/>
		<Section lowbound="122" upbound="160" interval="2"/>
		<Section lowbound="3001" upbound="3020"/>
		<Section lowbound="481" upbound="500"/>
		<Section lowbound="461" upbound="480"/>
		<Section lowbound="501" upbound="520"/>
		<Section lowbound="441" upbound="460"/>
		<Section lowbound="3021" upbound="3040"/>
		<Section lowbound="61" upbound="80"/>
	</Subject>
</CNCParameter>
