﻿<?xml version="1.0" encoding="UTF-8"?>
<Screen>
	<Name>G74</Name>
	<Picture>
		<Name>Back_Picture</Name>
		<Picture>Image\Back2_2_3.bmp</Picture>
		<Left>0</Left>
		<Top>0</Top>
		<Height>392</Height>
		<Width>736</Width>
		<BorderStyle>0</BorderStyle>
	</Picture>
	<Picture>
		<Name>Picture_G74</Name>
		<Picture>Image\G74.bmp</Picture>
		<Left>18</Left>
		<Top>108</Top>
		<Height>250</Height>
		<Width>337</Width>
		<BorderStyle>1</BorderStyle>
	</Picture>
	<Label>
		<Name>G74_Title</Name>
		<Caption>STR::G74::G74_Title</Caption>
		<Left>11</Left>
		<Top>19</Top>
		<Height>25</Height>
		<Width>350</Width>
		<ForeColor>255,255,255</ForeColor>
		<BorderStyle>0</BorderStyle>
		<BackColor>159,145,124</BackColor>
		<Alignment>2</Alignment>
		<FontSize>15</FontSize>
	</Label>
	<Label>
		<Name>Hole_X</Name>
		<Caption>STR::G73::Hole_X</Caption>
		<Left>400</Left>
		<Top>25</Top>
		<Height>30</Height>
		<Width>150</Width>
		<ForeColor>247,239,97</ForeColor>
		<BorderStyle>0</BorderStyle>
		<Alignment>1</Alignment>
		<FontSize>15</FontSize>
		<BackColor>159,145,124</BackColor>
	</Label>
	<Input>
		<Name>Inp_X</Name>
		<MacroAddr>X</MacroAddr>
		<Left>560</Left>
		<Top>25</Top>
		<Height>30</Height>
		<Width>120</Width>
		<BackColor>235,235,235</BackColor>
		<ForeColor>0,0,0</ForeColor>
		<BorderStyle>1</BorderStyle>
		<Alignment>1</Alignment>
		<FontSize>12</FontSize>
		<InputFormat>Double:3F</InputFormat>
		<HintLabel>STR::G73::Hint::HX_End</HintLabel>
	</Input>
	<Label>
		<Name>Hole_Y</Name>
		<Caption>STR::G73::Hole_Y</Caption>
		<Left>400</Left>
		<Top>65</Top>
		<Height>30</Height>
		<Width>150</Width>
		<ForeColor>247,239,97</ForeColor>
		<BorderStyle>0</BorderStyle>
		<Alignment>1</Alignment>
		<FontSize>15</FontSize>
		<BackColor>159,145,124</BackColor>
	</Label>
	<Input>
		<Name>Inp_Y</Name>
		<MacroAddr>Y</MacroAddr>
		<Left>560</Left>
		<Top>65</Top>
		<Height>30</Height>
		<Width>120</Width>
		<BackColor>235,235,235</BackColor>
		<ForeColor>0,0,0</ForeColor>
		<BorderStyle>1</BorderStyle>
		<Alignment>1</Alignment>
		<FontSize>12</FontSize>
		<InputFormat>Double:3F</InputFormat>
		<HintLabel>STR::G73::Hint::HY_End</HintLabel>
	</Input>
	<Label>
		<Name>R_To_Bottom</Name>
		<Caption>STR::G73::R_To_Bottom</Caption>
		<Left>400</Left>
		<Top>130</Top>
		<Height>30</Height>
		<Width>150</Width>
		<ForeColor>247,239,97</ForeColor>
		<BorderStyle>0</BorderStyle>
		<Alignment>1</Alignment>
		<FontSize>15</FontSize>
		<BackColor>159,145,124</BackColor>
	</Label>
	<Input>
		<Name>Inp_Z</Name>
		<MacroAddr>Z</MacroAddr>
		<Left>560</Left>
		<Top>130</Top>
		<Height>30</Height>
		<Width>120</Width>
		<BackColor>235,235,235</BackColor>
		<ForeColor>0,0,0</ForeColor>
		<BorderStyle>1</BorderStyle>
		<Alignment>1</Alignment>
		<FontSize>12</FontSize>
		<InputFormat>Double:3F</InputFormat>
		<HintLabel>STR::G73::Hint::R_To_Bottom</HintLabel>
	</Input>
	<Label>
		<Name>Init_To_R</Name>
		<Caption>STR::G73::Init_To_R</Caption>
		<Left>400</Left>
		<Top>170</Top>
		<Height>30</Height>
		<Width>150</Width>
		<ForeColor>247,239,97</ForeColor>
		<BorderStyle>0</BorderStyle>
		<Alignment>1</Alignment>
		<FontSize>15</FontSize>
		<BackColor>159,145,124</BackColor>
	</Label>
	<Input>
		<Name>Inp_IR</Name>
		<MacroAddr>R</MacroAddr>
		<Left>560</Left>
		<Top>170</Top>
		<Height>30</Height>
		<Width>120</Width>
		<BackColor>235,235,235</BackColor>
		<ForeColor>0,0,0</ForeColor>
		<BorderStyle>1</BorderStyle>
		<Alignment>1</Alignment>
		<FontSize>12</FontSize>
		<InputFormat>Double:3F</InputFormat>
		<HintLabel>STR::G73::Hint::Init_To_R</HintLabel>
	</Input>
	<Label>
		<Name>Dwell_Time</Name>
		<Caption>STR::G73::Dwell_Time</Caption>
		<Left>400</Left>
		<Top>235</Top>
		<Height>30</Height>
		<Width>150</Width>
		<ForeColor>247,239,97</ForeColor>
		<BorderStyle>0</BorderStyle>
		<Alignment>1</Alignment>
		<FontSize>15</FontSize>
		<BackColor>159,145,124</BackColor>
	</Label>
	<Input>
		<Name>Inp_DT</Name>
		<MacroAddr>P</MacroAddr>
		<Left>560</Left>
		<Top>235</Top>
		<Height>30</Height>
		<Width>120</Width>
		<BackColor>235,235,235</BackColor>
		<ForeColor>0,0,0</ForeColor>
		<BorderStyle>1</BorderStyle>
		<Alignment>1</Alignment>
		<FontSize>12</FontSize>
		<InputFormat>Double:3F</InputFormat>
		<HintLabel>STR::G73::Hint::Dwell_Time</HintLabel>
	</Input>
	<Label>
		<Name>Repeat_K</Name>
		<Caption>STR::G73::Repeat_K</Caption>
		<Left>400</Left>
		<Top>275</Top>
		<Height>30</Height>
		<Width>150</Width>
		<ForeColor>247,239,97</ForeColor>
		<BorderStyle>0</BorderStyle>
		<Alignment>1</Alignment>
		<FontSize>15</FontSize>
		<BackColor>159,145,124</BackColor>
	</Label>
	<Input>
		<Name>Inp_Re</Name>
		<MacroAddr>K</MacroAddr>
		<Left>560</Left>
		<Top>275</Top>
		<Height>30</Height>
		<Width>120</Width>
		<BackColor>235,235,235</BackColor>
		<ForeColor>0,0,0</ForeColor>
		<BorderStyle>1</BorderStyle>
		<Alignment>1</Alignment>
		<FontSize>12</FontSize>
		<InputFormat>Double:3F</InputFormat>
		<HintLabel>STR::G73::Hint::Repeat_K</HintLabel>
	</Input>
	<Label>
		<Name>Feedrate</Name>
		<Caption>STR::G73::Feedrate</Caption>
		<Left>400</Left>
		<Top>315</Top>
		<Height>30</Height>
		<Width>150</Width>
		<ForeColor>247,239,97</ForeColor>
		<BorderStyle>0</BorderStyle>
		<Alignment>1</Alignment>
		<FontSize>15</FontSize>
		<BackColor>159,145,124</BackColor>
	</Label>
	<Input>
		<Name>Inp_Feedrate</Name>
		<MacroAddr>F</MacroAddr>
		<Left>560</Left>
		<Top>315</Top>
		<Height>30</Height>
		<Width>120</Width>
		<BackColor>235,235,235</BackColor>
		<ForeColor>0,0,0</ForeColor>
		<BorderStyle>1</BorderStyle>
		<Alignment>1</Alignment>
		<FontSize>12</FontSize>
		<InputFormat>Double:3F</InputFormat>
		<HintLabel>STR::G73::Hint::Feedrate</HintLabel>
	</Input>
</Screen>
