﻿<?xml version="1.0" encoding="UTF-8"?>
<!--Created by 'eHMI'version2.2.17-->
<ResMap>
  <Message ID="Browser::HSHPParamData::Caption::Lab_Title" Content="加工應用" />
  <Message ID="Browser::HSHPParamData::Caption::Lab_ParamNoHead::ParamID" Content="編號" />
  <Message ID="Browser::HSHPParamData::Caption::Lab_ParamTitleHead::ParamItem" Content="說明" />
  <Message ID="Browser::HSHPParamData::Caption::Lab_Condition1" Content="條件1" />
  <Message ID="Browser::HSHPParamData::Caption::Lab_Condition2" Content="條件2" />
  <Message ID="Browser::HSHPParamData::Caption::Lab_Condition3" Content="條件3" />
  <Message ID="Browser::HSHPParamData::Caption::Lab_Command" Content="調用指令" />
  <Message ID="Browser::HSHPParamData::Caption::DecriptionLabel::Description" Content="預設值參數說明" />
  <Message ID="Browser::HSHPParamData::Caption::DescriptLabel::P1" Content="P1" />
  <Message ID="Browser::HSHPParamData::Caption::DescriptLabel::P2" Content="P2" />
  <Message ID="Browser::HSHPParamData::Caption::DescriptLabel::P3" Content="P3" />
  <Message ID="Browser::HSHPParamData::Caption::DescriptLabel::P4" Content="P4" />
  <Message ID="Browser::HSHPParamData::Caption::DescriptLabel::P5" Content="P5" />
  <Message ID="Browser::HSHPParamData::Caption::WorkTypeLabel::WorkType" Content="加工類型" />
  <Message ID="Browser::HSHPParamData::Caption::WorkTypeLabel::P1" Content="精加工" />
  <Message ID="Browser::HSHPParamData::Caption::WorkTypeLabel::P2" Content="精加工" />
  <Message ID="Browser::HSHPParamData::Caption::WorkTypeLabel::P3" Content="精加工" />
  <Message ID="Browser::HSHPParamData::Caption::WorkTypeLabel::P4" Content="粗加工" />
  <Message ID="Browser::HSHPParamData::Caption::WorkTypeLabel::P5" Content="粗加工" />
  <Message ID="Browser::HSHPParamData::Caption::CharLabel::Characteristic" Content="加工特性" />
  <Message ID="Browser::HSHPParamData::Caption::CharLabel::P1" Content="　高精度（路徑貼合）" />
  <Message ID="Browser::HSHPParamData::Caption::CharLabel::P2" Content="　一般（速度優先）" />
  <Message ID="Browser::HSHPParamData::Caption::CharLabel::P3" Content="　高平滑性（速度變化平穩，但轉角處有較大輪廓誤差）" />
  <Message ID="Browser::HSHPParamData::Caption::CharLabel::P4" Content="　精度佳（適用於材料預留量少時）" />
  <Message ID="Browser::HSHPParamData::Caption::CharLabel::P5" Content="　穩度佳（適用於材料預留量多時）" />
  <Message ID="Browser::HSHPParamData::Caption::PostscriptumLabel::PostscriptumLabel" Content="（備註：預設值Pr401數值的設置，是基於Pr405 = 5000）" />
  <Message ID="Browser::HSHPParamData::Caption::Lab_P_Default::HSHPParamDefault" Content="參數總表" />
</ResMap>