﻿<?xml version="1.0" encoding="UTF-8"?>
<Screen>
	<Name>G135.1_1</Name>
	<Picture>
		<Name>Back_Picture</Name>
		<Picture>Image\Back1.bmp</Picture>
		<Left>0</Left>
		<Top>0</Top>
		<Height>392</Height>
		<Width>736</Width>
		<BorderStyle>0</BorderStyle>
	</Picture>
	<Picture>
		<Name>Picture_G135.1</Name>
		<Picture>Image\G1351.bmp</Picture>
		<Left>18</Left>
		<Top>108</Top>
		<Height>250</Height>
		<Width>337</Width>
		<BorderStyle>1</BorderStyle>
	</Picture>
	<Label>
		<Name>G135.1_Title</Name>
		<Caption>STR::G135.1::G135.1_Title</Caption>
		<Left>11</Left>
		<Top>19</Top>
		<Height>25</Height>
		<Width>350</Width>
		<ForeColor>255,255,255</ForeColor>
		<BorderStyle>0</BorderStyle>
		<BackColor>159,145,124</BackColor>
		<Alignment>2</Alignment>
		<FontSize>15</FontSize>
		<BackColor>159,145,124</BackColor>
	</Label>
	<Label>
		<Name>XY_Arg</Name>
		<Caption>STR::G173::XY_Arg</Caption>
		<Left>421</Left>
		<Top>12</Top>
		<Height>30</Height>
		<Width>250</Width>
		<ForeColor>255,255,255</ForeColor>
		<BorderStyle>0</BorderStyle>
		<Alignment>2</Alignment>
		<FontSize>15</FontSize>
		<BackColor>159,145,124</BackColor>
	</Label>
	<Label>
		<Name>Starting_Position</Name>
		<Caption>STR::G135.1::Starting_Position</Caption>
		<Left>400</Left>
		<Top>65</Top>
		<Height>30</Height>
		<Width>150</Width>
		<ForeColor>255,255,255</ForeColor>
		<BorderStyle>0</BorderStyle>
		<Alignment>0</Alignment>
		<FontSize>15</FontSize>
		<BackColor>159,145,124</BackColor>
	</Label>
	<Label>
		<Name>Center_X</Name>
		<Caption>STR::G135.1::Center_X</Caption>
		<Left>500</Left>
		<Top>50</Top>
		<Height>30</Height>
		<Width>80</Width>
		<ForeColor>247,239,97</ForeColor>
		<BorderStyle>0</BorderStyle>
		<Alignment>1</Alignment>
		<FontSize>15</FontSize>
		<BackColor>159,145,124</BackColor>
	</Label>
	<Input>
		<Name>Inp_CX</Name>
		<MacroAddr>X</MacroAddr>
		<Left>590</Left>
		<Top>50</Top>
		<Height>30</Height>
		<Width>120</Width>
		<BackColor>235,235,235</BackColor>
		<ForeColor>0,0,0</ForeColor>
		<BorderStyle>1</BorderStyle>
		<Alignment>1</Alignment>
		<FontSize>12</FontSize>
		<InputFormat>Double:3F</InputFormat>
		<HintLabel>STR::G135.1::Hint::Center_X</HintLabel>
	</Input>
	<Label>
		<Name>Center_Y</Name>
		<Caption>STR::G135.1::Center_Y</Caption>
		<Left>500</Left>
		<Top>80</Top>
		<Height>30</Height>
		<Width>80</Width>
		<ForeColor>247,239,97</ForeColor>
		<BorderStyle>0</BorderStyle>
		<Alignment>1</Alignment>
		<FontSize>15</FontSize>
		<BackColor>159,145,124</BackColor>
	</Label>
	<Input>
		<Name>Inp_CY</Name>
		<MacroAddr>Y</MacroAddr>
		<Left>590</Left>
		<Top>80</Top>
		<Height>30</Height>
		<Width>120</Width>
		<BackColor>235,235,235</BackColor>
		<ForeColor>0,0,0</ForeColor>
		<BorderStyle>1</BorderStyle>
		<Alignment>1</Alignment>
		<FontSize>12</FontSize>
		<InputFormat>Double:3F</InputFormat>
		<HintLabel>STR::G135.1::Hint::Center_Y</HintLabel>
	</Input>
	<Label>
		<Name>Pitch</Name>
		<Caption>STR::G135.1::Pitch</Caption>
		<Left>420</Left>
		<Top>120</Top>
		<Height>30</Height>
		<Width>160</Width>
		<ForeColor>247,239,97</ForeColor>
		<BorderStyle>0</BorderStyle>
		<Alignment>1</Alignment>
		<FontSize>15</FontSize>
		<BackColor>159,145,124</BackColor>
	</Label>
	<Input>
		<Name>Inp_P</Name>
		<MacroAddr>I</MacroAddr>
		<Left>590</Left>
		<Top>120</Top>
		<Height>30</Height>
		<Width>120</Width>
		<BackColor>235,235,235</BackColor>
		<ForeColor>0,0,0</ForeColor>
		<BorderStyle>1</BorderStyle>
		<Alignment>1</Alignment>
		<FontSize>12</FontSize>
		<InputFormat>Double:3F</InputFormat>
		<HintLabel>STR::G135.1::Hint::Pitch</HintLabel>
	</Input>
	<Label>
		<Name>Orientation_Angle</Name>
		<Caption>STR::G135.1::Orientation_Angle</Caption>
		<Left>420</Left>
		<Top>160</Top>
		<Height>30</Height>
		<Width>160</Width>
		<ForeColor>247,239,97</ForeColor>
		<BorderStyle>0</BorderStyle>
		<Alignment>1</Alignment>
		<FontSize>15</FontSize>
		<BackColor>159,145,124</BackColor>
	</Label>
	<Input>
		<Name>Inp_OA</Name>
		<MacroAddr>J</MacroAddr>
		<Left>590</Left>
		<Top>160</Top>
		<Height>30</Height>
		<Width>120</Width>
		<BackColor>235,235,235</BackColor>
		<ForeColor>0,0,0</ForeColor>
		<BorderStyle>1</BorderStyle>
		<Alignment>1</Alignment>
		<FontSize>12</FontSize>
		<InputFormat>Double:3F</InputFormat>
		<HintLabel>STR::G135.1::Hint::Orientation_Angle</HintLabel>
	</Input>
	<Label>
		<Name>Hole_Number</Name>
		<Caption>STR::G134.1::Hole_Number</Caption>
		<Left>420</Left>
		<Top>200</Top>
		<Height>30</Height>
		<Width>160</Width>
		<ForeColor>247,239,97</ForeColor>
		<BorderStyle>0</BorderStyle>
		<Alignment>1</Alignment>
		<FontSize>15</FontSize>
		<BackColor>159,145,124</BackColor>
	</Label>
	<Input>
		<Name>Inp_HN</Name>
		<MacroAddr>K</MacroAddr>
		<Left>590</Left>
		<Top>200</Top>
		<Height>30</Height>
		<Width>120</Width>
		<BackColor>235,235,235</BackColor>
		<ForeColor>0,0,0</ForeColor>
		<BorderStyle>1</BorderStyle>
		<Alignment>1</Alignment>
		<FontSize>12</FontSize>
		<InputFormat>Double:3F</InputFormat>
		<HintLabel>STR::G134.1::Hint::Hole_Number</HintLabel>
	</Input>
	<Label>
		<Name>Data_Remain</Name>
		<Caption>STR::PControl::Data_Remain</Caption>
		<Left>540</Left>
		<Top>340</Top>
		<Height>30</Height>
		<Width>160</Width>
		<ForeColor>255,255,255</ForeColor>
		<BorderStyle>0</BorderStyle>
		<Alignment>1</Alignment>
		<FontSize>15</FontSize>
		<BackColor>159,145,124</BackColor>
	</Label>
    <Link>
				<Name>NextPage</Name>
        <PageUrl>G135.1_next.xml</PageUrl>
				
    </Link>

</Screen>
