﻿<?xml version="1.0" encoding="UTF-8"?>
<ResMap>
  <Message ID="Browser::DELTADriverTuning::Caption::PrmHintTitle" Content="參數提示：" />
  <Message ID="Browser::DELTADriverTuning::Caption::DriverTitle" Content="第　軸驅動器響應參數設定" />
  <Message ID="Browser::DELTADriverTuning::Caption::SpeedBW" Content="伺服速度頻寬" />
  <Message ID="Browser::DELTADriverTuning::Caption::MomentOfInertia" Content="馬達負載慣量比" />
  <Message ID="Browser::DELTADriverTuning::Caption::KPP" Content="位置迴路比例增益 KPP" />
  <Message ID="Browser::DELTADriverTuning::Caption::KVP" Content="速度迴路比例增益 KVP" />
  <Message ID="Browser::DELTADriverTuning::Caption::KVI" Content="速度迴路積分增益 KVI" />
  <Message ID="Browser::DELTADriverTuning::Caption::NotchTitle" Content="Notch Filter 設定" />
  <Message ID="Browser::DELTADriverTuning::Caption::NotchF1" Content="第一組 Notch Filter 頻率" />
  <Message ID="Browser::DELTADriverTuning::Caption::NotchA1" Content="第一組 Notch Filter 衰減率" />
  <Message ID="Browser::DELTADriverTuning::Caption::NotchF2" Content="第二組 Notch Filter 頻率" />
  <Message ID="Browser::DELTADriverTuning::Caption::NotchA2" Content="第二組 Notch Filter 衰減率" />
  <Message ID="Browser::DELTADriverTuning::HintLabel::HintBW" Content="伺服速度設定愈大，響應愈高，但較易造成噪音與振動" />
  <Message ID="Browser::DELTADriverTuning::HintLabel::HintKPP" Content="提高位置迴路響應頻率、位置命令追隨性，縮小誤差與定位時間" />
  <Message ID="Browser::DELTADriverTuning::HintLabel::HintKVP" Content="提高速度迴路響應頻率與速度命令追隨性" />
  <Message ID="Browser::DELTADriverTuning::HintLabel::HintKVI" Content="增加固定偏差消除能力" />
  <Message ID="Browser::DELTADriverTuning::HintLabel::HintNotchA1" Content="設定第一組Notch Filter的衰減率，愈大可消除較大振幅之共振" />
  <Message ID="Browser::DELTADriverTuning::HintLabel::HintNotchA2" Content="設定第二組Notch Filter的衰減率，愈大可消除較大振幅之共振" />
  <Message ID="Browser::DELTADriverTuning::Caption::MotorPosition" Content="馬達現在位置" />
  <Message ID="Browser::DELTADriverTuning::Caption::MotorLimit1" Content="馬達正向極限" />
  <Message ID="Browser::DELTADriverTuning::Caption::MotorLimit2" Content="馬達反向極限" />
  <Message ID="Browser::TuningEstimation::Caption::HintStep1" Content="步驟一：確認馬達正反向極限是否定位" />
  <Message ID="Browser::TuningEstimation::Caption::HintStep2" Content="步驟二：按下「開始估測」" />
  <Message ID="Browser::TuningEstimation::Caption::HintStep3" Content="步驟三：如有異音請停止估測，並請調" />
  <Message ID="Browser::TuningEstimation::Caption::HintStep4" Content="　　　　降速度頻寬，再重新估測" />
  <Message ID="Browser::TuningFinish::Caption::Step1" Content="1. 正以新的驅動器參數執行試加工" />
  <Message ID="Browser::TuningFinish::Caption::Step2" Content="2. 試加工期間若發生遺失位置命令或嚴重追隨誤差之警報" />
  <Message ID="Browser::TuningFinish::Caption::Step3" Content="   請嘗試調高頻寬或位置迴路比例增益KPP" />
  <Message ID="Browser::TuningFinish::Caption::Step4" Content="3. 如機台抖動無法抑制，且上述警報依舊產生" />
  <Message ID="Browser::TuningFinish::Caption::Step5" Content="   請提高遺失位置檢查視窗之數值(參數561-576)" />
  <Message ID="Browser::TuningJOGLimit::Caption::Step1" Content="步驟一：請利用面板上之JOG+與JOG-" />
  <Message ID="Browser::TuningJOGLimit::Caption::Step2" Content="　　　　之功能致動馬達。" />
  <Message ID="Browser::TuningJOGLimit::Caption::Step3" Content="步驟二：按下F1與F2寫入正向與反向極" />
  <Message ID="Browser::TuningJOGLimit::Caption::Step4" Content="　　　　限，完成定位。" />
  <Message ID="Browser::TuningJOGLimit::Caption::HintNote1" Content="附註：此一極限僅於慣量估測與增益調" />
  <Message ID="Browser::TuningJOGLimit::Caption::HintNote2" Content="　　　整時使用，不影響正常加工。" />
  <Message ID="Browser::TuningMain::Caption::HintStep1" Content="步驟一：執行馬達正負方向極限之定位" />
  <Message ID="Browser::TuningMain::Caption::HintStep2" Content="步驟二：執行馬達負載慣量比之估測" />
  <Message ID="Browser::TuningMain::Caption::HintStep3" Content="步驟三：計算增益以執行自動增益調整" />
  <Message ID="Browser::TuningMain::Caption::HintStep4" Content="步驟四：完成調機，執行試加工" />
  <Message ID="Browser::TuningList::Caption::MotorNo" Content="馬達編號" />
  <Message ID="Browser::TuningList::Caption::MomentOfInertia" Content="對伺服馬達的負載慣量比與負載重量比" />
  <Message ID="Browser::TuningList::Caption::KPP" Content="位置迴路比例增益 KPP (rad/s)" />
  <Message ID="Browser::TuningList::Caption::KVP" Content="速度迴路比例增益 KVP (rad/s)" />
  <Message ID="Browser::TuningList::Caption::KVI" Content="速度迴路積分補償 KVI (rad/s)" />
  <Message ID="Browser::TuningList::Caption::BW" Content="速度迴路響應頻寬 (Hz)" />
  <Message ID="Browser::TuningList::Caption::NotchF1" Content="第一組共振抑制Notch Filter頻率 (Hz)" />
  <Message ID="Browser::TuningList::Caption::NotchA1" Content="第一組共振抑制Notch Filter衰減率 (dB)" />
  <Message ID="Browser::TuningList::Caption::NotchF2" Content="第二組共振抑制Notch Filter頻率 (Hz)" />
  <Message ID="Browser::TuningList::Caption::NotchA2" Content="第二組共振抑制Notch Filter衰減率 (dB)" />
  <Message ID="Browser::TuningList::Caption::ModeSetting" Content="自動共振抑制模式設定 (0：固定 1：抑振後固定 2：持續抑振)" />
  <Message ID="Browser::TuningList::Caption::MotorLimit1" Content="馬達正向運轉極限" />
  <Message ID="Browser::TuningList::Caption::MotorLimit2" Content="馬達反向運轉極限" />
  <Message ID="Browser::TuningList::Caption::FrictionComp" Content="摩擦力補償Level (%)" />
  <Message ID="Browser::TuningList::Caption::FrictionScon" Content="摩擦力補償平滑常數 (ms)" />
  <Message ID="Browser::TuningList::Caption::Resolution" Content="光學尺全閉環解析度 (pulse / rev)" />
  <Message ID="Browser::TuningList::Caption::ErrorProtect" Content="光學尺全閉環回授位置和馬達編碼器間誤差錯誤保護範圍(pulse)" />
  <Message ID="Browser::TuningList::Caption::EncoderSwitch" Content="光學尺全閉環功能控制開關" />
  <Message ID="Browser::TuningList::Caption::EncoderLP" Content="全閉環位置檢測器與半閉環位置檢測器誤差低通濾波器時間常數(ms)" />
  <Message ID="Browser::TuningPrm::Caption::HintStep1" Content="步驟一：給定伺服速度頻寬，按下「計" />
  <Message ID="Browser::TuningPrm::Caption::HintStep2" Content="　　　　算增益」，將自動計算出一組" />
  <Message ID="Browser::TuningPrm::Caption::HintStep3" Content="　　　　增益，亦可手動輸入" />
  <Message ID="Browser::TuningPrm::Caption::HintStep4" Content="步驟二：開始調機" />
</ResMap>