﻿<?xml version="1.0" encoding="UTF-8"?>
<!--Created by 'eHMI'version2.2.5-->
<ResMap>
  <Message ID="Browser::MonitorCoord::Caption::Lab_FeedTitle::FeedRate" Content="進給速率" />
  <Message ID="Browser::MonitorCoord::Caption::Lab_SpindleTitle::SpindleRate" Content="主軸轉速" />
  <Message ID="Browser::MonitorSTDData::Caption::Lab_HSHHPTitle::HSHHPTitle" Content="加工條件選擇" />
  <Message ID="Browser::MonitorSTDData::Caption::Lab_ParamNo::HSHHPNo0" Content="預設參數" />
  <Message ID="Browser::MonitorSTDData::Caption::Lab_ParamNo::HSHHPNo1" Content="第一組參數" />
  <Message ID="Browser::MonitorSTDData::Caption::Lab_ParamNo::HSHHPNo2" Content="第二組參數" />
  <Message ID="Browser::MonitorSTDData::Caption::Lab_ParamNo::HSHHPNo3" Content="第三組參數" />
  <Message ID="Browser::MonitorSTDData::Caption::Lab_ParamNo::HSHHPNo4" Content="第四組參數" />
  <Message ID="Browser::MonitorSTDData::Caption::Lab_ParamNo::HSHHPNo5" Content="第五組參數" />
  <Message ID="Browser::MonitorSTDData::Caption::Lab_StatusTitle::RunStatus" Content="加工狀態" />
  <Message ID="Browser::MonitorSTDData::Caption::Lab_WorkTime::RunTime" Content="加工時間" />
  <Message ID="Browser::MonitorSTDData::Caption::Lab_WorkHour::Hour" Content="時" />
  <Message ID="Browser::MonitorSTDData::Caption::Lab_WorkMin::Min" Content="分" />
  <Message ID="Browser::MonitorSTDData::Caption::Lab_WorkSec::Sec" Content="秒" />
  <Message ID="Browser::MonitorSTDData::Caption::Lab_AcumPartCount::TotalAcumPartCount" Content="總工件數" />
  <Message ID="Browser::MonitorSTDData::Caption::Lab_AcumPartCount::AcumPartCount" Content="工件數" />
  <Message ID="Browser::MonitorSTDData::Caption::Lab_G00Override::G00_Override" Content="G00 倍率" />
  <Message ID="Browser::MonitorSTDData::Caption::Lab_G01Override::G01_Override" Content="G01 倍率" />
  <Message ID="Browser::MonitorSTDData::Caption::Lab_Feedrate::FeedRate" Content="進給速率" />
  <Message ID="Browser::MonitorSTDData::Caption::Lab_SpindleOverride::Spd_Override" Content="主軸倍率" />
  <Message ID="Browser::MonitorSTDData::Caption::Lab_SpindleTitle::SpindleRate" Content="主軸轉速" />
  <Message ID="Browser::MonitorSTDData::Caption::Lab_LoadingRate::LoadingRate" Content="負載率" />
  <Message ID="Browser::MonitorSTDData::Caption::Lab_StartNo::StartBlockNo" Content="起始單節" />
  <Message ID="Browser::MonitorSTDData::Caption::Lab_HSHHPTitle::HSHHPTitle" Content="加工條件選擇" />
  <Message ID="Browser::MonitorSTDData::Caption::Lab_ParamNo::HSHHPNo0" Content="預設參數" />
</ResMap>