<?xml version="1.0" encoding="utf-8" ?> 
<ResMap>
	<!-- ==========================Main Fenu========================== -->
	<Message ID="Fenu::Main::MenuProgram" Content="Program" />
	<Message ID="Fenu::Main::MenuCustom" Content="Custom" />
	<Message ID="Fenu::Main::MenuAlarm" Content="Alarm" />
	<Message ID="Fenu::Main::MenuParameter" Content="Param." />
	<Message ID="Fenu::Main::MenuDiagnostic" Content="Diag." />
	<Message ID="Fenu::Main::About" Content="Sys. Info" />
	<Message ID="Fenu::Main::End" Content="End" />
	<Message ID="Fenu::About::OK" Content="Ok" />
	<Message ID="Fenu::About::NormalAxisInfo" Content="NormalAxisInfo" />
	<Message ID="Fenu::About::SpindleInfo" Content="SpindleInfo" />

	<!-- ==========================Main Next Fenu========================== -->
	<Message ID="Fenu::MainNext::CycleStart" Content="Cycle Start" />
	<Message ID="Fenu::MainNext::Reset" Content="Reset" />

	<!-- ==========================Machine Fenu========================== -->
	<Message ID="Fenu::Machine::CoordinateSwitch" Content="Switch Coord." />
	<Message ID="Fenu::Machine::HalfCoordiante" Content="Half Coord." />
	<Message ID="Fenu::Machine::AutoTool" Content="Tool Tip Measure" />
	<Message ID="Fenu::Machine::AutoCenter" Content="Middle Func." />
	<Message ID="Fenu::Machine::NextWorkPiecePage" Content="Next Coord. Page" />

	<Message ID="Fenu::ManualCenterPx1" Content="PX1 Set" />
	<Message ID="Fenu::ManualCenterPx2" Content="PX2 Set" />
	<Message ID="Fenu::ManualCenterPy1" Content="PY1 Set" />
	<Message ID="Fenu::ManualCenterPy2" Content="PY2 Set" />
	<Message ID="Fenu::AutoCenterStart" Content="Auto center start" />
	<Message ID="Fenu::AutoCenterReset" Content="Auto center Reset" />
	<Message ID="Fenu::ZSafeHeightTeach" Content="Z Coord. Set" />

	<Message ID="Fenu::3PtsCenterP1" Content="P1 Set" />
	<Message ID="Fenu::3PtsCenterP2" Content="P2 Set" />
	<Message ID="Fenu::3PtsCenterP3" Content="P3 Set" />
	<Message ID="Fenu::3PtsCenterResult" Content="Calculate the Center" />

	<Message ID="Fenu::AutoTool::Start" Content="Start" />
	<Message ID="Fenu::AutoTool::Reset" Content="Reset" />
	<Message ID="Fenu::AutoTool::ZDeltaSet" Content="Z Delta Set" />
	<Message ID="Fenu::AutoTool::XYRefTeach" Content="Apply XY Ref. Coord." />
	<Message ID="Fenu::AutoTool::ZMachTeach" Content="Apply Z Mach. Coord." />

	<Message ID="Fenu::Machine::SetFeatureCoord" Content="Tilt Work Plane Teach" />
	<Message ID="Fenu::MenuFeatureCoord::SetupCoord" Content="Latch G54 Coord." />
	<Message ID="Fenu::MenuFeatureCoord::CompleteSetup" Content="Finish" />
	<Message ID="Fenu::MenuFeatureCoord::CancelFeature" Content="Cancel Tilt Work Plane" />

	<!-- ==========================Program Fenu========================== -->
	<Message ID="Fenu::Program::InsertCycle" Content="Insert Cycle" />
	<Message ID="Fenu::Program::DeleteLine" Content="Delete Line" />
	<Message ID="Fenu::Program::EditCycle" Content="Edit Cycle" />
	<Message ID="Fenu::Program::MenuEdit" Content="SubEdit Menu" />
	<Message ID="Fenu::Program::MenuSimulation" Content="Simulation" />
	<Message ID="Fenu::Program::MenuTeach" Content="Teach" />
	<Message ID="Fenu::Program::ProgramFileMang" Content="File Manager" />
	<Message ID="Fenu::ProgramFileMandNext::ShowMacroFileManager" Content="Macro Manager" />	
	<Message ID="Fenu::Program::Cycle" Content="CanCycle" />

	<!-- ==========================Teach Fenu========================== -->
	<Message ID="Fenu::Teach::Rapid" Content="Rapid Teach" />
	<Message ID="Fenu::Teach::LineCut" Content="Line Cut Teach" />
	<Message ID="Fenu::Teach::ArcCut" Content="Arc Cut Teach" />
	<Message ID="Fenu::Teach::ArcCancel" Content="Cancel Arc Mid" />
	<Message ID="Fenu::Teach::Radius" Content="Radius Teach" />
	<Message ID="Fenu::Teach::DeleteLine" Content="Delete Line" />
	<Message ID="Fenu::Teach::CoordSwitch" Content="Next Coord. Page" />
	<Message ID="Fenu::Teach::Point" Content="Point Teach" />

	<!-- ==========================Program Next Fenu========================== -->
	<Message ID="Fenu::Program::ShowDNCProgFileMang" Content="Select DNC File" />
	
	<!-- ==========================Cycle Ok Cancel Fenu========================== -->
	<Message ID="Fenu::CycleOKCancel::OK" Content="Ok" />
	<Message ID="Fenu::CycleOKCancel::Cancel" Content="Cancel" />

	<!-- ==========================Program Edit Fenu========================== -->
	<Message ID="Fenu::ProgramEdit::MenuFind" Content="Search" />
	<Message ID="Fenu::ProgramEdit::MenuReplace" Content="Replace" />
	<Message ID="Fenu::ProgramEdit::GotoLine" Content="Goto Line" />
	<Message ID="Fenu::ProgramEdit::CopyLine" Content="Copy Line" />
	<Message ID="Fenu::ProgramEdit::InsertLine" Content="Insert Line" />
	<Message ID="Fenu::ProgramEdit::BlockMenu" Content="Block Copy" />
	<Message ID="Fenu::ProgramEdit::CopyPasteMenu" Content="Copy/Paste" />

	<Message ID="Fenu::BlockEdit::BlockStart" Content="Start Line" />
	<Message ID="Fenu::BlockEdit::BlockEnd" Content="End Line" />
	<Message ID="Fenu::BlockEdit::BlockCut" Content="Block Cut" />
	<Message ID="Fenu::BlockEdit::BlockCopy" Content="Block Copy" />
	<Message ID="Fenu::BlockEdit::BlockPaste" Content="Block Paste" />

	<!-- ==========================Program CopyPaste Fenu===================== -->
	<Message ID="Fenu::CopyPasteEdit::Cut" Content="Cut" />
	<Message ID="Fenu::CopyPasteEdit::Copy" Content="Copy" />
	<Message ID="Fenu::CopyPasteEdit::Paste" Content="Paste" />
	<Message ID="Fenu::CopyPasteEdit::Undo" Content="Undo" />
	<Message ID="Fenu::CopyPasteEdit::SelAll" Content="Select All" />

	<!-- ==========================Program Find Fenu========================== -->
	<Message ID="Fenu::ProgramFind::FindNext" Content="Find Next" />
	<Message ID="Fenu::ProgramFind::CancelFind" Content="Cancel" />

	<!-- ==========================Program Replace Fenu========================== -->
	<Message ID="Fenu::ProgramReplace::FindNext" Content="Find Next" />
	<Message ID="Fenu::ProgramReplace::Replace" Content="Replace" />
	<Message ID="Fenu::ProgramReplace::SkipReplace" Content="Skip" />
	<Message ID="Fenu::ProgramReplace::CancelReplace" Content="Cancel" />
	<Message ID="Fenu::ProgramReplace::ReplaceAll" Content="Replace All" />
	<!-- ==========================Program Simulation Fenu========================== -->
	<Message ID="Fenu::ProgramSimulation::Step" Content="Step" />
	<Message ID="Fenu::ProgramSimulation::Continue" Content="Continue" />
	<Message ID="Fenu::ProgramSimulation::Zoom" Content="Zoom" />
	<Message ID="Fenu::ProgramSimulation::Reset" Content="Graph Reset" />
	<Message ID="Fenu::ProgramSimulation::Abort" Content="Abort" />
	<Message ID="Fenu::ProgramSimulation::SimuSetting" Content="Simu. Setting" />

	<!-- ==========================Program Simulation Setting Fenu========================== -->
	<Message ID="Fenu::ProgramSimulationSetting::OK" Content="OK" />
	<Message ID="Fenu::ProgramSimulationSetting::Cancel" Content="Cancel" />

	<!-- ==========================Program file manager Fenu========================== -->
	<Message ID="Fenu::ProgramFileManager::NewFile" Content="New File" />
	<Message ID="Fenu::ProgramFileManager::CopyFile" Content="Copy File" />
	<Message ID="Fenu::ProgramFileManager::DelFile" Content="Delete File" />
	<Message ID="Fenu::ProgramFileManager::Import" Content="File Import" />
	<Message ID="Fenu::ProgramFileManager::Outport" Content="File Export" />
	<Message ID="Fenu::ProgramFileManager::Rs232In" Content="RS232 In" />
	<Message ID="Fenu::ProgramFileManager::Rs232Out" Content="RS232 Out" />
	<Message ID="Fenu::ProgramFileManager::NetImport" Content="Net Import" />
	<Message ID="Fenu::ProgramFileManager::NetExport" Content="Net Export" />
	<Message ID="Fenu::ProgramFileManager::OpenFile" Content="Edit" />
	<Message ID="Fenu::ProgramFileManager::ToMainProgAndRun" Content="Execute" />

	<!-- ==========================FileImportExport========================== -->
	<Message ID="Fenu::FileMgr::Copy" Content="Copy" />
	<Message ID="Fenu::FileMgr::Select" Content="Select" />
	<Message ID="Fenu::FileMgr::SelectAll" Content="Select ALL" />
	<Message ID="Fenu::FileMgr::CancelSelect" Content="Cancel Select" />
	<Message ID="Fenu::FileMgr::DeviceChange" Content="Device Select" />
	<Message ID="Fenu::FileMgr::Exit" Content="Exit" />
	<Message ID="Fenu::FileImportExport::switchFocus" Content="Window Select" />

	<!-- ==========================File Delete Fenu========================== -->
	<Message ID="Fenu::FileDel::Select" Content="Select" />
	<Message ID="Fenu::FileDel::SelectAll" Content="Select ALL" />
	<Message ID="Fenu::FileDel::CancelSelect" Content="Cancel Select" />
	<Message ID="Fenu::FileDel::DelFile" Content="Delete File" />
	<Message ID="Fenu::FileDel::DelAll" Content="Delete All" />

	<!-- ==========================Run Fenu========================== -->
	<Message ID="Fenu::Run::SelectMainProg" Content="Select File" />
	<Message ID="Fenu::Run::SwitchCoordinate" Content="Display Coord." />
	<Message ID="Fenu::Run::MDI" Content="MDI Input" />
	<Message ID="Fenu::Run::ParameterSet" Content="Param. Set" />
	<Message ID="Fenu::Run::MenuToolSet" Content="Tool Set" />
	<Message ID="Fenu::Run::MenuGraphAdjust" Content="Graph Adjust" />
	<Message ID="Fenu::Run::WorkRecord" Content="Work Record" />

	<Message ID="Fenu::WorkRecord::SaveWorkRecord" Content="Save Work Record" />
	<Message ID="Fenu::WorkRecord::ClearWorkRecord" Content="Clear Work Record" />
	<Message ID="Fenu::Run::MPGShift::StartMPGShift" Content="Start MPG Coord." />
	<Message ID="Fenu::Run::MPGShift::CancelMPGShift" Content="Cancel MPG Coord." />

	<!-- ==========================Run MDI Fenu========================== -->
	<Message ID="Fenu::MDI::Ok" Content="Ok" />
	<Message ID="Fenu::MDI::Clear" Content="Clear" />

	<!-- ==========================Run Para Set Fenu========================== -->
	<Message ID="Fenu::MenuRunParaSet::ClearCycleTime" Content="Clear Acum Cycle Time" />
	<Message ID="Fenu::MenuRunParaSet::GCode Display Switch" Content="GCode Display Switch" />
	<Message ID="Fenu::MenuRunParaSet::SetDeltaAngle" Content="Set Shift Angle" />

	<!-- ==========================set DeltaAngle Fenu========================== -->
	<Message ID="Fenu::DeltaAngleFenu::DeltaAngleGroup1" Content="Set 1st Shift Angle" />
	<Message ID="Fenu::DeltaAngleFenu::DeltaAngleGroup2" Content="Set 2nd Shift Angle" />
	<Message ID="Fenu::DeltaAngleFenu::DeltaAngleGroup3" Content="Set 3rd Shift Angle" />

	<!-- ==========================Menu Tool Set Fenu========================== -->
	<Message ID="Fenu::ToolSet::ClearXRelPos" Content="Clear X Coord." />
	<Message ID="Fenu::ToolSet::SetToolWear" Content="Tool Wear Set" />
	<Message ID="Fenu::ToolSet::ClearYRelPos" Content="Clear Y Coord." />
	<Message ID="Fenu::ToolSet::SetToolLength" Content="Tool Length Set" />
	<Message ID="Fenu::ToolSet::ClearZRelPos" Content="Clear Z Coord." />
	<Message ID="Fenu::ToolSet::SetToolNose" Content="Tool Nose Set" />
	<Message ID="Fenu::ToolSet::ToolNo" Content="Tool No." />
	<Message ID="Fenu::ToolSet::SetToolAngle" Content="Set Tool Rotation Angle" />
	<Message ID="Fenu::ToolSet::SetWorkShift" Content="Working Shift" />
	<Message ID="Fenu::ToolSet::SetToolMachCoord" Content="Set Tool Mach. Coord." />
	<Message ID="Fenu::ToolSet::SetToolRelCoord" Content="Set Tool Rel. Coord." />

	<!-- ==========================Alarm Fenu========================== -->
	<Message ID="Fenu::Alarm::PendingAlarm" Content="Pending Alarm" />
	<Message ID="Fenu::Alarm::HistoryAlarm" Content="History Alarm" />
	<Message ID="Fenu::Alarm::SaveAlarm" Content="Save Alarm" />

	<!-- ==========================Parameter Fenu========================== -->
	<Message ID="Fenu::Parameter::ShowErrorCompensation" Content="Compensation Param." />
	<Message ID="Fenu::Parameter::GotoParameter" Content="Goto Param." />
	<Message ID="Fenu::Parameter::SystemSet" Content="Sys. Setting" />
	<Message ID="Fenu::Parameter::FiveAxis" Content="5 Axis Param." />
	<Message ID="Fenu::Parameter::TouchAdjust" Content="Screen Adjust" />
	<Message ID="Fenu::Parameter::SetUseTime" Content="Use Time Setting" />
	<Message ID="Fenu::Parameter::UseTimeInput" Content="Ok" />
	<Message ID="Fenu::Parameter::NetworkSet" Content="Network Setting" />
	<Message ID="Fenu::Parameter::NetworkInputCancel" Content="Cancel" />
	<Message ID="Fenu::Parameter::LoadHSHP" Content="HSHP Setting" />
	<Message ID="Fenu::Parameter::QuickHSHP" Content="Quick     Param. Setting" />
	<Message ID="Fenu::Parameter::PrecisionHSHP" Content="Machining Condition Selection" />
	<Message ID="Fenu::Parameter::Next" Content="Next Page" />
	<Message ID="Fenu::Parameter::ConnSetting" Content="Backend Connection Setting" />
	<Message ID="Fenu::Parameter::KernelSerSet" Content="Set Kernel Server" />
	<Message ID="Fenu::Parameter::SRIParamSetting" Content="SRI Param. Setting" />
	<Message ID="Fenu::Parameter::SRISaveComPortParam" Content="Save Com Port Param." />

	<Message ID="Fenu::Parameter::SRIEditDevice" Content="Edit Device" />
	<Message ID="Fenu::Parameter::SRIDisableDevice" Content="Disable Device" />
	<Message ID="Fenu::Parameter::SRIAutoUpdateDeviceParam" Content="Auto Sync." />
	<Message ID="Fenu::Parameter::SRISaveDeviceParam" Content="Save SRI Param Setting." />
	<Message ID="Fenu::Parameter::SRIUpdateFirmware" Content="Update Firmware" />
	<Message ID="Fenu::Parameter::Select" Content="Select" />
	<Message ID="Fenu::Parameter::Update" Content="Update" />

	<Message ID="Fenu::Parameter::ShowPitchTable" Content="Pitch Table" />
	<Message ID="Fenu::Parameter::ShowPitchTable::GoToHome" Content="Goto Home" />
	<Message ID="Fenu::Parameter::ShowPitchTable::Prev10Point" Content="Prev. 10 Points" />
	<Message ID="Fenu::Parameter::ShowPitchTable::Next10Point" Content="Next 10 Points" />
	<Message ID="Fenu::Parameter::ShowPitchTable::LoadFile" Content="Table Load" />

	<Message ID="Fenu::Parameter::ShowPitchTable::LoadFileOK" Content="OK" />
	<Message ID="Fenu::Parameter::ShowPitchTable::LoadFileCancle" Content="Cancel" />
	<Message ID="Fenu::Parameter::AdjustTuningApplication" Content="Adjust Tuning App." />
	<Message ID="Fenu::Parameter::SetMMIConfig" Content="Set MMIConfig" />
	<Message ID="Fenu::SetMMIConfig::Modify" Content="Modify" />
	<Message ID="Fenu::SetMMIConfig::SetDefault" Content="Set Default" />
	<Message ID="Fenu::SetMMIConfig::SetDefaultAll" Content="Set Default All" />
	<!-- ==========================Diagnostic Fenu========================== -->
	<Message ID="Fenu::Diagnostic::MenuPLC" Content="PLC Status" />
	<Message ID="Fenu::Diagnostic::DisplaySysData" Content="Display Sys. Data" />
	<Message ID="Fenu::Diagnostic::DisplayComVar" Content="Display Global" />
	<Message ID="Fenu::Diagnostic::DisplayCoordVar" Content="Display Coord." />
	<Message ID="Fenu::Diagnostic::AdjustApplication" Content="Spindle Adjustment" />
	<Message ID="Fenu::Diagnostic::DoViewSystemInfo" Content="Sys. Info." />
	<Message ID="Fenu::Diagnostic::SRIDiagnostic" Content="SRI Status" />
	<Message ID="Fenu::Diagnostic::SysAdmin" Content="Sys. Admin" />

	<Message ID="Fenu::Diagnostic::SysDataGoTo" Content="Goto Sys. Data" />
	<Message ID="Fenu::Diagnostic::ComVarGoTo" Content="Goto Global" />
	<Message ID="Fenu::Diagnostic::ClearComVar" Content="Clear Global" />
	<Message ID="Fenu::Diagnostic::CoordVarGoTo" Content="Goto Coord." />
	<Message ID="Fenu::Diagnostic::PLCRegGoTo" Content="Goto Register" />
	
	<Message ID="Fenu::Diagnostic::SRICom1" Content="COM 1" />
	<Message ID="Fenu::Diagnostic::SRICom2" Content="COM 2" />
	<Message ID="Fenu::Diagnostic::SRICom3" Content="COM 3" />
	<Message ID="Fenu::Diagnostic::SRIPrevPage" Content="Prev. Page" />
	<Message ID="Fenu::Diagnostic::SRINextPage" Content="Next Page" />

	<!-- ==========================Diagnostic PLC Fenu========================== -->
	<Message ID="Fenu::DiagnosticPLC::PLC.I.Bit" Content="PLC I Bit" />
	<Message ID="Fenu::DiagnosticPLC::PLC.O.Bit" Content="PLC O Bit" />
	<Message ID="Fenu::DiagnosticPLC::PLC.C.Bit" Content="PLC C Bit" />
	<Message ID="Fenu::DiagnosticPLC::PLC.S.Bit" Content="PLC S Bit" />
	<Message ID="Fenu::DiagnosticPLC::PLC.A.Bit" Content="PLC A Bit" />
	<Message ID="Fenu::DiagnosticPLC::PLC.Reg" Content="PLC Register" />
	<Message ID="Fenu::DiagnosticPLC::PLC.Timer" Content="PLC Timer" />
	<Message ID="Fenu::DiagnosticPLC::PLC.Counter" Content="PLC Counter" />
	<Message ID="Fenu::DiagnosticPLC::PLC.Ladder" Content="PLC Ladder" />
	<Message ID="Fenu::DiagnosticLadderFind::Find" Content="Find" />
	<Message ID="Fenu::DiagnosticLadderFind::FindNext" Content="Find Next" />
	<Message ID="Fenu::DiagnosticLadderFind::FindPrev" Content="Find Prev." />
	<Message ID="Fenu::DiagnosticLadderMode::DebugMode" Content="Debug Mode" />
	<Message ID="Fenu::DiagnosticLadderMode::EditMode" Content="Edit Mode" />
	<Message ID="Fenu::DiagnosticLadderDebug::FindMenu" Content="Find Menu" />
	<Message ID="Fenu::DiagnosticLadderDebug::ListMenu" Content="List Menu" />
	<Message ID="Fenu::DiagnosticLadderForce::HoldOn" Content="Hold On" />
	<Message ID="Fenu::DiagnosticLadderForce::HoldOff" Content="Hold Off" />
	<Message ID="Fenu::DiagnosticLadderForce::ReleaseHold" Content="Release Hold" />
	<Message ID="Fenu::DiagnosticLadderForce::OneShotOn" Content="OneShot On" />
	<Message ID="Fenu::DiagnosticLadderForce::OneShotOff" Content="OneShot Off" />
	<Message ID="Fenu::DiagnosticLadderForce::AddWatch" Content="Add Watch" />
	<Message ID="Fenu::DiagnosticLadderList::ChangeFocus" Content="Change Focus" />
	<Message ID="Fenu::DiagnosticLadderList::Delete" Content="Delete" />
	<Message ID="Fenu::DiagnosticLadderList::DeleteAll" Content="Delete All" />
	
	<!-- ==========================Ladder Edit Fenu========================== -->
	<Message ID="Fenu::LadderEdit::EditCell" Content="Edit Cell" />
	<Message ID="Fenu::LadderEdit::StoreFile" Content="Store File" />
	<Message ID="Fenu::LadderEdit::InsertCell" Content="Insert Cell" />
	<Message ID="Fenu::LadderEdit::CopyCell" Content="Copy Cell" />
	<Message ID="Fenu::LadderEdit::PasteCell" Content="Paste Cell" />
	<Message ID="Fenu::LadderEdit::DeleteCell" Content="Delete Cell" />
	<Message ID="Fenu::LadderEdit::NormalOpenContact" Content="-|  |-" />
	<Message ID="Fenu::LadderEdit::NormalCloseContact" Content="-| /|-" />
	<Message ID="Fenu::LadderEdit::NormalOpenCoil" Content="-(  )-" />
	<Message ID="Fenu::LadderEdit::PositiveEdgeTriggeredCoil" Content="-( ^)-" />
	<Message ID="Fenu::LadderEdit::EmptyLine" Content="Empty Line" />
	<Message ID="Fenu::LadderEdit::Horizontal" Content=" ---- " />
	<Message ID="Fenu::LadderEdit::Vertical" Content="   |  " />

	<!-- ==========================Diagnostic SysAdmin Fenu========================== -->
	<Message ID="Fenu::DiagnosticSysAdmin::InstallSoftware" Content="Install Software" />
	<Message ID="Fenu::DiagnosticSysAdmin::InstallImage" Content="Install Image" />
	<Message ID="Fenu::DiagnosticSysAdmin::BackSys" Content="Backup Sys." />
	<Message ID="Fenu::DiagnosticSysAdmin::InstallLocal" Content="Install Local" />
	<Message ID="Fenu::DiagnosticSysAdmin::BackupLocal" Content="Backup Local" />
	<Message ID="Fenu::DiagnosticSysAdmin::RestoreSys" Content="Restore Sys." />
	<Message ID="Fenu::DiagnosticSysAdmin::SysImportExport" Content="Export/Import Sys. Files" />

	<Message ID="Fenu::FenuInstall::Next" Content="Next" />
	<Message ID="Fenu::FenuInstall::Cancel" Content="Cancel" />

	<Message ID="Fenu::Network::NetworkFunction" Content="Network Function" />
	<Message ID="Fenu::Network::RemoteConnect" Content="Remote Connect" />
	<Message ID="Fenu::Network::RemoteDisconnect" Content="Remote Disconnect" />

	<Message ID="Fenu::SystemInfo::SetOption" Content="Option Setting" />
	<Message ID="Fenu::SystemInfo::DisplayLogData" Content="Operation Log" />
	<Message ID="Fenu::SystemInfo::ExportLogData" Content="Export Operation Log" />
	<Message ID="Fenu::SystemInfo::FindOPLogDateTime" Content="Find DateTime" />
	<Message ID="Fenu::SystemInfo::FindOPLogAlarm" Content="Find Alarm" />
	<Message ID="Fenu::SystemInfo::FindOPLogIBit" Content="Find I-Bit" />
	<Message ID="Fenu::SystemInfo::SetSerial" Content="Ser. NO Setting" />
	<Message ID="Fenu::SystemInfo::SetRestore" Content="Op. Info Restore" />
	<Message ID="Fenu::SystemInfo::FindNext" Content="Find Next" />
	<Message ID="Fenu::SystemInfo::FindPrev" Content="Find Prev." />

	<Message ID="Fenu::SelectItem::OK" Content="OK" />
	<Message ID="Fenu::SelectItem::Cancel" Content="Cancel" />
	<Message ID="Fenu::SelectItem::ChangeItem" Content="Move Focus" />
	<Message ID="Fenu::SelectItem::Enter" Content="Select" />

	<Message ID="Fenu::Select:Next" Content="Next" />
	<Message ID="Fenu::Select:Advance" Content="Advance" />
	<Message ID="Fenu::SysFile:SysFileManager" Content="Sys. Data&#xD;&#xA;Manager" />
	<Message ID="Fenu::SysFile:MacroManager" Content="Macro Manager" />
	<Message ID="Fenu::SysFile:OCResManager" Content="OCRes Manager" />

	<Message ID="Fenu::SysFile:Import" Content="Import" />
	<Message ID="Fenu::SysFile:Export" Content="Export" />
	
	<!-- ==========================Adjust application Menu========================== -->
	<Message ID="Fenu::AdjustApp::AccDeceleration" Content="Acc/Deceleration" />
	<Message ID="Fenu::AdjustApp::Positioning" Content="Positioning" />
	<Message ID="Fenu::AdjustApp::Tapping" Content="Tapping" />
	<Message ID="Fenu::AdjustApp::BallBar" Content="BallBar" />
	<Message ID="Fenu::AdjustApp::GenCode" Content="Generate Program" />
	<Message ID="Fenu::AdjustApp::ProgStart" Content="Start Adjustment" />
	<Message ID="Fenu::AdjustApp::ProgStop" Content="Abort Adjustment" />
	<Message ID="Fenu::AdjustApp::SetSpindlePosition" Content="Set Orient. Angle" />
	<Message ID="Fenu::AdjustApp::BallbarZoomIn" Content="ZoomIn" />
	<Message ID="Fenu::AdjustApp::BallbarZoomOut" Content="ZoomOut" />

	<!-- ==========================Driver Tuning Menu========================== -->
	<Message ID="Fenu::DriverTuning::GoDELTATuning" Content="Driver Tuning For DELTA" />
	<Message ID="Fenu::DriverTuning::Gerneral" Content="GENERAL MENU" />
	<Message ID="Fenu::DriverTuning::Quick" Content="QUICK MENU" />

	<Message ID="Fenu::DriverTuning::SaveParameter" Content="SAVE" />
	<Message ID="Fenu::DriverTuning::LoadParameter" Content="LOAD" />
	<Message ID="Fenu::DriverTuning2a::Save2Controller" Content="SAVE TO CONTROLLER" />
	<Message ID="Fenu::DriverTuning2a::Save2Driver" Content="SAVE TO DRIVER" />

	<Message ID="Fenu::DriverTuning2b::LoadController" Content="LOAD FROM CONTROLLER" />
	<Message ID="Fenu::DriverTuning2b::LoadDriver" Content="LOAD FROM DRIVER" />
	<Message ID="Fenu::DriverTuning2b::LoadInital" Content="LOAD DEFAULT VALUE" />

	<!-- ================================Driver Tuning================================-->
	<Message ID="Fenu::TuningList::UploadPrm" Content="Upload Param." />
	<Message ID="Fenu::TuningMain::TuningAxis1" Content="X Axis Param." />
	<Message ID="Fenu::TuningMain::TuningAxis2" Content="Y Axis Param." />
	<Message ID="Fenu::TuningMain::TuningAxis3" Content="Z Axis Param." />
	<Message ID="Fenu::TuningMenu::LimitRegistration" Content="Register Limit" />
	<Message ID="Fenu::TuningMenu::IEstimation" Content="Estimation of Moment of Inertia" />
	<Message ID="Fenu::TuningMenu::TuningPrms" Content="Gain Tuning" />
	<Message ID="Fenu::TuningMenu::DrvPrmList" Content="Driver Param. List" />
	<Message ID="Fenu::TuningMenu::TuningFinish" Content="Finish Tuning Test Working" />
	<Message ID="Fenu::TuningJOGLimit::FRegistration" Content="Forward Limit Registration" />
	<Message ID="Fenu::TuningJOGLimit::BRegistration" Content="Backward Limit Registration" />
	<Message ID="Fenu::TuningEstimation::StartEstimate" Content="Start Estimation" />
	<Message ID="Fenu::TuningPrms::CalGain" Content="Calculate Gain" />
	<Message ID="Fenu::TuningPrms::StartTuning" Content="Start Tuning" />	

	<!-- ================================Double Screen================================-->
	<Message ID="Fenu::MultiProgram::InsertCycle" Content="InsertCycle" />
	<Message ID="Fenu::MultiProgram::Delete Line" Content="Delete Line" />
	<Message ID="Fenu::MultiProgram::Edit Cycle" Content="Edit Cycle" />
	<Message ID="Fenu::MultiProgram::Select Program" Content="Select Program" />
	<Message ID="Fenu::MultiProgram::MultiScreen" Content="Full Screen Switch" />
	<Message ID="Fenu::MultiProgram::FullScreen" Content="Half Screen Switch" />
	<Message ID="Fenu::MultiProgramNext::MenuEdit" Content="SubEdit Menu" />
	<Message ID="Fenu::MultiProgramNext::MenuSimulation" Content="Simulation" />
	<Message ID="Fenu::MultiProgramNext::ProgramFileMang" Content="File Manager" />
	<Message ID="Fenu::CycleInputOk2::InputOk" Content="InputOk" />

	<!-- ================================Remote Server================================-->
	<Message ID="Fenu::ConnSet::TestConn" Content="Connect IP Test" />
	<Message ID="Fenu::ConnSet::NetConn" Content="IP Connection" />
	<Message ID="Fenu::ConnSet::LocalKernel" Content="Local Kernel" />
	<Message ID="Fenu::ConnSet::DockConnect" Content="Dock Connection" />
	<Message ID="Fenu::ConnSet::KeepConnect" Content="Auto Connection" />
	<Message ID="Fenu::ConnSet::AutoConnect" Content="Auto Connection" />
	<Message ID="Fenu::ConnSet::Cancel" Content="Cancel" />

	<!-- ================================Kernel Server================================-->
	<Message ID="Fenu::KernelServSet::StartServ" Content="Start Server" />
	<Message ID="Fenu::KernelServSet::OK" Content="OK" />
	<Message ID="Fenu::KernelServSet::Cancel" Content="Cancel" />
	<Message ID="Fenu::KernelServSet::DipoleLog" Content="Dipole Log" />

	<!-- ================================Serial Parameter==============================-->
	<Message ID="Fenu::SerialParam::Select" Content="Select" />
	<Message ID="Fenu::SerialParam::CommonParam" Content="Common Param." />
	<Message ID="Fenu::SerialParam::AllParam" Content="All Param." />
	
	<!-- ================================Serial Tunning================================-->
	<Message ID="Fenu::SerialTunning::BackupTunningParam" Content="Backup Param." />
	<Message ID="Fenu::SerialTunning::RestoreTunningParam" Content="Restore Param." />
	<Message ID="Fenu::SerialTunning::AbsoluteHomeSet" Content="Set Abs Home" />
	<Message ID="Fenu::SerialTunning::HomeSet" Content="Set Machine Home" />
	<Message ID="Fenu::SerialTunning::AutoTuning" Content="Auto Tuning" />
	<Message ID="Fenu::SerialTunning::DefaultParam" Content="Default Param." />

	<!-- ================================Auto Tunning================================--> 
	<Message ID="Fenu::ST_AutoTuning::Next" Content="Next Step" /> 
	<Message ID="Fenu::ST_AutoTuning::Last" Content="Last Step" /> 
	<Message ID="Fenu::ST_AutoTuning::SetLimit1" Content="Set 1st Limit" /> 
	<Message ID="Fenu::ST_AutoTuning::SetLimit2" Content="Set 2nd Limit" /> 
	<Message ID="Fenu::ST_AutoTuning::Stop" Content="Tuning Stop" /> 
	<Message ID="Fenu::ST_AutoTuning::Again" Content="Tuning Again" /> 
	<Message ID="Fenu::ST_AutoTuning::SelectAxis" Content="Tuning Other Axis" /> 
	<Message ID="Fenu::ST_AutoTuning::Cancel" Content="Tunning End" />
	<Message ID="Fenu::ST_AutoTuning::AdvancedMode" Content="Advanced Mode" />
	<Message ID="Fenu::ST_AutoTuning::ServoOn" Content="Servo On" />
	<Message ID="Fenu::ST_AutoTuning::ServoOff" Content="Servo Off" />
	<Message ID="Fenu::ST_AutoTuning::StartMotor" Content="JOG" />
	<Message ID="Fenu::ST_AutoTuning::StopMotor" Content="Stop" />
	<Message ID="Fenu::ST_AutoTuning::CalGain" Content="Calculate Gain" />

	<!-- ================================Serial Default Param================================-->
	<Message ID="Fenu::ST_DefaultParam::StartInit" Content="Start" />
	<Message ID="Fenu::ST_DefaultParam::Select" Content="Select" />

	<!-- ================================Update Boot Picture================================-->
	<Message ID="Fenu::UpdateBootPic::SelectBootPicture" Content="Update Boot Picture" />
	<Message ID="Fenu::UpdateBootPic::CancelUpdate" Content="Cancel" />

	<!-- ==========================LogInOut Fenu========================== -->
	<Message ID="Fenu::LogInOut::LogIn" Content="Login" />
	<Message ID="Fenu::LogInOut::LogOut" Content="Logout" />
	<Message ID="Fenu::LogInOut::ForgetPassword" Content="Forget Password" />

	<!-- ==========================AuthorityManager Fenu========================== -->
	<Message ID="Fenu::Maintain::AuthorityManager" Content="Authority Management" />
	<Message ID="Fenu::Maintain::ResetPassword" Content="Reset Password" />
	<Message ID="Fenu::AuthorityManager::ViewEndUserRights" Content="Authority of End User" />
	<Message ID="Fenu::AuthorityManager::ChangePassword" Content="Change Password" />
	<Message ID="Fenu::AuthorityManager::EditEndUserRights" Content="Set Authority of End User" />
	<Message ID="Fenu::AuthorityManager::EditMultiUserRights" Content="Set Authority of Users" />
	<Message ID="Fenu::AuthorityManager::EditDefaultRights" Content="Set Authority of Default" />
	<Message ID="Fenu::MultiUserRights::Add" Content="Add" />
	<Message ID="Fenu::MultiUserRights::Copy" Content="Copy" />
	<Message ID="Fenu::MultiUserRights::Find" Content="Find" />
	<Message ID="Fenu::MultiUserRights::Edit" Content="Edit" />
	<Message ID="Fenu::MultiUserRights::Delete" Content="Delete" />
	<Message ID="Fenu::SetValue::Close" Content="Close" />
	<Message ID="Fenu::SetValue::Open" Content="Open" />
	<Message ID="Fenu::SetValue::DisplayOnly" Content="Display Only" />
	
	<!-- ==========================Serial PLC Axis========================== -->
	<Message ID="Fenu::SerialPLCAxis::Parameter" Content="Serial PLC&#xD;&#xA;Axis Param." />
	<Message ID="Fenu::SerialPLCAxis::Monitor" Content="Serial PLC Axis Monitor" />
	
	<!-- ==========================BackUp========================== -->
	<Message ID="Fenu::BackUp::InternalSyntecBackUp" Content="Internal BackUp" />
	
	<!-- ==========================Rot turrent========================== -->
	<Message ID="Fenu::Rot::Parameter" Content="ROT Param." />
	<Message ID="Fenu::Rot::Monitor" Content="ROT Monitor" />
</ResMap>
