﻿<?xml version="1.0" encoding="UTF-8"?>
<Screen>
	<Name>SerialPLCAxisMonitor</Name>
	<Panel>
		<Left>0</Left>
		<Top>0</Top>
		<Width>800</Width>
		<Height>470</Height>
		<Name>Panel_SerialPLCAxisMonitorTable</Name>
		<BorderStyle>0</BorderStyle>
		<ForeColor>0,255,0</ForeColor>
		<BackColor>0,0,0</BackColor>
	</Panel>
	<Label>
		<Name>Lab_MonitorTitleHead</Name>
		<Caption>STR::Browser::SPLCAMonitor::Title</Caption>
		<Left>20</Left>
		<Top>20</Top>
		<Height>25</Height>
		<Width>200</Width>
		<FontSize>16</FontSize>
		<Alignment>0</Alignment>
		<BorderStyle>0</BorderStyle>
		<ForeColor>255,255,0</ForeColor>
		<BackColor>0,0,0</BackColor>
	</Label>
	<Label>
		<Name>Lab_AxisPrev</Name>
		<Caption>&lt;&lt;</Caption>
		<Left>240</Left>
		<Top>35</Top>
		<Height>20</Height>
		<Width>25</Width>
		<BorderStyle>0</BorderStyle>
		<FontSize>10</FontSize>
		<ForeColor>0,255,0</ForeColor>
		<BackColor>0,0,0</BackColor>
	</Label>
	<Label>
		<Left>260</Left>
		<Top>30</Top>
		<Height>30</Height>
		<Width>160</Width>
		<Name>Lab_AxisHead_1</Name>
		<FontSize>14</FontSize>
		<BorderStyle>0</BorderStyle>
		<ForeColor>0,255,0</ForeColor>
		<BackColor>0,0,0</BackColor>
		<Caption>STR::Browser::SPLCAParam::AxisTitle::1</Caption>
	</Label>
	<Label>
		<Left>420</Left>
		<Top>30</Top>
		<Height>30</Height>
		<Width>160</Width>
		<Name>Lab_AxisHead_2</Name>
		<FontSize>14</FontSize>
		<BorderStyle>0</BorderStyle>
		<ForeColor>0,255,0</ForeColor>
		<BackColor>0,0,0</BackColor>
		<Caption>STR::Browser::SPLCAParam::AxisTitle::2</Caption>
	</Label>
	<Label>
		<Left>580</Left>
		<Top>30</Top>
		<Height>30</Height>
		<Width>160</Width>
		<Name>Lab_AxisHead_3</Name>
		<FontSize>14</FontSize>
		<BorderStyle>0</BorderStyle>
		<ForeColor>0,255,0</ForeColor>
		<BackColor>0,0,0</BackColor>
		<Caption>STR::Browser::SPLCAParam::AxisTitle::3</Caption>
	</Label>
	<Label>
		<Name>Lab_AxisNext</Name>
		<Caption>&gt;&gt;</Caption>
		<Left>740</Left>
		<Top>35</Top>
		<Height>20</Height>
		<Width>25</Width>
		<BorderStyle>0</BorderStyle>
		<FontSize>10</FontSize>
		<ForeColor>0,255,0</ForeColor>
		<BackColor>0,0,0</BackColor>
	</Label>
	<Grid Name="MonitorGrid" Height="30" Repeat="12">
		<Label>
			<Left>40</Left>
			<Top>60</Top>
			<Height>30</Height>
			<Width>220</Width>
			<Name>Lab_SPLCAMonitorTitle</Name>
			<FontSize>14</FontSize>
			<Alignment>2</Alignment>
			<BorderStyle>0</BorderStyle>
			<ForeColor>0,255,0</ForeColor>
			<BackColor>0,0,0</BackColor>
		</Label>
		<Label>
			<Left>260</Left>
			<Top>60</Top>
			<Height>30</Height>
			<Width>160</Width>
			<Name>Lab_SPLCAMonitor_1</Name>
			<FontSize>14</FontSize>
			<Alignment>2</Alignment>
			<BorderStyle>0</BorderStyle>
			<ForeColor>255,255,255</ForeColor>
			<BackColor>0,0,0</BackColor>
		</Label>
		<Label>
			<Left>420</Left>
			<Top>60</Top>
			<Height>30</Height>
			<Width>160</Width>
			<Name>Lab_SPLCAMonitor_2</Name>
			<FontSize>14</FontSize>
			<Alignment>2</Alignment>
			<BorderStyle>0</BorderStyle>
			<ForeColor>255,255,255</ForeColor>
			<BackColor>0,0,0</BackColor>
		</Label>
		<Label>
			<Left>580</Left>
			<Top>60</Top>
			<Height>30</Height>
			<Width>160</Width>
			<Name>Lab_SPLCAMonitor_3</Name>
			<FontSize>14</FontSize>
			<Alignment>2</Alignment>
			<BorderStyle>0</BorderStyle>
			<ForeColor>255,255,255</ForeColor>
			<BackColor>0,0,0</BackColor>
		</Label>
	</Grid>
</Screen>