<?xml version="1.0" encoding="utf-8"?>
<Event>
	<!--Action-->
	<ID value="0x1005" name="Action">
		<data value="1" name="ShowMenuMachine">[S_MMach]</data>
		<data value="2" name="ShowMenuProgram">[S_MProg]</data>
		<data value="4" name="ShowMenuRun">[S_MRun]</data>
		<data value="5" name="ShowMenuAlarm">[S_MAlarm]</data>
		<data value="6" name="ShowMenuParameter">[S_MParam]</data>
		<data value="7" name="ShowMenuDiagnostic">[S_MDiag]</data>
		<data value="8" name="DoAbout">[DoAbout]</data>
		<data value="9" name="DoCustomF3">[DoCustomF3]</data>
		<data value="10" name="CycleStart">[CycleStart]</data>
		<data value="11" name="Reset">[Reset]</data>
		<data value="12" name="DoEnd">[DoEnd]</data>
		<data value="13" name="DoExitAbout">[DoExitAbout]</data>
		<data value="14" name="ExitMessageBox">[ExitMessageBox]</data>
		<data value="15" name="ExitBreakpointSearchBox">[ExitBreakpointSearchBox]</data>
		<data value="16" name="ExitFenuSpace">[ExitFenuSpace]</data>
		<data value="17" name="DoCoordinateSwitch">[DoCoordinateSwitch]</data>
		<data value="18" name="DoHalfCoordiante">[DoHalfCoordiante]</data>
		<data value="19" name="DoClearCoordinate">[DoClearCoordinate]</data>
		<data value="20" name="DoClearAllCoordinate">[DoClearAllCoordinate]</data>
		<data value="21" name="ShowMenuWorkPieceCord">[S_MMach]</data>
		<data value="22" name="ShowMenuFeatureCoord">[ShowMenuFeatureCoord]</data>
		<data value="23" name="LatchMachCord">[LatchMachCord]</data>
		<data value="24" name="LatchRelCord">[LatchRelCord]</data>
		<data value="25" name="LatchAuxCord">[LatchAuxCord]</data>
		<data value="26" name="DoSwitchNextWorkpiecePage">[DoSwitchNextWorkpiecePage]</data>
		<data value="27" name="DoAutoCenter">[DoAutoCenter]</data>
		<data value="28" name="DoAutoTool">[DoAutoTool]</data>
		<data value="29" name="MachCoordTeach">[MachCoordTeach]</data>
		<data value="30" name="CoordIncInput">[CoordIncInput]</data>
		<data value="31" name="DoExitAutoTool">[DoExitAutoTool]</data>
		<data value="32" name="DoAutoToolStart">[DoAutoToolStart]</data>
		<data value="33" name="DoAutoToolFeedHold">[DoAutoToolFeedHold]</data>
		<data value="34" name="DoZDeltaSet">[DoZDeltaSet]</data>
		<data value="35" name="CUSTOMPASS_520">[CUSTOMPASS_520]</data>
		<data value="36" name="DoXYRefTeach">[DoXYRefTeach]</data>
		<data value="37" name="DoZMachTeach">[DoZMachTeach]</data>
		<data value="38" name="DoExitManualCenter">[DoExitManualCenter]</data>
		<data value="39" name="DoTeachPx1">[DoTeachPx1]</data>
		<data value="40" name="DoTeachPx2">[DoTeachPx2]</data>
		<data value="41" name="DoTeachPy1">[DoTeachPy1]</data>
		<data value="42" name="DoTeachPy2">[DoTeachPy2]</data>
		<data value="43" name="DoExitAutoCenter">[DoExitAutoCenter]</data>
		<data value="44" name="DoAutoCenterStart">[DoAutoCenterStart]</data>
		<data value="45" name="DoAutoCenterFeedHold">[DoAutoCenterFeedHold]</data>
		<data value="46" name="DoZSafeHeightTeach">[DoZSafeHeightTeach]</data>
		<data value="47" name="ExitCycleInput">[ExitCycleInput]</data>
		<data value="48" name="DoInputOk">[DoInputOk]</data>
		<data value="49" name="ShowMenuMain">[S_MMach]</data>
		<data value="50" name="DoInsertCycle">[DoInsertCycle]</data>
		<data value="51" name="DoDeleteLine">[DoDeleteLine]</data>
		<data value="52" name="DoEditCycle">[DoEditCycle]</data>
		<data value="53" name="ShowMenuEdit">[ShowMenuEdit]</data>
		<data value="54" name="ShowMenuTeach">[ShowMenuTeach]</data>
		<data value="55" name="ShowMenuSimulation">[ShowMenuSimulation]</data>
		<data value="56" name="ShowProgramFileMang">[ShowProgramFileMang]</data>
		<data value="57" name="DoCycleOk">[DoCycleOk]</data>
		<data value="58" name="DoCycleCancel">[DoCycleCancel]</data>
		<data value="59" name="ExitSubEdit">[ExitSubEdit]</data>
		<data value="60" name="ShowMenuFind">[ShowMenuFind]</data>
		<data value="61" name="ShowMenuReplace">[ShowMenuReplace]</data>
		<data value="62" name="DoGotoLine">[DoGotoLine]</data>
		<data value="63" name="DoCopy">[DoCopy]</data>
		<data value="64" name="DoInsertLine">[DoInsertLine]</data>
		<data value="65" name="ShowBlockMenu">[ShowBlockMenu]</data>
		<data value="66" name="ShowCopyPasteMenu">[ShowCopyPasteMenu]</data>
		<data value="67" name="ExitBlockEdit">[ExitBlockEdit]</data>
		<data value="68" name="DoBlockStart">[DoBlockStart]</data>
		<data value="69" name="DoBlockEnd">[DoBlockEnd]</data>
		<data value="70" name="DoBlockCut">[DoBlockCut]</data>
		<data value="71" name="DoBlockCopy">[DoBlockCopy]</data>
		<data value="72" name="DoBlockPaste">[DoBlockPaste]</data>
		<data value="73" name="ExitCopyPasteEdit">[ExitCopyPasteEdit]</data>
		<data value="74" name="DoKCut">[DoKCut]</data>
		<data value="75" name="DoKCopy">[DoKCopy]</data>
		<data value="76" name="DoKPaste">[DoKPaste]</data>
		<data value="77" name="DoKUndo">[DoKUndo]</data>
		<data value="78" name="DoKSelAll">[DoKSelAll]</data>
		<data value="79" name="ExitProgramFind">[ExitProgramFind]</data>
		<data value="80" name="DoFindNext">[DoFindNext]</data>
		<data value="81" name="DoCancelFind">[DoCancelFind]</data>
		<data value="82" name="DoCancelReplace">[DoCancelReplace]</data>
		<data value="83" name="DoReplaceFindNext">[DoReplaceFindNext]</data>
		<data value="84" name="DoReplace">[DoReplace]</data>
		<data value="85" name="DoReplaceAll">[DoReplaceAll]</data>
		<data value="86" name="ExitProgramTeach">[ExitProgramTeach]</data>
		<data value="87" name="DoRapidTeach">[DoRapidTeach]</data>
		<data value="88" name="DoLineCutTeach">[DoLineCutTeach]</data>
		<data value="89" name="DoArcCutTeach">[DoArcCutTeach]</data>
		<data value="90" name="DoArcCancel">[DoArcCancel]</data>
		<data value="91" name="DoRadiusTeach">[DoRadiusTeach]</data>
		<data value="92" name="DoTeachDeleteLine">[DoTeachDeleteLine]</data>
		<data value="93" name="DoCoordSwitch">[DoCoordSwitch]</data>
		<data value="94" name="DoPointTeach">[DoPointTeach]</data>
		<data value="95" name="BackMenuProgram">[S_MProg]</data>
		<data value="96" name="DoStep">[DoStep]</data>
		<data value="97" name="DoContinue">[DoContinue]</data>
		<data value="98" name="DoZoom">[DoZoom]</data>
		<data value="99" name="DoReset">[DoReset]</data>
		<data value="100" name="DoAbort">[DoAbort]</data>
		<data value="101" name="DoSimuSetting">[DoSimuSetting]</data>
		<data value="102" name="DoOK">[DoOK]</data>
		<data value="103" name="DoCancel">[DoCancel]</data>
		<data value="104" name="DoNewFile">[DoNewFile]</data>
		<data value="105" name="DoCopyFile">[DoCopyFile]</data>
		<data value="106" name="DoDelFenu">[DoDelFenu]</data>
		<data value="107" name="DoInputFrmDisk">[DoInputFrmDisk]</data>
		<data value="108" name="FenuBtnAttr_DoSwitchFocus.Visible=false">[FenuBtnAttr_DoSwitchFocus.Visible=false]</data>
		<data value="109" name="DoOutputToDisk">[DoOutputToDisk]</data>
		<data value="110" name="FenuBtnAttr_DoSwitchFocus.Visible=true">[FenuBtnAttr_DoSwitchFocus.Visible=true]</data>
		<data value="111" name="ExitDelFenu">[ExitDelFenu]</data>
		<data value="112" name="DoDelSelect">[DoDelSelect]</data>
		<data value="113" name="DoDelSelectAll">[DoDelSelectAll]</data>
		<data value="114" name="DoCancelSelect">[DoCancelSelect]</data>
		<data value="115" name="DoDelCheckedFile">[DoDelCheckedFile]</data>
		<data value="116" name="DoDelAll">[DoDelAll]</data>
		<data value="117" name="DoI_E_Exit">[DoI_E_Exit]</data>
		<data value="118" name="DoI_E_CopyFile">[DoI_E_CopyFile]</data>
		<data value="119" name="DoI_E_SelectFile">[DoI_E_SelectFile]</data>
		<data value="120" name="DoI_E_SelectAll">[DoI_E_SelectAll]</data>
		<data value="121" name="DoI_E_SelectCancel">[DoI_E_SelectCancel]</data>
		<data value="122" name="DoI_E_DeviceChange">[DoI_E_DeviceChange]</data>
		<data value="123" name="Do_I_E_SwitchFocus">[Do_I_E_SwitchFocus]</data>
		<data value="124" name="ExitSelectMainProg">[ExitSelectMainProg]</data>
		<data value="125" name="DoSelectMainProg">[DoSelectMainProg]</data>
		<data value="126" name="ShowGraphAdjust">[ShowGraphAdjust]</data>
		<data value="127" name="DoMDI">[DoMDI]</data>
		<data value="128" name="DoParameterSet">[DoParameterSet]</data>
		<data value="129" name="ShowMenuToolSet">[ShowMenuToolSet]</data>
		<data value="130" name="CUSTOMDEV_Inv R606.0">[CUSTOMDEV_Inv R606.0]</data>
		<data value="131" name="DoInvertMPGShiftFBtn">[DoInvertMPGShiftFBtn]</data>
		<data value="132" name="DoShowWorkRecord">[DoShowWorkRecord]</data>
		<data value="133" name="DoExitMDI">[DoExitMDI]</data>
		<data value="134" name="DoMDIOk">[DoMDIOk]</data>
		<data value="135" name="DoClearMDI">[DoClearMDI]</data>
		<data value="136" name="DoExitWorkRecord">[DoExitWorkRecord]</data>
		<data value="137" name="DoSaveWorkRecord">[DoSaveWorkRecord]</data>
		<data value="138" name="DoClearWorkRecord">[DoClearWorkRecord]</data>
		<data value="139" name="BackMenuRun">[BackMenuRun]</data>
		<data value="140" name="DoRunZoom">[DoRunZoom]</data>
		<data value="141" name="DoRunReset">[DoRunReset]</data>
		<data value="142" name="DoClearCycleTime">[DoClearCycleTime]</data>
		<data value="143" name="DoGCodeSwitch">[DoGCodeSwitch]</data>
		<data value="144" name="DoSetDeltaAngle">[DoSetDeltaAngle]</data>
		<data value="145" name="DoHideToolSetForm">[DoHideToolSetForm]</data>
		<data value="146" name="DoSetToolWear">[DoSetToolWear]</data>
		<data value="147" name="DoSetToolLength">[DoSetToolLength]</data>
		<data value="148" name="DoSetToolNose">[DoSetToolNose]</data>
		<data value="149" name="DoSetWorkShift">[DoSetWorkShift]</data>
		<data value="150" name="DoSetToolAngle">[DoSetToolAngle]</data>
		<data value="151" name="DoShowPendingAlarm">[DoShowPendingAlarm]</data>
		<data value="152" name="DoShowHistoryAlarm">[DoShowHistoryAlarm]</data>
		<data value="153" name="DoSaveAlarm">[DoSaveAlarm]</data>
		<data value="154" name="DoShowEndUser">[DoShowEndUser]</data>
		<data value="155" name="DoShowService">[DoShowService]</data>
		<data value="156" name="DoShowMaker">[DoShowMaker]</data>
		<data value="157" name="DoShowPitchTable">[DoShowPitchTable]</data>
		<data value="158" name="DoGotoParameter">[DoGotoParameter]</data>
		<data value="159" name="DoSystemSet">[DoSystemSet]</data>
		<data value="160" name="DoFiveAxis">[DoFiveAxis]</data>
		<data value="161" name="DoRestartCNC">[DoRestartCNC]</data>
		<data value="162" name="DoTouchAdjust">[DoTouchAdjust]</data>
		<data value="163" name="DoGoToPitchTablePage1">[DoGoToPitchTablePage1]</data>
		<data value="164" name="DoLoadPitchTableFile">[DoLoadPitchTableFile]</data>
		<data value="165" name="DoParameterMain">[DoParameterMain]</data>
		<data value="166" name="DoShowElectronic">[DoShowElectronic]</data>
		<data value="167" name="DoSetUseTime">[DoSetUseTime]</data>
		<data value="168" name="DoNetworkSet">[DoNetworkSet]</data>
		<data value="169" name="DoLoadHSHPData">[DoLoadHSHPData]</data>
		<data value="170" name="DoShowTuningMain">[DoShowTuningMain]</data>
		<data value="171" name="DoConnectRemoteServer">[DoConnectRemoteServer]</data>
		<data value="172" name="DoConnectKernelServer">[DoConnectKernelServer]</data>
		<data value="173" name="DoShowPLCRbit">[DoShowPLCRbit]</data>
		<data value="174" name="ExitNetworkSet">[ExitNetworkSet]</data>
		<data value="175" name="DoNetInputOk">[DoNetInputOk]</data>
		<data value="176" name="DoNetInputCancel">[DoNetInputCancel]</data>
		<data value="177" name="ExitUseTimeSet">[ExitUseTimeSet]</data>
		<data value="178" name="DoUseTimeInput">[DoUseTimeInput]</data>
		<data value="179" name="ExitInputOk">[ExitInputOk]</data>
		<data value="180" name="ShowMenuPLC">[ShowMenuPLC]</data>
		<data value="181" name="DoDisplaySysData">[DoDisplaySysData]</data>
		<data value="182" name="DoDisplayComVar">[DoDisplayComVar]</data>
		<data value="183" name="DoDisplayCoordVar">[DoDisplayCoordVar]</data>
		<data value="184" name="NetWorkFunctionMenu">[NetWorkFunctionMenu]</data>
		<data value="185" name="DoSysAdmin">[DoSysAdmin]</data>
		<data value="186" name="ExitSystemInfo">[ExitSystemInfo]</data>
		<data value="187" name="DoSetOption">[DoSetOption]</data>
		<data value="188" name="DoDisplayLogData">[DoDisplayLogData]</data>
		<data value="189" name="DoSetSerial">[DoSetSerial]</data>
		<data value="190" name="DoSetRestore">[DoSetRestore]</data>
		<data value="191" name="ExitLogData">[ExitLogData]</data>
		<data value="192" name="DoViewSystemInfo">[DoViewSystemInfo]</data>
		<data value="193" name="ExportLogData">[ExportLogData]</data>
		<data value="194" name="DoRemoteDebugConnect">[DoRemoteDebugConnect]</data>
		<data value="195" name="DoRemoteDebugDisconnect">[DoRemoteDebugDisconnect]</data>
		<data value="196" name="DoSysDataGoTo">[DoSysDataGoTo]</data>
		<data value="198" name="CUSTOMACT_EXEC_OscillographWince">[CUSTOMACT_EXEC_OscillographWince]</data>
		<data value="203" name="DoComVarGoTo">[DoComVarGoTo]</data>
		<data value="204" name="DoCoordVarGoTo">[DoCoordVarGoTo]</data>
		<data value="205" name="DoShowPLC.I.Bit">[DoShowPLC.I.Bit]</data>
		<data value="206" name="DoShowPLC.O.Bit">[DoShowPLC.O.Bit]</data>
		<data value="207" name="DoShowPLC.C.Bit">[DoShowPLC.C.Bit]</data>
		<data value="208" name="DoShowPLC.S.Bit">[DoShowPLC.S.Bit]</data>
		<data value="209" name="DoShowPLC.A.Bit">[DoShowPLC.A.Bit]</data>
		<data value="210" name="DoShowPLC.Reg">[DoShowPLC.Reg]</data>
		<data value="211" name="DoShowPLC.Timer">[DoShowPLC.Timer]</data>
		<data value="212" name="DoShowPLC.Counter">[DoShowPLC.Counter]</data>
		<data value="213" name="ExitLadder">[ExitLadder]</data>
		<data value="214" name="DoShowLadder">[DoShowLadder]</data>
		<data value="215" name="DoPLCRegGoTo">[DoPLCRegGoTo]</data>
		<data value="216" name="DoLadderFind">[DoLadderFind]</data>
		<data value="217" name="DoLadderFindNext">[DoLadderFindNext]</data>
		<data value="218" name="DoLadderFindPrev">[DoLadderFindPrev]</data>
		<data value="219" name="DoInstallSoftware">[DoInstallSoftware]</data>
		<data value="220" name="DoBackSys">[DoBackSys]</data>
		<data value="221" name="DoInstallLocal">[DoInstallLocal]</data>
		<data value="222" name="DoBackupLocal">[DoBackupLocal]</data>
		<data value="223" name="DoInstallPLC">[DoInstallPLC]</data>
		<data value="224" name="DoInstallMacro">[DoInstallMacro]</data>
		<data value="225" name="DoInstallParam">[DoInstallParam]</data>
		<data value="226" name="DoInstallRegistry">[DoInstallRegistry]</data>
		<data value="227" name="DoBackupPLC">[DoBackupPLC]</data>
		<data value="228" name="DoBackupMacro">[DoBackupMacro]</data>
		<data value="229" name="DoBackupParam">[DoBackupParam]</data>
		<data value="230" name="DoBackupRegistry">[DoBackupRegistry]</data>
		<data value="231" name="DoExitTuningMain">[DoExitTuningMain]</data>
		<data value="232" name="DoShowGeneral">[DoShowGeneral]</data>
		<data value="233" name="DoShowQuick">[DoShowQuick]</data>
		<data value="234" name="DoShowDELTATuningMain">[DoShowDELTATuningMain]</data>
		<data value="235" name="DoSave2Controller">[DoSave2Controller]</data>
		<data value="236" name="DoLoadController">[DoLoadController]</data>
		<data value="237" name="DoExitDELTATuning">[DoExitDELTATuning]</data>
		<data value="238" name="DoShowTuningMenuX">[DoShowTuningMenuX]</data>
		<data value="239" name="DoShowTuningMenuY">[DoShowTuningMenuY]</data>
		<data value="240" name="DoShowTuningMenuZ">[DoShowTuningMenuZ]</data>
		<data value="241" name="DoExitTuningMenu">[DoExitTuningMenu]</data>
		<data value="242" name="DoShowTuningJOGLimit">[DoShowTuningJOGLimit]</data>
		<data value="243" name="DoShowTuningEstimation">[DoShowTuningEstimation]</data>
		<data value="244" name="DoShowTuningPrm">[DoShowTuningPrm]</data>
		<data value="245" name="DoFinishTuning">[DoFinishTuning]</data>
		<data value="246" name="DoShowTuningList">[DoShowTuningList]</data>
		<data value="247" name="DoForwardRegistration">[DoForwardRegistration]</data>
		<data value="248" name="DoBackwardRegistration">[DoBackwardRegistration]</data>
		<data value="249" name="DoEstimateCalcGain">[DoEstimateCalcGain]</data>
		<data value="250" name="DoStartEstimation">[DoStartEstimation]</data>
		<data value="251" name="DoGainCalculation">[DoGainCalculation]</data>
		<data value="252" name="DoStartTuning">[DoStartTuning]</data>
		<data value="253" name="DoUploadPrm">[DoUploadPrm]</data>
		<data value="254" name="ChangeMenuProgram">[ChangeMenuProgram]</data>
		<data value="255" name="ChangeProgramScreen">[ChangeProgramScreen]</data>
		<data value="256" name="ExitFeatureCoord">[ExitFeatureCoord]</data>
		<data value="257" name="DoSetupCoord">[DoSetupCoord]</data>
		<data value="258" name="DoCompleteSetup">[DoCompleteSetup]</data>
		<data value="259" name="DoCancelFeature">[DoCancelFeature]</data>
		<data value="260" name="DoExitConnectRemoteServer">[DoExitConnectRemoteServer]</data>
		<data value="261" name="DoTestConnect">[DoTestConnect]</data>
		<data value="262" name="DoRemoteConnect">[DoRemoteConnect]</data>
		<data value="263" name="DoKernelConnect">[DoKernelConnect]</data>
		<data value="264" name="DoUndo">[DoUndo]</data>
		<data value="265" name="DoExitConnectKernelServer">[DoExitConnectKernelServer]</data>
		<data value="266" name="DoStartKernelServer">[DoStartKernelServer]</data>
		<data value="267" name="CUSTOMDEV_Off R606.0">[CUSTOMDEV_Off R606.0]</data>
	</ID>
	<!--UndefinedAction-->
	<ID value="0x1004" name="UndefinedAction">
		<default>[{datavalue}]</default>
	</ID>	
</Event>
