﻿<?xml version="1.0" encoding="UTF-8"?>
<!--Created by 'eHMI'version2.2.22-->
<!--BROWSER SIZE|H:470|W:800-->
<Screen>
  <Name>SerialTuning_AT1</Name>
  <Panel>
    <Left>0</Left>
    <Top>0</Top>
    <Width>800</Width>
    <Height>470</Height>
    <Name>Panel1</Name>
    <BackColor>0,0,0</BackColor>
    <Depth>31</Depth>
  </Panel>
  <Label>
    <Left>21</Left>
    <Top>203</Top>
    <Height>32</Height>
    <Width>50</Width>
    <Name>Result1</Name>
    <FontSize>14</FontSize>
    <Alignment>2</Alignment>
	<BorderStyle>2</BorderStyle>
    <BorderColor>255,255,255</BorderColor>
    <ForeColor>255,255,255</ForeColor>
    <BackColor>0,0,0</BackColor>
    <Caption>X</Caption>
    <Wrap>True</Wrap>
    <Depth>30</Depth>
  </Label>
  <Label>
    <Left>21</Left>
    <Top>165</Top>
    <Height>32</Height>
    <Width>94</Width>
    <Name>Label1</Name>
    <FontSize>18</FontSize>
    <Alignment>0</Alignment>
    <ForeColor>0,128,0</ForeColor>
    <BackColor>0,0,0</BackColor>
    <Caption>STR::Browser::AutoTuning::Label::SelectAxis</Caption>
    <Wrap>True</Wrap>
    <Depth>29</Depth>
  </Label>
  <Label>
    <Left>265</Left>
    <Top>51</Top>
    <Height>105</Height>
    <Width>510</Width>
    <Name>Board</Name>
    <BorderStyle>2</BorderStyle>
    <BorderColor>255,255,255</BorderColor>
    <BackColor>0,0,0</BackColor>
    <Caption>
    </Caption>
  </Label>
  <Label>
    <Left>270</Left>
    <Top>56</Top>
    <Height>95</Height>
    <Width>502</Width>
    <Name>TAction</Name>
    <FontSize>14</FontSize>
    <Alignment>3</Alignment>
    <BorderColor>255,255,255</BorderColor>
    <ForeColor>255,255,255</ForeColor>
    <BackColor>0,0,0</BackColor>
    <Caption>Action Hint</Caption>
    <Wrap>True</Wrap>
    <Depth>28</Depth>
  </Label>
  <Label>
    <Left>4</Left>
    <Top>58</Top>
    <Height>40</Height>
    <Width>240</Width>
    <Name>TStep</Name>
    <FontSize>18</FontSize>
    <BorderStyle>2</BorderStyle>
    <BorderColor>255,255,255</BorderColor>
    <ForeColor>255,255,255</ForeColor>
    <BackColor>0,0,0</BackColor>
    <Caption>STR::Browser::AutoTuning::Chart::Step4</Caption>
    <Wrap>True</Wrap>
    <Depth>23</Depth>
  </Label>
  <Label>
    <Left>326</Left>
    <Top>207</Top>
    <Height>26</Height>
    <Width>200</Width>
    <Name>Label7</Name>
    <FontSize>14</FontSize>
    <Alignment>0</Alignment>
    <ForeColor>0,128,0</ForeColor>
    <BackColor>0,0,0</BackColor>
    <Caption>STR::Browser::AutoTuning::Para::InertiaEstimate</Caption>
    <Wrap>True</Wrap>
    <Depth>15</Depth>
  </Label>
  <Label>
    <Left>326</Left>
    <Top>240</Top>
    <Height>26</Height>
    <Width>200</Width>
    <Name>Pn1-03</Name>
    <FontSize>16</FontSize>
    <BorderStyle>2</BorderStyle>
    <BorderColor>64,64,64</BorderColor>
    <ForeColor>255,255,255</ForeColor>
    <BackColor>16,16,16</BackColor>
    <Caption>
    </Caption>
    <Wrap>True</Wrap>
    <Depth>14</Depth>
  </Label>
  <Label>
    <Left>326</Left>
    <Top>271</Top>
    <Height>26</Height>
    <Width>200</Width>
    <Name>Label6</Name>
    <FontSize>14</FontSize>
    <Alignment>0</Alignment>
    <ForeColor>0,128,0</ForeColor>
    <BackColor>0,0,0</BackColor>
    <Caption>STR::Browser::AutoTuning::Para::Kpp</Caption>
    <Wrap>True</Wrap>
    <Depth>13</Depth>
  </Label>
  <Label>
    <Left>326</Left>
    <Top>305</Top>
    <Height>26</Height>
    <Width>200</Width>
    <Name>Pn1-02</Name>
    <FontSize>14</FontSize>
    <BorderStyle>2</BorderStyle>
    <BorderColor>64,64,64</BorderColor>
    <ForeColor>255,255,255</ForeColor>
    <BackColor>16,16,16</BackColor>
    <Caption>
    </Caption>
    <Wrap>True</Wrap>
    <Depth>12</Depth>
  </Label>
  <Label>
    <Left>326</Left>
    <Top>336</Top>
    <Height>26</Height>
    <Width>200</Width>
    <Name>Label9</Name>
    <FontSize>14</FontSize>
    <Alignment>0</Alignment>
    <ForeColor>0,128,0</ForeColor>
    <BackColor>0,0,0</BackColor>
    <Caption>STR::Browser::AutoTuning::Para::Kvp</Caption>
    <Wrap>True</Wrap>
    <Depth>11</Depth>
  </Label>
  <Label>
    <Left>326</Left>
    <Top>368</Top>
    <Height>26</Height>
    <Width>200</Width>
    <Name>Pn1-00</Name>
    <FontSize>16</FontSize>
    <BorderStyle>2</BorderStyle>
    <BorderColor>64,64,64</BorderColor>
    <ForeColor>255,255,255</ForeColor>
    <BackColor>16,16,16</BackColor>
    <Caption>
    </Caption>
    <Wrap>True</Wrap>
    <Depth>10</Depth>
  </Label>
  <Label>
    <Left>326</Left>
    <Top>401</Top>
    <Height>26</Height>
    <Width>200</Width>
    <Name>Label11</Name>
    <FontSize>14</FontSize>
    <Alignment>0</Alignment>
    <ForeColor>0,128,0</ForeColor>
    <BackColor>0,0,0</BackColor>
    <Caption>STR::Browser::AutoTuning::Para::Kvi</Caption>
    <Wrap>True</Wrap>
    <Depth>9</Depth>
  </Label>
  <Label>
    <Left>326</Left>
    <Top>434</Top>
    <Height>26</Height>
    <Width>200</Width>
    <Name>Pn1-01</Name>
    <FontSize>16</FontSize>
    <BorderStyle>2</BorderStyle>
    <BorderColor>64,64,64</BorderColor>
    <ForeColor>255,255,255</ForeColor>
    <BackColor>16,16,16</BackColor>
    <Caption>
    </Caption>
    <Wrap>True</Wrap>
    <Depth>8</Depth>
  </Label>
  <Label>
    <Left>556</Left>
    <Top>207</Top>
    <Height>26</Height>
    <Width>200</Width>
    <Name>Label13</Name>
    <FontSize>14</FontSize>
    <Alignment>0</Alignment>
    <ForeColor>0,128,0</ForeColor>
    <BackColor>0,0,0</BackColor>
    <Caption>STR::Browser::AutoTuning::Para::Notch1freq</Caption>
    <Wrap>True</Wrap>
    <Depth>7</Depth>
  </Label>
  <Label>
    <Left>556</Left>
    <Top>240</Top>
    <Height>26</Height>
    <Width>200</Width>
    <Name>Pn4-09</Name>
    <FontSize>16</FontSize>
    <BorderStyle>2</BorderStyle>
    <BorderColor>64,64,64</BorderColor>
    <ForeColor>255,255,255</ForeColor>
    <BackColor>16,16,16</BackColor>
    <Caption>
    </Caption>
    <Wrap>True</Wrap>
    <Depth>6</Depth>
  </Label>
  <Label>
    <Left>556</Left>
    <Top>273</Top>
    <Height>26</Height>
    <Width>200</Width>
    <Name>Label15</Name>
    <FontSize>14</FontSize>
    <Alignment>0</Alignment>
    <ForeColor>0,128,0</ForeColor>
    <BackColor>0,0,0</BackColor>
    <Caption>STR::Browser::AutoTuning::Para::Notch1atte</Caption>
    <Wrap>True</Wrap>
    <Depth>5</Depth>
  </Label>
  <Label>
    <Left>556</Left>
    <Top>305</Top>
    <Height>26</Height>
    <Width>200</Width>
    <Name>Pn4-0B</Name>
    <FontSize>16</FontSize>
    <BorderStyle>2</BorderStyle>
    <BorderColor>64,64,64</BorderColor>
    <ForeColor>255,255,255</ForeColor>
    <BackColor>16,16,16</BackColor>
    <Caption>
    </Caption>
    <Wrap>True</Wrap>
    <Depth>4</Depth>
  </Label>
  <Label>
    <Left>556</Left>
    <Top>336</Top>
    <Height>26</Height>
    <Width>200</Width>
    <Name>Label17</Name>
    <FontSize>14</FontSize>
    <Alignment>0</Alignment>
    <ForeColor>0,128,0</ForeColor>
    <BackColor>0,0,0</BackColor>
    <Caption>STR::Browser::AutoTuning::Para::Notch2freq</Caption>
    <Wrap>True</Wrap>
    <Depth>3</Depth>
  </Label>
  <Label>
    <Left>556</Left>
    <Top>368</Top>
    <Height>26</Height>
    <Width>200</Width>
    <Name>Pn4-0C</Name>
    <FontSize>16</FontSize>
    <BorderStyle>2</BorderStyle>
    <BorderColor>64,64,64</BorderColor>
    <ForeColor>255,255,255</ForeColor>
    <BackColor>16,16,16</BackColor>
    <Caption>
    </Caption>
    <Wrap>True</Wrap>
    <Depth>2</Depth>
  </Label>
  <Label>
    <Left>556</Left>
    <Top>401</Top>
    <Height>26</Height>
    <Width>200</Width>
    <Name>Label19</Name>
    <FontSize>14</FontSize>
    <Alignment>0</Alignment>
    <ForeColor>0,128,0</ForeColor>
    <BackColor>0,0,0</BackColor>
    <Caption>STR::Browser::AutoTuning::Para::Notch2atte</Caption>
    <Wrap>True</Wrap>
    <Depth>1</Depth>
  </Label>
  <Label>
    <Left>556</Left>
    <Top>434</Top>
    <Height>26</Height>
    <Width>200</Width>
    <Name>Pn4-0E</Name>
    <FontSize>16</FontSize>
    <BorderStyle>2</BorderStyle>
    <BorderColor>64,64,64</BorderColor>
    <ForeColor>255,255,255</ForeColor>
    <BackColor>16,16,16</BackColor>
    <Caption>
    </Caption>
    <Wrap>True</Wrap>
    <Depth>0</Depth>
  </Label>
  <Label>
    <Left>4</Left>
    <Top>4</Top>
    <Height>39</Height>
    <Width>138</Width>
    <Name>Label2</Name>
    <FontSize>20</FontSize>
    <ForeColor>0,255,0</ForeColor>
    <BackColor>0,0,0</BackColor>
    <Caption>STR::Browser::AutoTuning::Label::TuningStatus</Caption>
  </Label>
  <Label>
    <Left>4</Left>
    <Top>110</Top>
    <Height>39</Height>
    <Width>138</Width>
    <Name>Label5</Name>
    <FontSize>20</FontSize>
    <ForeColor>0,255,0</ForeColor>
    <BackColor>0,0,0</BackColor>
    <Caption>STR::Browser::AutoTuning::Label::Setting</Caption>
  </Label>
  <Label>
    <Left>265</Left>
    <Top>4</Top>
    <Height>38</Height>
    <Width>138</Width>
    <Name>Label8</Name>
    <FontSize>20</FontSize>
    <ForeColor>0,255,0</ForeColor>
    <BackColor>0,0,0</BackColor>
    <Caption>STR::Browser::AutoTuning::Label::Hint</Caption>
  </Label>
  <Label>
    <Left>265</Left>
    <Top>158</Top>
    <Height>39</Height>
    <Width>138</Width>
    <Name>Label10</Name>
    <FontSize>20</FontSize>
    <ForeColor>0,255,0</ForeColor>
    <BackColor>0,0,0</BackColor>
    <Caption>STR::Browser::AutoTuning::Label::Result</Caption>
  </Label>
</Screen>