﻿<?xml version="1.0" encoding="UTF-8"?>
<ResMap>
  <Message ID="TCP::ConnectTo" Content="连线至" />
  <Message ID="TCP::KernelError" Content="核心错误" />
  <Message ID="TCP::KernelInitFalse" Content="无法连接至核心" />
  <Message ID="TCP::InternetError" Content="网路错误" />
  <Message ID="TCP::Retry" Content="重试" />
  <Message ID="TCP::Retrying" Content="重试中" />
  <Message ID="TCP::ErrorCode" Content="错误代码" />
  <Message ID="TCP::RetryDelay1" Content="" />
  <Message ID="TCP::RetryDelay2" Content=" 秒钟后重试" />
  <Message ID="TCP::Error::TimeOut" Content="逾时错误" />
  <Message ID="TCP::Error::TimeOut::Help" Content="网路超过逾时时间无回应，可能网路连线中断。
请检查你的网路设定是否正确、连线是否正常、控制器及网路伺服器是否开启。" />
  <Message ID="TCP::Error::TimeOutDropped" Content="逾时错误，终止连线" />
  <Message ID="TCP::Error::TimeOutDropped::Help" Content="网路超过逾时时间无回应，被系统终止连线。
请检查你的网路设定是否正确、连线是否正常、控制器及网路伺服器是否开启。" />
  <Message ID="TCP::Error::ConnectionAborted" Content="连线失败" />
  <Message ID="TCP::Error::ConnectionAborted::Help" Content="连线失败。
请检查你的网路设定是否正确、连线是否正常。" />
  <Message ID="TCP::Error::HostUnreachable" Content="无法连线至主机" />
  <Message ID="TCP::Error::HostUnreachable::Help" Content="无法连线至远端主机。
请检查你的网路连线是否正常。" />
  <Message ID="TCP::Error::NetUnreachable" Content="无法连线至网路" />
  <Message ID="TCP::Error::NetUnreachable::Help" Content="无法连线至远端网路。
请检查网路连线是否正常。" />
  <Message ID="TCP::Hint::DockFail" Content="进行对接连线失败，无法取得对接控制器伺服器。" />
  <Message ID="TCP::Hint::FindFailMsg" Content="无法找到上次设定的控制器伺服器序号" />
  <Message ID="TCP::Hint::FindAnotherCnc" Content="，但目前网域上仅存在一台控制器伺服器。" />
  <Message ID="TCP::Hint::IPConnectFail" Content="无法在指定的IP上找到控制器伺服器。" />
  <Message ID="TCP::Hint::UserCancelAutoConnet" Content="使用者取消自动连线。" />
  <Message ID="TCP::Hint::SearchTimeout" Content="无法于时间内找到任何控制器伺服器。" />
  <Message ID="TCP::Hint::DelayTimeFail" Content="指定的延长时间异常。" />
</ResMap>