﻿<?xml version="1.0" encoding="UTF-8"?>
<ResMap>
	<Message ID="Browser::RotMonitor::Title" Content="ROT 資訊" />
	
	<Message ID="Browser::RotMonitor::Mode" Content="模式" />
	<Message ID="Browser::RotMonitor::Running" Content="執行中(狀態)" />
	<Message ID="Browser::RotMonitor::Feedhold" Content="暫停(狀態)" />
	<Message ID="Browser::RotMonitor::Alarm" Content="警報(狀態)" />
	<Message ID="Browser::RotMonitor::Ready" Content="就緒(狀態)" />
	<Message ID="Browser::RotMonitor::ServoOn" Content="Servo On(狀態)" />
	<Message ID="Browser::RotMonitor::InPosition" Content="位置到達(狀態)" />
	<Message ID="Browser::RotMonitor::HomeLatched" Content="原點設定完成(狀態)" />
	<Message ID="Browser::RotMonitor::TarToolNo" Content="目標刀號" />
	<Message ID="Browser::RotMonitor::CurToolNo" Content="目前刀號" />
	<Message ID="Browser::RotMonitor::CurTorqueLimit" Content="目前扭力限制千分比(‰)" />
	<Message ID="Browser::RotMonitor::CurVelocity" Content="現在速度(RPM)" />
	<Message ID="Browser::RotMonitor::CurPosition" Content="現在角度(degree)" />
	<Message ID="Browser::RotMonitor::CurTorqueLoad" Content="目前負載千分比(‰)" />
	<Message ID="Browser::RotMonitor::ManualContMove" Content="手動連續換刀" />
	<Message ID="Browser::RotMonitor::Mode::Auto" Content="自動模式" />
	<Message ID="Browser::RotMonitor::Mode::CW" Content="手動正轉" />
	<Message ID="Browser::RotMonitor::Mode::CCW" Content="手動反轉" />
	
	<Message ID="Browser::RotParam::AxisTitle::1" Content="ROT_1" />
	<Message ID="Browser::RotParam::AxisTitle::2" Content="ROT_2" />
	<Message ID="Browser::RotParam::AxisTitle::3" Content="ROT_3" />
</ResMap>