﻿<?xml version="1.0" encoding="UTF-8"?>
<Screen>
	<Name>SystemAxesParamData</Name>
	<Panel>
		<Name>Panel_SysAxesParam</Name>
		<Left>0</Left>
		<Top>0</Top>
		<Width>800</Width>
		<Height>470</Height>
		<BackColor>192,192,192</BackColor>
	</Panel>
	<Label>
		<Name>Lab_ParamNoHead</Name>
		<Caption>STR::MMI::Parameter::ParamID</Caption>
		<Left>30</Left>
		<Top>5</Top>
		<Width>60</Width>
		<Height>20</Height>
		<Alignment>2</Alignment>
		<FontSize>14</FontSize>
		<ForeColor>0,128,0</ForeColor>
		<BackColor>192,192,192</BackColor>
	</Label>
	<Label>
		<Name>Lab_ParamTitleHead</Name>
		<Caption>STR::MMI::Parameter::ParamItem</Caption>
		<Left>110</Left>
		<Top>5</Top>
		<Width>50</Width>
		<Height>20</Height>
		<Alignment>2</Alignment>
		<FontSize>14</FontSize>
		<ForeColor>0,128,0</ForeColor>
		<BackColor>192,192,192</BackColor>
	</Label>
	<Label>
		<Name>Lab_AxisPrev</Name>
		<Caption>&lt;&lt;</Caption>
		<Left>510</Left>
		<Top>5</Top>
		<Height>20</Height>
		<Width>25</Width>
		<BorderStyle>0</BorderStyle>
		<FontSize>10</FontSize>
		<ForeColor>0,128,0</ForeColor>
		<BackColor>192,192,192</BackColor>
	</Label>
	<Label>
		<Name>Lab_AxisHead_1</Name>
		<Caption>X</Caption>
		<Left>535</Left>
		<Top>5</Top>
		<Width>65</Width>
		<Height>20</Height>
		<Alignment>2</Alignment>
		<FontSize>14</FontSize>
		<ForeColor>0,128,0</ForeColor>
		<BackColor>192,192,192</BackColor>
	</Label>
	<Label>
		<Name>Lab_AxisHead_2</Name>
		<Caption>Y</Caption>
		<Left>620</Left>
		<Top>5</Top>
		<Width>65</Width>
		<Height>20</Height>
		<Alignment>2</Alignment>
		<FontSize>14</FontSize>
		<ForeColor>0,128,0</ForeColor>
		<BackColor>192,192,192</BackColor>
	</Label>
	<Label>
		<Name>Lab_AxisHead_3</Name>
		<Caption>Z</Caption>
		<Left>705</Left>
		<Top>5</Top>
		<Width>65</Width>
		<Height>20</Height>
		<Alignment>2</Alignment>
		<FontSize>14</FontSize>
		<ForeColor>0,128,0</ForeColor>
		<BackColor>192,192,192</BackColor>
	</Label>
	<Label>
		<Name>Lab_AxisNext</Name>
		<Caption>&gt;&gt;</Caption>
		<Left>770</Left>
		<Top>5</Top>
		<Height>20</Height>
		<Width>25</Width>
		<BorderStyle>0</BorderStyle>
		<FontSize>10</FontSize>
		<ForeColor>0,128,0</ForeColor>
		<BackColor>192,192,192</BackColor>
	</Label>
	<Grid Name="ParamGrid" Height="27" Repeat="16">
		<Label>
			<Name>Lab_ParamNo</Name>
			<Caption></Caption>
			<Left>20</Left>
			<Top>30</Top>
			<Width>70</Width>
			<Height>27</Height>
			<Alignment>2</Alignment>
			<FontSize>12</FontSize>
			<BorderStyle>1</BorderStyle>
			<BorderColor>128,128,128</BorderColor>
			<ForeColor>0,255,0</ForeColor>
			<BackColor>50,50,50</BackColor>
		</Label>
		<Label>
			<Name>Lab_ParamTitle</Name>
			<Caption></Caption>
			<Left>95</Left>
			<Top>30</Top>
			<Width>425</Width>
			<Height>27</Height>
			<Alignment>0</Alignment>
			<FontSize>12</FontSize>
			<BorderStyle>1</BorderStyle>
			<BorderColor>0,0,0</BorderColor>
			<ForeColor>255,255,0</ForeColor>
			<BackColor>50,50,50</BackColor>
		</Label>
		<Input>
			<Name>Inp_AxisParam_1</Name>
			<Left>525</Left>
			<Top>30</Top>
			<Width>85</Width>
			<Height>27</Height>
			<Alignment>2</Alignment>
			<FontSize>12</FontSize>
			<BorderStyle>1</BorderStyle>
			<BorderColor>128,128,128</BorderColor>
			<ForeColor>255,255,255</ForeColor>
			<BackColor>0,0,255</BackColor>
			<InputFormat>Long</InputFormat>
		</Input>
		<Input>
			<Name>Inp_AxisParam_2</Name>
			<Left>610</Left>
			<Top>30</Top>
			<Width>85</Width>
			<Height>27</Height>
			<Alignment>2</Alignment>
			<FontSize>12</FontSize>
			<BorderStyle>1</BorderStyle>
			<BorderColor>128,128,128</BorderColor>
			<ForeColor>255,255,255</ForeColor>
			<BackColor>0,0,255</BackColor>
			<InputFormat>Long</InputFormat>
		</Input>
		<Input>
			<Name>Inp_AxisParam_3</Name>
			<Left>695</Left>
			<Top>30</Top>
			<Width>85</Width>
			<Height>27</Height>
			<Alignment>2</Alignment>
			<FontSize>12</FontSize>
			<BorderStyle>1</BorderStyle>
			<BorderColor>128,128,128</BorderColor>
			<ForeColor>255,255,255</ForeColor>
			<BackColor>0,0,255</BackColor>
			<InputFormat>Long</InputFormat>
		</Input>
	</Grid>
</Screen>
