﻿<?xml version="1.0" encoding="UTF-8"?>
<!--Created by 'eHMI'version2.2.26-->
<ResMap>
  <!-- Label Caption -->
  <Message ID="CncLadder::Caption::HoldList" Content="Hold List" />
  <Message ID="CncLadder::Caption::WatchList" Content="Watch List" />
  <Message ID="CncLadder::Caption::Name" Content="Name" />
  <Message ID="CncLadder::Caption::Value" Content="Value" />
  <Message ID="CncLadder::Caption::SettingValue" Content="Setting Value" />
  <!-- MessageBox Title and Hint -->
  <Message ID="CncLadder::Title::Search" Content="Search" />
  <Message ID="CncLadder::Title::Watch" Content="Watch" />
  <Message ID="CncLadder::Title::JumpToWhichRow" Content="Input row number" />
  <Message ID="CncLadder::Hint::SearchAddress" Content="Search Address" />
  <Message ID="CncLadder::Hint::AddressNotFound" Content="Address not found!" />
  <Message ID="CncLadder::Hint::AddWatchAddress" Content="Add Watch Address" />
  <Message ID="CncLadder::AddressExpressionIllegal" Content="The format of the input was wrong!" />
  <Message ID="CncLadder::Hint::WatchAddressHasExisted" Content="Address has been watched!" />
  <Message ID="CncLadder::Hint::ReleaseHoldStateFirst" Content="The status of address is hold, should be released first!" />
  <Message ID="CncLadder::Hint::CheckExit" Content="All force status will be reset, do you want to exit debug mode?" />
  
  <!-- EditMode Title and Hint -->
  <Message ID="CncLadder::Hint::CheckExitEditMode" Content="Data already been modify are you sure you want to exit edit mode?" />
  <Message ID="CncLadder::Hint::CellNotSupport" Content="This cell do not supported" />
  <Message ID="CncLadder::Hint::StoreOrNot" Content="Are You sure you want to save this Ladder file?" />
  <Message ID="CncLadder::Hint::SyntaxCheckError" Content="Santax check fail" />
  <Message ID="CncLadder::Hint::AskForJump" Content="Do you want to jump to this row?" />
  <Message ID="CncLadder::Hint::StoreFail" Content="Store file fail" />
  <Message ID="CncLadder::Hint::StoreSuccess" Content="Store success, Please restart system" />
  <Message ID="CncLadder::Hint::CellEditFail" Content="Wrong Input data or Error Format" />

  <!-- EditMode Cell Input Hint -->
  <Message ID="OCRes::ContactInput" Content="Contact NO" />
  <Message ID="OCRes::TimerInput" Content="Timer NO" />
  <Message ID="OCRes::CounterInput" Content="Counter NO" />
  <Message ID="OCRes::RegisterNo" Content="Register No" />
  <Message ID="OCRes::ImmediateValue" Content="Immediate Value" />
  
</ResMap>