﻿<?xml version="1.0" encoding="UTF-8"?>
<ResMap>
	<!-- ========== Netset String Define =============== -->
	<Message ID="NetSet::NetworkRemoteDiag" Content="远端监控设置" />
	<Message ID="NetSet::CncLocation" Content="CNC位置" />
	<Message ID="NetSet::CncName" Content="CNC名称" />
	<Message ID="NetSet::WebUrl" Content="服务器/域名" />
	<Message ID="NetSet::PCName" Content="个人PC名称" />
	<Message ID="NetSet::DirName" Content="共享文件名" />
	<Message ID="NetSet::UserName" Content="使用者名称" />
	<Message ID="NetSet::DirPassword" Content="用户密码" />
	<Message ID="NetSet::NetStatus" Content="网络状态" />
	<Message ID="NetSet::IPAddressParameter" Content="IP地址设定参数"/>
	<Message ID="NetSet::IPAddressSetting" Content="IP地址取得方法"/>
	<Message ID="NetSet::GetByDHCP" Content="透过DHCP指定IP地址"/>
	<Message ID="NetSet::SpecifyIP" Content="直接指定IP地址"/>
	<Message ID="NetSet::IPAddress" Content="IP地址"/>
	<Message ID="NetSet::SubnetMask" Content="子网掩码"/>
	<Message ID="NetSet::DefGateway" Content="预设网关"/>
	<Message ID="NetSet::NameServerParameter" Content="名称服务器参数"/>
	<Message ID="NetSet::PrimaryDNS" Content="主要DNS"/>
	<Message ID="NetSet::PrimaryWINS" Content="主要WINS"/>
	<Message ID="NetSet::NetworkDisk" Content="网络磁盘驱动器"/>
	<Message ID="NetSet::RemoteHostPath" Content="远程路径名称"/>
	<Message ID="NetSet::FTPServer" Content="资源共享"/>
	<Message ID="NetSet::SharedFolderPath" Content="分享目录路径"/>
	<Message ID="NetSet::SetReboot" Content="网络设定改变, 请重新开机使设定值生效!"/>
	<Message ID="MMI::NetSet::FormTitle" Content="网络设定"/>
</ResMap>
