﻿<?xml version="1.0" encoding="utf-8" ?>
<ResMap>
	<!--========== ComPortParam Label Caption ==========-->
	<Message ID="SRIParameter::ComPort::Title" Content="埠號" />
	<Message ID="SRIParameter::ComPort::RealScanTime" Content="實際掃描時間(μs)" />
	<Message ID="SRIParameter::ComPort::EnableDisable" Content="啟用-關閉" />
	<Message ID="SRIParameter::ComPort::ProtocolType" Content="通訊介面" />
	<Message ID="SRIParameter::ComPort::BuadRate" Content="鮑率" />
	<Message ID="SRIParameter::ComPort::ControlMode" Content="控制方式" />
	<Message ID="SRIParameter::ComPort::ScanTime" Content="掃描時間(ms)" />
	<Message ID="SRIParameter::ComPort::Timeout" Content="逾時時間(ms)" />
	<Message ID="SRIParameter::ComPort::DeviceInfo" Content="裝置參數資訊" />
	
	<!--========== Label/ListInput/Button ItemCaption ==========-->
	<Message ID="SRIParameter::ComPort::Enable" Content="啟用" />
	<Message ID="SRIParameter::ComPort::Disable" Content="關閉" />
	<Message ID="SRIParameter::ComPort::Reserved" Content="系統保留" />
	<Message ID="SRIParameter::ComPort::Hardware" Content="硬體" />
	<Message ID="SRIParameter::ComPort::Software" Content="軟體" />
	<Message ID="SRIParameter::ComPort::Setting" Content="設定" />
	
	<!--========== common message ==========-->
	<Message ID="SRIParameter::ComPort::InitError" Content="初始化錯誤" />
	<Message ID="SRIParameter::ComPort::NotSupport" Content="系統未支援此通訊埠!" />
	<Message ID="SRIParameter::ComPort::SettingError" Content="設定錯誤！" />
	<Message ID="SRIParameter::ComPort::SettingSuccess" Content="儲存成功，重開機後生效！" />
	<Message ID="SRIParameter::ComPort::SettingConfirm" Content="設定尚未儲存，離開前是否先儲存?" />
</ResMap>
