﻿<?xml version="1.0" encoding="UTF-8"?>
<!--Created by 'eHMI'version2.2.24-->
<!--BROWSER SIZE|H:600|W:800-->
<Screen>
  <Name>MonGData</Name>
  <Panel>
    <Left>0</Left>
    <Top>0</Top>
    <Width>375</Width>
    <Height>245</Height>
    <Name>Pan_GStatus</Name>
    <BorderStyle>0</BorderStyle>
    <BackColor>255,255,255</BackColor>
    <Caption>
    </Caption>
    <Depth>38</Depth>
  </Panel>
  <Panel>
    <Left>0</Left>
    <Top>0</Top>
    <Width>373</Width>
    <Height>243</Height>
    <Name>Pan_SpindleInfo</Name>
    <BorderStyle>0</BorderStyle>
    <BackColor>0,0,0</BackColor>
    <Caption>
    </Caption>
    <Depth>37</Depth>
  </Panel>
  <Label>
    <Left>5</Left>
    <Top>50</Top>
    <Height>25</Height>
    <Width>35</Width>
    <Name>Lab_SpindleNo1</Name>
    <FontSize>17</FontSize>
    <Alignment>0</Alignment>
    <ForeColor>0,255,0</ForeColor>
    <BackColor>0,0,0</BackColor>
    <Caption>S1</Caption>
    <Wrap>True</Wrap>
    <Depth>35</Depth>
  </Label>
  <Label>
    <Left>110</Left>
    <Top>50</Top>
    <Height>24</Height>
    <Width>30</Width>
    <Name>Lab_RPM</Name>
    <FontSize>8</FontSize>
    <Alignment>0</Alignment>
    <ForeColor>0,255,0</ForeColor>
    <BackColor>0,0,0</BackColor>
    <Caption>RPM</Caption>
    <Wrap>True</Wrap>
    <Depth>34</Depth>
  </Label>
  <Label>
    <Left>345</Left>
    <Top>50</Top>
    <Height>25</Height>
    <Width>20</Width>
    <Name>Lab_Percent</Name>
    <FontSize>12</FontSize>
    <Alignment>0</Alignment>
    <ForeColor>0,255,0</ForeColor>
    <BackColor>0,0,0</BackColor>
    <Caption>%</Caption>
    <Wrap>True</Wrap>
    <Depth>33</Depth>
  </Label>
  <Meter>
    <Left>205</Left>
    <Top>50</Top>
    <Height>25</Height>
    <Width>100</Width>
    <Name>Met_S1Loading</Name>
    <Visible>False</Visible>
    <BackColor>255,255,255</BackColor>
    <Type>2</Type>
    <ScaleUp>200</ScaleUp>
    <ScaleLow>0</ScaleLow>
    <ScaleInterval>2</ScaleInterval>
    <SubScaleInterval>0</SubScaleInterval>
    <ScaleColor>0,0,0</ScaleColor>
    <NumberColor>0,0,0</NumberColor>
	<IntervalTextVisible>False</IntervalTextVisible>
    <ListItems>
      <Item>
        <UpLmt>100</UpLmt>
        <LowLmt>0</LowLmt>
        <Color>0,255,0</Color>
      </Item>
      <Item>
        <UpLmt>150</UpLmt>
        <LowLmt>100</LowLmt>
        <Color>255,255,0</Color>
      </Item>
      <Item>
        <UpLmt>200</UpLmt>
        <LowLmt>150</LowLmt>
        <Color>255,0,0</Color>
      </Item>
    </ListItems>
    <DisplaySource>R5141</DisplaySource>
    <Depth>32</Depth>
    <Marks>
      <Values>100,150</Values>
      <TextVisible>False</TextVisible>
    </Marks>
  </Meter>
  <Label>
    <Left>310</Left>
    <Top>50</Top>
    <Height>25</Height>
    <Width>30</Width>
    <Name>Dis_S1Loading</Name>
    <FontSize>12</FontSize>
    <Alignment>1</Alignment>
    <Visible>False</Visible>
    <ForeColor>255,255,255</ForeColor>
    <BackColor>0,0,0</BackColor>
    <Caption>0</Caption>
    <Depth>31</Depth>
  </Label>
  <Label>
    <Left>5</Left>
    <Top>80</Top>
    <Height>25</Height>
    <Width>35</Width>
    <Name>Lab_SpindleNo2</Name>
    <FontSize>17</FontSize>
    <Alignment>0</Alignment>
    <ForeColor>0,255,0</ForeColor>
    <BackColor>0,0,0</BackColor>
    <Caption>S2</Caption>
    <Wrap>True</Wrap>
    <Depth>30</Depth>
  </Label>
  <Label>
    <Left>110</Left>
    <Top>80</Top>
    <Height>24</Height>
    <Width>30</Width>
    <Name>Lab_RPM</Name>
    <FontSize>8</FontSize>
    <Alignment>0</Alignment>
    <ForeColor>0,255,0</ForeColor>
    <BackColor>0,0,0</BackColor>
    <Caption>RPM</Caption>
    <Wrap>True</Wrap>
    <Depth>29</Depth>
  </Label>
  <Label>
    <Left>345</Left>
    <Top>80</Top>
    <Height>25</Height>
    <Width>20</Width>
    <Name>Lab_Percent</Name>
    <FontSize>12</FontSize>
    <Alignment>0</Alignment>
    <ForeColor>0,255,0</ForeColor>
    <BackColor>0,0,0</BackColor>
    <Caption>%</Caption>
    <Wrap>True</Wrap>
    <Depth>28</Depth>
  </Label>
  <Meter>
    <Left>205</Left>
    <Top>80</Top>
    <Height>25</Height>
    <Width>100</Width>
    <Name>Met_S2Loading</Name>
    <Visible>False</Visible>
    <BackColor>255,255,255</BackColor>
    <Type>2</Type>
    <ScaleUp>200</ScaleUp>
    <ScaleLow>0</ScaleLow>
    <ScaleInterval>2</ScaleInterval>
    <SubScaleInterval>0</SubScaleInterval>
    <ScaleColor>0,0,0</ScaleColor>
    <NumberColor>0,0,0</NumberColor>
	<IntervalTextVisible>False</IntervalTextVisible>
    <ListItems>
      <Item>
        <UpLmt>100</UpLmt>
        <LowLmt>0</LowLmt>
        <Color>0,255,0</Color>
      </Item>
      <Item>
        <UpLmt>150</UpLmt>
        <LowLmt>100</LowLmt>
        <Color>255,255,0</Color>
      </Item>
      <Item>
        <UpLmt>200</UpLmt>
        <LowLmt>150</LowLmt>
        <Color>255,0,0</Color>
      </Item>
    </ListItems>
    <DisplaySource>R5142</DisplaySource>
    <Depth>27</Depth>
    <Marks>
      <Values>100,150</Values>
      <TextVisible>False</TextVisible>
    </Marks>
  </Meter>
  <Label>
    <Left>310</Left>
    <Top>80</Top>
    <Height>25</Height>
    <Width>30</Width>
    <Name>Dis_S2Loading</Name>
    <FontSize>12</FontSize>
    <Alignment>1</Alignment>
    <Visible>False</Visible>
    <ForeColor>255,255,255</ForeColor>
    <BackColor>0,0,0</BackColor>
    <Caption>0</Caption>
    <Depth>26</Depth>
  </Label>
  <Label>
    <Left>5</Left>
    <Top>110</Top>
    <Height>25</Height>
    <Width>35</Width>
    <Name>Lab_SpindleNo3</Name>
    <FontSize>17</FontSize>
    <Alignment>0</Alignment>
    <ForeColor>0,255,0</ForeColor>
    <BackColor>0,0,0</BackColor>
    <Caption>S3</Caption>
    <Wrap>True</Wrap>
    <Depth>25</Depth>
  </Label>
  <Label>
    <Left>110</Left>
    <Top>110</Top>
    <Height>24</Height>
    <Width>30</Width>
    <Name>Lab_RPM</Name>
    <FontSize>8</FontSize>
    <Alignment>0</Alignment>
    <ForeColor>0,255,0</ForeColor>
    <BackColor>0,0,0</BackColor>
    <Caption>RPM</Caption>
    <Wrap>True</Wrap>
    <Depth>24</Depth>
  </Label>
  <Label>
    <Left>345</Left>
    <Top>110</Top>
    <Height>25</Height>
    <Width>20</Width>
    <Name>Lab_Percent</Name>
    <FontSize>12</FontSize>
    <Alignment>0</Alignment>
    <ForeColor>0,255,0</ForeColor>
    <BackColor>0,0,0</BackColor>
    <Caption>%</Caption>
    <Wrap>True</Wrap>
    <Depth>23</Depth>
  </Label>
  <Meter>
    <Left>205</Left>
    <Top>110</Top>
    <Height>25</Height>
    <Width>100</Width>
    <Name>Met_S3Loading</Name>
    <Visible>False</Visible>
    <BackColor>255,255,255</BackColor>
    <Type>2</Type>
    <ScaleUp>200</ScaleUp>
    <ScaleLow>0</ScaleLow>
    <ScaleInterval>2</ScaleInterval>
    <SubScaleInterval>0</SubScaleInterval>
    <ScaleColor>0,0,0</ScaleColor>
    <NumberColor>0,0,0</NumberColor>
	<IntervalTextVisible>False</IntervalTextVisible>
    <ListItems>
      <Item>
        <UpLmt>100</UpLmt>
        <LowLmt>0</LowLmt>
        <Color>0,255,0</Color>
      </Item>
      <Item>
        <UpLmt>150</UpLmt>
        <LowLmt>100</LowLmt>
        <Color>255,255,0</Color>
      </Item>
      <Item>
        <UpLmt>200</UpLmt>
        <LowLmt>150</LowLmt>
        <Color>255,0,0</Color>
      </Item>
    </ListItems>
    <DisplaySource>R5143</DisplaySource>
    <Depth>22</Depth>
    <Marks>
      <Values>100,150</Values>
      <TextVisible>False</TextVisible>
    </Marks>
  </Meter>
  <Label>
    <Left>310</Left>
    <Top>110</Top>
    <Height>25</Height>
    <Width>30</Width>
    <Name>Dis_S3Loading</Name>
    <FontSize>12</FontSize>
    <Alignment>1</Alignment>
    <Visible>False</Visible>
    <ForeColor>255,255,255</ForeColor>
    <BackColor>0,0,0</BackColor>
    <Caption>0</Caption>
    <Depth>21</Depth>
  </Label>
  <Label>
    <Left>5</Left>
    <Top>140</Top>
    <Height>25</Height>
    <Width>35</Width>
    <Name>Lab_SpindleNo4</Name>
    <FontSize>17</FontSize>
    <Alignment>0</Alignment>
    <ForeColor>0,255,0</ForeColor>
    <BackColor>0,0,0</BackColor>
    <Caption>S4</Caption>
    <Wrap>True</Wrap>
    <Depth>20</Depth>
  </Label>
  <Label>
    <Left>110</Left>
    <Top>140</Top>
    <Height>24</Height>
    <Width>30</Width>
    <Name>Lab_RPM</Name>
    <FontSize>8</FontSize>
    <Alignment>0</Alignment>
    <ForeColor>0,255,0</ForeColor>
    <BackColor>0,0,0</BackColor>
    <Caption>RPM</Caption>
    <Wrap>True</Wrap>
    <Depth>19</Depth>
  </Label>
  <Label>
    <Left>345</Left>
    <Top>140</Top>
    <Height>25</Height>
    <Width>20</Width>
    <Name>Lab_Percent</Name>
    <FontSize>12</FontSize>
    <Alignment>0</Alignment>
    <ForeColor>0,255,0</ForeColor>
    <BackColor>0,0,0</BackColor>
    <Caption>%</Caption>
    <Wrap>True</Wrap>
    <Depth>18</Depth>
  </Label>
  <Meter>
    <Left>205</Left>
    <Top>140</Top>
    <Height>25</Height>
    <Width>100</Width>
    <Name>Met_S4Loading</Name>
    <Visible>False</Visible>
    <BackColor>255,255,255</BackColor>
    <Type>2</Type>
    <ScaleUp>200</ScaleUp>
    <ScaleLow>0</ScaleLow>
    <ScaleInterval>2</ScaleInterval>
    <SubScaleInterval>0</SubScaleInterval>
    <ScaleColor>0,0,0</ScaleColor>
    <NumberColor>0,0,0</NumberColor>
	<IntervalTextVisible>False</IntervalTextVisible>
    <ListItems>
      <Item>
        <UpLmt>100</UpLmt>
        <LowLmt>0</LowLmt>
        <Color>0,255,0</Color>
      </Item>
      <Item>
        <UpLmt>150</UpLmt>
        <LowLmt>100</LowLmt>
        <Color>255,255,0</Color>
      </Item>
      <Item>
        <UpLmt>200</UpLmt>
        <LowLmt>150</LowLmt>
        <Color>255,0,0</Color>
      </Item>
    </ListItems>
    <DisplaySource>R5144</DisplaySource>
    <Depth>17</Depth>
    <Marks>
      <Values>100,150</Values>
      <TextVisible>False</TextVisible>
    </Marks>
  </Meter>
  <Label>
    <Left>310</Left>
    <Top>140</Top>
    <Height>25</Height>
    <Width>30</Width>
    <Name>Dis_S4Loading</Name>
    <FontSize>12</FontSize>
    <Alignment>1</Alignment>
    <Visible>False</Visible>
    <ForeColor>255,255,255</ForeColor>
    <BackColor>0,0,0</BackColor>
    <Caption>0</Caption>
    <Depth>16</Depth>
  </Label>
  <Label>
    <Left>5</Left>
    <Top>170</Top>
    <Height>25</Height>
    <Width>35</Width>
    <Name>Lab_SpindleNo5</Name>
    <FontSize>17</FontSize>
    <Alignment>0</Alignment>
    <ForeColor>0,255,0</ForeColor>
    <BackColor>0,0,0</BackColor>
    <Caption>S5</Caption>
    <Wrap>True</Wrap>
    <Depth>15</Depth>
  </Label>
  <Label>
    <Left>110</Left>
    <Top>170</Top>
    <Height>24</Height>
    <Width>30</Width>
    <Name>Lab_RPM</Name>
    <FontSize>8</FontSize>
    <Alignment>0</Alignment>
    <ForeColor>0,255,0</ForeColor>
    <BackColor>0,0,0</BackColor>
    <Caption>RPM</Caption>
    <Wrap>True</Wrap>
    <Depth>14</Depth>
  </Label>
  <Label>
    <Left>345</Left>
    <Top>170</Top>
    <Height>25</Height>
    <Width>20</Width>
    <Name>Lab_Percent</Name>
    <FontSize>12</FontSize>
    <Alignment>0</Alignment>
    <ForeColor>0,255,0</ForeColor>
    <BackColor>0,0,0</BackColor>
    <Caption>%</Caption>
    <Wrap>True</Wrap>
    <Depth>13</Depth>
  </Label>
  <Meter>
    <Left>205</Left>
    <Top>170</Top>
    <Height>25</Height>
    <Width>100</Width>
    <Name>Met_S5Loading</Name>
    <Visible>False</Visible>
    <BackColor>255,255,255</BackColor>
    <Type>2</Type>
    <ScaleUp>200</ScaleUp>
    <ScaleLow>0</ScaleLow>
    <ScaleInterval>2</ScaleInterval>
    <SubScaleInterval>0</SubScaleInterval>
    <ScaleColor>0,0,0</ScaleColor>
    <NumberColor>0,0,0</NumberColor>
	<IntervalTextVisible>False</IntervalTextVisible>
    <ListItems>
      <Item>
        <UpLmt>100</UpLmt>
        <LowLmt>0</LowLmt>
        <Color>0,255,0</Color>
      </Item>
      <Item>
        <UpLmt>150</UpLmt>
        <LowLmt>100</LowLmt>
        <Color>255,255,0</Color>
      </Item>
      <Item>
        <UpLmt>200</UpLmt>
        <LowLmt>150</LowLmt>
        <Color>255,0,0</Color>
      </Item>
    </ListItems>
    <DisplaySource>R5144</DisplaySource>
    <Depth>12</Depth>
    <Marks>
      <Values>100,150</Values>
      <TextVisible>False</TextVisible>
    </Marks>
  </Meter>
  <Label>
    <Left>310</Left>
    <Top>170</Top>
    <Height>25</Height>
    <Width>30</Width>
    <Name>Dis_S5Loading</Name>
    <FontSize>12</FontSize>
    <Alignment>1</Alignment>
    <Visible>False</Visible>
    <ForeColor>255,255,255</ForeColor>
    <BackColor>0,0,0</BackColor>
    <Caption>0</Caption>
    <Depth>11</Depth>
  </Label>
  <Label>
    <Left>5</Left>
    <Top>200</Top>
    <Height>25</Height>
    <Width>35</Width>
    <Name>Lab_SpindleNo6</Name>
    <FontSize>17</FontSize>
    <Alignment>0</Alignment>
    <ForeColor>0,255,0</ForeColor>
    <BackColor>0,0,0</BackColor>
    <Caption>S6</Caption>
    <Wrap>True</Wrap>
    <Depth>10</Depth>
  </Label>
  <Label>
    <Left>110</Left>
    <Top>200</Top>
    <Height>24</Height>
    <Width>30</Width>
    <Name>Lab_RPM</Name>
    <FontSize>8</FontSize>
    <Alignment>0</Alignment>
    <ForeColor>0,255,0</ForeColor>
    <BackColor>0,0,0</BackColor>
    <Caption>RPM</Caption>
    <Wrap>True</Wrap>
    <Depth>9</Depth>
  </Label>
  <Label>
    <Left>345</Left>
    <Top>200</Top>
    <Height>25</Height>
    <Width>20</Width>
    <Name>Lab_Percent</Name>
    <FontSize>12</FontSize>
    <Alignment>0</Alignment>
    <ForeColor>0,255,0</ForeColor>
    <BackColor>0,0,0</BackColor>
    <Caption>%</Caption>
    <Wrap>True</Wrap>
    <Depth>8</Depth>
  </Label>
  <Meter>
    <Left>205</Left>
    <Top>200</Top>
    <Height>25</Height>
    <Width>100</Width>
    <Name>Met_S6Loading</Name>
    <Visible>False</Visible>
    <BackColor>255,255,255</BackColor>
    <Type>2</Type>
    <ScaleUp>200</ScaleUp>
    <ScaleLow>0</ScaleLow>
    <ScaleInterval>2</ScaleInterval>
    <SubScaleInterval>0</SubScaleInterval>
    <ScaleColor>0,0,0</ScaleColor>
    <NumberColor>0,0,0</NumberColor>
	<IntervalTextVisible>False</IntervalTextVisible>
    <ListItems>
      <Item>
        <UpLmt>100</UpLmt>
        <LowLmt>0</LowLmt>
        <Color>0,255,0</Color>
      </Item>
      <Item>
        <UpLmt>150</UpLmt>
        <LowLmt>100</LowLmt>
        <Color>255,255,0</Color>
      </Item>
      <Item>
        <UpLmt>200</UpLmt>
        <LowLmt>150</LowLmt>
        <Color>255,0,0</Color>
      </Item>
    </ListItems>
    <DisplaySource>R5144</DisplaySource>
    <Depth>7</Depth>
    <Marks>
      <Values>100,150</Values>
      <TextVisible>False</TextVisible>
    </Marks>
  </Meter>
  <Label>
    <Left>310</Left>
    <Top>200</Top>
    <Height>25</Height>
    <Width>30</Width>
    <Name>Dis_S6Loading</Name>
    <FontSize>12</FontSize>
    <Alignment>1</Alignment>
    <Visible>False</Visible>
    <ForeColor>255,255,255</ForeColor>
    <BackColor>0,0,0</BackColor>
    <Caption>0</Caption>
    <Depth>6</Depth>
  </Label>
  <Display>
    <Left>40</Left>
    <Top>50</Top>
    <Height>25</Height>
    <Width>65</Width>
    <Name>Dis_SpindleSpeed</Name>
    <FontSize>14</FontSize>
    <Alignment>1</Alignment>
    <ForeColor>255,255,255</ForeColor>
    <BackColor>0,0,0</BackColor>
    <DisplaySource>R771</DisplaySource>
    <Depth>5</Depth>
  </Display>
  <Display>
    <Left>40</Left>
    <Top>80</Top>
    <Height>25</Height>
    <Width>65</Width>
    <Name>Dis_SpindleSpeed</Name>
    <FontSize>14</FontSize>
    <Alignment>1</Alignment>
    <ForeColor>255,255,255</ForeColor>
    <BackColor>0,0,0</BackColor>
    <DisplaySource>R772</DisplaySource>
    <Depth>4</Depth>
  </Display>
  <Display>
    <Left>40</Left>
    <Top>110</Top>
    <Height>25</Height>
    <Width>65</Width>
    <Name>Dis_SpindleSpeed</Name>
    <FontSize>14</FontSize>
    <Alignment>1</Alignment>
    <ForeColor>255,255,255</ForeColor>
    <BackColor>0,0,0</BackColor>
    <DisplaySource>R773</DisplaySource>
    <Depth>3</Depth>
  </Display>
  <Display>
    <Left>40</Left>
    <Top>140</Top>
    <Height>25</Height>
    <Width>65</Width>
    <Name>Dis_SpindleSpeed</Name>
    <FontSize>14</FontSize>
    <Alignment>1</Alignment>
    <ForeColor>255,255,255</ForeColor>
    <BackColor>0,0,0</BackColor>
    <DisplaySource>R774</DisplaySource>
    <Depth>2</Depth>
  </Display>
  <Display>
    <Left>40</Left>
    <Top>170</Top>
    <Height>25</Height>
    <Width>65</Width>
    <Name>Dis_SpindleSpeed</Name>
    <FontSize>14</FontSize>
    <Alignment>1</Alignment>
    <ForeColor>255,255,255</ForeColor>
    <BackColor>0,0,0</BackColor>
    <DisplaySource>R775</DisplaySource>
    <Depth>1</Depth>
  </Display>
  <Display>
    <Left>40</Left>
    <Top>200</Top>
    <Height>25</Height>
    <Width>65</Width>
    <Name>Dis_SpindleSpeed</Name>
    <FontSize>14</FontSize>
    <Alignment>1</Alignment>
    <ForeColor>255,255,255</ForeColor>
    <BackColor>0,0,0</BackColor>
    <DisplaySource>R776</DisplaySource>
    <Depth>0</Depth>
  </Display>
  <Label>
    <Left>230</Left>
    <Top>10</Top>
    <Height>35</Height>
    <Name>Label_SpindleLoading</Name>
    <FontSize>14</FontSize>
    <ForeColor>0,255,0</ForeColor>
    <BackColor>0,0,0</BackColor>
    <Caption>STR::Browser::MonGData::Caption::Label_SpindleLoading::SpindleLoading</Caption>
  </Label>
  <Label>
    <Left>40</Left>
    <Top>10</Top>
    <Height>35</Height>
    <Width>60</Width>
    <Name>Label_SpindleSpeed</Name>
    <FontSize>14</FontSize>
    <ForeColor>0,255,0</ForeColor>
    <BackColor>0,0,0</BackColor>
    <Caption>STR::Browser::MonGData::Caption::Label_SpindleSpeed::SpindleSpeed</Caption>
  </Label>
  <Label>
    <Left>140</Left>
    <Top>10</Top>
    <Height>35</Height>
    <Width>60</Width>
    <Name>Label_SpindleOverride</Name>
    <FontSize>14</FontSize>
    <ForeColor>0,255,0</ForeColor>
    <BackColor>0,0,0</BackColor>
    <Caption>STR::Browser::MonGData::Caption::Label_SpindleOverride::SpindleOverride</Caption>
  </Label>
  <Label>
    <Left>145</Left>
    <Top>50</Top>
    <Height>25</Height>
    <Width>31</Width>
    <Name>Lab_SpdOverrideStatus1</Name> 
    <FontSize>12</FontSize>
    <Alignment>1</Alignment>
    <ForeColor>255,255,255</ForeColor>
    <BackColor>0,0,0</BackColor>
    <Caption>0</Caption>
  </Label>
  <Label>
    <Left>180</Left>
    <Top>50</Top>
    <Height>25</Height>
    <Width>20</Width>
    <Name>Label11</Name>
    <FontSize>12</FontSize>
    <Alignment>0</Alignment>
    <ForeColor>0,255,0</ForeColor>
    <BackColor>0,0,0</BackColor>
    <Caption>%</Caption>
    <Wrap>True</Wrap>
    <Depth>33</Depth>
  </Label>
  <Label>
    <Left>180</Left>
    <Top>80</Top>
    <Height>25</Height>
    <Width>20</Width>
    <Name>Lab_Percent</Name>
    <FontSize>12</FontSize>
    <Alignment>0</Alignment>
    <ForeColor>0,255,0</ForeColor>
    <BackColor>0,0,0</BackColor>
    <Caption>%</Caption>
    <Wrap>True</Wrap>
    <Depth>28</Depth>
  </Label>
  <Label>
    <Left>180</Left>
    <Top>110</Top>
    <Height>25</Height>
    <Width>20</Width>
    <Name>Lab_Percent</Name>
    <FontSize>12</FontSize>
    <Alignment>0</Alignment>
    <ForeColor>0,255,0</ForeColor>
    <BackColor>0,0,0</BackColor>
    <Caption>%</Caption>
    <Wrap>True</Wrap>
    <Depth>23</Depth>
  </Label>
  <Label>
    <Left>180</Left>
    <Top>140</Top>
    <Height>25</Height>
    <Width>20</Width>
    <Name>Lab_Percent</Name>
    <FontSize>12</FontSize>
    <Alignment>0</Alignment>
    <ForeColor>0,255,0</ForeColor>
    <BackColor>0,0,0</BackColor>
    <Caption>%</Caption>
    <Wrap>True</Wrap>
    <Depth>18</Depth>
  </Label>
  <Label>
    <Left>180</Left>
    <Top>170</Top>
    <Height>25</Height>
    <Width>20</Width>
    <Name>Lab_Percent</Name>
    <FontSize>12</FontSize>
    <Alignment>0</Alignment>
    <ForeColor>0,255,0</ForeColor>
    <BackColor>0,0,0</BackColor>
    <Caption>%</Caption>
    <Wrap>True</Wrap>
    <Depth>13</Depth>
  </Label>
  <Label>
    <Left>180</Left>
    <Top>200</Top>
    <Height>25</Height>
    <Width>20</Width>
    <Name>Lab_Percent</Name>
    <FontSize>12</FontSize>
    <Alignment>0</Alignment>
    <ForeColor>0,255,0</ForeColor>
    <BackColor>0,0,0</BackColor>
    <Caption>%</Caption>
    <Wrap>True</Wrap>
    <Depth>8</Depth>
  </Label>
  <Label>
    <Left>145</Left>
    <Top>80</Top>
    <Height>25</Height>
    <Width>30</Width>
    <Name>Lab_SpdOverrideStatus2</Name>
    <FontSize>12</FontSize>
    <Alignment>1</Alignment>
    <ForeColor>255,255,255</ForeColor>
    <BackColor>0,0,0</BackColor>
    <Caption>0</Caption>
  </Label>
  <Label>
    <Left>145</Left>
    <Top>110</Top>
    <Height>25</Height>
    <Width>30</Width>
    <Name>Lab_SpdOverrideStatus3</Name>
    <FontSize>12</FontSize>
    <Alignment>1</Alignment>
    <ForeColor>255,255,255</ForeColor>
    <BackColor>0,0,0</BackColor>
    <Caption>0</Caption>
  </Label>
  <Label>
    <Left>145</Left>
    <Top>140</Top>
    <Height>25</Height>
    <Width>30</Width>
    <Name>Lab_SpdOverrideStatus4</Name>
    <FontSize>12</FontSize>
    <Alignment>1</Alignment>
    <ForeColor>255,255,255</ForeColor>
    <BackColor>0,0,0</BackColor>
    <Caption>0</Caption>
  </Label>
  <Label>
    <Left>145</Left>
    <Top>170</Top>
    <Height>25</Height>
    <Width>30</Width>
    <Name>Lab_SpdOverrideStatus5</Name>
    <FontSize>12</FontSize>
    <Alignment>1</Alignment>
    <ForeColor>255,255,255</ForeColor>
    <BackColor>0,0,0</BackColor>
    <Caption>0</Caption>
  </Label>
  <Label>
    <Left>145</Left>
    <Top>200</Top>
    <Height>25</Height>
    <Width>30</Width>
    <Name>Lab_SpdOverrideStatus6</Name>
    <FontSize>12</FontSize>
    <Alignment>1</Alignment>
    <ForeColor>255,255,255</ForeColor>
    <BackColor>0,0,0</BackColor>
    <Caption>0</Caption>
  </Label>
</Screen>