﻿<?xml version="1.0" encoding="UTF-8"?>
<Screen>
	<Name>ManualCenter</Name>
	<Panel>
		<Left>0</Left>
		<Top>0</Top>
		<Width>590</Width>
		<Height>470</Height>
		<BorderStyle>0</BorderStyle>
		<ForeColor>0,0,0</ForeColor>
		<BackColor>0,0,0</BackColor>
	</Panel>	
	<Label>
		<Caption>STR::MMI::ManualCenter::Title</Caption>
		<Name>Lab_Center</Name>
		<Left>15</Left>
		<Top>15</Top>
		<Width>100</Width>
		<Height>30</Height>
		<Alignment>1</Alignment>
		<FontSize>13</FontSize>
		<BorderStyle>0</BorderStyle>
		<ForeColor>255,255,255</ForeColor>
		<BackColor>0,0,0</BackColor>
	</Label>
	<Input>
		<Name>Inp_Mode</Name>
		<Value>0</Value>
		<Left>120</Left>
		<Top>15</Top>
		<Width>35</Width>
		<Height>30</Height>
		<Alignment>2</Alignment>
		<BorderStyle>1</BorderStyle>
		<InputFormat>Long</InputFormat>
		<InputStorage>L4022</InputStorage>
		<InputRange>0~1</InputRange>
		<FontSize>14</FontSize>
		<ForeColor>255,255,255</ForeColor>
		<BackColor>0,0,0</BackColor>
		<EmptyVal>ignor</EmptyVal>
	</Input>
	<Label>
		<Name>Lab_ModeHint</Name>
		<Caption>STR::MMI::AutoCenter::ModeHint</Caption>
		<Left>160</Left>
		<Top>15</Top>
		<Width>180</Width>
		<Height>30</Height>
		<FontSize>15</FontSize>
		<Alignment>0</Alignment>	
		<BorderStyle>0</BorderStyle>
		<ForeColor>0,255,0</ForeColor>
		<BackColor>0,0,0</BackColor>
	</Label>
	<Input>
		<Name>Inp_OUTINMode</Name>
		<Value>0</Value>
		<Left>65</Left>
		<Top>47</Top>
		<Width>35</Width>
		<Height>30</Height>
		<Alignment>2</Alignment>
		<BorderStyle>1</BorderStyle>
		<InputFormat>Long</InputFormat>
		<InputStorage>L4023</InputStorage>
		<InputRange>0~1</InputRange>
		<FontSize>14</FontSize>
		<ForeColor>255,255,255</ForeColor>
		<BackColor>0,0,0</BackColor>
		<EmptyVal>ignor</EmptyVal>
	</Input>
	<Label>
		<Name>Lab_ModeHint</Name>
		<Caption>STR::MMI::ManualCenter::OUTINModeHint</Caption>
		<Left>100</Left>
		<Top>47</Top>
		<Width>240</Width>
		<Height>30</Height>
		<FontSize>15</FontSize>
		<Alignment>2</Alignment>	
		<BorderStyle>0</BorderStyle>
		<ForeColor>0,255,0</ForeColor>
		<BackColor>0,0,0</BackColor>
	</Label>

	<Picture>
		<Name>Pic_AutoCenter</Name>
		<Left>30</Left>
		<Top>82</Top>
		<Width>220</Width>
		<Height>160</Height>
		<Picture>Image\MANUMID.jpg</Picture>
	</Picture>
	<Label>
		<Name>Lab_Step</Name>
		<Caption>STR::MMI::ManualCenter::OperationStep</Caption>
		<Left>15</Left>
		<Top>270</Top>
		<Width>200</Width>
		<Height>25</Height>
		<Alignment>0</Alignment>
		<FontSize>13</FontSize>
		<ForeColor>0,255,0</ForeColor>
		<BackColor>0,0,0</BackColor>
	</Label>
	<Label>
		<Name>Lab_Step1</Name>
		<Caption>STR::MMI::ManualCenter::Step1</Caption>
		<Left>15</Left>
		<Top>295</Top>
		<Width>540</Width>
		<Height>25</Height>
		<Alignment>0</Alignment>
		<FontSize>13</FontSize>
		<ForeColor>0,255,0</ForeColor>
		<BackColor>0,0,0</BackColor>
	</Label>
	<Label>
		<Name>Lab_Step2</Name>
		<Caption>STR::MMI::ManualCenter::Step2</Caption>
		<Left>15</Left>
		<Top>320</Top>
		<Width>540</Width>
		<Height>25</Height>
		<Alignment>0</Alignment>
		<FontSize>13</FontSize>
		<ForeColor>0,255,0</ForeColor>
		<BackColor>0,0,0</BackColor>
	</Label>
	<Label>
		<Name>Lab_Step3</Name>
		<Caption>STR::MMI::ManualCenter::Step3</Caption>
		<Left>15</Left>
		<Top>345</Top>
		<Width>540</Width>
		<Height>25</Height>
		<Alignment>0</Alignment>
		<FontSize>13</FontSize>
		<ForeColor>0,255,0</ForeColor>
		<BackColor>0,0,0</BackColor>
	</Label>
	<Label>
		<Name>Lab_Step4</Name>
		<Caption>STR::MMI::ManualCenter::Step4</Caption>
		<Left>15</Left>
		<Top>370</Top>
		<Width>540</Width>
		<Height>25</Height>
		<Alignment>0</Alignment>
		<FontSize>13</FontSize>
		<ForeColor>0,255,0</ForeColor>
		<BackColor>0,0,0</BackColor>
	</Label>
	<Label>
		<Name>Lab_Step5_One</Name>
		<Caption>STR::MMI::ManualCenter::Step5_One</Caption>
		<Left>15</Left>
		<Top>395</Top>
		<Width>540</Width>
		<Height>25</Height>
		<Alignment>0</Alignment>
		<FontSize>13</FontSize>
		<ForeColor>0,255,0</ForeColor>
		<BackColor>0,0,0</BackColor>
	</Label>
	<Label>
		<Name>Lab_Step5_Two</Name>
		<Caption>STR::MMI::ManualCenter::Step5_Two</Caption>
		<Left>50</Left>
		<Top>420</Top>
		<Width>240</Width>
		<Height>25</Height>
		<Alignment>0</Alignment>
		<FontSize>13</FontSize>
		<ForeColor>0,255,0</ForeColor>
		<BackColor>0,0,0</BackColor>
	</Label>
	<Label>
		<Name>Lab_MachineCoord</Name>
		<Caption>STR::MMI::ManualCenter::MachineCoord</Caption>
		<Left>340</Left>
		<Top>15</Top>
		<Width>190</Width>
		<Height>39</Height>
		<Alignment>0</Alignment>
		<FontSize>22</FontSize>
		<BorderStyle>0</BorderStyle>
		<ForeColor>0,255,0</ForeColor>
		<BackColor>0,0,0</BackColor>
	</Label>
	<Label>
		<Name>Lab_CoordPx1</Name>
		<Caption>STR::MMI::ManualCenter::Px1</Caption>
		<Left>340</Left>
		<Top>55</Top>
		<Width>90</Width>
		<Height>30</Height>
		<Alignment>0</Alignment>
		<FontSize>22</FontSize>
		<BorderStyle>0</BorderStyle>
		<ForeColor>0,255,0</ForeColor>
		<BackColor>0,0,0</BackColor>
	</Label>
	<Display>
		<Name>Lab_Px1Value</Name>
		<Left>400</Left>
		<Top>55</Top>
		<Width>150</Width>
		<Height>30</Height>
		<Alignment>1</Alignment>
		<FontSize>20</FontSize>
		<BorderStyle>0</BorderStyle>
		<BorderColor>128,128,128</BorderColor>
		<BackColor>0,0,0</BackColor>
		<ForeColor>255,255,255</ForeColor>
		<DisplayFormat>Long:TL</DisplayFormat>
		<DisplaySource>R1024</DisplaySource>
	</Display>
	<Label>
		<Name>Lab_CoordPx2</Name>
		<Caption>STR::MMI::ManualCenter::Px2</Caption>
		<Left>340</Left>
		<Top>90</Top>
		<Width>90</Width>
		<Height>30</Height>
		<Alignment>0</Alignment>
		<FontSize>22</FontSize>
		<BorderStyle>0</BorderStyle>
		<ForeColor>0,255,0</ForeColor>
		<BackColor>0,0,0</BackColor>
	</Label>
	<Display>
		<Name>Lab_Px2Value</Name>
		<Left>400</Left>
		<Top>90</Top>
		<Width>150</Width>
		<Height>30</Height>
		<Alignment>1</Alignment>
		<FontSize>20</FontSize>
		<BorderStyle>0</BorderStyle>
		<BorderColor>128,128,128</BorderColor>
		<BackColor>0,0,0</BackColor>
		<ForeColor>255,255,255</ForeColor>
		<DisplayFormat>Long:TL</DisplayFormat>
		<DisplaySource>R1025</DisplaySource>
	</Display>
	<Label>
		<Name>Lab_CoordPxm</Name>
		<Caption>STR::MMI::ManualCenter::Pxm</Caption>
		<Left>340</Left>
		<Top>125</Top>
		<Width>90</Width>
		<Height>30</Height>
		<Alignment>0</Alignment>
		<FontSize>22</FontSize>
		<BorderStyle>0</BorderStyle>
		<ForeColor>0,255,0</ForeColor>
		<BackColor>0,0,0</BackColor>
	</Label>
	<Display>
		<Name>Lab_PxmValue</Name>
		<Left>400</Left>
		<Top>125</Top>
		<Width>150</Width>
		<Height>30</Height>
		<Alignment>1</Alignment>
		<FontSize>20</FontSize>
		<BorderStyle>0</BorderStyle>
		<BorderColor>128,128,128</BorderColor>
		<BackColor>0,0,0</BackColor>
		<ForeColor>255,255,255</ForeColor>
		<DisplayFormat>Long:TL</DisplayFormat>
		<DisplaySource>R1026</DisplaySource>
	</Display>
	<Label>
		<Name>Lab_CoordPy1</Name>
		<Caption>STR::MMI::ManualCenter::Py1</Caption>
		<Left>340</Left>
		<Top>160</Top>
		<Width>90</Width>
		<Height>30</Height>
		<Alignment>0</Alignment>
		<FontSize>22</FontSize>
		<BorderStyle>0</BorderStyle>
		<ForeColor>0,255,0</ForeColor>
		<BackColor>0,0,0</BackColor>
	</Label>
	<Display>
		<Name>Lab_Py1Value</Name>
		<Left>400</Left>
		<Top>160</Top>
		<Width>150</Width>
		<Height>30</Height>
		<Alignment>1</Alignment>
		<FontSize>20</FontSize>
		<BorderStyle>0</BorderStyle>
		<BorderColor>128,128,128</BorderColor>
		<BackColor>0,0,0</BackColor>
		<ForeColor>255,255,255</ForeColor>
		<DisplayFormat>Long:TL</DisplayFormat>
		<DisplaySource>R1027</DisplaySource>
	</Display>
	<Label>
		<Name>Lab_CoordPy2</Name>
		<Caption>STR::MMI::ManualCenter::Py2</Caption>
		<Left>340</Left>
		<Top>195</Top>
		<Width>90</Width>
		<Height>30</Height>
		<Alignment>0</Alignment>
		<FontSize>22</FontSize>
		<BorderStyle>0</BorderStyle>
		<ForeColor>0,255,0</ForeColor>
		<BackColor>0,0,0</BackColor>
	</Label>
	<Display>
		<Name>Lab_Py2Value</Name>
		<Left>400</Left>
		<Top>195</Top>
		<Width>150</Width>
		<Height>30</Height>
		<Alignment>1</Alignment>
		<FontSize>20</FontSize>
		<BorderStyle>0</BorderStyle>
		<BorderColor>128,128,128</BorderColor>
		<BackColor>0,0,0</BackColor>
		<ForeColor>255,255,255</ForeColor>
		<DisplayFormat>Long:TL</DisplayFormat>
		<DisplaySource>R1028</DisplaySource>
	</Display>
	<Label>
		<Name>Lab_CoordPym</Name>
		<Caption>STR::MMI::ManualCenter::Pym</Caption>
		<Left>340</Left>
		<Top>230</Top>
		<Width>90</Width>
		<Height>30</Height>
		<Alignment>0</Alignment>
		<FontSize>22</FontSize>
		<BorderStyle>0</BorderStyle>
		<ForeColor>0,255,0</ForeColor>
		<BackColor>0,0,0</BackColor>
	</Label>
	<Display>
		<Name>Lab_PymValue</Name>
		<Left>400</Left>
		<Top>230</Top>
		<Width>150</Width>
		<Height>30</Height>
		<Alignment>1</Alignment>
		<FontSize>20</FontSize>
		<BorderStyle>0</BorderStyle>
		<BorderColor>128,128,128</BorderColor>
		<BackColor>0,0,0</BackColor>
		<ForeColor>255,255,255</ForeColor>
		<DisplayFormat>Long:TL</DisplayFormat>
		<DisplaySource>R1029</DisplaySource>
	</Display>
	<Panel>
		<Left>592</Left>
		<Top>0</Top>
		<Width>208</Width>
		<Height>470</Height>
		<BorderStyle>0</BorderStyle>
		<ForeColor>0,0,0</ForeColor>
		<BackColor>0,0,0</BackColor>
	</Panel>
	<!-- machine coordinate layout -->
	<CoordBox>
		<Name>Coord_Machine</Name>
		<Left>609</Left>
		<Top>5</Top>
		<Width>170</Width>
		<Height>145</Height>
		<Alignment>0</Alignment>
		<BorderStyle>0</BorderStyle>
		<FontSize>14</FontSize>
		<BackColor>0,0,0</BackColor>
		<ForeColor>0,255,0</ForeColor>
		<Title>1</Title>
		<PageSize>6</PageSize>
		<CoordType>0</CoordType>
		<LForeColor>0,255,0</LForeColor>
		<LBackColor>0,0,0</LBackColor>
		<LFontSize>14</LFontSize>
		<LBorderStyle>0</LBorderStyle>
		<VForeColor>255,255,255</VForeColor>
		<VBackColor>0,0,0</VBackColor>
		<VFontSize>14</VFontSize>
		<VBorderStyle>0</VBorderStyle>
		<AxisNotHomeColor>255,255,255</AxisNotHomeColor>
		<AxisSelectedColor>255,255,255</AxisSelectedColor>
	</CoordBox>

	<!-- Relative coordinate layout -->
	<CoordBox>
		<Name>Coord_Relative</Name>
		<Left>609</Left>
		<Top>160</Top>
		<Width>170</Width>
		<Height>145</Height>
		<Alignment>0</Alignment>
		<BorderStyle>0</BorderStyle>
		<FontSize>14</FontSize>
		<BackColor>0,0,0</BackColor>
		<ForeColor>0,255,0</ForeColor>
		<Title>1</Title>
		<PageSize>6</PageSize>
		<CoordType>1</CoordType>
		<LForeColor>0,255,0</LForeColor>
		<LBackColor>0,0,0</LBackColor>
		<LFontSize>14</LFontSize>
		<LBorderStyle>0</LBorderStyle>
		<VForeColor>255,255,255</VForeColor>
		<VBackColor>0,0,0</VBackColor>
		<VFontSize>14</VFontSize>
		<VBorderStyle>0</VBorderStyle>
		<AxisNotHomeColor>255,255,255</AxisNotHomeColor>
		<AxisSelectedColor>255,255,255</AxisSelectedColor>
	</CoordBox>
	<!-- Aux coordinate layout -->
	<Label>
		<Caption>STR::MMI::AuxCoord::Title</Caption>
		<Name>Lab_AuxTitle</Name>
		<Left>609</Left>
		<Top>315</Top>
		<Width>170</Width>
		<Height>25</Height>
		<Alignment>0</Alignment>
		<BorderStyle>0</BorderStyle>
		<FontSize>14</FontSize>
		<BorderColor>128,128,128</BorderColor>
		<BackColor>0,0,0</BackColor>
		<ForeColor>0,255,0</ForeColor>
		<BackColor>0,0,0</BackColor>
	</Label>
	<Label>
		<Caption>X</Caption>
		<Name>Lab_Rest0</Name>
		<Left>609</Left>
		<Top>355</Top>
		<Width>40</Width>
		<Height>25</Height>
		<Alignment>0</Alignment>
		<BorderStyle>0</BorderStyle>
		<FontSize>14</FontSize>
		<BorderColor>128,128,128</BorderColor>
		<BackColor>0,0,0</BackColor>
		<ForeColor>0,255,0</ForeColor>
		<BackColor>0,0,0</BackColor>
	</Label>
	<Display>
		<Name>Dis_Aux0</Name>
		<Left>644</Left>
		<Top>355</Top>
		<Width>135</Width>
		<Height>25</Height>
		<Alignment>1</Alignment>
		<FontSize>14</FontSize>
		<BorderStyle>0</BorderStyle>
		<BorderColor>128,128,128</BorderColor>
		<BackColor>0,0,0</BackColor>
		<ForeColor>255,255,255</ForeColor>
		<DisplayFormat>Long:TL</DisplayFormat>
		<DisplaySource>R1026</DisplaySource>
	</Display>
	<Label>
		<Caption>Y</Caption>
		<Name>Lab_Rest1</Name>
		<Left>609</Left>
		<Top>380</Top>
		<Width>40</Width>
		<Height>25</Height>
		<Alignment>0</Alignment>
		<BorderStyle>0</BorderStyle>
		<FontSize>14</FontSize>
		<BorderColor>128,128,128</BorderColor>
		<BackColor>0,0,0</BackColor>
		<ForeColor>0,255,0</ForeColor>
		<BackColor>0,0,0</BackColor>
	</Label>
	<Display>
		<Name>Dis_Aux1</Name>
		<Left>644</Left>
		<Top>380</Top>
		<Width>135</Width>
		<Height>25</Height>
		<Alignment>1</Alignment>
		<FontSize>14</FontSize>
		<BorderStyle>0</BorderStyle>
		<BorderColor>128,128,128</BorderColor>
		<BackColor>0,0,0</BackColor>
		<ForeColor>255,255,255</ForeColor>
		<DisplayFormat>Long:TL</DisplayFormat>
		<DisplaySource>R1029</DisplaySource>
	</Display>
	<Label>
		<Caption>Z</Caption>
		<Name>Lab_Rest2</Name>
		<Left>609</Left>
		<Top>405</Top>
		<Width>40</Width>
		<Height>25</Height>
		<Alignment>0</Alignment>
		<BorderStyle>0</BorderStyle>
		<FontSize>14</FontSize>
		<BorderColor>128,128,128</BorderColor>
		<BackColor>0,0,0</BackColor>
		<ForeColor>0,255,0</ForeColor>
		<BackColor>0,0,0</BackColor>
	</Label>
	<Display>
		<Name>Dis_Aux2</Name>
		<Left>644</Left>
		<Top>405</Top>
		<Width>135</Width>
		<Height>25</Height>
		<Alignment>1</Alignment>
		<FontSize>14</FontSize>
		<BorderStyle>0</BorderStyle>
		<BorderColor>128,128,128</BorderColor>
		<BackColor>0,0,0</BackColor>
		<ForeColor>255,255,255</ForeColor>
		<DisplayFormat>Long:TL</DisplayFormat>
		<DisplaySource>R1032</DisplaySource>
	</Display>
	<Label>
		<Left>338</Left>
		<Top>275</Top>
		<Height>25</Height>
		<Width>138</Width>
		<Name>Lab_CoordNo</Name>
		<FontSize>14</FontSize>
		<Alignment>0</Alignment>
		<ForeColor>0,128,255</ForeColor>
		<BackColor>0,0,0</BackColor>
		<Caption>STR::MMI::AutoTool::WorkPiece</Caption>
	</Label>
	<Input>
		<Left>485</Left>
		<Top>275</Top>
		<Height>24</Height>
		<Width>40</Width>
		<Name>Inp_WorkPieceNo</Name>
		<BorderStyle>1</BorderStyle>
		<FontSize>14</FontSize>
		<ForeColor>255,255,255</ForeColor>
		<BackColor>0,0,0</BackColor>
		<Value>1</Value>
		<HintLabel>STR::MMI::AutoTool::WorkPieceHintNo2</HintLabel>
		<InputRange>1~100</InputRange>
		<EmptyVal>ignor</EmptyVal>
	</Input>
</Screen>
