﻿<?xml version="1.0" encoding="UTF-8"?>
<!--Created by 'eHMI'version2.2.20-->
<!--BROWSER SIZE|H:600|W:800-->
<Screen>
  <Name>ToolMill</Name>
  <Panel>
    <Left>0</Left>
    <Top>0</Top>
    <Width>585</Width>
    <Height>470</Height>
    <Name>Pan_MillTable</Name>
    <FontSize>24</FontSize>
    <Alignment>0</Alignment>
    <BorderStyle>1</BorderStyle>
    <Depth>52</Depth>
    <ForeColor>0,0,0</ForeColor>
    <BackColor>0,0,0</BackColor>
  </Panel>
  <Panel>
    <Left>587</Left>
    <Top>0</Top>
    <Width>215</Width>
    <Height>470</Height>
    <Name>Pane_MillCord</Name>
    <BorderStyle>0</BorderStyle>
    <Depth>51</Depth>
    <ForeColor>0,0,0</ForeColor>
    <BackColor>0,0,0</BackColor>
  </Panel>
  <Label>
    <Left>3</Left>
    <Top>9</Top>
    <Height>30</Height>
    <Width>360</Width>
    <Name>Lab_InputTitle</Name>
    <FontSize>12</FontSize>
    <Alignment>0</Alignment>
    <BorderStyle>0</BorderStyle>
    <Depth>50</Depth>
    <ForeColor>0,255,0</ForeColor>
    <BackColor>0,0,0</BackColor>
    <Caption>STR::Browser::ToolMill::Caption::Lab_InputTitle::InputModeMsg</Caption>
  </Label>
  <Display>
    <Left>3</Left>
    <Top>44</Top>
    <Height>30</Height>
    <Width>150</Width>
    <Name>Dis_InputMode</Name>
    <FontSize>20</FontSize>
    <BorderStyle>1</BorderStyle>
    <Depth>49</Depth>
    <ForeColor>255,255,255</ForeColor>
    <BackColor>0,0,0</BackColor>
    <DisplaySource>L4013</DisplaySource>
    <ListItems>
      <Item ID="0">
        <Caption>STR::Browser::ToolMill::Caption::Dis_InputMode::AbsInput</Caption>
      </Item>
      <Item ID="1">
        <Caption>STR::Browser::ToolMill::Caption::Dis_InputMode::IncInput</Caption>
      </Item>
    </ListItems>
  </Display>
  <Label>
    <Left>33</Left>
    <Top>109</Top>
    <Height>25</Height>
    <Width>75</Width>
    <Name>Lab_DiameterGeometry</Name>
    <FontSize>13</FontSize>
    <BorderStyle>0</BorderStyle>
    <Depth>48</Depth>
    <ForeColor>0,217,217</ForeColor>
    <BackColor>0,0,0</BackColor>
    <Caption>STR::Browser::ToolMill::Caption::Lab_DiameterGeometry::DiameterGeometry</Caption>
  </Label>
  <Label>
    <Left>113</Left>
    <Top>109</Top>
    <Height>25</Height>
    <Width>75</Width>
    <Name>Lab_DiameterWear</Name>
    <FontSize>13</FontSize>
    <BorderStyle>0</BorderStyle>
    <Depth>47</Depth>
    <ForeColor>0,217,217</ForeColor>
    <BackColor>0,0,0</BackColor>
    <Caption>STR::Browser::ToolMill::Caption::Lab_DiameterWear::DiameterWear</Caption>
  </Label>
  <Label>
    <Left>198</Left>
    <Top>109</Top>
    <Height>25</Height>
    <Width>75</Width>
    <Name>Lab_LengthGeometry</Name>
    <FontSize>13</FontSize>
    <BorderStyle>0</BorderStyle>
    <Depth>46</Depth>
    <ForeColor>0,217,217</ForeColor>
    <BackColor>0,0,0</BackColor>
    <Caption>STR::Browser::ToolMill::Caption::Lab_LengthGeometry::LengthGeometry</Caption>
    <Wrap>True</Wrap>
  </Label>
  <Label>
    <Left>278</Left>
    <Top>109</Top>
    <Height>25</Height>
    <Width>75</Width>
    <Name>Lab_LengthWear</Name>
    <FontSize>13</FontSize>
    <BorderStyle>0</BorderStyle>
    <Depth>45</Depth>
    <ForeColor>0,217,217</ForeColor>
    <BackColor>0,0,0</BackColor>
    <Caption>STR::Browser::ToolMill::Caption::Lab_LengthWear::LengthWear</Caption>
    <Wrap>True</Wrap>
  </Label>
  <Label>
    <Left>33</Left>
    <Top>84</Top>
    <Height>25</Height>
    <Width>155</Width>
    <Name>Lab_ToolDiameter</Name>
    <FontSize>14</FontSize>
    <BorderStyle>0</BorderStyle>
    <Depth>44</Depth>
    <ForeColor>0,217,217</ForeColor>
    <BackColor>0,0,0</BackColor>
    <Caption>STR::Browser::ToolMill::Caption::Lab_ToolDiameter::Diameter</Caption>
  </Label>
  <Label>
    <Left>198</Left>
    <Top>84</Top>
    <Height>25</Height>
    <Width>155</Width>
    <Name>Lab_ToolLength</Name>
    <FontSize>14</FontSize>
    <BorderStyle>0</BorderStyle>
    <Depth>43</Depth>
    <ForeColor>0,217,217</ForeColor>
    <BackColor>0,0,0</BackColor>
    <Caption>STR::Browser::ToolMill::Caption::Lab_ToolLength::Length</Caption>
  </Label>
  <Label>
    <Left>3</Left>
    <Top>139</Top>
    <Height>30</Height>
    <Width>35</Width>
    <Name>TableMill.lbl_ToolNo[1]</Name>
    <FontSize>14</FontSize>
    <Alignment>0</Alignment>
    <BorderStyle>0</BorderStyle>
    <Depth>42</Depth>
    <ForeColor>0,255,0</ForeColor>
    <BackColor>0,0,0</BackColor>
    <Caption>20</Caption>
  </Label>
  <Label>
    <Left>3</Left>
    <Top>178</Top>
    <Height>30</Height>
    <Width>35</Width>
    <Name>TableMill.lbl_ToolNo[2]</Name>
    <FontSize>14</FontSize>
    <Alignment>0</Alignment>
    <BorderStyle>0</BorderStyle>
    <Depth>41</Depth>
    <ForeColor>0,255,0</ForeColor>
    <BackColor>0,0,0</BackColor>
    <Caption>20</Caption>
  </Label>
  <Label>
    <Left>3</Left>
    <Top>217</Top>
    <Height>30</Height>
    <Width>35</Width>
    <Name>TableMill.lbl_ToolNo[3]</Name>
    <FontSize>14</FontSize>
    <Alignment>0</Alignment>
    <BorderStyle>0</BorderStyle>
    <Depth>40</Depth>
    <ForeColor>0,255,0</ForeColor>
    <BackColor>0,0,0</BackColor>
    <Caption>20</Caption>
  </Label>
  <Label>
    <Left>3</Left>
    <Top>256</Top>
    <Height>30</Height>
    <Width>35</Width>
    <Name>TableMill.lbl_ToolNo[4]</Name>
    <FontSize>14</FontSize>
    <Alignment>0</Alignment>
    <BorderStyle>0</BorderStyle>
    <Depth>39</Depth>
    <ForeColor>0,255,0</ForeColor>
    <BackColor>0,0,0</BackColor>
    <Caption>20</Caption>
  </Label>
  <Label>
    <Left>3</Left>
    <Top>295</Top>
    <Height>30</Height>
    <Width>35</Width>
    <Name>TableMill.lbl_ToolNo[5]</Name>
    <FontSize>14</FontSize>
    <Alignment>0</Alignment>
    <BorderStyle>0</BorderStyle>
    <Depth>38</Depth>
    <ForeColor>0,255,0</ForeColor>
    <BackColor>0,0,0</BackColor>
    <Caption>20</Caption>
  </Label>
  <Label>
    <Left>3</Left>
    <Top>334</Top>
    <Height>30</Height>
    <Width>35</Width>
    <Name>TableMill.lbl_ToolNo[6]</Name>
    <FontSize>14</FontSize>
    <Alignment>0</Alignment>
    <BorderStyle>0</BorderStyle>
    <Depth>37</Depth>
    <ForeColor>0,255,0</ForeColor>
    <BackColor>0,0,0</BackColor>
    <Caption>20</Caption>
  </Label>
  <Label>
    <Left>3</Left>
    <Top>373</Top>
    <Height>30</Height>
    <Width>35</Width>
    <Name>TableMill.lbl_ToolNo[7]</Name>
    <FontSize>14</FontSize>
    <Alignment>0</Alignment>
    <BorderStyle>0</BorderStyle>
    <Depth>36</Depth>
    <ForeColor>0,255,0</ForeColor>
    <BackColor>0,0,0</BackColor>
    <Caption>20</Caption>
  </Label>
  <Label>
    <Left>3</Left>
    <Top>412</Top>
    <Height>30</Height>
    <Width>35</Width>
    <Name>TableMill.lbl_ToolNo[8]</Name>
    <FontSize>14</FontSize>
    <Alignment>0</Alignment>
    <BorderStyle>0</BorderStyle>
    <Depth>35</Depth>
    <ForeColor>0,255,0</ForeColor>
    <BackColor>0,0,0</BackColor>
    <Caption>20</Caption>
  </Label>
  <Input>
    <Left>38</Left>
    <Top>139</Top>
    <Height>30</Height>
    <Width>75</Width>
    <Name>TableMill.Inp_ToolGeometry[1]</Name>
    <FontSize>14</FontSize>
    <BorderStyle>0</BorderStyle>
    <Depth>34</Depth>
    <ForeColor>255,255,255</ForeColor>
    <BackColor>0,0,0</BackColor>
    <InputFormat>Double:L</InputFormat>
    <EmptyVal>ignor</EmptyVal>
  </Input>
  <Input>
    <Left>38</Left>
    <Top>178</Top>
    <Height>30</Height>
    <Width>75</Width>
    <Name>TableMill.Inp_ToolGeometry[2]</Name>
    <FontSize>14</FontSize>
    <BorderStyle>0</BorderStyle>
    <Depth>33</Depth>
    <ForeColor>255,255,255</ForeColor>
    <BackColor>0,0,0</BackColor>
    <InputFormat>Double:L</InputFormat>
    <EmptyVal>ignor</EmptyVal>
  </Input>
  <Input>
    <Left>38</Left>
    <Top>217</Top>
    <Height>30</Height>
    <Width>75</Width>
    <Name>TableMill.Inp_ToolGeometry[3]</Name>
    <FontSize>14</FontSize>
    <BorderStyle>0</BorderStyle>
    <Depth>32</Depth>
    <ForeColor>255,255,255</ForeColor>
    <BackColor>0,0,0</BackColor>
    <InputFormat>Double:L</InputFormat>
    <EmptyVal>ignor</EmptyVal>
  </Input>
  <Input>
    <Left>38</Left>
    <Top>256</Top>
    <Height>30</Height>
    <Width>75</Width>
    <Name>TableMill.Inp_ToolGeometry[4]</Name>
    <FontSize>14</FontSize>
    <BorderStyle>0</BorderStyle>
    <Depth>31</Depth>
    <ForeColor>255,255,255</ForeColor>
    <BackColor>0,0,0</BackColor>
    <InputFormat>Double:L</InputFormat>
    <EmptyVal>ignor</EmptyVal>
  </Input>
  <Input>
    <Left>38</Left>
    <Top>295</Top>
    <Height>30</Height>
    <Width>75</Width>
    <Name>TableMill.Inp_ToolGeometry[5]</Name>
    <FontSize>14</FontSize>
    <BorderStyle>0</BorderStyle>
    <Depth>30</Depth>
    <ForeColor>255,255,255</ForeColor>
    <BackColor>0,0,0</BackColor>
    <InputFormat>Double:L</InputFormat>
    <EmptyVal>ignor</EmptyVal>
  </Input>
  <Input>
    <Left>38</Left>
    <Top>334</Top>
    <Height>30</Height>
    <Width>75</Width>
    <Name>TableMill.Inp_ToolGeometry[6]</Name>
    <FontSize>14</FontSize>
    <BorderStyle>0</BorderStyle>
    <Depth>29</Depth>
    <ForeColor>255,255,255</ForeColor>
    <BackColor>0,0,0</BackColor>
    <InputFormat>Double:L</InputFormat>
    <EmptyVal>ignor</EmptyVal>
  </Input>
  <Input>
    <Left>38</Left>
    <Top>373</Top>
    <Height>30</Height>
    <Width>75</Width>
    <Name>TableMill.Inp_ToolGeometry[7]</Name>
    <FontSize>14</FontSize>
    <BorderStyle>0</BorderStyle>
    <Depth>28</Depth>
    <ForeColor>255,255,255</ForeColor>
    <BackColor>0,0,0</BackColor>
    <InputFormat>Double:L</InputFormat>
    <EmptyVal>ignor</EmptyVal>
  </Input>
  <Input>
    <Left>38</Left>
    <Top>412</Top>
    <Height>30</Height>
    <Width>75</Width>
    <Name>TableMill.Inp_ToolGeometry[8]</Name>
    <FontSize>14</FontSize>
    <BorderStyle>0</BorderStyle>
    <Depth>27</Depth>
    <ForeColor>255,255,255</ForeColor>
    <BackColor>0,0,0</BackColor>
    <InputFormat>Double:L</InputFormat>
    <EmptyVal>ignor</EmptyVal>
  </Input>
  <Input>
    <Left>118</Left>
    <Top>139</Top>
    <Height>30</Height>
    <Width>75</Width>
    <Name>TableMill.Inp_ToolWear[1]</Name>
    <FontSize>14</FontSize>
    <BorderStyle>0</BorderStyle>
    <Depth>26</Depth>
    <ForeColor>255,255,255</ForeColor>
    <BackColor>0,0,0</BackColor>
    <InputFormat>Double:L</InputFormat>
    <EmptyVal>ignor</EmptyVal>
  </Input>
  <Input>
    <Left>118</Left>
    <Top>178</Top>
    <Height>30</Height>
    <Width>75</Width>
    <Name>TableMill.Inp_ToolWear[2]</Name>
    <FontSize>14</FontSize>
    <BorderStyle>0</BorderStyle>
    <Depth>25</Depth>
    <ForeColor>255,255,255</ForeColor>
    <BackColor>0,0,0</BackColor>
    <InputFormat>Double:L</InputFormat>
    <EmptyVal>ignor</EmptyVal>
  </Input>
  <Input>
    <Left>118</Left>
    <Top>217</Top>
    <Height>30</Height>
    <Width>75</Width>
    <Name>TableMill.Inp_ToolWear[3]</Name>
    <FontSize>14</FontSize>
    <BorderStyle>0</BorderStyle>
    <Depth>24</Depth>
    <ForeColor>255,255,255</ForeColor>
    <BackColor>0,0,0</BackColor>
    <InputFormat>Double:L</InputFormat>
    <EmptyVal>ignor</EmptyVal>
  </Input>
  <Input>
    <Left>118</Left>
    <Top>256</Top>
    <Height>30</Height>
    <Width>75</Width>
    <Name>TableMill.Inp_ToolWear[4]</Name>
    <FontSize>14</FontSize>
    <BorderStyle>0</BorderStyle>
    <Depth>23</Depth>
    <ForeColor>255,255,255</ForeColor>
    <BackColor>0,0,0</BackColor>
    <InputFormat>Double:L</InputFormat>
    <EmptyVal>ignor</EmptyVal>
  </Input>
  <Input>
    <Left>118</Left>
    <Top>295</Top>
    <Height>30</Height>
    <Width>75</Width>
    <Name>TableMill.Inp_ToolWear[5]</Name>
    <FontSize>14</FontSize>
    <BorderStyle>0</BorderStyle>
    <Depth>22</Depth>
    <ForeColor>255,255,255</ForeColor>
    <BackColor>0,0,0</BackColor>
    <InputFormat>Double:L</InputFormat>
    <EmptyVal>ignor</EmptyVal>
  </Input>
  <Input>
    <Left>118</Left>
    <Top>334</Top>
    <Height>30</Height>
    <Width>75</Width>
    <Name>TableMill.Inp_ToolWear[6]</Name>
    <FontSize>14</FontSize>
    <BorderStyle>0</BorderStyle>
    <Depth>21</Depth>
    <ForeColor>255,255,255</ForeColor>
    <BackColor>0,0,0</BackColor>
    <InputFormat>Double:L</InputFormat>
    <EmptyVal>ignor</EmptyVal>
  </Input>
  <Input>
    <Left>118</Left>
    <Top>373</Top>
    <Height>30</Height>
    <Width>75</Width>
    <Name>TableMill.Inp_ToolWear[7]</Name>
    <FontSize>14</FontSize>
    <BorderStyle>0</BorderStyle>
    <Depth>20</Depth>
    <ForeColor>255,255,255</ForeColor>
    <BackColor>0,0,0</BackColor>
    <InputFormat>Double:L</InputFormat>
    <EmptyVal>ignor</EmptyVal>
  </Input>
  <Input>
    <Left>118</Left>
    <Top>412</Top>
    <Height>30</Height>
    <Width>75</Width>
    <Name>TableMill.Inp_ToolWear[8]</Name>
    <FontSize>14</FontSize>
    <BorderStyle>0</BorderStyle>
    <Depth>19</Depth>
    <ForeColor>255,255,255</ForeColor>
    <BackColor>0,0,0</BackColor>
    <InputFormat>Double:L</InputFormat>
    <EmptyVal>ignor</EmptyVal>
  </Input>
  <Input>
    <Left>203</Left>
    <Top>139</Top>
    <Height>30</Height>
    <Width>75</Width>
    <Name>TableMill.Inp_LengthGeometry[1]</Name>
    <FontSize>14</FontSize>
    <BorderStyle>0</BorderStyle>
    <Depth>18</Depth>
    <ForeColor>255,255,255</ForeColor>
    <BackColor>0,0,0</BackColor>
    <InputFormat>Double:L</InputFormat>
    <EmptyVal>ignor</EmptyVal>
  </Input>
  <Input>
    <Left>203</Left>
    <Top>178</Top>
    <Height>30</Height>
    <Width>75</Width>
    <Name>TableMill.Inp_LengthGeometry[2]</Name>
    <FontSize>14</FontSize>
    <BorderStyle>0</BorderStyle>
    <Depth>17</Depth>
    <ForeColor>255,255,255</ForeColor>
    <BackColor>0,0,0</BackColor>
    <InputFormat>Double:L</InputFormat>
    <EmptyVal>ignor</EmptyVal>
  </Input>
  <Input>
    <Left>203</Left>
    <Top>217</Top>
    <Height>30</Height>
    <Width>75</Width>
    <Name>TableMill.Inp_LengthGeometry[3]</Name>
    <FontSize>14</FontSize>
    <BorderStyle>0</BorderStyle>
    <Depth>16</Depth>
    <ForeColor>255,255,255</ForeColor>
    <BackColor>0,0,0</BackColor>
    <InputFormat>Double:L</InputFormat>
    <EmptyVal>ignor</EmptyVal>
  </Input>
  <Input>
    <Left>203</Left>
    <Top>256</Top>
    <Height>30</Height>
    <Width>75</Width>
    <Name>TableMill.Inp_LengthGeometry[4]</Name>
    <FontSize>14</FontSize>
    <BorderStyle>0</BorderStyle>
    <Depth>15</Depth>
    <ForeColor>255,255,255</ForeColor>
    <BackColor>0,0,0</BackColor>
    <InputFormat>Double:L</InputFormat>
    <EmptyVal>ignor</EmptyVal>
  </Input>
  <Input>
    <Left>203</Left>
    <Top>295</Top>
    <Height>30</Height>
    <Width>75</Width>
    <Name>TableMill.Inp_LengthGeometry[5]</Name>
    <FontSize>14</FontSize>
    <BorderStyle>0</BorderStyle>
    <Depth>14</Depth>
    <ForeColor>255,255,255</ForeColor>
    <BackColor>0,0,0</BackColor>
    <InputFormat>Double:L</InputFormat>
    <EmptyVal>ignor</EmptyVal>
  </Input>
  <Input>
    <Left>203</Left>
    <Top>334</Top>
    <Height>30</Height>
    <Width>75</Width>
    <Name>TableMill.Inp_LengthGeometry[6]</Name>
    <FontSize>14</FontSize>
    <BorderStyle>0</BorderStyle>
    <Depth>13</Depth>
    <ForeColor>255,255,255</ForeColor>
    <BackColor>0,0,0</BackColor>
    <InputFormat>Double:L</InputFormat>
    <EmptyVal>ignor</EmptyVal>
  </Input>
  <Input>
    <Left>203</Left>
    <Top>373</Top>
    <Height>30</Height>
    <Width>75</Width>
    <Name>TableMill.Inp_LengthGeometry[7]</Name>
    <FontSize>14</FontSize>
    <BorderStyle>0</BorderStyle>
    <Depth>12</Depth>
    <ForeColor>255,255,255</ForeColor>
    <BackColor>0,0,0</BackColor>
    <InputFormat>Double:L</InputFormat>
    <EmptyVal>ignor</EmptyVal>
  </Input>
  <Input>
    <Left>203</Left>
    <Top>412</Top>
    <Height>30</Height>
    <Width>75</Width>
    <Name>TableMill.Inp_LengthGeometry[8]</Name>
    <FontSize>14</FontSize>
    <BorderStyle>0</BorderStyle>
    <Depth>11</Depth>
    <ForeColor>255,255,255</ForeColor>
    <BackColor>0,0,0</BackColor>
    <InputFormat>Double:L</InputFormat>
    <EmptyVal>ignor</EmptyVal>
  </Input>
  <Input>
    <Left>283</Left>
    <Top>139</Top>
    <Height>30</Height>
    <Width>75</Width>
    <Name>TableMill.Inp_LengthWear[1]</Name>
    <FontSize>14</FontSize>
    <BorderStyle>0</BorderStyle>
    <Depth>10</Depth>
    <ForeColor>255,255,255</ForeColor>
    <BackColor>0,0,0</BackColor>
    <InputFormat>Double:L</InputFormat>
    <EmptyVal>ignor</EmptyVal>
  </Input>
  <Input>
    <Left>283</Left>
    <Top>178</Top>
    <Height>30</Height>
    <Width>75</Width>
    <Name>TableMill.Inp_LengthWear[2]</Name>
    <FontSize>14</FontSize>
    <BorderStyle>0</BorderStyle>
    <Depth>9</Depth>
    <ForeColor>255,255,255</ForeColor>
    <BackColor>0,0,0</BackColor>
    <InputFormat>Double:L</InputFormat>
    <EmptyVal>ignor</EmptyVal>
  </Input>
  <Input>
    <Left>283</Left>
    <Top>217</Top>
    <Height>30</Height>
    <Width>75</Width>
    <Name>TableMill.Inp_LengthWear[3]</Name>
    <FontSize>14</FontSize>
    <BorderStyle>0</BorderStyle>
    <Depth>8</Depth>
    <ForeColor>255,255,255</ForeColor>
    <BackColor>0,0,0</BackColor>
    <InputFormat>Double:L</InputFormat>
    <EmptyVal>ignor</EmptyVal>
  </Input>
  <Input>
    <Left>283</Left>
    <Top>256</Top>
    <Height>30</Height>
    <Width>75</Width>
    <Name>TableMill.Inp_LengthWear[4]</Name>
    <FontSize>14</FontSize>
    <BorderStyle>0</BorderStyle>
    <Depth>7</Depth>
    <ForeColor>255,255,255</ForeColor>
    <BackColor>0,0,0</BackColor>
    <InputFormat>Double:L</InputFormat>
    <EmptyVal>ignor</EmptyVal>
  </Input>
  <Input>
    <Left>283</Left>
    <Top>295</Top>
    <Height>30</Height>
    <Width>75</Width>
    <Name>TableMill.Inp_LengthWear[5]</Name>
    <FontSize>14</FontSize>
    <BorderStyle>0</BorderStyle>
    <Depth>6</Depth>
    <ForeColor>255,255,255</ForeColor>
    <BackColor>0,0,0</BackColor>
    <InputFormat>Double:L</InputFormat>
    <EmptyVal>ignor</EmptyVal>
  </Input>
  <Input>
    <Left>283</Left>
    <Top>334</Top>
    <Height>30</Height>
    <Width>75</Width>
    <Name>TableMill.Inp_LengthWear[6]</Name>
    <FontSize>14</FontSize>
    <BorderStyle>0</BorderStyle>
    <Depth>5</Depth>
    <ForeColor>255,255,255</ForeColor>
    <BackColor>0,0,0</BackColor>
    <InputFormat>Double:L</InputFormat>
    <EmptyVal>ignor</EmptyVal>
  </Input>
  <Input>
    <Left>283</Left>
    <Top>373</Top>
    <Height>30</Height>
    <Width>75</Width>
    <Name>TableMill.Inp_LengthWear[7]</Name>
    <FontSize>14</FontSize>
    <BorderStyle>0</BorderStyle>
    <Depth>4</Depth>
    <ForeColor>255,255,255</ForeColor>
    <BackColor>0,0,0</BackColor>
    <InputFormat>Double:L</InputFormat>
    <EmptyVal>ignor</EmptyVal>
  </Input>
  <Input>
    <Left>283</Left>
    <Top>412</Top>
    <Height>30</Height>
    <Width>75</Width>
    <Name>TableMill.Inp_LengthWear[8]</Name>
    <FontSize>14</FontSize>
    <BorderStyle>0</BorderStyle>
    <Depth>3</Depth>
    <ForeColor>255,255,255</ForeColor>
    <BackColor>0,0,0</BackColor>
    <InputFormat>Double:L</InputFormat>
    <EmptyVal>ignor</EmptyVal>
  </Input>
  <CoordBox>
    <Left>609</Left>
    <Top>5</Top>
    <Width>170</Width>
    <Height>145</Height>
    <Name>Coord_Machine</Name>
    <FontSize>14</FontSize>
    <Alignment>0</Alignment>
    <BorderStyle>0</BorderStyle>
    <Depth>2</Depth>
    <ForeColor>0,255,0</ForeColor>
    <BackColor>0,0,0</BackColor>
	<PageSize>6</PageSize>
    <LForeColor>0,255,0</LForeColor>
    <LBackColor>0,0,0</LBackColor>
    <LFontSize>14</LFontSize>
    <LBorderStyle>0</LBorderStyle>
    <VForeColor>255,255,255</VForeColor>
    <VBackColor>0,0,0</VBackColor>
    <VFontSize>14</VFontSize>
    <VBorderStyle>0</VBorderStyle>
    <AxisNotHomeColor>255,255,255</AxisNotHomeColor>
    <AxisSelectedColor>255,255,255</AxisSelectedColor>
  </CoordBox>
  <CoordBox>
    <Left>609</Left>
    <Top>160</Top>
    <Width>170</Width>
    <Height>145</Height>
    <Name>Coord_Absolute</Name>
    <FontSize>14</FontSize>
    <Alignment>0</Alignment>
    <BorderStyle>0</BorderStyle>
    <Depth>1</Depth>
    <ForeColor>0,255,0</ForeColor>
    <BackColor>0,0,0</BackColor>
	<PageSize>6</PageSize>
    <CoordType>2</CoordType>
    <LForeColor>0,255,0</LForeColor>
    <LBackColor>0,0,0</LBackColor>
    <LFontSize>14</LFontSize>
    <LBorderStyle>0</LBorderStyle>
    <VForeColor>255,255,255</VForeColor>
    <VBackColor>0,0,0</VBackColor>
    <VFontSize>14</VFontSize>
    <VBorderStyle>0</VBorderStyle>
    <AxisNotHomeColor>255,255,255</AxisNotHomeColor>
    <AxisSelectedColor>255,255,255</AxisSelectedColor>
  </CoordBox>
  <CoordBox>
    <Left>609</Left>
    <Top>315</Top>
    <Width>170</Width>
    <Height>145</Height>
    <Name>Coord_Relative</Name>
    <FontSize>14</FontSize>
    <Alignment>0</Alignment>
    <BorderStyle>0</BorderStyle>
    <Depth>0</Depth>
    <ForeColor>0,255,0</ForeColor>
    <BackColor>0,0,0</BackColor>
	<PageSize>6</PageSize>
    <CoordType>1</CoordType>
    <LForeColor>0,255,0</LForeColor>
    <LBackColor>0,0,0</LBackColor>
    <LFontSize>14</LFontSize>
    <LBorderStyle>0</LBorderStyle>
    <VForeColor>255,255,255</VForeColor>
    <VBackColor>0,0,0</VBackColor>
    <VFontSize>14</VFontSize>
    <VBorderStyle>0</VBorderStyle>
    <AxisNotHomeColor>255,255,255</AxisNotHomeColor>
    <AxisSelectedColor>255,255,255</AxisSelectedColor>
  </CoordBox>
  <Label>
    <Left>198</Left>
    <Top>45</Top>
    <Height>30</Height>
    <Width>25</Width>
    <Name>Lab_T</Name>
    <FontSize>14</FontSize>
    <Alignment>0</Alignment>
    <ForeColor>0,255,0</ForeColor>
    <BackColor>0,0,0</BackColor>
    <Caption>T</Caption>
    <Wrap>True</Wrap>
    <Depth>0</Depth>
  </Label>
  <Display>
    <Left>223</Left>
    <Top>45</Top>
    <Height>30</Height>
    <Width>30</Width>
    <Name>Dis_T</Name>
    <FontSize>14</FontSize>
    <ForeColor>255,255,255</ForeColor>
    <BackColor>0,0,0</BackColor>
    <DisplaySource>K2</DisplaySource>
    <Depth>0</Depth>
  </Display>
</Screen>