﻿<?xml version="1.0" encoding="UTF-8"?>
<!--Created by 'eHMI'version2.2.24-->
<!--BROWSER SIZE|H:600|W:800-->
<Screen>
  <Name>PosCoord</Name>
  <!-- for enable input line of this screen -->
  <Input>
	<Name>Inp_Temp</Name>
	<Left>0</Left>
	<Top>0</Top>
	<Width>1</Width>
	<Height>1</Height>
	<Alignment>0</Alignment>
	<BorderStyle>0</BorderStyle>
	<ForeColor>0,0,0</ForeColor>
	<BackColor>255,255,255</BackColor>
	<FontSize>12</FontSize>
	<InputFormat>String</InputFormat>
  </Input>
  <Panel>
    <Left>308</Left>
    <Top>360</Top>
    <Width>282</Width>
    <Height>72</Height>
    <Name>Panel2</Name>
    <BorderStyle>0</BorderStyle>
    <BackColor>0,0,0</BackColor>
    <Caption>
    </Caption>
    <Depth>37</Depth>
  </Panel>
  <Panel>
    <Left>0</Left>
    <Top>360</Top>
    <Width>307</Width>
    <Height>72</Height>
    <Name>Panel1</Name>
    <BorderStyle>0</BorderStyle>
    <BackColor>0,0,0</BackColor>
    <Caption>
    </Caption>
    <Depth>36</Depth>
  </Panel>
  <Label>
    <Left>61</Left>
    <Top>400</Top>
    <Height>29</Height>
    <Width>90</Width>
    <Name>Dis_Feedrate_1</Name>
    <FontSize>14</FontSize>
    <Alignment>1</Alignment>
    <ForeColor>255,255,255</ForeColor>
    <BackColor>0,0,0</BackColor>
    <Caption>0.000</Caption>
    <Depth>35</Depth>
  </Label>
  <Panel>
    <Left>0</Left>
    <Top>0</Top>
    <Width>590</Width>
    <Height>358</Height>
    <Name>Pan_BigPB</Name>
    <BorderStyle>0</BorderStyle>
    <BackColor>0,0,0</BackColor>
    <Caption>
    </Caption>
    <Depth>34</Depth>
  </Panel>
  <CoordBox>
    <Left>70</Left>
    <Top>5</Top>
    <Width>450</Width>
    <Height>350</Height>
    <Name>Coord_Machine1</Name>
    <FontSize>40</FontSize>
    <Alignment>0</Alignment>
    <ForeColor>0,255,0</ForeColor>
    <BackColor>0,0,0</BackColor>
    <PageSize>6</PageSize>
    <LForeColor>0,255,0</LForeColor>
    <LBackColor>0,0,0</LBackColor>
    <LFontSize>40</LFontSize>
    <LBorderStyle>0</LBorderStyle>
    <VForeColor>255,255,255</VForeColor>
    <VBackColor>0,0,0</VBackColor>
    <VFontSize>40</VFontSize>
    <VBorderStyle>0</VBorderStyle>
    <AxisNotHomeColor>255,255,255</AxisNotHomeColor>
    <AxisSelectedColor>255,255,255</AxisSelectedColor>
    <Depth>33</Depth>
  </CoordBox>
  <Panel>
    <Left>592</Left>
    <Top>0</Top>
    <Width>208</Width>
    <Height>470</Height>
    <Name>Pan_Normal</Name>
    <BorderStyle>0</BorderStyle>
    <BackColor>0,0,0</BackColor>
    <Caption>
    </Caption>
    <Depth>32</Depth>
  </Panel>
  <CoordBox>
    <Left>609</Left>
    <Top>5</Top>
    <Width>170</Width>
    <Height>145</Height>
    <Name>Coord_Relative1</Name>
    <FontSize>14</FontSize>
    <Alignment>0</Alignment>
    <ForeColor>0,255,0</ForeColor>
    <BackColor>0,0,0</BackColor>
    <PageSize>6</PageSize>
    <CoordType>1</CoordType>
    <LForeColor>0,255,0</LForeColor>
    <LBackColor>0,0,0</LBackColor>
    <LFontSize>14</LFontSize>
    <LBorderStyle>0</LBorderStyle>
    <VForeColor>255,255,255</VForeColor>
    <VBackColor>0,0,0</VBackColor>
    <VFontSize>14</VFontSize>
    <VBorderStyle>0</VBorderStyle>
    <AxisNotHomeColor>255,255,255</AxisNotHomeColor>
    <AxisSelectedColor>255,255,255</AxisSelectedColor>
    <Depth>31</Depth>
  </CoordBox>
  <CoordBox>
    <Left>609</Left>
    <Top>160</Top>
    <Width>170</Width>
    <Height>145</Height>
    <Name>Coord_Absolute1</Name>
    <FontSize>14</FontSize>
    <Alignment>0</Alignment>
    <ForeColor>0,255,0</ForeColor>
    <BackColor>0,0,0</BackColor>
    <PageSize>6</PageSize>
    <CoordType>2</CoordType>
    <LForeColor>0,255,0</LForeColor>
    <LBackColor>0,0,0</LBackColor>
    <LFontSize>14</LFontSize>
    <LBorderStyle>0</LBorderStyle>
    <VForeColor>255,255,255</VForeColor>
    <VBackColor>0,0,0</VBackColor>
    <VFontSize>14</VFontSize>
    <VBorderStyle>0</VBorderStyle>
    <AxisNotHomeColor>255,255,255</AxisNotHomeColor>
    <AxisSelectedColor>255,255,255</AxisSelectedColor>
    <Depth>29</Depth>
  </CoordBox>
  <CoordBox>
    <Left>609</Left>
    <Top>315</Top>
    <Width>170</Width>
    <Height>145</Height>
    <Name>Coord_Distance1</Name>
    <FontSize>14</FontSize>
    <Alignment>0</Alignment>
    <ForeColor>0,255,0</ForeColor>
    <BackColor>0,0,0</BackColor>
    <PageSize>6</PageSize>
    <CoordType>3</CoordType>
    <LForeColor>0,255,0</LForeColor>
    <LBackColor>0,0,0</LBackColor>
    <LFontSize>14</LFontSize>
    <LBorderStyle>0</LBorderStyle>
    <VForeColor>255,255,255</VForeColor>
    <VBackColor>0,0,0</VBackColor>
    <VFontSize>14</VFontSize>
    <VBorderStyle>0</VBorderStyle>
    <AxisNotHomeColor>255,255,255</AxisNotHomeColor>
    <AxisSelectedColor>255,255,255</AxisSelectedColor>
    <Depth>27</Depth>
  </CoordBox>
  <Label>
    <Left>10</Left>
    <Top>370</Top>
    <Height>50</Height>
    <Width>50</Width>
    <Name>Label1</Name>
    <FontSize>32</FontSize>
    <Alignment>0</Alignment>
    <ForeColor>0,255,0</ForeColor>
    <BackColor>0,0,0</BackColor>
    <Caption>F</Caption>
    <Depth>26</Depth>
  </Label>
  <Display>
    <Left>154</Left>
    <Top>400</Top>
    <Height>30</Height>
    <Name>Display2</Name>
    <FontSize>14</FontSize>
    <Alignment>0</Alignment>
    <ForeColor>0,255,0</ForeColor>
    <BackColor>0,0,0</BackColor>
    <DisplaySource>K13</DisplaySource>
    <ListItems>
      <Item ID="0">
        <Caption>mm/min</Caption>
      </Item>
      <Item ID="1">
        <Caption>in/min</Caption>
      </Item>
    </ListItems>
    <Depth>25</Depth>
  </Display>
  <Label>
    <Left>226</Left>
    <Top>400</Top>
    <Height>30</Height>
    <Width>74</Width>
    <Name>Label2</Name>
    <FontSize>14</FontSize>
    <ForeColor>0,255,0</ForeColor>
    <BackColor>0,0,0</BackColor>
    <Caption>STR::Browser::PosCoord::Caption::Label2::Actual</Caption>
    <Depth>24</Depth>
  </Label>
  <Display>
    <Left>154</Left>
    <Top>365</Top>
    <Height>30</Height>
    <Name>Display1</Name>
    <FontSize>14</FontSize>
    <Alignment>0</Alignment>
    <ForeColor>0,255,0</ForeColor>
    <BackColor>0,0,0</BackColor>
    <DisplaySource>K13</DisplaySource>
    <ListItems>
      <Item ID="0">
        <Caption>mm/min</Caption>
      </Item>
      <Item ID="1">
        <Caption>in/min</Caption>
      </Item>
    </ListItems>
    <Depth>23</Depth>
  </Display>
  <Display>
    <Left>226</Left>
    <Top>365</Top>
    <Height>30</Height>
    <Width>49</Width>
    <Name>Display3</Name>
    <FontSize>14</FontSize>
    <Alignment>1</Alignment>
    <ForeColor>255,255,255</ForeColor>
    <BackColor>0,0,0</BackColor>
    <DisplaySource>K19</DisplaySource>
    <Depth>22</Depth>
  </Display>
  <Label>
    <Left>275</Left>
    <Top>365</Top>
    <Height>30</Height>
    <Width>25</Width>
    <Name>Label3</Name>
    <FontSize>14</FontSize>
    <ForeColor>0,255,64</ForeColor>
    <BackColor>0,0,0</BackColor>
    <Caption>%</Caption>
    <Depth>21</Depth>
  </Label>
  <Label>
    <Left>515</Left>
    <Top>400</Top>
    <Height>30</Height>
    <Width>65</Width>
    <Name>Label4</Name>
    <FontSize>14</FontSize>
    <ForeColor>0,255,0</ForeColor>
    <BackColor>0,0,0</BackColor>
    <Caption>STR::Browser::PosCoord::Caption::Label2::Actual</Caption>
    <Depth>20</Depth>
  </Label>
  <Display>
    <Left>506</Left>
    <Top>365</Top>
    <Height>30</Height>
    <Width>49</Width>
    <Name>Display4</Name>
    <FontSize>14</FontSize>
    <Alignment>1</Alignment>
    <ForeColor>255,255,255</ForeColor>
    <BackColor>0,0,0</BackColor>
    <DisplaySource>K21</DisplaySource>
    <Depth>19</Depth>
  </Display>
  <Label>
    <Left>315</Left>
    <Top>370</Top>
    <Height>50</Height>
    <Width>50</Width>
    <Name>Label5</Name>
    <FontSize>32</FontSize>
    <Alignment>0</Alignment>
    <ForeColor>0,255,0</ForeColor>
    <BackColor>0,0,0</BackColor>
    <Caption>S</Caption>
    <Depth>18</Depth>
  </Label>
  <Label>
    <Left>459</Left>
    <Top>365</Top>
    <Height>30</Height>
    <Width>50</Width>
    <Name>Label7</Name>
    <FontSize>14</FontSize>
    <Alignment>0</Alignment>
    <ForeColor>0,255,0</ForeColor>
    <BackColor>0,0,0</BackColor>
    <Caption>RPM</Caption>
    <Depth>17</Depth>
  </Label>
  <Label>
    <Left>555</Left>
    <Top>365</Top>
    <Height>30</Height>
    <Width>25</Width>
    <Name>Label8</Name>
    <FontSize>14</FontSize>
    <ForeColor>0,255,64</ForeColor>
    <BackColor>0,0,0</BackColor>
    <Caption>%</Caption>
    <Depth>16</Depth>
  </Label>
  <Label>
    <Left>459</Left>
    <Top>400</Top>
    <Height>30</Height>
    <Width>50</Width>
    <Name>Label9</Name>
    <FontSize>14</FontSize>
    <Alignment>0</Alignment>
    <ForeColor>0,255,0</ForeColor>
    <BackColor>0,0,0</BackColor>
    <Caption>RPM</Caption>
    <Depth>15</Depth>
  </Label>
  <Label>
    <Left>366</Left>
    <Top>400</Top>
    <Height>30</Height>
    <Width>90</Width>
    <Name>Dis_Spindle_1</Name>
    <FontSize>14</FontSize>
    <Alignment>1</Alignment>
    <ForeColor>255,255,255</ForeColor>
    <BackColor>0,0,0</BackColor>
    <Caption>0.000</Caption>
    <Depth>14</Depth>
  </Label>
  <Panel>
    <Left>0</Left>
    <Top>433</Top>
    <Width>307</Width>
    <Height>38</Height>
    <Name>Panel3</Name>
    <BorderStyle>0</BorderStyle>
    <BackColor>0,0,0</BackColor>
    <Caption>
    </Caption>
    <Depth>13</Depth>
  </Panel>
  <Panel>
    <Left>308</Left>
    <Top>433</Top>
    <Width>282</Width>
    <Height>37</Height>
    <Name>Panel4</Name>
    <BorderStyle>0</BorderStyle>
    <BackColor>0,0,0</BackColor>
    <Caption>
    </Caption>
    <Depth>12</Depth>
  </Panel>
  <Display>
    <Left>420</Left>
    <Top>435</Top>
    <Height>30</Height>
    <Width>90</Width>
    <Name>Display6</Name>
    <FontSize>14</FontSize>
    <ForeColor>255,255,255</ForeColor>
    <BackColor>0,0,0</BackColor>
    <DisplaySource>R1000</DisplaySource>
    <Depth>11</Depth>
  </Display>
  <Label>
    <Left>510</Left>
    <Top>435</Top>
    <Height>30</Height>
    <Width>20</Width>
    <Name>Label6</Name>
    <FontSize>14</FontSize>
    <Alignment>0</Alignment>
    <ForeColor>0,255,0</ForeColor>
    <BackColor>0,0,0</BackColor>
    <Caption>T</Caption>
    <Depth>10</Depth>
  </Label>
  <Label>
    <Left>315</Left>
    <Top>435</Top>
    <Height>30</Height>
    <Width>110</Width>
    <Name>Label10</Name>
    <FontSize>14</FontSize>
    <Alignment>0</Alignment>
    <ForeColor>0,255,0</ForeColor>
    <BackColor>0,0,0</BackColor>
    <Caption>STR::Browser::PosCoord::Caption::Label10::PartCount</Caption>
    <Depth>9</Depth>
  </Label>
  <Label>
    <Left>10</Left>
    <Top>435</Top>
    <Height>30</Height>
    <Width>110</Width>
    <Name>Lab_WorkTime</Name>
    <FontSize>14</FontSize>
    <Alignment>0</Alignment>
    <ForeColor>0,255,0</ForeColor>
    <BackColor>0,0,0</BackColor>
    <Caption>STR::Browser::PosCoord::Caption::Lab_WorkTime::RunTime</Caption>
    <Wrap>True</Wrap>
    <Depth>8</Depth>
  </Label>
  <Label>
    <Left>131</Left>
    <Top>436</Top>
    <Height>30</Height>
    <Width>50</Width>
    <Name>Lab_HourValue</Name>
    <FontSize>14</FontSize>
    <ForeColor>255,255,255</ForeColor>
    <BackColor>0,0,0</BackColor>
    <Caption>
    </Caption>
    <Wrap>True</Wrap>
    <Depth>7</Depth>
  </Label>
  <Label>
    <Left>211</Left>
    <Top>436</Top>
    <Height>30</Height>
    <Width>30</Width>
    <Name>Lab_MinValue</Name>
    <FontSize>14</FontSize>
    <ForeColor>255,255,255</ForeColor>
    <BackColor>0,0,0</BackColor>
    <Caption>
    </Caption>
    <Wrap>True</Wrap>
    <Depth>6</Depth>
  </Label>
  <Label>
    <Left>269</Left>
    <Top>436</Top>
    <Height>30</Height>
    <Width>30</Width>
    <Name>Lab_SecValue</Name>
    <FontSize>14</FontSize>
    <ForeColor>255,255,255</ForeColor>
    <BackColor>0,0,0</BackColor>
    <Caption>
    </Caption>
    <Wrap>True</Wrap>
    <Depth>5</Depth>
  </Label>
  <Label>
    <Left>181</Left>
    <Top>436</Top>
    <Height>30</Height>
    <Width>30</Width>
    <Name>Lab_Semi1</Name>
    <FontSize>14</FontSize>
    <ForeColor>0,255,0</ForeColor>
    <BackColor>0,0,0</BackColor>
    <Caption>：</Caption>
    <Depth>4</Depth>
  </Label>
  <Label>
    <Left>240</Left>
    <Top>436</Top>
    <Height>30</Height>
    <Width>30</Width>
    <Name>Lab_Semi2</Name>
    <FontSize>14</FontSize>
    <ForeColor>0,255,0</ForeColor>
    <BackColor>0,0,0</BackColor>
    <Caption>：</Caption>
    <Depth>3</Depth>
  </Label>
  <Label>
    <Left>61</Left>
    <Top>365</Top>
    <Height>30</Height>
    <Width>90</Width>
    <Name>Lab_FeedrateCMD_1</Name>
    <FontSize>14</FontSize>
    <Alignment>1</Alignment>
    <ForeColor>255,255,255</ForeColor>
    <BackColor>0,0,0</BackColor>
    <Caption>
    </Caption>
    <Depth>2</Depth>
  </Label>
  <Label>
    <Left>366</Left>
    <Top>365</Top>
    <Height>30</Height>
    <Width>90</Width>
    <Name>Lab_SpindleCMD_1</Name>
    <FontSize>14</FontSize>
    <Alignment>1</Alignment>
    <ForeColor>255,255,255</ForeColor>
    <BackColor>0,0,0</BackColor>
    <Caption>
    </Caption>
    <Depth>1</Depth>
  </Label>
  <Label>
    <Left>530</Left>
    <Top>435</Top>
    <Height>30</Height>
    <Width>50</Width>
    <Name>Dis_T</Name>
    <FontSize>14</FontSize>
    <ForeColor>255,255,255</ForeColor>
    <BackColor>0,0,0</BackColor>
    <Caption>
    </Caption>
    <Depth>0</Depth>
  </Label>
  <!-- Feedrate Spindle layout -->
  <!-- Machine coordinate layout -->
  <!-- Relative coordinate layout -->
  <!-- Absolute coordinate layout -->
  <!-- Distance to Go coordinate layout -->
</Screen>