﻿<?xml version="1.0" encoding="utf-8"?>
<ResMap>
	<Message ID="AlarmMsg::Drv_M2_SYNTEC::ID=100h" Content="IGBT Overheat" />
	<Message ID="AlarmMsg::Drv_M2_SYNTEC::ID=101h" Content="Driver over load" />
	<Message ID="AlarmMsg::Drv_M2_SYNTEC::ID=110h" Content="Over voltage" />
	<Message ID="AlarmMsg::Drv_M2_SYNTEC::ID=111h" Content="Low voltage" />
	<Message ID="AlarmMsg::Drv_M2_SYNTEC::ID=112h" Content="Voltage saturation" />
	<Message ID="AlarmMsg::Drv_M2_SYNTEC::ID=120h" Content="Over current" />
	<Message ID="AlarmMsg::Drv_M2_SYNTEC::ID=121h" Content="Power module over current" />
	<Message ID="AlarmMsg::Drv_M2_SYNTEC::ID=122h" Content="Hall sensor error 1" />
	<Message ID="AlarmMsg::Drv_M2_SYNTEC::ID=123h" Content="Hall sensor error 2" />
	<Message ID="AlarmMsg::Drv_M2_SYNTEC::ID=130h" Content="Regenerative resistance error" />
	<Message ID="AlarmMsg::Drv_M2_SYNTEC::ID=131h" Content="FAN error" />
	<Message ID="AlarmMsg::Drv_M2_SYNTEC::ID=132h" Content="Control board error" />
	<Message ID="AlarmMsg::Drv_M2_SYNTEC::ID=133h" Content="Inverter Information Error" />
	<Message ID="AlarmMsg::Drv_M2_SYNTEC::ID=134h" Content="FRAM Operating Fail" />
	<Message ID="AlarmMsg::Drv_M2_SYNTEC::ID=135h" Content="DSP WatchDog reset" />
	<Message ID="AlarmMsg::Drv_M2_SYNTEC::ID=136h" Content="FRAM CRC Error" />
	<Message ID="AlarmMsg::Drv_M2_SYNTEC::ID=200h" Content="Motor Overheat" />
	<Message ID="AlarmMsg::Drv_M2_SYNTEC::ID=201h" Content="Over speed" />
	<Message ID="AlarmMsg::Drv_M2_SYNTEC::ID=202h" Content="Over load" />
	<Message ID="AlarmMsg::Drv_M2_SYNTEC::ID=203h" Content="Over torque 1" />
	<Message ID="AlarmMsg::Drv_M2_SYNTEC::ID=204h" Content="Over torque 2" />
	<Message ID="AlarmMsg::Drv_M2_SYNTEC::ID=210h" Content="Motor pole number error" />
	<Message ID="AlarmMsg::Drv_M2_SYNTEC::ID=230h" Content="Rotor Position Error" />
	<Message ID="AlarmMsg::Drv_M2_SYNTEC::ID=300h" Content="Encoder Halt Alarm" />
	<Message ID="AlarmMsg::Drv_M2_SYNTEC::ID=301h" Content="Encoder index error" />
	<Message ID="AlarmMsg::Drv_M2_SYNTEC::ID=302h" Content="Encoder direction error" />
	<Message ID="AlarmMsg::Drv_M2_SYNTEC::ID=303h" Content="Encoder resolution error" />
	<Message ID="AlarmMsg::Drv_M2_SYNTEC::ID=304h" Content="Encoder no feedback" />
	<Message ID="AlarmMsg::Drv_M2_SYNTEC::ID=305h" Content="Encoder pulse loss" />
	<Message ID="AlarmMsg::Drv_M2_SYNTEC::ID=306h" Content="Encoder Z Index Shift." />
	<Message ID="AlarmMsg::Drv_M2_SYNTEC::ID=307h" Content="Encoder Packet Successive Error" />
	<Message ID="AlarmMsg::Drv_M2_SYNTEC::ID=309h" Content="1st Serial Encoder Communication Type is Wrong" />
	<Message ID="AlarmMsg::Drv_M2_SYNTEC::ID=30Ah" Content="Encoder over speed" />
	<Message ID="AlarmMsg::Drv_M2_SYNTEC::ID=310h" Content="Encoder2 Halt Alarm" />
	<Message ID="AlarmMsg::Drv_M2_SYNTEC::ID=311h" Content="Encoder2 index error" />
	<Message ID="AlarmMsg::Drv_M2_SYNTEC::ID=312h" Content="Encoder2 direction error" />
	<Message ID="AlarmMsg::Drv_M2_SYNTEC::ID=313h" Content="Encoder2 resolution error" />
	<Message ID="AlarmMsg::Drv_M2_SYNTEC::ID=314h" Content="Encoder2 no feedback" />
	<Message ID="AlarmMsg::Drv_M2_SYNTEC::ID=315h" Content="Encoder2 pulse loss" />
	<Message ID="AlarmMsg::Drv_M2_SYNTEC::ID=316h" Content="Encoder2 Z Index Shift." />
	<Message ID="AlarmMsg::Drv_M2_SYNTEC::ID=317h" Content="Encoder2 Packet Successive Error" />
	<Message ID="AlarmMsg::Drv_M2_SYNTEC::ID=319h" Content="2nd Serial Encoder Communication Type is Wrong" />
	<Message ID="AlarmMsg::Drv_M2_SYNTEC::ID=31Ah" Content="Encoder2 over speed" />
	<Message ID="AlarmMsg::Drv_M2_SYNTEC::ID=31Eh" Content="Encoder 2 Battery Low Voltage Position Loss" />
	<Message ID="AlarmMsg::Drv_M2_SYNTEC::ID=31Fh" Content="Encoder 2 Battery Low Voltage Alarm" />
	<Message ID="AlarmMsg::Drv_M2_SYNTEC::ID=320h" Content="1st Feedback Syntec Encoder Internal KTY84 Over Temperature" />
	<Message ID="AlarmMsg::Drv_M2_SYNTEC::ID=321h" Content="1st Feedback Syntec Encoder External(1) KTY84 Over Temperature" />
	<Message ID="AlarmMsg::Drv_M2_SYNTEC::ID=322h" Content="1st Feedback Syntec Encoder External(2) KTY84 Over Temperature" />
	<Message ID="AlarmMsg::Drv_M2_SYNTEC::ID=324h" Content="2nd Feedback Syntec Encoder Internal KTY84 Over Temperature" />
	<Message ID="AlarmMsg::Drv_M2_SYNTEC::ID=325h" Content="2nd Feedback Syntec Encoder External(1) KTY84 Over Temperature" />
	<Message ID="AlarmMsg::Drv_M2_SYNTEC::ID=326h" Content="2nd Feedback Syntec Encoder External(2) KTY84 Over Temperature" />
	<Message ID="AlarmMsg::Drv_M2_SYNTEC::ID=328h" Content="Encoder Internal KTY84 Error" />
	<Message ID="AlarmMsg::Drv_M2_SYNTEC::ID=329h" Content="Encoder External(1) KTY84 is Unplugged" />
	<Message ID="AlarmMsg::Drv_M2_SYNTEC::ID=32Ah" Content="Encoder External(2) KTY84 is Unplugged" />
	<Message ID="AlarmMsg::Drv_M2_SYNTEC::ID=32Ch" Content="Encoder2 Internal KTY84 Error" />
	<Message ID="AlarmMsg::Drv_M2_SYNTEC::ID=32Dh" Content="Encoder2 External(1) KTY84 is Unplugged" />
	<Message ID="AlarmMsg::Drv_M2_SYNTEC::ID=32Eh" Content="Encoder2 External(2) KTY84 is Unplugged" />
	<Message ID="AlarmMsg::Drv_M2_SYNTEC::ID=330h" Content="Encoder1 Port Setting Error" />
	<Message ID="AlarmMsg::Drv_M2_SYNTEC::ID=331h" Content="Encoder2 Port Setting Error" />
	<Message ID="AlarmMsg::Drv_M2_SYNTEC::ID=332h" Content="Encoder1 not recognized" />
	<Message ID="AlarmMsg::Drv_M2_SYNTEC::ID=333h" Content="Encoder2 not recognized" />
	<Message ID="AlarmMsg::Drv_M2_SYNTEC::ID=334h" Content="Encoder 1 Download Parameters Fail" />
	<Message ID="AlarmMsg::Drv_M2_SYNTEC::ID=335h" Content="Encoder 2 Download Parameters Fail" />
	<Message ID="AlarmMsg::Drv_M2_SYNTEC::ID=336h" Content="1st Syntec Encoder Runs in Bootloader Mode" />
	<Message ID="AlarmMsg::Drv_M2_SYNTEC::ID=337h" Content="2nd Syntec Encoder Runs in Bootloader Mode" />
	<Message ID="AlarmMsg::Drv_M2_SYNTEC::ID=338h" Content="Encoder1 Parameter Saving Area Error" />
	<Message ID="AlarmMsg::Drv_M2_SYNTEC::ID=339h" Content="Encoder2 Parameter Saving Area Error" />
	<Message ID="AlarmMsg::Drv_M2_SYNTEC::ID=400h" Content="Identification error of induction motor parameter 1" />
	<Message ID="AlarmMsg::Drv_M2_SYNTEC::ID=401h" Content="Identification error of induction motor parameter 2" />
	<Message ID="AlarmMsg::Drv_M2_SYNTEC::ID=402h" Content="Current tuning error" />
	<Message ID="AlarmMsg::Drv_M2_SYNTEC::ID=410h" Content="Acceleration limit is too large" />
	<Message ID="AlarmMsg::Drv_M2_SYNTEC::ID=411h" Content="Initial value of inertia is set unsuitable" />
	<Message ID="AlarmMsg::Drv_M2_SYNTEC::ID=412h" Content="Inertia Tuning Startup Failure" />
	<Message ID="AlarmMsg::Drv_M2_SYNTEC::ID=413h" Content="Inertia Tuning Loading Too Large" />
	<Message ID="AlarmMsg::Drv_M2_SYNTEC::ID=414h" Content="Inertia Value Error" />
	<Message ID="AlarmMsg::Drv_M2_SYNTEC::ID=420h" Content="Encoder Offset Searching Failure" />
	<Message ID="AlarmMsg::Drv_M2_SYNTEC::ID=430h" Content="Syntec Encoder Calibration Stall Error" />
	<Message ID="AlarmMsg::Drv_M2_SYNTEC::ID=431h" Content="Syntec Encoder Pitch Compensation Error" />
	<Message ID="AlarmMsg::Drv_M2_SYNTEC::ID=440h" Content="Dead time calibrate initial failure" />
	<Message ID="AlarmMsg::Drv_M2_SYNTEC::ID=450h" Content="Linear Motor Sensor Test Fail" />
	<Message ID="AlarmMsg::Drv_M2_SYNTEC::ID=451h" Content="Linear Motor Magnetic Pitch Setting Error" />
	<Message ID="AlarmMsg::Drv_M2_SYNTEC::ID=500h" Content="Incorrect setting of operational curve for V/f control" />
	<Message ID="AlarmMsg::Drv_M2_SYNTEC::ID=501h" Content="V/f overcurrent fault" />
	<Message ID="AlarmMsg::Drv_M2_SYNTEC::ID=510h" Content="Spindle Posing Error" />
	<Message ID="AlarmMsg::Drv_M2_SYNTEC::ID=511h" Content="Spindle Deviation" />
	<Message ID="AlarmMsg::Drv_M2_SYNTEC::ID=520h" Content="Over position error between 1st and 2nd feedback" />
	<Message ID="AlarmMsg::Drv_M2_SYNTEC::ID=521h" Content="Following Error execute" />
	<Message ID="AlarmMsg::Drv_M2_SYNTEC::ID=522h" Content="Servo on command conflict" />
	<Message ID="AlarmMsg::Drv_M2_SYNTEC::ID=524h" Content="Serious Belt slip" />
	<Message ID="AlarmMsg::Drv_M2_SYNTEC::ID=52Fh" Content="Servo on timeout" />
	<Message ID="AlarmMsg::Drv_M2_SYNTEC::ID=530h" Content="Zero speed check fail" />
	<Message ID="AlarmMsg::Drv_M2_SYNTEC::ID=810h" Content="Encoder battery too low, data loss" />
	<Message ID="AlarmMsg::Drv_M2_SYNTEC::ID=830h" Content="Encoder battery too low" />
	<Message ID="AlarmMsg::Drv_M2_SYNTEC::ID=920h" Content="Servo on command conflict" />
	<Message ID="AlarmMsg::Drv_M2_SYNTEC::ID=928h" Content="Insufficient permissions" />
	<Message ID="AlarmMsg::Drv_M2_SYNTEC::ID=930h" Content="ABS Type Encoder 1 Battery Low Voltage" />
	<Message ID="AlarmMsg::Drv_M2_SYNTEC::ID=931h" Content="Encoder1 Voltage Warning" />
	<Message ID="AlarmMsg::Drv_M2_SYNTEC::ID=932h" Content="Encoder1 Noise Warning" />
	<Message ID="AlarmMsg::Drv_M2_SYNTEC::ID=935h" Content="ABS Type Encoder 2 Battery Low Voltage" />
	<Message ID="AlarmMsg::Drv_M2_SYNTEC::ID=936h" Content="Encoder2 Voltage Warning" />
	<Message ID="AlarmMsg::Drv_M2_SYNTEC::ID=937h" Content="Encoder2 Noise Warning" />
	<Message ID="AlarmMsg::Drv_M2_SYNTEC::ID=940h" Content="Parameter was modified in servo-on state" />
	<Message ID="AlarmMsg::Drv_M2_SYNTEC::ID=941h" Content="Motor stop method unsupported" />
	<Message ID="AlarmMsg::Drv_M2_SYNTEC::ID=980h" Content="Speed estimator error" />
	<Message ID="AlarmMsg::Drv_M2_SYNTEC::ID=981h" Content="Belt slip" />
	<Message ID="AlarmMsg::Drv_M2_SYNTEC::ID=990h" Content="Initialization fail when tuning" />
	<Message ID="AlarmMsg::Drv_M2_SYNTEC::ID=E30h" Content="Mechatrolink Position Command Error" />
	<Message ID="AlarmMsg::Drv_M2_SYNTEC::ID=E40h" Content="Mechatrolink Transmission Cycle Setting Error" />
	<Message ID="AlarmMsg::Drv_M2_SYNTEC::ID=E50h" Content="Mechatrolink Synchronization Error" />
	<Message ID="AlarmMsg::Drv_M2_SYNTEC::ID=F10h" Content="Power supply line open phase" />
</ResMap>
