﻿<?xml version="1.0" encoding="UTF-8"?>
<!--Std Setting-->
<MMIConfig>
	<!-- Following settings are for 'Scr_Param.cs' -->
	<ScrParam>
		<OCB_ParamSet>
			<ProgFontSize>20</ProgFontSize>
		</OCB_ParamSet>
	</ScrParam>
	<!-- Following settings are for 'Scr_Monitor.cs' -->
	<Scr_Monitor>
		<Scr_FileSel>
			<Filter>*.edit;*.demo;*.bj;*.anc;*.txt;*.pim;*.tap;*.prt;*.mpf;*.ptp;*.cnc;*.nc;*.mcd;*.mas;*.</Filter>
		</Scr_FileSel>
	</Scr_Monitor>
	<!-- Following settings are for 'Scr_FileMgr.cs' -->
	<Scr_FileMgr>
		<OB_FileList>
			<Filter>*.edit;*.demo;*.bj;*.anc;*.txt;*.pim;*.tap;*.prt;*.mpf;*.ptp;*.cnc;*.nc;*.mcd;*.mas;*.</Filter>
		</OB_FileList>
	</Scr_FileMgr>
	<ScrTxtEditor>
		<AutoSave>true</AutoSave>
		<KeywordType>5</KeywordType>
	</ScrTxtEditor>
	<Common>
		<Fenubar>
			<FontSize>11</FontSize>
			<Alignment></Alignment>
			<Button3D></Button3D>
			<Level3D></Level3D>
			<NoFunc></NoFunc>
			<NoLR></NoLR>
			<BigLR></BigLR>
			<TextOverPic></TextOverPic>
			<ForeColor></ForeColor>
			<BackColor></BackColor>
		</Fenubar>
		<AlarmShownMode>Popup</AlarmShownMode>
		<ScreenStretchType>Normal</ScreenStretchType>
		<PopupScreenPosType>Default</PopupScreenPosType>
		<Scr_PopupAlarm>
			<WindowSize>0</WindowSize>
			<FontSize>12</FontSize>
		</Scr_PopupAlarm>
		<ExtTxtFont>
			<FontName>MONACO</FontName>
			<FontFile>MONACO.ttf</FontFile>
		</ExtTxtFont>
	</Common>
	<CHT>
		<FontName>PMingLiU</FontName>
		<FontFile>mingliu.ac3</FontFile>
	</CHT>
	<FileList>
		<NameColLength>150</NameColLength>
		<MultiColLength>80</MultiColLength>
		<SizeColLength>120</SizeColLength>
		<TimeColLength>150</TimeColLength>
		<CommentColLength>380</CommentColLength>
		<Sorting>
			<Type>0</Type>
		</Sorting>
		<FontSize>12</FontSize>
		<isShowComment>TRUE</isShowComment>
	</FileList>
	<!-- Color Setting -->
	<CncLadder>
		<ForeColor>0,0,0</ForeColor>
		<BackColor>255,255,255</BackColor>
	</CncLadder>
	<ScrAlarm>
		<PendingForeColor>255,0,0</PendingForeColor>
		<ForeColor>255,255,255</ForeColor>
		<BackColor>0,0,0</BackColor>
	</ScrAlarm>
	<Scr_Monitor>
		<ForeColor>51,204,102</ForeColor>
		<BackColor>0,0,0</BackColor>
		<BarColor>255,255,0</BarColor>
	</Scr_Monitor>
	<Scr_MDI>
		<ForeColor>51,204,102</ForeColor>
		<BackColor>0,0,0</BackColor>
	</Scr_MDI>
	<ScrTxtEditor>
		<ForeColor>51,204,102</ForeColor>
		<BackColor>0,0,0</BackColor>
		<TitleForeColor>255,255,255</TitleForeColor>
		<TitleBackColor>0,0,0</TitleBackColor>
	</ScrTxtEditor>
	<Scr_FileMgr>
		<ForeColor>51,204,102</ForeColor>
		<BackColor>0,0,0</BackColor>
		<SelForeColor>0,0,255</SelForeColor>
		<SelBackColor>255,255,0</SelBackColor>
		<TitleForeColor>255,255,255</TitleForeColor>
		<TitleBackColor>0,0,0</TitleBackColor>
	</Scr_FileMgr>	
	<!-- PreLoad Setting -->
	<PosCoord>
		<isPreLoad>true</isPreLoad>
	</PosCoord>
	<WorkPiece>
		<isPreLoad>true</isPreLoad>
	</WorkPiece>
	<FeatureCoordinate>
		<isPreLoad>false</isPreLoad>
	</FeatureCoordinate>
	<AutoTool>
		<isPreLoad>true</isPreLoad>
	</AutoTool>
	<AutoCenter>
		<isPreLoad>true</isPreLoad>
	</AutoCenter>
	<TxtEditor>
		<isPreLoad>true</isPreLoad>
	</TxtEditor>
	<Simu>
		<isPreLoad>true</isPreLoad>
	</Simu>
	<SimuParam>
		<isPreLoad>true</isPreLoad>
	</SimuParam>
	<CycleMenu>
		<isPreLoad>true</isPreLoad>
	</CycleMenu>
	<CycleInput>
		<isPreLoad>true</isPreLoad>
	</CycleInput>
	<Monitor>
		<isPreLoad>true</isPreLoad>
	</Monitor>
	<MonSubData>
		<isPreLoad>true</isPreLoad>
	</MonSubData>
	<ToolMill>
		<isPreLoad>true</isPreLoad>
	</ToolMill>
	<ToolLathe>
		<isPreLoad>false</isPreLoad>
	</ToolLathe>
	<LatheWorkpieceShift>
		<isPreLoad>false</isPreLoad>
	</LatheWorkpieceShift>
	<MDI>
		<isPreLoad>true</isPreLoad>
	</MDI>
	<WorkRecord>
		<isPreLoad>true</isPreLoad>
	</WorkRecord>
	<FileSel>
		<isPreLoad>true</isPreLoad>
	</FileSel>
	<Alarm>
		<isPreLoad>false</isPreLoad>
	</Alarm>
	<Param>
		<isPreLoad>false</isPreLoad>
	</Param>
	<ClientConf>
		<isPreLoad>false</isPreLoad>
	</ClientConf>
	<ServerConf>
		<isPreLoad>false</isPreLoad>
	</ServerConf>
	<NetSet>
		<isPreLoad>false</isPreLoad>
	</NetSet>
	<HSHPParameter>
		<isPreLoad>false</isPreLoad>
	</HSHPParameter>
	<SerialTunning>
		<isPreLoad>true</isPreLoad>
	</SerialTunning>
	<Diagnostic>
		<isPreLoad>false</isPreLoad>
	</Diagnostic>
	<SystemInfo>
		<isPreLoad>false</isPreLoad>
	</SystemInfo>
	<DataAcq>
		<isPreLoad>false</isPreLoad>
	</DataAcq>
	<SetSysParam>
		<isPreLoad>false</isPreLoad>
	</SetSysParam>
	<History>
		<isPreLoad>false</isPreLoad>
	</History>
	<FileMgr>
		<isPreLoad>true</isPreLoad>
	</FileMgr>
	<ScrFilI_O>
		<isPreLoad>true</isPreLoad>
	</ScrFilI_O>
	<PopupAlarm>
		<isPreLoad>true</isPreLoad>
	</PopupAlarm>
	<ScrPopupMPG>
		<isPreLoad>true</isPreLoad>
	</ScrPopupMPG>
	<SyntecFileSystem>
		<isPreLoad>false</isPreLoad>
	</SyntecFileSystem>
	<Scr_CustomXML>
		<CycleDataBootReload>false</CycleDataBootReload>
	</Scr_CustomXML>
	<!-- Following settings are for My Favorite -->
	<Favorite>
		<main-6></main-6>
		<main-7></main-7>
		<main-8></main-8>
	</Favorite>	
	<FastKeyEnable>true</FastKeyEnable>
	<MoveSensitivity>3</MoveSensitivity>
</MMIConfig>
