<?xml version="1.0" encoding="utf-8" ?>
<ResMap>
	<Message ID="AlarmMsg::ROT::ID=1" Content="未完成絕對式原點設定"/>
	<Message ID="AlarmMsg::ROT::ID=2" Content="絕對式相關參數異動，請重開機並重設原點"/>
	<Message ID="AlarmMsg::ROT::ID=3" Content="不支援增量式電機"/>
	<Message ID="AlarmMsg::ROT::ID=4" Content="目標刀號超出範圍"/>
	<Message ID="AlarmMsg::ROT::ID=5" Content="驅動器局號不存在"/>
	<Message ID="AlarmMsg::ROT::ID=6" Content="ROT/系統軸/串列PLC軸之驅動器局號重複"/>
	<Message ID="AlarmMsg::ROT::ID=7" Content="R值暫存器位於系統保護區或為不可位元化"/>
	<Message ID="AlarmMsg::ROT::ID=8" Content="定位偏差過大"/>
	<Message ID="AlarmMsg::ROT::ID=9" Content="驅動器通訊異常"/>
	<Message ID="AlarmMsg::ROT::ID=10" Content="加減速時間設定過小"/>
	<Message ID="AlarmMsg::ROT::ID=11" Content="驅動器電源異常"/>
	<Message ID="AlarmMsg::ROT::ID=12" Content="不支援此驅動器類型"/>
</ResMap>
