<?xml version="1.0" encoding="utf-8" ?>
<ResMap>
	<Message ID="AlarmMsg::SERIALPLCAXIS::ID=1" Content="ROT/系統軸/串列PLC軸之驅動器局號重複"/>
	<Message ID="AlarmMsg::SERIALPLCAXIS::ID=2" Content="R值暫存器位於系統保護區或為不可位元化"/>
	<Message ID="AlarmMsg::SERIALPLCAXIS::ID=3" Content="加減速時間設定過小"/>
	<Message ID="AlarmMsg::SERIALPLCAXIS::ID=4" Content="檢查視窗設定錯誤"/>
	<Message ID="AlarmMsg::SERIALPLCAXIS::ID=5" Content="第一段尋原點速度設定過大"/>
	<Message ID="AlarmMsg::SERIALPLCAXIS::ID=6" Content="第二段尋原點速度設定過大"/>
	<Message ID="AlarmMsg::SERIALPLCAXIS::ID=7" Content="尋原點偏移量設定過大"/>
	<Message ID="AlarmMsg::SERIALPLCAXIS::ID=8" Content="絕對式電機不支援增量尋原點功能"/>
	<Message ID="AlarmMsg::SERIALPLCAXIS::ID=9" Content="未完成絕對式原點設定"/>
	<Message ID="AlarmMsg::SERIALPLCAXIS::ID=10" Content="絕對式相關參數異動，請重開機並重設原點"/>
	<Message ID="AlarmMsg::SERIALPLCAXIS::ID=11" Content="驅動器局號不存在"/>
	<Message ID="AlarmMsg::SERIALPLCAXIS::ID=12" Content="超過正向軟體行程極限"/>
	<Message ID="AlarmMsg::SERIALPLCAXIS::ID=13" Content="超過負向軟體行程極限"/>
	<Message ID="AlarmMsg::SERIALPLCAXIS::ID=14" Content="驅動器通訊異常"/>
	<Message ID="AlarmMsg::SERIALPLCAXIS::ID=16" Content="找不到原點索引訊號"/>
	<Message ID="AlarmMsg::SERIALPLCAXIS::ID=17" Content="尋原點零速檢查失敗"/>
	<Message ID="AlarmMsg::SERIALPLCAXIS::ID=18" Content="離不開原點開關"/>
	<Message ID="AlarmMsg::SERIALPLCAXIS::ID=19" Content="驅動器電源異常"/>
	<Message ID="AlarmMsg::SERIALPLCAXIS::ID=20" Content="不支援此驅動器類型"/>
	<Message ID="AlarmMsg::SERIALPLCAXIS::ID=21" Content="定位移動距離超過上限"/>
</ResMap>
