﻿<?xml version="1.0" encoding="UTF-8"?>
<ResMap>
  <Message ID="TCP::ConnectTo" Content="連線至" />
  <Message ID="TCP::KernelError" Content="核心錯誤" />
  <Message ID="TCP::KernelInitFalse" Content="無法連接至核心" />
  <Message ID="TCP::InternetError" Content="網路錯誤" />
  <Message ID="TCP::Retry" Content="重試" />
  <Message ID="TCP::Retrying" Content="重試中" />
  <Message ID="TCP::ErrorCode" Content="錯誤代碼" />
  <Message ID="TCP::RetryDelay1" Content="" />
  <Message ID="TCP::RetryDelay2" Content=" 秒鐘後重試" />
  <Message ID="TCP::Error::TimeOut" Content="逾時錯誤" />
  <Message ID="TCP::Error::TimeOut::Help" Content="網路超過逾時時間無回應，可能網路連線中斷。
請檢查你的網路設定是否正確、連線是否正常、控制器及網路伺服器是否開啟。" />
  <Message ID="TCP::Error::TimeOutDropped" Content="逾時錯誤，終止連線" />
  <Message ID="TCP::Error::TimeOutDropped::Help" Content="網路超過逾時時間無回應，被系統終止連線。
請檢查你的網路設定是否正確、連線是否正常、控制器及網路伺服器是否開啟。" />
  <Message ID="TCP::Error::ConnectionAborted" Content="連線失敗" />
  <Message ID="TCP::Error::ConnectionAborted::Help" Content="連線失敗。
請檢查你的網路設定是否正確、連線是否正常。" />
  <Message ID="TCP::Error::ConnectionReset" Content="連線重設" />
  <Message ID="TCP::Error::ConnectionReset::Help" Content="連線重設，可能是網路連線突然中斷。
請檢查你的網路連線是否正常。" />
  <Message ID="TCP::Error::HostUnreachable" Content="無法連線至主機" />
  <Message ID="TCP::Error::HostUnreachable::Help" Content="無法連線至遠端主機。
請檢查你的網路連線是否正常。" />
  <Message ID="TCP::Error::NetUnreachable" Content="無法連線至網路" />
  <Message ID="TCP::Error::NetUnreachable::Help" Content="無法連線至遠端網路。
請檢查網路連線是否正常。" />
  <Message ID="TCP::Hint::DockFail" Content="進行對接連線失敗，無法取得對接控制器伺服器。" />
  <Message ID="TCP::Hint::FindFailMsg" Content="無法找到上次設定的控制器伺服器序號" />
  <Message ID="TCP::Hint::FindAnotherCnc" Content="，但目前網域上僅存在一台控制器伺服器。" />
  <Message ID="TCP::Hint::IPConnectFail" Content="無法在指定的IP上找到控制器伺服器。" />
  <Message ID="TCP::Hint::UserCancelAutoConnet" Content="使用者取消自動連線。" />
  <Message ID="TCP::Hint::SearchTimeout" Content="無法於時間內找到任何控制器伺服器。" />
  <Message ID="TCP::Hint::DelayTimeFail" Content="指定的延長時間異常。" />
</ResMap>