﻿<?xml version="1.0" encoding="utf-8"?>
<root>
	<NoLR>True</NoLR>
	<Button3D>True</Button3D>
	<Level3D>4</Level3D>
	<NoFunc>True</NoFunc>
	<Alignment>4</Alignment>
	<fenu name="main">
		<button>
			<action>ShowMenuMachine</action>
			<position>1</position>
			<title>Str::Fenu::Main::MenuMachine</title>
			<state>enable</state>
			<link>Machine</link>
		</button>
		<button>
			<action>ShowMenuProgram</action>
			<position>2</position>
			<title>Str::Fenu::Main::MenuProgram</title>
			<state>enable</state>
		</button>
		<button>
			<actions>
				<action>ShowMenuWorkPieceCordWithoutFenu</action>
				<action>PutMainTitle_STR::Fenu::Main::MenuOffsetSetting</action>
			</actions>
			<position>3</position>
			<title>Str::Fenu::Main::MenuOffsetSetting</title>
			<state>enable</state>
		</button>
		<button>
			<action>ShowMenuRun</action>
			<position>4</position>
			<title>Str::Fenu::Main::MenuRun</title>
			<state>enable</state>
		</button>
		<button>
			<position>5</position>
			<title>Str::Fenu::Main::MenuMaintain</title>
			<state>enable</state>
			<action>ShowMenuAlarm</action>
			<link>Maintain</link>
		</button>
		<next>
			<link>mainnext</link>
			<state>enable</state>
		</next>
	</fenu>
	<fenu name="mainnext">
		<button>
			<action>ShowMenuDiagnostic</action>
			<position>1</position>
			<title>Str::Fenu::Main::MenuDiagnostic</title>
			<state>enable</state>
			<link>Diagnostic</link>
		</button>
		<button>
			<position>2</position>
			<title>Str::Fenu::Main::MenuParameter</title>
			<state>enable</state>
			<actions>
				<action>ShowMenuParameter</action>
				<action>CUSTOMFenu_Parameter</action>
			</actions>
		</button>
		<button>
			<position>3</position>
			<title>Str::Fenu::Main::MenuSystem</title>
			<state>enable</state>
			<pwd>
				<value>520</value>
				<cor>
					<actions>
						<action>FenuLinkTo_System</action>
					</actions>
				</cor>
			</pwd>
		</button>
		<next>
			<link>mainnext2</link>
			<state>disable</state>
		</next>
	</fenu>
	<fenu name="System">
		<escape>
			<action>ShowMenuMain</action>
			<link>mainnext</link>
		</escape>
		<button>
			<position>4</position>
			<title>Str::Fenu::System::SystemPermissions</title>
			<state>enable</state>
			<actions>
				<action>DoViewSystemInfo</action>
				<action>PutMainTitle_STR::Fenu::System::SystemPermissions</action>
			</actions>
			<link>Permissions</link>
		</button>
		<button name="SystemManager">
			<title>Str::Fenu::Diagnostic::SysAdmin</title>
			<position>5</position>
			<state>enable</state>
			<action>DoSysAdmin</action>
			<link>DisagnosticSysAdmin</link>
		</button>
	</fenu>
	<fenu name="Permissions">
		<button>
			<title>Str::Fenu::SystemInfo::SetSerial</title>
			<position>1</position>
			<state>enable</state>
			<action>DoSetSerial</action>
		</button>
		<button>
			<title>Str::Fenu::Parameter::SetUseTime</title>
			<position>2</position>
			<state>enable</state>
			<action>DoSetUseTime</action>
			<link>UseTimePassword</link>
		</button>
		<button>
			<title>Str::Fenu::SystemInfo::SetOption</title>
			<position>3</position>
			<state>enable</state>
			<action>DoSetOption</action>
		</button>
		<button>
			<title>Str::Fenu::SystemInfo::SetRestore</title>
			<position>4</position>
			<state>enable</state>
			<action>DoSetRestore</action>
		</button>
	</fenu>
	<fenu name="Maintain">
		<escape>
			<action>ShowMenuMachine</action>
			<link>main</link>
			<state>enable</state>
		</escape>
		<button>
			<position>1</position>
			<title>Str::Fenu::Main::MenuAlarm</title>
			<state>enable</state>
			<action>ShowMenuAlarm</action>
			<link>Alarm</link>
		</button>
		<button>
			<position>2</position>
			<title>Str::Fenu::Parameter::NetworkSet</title>
			<state>enable</state>
			<link>NetworkSetFenu</link>
			<action>DoNetworkSet</action>
		</button>
		<button>
			<position>3</position>
			<title>Str::Fenu::Main::MenuFastDiagnostic</title>
			<state>enable</state>
			<actions>
				<action>ShowMenuDiagnostic</action>
				<action>DoShowFastSysData</action>
				<action>PutMainTitle_STR::Fenu::Main::MenuFastDiagnostic</action>
			</actions>
			<link>FastDiagnostic</link>
		</button>
		<button>
   			<title>Str::Fenu::Parameter::ShowPLCRBit</title>
	        <position>4</position>
			<state>enable</state>
			<actions>
				<action>ShowMenuParameter</action>
				<action>DoShowPLCRbit</action>
				<action>PutMainTitle_STR::Fenu::Main::MenuOffsetSetting</action>
			</actions>
	    </button>
		<button>
			<title>Str::Fenu::Parameter::SystemSet</title>
			<position>5</position>
			<state>enable</state>
			<actions>
				<action>ShowMenuParameter</action>
				<action>DoSystemSet</action>
			</actions>
		</button>
		<next>
			<link>MaintainNext</link>
			<state>enable</state>
		</next>
	</fenu>
	<fenu name="MaintainNext">
		<button>
			<title>STR::Fenu::DiagnosticSysAdmin::BackSys</title>
			<position>1</position>
			<action>DoShowBackupTips</action>
			<link>BackupTips</link>
		</button>
		<button name="DoAbout">
			<action>DoAbout</action>
			<position>5</position>
			<title>Str::Fenu::Main::About</title>
			<state>enable</state>
			<link>About</link>
		</button>
	</fenu>
	<fenu name="FastDiagnostic">
		<button>
			<position>1</position>
			<title>Str::Fenu::FastDiagnostic::FastSysData</title>
			<state>enable</state>
			<action>DoShowFastSysData</action>
		</button>
		<button>
			<position>2</position>
			<title>Str::Fenu::FastDiagnostic::FastAxiesData</title>
			<state>enable</state>
			<action>DoShowFastAxiesData</action>
		</button>
	</fenu>
	<fenu name="NetworkSetFenu">
		<escape>
			<action>DoNetworkSet</action>
			<state>enable</state>
		</escape>
		<button>
			<action>DoNetInputOk</action>
			<position>1</position>
			<title>Str::Fenu::Parameter::NetworkInputOK</title>
			<state>enable</state>
			<link>NetworkSet</link>
		</button>
		<button>
			<action>DoNetworkSet</action>
			<position>2</position>
			<title>Str::Fenu::Parameter::NetworkInputCancel</title>
			<state>enable</state>
			<link>NetworkSet</link>
		</button>
		<button name="KernelServSet">
			<title>STR::Fenu::Parameter::KernelSerSet</title>
			<position>5</position>
			<state>enable</state>
			<action>DoConnectKernelServer</action>
			<link>KernelServSet</link>
			<visible>True</visible>
		</button>
	</fenu>
	<fenu name="mainnext2">
		<button>
			<action>CycleStart</action>
			<position>1</position>
			<title>Str::Fenu::MainNext::CycleStart</title>
			<state>enable</state>
		</button>
		<button>
			<action>Reset</action>
			<position>2</position>
			<title>Str::Fenu::MainNext::Reset</title>
			<state>enable</state>
		</button>
		<button>
			<action>DoEnd</action>
			<position>3</position>
			<title>Str::Fenu::Main::End</title>
			<state>enable</state>
		</button>
	</fenu>
	<fenu name="Offset_GlassGrind">
		<escape>
			<action>ShowMenuMachine</action>
			<link>main</link>
			<state>enable</state>
		</escape>
		<button name="WorkPiece">
			<title>Str::Fenu::Machine::SetWorkPieceCord</title>
			<position>1</position>
			<state>enable</state>
			<link>MenuWorkPieceCord</link>
			<actions>
				<action>ShowMenuWorkPieceCord</action>
				<action>PutMainTitle_STR::Fenu::Main::MenuOffsetSetting</action>
			</actions>
		</button>
		<button>
			<title>Str::Fenu::Run::MenuToolSet</title>
			<position>2</position>
			<state>enable</state>
			<actions>
				<action>ShowMenuToolSet</action>
				<action>PutMainTitle_STR::Fenu::Main::MenuOffsetSetting</action>
			</actions>
		</button>
		<button name="AutoTool">
			<action>DoAutoTool</action>
			<position>3</position>
			<title>Str::Fenu::Machine::AutoTool</title>
			<link>AutoTool</link>
			<state>enable</state>
		</button>
		<button>
			<title>Str::Fenu::Parameter::ShowEndUser</title>
			<position>4</position>
			<state>enable</state>
			<actions>
				<action>ShowMenuParameter</action>
				<action>DoShowEndUser</action>
				<action>PutMainTitle_STR::Fenu::Main::MenuOffsetSetting</action>
			</actions>
		</button>
	    <button name="SingleSideComp">
			<title>STR::Fenu::Offset_Mill::SingleSideComp</title>
			<position>5</position>
			<state>enable</state>
			<action>CUSTOMXML_SingleSideComp.xml</action>
		</button>
	</fenu>
	<fenu name="About">
		<escape>
			<action>DoExitAbout</action>
		</escape>
		<button>
			<action>DoExitAbout</action>
			<position>1</position>
			<title>Str::Fenu::About::OK</title>
			<state>enable</state>
			<link>Maintain</link>
		</button>
	</fenu>
	<fenu name="MessageBox">
		<escape>
			<action>ExitMessageBox</action>
		</escape>
	</fenu>
	<fenu name="BreakpointSearchBox">
		<escape>
			<action>ExitBreakpointSearchBox</action>
		</escape>
	</fenu>
	<fenu name="FenuSpace">
		<escape>
			<action>ExitFenuSpace</action>
		</escape>
	</fenu>
	<fenu name="Machine">
		<escape>
			<link>main</link>
		</escape>
		<button>
			<title>Str::Fenu::Machine::CoordinateSwitch</title>
			<position>1</position>
			<state>enable</state>
			<action>DoCoordinateSwitch</action>
		</button>
		<button>
			<title>Str::Fenu::Machine::HalfCoordiante</title>
			<position>2</position>
			<state>enable</state>
			<action>DoHalfCoordiante</action>
		</button>
		<button>
			<action>DoClearCoordinate</action>
			<position>3</position>
			<title>Str::Fenu::Machine::ClearCoordinate</title>
			<state>enable</state>
		</button>
		<button>
			<action>DoClearAllCoordinate</action>
			<position>4</position>
			<title>Str::Fenu::Machine::ClearAllCoordinate</title>
			<state>enable</state>
		</button>
	</fenu>
	<fenu name="ClearCoord">
		<button>
			<action>DoClearCoordinate</action>
			<position>1</position>
			<title>Str::Fenu::Machine::ClearCoordinate</title>
			<state>enable</state>
		</button>
		<button>
			<action>DoClearAllCoordinate</action>
			<position>2</position>
			<title>Str::Fenu::Machine::ClearAllCoordinate</title>
			<state>enable</state>
		</button>
	</fenu>
	<fenu name="PopupMsg">
		<escape>
			<action>ExitPopupMsg</action>
		</escape>
		<button>
			<title>Str::MMI::Common::BtnOK</title>
			<position>1</position>
			<state>enable</state>
			<visible>True</visible>
			<action>PopupMsgOk</action>
		</button>
	</fenu>
	<fenu name="OK">
		<button>
			<title>Str::MMI::Common::BtnOK</title>
			<position>1</position>
			<state>enable</state>
			<visible>True</visible>
			<forecolor>0,0,0</forecolor>
		</button>
	</fenu>
	<fenu name="YesNo">
		<button>
			<title>Str::MMI::Common::BtnYes</title>
			<position>1</position>
			<state>enable</state>
			<visible>True</visible>
			<forecolor>0,0,0</forecolor>
		</button>
		<button>
			<title>Str::MMI::Common::BtnNo</title>
			<position>2</position>
			<state>enable</state>
			<visible>True</visible>
			<forecolor>0,0,0</forecolor>
		</button>
	</fenu>
	<fenu name="OkCancel">
		<button>
			<title>Str::MMI::Common::BtnOK</title>
			<position>1</position>
			<state>enable</state>
			<visible>True</visible>
			<forecolor>0,0,0</forecolor>
		</button>
		<button>
			<title>Str::MMI::Common::BtnCancel</title>
			<position>2</position>
			<state>enable</state>
			<visible>True</visible>
			<forecolor>0,0,0</forecolor>
		</button>
	</fenu>
	<fenu name="ExitPopup">
		<escape>
			<action>DoExitPopup</action>
		</escape>
		<button>
			<title>Str::Fenu::CycleOKCancel::OK</title>
			<position>1</position>
			<state>enable</state>
			<action>DoExitPopup;FenuLinkTo_..</action>
			<visible>True</visible>
		</button>
	</fenu>
	<fenu name="MenuWorkPieceCord">
		<button name="LatchMachCord">
			<title>Str::Fenu::Machine::LatchMachCord</title>
			<position>1</position>
			<state>enable</state>
			<action>LatchMachCordCheck</action>
			<visible>True</visible>
		</button>
		<button name="LatchRelCord">
			<title>Str::Fenu::Machine::LatchRelCord</title>
			<position>2</position>
			<state>enable</state>
			<action>LatchRelCordCheck</action>
			<visible>True</visible>
		</button>
		<button name="LatchAuxCord">
			<title>Str::Fenu::Machine::LatchAuxCord</title>
			<position>3</position>
			<state>enable</state>
			<action>LatchAuxCordCheck</action>
			<visible>True</visible>
		</button>
		<button name="CoordIncInput">
			<title>Str::Fenu::Machine::CoordIncInput</title>
			<position>4</position>
			<state>enable</state>
			<action>CoordIncInputCheck</action>
			<visible>True</visible>
		</button>
		<button name="AutoCenter">
			<title>Str::Fenu::Machine::AutoCenter</title>
			<position>5</position>
			<state>enable</state>
			<action>DoAutoCenter</action>
			<visible>True</visible>
		</button>
	</fenu>
	<fenu name="AutoTool">
		<escape>
			<action>DoExitAutoTool</action>
		</escape>
		<button>
			<action>DoAutoToolStart</action>
			<position>1</position>
			<title>Str::Fenu::AutoTool::Start</title>
			<state>enable</state>
		</button>
		<button>
			<action>DoAutoToolFeedHold</action>
			<position>2</position>
			<title>Str::Fenu::AutoTool::FeedHold</title>
			<state>enable</state>
		</button>
		<button>
			<action>DoZDeltaSet</action>
			<position>3</position>
			<title>Str::Fenu::AutoTool::ZDeltaSet</title>
			<state>enable</state>
		</button>
		<button>
			<pwd>
				<value>520</value>
				<cor>
					<action>DoXYRefTeach</action>
				</cor>
			</pwd>
			<position>5</position>
			<title>Str::Fenu::AutoTool::XYRefTeach</title>
			<state>enable</state>
		</button>
		<next>
			<link>AutoToolNext</link>
			<state>enable</state>
		</next>
	</fenu>
	<fenu name="AutoToolNext">
		<button>
			<action>DoZMachTeach</action>
			<position>1</position>
			<title>Str::Fenu::AutoTool::ZMachTeach</title>
			<state>enable</state>
		</button>
	</fenu>
	<fenu name="ManualCenter">
		<escape>
			<action>DoExitManualCenter</action>
		</escape>
		<button>
			<action>DoTeachPx1</action>
			<position>1</position>
			<title>Str::Fenu::ManualCenterPx1</title>
			<state>enable</state>
		</button>
		<button>
			<action>DoTeachPx2</action>
			<position>2</position>
			<title>Str::Fenu::ManualCenterPx2</title>
			<state>enable</state>
		</button>
		<button>
			<action>DoTeachPy1</action>
			<position>3</position>
			<title>Str::Fenu::ManualCenterPy1</title>
			<state>enable</state>
		</button>
		<button>
			<action>DoTeachPy2</action>
			<position>4</position>
			<title>Str::Fenu::ManualCenterPy2</title>
			<state>enable</state>
		</button>
	</fenu>
	<fenu name="ThreePtsCenter">
		<escape>
			<state></state>
			<link>MenuWorkPieceCord</link>
			<action>DoExit3PtsCenter</action>
			<visible>True</visible>
		</escape>
		<button>
			<title>Str::Fenu::3PtsCenterP1</title>
			<position>1</position>
			<state>enable</state>
			<action>DoTeach3PtsP1</action>
			<visible>True</visible>
		</button>
		<button>
			<title>Str::Fenu::3PtsCenterP2</title>
			<position>2</position>
			<state>enable</state>
			<action>DoTeach3PtsP2</action>
			<visible>True</visible>
		</button>
		<button>
			<title>Str::Fenu::3PtsCenterP3</title>
			<position>3</position>
			<state>enable</state>
			<action>DoTeach3PtsP3</action>
			<visible>True</visible>
		</button>
		<button>
			<title>Str::Fenu::3PtsCenterResult</title>
			<position>4</position>
			<state>enable</state>
			<action>Do3PtsCenterResult</action>
			<visible>True</visible>
		</button>
	</fenu>
	<fenu name="AutoCenter">
		<escape>
			<action>DoExitAutoCenter</action>
		</escape>
		<button>
			<action>DoAutoCenterStart</action>
			<position>1</position>
			<title>Str::Fenu::AutoCenterStart</title>
			<state>enable</state>
		</button>
		<button>
			<action>DoAutoCenterFeedHold</action>
			<position>2</position>
			<title>Str::Fenu::AutoCenterFeedHold</title>
			<state>enable</state>
		</button>
		<button>
			<action>DoZSafeHeightTeach</action>
			<position>5</position>
			<title>Str::Fenu::ZSafeHeightTeach</title>
			<state>enable</state>
		</button>
	</fenu>
	<fenu name="CycleInputOk">
		<escape>
			<action>ExitCycleInput</action>
		</escape>
		<button>
			<action>ScrCanCycle_DoInputOk</action>
			<position>1</position>
			<title>Str::Fenu::Program::InputOk</title>
			<state>enable</state>
		</button>
	</fenu>
	<fenu name="Cycle">
		<button name="InsertCycle">
			<title>STR::Fenu::MultiProgram::InsertCycle</title>
			<position>1</position>
			<state>enable</state>
			<action>DoInsertCycle</action>
			<link>FenuSpace</link>
			<visible>True</visible>
		</button>
		<button name="EditCycle">
			<title>STR::Fenu::MultiProgram::Edit Cycle</title>
			<position>2</position>
			<state>enable</state>
			<action>DoEditCycle</action>
			<visible>True</visible>
		</button>
	</fenu>
	<fenu name="Program_Mill">
		<escape>
			<action>ShowMenuMain</action>
			<link>main</link>
		</escape>
		<button name="InsertCycle">
			<action>DoInsertCycle</action>
			<position>1</position>
			<title>Str::Fenu::Program::InsertCycle</title>
			<state>enable</state>
			<link>FenuSpace</link>
		</button>
		<button name="DeleteLine">
			<action>DoDeleteLine</action>
			<position>2</position>
			<title>Str::Fenu::Program::DeleteLine</title>
			<state>enable</state>
		</button>
		<button name="EditCycle">
			<action>DoEditCycle</action>
			<position>3</position>
			<title>Str::Fenu::Program::EditCycle</title>
			<state>enable</state>
		</button>
		<button name="MenuEdit">
			<action>ShowMenuEdit</action>
			<position>5</position>
			<title>Str::Fenu::Program::MenuEdit</title>
			<state>enable</state>
			<link>ProgramEdit</link>
		</button>
		<next>
			<link>ProgramNext_Mill</link>
			<state>enable</state>
		</next>
	</fenu>
	<fenu name="Program_GlassGrind">
		<escape>
			<action>ShowMenuMain</action>
			<link>main</link>
		</escape>
		<button name="InsertCycle">
			<action>DoInsertCycle</action>
			<position>1</position>
			<title>Str::Fenu::Program::InsertCycle</title>
			<state>enable</state>
			<link>FenuSpace</link>
		</button>
		<button name="DeleteLine">
			<action>DoDeleteLine</action>
			<position>2</position>
			<title>Str::Fenu::Program::DeleteLine</title>
			<state>enable</state>
		</button>
		<button name="EditCycle">
			<action>DoEditCycle</action>
			<position>3</position>
			<title>Str::Fenu::Program::EditCycle</title>
			<state>enable</state>
		</button>
		<button name="MenuEdit">
			<action>ShowMenuEdit</action>
			<position>5</position>
			<title>Str::Fenu::Program::MenuEdit</title>
			<state>enable</state>
			<link>ProgramEdit</link>
		</button>
		<next>
			<link>ProgramNext_Mill</link>
			<state>enable</state>
		</next>
	</fenu>
	<fenu name="ProgramNext_Lathe">
		<escape>
			<status>enable</status>
			<link>Program_Lathe</link>
		</escape>
		<button>
			<title>Str::Fenu::Program::Cycle</title>
			<position>1</position>
			<state>enable</state>
			<link>Cycle</link>
			<visible>True</visible>
		</button>
		<button>
			<action>ShowBlockMenu</action>
			<position>2</position>
			<title>Str::Fenu::ProgramEdit::BlockMenu</title>
			<state>enable</state>
			<link>BlockEdit</link>
		</button>
		<button name="MenuTeach">
			<action>ShowMenuTeach</action>
			<position>3</position>
			<title>Str::Fenu::Program::MenuTeach</title>
			<state>enable</state>
			<link>ProgramTeach</link>
		</button>
		<button>
			<title>Str::Fenu::ProgramEdit::GotoLine</title>
			<position>4</position>
			<state>enable</state>
			<action>DoGotoLine</action>
			<visible>True</visible>
		</button>
	</fenu>
	<fenu name="ProgramNext_Mill">
		<button name="MenuTeach">
			<action>ShowMenuTeach</action>
			<position>1</position>
			<title>Str::Fenu::Program::MenuTeach</title>
			<state>enable</state>
			<link>ProgramTeach</link>
		</button>
		<button name="MenuSimulation">
			<action>ShowMenuSimulation</action>
			<position>2</position>
			<title>Str::Fenu::Program::MenuSimulation</title>
			<state>enable</state>
			<link>ProgramSimulation</link>
		</button>
		<button name="ProgramFileManager">
			<action>ShowProgramFileMang</action>
			<position>3</position>
			<title>Str::Fenu::Program::ProgramFileMang</title>
			<state>enable</state>
			<link>ProgramFileMang_Mill</link>
		</button>
	</fenu>
	<fenu name="Program_Lathe">
		<escape>
			<action>ShowMenuMachine</action>
			<link>main</link>
			<state>enable</state>
		</escape>
		<next>
			<link>ProgramNext_Lathe</link>
			<state>enable</state>
		</next>
		<button name="Prog_ToRun">
			<title>Str::Fenu::ProgramFileManager::ToMainProgAndRun</title>
			<position>1</position>
			<state>enable</state>
			<action>AssignEditFileToMainProg</action>
			<visible>True</visible>
		</button>
		<button name="DeleteLine">
			<title>Str::Fenu::Program::DeleteLine</title>
			<position>2</position>
			<state>enable</state>
			<action>DoDeleteLine</action>
			<visible>True</visible>
		</button>
		<button>
			<action>ShowMenuReplace</action>
			<position>3</position>
			<title>Str::Fenu::ProgramEdit::MenuSearchReplace</title>
			<state>enable</state>
			<link>ProgramReplace</link>
		</button>		
		<button name="ProgramFileManager">
			<action>ShowProgramFileMang</action>
			<position>4</position>
			<title>Str::Fenu::Program::ProgramFileMang</title>
			<state>enable</state>
			<link>ProgramFileMang_Lathe</link>
		</button>
		<button name="MenuSimulation">
			<action>ShowMenuSimulation</action>
			<position>5</position>
			<title>Str::Fenu::Program::MenuSimulation</title>
			<state>enable</state>
			<link>ProgramSimulation</link>
		</button>
	</fenu>
	<fenu name="CycleOKCancel">
		<button>
			<action>DoCycleOk</action>
			<position>1</position>
			<title>Str::Fenu::CycleOKCancel::OK</title>
			<state>enable</state>
		</button>
		<button>
			<action>DoCycleCancel</action>
			<position>2</position>
			<title>Str::Fenu::CycleOKCancel::Cancel</title>
			<state>enable</state>
		</button>
	</fenu>
	<fenu name="ProgramEdit">
		<escape>
			<action>ExitSubEdit</action>
		</escape>
		<button>
			<action>ShowMenuFind</action>
			<position>1</position>
			<title>Str::Fenu::ProgramEdit::MenuFind</title>
			<state>enable</state>
			<link>ProgramFind</link>
		</button>
		<button>
			<action>ShowMenuReplace</action>
			<position>2</position>
			<title>Str::Fenu::ProgramEdit::MenuReplace</title>
			<state>enable</state>
			<link>ProgramReplace</link>
		</button>
		<button>
			<action>DoGotoLine</action>
			<position>3</position>
			<title>Str::Fenu::ProgramEdit::GotoLine</title>
			<state>enable</state>
		</button>
		<button>
			<action>DoCopy</action>
			<position>4</position>
			<title>Str::Fenu::ProgramEdit::CopyLine</title>
			<state>enable</state>
		</button>
		<button>
			<action>DoInsertLine</action>
			<position>5</position>
			<title>Str::Fenu::ProgramEdit::InsertLine</title>
			<state>enable</state>
		</button>
		<next>
			<link>ProgramEditnext</link>
			<state>enable</state>
		</next>
	</fenu>	
	<fenu name="ProgramEditnext">
		<escape>
			<action>ExitSubEdit</action>
		</escape>
		<button>
			<action>ShowBlockMenu</action>
			<position>1</position>
			<title>Str::Fenu::ProgramEdit::BlockMenu</title>
			<state>enable</state>
			<link>BlockEdit</link>
		</button>
		<button>
			<action>ShowCopyPasteMenu</action>
			<position>2</position>
			<title>Str::Fenu::ProgramEdit::CopyPasteMenu</title>
			<state>enable</state>
			<link>CopyPasteEdit</link>
		</button>
	</fenu>
	<fenu name="BlockEdit">
		<escape>
			<action>ExitBlockEdit</action>
		</escape>
		<button name="BlockStart">
			<action>DoBlockStart</action>
			<position>1</position>
			<title>Str::Fenu::BlockEdit::BlockStart</title>
			<state>enable</state>
		</button>
		<button name="BlockEnd">
			<action>DoBlockEnd</action>
			<position>2</position>
			<title>Str::Fenu::BlockEdit::BlockEnd</title>
			<state>disable</state>
		</button>
		<button name="BlockCut">
			<action>DoBlockCut</action>
			<position>3</position>
			<title>Str::Fenu::BlockEdit::BlockCut</title>
			<state>disable</state>
		</button>
		<button name="BlockCopy">
			<action>DoBlockCopy</action>
			<position>4</position>
			<title>Str::Fenu::BlockEdit::BlockCopy</title>
			<state>disable</state>
		</button>
		<button name="BlockPaste">
			<action>DoBlockPaste</action>
			<position>5</position>
			<title>Str::Fenu::BlockEdit::BlockPaste</title>
			<state>disable</state>
		</button>
	</fenu>
	<fenu name="CopyPasteEdit">
		<escape>
			<action>ExitCopyPasteEdit</action>
		</escape>
		<button name="Cut">
			<action>DoKCut</action>
			<position>1</position>
			<title>Str::Fenu::CopyPasteEdit::Cut</title>
			<state>enable</state>
		</button>
		<button name="Copy">
			<action>DoKCopy</action>
			<position>2</position>
			<title>Str::Fenu::CopyPasteEdit::Copy</title>
			<state>enable</state>
		</button>
		<button name="Paste">
			<action>DoKPaste</action>
			<position>3</position>
			<title>Str::Fenu::CopyPasteEdit::Paste</title>
			<state>enable</state>
		</button>
		<button name="Undo">
			<action>DoKUndo</action>
			<position>4</position>
			<title>Str::Fenu::CopyPasteEdit::Undo</title>
			<state>enable</state>
		</button>
		<button name="SelAll">
			<action>DoKSelAll</action>
			<position>5</position>
			<title>Str::Fenu::CopyPasteEdit::SelAll</title>
			<state>enable</state>
		</button>
	</fenu>
	<fenu name="ProgramFind">
		<escape>
			<action>ExitProgramFind</action>
		</escape>
		<button>
			<action>DoFindNext</action>
			<position>1</position>
			<title>Str::Fenu::ProgramFind::FindNext</title>
			<state>enable</state>
		</button>
		<button>
			<action>DoCancelFind</action>
			<position>2</position>
			<title>Str::Fenu::ProgramFind::CancelFind</title>
			<state>enable</state>
			<link>ProgramEdit</link>
		</button>
	</fenu>
	<fenu name="ProgramReplace">
		<escape>
			<action>DoCancelReplace</action>
		</escape>
		<button>
			<action>DoReplaceFindNext</action>
			<position>1</position>
			<title>Str::Fenu::ProgramReplace::FindNext</title>
			<state>enable</state>
		</button>
		<button>
			<action>DoReplace</action>
			<position>2</position>
			<title>Str::Fenu::ProgramReplace::Replace</title>
			<state>enable</state>
		</button>
		<button>
			<action>DoReplaceAll</action>
			<position>3</position>
			<title>Str::Fenu::ProgramReplace::ReplaceAll</title>
			<state>enable</state>
		</button>
	</fenu>
	<fenu name="ProgramTeach">
		<escape>
			<action>ExitProgramTeach</action>
		</escape>
		<button>
			<action>DoRapidTeach</action>
			<position>1</position>
			<title>Str::Fenu::Teach::Rapid</title>
			<state>enable</state>
		</button>
		<button>
			<action>DoLineCutTeach</action>
			<position>2</position>
			<title>Str::Fenu::Teach::LineCut</title>
			<state>enable</state>
		</button>
		<button>
			<action>DoArcCutTeach</action>
			<position>3</position>
			<title>Str::Fenu::Teach::ArcCut</title>
			<state>enable</state>
		</button>
		<button name="TeachArcCancel">
			<action>DoArcCancel</action>
			<position>4</position>
			<title>Str::Fenu::Teach::ArcCancel</title>
			<state>enable</state>
		</button>
		<button>
			<action>DoPointTeach</action>
			<position>5</position>
			<title>Str::Fenu::Teach::Point</title>
			<state>enable</state>
		</button>
	</fenu>
	<fenu name="ProgramSimulation">
		<escape>
			<action>BackMenuProgram</action>
		</escape>
		<button>
			<action>DoStep</action>
			<position>1</position>
			<title>Str::Fenu::ProgramSimulation::Step</title>
			<state>enable</state>
		</button>
		<button>
			<action>DoContinue</action>
			<position>2</position>
			<title>Str::Fenu::ProgramSimulation::Continue</title>
			<state>enable</state>
		</button>
		<button>
			<action>DoZoom</action>
			<position>3</position>
			<title>Str::Fenu::ProgramSimulation::Zoom</title>
			<state>enable</state>
		</button>
		<button>
			<action>DoReset</action>
			<position>4</position>
			<title>Str::Fenu::ProgramSimulation::Reset</title>
			<state>enable</state>
		</button>
		<button>
			<action>DoSimuSetting</action>
			<position>5</position>
			<title>Str::Fenu::ProgramSimulation::SimuSetting</title>
			<state>enable</state>
			<link>ProgramSimulationSetting</link>
		</button>
	</fenu>
	<fenu name="ProgramSimulationSetting">
		<escape>
			<action>ShowMenuSimulation</action>
		</escape>
		<button>
			<actions>
				<action>DoOK</action>
				<action>ShowMenuSimulation</action>
			</actions>
			<position>1</position>
			<title>Str::Fenu::ProgramSimulationSetting::OK</title>
			<state>enable</state>
			<link>ProgramSimulation</link>
		</button>
		<button>
			<action>ShowMenuSimulation</action>
			<position>2</position>
			<title>Str::Fenu::ProgramSimulationSetting::Cancel</title>
			<state>enable</state>
			<link>ProgramSimulation</link>
		</button>
	</fenu>
	<fenu name="ProgramFileMang_Mill">
		<escape>
			<action>BackMenuProgram</action>
		</escape>
		<escape>
			<action>BackMenuProgram</action>
		</escape>
		<next>
			<link>ProgramFileMangNext_Mill</link>
		</next>
		<button>
			<action>DoNewFile</action>
			<position>1</position>
			<title>Str::Fenu::ProgramFileManager::NewFile</title>
			<state>enable</state>
		</button>
		<button>
			<action>DoCopyFile</action>
			<position>2</position>
			<title>Str::Fenu::ProgramFileManager::CopyFile</title>
			<state>enable</state>
		</button>
		<button>
			<action>DoDelFenu</action>
			<position>3</position>
			<title>Str::Fenu::ProgramFileManager::DelFile</title>
			<state>enable</state>
			<link>FileDeleteMenu</link>
		</button>
		<button>
			<actions>
				<action>DoInputFrmDisk</action>
				<action>FenuBtnAttr_DoSwitchFocus.Visible=false</action>
			</actions>
			<position>4</position>
			<title>Str::Fenu::ProgramFileManager::Import</title>
			<state>enable</state>
			<link>FileImportExport</link>
		</button>
		<button>
			<actions>
				<action>DoOutputToDisk</action>
				<action>FenuBtnAttr_DoSwitchFocus.Visible=true</action>
			</actions>
			<position>5</position>
			<title>Str::Fenu::ProgramFileManager::Outport</title>
			<state>enable</state>
			<link>FileImportExport</link>
		</button>
	</fenu>
	<fenu name="ProgramFileMang_GlassGrind">
		<escape>
			<action>BackMenuProgram</action>
		</escape>
		<escape>
			<action>BackMenuProgram</action>
		</escape>
		<next>
			<link>ProgramFileMangNext_Mill</link>
		</next>
		<button>
			<action>DoNewFile</action>
			<position>1</position>
			<title>Str::Fenu::ProgramFileManager::NewFile</title>
			<state>enable</state>
		</button>
		<button>
			<action>DoCopyFile</action>
			<position>2</position>
			<title>Str::Fenu::ProgramFileManager::CopyFile</title>
			<state>enable</state>
		</button>
		<button>
			<action>DoDelFenu</action>
			<position>3</position>
			<title>Str::Fenu::ProgramFileManager::DelFile</title>
			<state>enable</state>
			<link>FileDeleteMenu</link>
		</button>
		<button>
			<actions>
				<action>DoInputFrmDisk</action>
				<action>FenuBtnAttr_DoSwitchFocus.Visible=false</action>
			</actions>
			<position>4</position>
			<title>Str::Fenu::ProgramFileManager::Import</title>
			<state>enable</state>
			<link>FileImportExport</link>
		</button>
		<button>
			<actions>
				<action>DoOutputToDisk</action>
				<action>FenuBtnAttr_DoSwitchFocus.Visible=true</action>
			</actions>
			<position>5</position>
			<title>Str::Fenu::ProgramFileManager::Outport</title>
			<state>enable</state>
			<link>FileImportExport</link>
		</button>
	</fenu>
	<fenu name="ProgramFileMang_Lathe">
		<escape>
			<state>enable</state>
			<action>ShowMenuProgram</action>
		</escape>
		<button>
			<title>Str::Fenu::ProgramFileManager::NewFile</title>
			<position>1</position>
			<state>enable</state>
			<action>DoNewFile</action>
			<visible>True</visible>
		</button>
		<button>
		<title>Str::Fenu::ProgramFileManager::CopyFile</title>
			<position>2</position>
			<state>enable</state>
			<action>DoCopyFile</action>
			<visible>True</visible>
		</button>
		<button>
			<title>Str::Fenu::ProgramFileManager::DelFile</title>
			<position>3</position>
			<state>enable</state>
			<action>DoDelFenu</action>
			<link>FileDeleteMenu</link>
			<visible>True</visible>
		</button>
		<button>
			<title>Str::Fenu::ProgramFileManager::FileTransfer</title>
			<position>4</position>
			<state>enable</state>
			<link>ProgramFileTransfer</link>
		</button>
		<button name="Prog_ToRun">
			<title>Str::Fenu::ProgramFileManager::ToMainProgAndRun</title>
			<action>AssignEditFileToMainProg</action>
			<position>5</position>
			<state>enable</state>
			<visible>True</visible>
		</button>
	</fenu>
	<fenu name="ProgramMacroManager">
		<button>
			<action>DoDelFenu</action>
			<position>3</position>
			<title>Str::Fenu::ProgramFileManager::DelFile</title>
			<state>enable</state>
			<link>FileDeleteMenu</link>
		</button>
	</fenu>
	<fenu name="ProgramFileTransfer">
		<button>
			<title>Str::Fenu::ProgramFileManager::Import</title>
			<position>1</position>
			<state>enable</state>
			<actions>
				<action>DoInputFrmDisk</action>
				<action>FenuBtnAttr_DoSwitchFocus.Visible=false</action>
			</actions>
			<link>FileImportExport</link>
			<visible>True</visible>
		</button>
		<button>
			<title>Str::Fenu::ProgramFileManager::Outport</title>
			<position>2</position>
			<state>enable</state>
			<actions>
				<action>DoOutputToDisk</action>
				<action>FenuBtnAttr_DoSwitchFocus.Visible=true</action>
			</actions>
			<link>FileImportExport</link>
			<visible>True</visible>
		</button>
	</fenu>
	<fenu name="ProgramFileMangNext_Mill">
		<button>
			<pwd>
				<value>520</value>
				<cor>
					<actions>
						<action>ShowMacroFileManager</action>
						<action>CUSTOMFenu_ProgramMacroManager</action>
					</actions>
				</cor>
			</pwd>
			<position>1</position>
			<title>Str::Fenu::ProgramFileMandNext::ShowMacroFileManager</title>
			<state>enable</state>
		</button>
	</fenu>
	<fenu name="FileDeleteMenu">
		<escape>
			<action>ExitDelFenu</action>
		</escape>
		<button>
			<action>DoDelSelect</action>
			<position>1</position>
			<title>Str::Fenu::FileDel::Select</title>
			<state>enable</state>
		</button>
		<button>
			<action>DoDelSelectAll</action>
			<position>2</position>
			<title>Str::Fenu::FileDel::SelectAll</title>
			<state>enable</state>
		</button>
		<button>
			<action>DoCancelSelect</action>
			<position>3</position>
			<title>Str::Fenu::FileDel::CancelSelect</title>
			<state>enable</state>
		</button>
		<button>
			<action>DoDelCheckedFile</action>
			<position>4</position>
			<title>Str::Fenu::FileDel::DelFile</title>
			<state>enable</state>
		</button>
		<button>
			<action>DoDelAll</action>
			<position>5</position>
			<title>Str::Fenu::FileDel::DelAll</title>
			<state>enable</state>
		</button>
	</fenu>
	<fenu name="FileImportExport">
		<escape>
			<action>DoI_E_Exit</action>
		</escape>
		<button>
			<action>DoI_E_CopyFile</action>
			<position>1</position>
			<title>Str::Fenu::FileMgr::Copy</title>
			<state>enable</state>
		</button>
		<button>
			<action>DoI_E_SelectFile</action>
			<position>2</position>
			<title>Str::Fenu::FileMgr::Select</title>
			<state>enable</state>
		</button>
		<button>
			<action>DoI_E_SelectAll</action>
			<position>3</position>
			<title>Str::Fenu::FileMgr::SelectAll</title>
			<state>enable</state>
		</button>
		<button>
			<action>DoI_E_SelectCancel</action>
			<position>4</position>
			<title>Str::Fenu::FileMgr::CancelSelect</title>
			<state>enable</state>
		</button>
		<button>
			<action>DoI_E_DeviceChange</action>
			<position>5</position>
			<title>Str::Fenu::FileMgr::DeviceChange</title>
			<state>enable</state>
		</button>
		<next>
			<link>FileImportExportnext</link>
			<state>enable</state>
		</next>
	</fenu>
	<fenu name="FileImportExportnext">
		<escape>
		</escape>
		<button name="DoSwitchFocus">
			<title>STR::Fenu::FileImportExport::switchFocus</title>
			<position>1</position>
			<state>enable</state>
			<action>Do_I_E_SwitchFocus</action>
			<visible>True</visible>
			<forecolor>0,0,0</forecolor>
		</button>
		<button>
			<actions>
				<action>FenuLinkTo_..</action>
				<action>FenuLinkTo_..</action>
			</actions>
			<position>2</position>
			<title>Str::Fenu::FileMgr::Exit</title>
			<state>enable</state>
		</button>
	</fenu>		
	<fenu name="SelectMainProg">
		<escape>
			<action>ExitSelectMainProg</action>
		</escape>
	</fenu>
	<fenu name="Run_Mill">
		<escape>
			<action>ShowMenuMain</action>
			<link>main</link>
		</escape>
		<button name="SelectMainProg">
			<action>DoSelectMainProg</action>
			<position>1</position>
			<title>Str::Fenu::Run::SelectMainProg</title>
			<state>enable</state>
		</button>
		<button>
			<action>ShowGraphAdjust</action>
			<position>2</position>
			<title>Str::Fenu::Run::MenuGraphAdjust</title>
			<state>enable</state>
			<link>GraphAdjust</link>
		</button>
		<button name="MDI">
			<action>DoMDI</action>
			<position>3</position>
			<title>Str::Fenu::Run::MDI</title>
			<state>disable</state>
			<link>FenuMDI</link>
		</button>
		<button>
			<action>DoParameterSet</action>
			<position>4</position>
			<title>Str::Fenu::Run::ParameterSet</title>
			<state>enable</state>
			<link>MenuRunParaSet</link>
		</button>
		<button>
			<action>ShowMenuToolSet</action>
			<position>5</position>
			<title>Str::Fenu::Run::MenuToolSet</title>
			<state>enable</state>
		</button>
		<next>
			<link>RunNext_Mill</link>
			<state>enable</state>
		</next>
	</fenu>
	<fenu name="Run_GlassGrind">
		<escape>
			<action>ShowMenuMain</action>
			<link>main</link>
		</escape>
		<button name="SelectMainProg">
			<action>DoSelectMainProg</action>
			<position>1</position>
			<title>Str::Fenu::Run::SelectMainProg</title>
			<state>enable</state>
		</button>
		<button>
			<action>ShowGraphAdjust</action>
			<position>2</position>
			<title>Str::Fenu::Run::MenuGraphAdjust</title>
			<state>enable</state>
			<link>GraphAdjust</link>
		</button>
		<button name="MDI">
			<action>DoMDI</action>
			<position>3</position>
			<title>Str::Fenu::Run::MDI</title>
			<state>disable</state>
			<link>FenuMDI</link>
		</button>
		<button>
			<action>DoParameterSet</action>
			<position>4</position>
			<title>Str::Fenu::Run::ParameterSet</title>
			<state>enable</state>
			<link>MenuRunParaSet</link>
		</button>
		<button>
			<action>ShowMenuToolSet</action>
			<position>5</position>
			<title>Str::Fenu::Run::MenuToolSet</title>
			<state>enable</state>
		</button>
		<next>
			<link>RunNext_Mill</link>
			<state>enable</state>
		</next>
	</fenu>
	<fenu name="Run_Lathe">
		<escape>
			<action>ShowMenuMachine</action>
			<link>main</link>
			<state>enable</state>
		</escape>
		<next>
			<state>enable</state>
			<link>RunNext_Lathe</link>
		</next>
		<button name="MainProgToEdit">
			<title>Str::Fenu::ProgramFileManager::OpenFile</title>
			<position>1</position>
			<state>enable</state>
			<actions>
				<action>ShowMenuProgram</action>
				<action>AssignMainProgToEditFile</action>
			</actions>
			<visible>True</visible>
		</button>
		<button>
			<title>Str::Fenu::Run::SwitchSimulation</title>
			<position>2</position>
			<state>enable</state>
			<actions>
				<action>SimuSwitch</action>
			</actions>
		</button>
		<button name="MDI">
			<title>Str::Fenu::Run::MDI</title>
			<position>3</position>
			<state>disable</state>
			<action>DoMDI</action>
			<link>FenuMDI</link>
			<visible>True</visible>
		</button>
		<button>
			<title>Str::Fenu::Run::ParameterSet</title>
			<position>4</position>
			<state>enable</state>
			<action>DoParameterSet</action>
		</button>
		<button>
			<title>Str::Fenu::ToolSet::SetToolWear</title>
			<position>5</position>
			<state>enable</state>
			<action>DoToolWear</action>
		</button>
	</fenu>
	<fenu name="RunNext_Lathe">
		<button name="MPGShift">
			<title>Str::Fenu::Run::MPGShift::StartMPGShift</title>
			<position>1</position>
			<action>CUSTOMDEV_Inv R606.0</action>
		</button>
		<button>
			<title>Str::Fenu::Run::WorkRecord</title>
			<position>2</position>
			<state>enable</state>
			<action>DoShowWorkRecord</action>
			<link>WorkRecord</link>
			<visible>True</visible>
		</button>
		<button name="ClearCycleTime">
			<action>DoClearCycleTime</action>
			<position>3</position>
			<title>Str::Fenu::MenuRunParaSet::ClearCycleTime</title>
			<state>enable</state>
		</button>
		<button name="GraphAdjust">
			<title>Str::Fenu::Run::MenuGraphAdjust</title>
			<position>4</position>
			<state>enable</state>
			<action>ShowGraphAdjust</action>
			<link>GraphAdjust</link>
			<visible>True</visible>
		</button>
	</fenu>
	<fenu name="RunNext_Mill">
		<button name="MPGShift">
			<title>Str::Fenu::Run::MPGShift::StartMPGShift</title>
			<position>1</position>
			<action>CUSTOMDEV_Inv R606.0</action>
		</button>
		<button name="F4F7">
			<position>2</position>
			<state>false</state>
			<link>FunF4F7</link>
			<visible>False</visible>
			<forecolor>0,0,0</forecolor>
		</button>
		<button>
			<action>DoShowWorkRecord</action>
			<position>3</position>
			<title>Str::Fenu::Run::WorkRecord</title>
			<state>enable</state>
			<link>WorkRecord</link>
		</button>
	</fenu>	
	<fenu name="FenuMDI">
		<escape>
			<action>DoExitMDI</action>
		</escape>
		<button>
			<actions>
				<action>DoMDIOk</action>
				<action>FenuLinkTo_..</action>
			</actions>
			<position>1</position>
			<title>Str::Fenu::MDI::Ok</title>
			<state>enable</state>
		</button>
		<button>
			<action>DoClearMDI</action>
			<position>2</position>
			<title>Str::Fenu::MDI::Clear</title>
			<state>enable</state>
		</button>
		<button name="SelectMDI">
			<title>STR::Fenu::MultiProgram::Select Program</title>
			<position>3</position>
			<state>enable</state>
			<action>ChangeMDIProgram</action>
			<visible>False</visible>
			<forecolor>0,0,0</forecolor>
		</button>
	</fenu>
	<fenu name="WorkRecord">
		<escape>
			<action>DoExitWorkRecord</action>
		</escape>
		<button>
			<action>DoSaveWorkRecord</action>
			<position>1</position>
			<title>Str::Fenu::WorkRecord::SaveWorkRecord</title>
			<state>enable</state>
		</button>
		<button>
			<action>DoClearWorkRecord</action>
			<position>2</position>
			<title>Str::Fenu::WorkRecord::ClearWorkRecord</title>
			<state>enable</state>
		</button>
		<button>
			<title>Str::Fenu::WorkRecord::ClearPartCount</title>
			<position>3</position>
			<state>enable</state>
			<action>DoClearPartCount</action>
			<visible>True</visible>
		</button>
		<button>
			<title>Str::Fenu::WorkRecord::ClearTotalPartCount</title>
			<position>4</position>
			<state>enable</state>
			<action>DoClearTotalPartCount</action>
			<visible>True</visible>
		</button>
	</fenu>
	<fenu name="GraphAdjust">
		<escape>
			<action>EscapeRunZoom</action>
			<visible>True</visible>
		</escape>
		<button>
			<action>DoRunZoom</action>
			<position>1</position>
			<title>Str::Fenu::ProgramSimulation::Zoom</title>
			<state>enable</state>
		</button>
		<button>
			<action>DoRunReset</action>
			<position>2</position>
			<title>Str::Fenu::ProgramSimulation::Reset</title>
			<state>enable</state>
		</button>
	</fenu>
	<fenu name="MenuToolSet_GlassGrind">
		<escape>
			<action>ShowMenuWorkPieceCordWithoutFenu</action>
			<state>enable</state>
		</escape>
		<button>
			<action>DoClearZRelPos</action>
			<position>1</position>
			<title>Str::Fenu::ToolSet::ClearZRelPos</title>
			<state>enable</state>
		</button>
		<button>
			<action>DoShowToolNo</action>
			<position>4</position>
			<title>Str::Fenu::ToolSet::ToolNo</title>
			<state>enable</state>
			<link>FenuSpace</link>
		</button>
	</fenu>
	<fenu name="MenuToolSet_Mill">
		<escape>
			<action>ShowMenuWorkPieceCordWithoutFenu</action>
			<state>enable</state>
		</escape>
		<button>
			<action>DoClearZRelPos</action>
			<position>1</position>
			<title>Str::Fenu::ToolSet::ClearZRelPos</title>
			<state>enable</state>
		</button>
		<button>
			<action>DoShowToolNo</action>
			<position>4</position>
			<title>Str::Fenu::ToolSet::ToolNo</title>
			<state>enable</state>
			<link>FenuSpace</link>
		</button>
		<button name="ToolManagement">
			<title>STR::Fenu::MenuToolSet::ID1</title>
			<position>5</position>
			<link>FenuSpace</link>
			<action>ShowMenuTooManager</action>
		</button>
	</fenu>
	<fenu name="Alarm">
		<button>
			<action>DoShowPendingAlarm</action>
			<position>1</position>
			<title>Str::Fenu::Alarm::PendingAlarm</title>
			<state>enable</state>
		</button>
		<button>
			<action>DoShowHistoryAlarm</action>
			<position>2</position>
			<title>Str::Fenu::Alarm::HistoryAlarm</title>
			<state>enable</state>
		</button>
		<button>
			<action>DoSaveAlarm</action>
			<position>3</position>
			<title>Str::Fenu::Alarm::SaveAlarm</title>
			<state>enable</state>
		</button>
	</fenu>
	<fenu name="Parameter">
		<escape>
			<action>ShowMenuMain</action>
			<link>mainnext</link>
		</escape>
		<button>
			<action>CustomPARAM_All</action>
			<position>1</position>
			<title>Str::Fenu::Parameter::ShowAll</title>
			<state>enable</state>
		</button>
		<button>
			<action>DoShowService</action>
			<position>2</position>
			<title>Str::Fenu::Parameter::ShowService</title>
			<state>enable</state>
		</button>
		<button>
			<action>DoShowMaker</action>
			<position>3</position>
			<title>Str::Fenu::Parameter::ShowMaker</title>
			<state>enable</state>
		</button>
		<button>
			<action>DoShowPitchTable</action>
			<position>4</position>
			<title>Str::Fenu::Parameter::ShowPitchTable</title>
			<link>PitchTable</link>
			<state>enable</state>
		</button>
		<button>
			<action>DoGotoParameter</action>
			<position>5</position>
			<title>Str::Fenu::Parameter::GotoParameter</title>
			<state>enable</state>
		</button>
	</fenu>
	<fenu name="PitchTable">
		<button>
			<action>DoGoToPitchTablePage1</action>
			<position>1</position>
			<title>Str::Fenu::Parameter::ShowPitchTable::Page1</title>
			<state>enable</state>
		</button>
		<button>
			<action>DoLoadPitchTableFile</action>
			<position>2</position>
			<title>Str::Fenu::Parameter::ShowPitchTable::LoadFile</title>
			<state>enable</state>
		</button>
	</fenu>
	<fenu name="UseTimePassword">
		<escape>
			<action>ExitUseTimeSet</action>
		</escape>
		<button>
			<action>DoUseTimeInput</action>
			<position>1</position>
			<title>Str::Fenu::Parameter::UseTimeInput</title>
			<state>enable</state>
		</button>
	</fenu>
	<fenu name="UseTimeInputOk">
		<escape>
			<action>ExitInputOk</action>
			<link>ParameterNext</link>
		</escape>
		<button>
			<action>DoInputOk</action>
			<position>1</position>
			<title>Str::Fenu::Parameter::UseTimeInput</title>
			<state>enable</state>
			<link>ParameterNext</link>
		</button>
	</fenu>
	<fenu name="Diagnostic">
		<escape>
			<action>ShowMenuMain</action>
			<link>mainnext</link>
		</escape>
		<button>
			<action>ShowMenuPLC</action>
			<position>1</position>
			<title>Str::Fenu::Diagnostic::MenuPLC</title>
			<state>enable</state>
			<link>DiagnosticPLC</link>
		</button>
		<button>
			<action>DoDisplaySysData</action>
			<position>2</position>
			<title>Str::Fenu::Diagnostic::DisplaySysData</title>
			<state>enable</state>
			<link>SysData</link>
		</button>
		<button>
			<action>DoDisplayComVar</action>
			<position>3</position>
			<title>Str::Fenu::Diagnostic::DisplayComVar</title>
			<state>enable</state>
			<link>ComVar</link>
		</button>
		<button>
			<action>DoDisplayCoordVar</action>
			<position>4</position>
			<title>Str::Fenu::Diagnostic::DisplayCoordVar</title>
			<state>enable</state>
			<link>CoordVar</link>
		</button>
		<button>
		  <title>STR::Fenu::SystemInfo::DisplayLogData</title>
		  <position>5</position>
		  <action>DoDisplayLogData</action>
		  <link>SysLog</link>
		</button>
	</fenu>
	<fenu name="PassOptionOkCancel">
		<button>
			<title>Str::MMI::Common::BtnOK</title>
			<position>1</position>
			<state>enable</state>
			<visible>True</visible>
			<forecolor>0,0,0</forecolor>
		</button>
		<button>
			<title>Str::MMI::Common::BtnCancel</title>
			<position>2</position>
			<state>enable</state>
			<visible>True</visible>
			<forecolor>0,0,0</forecolor>
		</button>
	</fenu>	
	<fenu name="SysLog">
		<button>
			<title>STR::Fenu::SystemInfo::FindOPLogDateTime</title>
			<position>1</position>
			<action>FindOPLogDateTime</action>
		</button>
		<button>
			<title>STR::Fenu::SystemInfo::FindOPLogAlarm</title>
			<position>2</position>
			<action>FindOPLogAlarm</action>
		</button>
		<button>
			<title>STR::Fenu::SystemInfo::FindOPLogIBit</title>
			<position>3</position>
			<action>FindOPLogIBit</action>
		</button>
		<button>
			<title>STR::Fenu::SystemInfo::ExportLogData</title>
			<position>4</position>
			<action>ExportLogData</action>
		</button>
	</fenu>
	<fenu name="SysLogFindDateTime">
		<escape>
			<action>DoDisplayLogData</action>    	
			<link>SysLog</link>
		</escape>
		<button>
			<title>Str::Fenu::SystemInfo::FindNext</title>
			<position>1</position>
			<action>FindOPLogTimeNext</action>
		</button>
		<button>
			<title>STR::Fenu::SystemInfo::FindPrev</title>
			<position>2</position>
			<action>FindOPLogTimePrev</action>
		</button>
		<button>
			<title>STR::Fenu::SystemInfo::FindOPLogDateTime</title>
			<position>3</position>
			<action>FindOPLogDateTime</action>
			<link>SysLogFindDateTime</link>
		</button>
		<button>
			<title>STR::Fenu::SystemInfo::FindOPLogAlarm</title>
			<position>4</position>
			<action>FindOPLogAlarm</action>
			<link>SysLogFindAlarm</link>
		</button>
		<button>
			<title>STR::Fenu::SystemInfo::FindOPLogIBit</title>
			<position>5</position>
			<action>FindOPLogIBit</action>
			<link>SysLogFindIBit</link>
		</button>
	</fenu>
	<fenu name="SysLogFindAlarm">
		<escape>
			<action>DoDisplayLogData</action>    	
			<link>SysLog</link>
		</escape>
		<button>
			<title>Str::Fenu::SystemInfo::FindNext</title>
			<position>1</position>
			<action>FindOPLogAlarmNext</action>
		</button>
		<button>
			<title>STR::Fenu::SystemInfo::FindPrev</title>
			<position>2</position>
			<action>FindOPLogAlarmPrev</action>
		</button>
		<button>
			<title>STR::Fenu::SystemInfo::FindOPLogDateTime</title>
			<position>3</position>
			<action>FindOPLogDateTime</action>
		</button>
		<button>
			<title>STR::Fenu::SystemInfo::FindOPLogAlarm</title>
			<position>4</position>
			<action>FindOPLogAlarm</action>
		</button>
		<button>
			<title>STR::Fenu::SystemInfo::FindOPLogIBit</title>
			<position>5</position>
			<action>FindOPLogIBit</action>
		</button>
	</fenu>
	<fenu name="SysLogFindIBit">
		<escape>
			<action>DoDisplayLogData</action>
			<link>SysLog</link>
		</escape>
		<button>
			<title>Str::Fenu::SystemInfo::FindNext</title>
			<position>1</position>
			<action>FindIBitNext</action>
		</button>
		<button>
			<title>STR::Fenu::SystemInfo::FindPrev</title>
			<position>2</position>
			<action>FindIBitPrev</action>
		</button>
		<button>
			<title>STR::Fenu::SystemInfo::FindOPLogDateTime</title>
			<position>3</position>
			<action>FindOPLogDateTime</action>
		</button>
		<button>
			<title>STR::Fenu::SystemInfo::FindOPLogAlarm</title>
			<position>4</position>
			<action>FindOPLogAlarm</action>
		</button>
		<button>
			<title>STR::Fenu::SystemInfo::FindOPLogIBit</title>
			<position>5</position>
			<action>FindOPLogIBit</action>
		</button>
	</fenu>  
	<fenu name="SysData">
		<button>
			<action>DoSysDataGoTo</action>
			<position>1</position>
			<title>Str::Fenu::Diagnostic::SysDataGoTo</title>
			<state>enable</state>
		</button>
	</fenu>
	<fenu name="ComVar">
		<button>
			<action>DoComVarGoTo</action>
			<position>1</position>
			<title>Str::Fenu::Diagnostic::ComVarGoTo</title>
			<state>enable</state>
		</button>
	</fenu>
	<fenu name="CoordVar">
		<button>
			<action>DoCoordVarGoTo</action>
			<position>1</position>
			<title>Str::Fenu::Diagnostic::CoordVarGoTo</title>
			<state>enable</state>
		</button>
	</fenu>
	<fenu name="DiagnosticPLC">
		<next>
			<link>DiagnosticPLCNext</link>
		</next>
		<button>
			<action>DoShowPLC.I.Bit</action>
			<position>1</position>
			<title>Str::Fenu::DiagnosticPLC::PLC.I.Bit</title>
			<state>enable</state>
		</button>
		<button>
			<action>DoShowPLC.O.Bit</action>
			<position>2</position>
			<title>Str::Fenu::DiagnosticPLC::PLC.O.Bit</title>
			<state>enable</state>
		</button>
		<button>
			<action>DoShowPLC.S.Bit</action>
			<position>3</position>
			<title>Str::Fenu::DiagnosticPLC::PLC.S.Bit</title>
			<state>enable</state>
		</button>
		<button>
			<action>DoShowPLC.C.Bit</action>
			<position>4</position>
			<title>Str::Fenu::DiagnosticPLC::PLC.C.Bit</title>
			<state>enable</state>
		</button>
		<button>
			<action>DoShowPLC.Reg</action>
			<position>5</position>
			<title>Str::Fenu::DiagnosticPLC::PLC.Reg</title>
			<state>enable</state>
			<link>PLC.Reg</link>
		</button>		
	</fenu>
	<fenu name="DiagnosticPLCNext">
		<button>
			<action>DoShowLadder</action>
			<position>1</position>
			<title>Str::Fenu::DiagnosticPLC::PLC.Ladder</title>
			<state>enable</state>
			<link>DiagnosticLadder</link>
		</button>
		<button>
			<action>DoShowPLC.A.Bit</action>
			<position>2</position>
			<title>Str::Fenu::DiagnosticPLC::PLC.A.Bit</title>
			<state>enable</state>
		</button>
		<button>
			<action>DoShowPLC.Timer</action>
			<position>3</position>
			<title>Str::Fenu::DiagnosticPLC::PLC.Timer</title>
			<state>enable</state>
		</button>
		<button>
			<action>DoShowPLC.Counter</action>
			<position>4</position>
			<title>Str::Fenu::DiagnosticPLC::PLC.Counter</title>
			<state>enable</state>
		</button>
	</fenu>
	<fenu name="PLC.Reg">
		<button>
			<action>DoPLCRegGoTo</action>
			<position>1</position>
			<title>Str::Fenu::Diagnostic::PLCRegGoTo</title>
			<state>enable</state>
		</button>
	</fenu>
	<fenu name="DiagnosticLadder">
		<escape>
			<action>ExitLadder</action>
		</escape>
		<button>
			<action>DoLadderFind</action>
			<position>1</position>
			<title>Str::Fenu::DiagnosticLadder::LadderFind</title>
			<state>enable</state>
		</button>
		<button>
			<action>DoLadderFindNext</action>
			<position>2</position>
			<title>Str::Fenu::DiagnosticLadder::LadderFindNext</title>
			<state>enable</state>
		</button>
		<button>
			<action>DoLadderFindPrev</action>
			<position>3</position>
			<title>Str::Fenu::DiagnosticLadder::LadderFindPrev</title>
			<state>enable</state>
		</button>
	</fenu>
	<fenu name="DisagnosticSysAdmin">
		<next>
			<link>DisagnosticSysAdminNext</link>
		</next>
		<button>
			<action>DoInstallSoftware</action>
			<position>1</position>
			<title>Str::Fenu::DiagnosticSysAdmin::InstallSoftware</title>
			<state>enable</state>
		</button>
		<button>
			<title>Str::Fenu::DiagnosticSysAdmin::BackSys</title>
			<position>2</position>
			<action>DoShowSelectItem</action>
			<link>SelectItem_Backup</link>
		</button>
		<button>
			<title>Str::Fenu::DiagnosticSysAdmin::RestoreSys</title>
			<position>3</position>
			<action>DoRestoreFileLoc</action>
		</button>
		<button>
			<title>Str::Fenu::DiagnosticSysAdmin::SysImportExport</title>
			<position>4</position>
			<action>DoShowSysFileTips</action>
			<link>EnterSysFileManager</link>
		</button>
		<button name="InstallImage">
			<title>Str::Fenu::DiagnosticSysAdmin::InstallImage</title>
			<position>5</position>
			<action>DoInstallImage</action>
		</button>
	</fenu>
	<fenu name="DisagnosticSysAdminNext">
		<button name="UpdateBootPic">
			<title>Str::Fenu::UpdateBootPic::SelectBootPicture</title>
			<position>1</position>
			<action>DoSelectBootPicture</action>
		</button>
	</fenu>
	<fenu name="MPGMessage">
		<escape>
			<action>CUSTOMDEV_Off R606.0</action>
		</escape>
	</fenu>
	<fenu name="ConnSet">
		<button>
			<title>STR::Fenu::ConnSet::TestConn</title>
			<position>1</position>
			<state>enable</state>
			<action>DoTestConnect</action>
			<visible>True</visible>
			<forecolor>0,0,0</forecolor>
		</button>
		<button>
			<title>STR::Fenu::ConnSet::NetConn</title>
			<position>2</position>
			<state>enable</state>
			<link>ParameterNext</link>
			<action>DoRemoteConnect</action>
			<visible>True</visible>
			<forecolor>0,0,0</forecolor>
		</button>
		<button>
			<title>STR::Fenu::ConnSet::LocalKernel</title>
			<position>3</position>
			<state>enable</state>
			<link>ParameterNext</link>
			<action>DoKernelConnect</action>
			<visible>True</visible>
			<forecolor>0,0,0</forecolor>
		</button>
		<button>
			<title>STR::Fenu::ConnSet::AutoConnect</title>
			<position>4</position>
			<state>enable</state>
			<link>ParameterNext</link>
			<action>DoAutoConnect</action>
			<visible>True</visible>
			<forecolor>0,0,0</forecolor>
		</button>
		<button>
			<title>STR::Fenu::ConnSet::Cancel</title>
			<position>5</position>
			<state>enable</state>
			<action>DoUndo</action>
			<link>NetworkSet</link>
		</button>
	</fenu>
	<fenu name="KernelServSet">
		<escape>
			<state>enable</state>
			<visible>True</visible>
			<action>DoNetworkSet</action>
		</escape>
		<button>
			<title>STR::Fenu::KernelServSet::StartServ</title>
			<position>1</position>
			<state>enable</state>
			<action>DoStartKernelServer</action>
			<visible>True</visible>
			<forecolor>0,0,0</forecolor>
		</button>
		<button>
			<title>STR::Fenu::KernelServSet::OK</title>
			<position>3</position>
			<state>enable</state>
			<link>NetworkSetFenu</link>
			<actions>
				<action>DoOK</action>
				<action>DoNetworkSet</action>
			</actions>
			<visible>True</visible>
			<forecolor>0,0,0</forecolor>
		</button>
		<button>
			<title>STR::Fenu::KernelServSet::Cancel</title>
			<position>4</position>
			<state>enable</state>
			<link>NetworkSetFenu</link>
			<action>DoNetworkSet</action>
			<visible>True</visible>
			<forecolor>0,0,0</forecolor>
		</button>
	</fenu>
	<fenu name="CycleInputOk2">
		<escape>
			<state>enable</state>
			<action>ExitCycleInput</action>
			<visible>True</visible>
		</escape>
		<button>
			<title>STR::Fenu::CycleInputOk2::InputOk</title>
			<position>1</position>
			<state>enable</state>
			<action>ScrCanCycle_DoInputOk</action>
		</button>
	</fenu>
	<fenu name="FileDialogMgr">
		<button>
			<title>STR::Fenu::SelectItem::OK</title>
			<position>1</position>
		</button>
		<button>
			<title>STR::Fenu::SelectItem::ChangeItem</title>
			<position>2</position>
		</button>
		<button>
			<title>STR::Fenu::SelectItem::Cancel</title>
			<position>5</position>
		</button>
	</fenu>
	<fenu name="SelectItem_Backup">
		<escape>
			<state></state>
			<visible>True</visible>
			<action>DoBackToSysFile</action>
		</escape>
		<button>
			<title>STR::Fenu::Select:Next</title>
			<position>1</position>
			<action>DoSelectBackupLoc</action>
		</button>
		<button>
			<title>STR::Fenu::SelectItem::ChangeItem</title>
			<position>2</position>
		</button>
		<button>
			<title>STR::Fenu::SelectItem::Enter</title>
			<position>3</position>
		</button>
		<button>
			<title>STR::Fenu::SelectItem::Cancel</title>
			<position>5</position>
			<action>FENULINKTO_..</action>
		</button>
</fenu>
	<fenu name="SelectItem_FileName">
		<escape>
			<state></state>
			<visible>True</visible>
			<actions>
				<action>DoExitEditFileName</action>
				<action>DoSelectBackupLoc</action>
			</actions>
		</escape>
		<button>
			<title>STR::Fenu::Select:Next</title>
			<position>1</position>
			<actions>
				<action>DoEditFileCommit</action>
			</actions>
			<link>SelectItem_FileComment</link>
		</button>
		<button>
			<title>STR::Fenu::SelectItem::Cancel</title>
			<position>5</position>
			<action>FENULINKTO_..</action>
		</button>
	</fenu>
	<fenu name="SelectItem_InsternalSB">
		<escape>
			<state></state>
			<visible>True</visible>
			<action>DoSelectBackupLoc</action>
		</escape>
		<button>
			<title>STR::Fenu::SelectItem::OK</title>
			<position>1</position>
			<action>DoBackSys</action>
		</button>
		<button>
			<title>STR::Fenu::SelectItem::Cancel</title>
			<position>5</position>
			<action>FENULINKTO_..</action>
		</button>
	</fenu>
	<fenu name="SelectItem_FileComment">
		<escape>
			<state></state>
			<visible>True</visible>
			<action>DoEditFileName</action>
		</escape>
		<button>
			<title>STR::Fenu::Select:Next</title>
			<position>1</position>
			<action>DoQueryTips</action>
			<link>SelectItem_BackupCompelete</link>
		</button>
		<button>
			<title>STR::Fenu::SelectItem::Cancel</title>
			<position>5</position>
			<action>FENULINKTO_..</action>
		</button>
	</fenu>
	<fenu name="SelectItem_BackupCompelete">
		<escape>
			<state></state>
			<visible>True</visible>
			<action>DoBackEditFileCommit</action>
		</escape>
		<button>
			<title>STR::Fenu::SelectItem::OK</title>
			<position>1</position>
			<action>DoBackSys</action>
		</button>
		<button>
			<title>STR::Fenu::SelectItem::Cancel</title>
			<position>5</position>
			<action>FENULINKTO_..</action>
		</button>
	</fenu>
	<fenu name="SelectItem_Restore">
		<escape>
			<state></state>
			<visible>True</visible>
			<actions>
				<action>DoBackToSysFile</action>
				<action>DoRestoreFileLoc</action>
			</actions>
		</escape>
		<button>
			<title>STR::Fenu::Select:Next</title>
			<position>1</position>
			<actions>
				<action>FENULINKTO_SelectItem_RestoreCompelete</action>
				<action>DoQueryTips</action>
			</actions>
		</button>
		<button>
			<title>STR::Fenu::SelectItem::ChangeItem</title>
			<position>2</position>
		</button>
		<button>
			<title>STR::Fenu::SelectItem::Enter</title>
			<position>3</position>
		</button>
		<button>
			<title>STR::Fenu::SelectItem::Cancel</title>
			<position>5</position>
			<action>FENULINKTO_..</action>
		</button>
	</fenu>
	<fenu name="SelectItem_RestoreCompelete">
		<escape>
			<state></state>
			<visible>True</visible>
			<action>DoBackRestoreSelect</action>
		</escape>
		<button>
			<title>STR::Fenu::SelectItem::OK</title>
			<position>1</position>
			<action>DoInstallSys</action>
		</button>
		<button>
			<title>STR::Fenu::SelectItem::Cancel</title>
			<position>5</position>
			<action>FENULINKTO_..</action>
		</button>
	</fenu>
	<fenu name="SelectItem_UserBackupCompelete">
		<escape>
			<state></state>
			<visible>True</visible>
			<actions>
				<action>DoShowBackupTips</action>
				<action>DoReturnBackSys</action>
			</actions>
		</escape>
		<button>
			<title>STR::Fenu::SelectItem::OK</title>
			<position>1</position>
			<actions>
				<action>FENULINKTO_OK</action>
				<action>DoUserBackSys</action>
			</actions>
		</button>
		<button>
			<title>STR::Fenu::SelectItem::Cancel</title>
			<position>5</position>
			<action>FENULINKTO_..</action>
		</button>
	</fenu>
	<fenu name="BackupTips">
		<escape>
			<state></state>
			<visible>True</visible>
			<action>ShowMenuDiagnostic</action>
		</escape>
		<button>
			<title>STR::Fenu::Select:Next</title>
			<position>1</position>
			<actions>
				<action>DoBackSysAndSelectAll</action>
			</actions>
		</button>
	</fenu>
	<fenu name="UserBackupFileDialog">
		<escape>
			<state></state>
			<visible>True</visible>
			<action>FENULINKTO_BackupTips</action>
		</escape>
		<button>
			<title>STR::Fenu::Select:Next</title>
			<position>1</position>
		</button>
		<button>
			<title>STR::Fenu::SelectItem::ChangeItem</title>
			<position>2</position>
		</button>
		<button>
			<title>STR::Fenu::SelectItem::Cancel</title>
			<position>5</position>
		</button>
	</fenu>
	<fenu name="BackupFileDialog">
		<escape>
			<state></state>
			<visible>True</visible>
			<actions>
				<action>FENULINKTO_SelectItem_Backup</action>
				<action>DoShowBackSelectItem</action>
			</actions>
		</escape>
		<button>
			<title>STR::Fenu::Select:Next</title>
			<position>1</position>
		</button>
		<button>
			<title>STR::Fenu::SelectItem::ChangeItem</title>
			<position>2</position>
		</button>
		<button>
			<title>STR::Fenu::SelectItem::Cancel</title>
			<position>5</position>
		</button>
	</fenu>
	<fenu name="RestoreFileDialog">
		<escape>
			<state></state>
			<visible>True</visible>
			<action>DoBackToSysFile</action>
		</escape>
		<button>
			<title>STR::Fenu::Select:Next</title>
			<position>1</position>
		</button>
		<button>
			<title>STR::Fenu::SelectItem::ChangeItem</title>
			<position>2</position>
		</button>
		<button>
			<title>STR::Fenu::SelectItem::Cancel</title>
			<position>5</position>
		</button>
	</fenu>
	<fenu name="EnterSysFileManager">
		<escape>
			<state></state>
			<visible>True</visible>
			<action>DoBackToSysFile</action>
		</escape>
		<button>
			<title>STR::Fenu::SysFile:SysFileManager</title>
			<position>1</position>
			<link>SysFileManager</link>
		</button>
		<button>
			<title>STR::Fenu::SysFile:MacroManager</title>
			<position>2</position>
			<link>MacroManager</link>
		</button>
		<button>
			<title>STR::Fenu::SysFile:OCResManager</title>
			<position>3</position>
			<link>OCResManager</link>
			<visible>False</visible>
		</button>
	</fenu>
	<fenu name="SysFileManager">
		<button>
			<title>STR::Fenu::SysFile:Import</title>
			<position>1</position>
			<action>DoSysFileImport</action>
			<link>SysFileImport</link>
		</button>
		<button>
			<title>STR::Fenu::SysFile:Export</title>
			<position>2</position>
			<action>DoSysFileExportSelect</action>
			<link>SysFileE_Item_Select</link>
		</button>
	</fenu>
	<fenu name="OCResManager">
		<button>
			<title>STR::Fenu::SysFile:Import</title>
			<position>1</position>
		</button>
		<button>
			<title>STR::Fenu::SysFile:Export</title>
			<position>2</position>
		</button>
	</fenu>
	<fenu name="MacroManager">
		<button>
			<title>STR::Fenu::SysFile:Import</title>
			<position>1</position>
			<action>ShowImportMacro</action>
			<link>MacroImport</link>
		</button>
		<button>
			<title>STR::Fenu::SysFile:Export</title>
			<position>2</position>
			<action>ShowExportMacro</action>
			<link>MacroExport</link>
		</button>
		<button>
			<position>3</position>
			<title>Str::Fenu::ProgramFileManager::DelFile</title>
			<actions>
				<action>FENULINKTO_FileDeleteMenu</action>
				<action>DoDelFenu</action>
			</actions>
		</button>
	</fenu>
	<fenu name="SysFileE_Item_Select">
		<escape>
			<state></state>
			<visible>True</visible>
			<action>DoShowSysFileTips</action>
		</escape>
		<button>
			<title>STR::Fenu::Select:Next</title>
			<position>1</position>
			<action>DoSelectE_SysFileLoc</action>
		</button>
		<button>
			<title>STR::Fenu::SelectItem::ChangeItem</title>
			<position>2</position>
		</button>
		<button>
			<title>STR::Fenu::SelectItem::Enter</title>
			<position>3</position>
		</button>
		<button>
			<title>STR::Fenu::SelectItem::Cancel</title>
			<position>5</position>
			<action>FENULINKTO_..</action>
		</button>
	</fenu>
	<fenu name="SysFileE_Item_FileDialog">
		<escape>
			<state></state>
			<visible>True</visible>
			<action>DoSysFileExportSelect</action>
		</escape>
		<button>
			<title>STR::Fenu::Select:Next</title>
			<position>1</position>
		</button>
		<button>
			<title>STR::Fenu::SelectItem::ChangeItem</title>
			<position>2</position>
		</button>
		<button>
			<title>STR::Fenu::SelectItem::Cancel</title>
			<position>5</position>
		</button>
	</fenu>
	<fenu name="SysFileE_Item_Compelete">
		<escape>
			<state></state>
			<visible>True</visible>
			<actions>
				<action>DoSysFileExportSelect</action>
				<action>DoSelectE_SysFileLoc</action>
			</actions>
		</escape>
		<button>
			<title>STR::Fenu::SelectItem::OK</title>
			<position>1</position>
			<action>DoExportSysFile</action>
		</button>
		<button>
			<title>STR::Fenu::SelectItem::Cancel</title>
			<position>5</position>
			<actions>
				<action>FENULINKTO_..</action>
				<action>FENULINKTO_..</action>
			</actions>
		</button>
	</fenu>
	<fenu name="SysFileImport">
		<escape>
			<state></state>
			<visible>True</visible>
			<actions>
				<action>DoFileI_E_Exit</action>
				<action>DoShowSysFileTips</action>
			</actions>
		</escape>
		<button>
			<title>STR::Fenu::Select:Next</title>
			<position>1</position>
			<actions>
				<action>FENULINKTO_SysFileI_Compelete</action>
				<action>DoI_SysFileQueryTips</action>
			</actions>
		</button>
		<button>
			<title>Str::Fenu::FileMgr::Select</title>
			<position>2</position>
			<action>DoI_E_SelectFile</action>
		</button>
		<button>
			<title>Str::Fenu::FileMgr::SelectAll</title>
			<position>3</position>
			<action>DoI_E_SelectAll</action>
		</button>
		<button>
			<title>Str::Fenu::FileMgr::CancelSelect</title>
			<position>4</position>
			<action>DoI_E_SelectCancel</action>
		</button>
		<button>
			<title>Str::Fenu::FileMgr::DeviceChange</title>
			<position>5</position>
			<action>DoI_E_DeviceChange</action>
		</button>
		<next>
			<link>SysFileImportNext</link>
			<state>enable</state>
		</next>
	</fenu>
	<fenu name="SysFileImportNext">
		<button>
			<title>STR::Fenu::SelectItem::Cancel</title>
			<position>3</position>
			<actions>
				<action>FENULINKTO_..</action>
				<action>FENULINKTO_..</action>
			</actions>
		</button>
	</fenu>
	<fenu name="SysFileI_Compelete">
		<escape>
			<state></state>
			<visible>True</visible>
			<action>DoReturnSysFileImport</action>
		</escape>
		<button>
			<title>STR::Fenu::SelectItem::OK</title>
			<position>1</position>
			<action>DoImportSysFile</action>
		</button>
		<button>
			<title>STR::Fenu::SelectItem::Cancel</title>
			<position>5</position>
			<action>FENULINKTO_..</action>
		</button>
	</fenu>
	<fenu name="MacroImport">
		<escape>
			<state></state>
			<visible>True</visible>
			<actions>
				<action>DoFileI_E_Exit</action>
				<action>DoShowSysFileTips</action>
			</actions>
		</escape>
		<button>
			<title>STR::Fenu::Select:Next</title>
			<position>1</position>
			<action>DoImportMacro</action>
		</button>
		<button>
			<title>Str::Fenu::FileMgr::Select</title>
			<position>2</position>
			<action>DoI_E_SelectFile</action>
		</button>
		<button>
			<title>Str::Fenu::FileMgr::SelectAll</title>
			<position>3</position>
			<action>DoI_E_SelectAll</action>
		</button>
		<button>
			<title>Str::Fenu::FileMgr::CancelSelect</title>
			<position>4</position>
			<action>DoI_E_SelectCancel</action>
		</button>
		<button>
			<title>Str::Fenu::FileMgr::DeviceChange</title>
			<position>5</position>
			<action>DoI_E_DeviceChange</action>
		</button>
		<next>
			<link>MacroImportNext</link>
			<state>enable</state>
		</next>
	</fenu>
	<fenu name="MacroImportNext">
		<button>
			<title>STR::Fenu::SelectItem::Cancel</title>
			<position>3</position>
			<actions>
				<action>FENULINKTO_..</action>
				<action>FENULINKTO_..</action>
			</actions>
		</button>
	</fenu>
	<fenu name="MacroExport">
		<escape>
			<state></state>
			<visible>True</visible>
			<action>DoShowSysFileTips</action>
		</escape>
		<button>
			<title>STR::Fenu::Select:Next</title>
			<position>1</position>
			<action>DoExportMacro</action>
		</button>
		<button>
			<title>Str::Fenu::FileMgr::Select</title>
			<position>2</position>
			<action>DoI_E_SelectFile</action>
		</button>
		<button>
			<title>Str::Fenu::FileMgr::SelectAll</title>
			<position>3</position>
			<action>DoI_E_SelectAll</action>
		</button>
		<button>
			<title>Str::Fenu::FileMgr::CancelSelect</title>
			<position>4</position>
			<action>DoI_E_SelectCancel</action>
		</button>
		<button>
			<title>Str::Fenu::FileMgr::DeviceChange</title>
			<position>5</position>
			<action>DoI_E_DeviceChange</action>
		</button>
		<next>
			<link>MacroExportNext</link>
			<state>enable</state>
		</next>
	</fenu>
	<fenu name="MacroExportNext">
		<button name="DoSwitchFocus">
			<title>STR::Fenu::FileImportExport::switchFocus</title>
			<position>1</position>
			<state>enable</state>
			<action>Do_I_E_SwitchFocus</action>
			<visible>True</visible>
		</button>
		<button>
			<title>STR::Fenu::SelectItem::Cancel</title>
			<position>3</position>
			<actions>
				<action>FENULINKTO_..</action>
				<action>FENULINKTO_..</action>
			</actions>
		</button>
	</fenu>
	<fenu name="BootPicSuccess">
		<escape>
			<visible>True</visible>
			<actions>
				<action>DoExitBootPic</action>
				<action>DoSelectBootPicture</action>
			</actions>		
		</escape>
		<button>
			<title>STR::Fenu::SelectItem::OK</title>
			<position>1</position>
			<action>DoUpdateBootPicture</action>
		</button>
		<button>
			<title>STR::Fenu::UpdateBootPic::CancelUpdate</title>
			<position>2</position>
			<action>FENULINKTO_..</action>
		</button>
	</fenu>
	<fenu name="ExitBootPic">
		<escape>
			<visible>True</visible>
			<actions>
				<action>FENULINKTO_..</action>
				<action>DoExitBootPic</action>
			</actions>
		</escape>
		<button>
			<title>STR::Fenu::SelectItem::OK</title>
			<position>1</position>
			<action>FENULINKTO_..</action>
		</button>
	</fenu>
	<fenu name="MultiProgram_Mill">
		<escape>
			<action>ShowMenuMain</action>
			<link>main</link>
		</escape>
		<button name="InsertCycle">
			<action>DoInsertCycle</action>
			<position>1</position>
			<title>Str::Fenu::Program::InsertCycle</title>
			<state>enable</state>
			<link>FenuSpace</link>
		</button>
		<button name="DeleteLine">
			<action>DoDeleteLine</action>
			<position>2</position>
			<title>Str::Fenu::Program::DeleteLine</title>
			<state>enable</state>
		</button>
		<button name="EditCycle">
			<action>DoEditCycle</action>
			<position>3</position>
			<title>Str::Fenu::Program::EditCycle</title>
			<state>enable</state>
		</button>
		<button name="MenuEdit">
			<action>ShowMenuEdit</action>
			<position>5</position>
			<title>Str::Fenu::Program::MenuEdit</title>
			<state>enable</state>
			<link>ProgramEdit</link>
		</button>
		<next>
			<link>MultiProgramNext_Mill</link>
			<state>enable</state>
		</next>
	</fenu>
	<fenu name="MultiProgramNext_Mill">
		<button name="MenuSimulation">
			<action>ShowMenuSimulation</action>
			<position>2</position>
			<title>Str::Fenu::Program::MenuSimulation</title>
			<state>enable</state>
			<link>ProgramSimulation</link>
		</button>
		<button name="ProgramFileManager">
			<action>ShowProgramFileMang</action>
			<position>3</position>
			<title>Str::Fenu::Program::ProgramFileMang</title>
			<state>enable</state>
			<link>ProgramFileMang_Mill</link>
		</button>
	</fenu>
	<fenu name="MultiProgram_Lathe">
		<escape>
			<action>ShowMenuMachine</action>
			<link>main</link>
			<state>enable</state>
		</escape>
		<next>
			<link>MultiProgramNext_Lathe</link>
			<state>enable</state>
		</next>
		<button name="Prog_ToRun">
			<title>Str::Fenu::ProgramFileManager::ToMainProgAndRun</title>
			<position>1</position>
			<state>enable</state>
			<action>AssignEditFileToMainProg</action>
			<visible>True</visible>
		</button>
		<button name="DeleteLine">
			<title>Str::Fenu::Program::DeleteLine</title>
			<position>2</position>
			<state>enable</state>
			<action>DoDeleteLine</action>
			<visible>True</visible>
		</button>
		<button name="SelectProgram">
			<title>STR::Fenu::MultiProgram::Select Program</title>
			<position>3</position>
			<state>enable</state>
			<action>ChangeMenuProgram</action>
			<visible>True</visible>
		</button>
		<button name="ProgramFileManager">
			<action>ShowProgramFileMang</action>
			<position>4</position>
			<title>Str::Fenu::Program::ProgramFileMang</title>
			<state>enable</state>
			<link>ProgramFileMang_Lathe</link>
		</button>
		<button name="MenuSimulation">
			<action>ShowMenuSimulation</action>
			<position>5</position>
			<title>Str::Fenu::Program::MenuSimulation</title>
			<state>enable</state>
			<link>ProgramSimulation</link>
		</button>
	</fenu>
	<fenu name="MultiProgramNext_Lathe">
		<escape>
			<status>enable</status>
			<link>MultiProgram_Lathe</link>
		</escape>
		<button>
			<title>Str::Fenu::Program::Cycle</title>
			<position>1</position>
			<state>enable</state>
			<link>Cycle</link>
			<visible>True</visible>
		</button>
		<button>
			<action>ShowBlockMenu</action>
			<position>2</position>
			<title>Str::Fenu::ProgramEdit::BlockMenu</title>
			<state>enable</state>
			<link>BlockEdit</link>
		</button>
		<button>
			<action>ShowMenuReplace</action>
			<position>3</position>
			<title>Str::Fenu::ProgramEdit::MenuSearchReplace</title>
			<state>enable</state>
			<link>ProgramReplace</link>
		</button>		
	</fenu>
</root>
