﻿<?xml version="1.0" encoding="utf-8" ?>
<ResMap>
	<!-- ================ SYNTEC Parameter ===================== -->
	<Message ID="MMI::DriverParameter::SYNTEC::P0" Content="通訊參數" />
	<Message ID="MMI::DriverParameter::SYNTEC::P0-00" Content="*上位控制器通訊介面" />
	<Message ID="MMI::DriverParameter::SYNTEC::P0-01" Content="*驅動器局號" />
	<Message ID="MMI::DriverParameter::SYNTEC::P0-02" Content="*UART傳輸速率" />
	<Message ID="MMI::DriverParameter::SYNTEC::P0-03" Content="*UART封包協定" />
	<Message ID="MMI::DriverParameter::SYNTEC::P0-04" Content="P0-04" />
	<Message ID="MMI::DriverParameter::SYNTEC::P0-05" Content="P0-05" />
	<Message ID="MMI::DriverParameter::SYNTEC::P0-06" Content="P0-06" />
	<Message ID="MMI::DriverParameter::SYNTEC::P0-07" Content="P0-07" />
	<Message ID="MMI::DriverParameter::SYNTEC::P0-08" Content="P0-08" />
	<Message ID="MMI::DriverParameter::SYNTEC::P0-09" Content="P0-09" />
	<Message ID="MMI::DriverParameter::SYNTEC::P1" Content="配機參數" />
	<Message ID="MMI::DriverParameter::SYNTEC::P1-00" Content="控制模式" />
	<Message ID="MMI::DriverParameter::SYNTEC::P1-01" Content="速度控制模式" />
	<Message ID="MMI::DriverParameter::SYNTEC::P1-02" Content="P1-02" />
	<Message ID="MMI::DriverParameter::SYNTEC::P1-03" Content="P1-03" />
	<Message ID="MMI::DriverParameter::SYNTEC::P1-04" Content="P1-04" />
	<Message ID="MMI::DriverParameter::SYNTEC::P1-05" Content="P1-05" />
	<Message ID="MMI::DriverParameter::SYNTEC::P1-06" Content="P1-06" />
	<Message ID="MMI::DriverParameter::SYNTEC::P1-07" Content="P1-07" />
	<Message ID="MMI::DriverParameter::SYNTEC::P1-08" Content="P1-08" />
	<Message ID="MMI::DriverParameter::SYNTEC::P1-09" Content="P1-09" />
	<Message ID="MMI::DriverParameter::SYNTEC::P1-20" Content="外接回生電阻歐姆數" />
	<Message ID="MMI::DriverParameter::SYNTEC::P1-21" Content="外接回生電阻瓦特數" />
	<Message ID="MMI::DriverParameter::SYNTEC::P1-22" Content="P1-22" />
	<Message ID="MMI::DriverParameter::SYNTEC::P1-23" Content="P1-23" />
	<Message ID="MMI::DriverParameter::SYNTEC::P1-24" Content="P1-24" />
	<Message ID="MMI::DriverParameter::SYNTEC::P1-25" Content="P1-25" />
	<Message ID="MMI::DriverParameter::SYNTEC::P1-26" Content="P1-26" />
	<Message ID="MMI::DriverParameter::SYNTEC::P1-27" Content="P1-27" />
	<Message ID="MMI::DriverParameter::SYNTEC::P1-28" Content="P1-28" />
	<Message ID="MMI::DriverParameter::SYNTEC::P1-29" Content="P1-29" />
	<Message ID="MMI::DriverParameter::SYNTEC::P1-30" Content="開啟驅動器KTY84過溫度保護功能" />
	<Message ID="MMI::DriverParameter::SYNTEC::P1-31" Content="驅動器KTY84過溫度保護準位" />
	<Message ID="MMI::DriverParameter::SYNTEC::P1-32" Content="開啟第一回授新代編碼器內部KTY84過溫度保護功能" />
	<Message ID="MMI::DriverParameter::SYNTEC::P1-33" Content="第一回授新代編碼器內部KTY84過溫度保護準位" />
	<Message ID="MMI::DriverParameter::SYNTEC::P1-34" Content="開啟第一回授新代編碼器外接KTY84過溫度保護功能" />
	<Message ID="MMI::DriverParameter::SYNTEC::P1-35" Content="第一回授新代編碼器外接KTY84過溫度保護準位" />
	<Message ID="MMI::DriverParameter::SYNTEC::P1-36" Content="開啟第二回授新代編碼器內部KTY84過溫度保護功能" />
	<Message ID="MMI::DriverParameter::SYNTEC::P1-37" Content="第二回授新代編碼器內部KTY84過溫度保護準位" />
	<Message ID="MMI::DriverParameter::SYNTEC::P1-38" Content="開啟第二回授新代編碼器外接KTY84過溫度保護功能" />
	<Message ID="MMI::DriverParameter::SYNTEC::P1-39" Content="第二回授新代編碼器外接KTY84過溫度保護準位" />
	<Message ID="MMI::DriverParameter::SYNTEC::P1-40" Content="I0對應功能" />
	<Message ID="MMI::DriverParameter::SYNTEC::P1-41" Content="I1對應功能" />
	<Message ID="MMI::DriverParameter::SYNTEC::P1-42" Content="I2對應功能" />
	<Message ID="MMI::DriverParameter::SYNTEC::P1-43" Content="I3對應功能" />
	<Message ID="MMI::DriverParameter::SYNTEC::P1-44" Content="I4對應功能" />
	<Message ID="MMI::DriverParameter::SYNTEC::P1-45" Content="I5對應功能" />
	<Message ID="MMI::DriverParameter::SYNTEC::P1-46" Content="I6對應功能" />
	<Message ID="MMI::DriverParameter::SYNTEC::P1-47" Content="I7對應功能" />
	<Message ID="MMI::DriverParameter::SYNTEC::P1-48" Content="I8對應功能" />
	<Message ID="MMI::DriverParameter::SYNTEC::P1-49" Content="I9對應功能" />
	<Message ID="MMI::DriverParameter::SYNTEC::P1-50" Content="I10對應功能" />
	<Message ID="MMI::DriverParameter::SYNTEC::P1-51" Content="I11對應功能" />
	<Message ID="MMI::DriverParameter::SYNTEC::P1-52" Content="I12對應功能" />
	<Message ID="MMI::DriverParameter::SYNTEC::P1-53" Content="I13對應功能" />
	<Message ID="MMI::DriverParameter::SYNTEC::P1-54" Content="I14對應功能" />
	<Message ID="MMI::DriverParameter::SYNTEC::P1-55" Content="I15對應功能" />
	<Message ID="MMI::DriverParameter::SYNTEC::P1-56" Content="P1-56" />
	<Message ID="MMI::DriverParameter::SYNTEC::P1-57" Content="P1-57" />
	<Message ID="MMI::DriverParameter::SYNTEC::P1-58" Content="P1-58" />
	<Message ID="MMI::DriverParameter::SYNTEC::P1-59" Content="P1-59" />
	<Message ID="MMI::DriverParameter::SYNTEC::P1-60" Content="O0對應功能" />
	<Message ID="MMI::DriverParameter::SYNTEC::P1-61" Content="O1對應功能" />
	<Message ID="MMI::DriverParameter::SYNTEC::P1-62" Content="O2對應功能" />
	<Message ID="MMI::DriverParameter::SYNTEC::P1-63" Content="O3對應功能" />
	<Message ID="MMI::DriverParameter::SYNTEC::P1-64" Content="O4對應功能" />
	<Message ID="MMI::DriverParameter::SYNTEC::P1-65" Content="O5對應功能" />
	<Message ID="MMI::DriverParameter::SYNTEC::P1-66" Content="O6對應功能" />
	<Message ID="MMI::DriverParameter::SYNTEC::P1-67" Content="O7對應功能" />
	<Message ID="MMI::DriverParameter::SYNTEC::P1-68" Content="O8對應功能" />
	<Message ID="MMI::DriverParameter::SYNTEC::P1-69" Content="O9對應功能" />
	<Message ID="MMI::DriverParameter::SYNTEC::P1-70" Content="O10對應功能" />
	<Message ID="MMI::DriverParameter::SYNTEC::P1-71" Content="O11對應功能" />
	<Message ID="MMI::DriverParameter::SYNTEC::P1-72" Content="O12對應功能" />
	<Message ID="MMI::DriverParameter::SYNTEC::P1-73" Content="O13對應功能" />
	<Message ID="MMI::DriverParameter::SYNTEC::P1-74" Content="O14對應功能" />
	<Message ID="MMI::DriverParameter::SYNTEC::P1-75" Content="O15對應功能" />
	<Message ID="MMI::DriverParameter::SYNTEC::P1-76" Content="P1-76" />
	<Message ID="MMI::DriverParameter::SYNTEC::P1-77" Content="P1-77" />
	<Message ID="MMI::DriverParameter::SYNTEC::P1-78" Content="P1-78" />
	<Message ID="MMI::DriverParameter::SYNTEC::P1-79" Content="P1-79" />
	<Message ID="MMI::DriverParameter::SYNTEC::P2" Content="機電整合調機參數" />
	<Message ID="MMI::DriverParameter::SYNTEC::P2-00" Content="位置命令解析度" />
	<Message ID="MMI::DriverParameter::SYNTEC::P2-01" Content="位置回路增益" />
	<Message ID="MMI::DriverParameter::SYNTEC::P2-02" Content="速度回路增益" />
	<Message ID="MMI::DriverParameter::SYNTEC::P2-03" Content="速度回路積分時間常數" />
	<Message ID="MMI::DriverParameter::SYNTEC::P2-04" Content="速度濾波頻寬" />
	<Message ID="MMI::DriverParameter::SYNTEC::P2-05" Content="負載慣量比" />
	<Message ID="MMI::DriverParameter::SYNTEC::P2-06" Content="扭力命令濾波時間常數" />
	<Message ID="MMI::DriverParameter::SYNTEC::P2-07" Content="弱磁控制電壓準位" />
	<Message ID="MMI::DriverParameter::SYNTEC::P2-08" Content="P2-08" />
	<Message ID="MMI::DriverParameter::SYNTEC::P2-09" Content="P2-09" />
	<Message ID="MMI::DriverParameter::SYNTEC::P2-10" Content="P2-10" />
	<Message ID="MMI::DriverParameter::SYNTEC::P2-11" Content="P2-11" />
	<Message ID="MMI::DriverParameter::SYNTEC::P2-12" Content="P2-12" />
	<Message ID="MMI::DriverParameter::SYNTEC::P2-13" Content="P2-13" />
	<Message ID="MMI::DriverParameter::SYNTEC::P2-14" Content="P2-14" />
	<Message ID="MMI::DriverParameter::SYNTEC::P2-15" Content="P2-15" />
	<Message ID="MMI::DriverParameter::SYNTEC::P2-16" Content="P2-16" />
	<Message ID="MMI::DriverParameter::SYNTEC::P2-17" Content="P2-17" />
	<Message ID="MMI::DriverParameter::SYNTEC::P2-18" Content="P2-18" />
	<Message ID="MMI::DriverParameter::SYNTEC::P2-19" Content="P2-19" />
	<Message ID="MMI::DriverParameter::SYNTEC::P2-20" Content="擾動補償功能(0:閉;1:開)" />
	<Message ID="MMI::DriverParameter::SYNTEC::P2-21" Content="速度估測器(0:閉;1:開)" />
	<Message ID="MMI::DriverParameter::SYNTEC::P2-22" Content="慣量估測命令來源" />
	<Message ID="MMI::DriverParameter::SYNTEC::P2-23" Content="機構耦合型態" />
	<Message ID="MMI::DriverParameter::SYNTEC::P2-24" Content="P2-24" />
	<Message ID="MMI::DriverParameter::SYNTEC::P2-25" Content="P2-25" />
	<Message ID="MMI::DriverParameter::SYNTEC::P2-26" Content="P2-26" />
	<Message ID="MMI::DriverParameter::SYNTEC::P2-27" Content="P2-27" />
	<Message ID="MMI::DriverParameter::SYNTEC::P2-28" Content="P2-28" />
	<Message ID="MMI::DriverParameter::SYNTEC::P2-29" Content="P2-29" />
	<Message ID="MMI::DriverParameter::SYNTEC::P2-30" Content="開啟自訂V/f曲線(0:使用內定曲線;1:使用自訂曲線)" />
	<Message ID="MMI::DriverParameter::SYNTEC::P2-31" Content="V/f操作曲線第一輸出頻率" />
	<Message ID="MMI::DriverParameter::SYNTEC::P2-32" Content="V/f操作曲線第一輸出電壓" />
	<Message ID="MMI::DriverParameter::SYNTEC::P2-33" Content="V/f操作曲線第二輸出頻率" />
	<Message ID="MMI::DriverParameter::SYNTEC::P2-34" Content="V/f操作曲線第二輸出電壓" />
	<Message ID="MMI::DriverParameter::SYNTEC::P2-80" Content="第一段Notch Filter開關" />
	<Message ID="MMI::DriverParameter::SYNTEC::P2-81" Content="第一段Notch Filter頻率" />
	<Message ID="MMI::DriverParameter::SYNTEC::P2-82" Content="第一段Notch Filter Q值" />
	<Message ID="MMI::DriverParameter::SYNTEC::P2-83" Content="第一段Notch Filter深度" />
	<Message ID="MMI::DriverParameter::SYNTEC::P2-84" Content="第二段Notch Filter開關" />
	<Message ID="MMI::DriverParameter::SYNTEC::P2-85" Content="第二段Notch Filter頻率" />
	<Message ID="MMI::DriverParameter::SYNTEC::P2-86" Content="第二段Notch Filter Q值" />
	<Message ID="MMI::DriverParameter::SYNTEC::P2-87" Content="第二段Notch Filter深度" />
	<Message ID="MMI::DriverParameter::SYNTEC::P2-88" Content="第三段Notch Filter開關" />
	<Message ID="MMI::DriverParameter::SYNTEC::P2-89" Content="第三段Notch Filter頻率" />
	<Message ID="MMI::DriverParameter::SYNTEC::P2-90" Content="第三段Notch Filter Q值" />
	<Message ID="MMI::DriverParameter::SYNTEC::P2-91" Content="第三段Notch Filter深度" />
	<Message ID="MMI::DriverParameter::SYNTEC::P3" Content="馬達規格參數" />
	<Message ID="MMI::DriverParameter::SYNTEC::P3-00" Content="馬達型態" />
	<Message ID="MMI::DriverParameter::SYNTEC::P3-01" Content="馬達極數" />
	<Message ID="MMI::DriverParameter::SYNTEC::P3-02" Content="磁石極對間距(N-N)" />
	<Message ID="MMI::DriverParameter::SYNTEC::P3-03" Content="電機型號" />
	<Message ID="MMI::DriverParameter::SYNTEC::P3-04" Content="電機序號" />
	<Message ID="MMI::DriverParameter::SYNTEC::P3-05" Content="P3-05" />
	<Message ID="MMI::DriverParameter::SYNTEC::P3-06" Content="P3-06" />
	<Message ID="MMI::DriverParameter::SYNTEC::P3-07" Content="P3-07" />
	<Message ID="MMI::DriverParameter::SYNTEC::P3-08" Content="P3-08" />
	<Message ID="MMI::DriverParameter::SYNTEC::P3-09" Content="P3-09" />
	<Message ID="MMI::DriverParameter::SYNTEC::P3-10" Content="馬達額定扭矩" />
	<Message ID="MMI::DriverParameter::SYNTEC::P3-11" Content="馬達最大扭矩" />
	<Message ID="MMI::DriverParameter::SYNTEC::P3-12" Content="馬達額定轉速" />
	<Message ID="MMI::DriverParameter::SYNTEC::P3-13" Content="馬達最高轉速" />
	<Message ID="MMI::DriverParameter::SYNTEC::P3-14" Content="馬達額定電流" />
	<Message ID="MMI::DriverParameter::SYNTEC::P3-15" Content="感應電機額定電壓" />
	<Message ID="MMI::DriverParameter::SYNTEC::P3-16" Content="P3-16" />
	<Message ID="MMI::DriverParameter::SYNTEC::P3-17" Content="P3-17" />
	<Message ID="MMI::DriverParameter::SYNTEC::P3-18" Content="P3-18" />
	<Message ID="MMI::DriverParameter::SYNTEC::P3-19" Content="P3-19" />
	<Message ID="MMI::DriverParameter::SYNTEC::P3-20" Content="*編碼器通訊介面型態" />
	<Message ID="MMI::DriverParameter::SYNTEC::P3-21" Content="*編碼器解析度" />
	<Message ID="MMI::DriverParameter::SYNTEC::P3-22" Content="*編碼器回授方向極性" />
	<Message ID="MMI::DriverParameter::SYNTEC::P3-23" Content="*編碼器增量/絕對型態" />
	<Message ID="MMI::DriverParameter::SYNTEC::P3-24" Content="啟動ABZ編碼器時間解碼功能" />
	<Message ID="MMI::DriverParameter::SYNTEC::P3-25" Content="編碼器SIN準位偏移量" />
	<Message ID="MMI::DriverParameter::SYNTEC::P3-26" Content="編碼器COS準位偏移量" />
	<Message ID="MMI::DriverParameter::SYNTEC::P3-27" Content="編碼器SIN振幅補正量" />
	<Message ID="MMI::DriverParameter::SYNTEC::P3-28" Content="編碼器COS振幅補正量" />
	<Message ID="MMI::DriverParameter::SYNTEC::P3-29" Content="編碼器正餘弦相位角" />
	<Message ID="MMI::DriverParameter::SYNTEC::P3-30" Content="編碼器極數" />
	<Message ID="MMI::DriverParameter::SYNTEC::P3-31" Content="編碼器節距補償個數" />
	<Message ID="MMI::DriverParameter::SYNTEC::P3-32" Content="編碼器參數儲存保護" />
	<Message ID="MMI::DriverParameter::SYNTEC::P3-33" Content="編碼器感測版型態" />
	<Message ID="MMI::DriverParameter::SYNTEC::P4" Content="馬達調機參數" />
	<Message ID="MMI::DriverParameter::SYNTEC::P4-00" Content="電機激磁軸感抗" />
	<Message ID="MMI::DriverParameter::SYNTEC::P4-01" Content="電機扭力軸感抗" />
	<Message ID="MMI::DriverParameter::SYNTEC::P4-02" Content="電機阻抗" />
	<Message ID="MMI::DriverParameter::SYNTEC::P4-03" Content="感應電機漏感比" />
	<Message ID="MMI::DriverParameter::SYNTEC::P4-04" Content="感應電機激磁電流" />
	<Message ID="MMI::DriverParameter::SYNTEC::P4-05" Content="感應電機轉子時間常數" />
	<Message ID="MMI::DriverParameter::SYNTEC::P4-06" Content="P4-06" />
	<Message ID="MMI::DriverParameter::SYNTEC::P4-07" Content="P4-07" />
	<Message ID="MMI::DriverParameter::SYNTEC::P4-08" Content="P4-08" />
	<Message ID="MMI::DriverParameter::SYNTEC::P4-09" Content="P4-09" />
	<Message ID="MMI::DriverParameter::SYNTEC::P4-10" Content="P4-10" />
	<Message ID="MMI::DriverParameter::SYNTEC::P4-11" Content="P4-11" />
	<Message ID="MMI::DriverParameter::SYNTEC::P4-12" Content="P4-12" />
	<Message ID="MMI::DriverParameter::SYNTEC::P4-13" Content="P4-13" />
	<Message ID="MMI::DriverParameter::SYNTEC::P4-14" Content="P4-14" />
	<Message ID="MMI::DriverParameter::SYNTEC::P4-15" Content="P4-15" />
	<Message ID="MMI::DriverParameter::SYNTEC::P4-16" Content="P4-16" />
	<Message ID="MMI::DriverParameter::SYNTEC::P4-17" Content="P4-17" />
	<Message ID="MMI::DriverParameter::SYNTEC::P4-18" Content="P4-18" />
	<Message ID="MMI::DriverParameter::SYNTEC::P4-19" Content="P4-19" />
	<Message ID="MMI::DriverParameter::SYNTEC::P4-20" Content="轉子慣量" />
	<Message ID="MMI::DriverParameter::SYNTEC::P4-21" Content="機械常數" />
	<Message ID="MMI::DriverParameter::SYNTEC::P4-22" Content="編碼器轉子補正量" />
	<Message ID="MMI::DriverParameter::SYNTEC::P4-23" Content="P4-23" />
	<Message ID="MMI::DriverParameter::SYNTEC::P4-24" Content="P4-24" />
	<Message ID="MMI::DriverParameter::SYNTEC::P4-25" Content="P4-25" />
	<Message ID="MMI::DriverParameter::SYNTEC::P4-26" Content="P4-26" />
	<Message ID="MMI::DriverParameter::SYNTEC::P4-27" Content="P4-27" />
	<Message ID="MMI::DriverParameter::SYNTEC::P4-28" Content="P4-28" />
	<Message ID="MMI::DriverParameter::SYNTEC::P4-29" Content="P4-29" />
	<Message ID="MMI::DriverParameter::SYNTEC::P4-30" Content="電流回路增益" />
	<Message ID="MMI::DriverParameter::SYNTEC::P4-31" Content="電流回路積分時間常數" />
	<Message ID="MMI::DriverParameter::SYNTEC::P4-32" Content="低電流阻抗比" />
	<Message ID="MMI::DriverParameter::SYNTEC::P4-33" Content="P4-33" />
	<Message ID="MMI::DriverParameter::SYNTEC::P4-34" Content="P4-34" />
	<Message ID="MMI::DriverParameter::SYNTEC::P4-35" Content="P4-35" />
	<Message ID="MMI::DriverParameter::SYNTEC::P4-36" Content="P4-36" />
	<Message ID="MMI::DriverParameter::SYNTEC::P4-37" Content="P4-37" />
	<Message ID="MMI::DriverParameter::SYNTEC::P4-38" Content="P4-38" />
	<Message ID="MMI::DriverParameter::SYNTEC::P4-39" Content="P4-39" />
	<Message ID="MMI::DriverParameter::SYNTEC::P4-40" Content="弱磁控制功能(0:閉;1:開)" />
	<Message ID="MMI::DriverParameter::SYNTEC::P4-41" Content="頓轉(Cogging)扭矩補償(0:閉;1:開)" />
	<Message ID="MMI::DriverParameter::SYNTEC::P4-42" Content="摩擦力補償力矩" />
	<Message ID="MMI::DriverParameter::SYNTEC::P4-43" Content="P4-43" />
	<Message ID="MMI::DriverParameter::SYNTEC::P4-44" Content="P4-44" />
	<Message ID="MMI::DriverParameter::SYNTEC::P4-45" Content="P4-45" />
	<Message ID="MMI::DriverParameter::SYNTEC::P4-46" Content="P4-46" />
	<Message ID="MMI::DriverParameter::SYNTEC::P4-47" Content="P4-47" />
	<Message ID="MMI::DriverParameter::SYNTEC::P4-48" Content="P4-48" />
	<Message ID="MMI::DriverParameter::SYNTEC::P4-49" Content="P4-49" />
	<Message ID="MMI::DriverParameter::SYNTEC::P4-50" Content="過負載150%的運轉時間" />
	<Message ID="MMI::DriverParameter::SYNTEC::P5" Content="後級參數" />
	<Message ID="MMI::DriverParameter::SYNTEC::P5-00" Content="電源電壓" />
	<Message ID="MMI::DriverParameter::SYNTEC::P5-01" Content="驅動器尖峰電流" />
	<Message ID="MMI::DriverParameter::SYNTEC::P5-02" Content="驅動器額定電流" />
	<Message ID="MMI::DriverParameter::SYNTEC::P5-03" Content="驅動器最高電流" />
	<Message ID="MMI::DriverParameter::SYNTEC::P5-04" Content="內部回生電阻歐姆數" />
	<Message ID="MMI::DriverParameter::SYNTEC::P5-05" Content="內部回生電阻瓦特數" />
	<Message ID="MMI::DriverParameter::SYNTEC::P5-06" Content="*PWM頻率" />
	<Message ID="MMI::DriverParameter::SYNTEC::P5-07" Content="*後級ID" />
	<Message ID="MMI::DriverParameter::SYNTEC::P5-08" Content="P5-08" />
	<Message ID="MMI::DriverParameter::SYNTEC::P5-09" Content="P5-09" />
	<Message ID="MMI::DriverParameter::SYNTEC::P5-10" Content="P5-10" />
	<Message ID="MMI::DriverParameter::SYNTEC::P5-11" Content="P5-11" />
	<Message ID="MMI::DriverParameter::SYNTEC::P5-12" Content="P5-12" />
	<Message ID="MMI::DriverParameter::SYNTEC::P5-13" Content="P5-13" />
	<Message ID="MMI::DriverParameter::SYNTEC::P5-14" Content="P5-14" />
	<Message ID="MMI::DriverParameter::SYNTEC::P5-15" Content="P5-15" />
	<Message ID="MMI::DriverParameter::SYNTEC::P5-16" Content="P5-16" />
	<Message ID="MMI::DriverParameter::SYNTEC::P5-17" Content="P5-17" />
	<Message ID="MMI::DriverParameter::SYNTEC::P5-18" Content="P5-18" />
	<Message ID="MMI::DriverParameter::SYNTEC::P5-19" Content="P5-19" />
	<Message ID="MMI::DriverParameter::SYNTEC::P5-20" Content="A相電流Offset" />
	<Message ID="MMI::DriverParameter::SYNTEC::P5-21" Content="B相電流Offset" />
	<Message ID="MMI::DriverParameter::SYNTEC::P5-22" Content="C相電流Offset" />
	<Message ID="MMI::DriverParameter::SYNTEC::P5-23" Content="A相電流Scale" />
	<Message ID="MMI::DriverParameter::SYNTEC::P5-24" Content="B相電流Scale" />
	<Message ID="MMI::DriverParameter::SYNTEC::P5-25" Content="C相電流Scale" />
	<Message ID="MMI::DriverParameter::SYNTEC::P5-26" Content="P5-26" />
	<Message ID="MMI::DriverParameter::SYNTEC::P5-27" Content="P5-27" />
	<Message ID="MMI::DriverParameter::SYNTEC::P5-28" Content="P5-28" />
	<Message ID="MMI::DriverParameter::SYNTEC::P5-29" Content="P5-29" />
	<Message ID="MMI::DriverParameter::SYNTEC::P6" Content="特殊應用參數" />
	<Message ID="MMI::DriverParameter::SYNTEC::P6-03" Content="第二光學尺Index Mark型態" />
	<Message ID="MMI::DriverParameter::SYNTEC::P6-04" Content="馬達側齒數" />
	<Message ID="MMI::DriverParameter::SYNTEC::P6-05" Content="螺桿側齒數" />
	<Message ID="MMI::DriverParameter::SYNTEC::P6-06" Content="節距" />
	<Message ID="MMI::DriverParameter::SYNTEC::P6-07" Content="P6-07" />
	<Message ID="MMI::DriverParameter::SYNTEC::P6-08" Content="P6-08" />
	<Message ID="MMI::DriverParameter::SYNTEC::P6-09" Content="P6-09" />
	<Message ID="MMI::DriverParameter::SYNTEC::P6-10" Content="最高加速度" />
	<Message ID="MMI::DriverParameter::SYNTEC::P6-11" Content="最高衝量(JERK)" />
	<Message ID="MMI::DriverParameter::SYNTEC::P6-12" Content="位置檢查視窗範圍" />
	<Message ID="MMI::DriverParameter::SYNTEC::P6-13" Content="上位控制器命令極性" />
	<Message ID="MMI::DriverParameter::SYNTEC::P6-14" Content="速度到達檢查視窗範圍" />
	<Message ID="MMI::DriverParameter::SYNTEC::P6-15" Content="零速到達檢查視窗範圍" />
	<Message ID="MMI::DriverParameter::SYNTEC::P6-16" Content="P6-16" />
	<Message ID="MMI::DriverParameter::SYNTEC::P6-17" Content="P6-17" />
	<Message ID="MMI::DriverParameter::SYNTEC::P6-18" Content="P6-18" />
	<Message ID="MMI::DriverParameter::SYNTEC::P6-19" Content="P6-19" />
	<Message ID="MMI::DriverParameter::SYNTEC::P6-20" Content="主軸定位角度" />
	<Message ID="MMI::DriverParameter::SYNTEC::P6-21" Content="主軸定位零速啟動定位方式" />
	<Message ID="MMI::DriverParameter::SYNTEC::P6-22" Content="P6-22" />
	<Message ID="MMI::DriverParameter::SYNTEC::P6-23" Content="P6-23" />
	<Message ID="MMI::DriverParameter::SYNTEC::P6-24" Content="P6-24" />
	<Message ID="MMI::DriverParameter::SYNTEC::P6-25" Content="P6-25" />
	<Message ID="MMI::DriverParameter::SYNTEC::P6-26" Content="P6-26" />
	<Message ID="MMI::DriverParameter::SYNTEC::P6-27" Content="P6-27" />
	<Message ID="MMI::DriverParameter::SYNTEC::P6-28" Content="P6-28" />
	<Message ID="MMI::DriverParameter::SYNTEC::P6-29" Content="P6-29" />	
	<Message ID="MMI::DriverParameter::SYNTEC::P6-30" Content="過轉矩1功能" />	
	<Message ID="MMI::DriverParameter::SYNTEC::P6-31" Content="過轉矩1準位" />	
	<Message ID="MMI::DriverParameter::SYNTEC::P6-32" Content="過轉矩1檢出時間" />	
	<Message ID="MMI::DriverParameter::SYNTEC::P6-33" Content="過轉矩2功能" />	
	<Message ID="MMI::DriverParameter::SYNTEC::P6-34" Content="過轉矩2準位" />	
	<Message ID="MMI::DriverParameter::SYNTEC::P6-35" Content="過轉矩2檢出時間" />	
	<Message ID="MMI::DriverParameter::SYNTEC::P6-36" Content="P6-36" />
	<Message ID="MMI::DriverParameter::SYNTEC::P6-37" Content="P6-37" />
	<Message ID="MMI::DriverParameter::SYNTEC::P6-38" Content="P6-38" />
	<Message ID="MMI::DriverParameter::SYNTEC::P6-39" Content="P6-39" />	
	<Message ID="MMI::DriverParameter::SYNTEC::P6-40" Content="內外回授位置誤差過大警報檢查值" />	
	<Message ID="MMI::DriverParameter::SYNTEC::P6-41" Content="雙回授位置濾波時間常數" />	
	<Message ID="MMI::DriverParameter::SYNTEC::P6-42" Content="*開啟雙回授控制模式" />
	<Message ID="MMI::DriverParameter::SYNTEC::P6-80" Content="*第二編碼器通訊介面型態" />
	<Message ID="MMI::DriverParameter::SYNTEC::P6-81" Content="*第二編碼器解析度" />
	<Message ID="MMI::DriverParameter::SYNTEC::P6-82" Content="*第二編碼器回授方向極性" />
	<Message ID="MMI::DriverParameter::SYNTEC::P6-83" Content="*第二編碼器增量/絕對型態" />
	<Message ID="MMI::DriverParameter::SYNTEC::P6-84" Content="啟動第二ABZ編碼器時間解碼功能" />
	<Message ID="MMI::DriverParameter::SYNTEC::P6-85" Content="第二編碼器SIN準位偏移量" />
	<Message ID="MMI::DriverParameter::SYNTEC::P6-86" Content="第二編碼器COS準位偏移量" />
	<Message ID="MMI::DriverParameter::SYNTEC::P6-87" Content="第二編碼器SIN振幅補正量" />
	<Message ID="MMI::DriverParameter::SYNTEC::P6-88" Content="第二編碼器COS振幅補正量" />
	<Message ID="MMI::DriverParameter::SYNTEC::P6-89" Content="第二編碼器正餘弦相位角" />
	<Message ID="MMI::DriverParameter::SYNTEC::P6-90" Content="第二編碼器極數" />
	<Message ID="MMI::DriverParameter::SYNTEC::P6-91" Content="第二編碼器節距補償個數" />
	<Message ID="MMI::DriverParameter::SYNTEC::P6-92" Content="第二編碼器參數儲存保護" />
	<Message ID="MMI::DriverParameter::SYNTEC::P6-93" Content="第二編碼器感測版型態" />
	
	<Message ID="MMI::DriverParameter::SYNTEC::P10" Content="版本資訊" />
	<Message ID="MMI::DriverParameter::SYNTEC::P10-00" Content="驅動器版本號碼" />
	<Message ID="MMI::DriverParameter::SYNTEC::P10-01" Content="驅動器版本日期" />
	<Message ID="MMI::DriverParameter::SYNTEC::P10-02" Content="驅動器版本序號" />
	<Message ID="MMI::DriverParameter::SYNTEC::P10-05" Content="編碼器版本號碼" />
	<Message ID="MMI::DriverParameter::SYNTEC::P10-06" Content="編碼器軟體種類" />
	<Message ID="MMI::DriverParameter::SYNTEC::P10-07" Content="第二編碼器版本號碼" />
	<Message ID="MMI::DriverParameter::SYNTEC::P10-08" Content="第二編碼器軟體種類" />
	
	<Message ID="MMI::DriverParameter::SYNTEC::P11" Content="使用者操作狀態" />
	<Message ID="MMI::DriverParameter::SYNTEC::P11-00" Content="狀態變數1" />	
	<Message ID="MMI::DriverParameter::SYNTEC::P11-01" Content="位置命令" />
	<Message ID="MMI::DriverParameter::SYNTEC::P11-02" Content="位置回授" />
	<Message ID="MMI::DriverParameter::SYNTEC::P11-03" Content="位置誤差" />
	<Message ID="MMI::DriverParameter::SYNTEC::P11-04" Content="機械角" />	
	<Message ID="MMI::DriverParameter::SYNTEC::P11-05" Content="INDEX COUNTER" />
	<Message ID="MMI::DriverParameter::SYNTEC::P11-06" Content="速度命令" />
	<Message ID="MMI::DriverParameter::SYNTEC::P11-07" Content="速度回授" />
	<Message ID="MMI::DriverParameter::SYNTEC::P11-08" Content="速度誤差(0.01RPM)" />
	<Message ID="MMI::DriverParameter::SYNTEC::P11-09" Content="轉矩命令" />
	<Message ID="MMI::DriverParameter::SYNTEC::P11-10" Content="負載率" />
	<Message ID="MMI::DriverParameter::SYNTEC::P11-11" Content="Id電流命令" />
	<Message ID="MMI::DriverParameter::SYNTEC::P11-12" Content="Iq電流命令" />
	<Message ID="MMI::DriverParameter::SYNTEC::P11-13" Content="Id電流回授" />
	<Message ID="MMI::DriverParameter::SYNTEC::P11-14" Content="Iq電流回授" />	
	<Message ID="MMI::DriverParameter::SYNTEC::P11-15" Content="Idq 電流命令" />
	<Message ID="MMI::DriverParameter::SYNTEC::P11-16" Content="Idq 電流回授" />
	<Message ID="MMI::DriverParameter::SYNTEC::P11-17" Content="Ia電流回授" />
	<Message ID="MMI::DriverParameter::SYNTEC::P11-18" Content="Ib電流回授" />
	<Message ID="MMI::DriverParameter::SYNTEC::P11-19" Content="Ic電流回授" />
	<Message ID="MMI::DriverParameter::SYNTEC::P11-20" Content="0相電流回授" />
	<Message ID="MMI::DriverParameter::SYNTEC::P11-21" Content="I點狀態" />	
	<Message ID="MMI::DriverParameter::SYNTEC::P11-22" Content="O點狀態" />		
	<Message ID="MMI::DriverParameter::SYNTEC::P11-23" Content="IGBT溫度" />
	<Message ID="MMI::DriverParameter::SYNTEC::P11-24" Content="DC bus 電壓" />
	<Message ID="MMI::DriverParameter::SYNTEC::P11-25" Content="總開機時間" />
	<Message ID="MMI::DriverParameter::SYNTEC::P11-26" Content="轉子慣量" />
	<Message ID="MMI::DriverParameter::SYNTEC::P11-27" Content="轉子黏滯係數" />
	<Message ID="MMI::DriverParameter::SYNTEC::P11-28" Content="串列編碼器封包錯誤次數(硬體)" />
	<Message ID="MMI::DriverParameter::SYNTEC::P11-29" Content="串列編碼器封包錯誤次數(軟體)" />
	<Message ID="MMI::DriverParameter::SYNTEC::P11-30" Content="V/f模式對低頻電壓補償量" />
	<Message ID="MMI::DriverParameter::SYNTEC::P11-31" Content="偵測到的編碼器Pulse數" />
	<Message ID="MMI::DriverParameter::SYNTEC::P11-32" Content="偵測到的馬達極數" />
	<Message ID="MMI::DriverParameter::SYNTEC::P11-33" Content="第二回授機械角" />
	<Message ID="MMI::DriverParameter::SYNTEC::P11-34" Content="第二回授INDEX COUNTER" />
	<Message ID="MMI::DriverParameter::SYNTEC::P11-35" Content="主軸速度命令" />
	<Message ID="MMI::DriverParameter::SYNTEC::P11-36" Content="第二速度回授" />
	<Message ID="MMI::DriverParameter::SYNTEC::P11-37" Content="偵測到的第二編碼器Pulse數" />
	<Message ID="MMI::DriverParameter::SYNTEC::P11-38" Content="主軸定位參考角度" />
	<Message ID="MMI::DriverParameter::SYNTEC::P11-39" Content="主軸定位完成狀態" />
	<Message ID="MMI::DriverParameter::SYNTEC::P11-40" Content="主軸定位錯誤代碼" />
	<Message ID="MMI::DriverParameter::SYNTEC::P11-41" Content="驅動器KTY84感測溫度" />
	<Message ID="MMI::DriverParameter::SYNTEC::P11-42" Content="第二串列編碼器封包錯誤次數(硬體)" />
	<Message ID="MMI::DriverParameter::SYNTEC::P11-43" Content="第二串列編碼器封包錯誤次數(軟體)" />
	<Message ID="MMI::DriverParameter::SYNTEC::P11-44" Content="第一編碼器位置回授(雙回授模式檢測用)" />
	<Message ID="MMI::DriverParameter::SYNTEC::P11-45" Content="內外回授位置誤差量(雙回授模式檢測用)" />
	<Message ID="MMI::DriverParameter::SYNTEC::P11-46" Content="第一回授新代編碼器內部KTY84感測溫度" />
	<Message ID="MMI::DriverParameter::SYNTEC::P11-47" Content="第一回授新代編碼器外接KTY84感測溫度" />
	<Message ID="MMI::DriverParameter::SYNTEC::P11-48" Content="第二回授新代編碼器內部KTY84感測溫度" />
	<Message ID="MMI::DriverParameter::SYNTEC::P11-49" Content="第二回授新代編碼器外接KTY84感測溫度" />
	
	<Message ID="MMI::DriverParameter::SYNTEC::P12" Content="工程操作狀態" />
	<Message ID="MMI::DriverParameter::SYNTEC::P12-00" Content="狀態變數2" />
	<Message ID="MMI::DriverParameter::SYNTEC::P12-01" Content="狀態變數3" />
	<Message ID="MMI::DriverParameter::SYNTEC::P12-02" Content="電器角" />
	<Message ID="MMI::DriverParameter::SYNTEC::P12-03" Content="電器角命令" />
	<Message ID="MMI::DriverParameter::SYNTEC::P12-04" Content="速度命令(0.01RPM)" />
	<Message ID="MMI::DriverParameter::SYNTEC::P12-05" Content="速度回授(0.01RPM)" />	
	<Message ID="MMI::DriverParameter::SYNTEC::P12-06" Content="馬達原始轉速數據" />	
	<Message ID="MMI::DriverParameter::SYNTEC::P12-07" Content="感應馬達滑差頻率" />
	<Message ID="MMI::DriverParameter::SYNTEC::P12-08" Content="弱磁控制切換轉速" />	
	<Message ID="MMI::DriverParameter::SYNTEC::P12-09" Content="額定電壓" />	
	<Message ID="MMI::DriverParameter::SYNTEC::P12-10" Content="VD電壓命令" />
	<Message ID="MMI::DriverParameter::SYNTEC::P12-11" Content="VQ電壓命令" />
	<Message ID="MMI::DriverParameter::SYNTEC::P12-12" Content="Pre-saturated VD電壓命令" />
	<Message ID="MMI::DriverParameter::SYNTEC::P12-13" Content="Pre-saturated VQ電壓命令" />	
	<Message ID="MMI::DriverParameter::SYNTEC::P12-14" Content="Vd前饋命令" />
	<Message ID="MMI::DriverParameter::SYNTEC::P12-15" Content="Vq前饋命令" />		
	<Message ID="MMI::DriverParameter::SYNTEC::P12-16" Content="Vdq 電壓命令" />
	<Message ID="MMI::DriverParameter::SYNTEC::P12-17" Content="Pre-saturated Vdq 電壓命令" />	
	<Message ID="MMI::DriverParameter::SYNTEC::P12-18" Content="A相電壓命令" />
	<Message ID="MMI::DriverParameter::SYNTEC::P12-19" Content="B相電壓命令" />
	<Message ID="MMI::DriverParameter::SYNTEC::P12-20" Content="C相電壓命令" />	
	<Message ID="MMI::DriverParameter::SYNTEC::P12-21" Content="磁通命令" />
	<Message ID="MMI::DriverParameter::SYNTEC::P12-22" Content="磁通回授" />
	<Message ID="MMI::DriverParameter::SYNTEC::P12-23" Content="目前位置的Cogging大小" />
	<Message ID="MMI::DriverParameter::SYNTEC::P12-24" Content="估測的擾動量" />
	<Message ID="MMI::DriverParameter::SYNTEC::P12-25" Content="擾動補償後的扭力命令" />
	<Message ID="MMI::DriverParameter::SYNTEC::P12-26" Content="摩擦力補償扭力" />
	<Message ID="MMI::DriverParameter::SYNTEC::P12-27" Content="速度回授均線濾波器時間常數" />	
	<Message ID="MMI::DriverParameter::SYNTEC::P12-28" Content="串列命令LEADTIME" />	
	<Message ID="MMI::DriverParameter::SYNTEC::P12-29" Content="回生電阻開關" />
	<Message ID="MMI::DriverParameter::SYNTEC::P12-30" Content="溫度校正參考電流" />
	<Message ID="MMI::DriverParameter::SYNTEC::P12-31" Content="目前位置正規化增益大小" />
	<Message ID="MMI::DriverParameter::SYNTEC::P12-32" Content="磁極初始角位置偵測參考電壓" />
	<Message ID="MMI::DriverParameter::SYNTEC::P12-33" Content="編碼器ADC正弦值" />
	<Message ID="MMI::DriverParameter::SYNTEC::P12-34" Content="編碼器ADC餘弦值" />	
	<Message ID="MMI::DriverParameter::SYNTEC::P12-35" Content="編碼器節距誤差值" />	
	<Message ID="MMI::DriverParameter::SYNTEC::P12-36" Content="編碼器節距表索引" />	
	<Message ID="MMI::DriverParameter::SYNTEC::P12-37" Content="資料紀錄器通道一" />	
	<Message ID="MMI::DriverParameter::SYNTEC::P12-38" Content="資料紀錄器通道二" />	
	<Message ID="MMI::DriverParameter::SYNTEC::P12-39" Content="資料紀錄器通道三" />	
	<Message ID="MMI::DriverParameter::SYNTEC::P12-40" Content="資料紀錄器通道四" />	
	<Message ID="MMI::DriverParameter::SYNTEC::P12-41" Content="編碼器Z INDEX值" />	
	<Message ID="MMI::DriverParameter::SYNTEC::P12-42" Content="編碼器1與2的位置差值" />
	<Message ID="MMI::DriverParameter::SYNTEC::P12-43" Content="弱磁電壓控制命令" />	
	<Message ID="MMI::DriverParameter::SYNTEC::P12-44" Content="弱磁電壓控制回授" />
	<Message ID="MMI::DriverParameter::SYNTEC::P12-45" Content="第二編碼器ADC正弦值" />
	<Message ID="MMI::DriverParameter::SYNTEC::P12-46" Content="第二編碼器ADC餘弦值" />	
	<Message ID="MMI::DriverParameter::SYNTEC::P12-47" Content="第二編碼器Z INDEX值" />	
	<Message ID="MMI::DriverParameter::SYNTEC::P12-50" Content="ADC CH0資料" />
	<Message ID="MMI::DriverParameter::SYNTEC::P12-51" Content="ADC CH1資料" />
	<Message ID="MMI::DriverParameter::SYNTEC::P12-52" Content="ADC CH2資料" />
	<Message ID="MMI::DriverParameter::SYNTEC::P12-53" Content="ADC CH3資料" />
	<Message ID="MMI::DriverParameter::SYNTEC::P12-54" Content="ADC CH4資料" />
	<Message ID="MMI::DriverParameter::SYNTEC::P12-55" Content="ADC CH5資料" />
	<Message ID="MMI::DriverParameter::SYNTEC::P12-56" Content="ADC CH6資料" />
	<Message ID="MMI::DriverParameter::SYNTEC::P12-57" Content="ADC CH7資料" />
	<Message ID="MMI::DriverParameter::SYNTEC::P12-58" Content="ADC CH8資料" />
	<Message ID="MMI::DriverParameter::SYNTEC::P12-59" Content="ADC CH9資料" />
	<Message ID="MMI::DriverParameter::SYNTEC::P12-60" Content="ADC CH10資料" />
	<Message ID="MMI::DriverParameter::SYNTEC::P12-61" Content="ADC CH11資料" />
	<Message ID="MMI::DriverParameter::SYNTEC::P12-62" Content="ADC CH12資料" />
	<Message ID="MMI::DriverParameter::SYNTEC::P12-63" Content="ADC CH13資料" />
	<Message ID="MMI::DriverParameter::SYNTEC::P12-64" Content="ADC CH14資料" />
	<Message ID="MMI::DriverParameter::SYNTEC::P12-65" Content="ADC CH15資料" />
	<Message ID="MMI::DriverParameter::SYNTEC::P12-67" Content="UART接收計數" />
	<Message ID="MMI::DriverParameter::SYNTEC::P12-68" Content="UART傳送計數" />
	<Message ID="MMI::DriverParameter::SYNTEC::P12-69" Content="UART傳送忙碌" />	
	<Message ID="MMI::DriverParameter::SYNTEC::P12-70" Content="電流迴路平均執行時間" />
	<Message ID="MMI::DriverParameter::SYNTEC::P12-71" Content="電流迴路最大執行時間" />
	<Message ID="MMI::DriverParameter::SYNTEC::P12-72" Content="速度迴路平均執行時間" />
	<Message ID="MMI::DriverParameter::SYNTEC::P12-73" Content="速度迴路最大執行時間" />
	<Message ID="MMI::DriverParameter::SYNTEC::P12-74" Content="位置迴路平均執行時間" />
	<Message ID="MMI::DriverParameter::SYNTEC::P12-75" Content="位置迴路最大執行時間" />
	<Message ID="MMI::DriverParameter::SYNTEC::P12-76" Content="PLC迴路平均執行時間" />
	<Message ID="MMI::DriverParameter::SYNTEC::P12-77" Content="PLC迴路最大執行時間" />
	<Message ID="MMI::DriverParameter::SYNTEC::P12-78" Content="CNC通訊中斷平均執行時間" />
	<Message ID="MMI::DriverParameter::SYNTEC::P12-79" Content="CNC通訊中斷最大執行時間" />	
	<Message ID="MMI::DriverParameter::SYNTEC::P12-80" Content="Debug scope 0" />
	<Message ID="MMI::DriverParameter::SYNTEC::P12-81" Content="Debug scope 1" />
	<Message ID="MMI::DriverParameter::SYNTEC::P12-82" Content="Debug scope 2" />
	<Message ID="MMI::DriverParameter::SYNTEC::P12-83" Content="Debug scope 3" />
	<Message ID="MMI::DriverParameter::SYNTEC::P12-84" Content="Debug scope 4" />
	<Message ID="MMI::DriverParameter::SYNTEC::P12-85" Content="Debug scope 5" />
	<Message ID="MMI::DriverParameter::SYNTEC::P12-86" Content="Debug scope 6" />
	<Message ID="MMI::DriverParameter::SYNTEC::P12-87" Content="Debug scope 7" />
	
	<Message ID="MMI::DriverParameter::SYNTEC::P15" Content="Scope參數" />
	<Message ID="MMI::DriverParameter::SYNTEC::P15-01" Content="除頻數(位置迴路)" />
	<Message ID="MMI::DriverParameter::SYNTEC::P15-02" Content="開關(0:啟動, 1:關閉)" />
	<Message ID="MMI::DriverParameter::SYNTEC::P15-03" Content="清除Watch Dog" />
	<Message ID="MMI::DriverParameter::SYNTEC::P15-16" Content="CH0 Enable(0:閉;1:開)" />
	<Message ID="MMI::DriverParameter::SYNTEC::P15-17" Content="CH1 Enable(0:閉;1:開)" />
	<Message ID="MMI::DriverParameter::SYNTEC::P15-18" Content="CH2 Enable(0:閉;1:開)" />
	<Message ID="MMI::DriverParameter::SYNTEC::P15-19" Content="CH3 Enable(0:閉;1:開)" />
	<Message ID="MMI::DriverParameter::SYNTEC::P15-32" Content="CH0,2 資料格式(0:16bit, 1:32bit)" />
	<Message ID="MMI::DriverParameter::SYNTEC::P15-33" Content="CH1,3 資料格式(0:16bit, 1:32bit)" />
	<Message ID="MMI::DriverParameter::SYNTEC::P15-48" Content="CH0 映射Index (P10參數)" />
	<Message ID="MMI::DriverParameter::SYNTEC::P15-49" Content="CH1 映射Index (P10參數)" />
	<Message ID="MMI::DriverParameter::SYNTEC::P15-50" Content="CH2 映射Index (P10參數)" />
	<Message ID="MMI::DriverParameter::SYNTEC::P15-51" Content="CH3 映射Index (P10參數)" />
	
	<Message ID="MMI::DriverParameter::SYNTEC::P17" Content="警報狀態" />
	<Message ID="MMI::DriverParameter::SYNTEC::P17-00" Content="現在警報ID" />
	<Message ID="MMI::DriverParameter::SYNTEC::P17-01" Content="現在警報ID" />
	<Message ID="MMI::DriverParameter::SYNTEC::P17-02" Content="現在警報ID" />
	<Message ID="MMI::DriverParameter::SYNTEC::P17-03" Content="現在警報ID" />
	<Message ID="MMI::DriverParameter::SYNTEC::P17-04" Content="現在警報ID" />
	<Message ID="MMI::DriverParameter::SYNTEC::P17-05" Content="現在警報ID" />
	<Message ID="MMI::DriverParameter::SYNTEC::P17-06" Content="現在警報ID" />
	<Message ID="MMI::DriverParameter::SYNTEC::P17-07" Content="現在警報ID" />
	<Message ID="MMI::DriverParameter::SYNTEC::P17-08" Content="現在警報ID" />
	<Message ID="MMI::DriverParameter::SYNTEC::P17-09" Content="現在警報ID" />
	<Message ID="MMI::DriverParameter::SYNTEC::P17-10" Content="歷來警報ID" />
	<Message ID="MMI::DriverParameter::SYNTEC::P17-11" Content="歷來警報時間" />
	<Message ID="MMI::DriverParameter::SYNTEC::P17-12" Content="歷來警報ID" />
	<Message ID="MMI::DriverParameter::SYNTEC::P17-13" Content="歷來警報時間" />
	<Message ID="MMI::DriverParameter::SYNTEC::P17-14" Content="歷來警報ID" />
	<Message ID="MMI::DriverParameter::SYNTEC::P17-15" Content="歷來警報時間" />
	<Message ID="MMI::DriverParameter::SYNTEC::P17-16" Content="歷來警報ID" />
	<Message ID="MMI::DriverParameter::SYNTEC::P17-17" Content="歷來警報時間" />
	<Message ID="MMI::DriverParameter::SYNTEC::P17-18" Content="歷來警報ID" />
	<Message ID="MMI::DriverParameter::SYNTEC::P17-19" Content="歷來警報時間" />
	<Message ID="MMI::DriverParameter::SYNTEC::P17-20" Content="歷來警報ID" />
	<Message ID="MMI::DriverParameter::SYNTEC::P17-21" Content="歷來警報時間" />
	<Message ID="MMI::DriverParameter::SYNTEC::P17-22" Content="歷來警報ID" />
	<Message ID="MMI::DriverParameter::SYNTEC::P17-23" Content="歷來警報時間" />
	<Message ID="MMI::DriverParameter::SYNTEC::P17-24" Content="歷來警報ID" />
	<Message ID="MMI::DriverParameter::SYNTEC::P17-25" Content="歷來警報時間" />
	<Message ID="MMI::DriverParameter::SYNTEC::P17-26" Content="歷來警報ID" />
	<Message ID="MMI::DriverParameter::SYNTEC::P17-27" Content="歷來警報時間" />
	<Message ID="MMI::DriverParameter::SYNTEC::P17-28" Content="歷來警報ID" />
	<Message ID="MMI::DriverParameter::SYNTEC::P17-29" Content="歷來警報時間" />
	<Message ID="MMI::DriverParameter::SYNTEC::P17-30" Content="歷來警報ID" />
	<Message ID="MMI::DriverParameter::SYNTEC::P17-31" Content="歷來警報時間" />
	<Message ID="MMI::DriverParameter::SYNTEC::P17-32" Content="歷來警報ID" />
	<Message ID="MMI::DriverParameter::SYNTEC::P17-33" Content="歷來警報時間" />
	<Message ID="MMI::DriverParameter::SYNTEC::P17-34" Content="歷來警報ID" />
	<Message ID="MMI::DriverParameter::SYNTEC::P17-35" Content="歷來警報時間" />
	<Message ID="MMI::DriverParameter::SYNTEC::P17-36" Content="歷來警報ID" />
	<Message ID="MMI::DriverParameter::SYNTEC::P17-37" Content="歷來警報時間" />
	<Message ID="MMI::DriverParameter::SYNTEC::P17-38" Content="歷來警報ID" />
	<Message ID="MMI::DriverParameter::SYNTEC::P17-39" Content="歷來警報時間" />
	<Message ID="MMI::DriverParameter::SYNTEC::P17-40" Content="歷來警報ID" />
	<Message ID="MMI::DriverParameter::SYNTEC::P17-41" Content="歷來警報時間" />
	<Message ID="MMI::DriverParameter::SYNTEC::P17-42" Content="歷來警報ID" />
	<Message ID="MMI::DriverParameter::SYNTEC::P17-43" Content="歷來警報時間" />
	<Message ID="MMI::DriverParameter::SYNTEC::P17-44" Content="歷來警報ID" />
	<Message ID="MMI::DriverParameter::SYNTEC::P17-45" Content="歷來警報時間" />
	<Message ID="MMI::DriverParameter::SYNTEC::P17-46" Content="歷來警報ID" />
	<Message ID="MMI::DriverParameter::SYNTEC::P17-47" Content="歷來警報時間" />
	<Message ID="MMI::DriverParameter::SYNTEC::P17-48" Content="歷來警報ID" />
	<Message ID="MMI::DriverParameter::SYNTEC::P17-49" Content="歷來警報時間" />
	<Message ID="MMI::DriverParameter::SYNTEC::P17-50" Content="歷來警報ID" />
	<Message ID="MMI::DriverParameter::SYNTEC::P17-51" Content="歷來警報時間" />
	<Message ID="MMI::DriverParameter::SYNTEC::P17-52" Content="歷來警報ID" />
	<Message ID="MMI::DriverParameter::SYNTEC::P17-53" Content="歷來警報時間" />
	<Message ID="MMI::DriverParameter::SYNTEC::P17-54" Content="歷來警報ID" />
	<Message ID="MMI::DriverParameter::SYNTEC::P17-55" Content="歷來警報時間" />
	<Message ID="MMI::DriverParameter::SYNTEC::P17-56" Content="歷來警報ID" />
	<Message ID="MMI::DriverParameter::SYNTEC::P17-57" Content="歷來警報時間" />
	<Message ID="MMI::DriverParameter::SYNTEC::P17-58" Content="歷來警報ID" />
	<Message ID="MMI::DriverParameter::SYNTEC::P17-59" Content="歷來警報時間" />
	<Message ID="MMI::DriverParameter::SYNTEC::P17-60" Content="歷來警報ID" />
	<Message ID="MMI::DriverParameter::SYNTEC::P17-61" Content="歷來警報時間" />
	<Message ID="MMI::DriverParameter::SYNTEC::P17-62" Content="歷來警報ID" />
	<Message ID="MMI::DriverParameter::SYNTEC::P17-63" Content="歷來警報時間" />
	<Message ID="MMI::DriverParameter::SYNTEC::P17-64" Content="歷來警報ID" />
	<Message ID="MMI::DriverParameter::SYNTEC::P17-65" Content="歷來警報時間" />
	<Message ID="MMI::DriverParameter::SYNTEC::P17-66" Content="歷來警報ID" />
	<Message ID="MMI::DriverParameter::SYNTEC::P17-67" Content="歷來警報時間" />
	<Message ID="MMI::DriverParameter::SYNTEC::P17-68" Content="歷來警報ID" />
	<Message ID="MMI::DriverParameter::SYNTEC::P17-69" Content="歷來警報時間" />
	
	<Message ID="MMI::DriverParameter::SYNTEC::P20" Content="輔助功能" />
	<Message ID="MMI::DriverParameter::SYNTEC::P20-00" Content="輔助功能啟動-停止" />
	<Message ID="MMI::DriverParameter::SYNTEC::P20-01" Content="JOG方向" />
	<Message ID="MMI::DriverParameter::SYNTEC::P20-02" Content="JOG速度" />
	<Message ID="MMI::DriverParameter::SYNTEC::P20-03" Content="JOG模式" />
	<Message ID="MMI::DriverParameter::SYNTEC::P20-04" Content="行程極限1" />
	<Message ID="MMI::DriverParameter::SYNTEC::P20-05" Content="行程極限2" />
	<Message ID="MMI::DriverParameter::SYNTEC::P20-06" Content="P20-06" />
	<Message ID="MMI::DriverParameter::SYNTEC::P20-07" Content="P20-07" />
	<Message ID="MMI::DriverParameter::SYNTEC::P20-08" Content="P20-08" />
	<Message ID="MMI::DriverParameter::SYNTEC::P20-09" Content="P20-09" />
	<Message ID="MMI::DriverParameter::SYNTEC::P20-10" Content="調機類型" />
	<Message ID="MMI::DriverParameter::SYNTEC::P20-11" Content="電機調機類型" />
	<Message ID="MMI::DriverParameter::SYNTEC::P20-12" Content="生產製造調機類型" />
	<Message ID="MMI::DriverParameter::SYNTEC::P20-20" Content="測試功能類型" />
	<Message ID="MMI::DriverParameter::SYNTEC::P20-21" Content="P20-21" />
	<Message ID="MMI::DriverParameter::SYNTEC::P20-22" Content="測試模式扭力命令" />
	<Message ID="MMI::DriverParameter::SYNTEC::P20-23" Content="測試模式電壓命令" />
	<Message ID="MMI::DriverParameter::SYNTEC::P20-24" Content="測試模式電流命令" />
	<Message ID="MMI::DriverParameter::SYNTEC::P20-25" Content="測試模式頻率" />
	<Message ID="MMI::DriverParameter::SYNTEC::P20-26" Content="測試模式打開 SINE/COSINE訊號" />
	<Message ID="MMI::DriverParameter::SYNTEC::P20-30" Content="參數永久儲存" />
	<Message ID="MMI::DriverParameter::SYNTEC::P20-31" Content="參數存取密碼" />
	<Message ID="MMI::DriverParameter::SYNTEC::P20-32" Content="警報重置" />
	<Message ID="MMI::DriverParameter::SYNTEC::P20-33" Content="參數回復功能" />
	<Message ID="MMI::DriverParameter::SYNTEC::P20-40" Content="編碼器測試模式" />
	<Message ID="MMI::DriverParameter::SYNTEC::P20-50" Content="除錯參數 0" />
	<Message ID="MMI::DriverParameter::SYNTEC::P20-51" Content="除錯參數 1" />
	<Message ID="MMI::DriverParameter::SYNTEC::P20-52" Content="除錯參數 2" />
	<Message ID="MMI::DriverParameter::SYNTEC::P20-53" Content="除錯參數 3" />
	<Message ID="MMI::DriverParameter::SYNTEC::P20-54" Content="除錯參數 4" />
	<Message ID="MMI::DriverParameter::SYNTEC::P20-55" Content="除錯參數 5" />
	<Message ID="MMI::DriverParameter::SYNTEC::P20-56" Content="除錯參數 6" />
	<Message ID="MMI::DriverParameter::SYNTEC::P20-57" Content="除錯參數 7" />
	<Message ID="MMI::DriverParameter::SYNTEC::P20-58" Content="P20-58" />
	<Message ID="MMI::DriverParameter::SYNTEC::P20-59" Content="P20-59" />
	<Message ID="MMI::DriverParameter::SYNTEC::P20-60" Content="0點軟體觸發" />
	<Message ID="MMI::DriverParameter::SYNTEC::P30" Content="CoggingTable[0-99]" />
	<Message ID="MMI::DriverParameter::SYNTEC::P30-00" Content="CoggingTable0" />
	<Message ID="MMI::DriverParameter::SYNTEC::P30-01" Content="CoggingTable1" />
	<Message ID="MMI::DriverParameter::SYNTEC::P30-02" Content="CoggingTable2" />
	<Message ID="MMI::DriverParameter::SYNTEC::P30-03" Content="CoggingTable3" />
	<Message ID="MMI::DriverParameter::SYNTEC::P30-04" Content="CoggingTable4" />
	<Message ID="MMI::DriverParameter::SYNTEC::P30-05" Content="CoggingTable5" />
	<Message ID="MMI::DriverParameter::SYNTEC::P30-06" Content="CoggingTable6" />
	<Message ID="MMI::DriverParameter::SYNTEC::P30-07" Content="CoggingTable7" />
	<Message ID="MMI::DriverParameter::SYNTEC::P30-08" Content="CoggingTable8" />
	<Message ID="MMI::DriverParameter::SYNTEC::P30-09" Content="CoggingTable9" />
	<Message ID="MMI::DriverParameter::SYNTEC::P30-10" Content="CoggingTable10" />
	<Message ID="MMI::DriverParameter::SYNTEC::P30-11" Content="CoggingTable11" />
	<Message ID="MMI::DriverParameter::SYNTEC::P30-12" Content="CoggingTable12" />
	<Message ID="MMI::DriverParameter::SYNTEC::P30-13" Content="CoggingTable13" />
	<Message ID="MMI::DriverParameter::SYNTEC::P30-14" Content="CoggingTable14" />
	<Message ID="MMI::DriverParameter::SYNTEC::P30-15" Content="CoggingTable15" />
	<Message ID="MMI::DriverParameter::SYNTEC::P30-16" Content="CoggingTable16" />
	<Message ID="MMI::DriverParameter::SYNTEC::P30-17" Content="CoggingTable17" />
	<Message ID="MMI::DriverParameter::SYNTEC::P30-18" Content="CoggingTable18" />
	<Message ID="MMI::DriverParameter::SYNTEC::P30-19" Content="CoggingTable19" />
	<Message ID="MMI::DriverParameter::SYNTEC::P30-20" Content="CoggingTable20" />
	<Message ID="MMI::DriverParameter::SYNTEC::P30-21" Content="CoggingTable21" />
	<Message ID="MMI::DriverParameter::SYNTEC::P30-22" Content="CoggingTable22" />
	<Message ID="MMI::DriverParameter::SYNTEC::P30-23" Content="CoggingTable23" />
	<Message ID="MMI::DriverParameter::SYNTEC::P30-24" Content="CoggingTable24" />
	<Message ID="MMI::DriverParameter::SYNTEC::P30-25" Content="CoggingTable25" />
	<Message ID="MMI::DriverParameter::SYNTEC::P30-26" Content="CoggingTable26" />
	<Message ID="MMI::DriverParameter::SYNTEC::P30-27" Content="CoggingTable27" />
	<Message ID="MMI::DriverParameter::SYNTEC::P30-28" Content="CoggingTable28" />
	<Message ID="MMI::DriverParameter::SYNTEC::P30-29" Content="CoggingTable29" />
	<Message ID="MMI::DriverParameter::SYNTEC::P30-30" Content="CoggingTable30" />
	<Message ID="MMI::DriverParameter::SYNTEC::P30-31" Content="CoggingTable31" />
	<Message ID="MMI::DriverParameter::SYNTEC::P30-32" Content="CoggingTable32" />
	<Message ID="MMI::DriverParameter::SYNTEC::P30-33" Content="CoggingTable33" />
	<Message ID="MMI::DriverParameter::SYNTEC::P30-34" Content="CoggingTable34" />
	<Message ID="MMI::DriverParameter::SYNTEC::P30-35" Content="CoggingTable35" />
	<Message ID="MMI::DriverParameter::SYNTEC::P30-36" Content="CoggingTable36" />
	<Message ID="MMI::DriverParameter::SYNTEC::P30-37" Content="CoggingTable37" />
	<Message ID="MMI::DriverParameter::SYNTEC::P30-38" Content="CoggingTable38" />
	<Message ID="MMI::DriverParameter::SYNTEC::P30-39" Content="CoggingTable39" />
	<Message ID="MMI::DriverParameter::SYNTEC::P30-40" Content="CoggingTable40" />
	<Message ID="MMI::DriverParameter::SYNTEC::P30-41" Content="CoggingTable41" />
	<Message ID="MMI::DriverParameter::SYNTEC::P30-42" Content="CoggingTable42" />
	<Message ID="MMI::DriverParameter::SYNTEC::P30-43" Content="CoggingTable43" />
	<Message ID="MMI::DriverParameter::SYNTEC::P30-44" Content="CoggingTable44" />
	<Message ID="MMI::DriverParameter::SYNTEC::P30-45" Content="CoggingTable45" />
	<Message ID="MMI::DriverParameter::SYNTEC::P30-46" Content="CoggingTable46" />
	<Message ID="MMI::DriverParameter::SYNTEC::P30-47" Content="CoggingTable47" />
	<Message ID="MMI::DriverParameter::SYNTEC::P30-48" Content="CoggingTable48" />
	<Message ID="MMI::DriverParameter::SYNTEC::P30-49" Content="CoggingTable49" />
	<Message ID="MMI::DriverParameter::SYNTEC::P30-50" Content="CoggingTable50" />
	<Message ID="MMI::DriverParameter::SYNTEC::P30-51" Content="CoggingTable51" />
	<Message ID="MMI::DriverParameter::SYNTEC::P30-52" Content="CoggingTable52" />
	<Message ID="MMI::DriverParameter::SYNTEC::P30-53" Content="CoggingTable53" />
	<Message ID="MMI::DriverParameter::SYNTEC::P30-54" Content="CoggingTable54" />
	<Message ID="MMI::DriverParameter::SYNTEC::P30-55" Content="CoggingTable55" />
	<Message ID="MMI::DriverParameter::SYNTEC::P30-56" Content="CoggingTable56" />
	<Message ID="MMI::DriverParameter::SYNTEC::P30-57" Content="CoggingTable57" />
	<Message ID="MMI::DriverParameter::SYNTEC::P30-58" Content="CoggingTable58" />
	<Message ID="MMI::DriverParameter::SYNTEC::P30-59" Content="CoggingTable59" />
	<Message ID="MMI::DriverParameter::SYNTEC::P30-60" Content="CoggingTable60" />
	<Message ID="MMI::DriverParameter::SYNTEC::P30-61" Content="CoggingTable61" />
	<Message ID="MMI::DriverParameter::SYNTEC::P30-62" Content="CoggingTable62" />
	<Message ID="MMI::DriverParameter::SYNTEC::P30-63" Content="CoggingTable63" />
	<Message ID="MMI::DriverParameter::SYNTEC::P30-64" Content="CoggingTable64" />
	<Message ID="MMI::DriverParameter::SYNTEC::P30-65" Content="CoggingTable65" />
	<Message ID="MMI::DriverParameter::SYNTEC::P30-66" Content="CoggingTable66" />
	<Message ID="MMI::DriverParameter::SYNTEC::P30-67" Content="CoggingTable67" />
	<Message ID="MMI::DriverParameter::SYNTEC::P30-68" Content="CoggingTable68" />
	<Message ID="MMI::DriverParameter::SYNTEC::P30-69" Content="CoggingTable69" />
	<Message ID="MMI::DriverParameter::SYNTEC::P30-70" Content="CoggingTable70" />
	<Message ID="MMI::DriverParameter::SYNTEC::P30-71" Content="CoggingTable71" />
	<Message ID="MMI::DriverParameter::SYNTEC::P30-72" Content="CoggingTable72" />
	<Message ID="MMI::DriverParameter::SYNTEC::P30-73" Content="CoggingTable73" />
	<Message ID="MMI::DriverParameter::SYNTEC::P30-74" Content="CoggingTable74" />
	<Message ID="MMI::DriverParameter::SYNTEC::P30-75" Content="CoggingTable75" />
	<Message ID="MMI::DriverParameter::SYNTEC::P30-76" Content="CoggingTable76" />
	<Message ID="MMI::DriverParameter::SYNTEC::P30-77" Content="CoggingTable77" />
	<Message ID="MMI::DriverParameter::SYNTEC::P30-78" Content="CoggingTable78" />
	<Message ID="MMI::DriverParameter::SYNTEC::P30-79" Content="CoggingTable79" />
	<Message ID="MMI::DriverParameter::SYNTEC::P30-80" Content="CoggingTable80" />
	<Message ID="MMI::DriverParameter::SYNTEC::P30-81" Content="CoggingTable81" />
	<Message ID="MMI::DriverParameter::SYNTEC::P30-82" Content="CoggingTable82" />
	<Message ID="MMI::DriverParameter::SYNTEC::P30-83" Content="CoggingTable83" />
	<Message ID="MMI::DriverParameter::SYNTEC::P30-84" Content="CoggingTable84" />
	<Message ID="MMI::DriverParameter::SYNTEC::P30-85" Content="CoggingTable85" />
	<Message ID="MMI::DriverParameter::SYNTEC::P30-86" Content="CoggingTable86" />
	<Message ID="MMI::DriverParameter::SYNTEC::P30-87" Content="CoggingTable87" />
	<Message ID="MMI::DriverParameter::SYNTEC::P30-88" Content="CoggingTable88" />
	<Message ID="MMI::DriverParameter::SYNTEC::P30-89" Content="CoggingTable89" />
	<Message ID="MMI::DriverParameter::SYNTEC::P30-90" Content="CoggingTable90" />
	<Message ID="MMI::DriverParameter::SYNTEC::P30-91" Content="CoggingTable91" />
	<Message ID="MMI::DriverParameter::SYNTEC::P30-92" Content="CoggingTable92" />
	<Message ID="MMI::DriverParameter::SYNTEC::P30-93" Content="CoggingTable93" />
	<Message ID="MMI::DriverParameter::SYNTEC::P30-94" Content="CoggingTable94" />
	<Message ID="MMI::DriverParameter::SYNTEC::P30-95" Content="CoggingTable95" />
	<Message ID="MMI::DriverParameter::SYNTEC::P30-96" Content="CoggingTable96" />
	<Message ID="MMI::DriverParameter::SYNTEC::P30-97" Content="CoggingTable97" />
	<Message ID="MMI::DriverParameter::SYNTEC::P30-98" Content="CoggingTable98" />
	<Message ID="MMI::DriverParameter::SYNTEC::P30-99" Content="CoggingTable99" />
	<Message ID="MMI::DriverParameter::SYNTEC::P31" Content="CoggingTable[100-199]" />
	<Message ID="MMI::DriverParameter::SYNTEC::P31-00" Content="CoggingTable100" />
	<Message ID="MMI::DriverParameter::SYNTEC::P31-01" Content="CoggingTable101" />
	<Message ID="MMI::DriverParameter::SYNTEC::P31-02" Content="CoggingTable102" />
	<Message ID="MMI::DriverParameter::SYNTEC::P31-03" Content="CoggingTable103" />
	<Message ID="MMI::DriverParameter::SYNTEC::P31-04" Content="CoggingTable104" />
	<Message ID="MMI::DriverParameter::SYNTEC::P31-05" Content="CoggingTable105" />
	<Message ID="MMI::DriverParameter::SYNTEC::P31-06" Content="CoggingTable106" />
	<Message ID="MMI::DriverParameter::SYNTEC::P31-07" Content="CoggingTable107" />
	<Message ID="MMI::DriverParameter::SYNTEC::P31-08" Content="CoggingTable108" />
	<Message ID="MMI::DriverParameter::SYNTEC::P31-09" Content="CoggingTable109" />
	<Message ID="MMI::DriverParameter::SYNTEC::P31-10" Content="CoggingTable110" />
	<Message ID="MMI::DriverParameter::SYNTEC::P31-11" Content="CoggingTable111" />
	<Message ID="MMI::DriverParameter::SYNTEC::P31-12" Content="CoggingTable112" />
	<Message ID="MMI::DriverParameter::SYNTEC::P31-13" Content="CoggingTable113" />
	<Message ID="MMI::DriverParameter::SYNTEC::P31-14" Content="CoggingTable114" />
	<Message ID="MMI::DriverParameter::SYNTEC::P31-15" Content="CoggingTable115" />
	<Message ID="MMI::DriverParameter::SYNTEC::P31-16" Content="CoggingTable116" />
	<Message ID="MMI::DriverParameter::SYNTEC::P31-17" Content="CoggingTable117" />
	<Message ID="MMI::DriverParameter::SYNTEC::P31-18" Content="CoggingTable118" />
	<Message ID="MMI::DriverParameter::SYNTEC::P31-19" Content="CoggingTable119" />
	<Message ID="MMI::DriverParameter::SYNTEC::P31-20" Content="CoggingTable120" />
	<Message ID="MMI::DriverParameter::SYNTEC::P31-21" Content="CoggingTable121" />
	<Message ID="MMI::DriverParameter::SYNTEC::P31-22" Content="CoggingTable122" />
	<Message ID="MMI::DriverParameter::SYNTEC::P31-23" Content="CoggingTable123" />
	<Message ID="MMI::DriverParameter::SYNTEC::P31-24" Content="CoggingTable124" />
	<Message ID="MMI::DriverParameter::SYNTEC::P31-25" Content="CoggingTable125" />
	<Message ID="MMI::DriverParameter::SYNTEC::P31-26" Content="CoggingTable126" />
	<Message ID="MMI::DriverParameter::SYNTEC::P31-27" Content="CoggingTable127" />
	<Message ID="MMI::DriverParameter::SYNTEC::P31-28" Content="CoggingTable128" />
	<Message ID="MMI::DriverParameter::SYNTEC::P31-29" Content="CoggingTable129" />
	<Message ID="MMI::DriverParameter::SYNTEC::P31-30" Content="CoggingTable130" />
	<Message ID="MMI::DriverParameter::SYNTEC::P31-31" Content="CoggingTable131" />
	<Message ID="MMI::DriverParameter::SYNTEC::P31-32" Content="CoggingTable132" />
	<Message ID="MMI::DriverParameter::SYNTEC::P31-33" Content="CoggingTable133" />
	<Message ID="MMI::DriverParameter::SYNTEC::P31-34" Content="CoggingTable134" />
	<Message ID="MMI::DriverParameter::SYNTEC::P31-35" Content="CoggingTable135" />
	<Message ID="MMI::DriverParameter::SYNTEC::P31-36" Content="CoggingTable136" />
	<Message ID="MMI::DriverParameter::SYNTEC::P31-37" Content="CoggingTable137" />
	<Message ID="MMI::DriverParameter::SYNTEC::P31-38" Content="CoggingTable138" />
	<Message ID="MMI::DriverParameter::SYNTEC::P31-39" Content="CoggingTable139" />
	<Message ID="MMI::DriverParameter::SYNTEC::P31-40" Content="CoggingTable140" />
	<Message ID="MMI::DriverParameter::SYNTEC::P31-41" Content="CoggingTable141" />
	<Message ID="MMI::DriverParameter::SYNTEC::P31-42" Content="CoggingTable142" />
	<Message ID="MMI::DriverParameter::SYNTEC::P31-43" Content="CoggingTable143" />
	<Message ID="MMI::DriverParameter::SYNTEC::P31-44" Content="CoggingTable144" />
	<Message ID="MMI::DriverParameter::SYNTEC::P31-45" Content="CoggingTable145" />
	<Message ID="MMI::DriverParameter::SYNTEC::P31-46" Content="CoggingTable146" />
	<Message ID="MMI::DriverParameter::SYNTEC::P31-47" Content="CoggingTable147" />
	<Message ID="MMI::DriverParameter::SYNTEC::P31-48" Content="CoggingTable148" />
	<Message ID="MMI::DriverParameter::SYNTEC::P31-49" Content="CoggingTable149" />
	<Message ID="MMI::DriverParameter::SYNTEC::P31-50" Content="CoggingTable150" />
	<Message ID="MMI::DriverParameter::SYNTEC::P31-51" Content="CoggingTable151" />
	<Message ID="MMI::DriverParameter::SYNTEC::P31-52" Content="CoggingTable152" />
	<Message ID="MMI::DriverParameter::SYNTEC::P31-53" Content="CoggingTable153" />
	<Message ID="MMI::DriverParameter::SYNTEC::P31-54" Content="CoggingTable154" />
	<Message ID="MMI::DriverParameter::SYNTEC::P31-55" Content="CoggingTable155" />
	<Message ID="MMI::DriverParameter::SYNTEC::P31-56" Content="CoggingTable156" />
	<Message ID="MMI::DriverParameter::SYNTEC::P31-57" Content="CoggingTable157" />
	<Message ID="MMI::DriverParameter::SYNTEC::P31-58" Content="CoggingTable158" />
	<Message ID="MMI::DriverParameter::SYNTEC::P31-59" Content="CoggingTable159" />
	<Message ID="MMI::DriverParameter::SYNTEC::P31-60" Content="CoggingTable160" />
	<Message ID="MMI::DriverParameter::SYNTEC::P31-61" Content="CoggingTable161" />
	<Message ID="MMI::DriverParameter::SYNTEC::P31-62" Content="CoggingTable162" />
	<Message ID="MMI::DriverParameter::SYNTEC::P31-63" Content="CoggingTable163" />
	<Message ID="MMI::DriverParameter::SYNTEC::P31-64" Content="CoggingTable164" />
	<Message ID="MMI::DriverParameter::SYNTEC::P31-65" Content="CoggingTable165" />
	<Message ID="MMI::DriverParameter::SYNTEC::P31-66" Content="CoggingTable166" />
	<Message ID="MMI::DriverParameter::SYNTEC::P31-67" Content="CoggingTable167" />
	<Message ID="MMI::DriverParameter::SYNTEC::P31-68" Content="CoggingTable168" />
	<Message ID="MMI::DriverParameter::SYNTEC::P31-69" Content="CoggingTable169" />
	<Message ID="MMI::DriverParameter::SYNTEC::P31-70" Content="CoggingTable170" />
	<Message ID="MMI::DriverParameter::SYNTEC::P31-71" Content="CoggingTable171" />
	<Message ID="MMI::DriverParameter::SYNTEC::P31-72" Content="CoggingTable172" />
	<Message ID="MMI::DriverParameter::SYNTEC::P31-73" Content="CoggingTable173" />
	<Message ID="MMI::DriverParameter::SYNTEC::P31-74" Content="CoggingTable174" />
	<Message ID="MMI::DriverParameter::SYNTEC::P31-75" Content="CoggingTable175" />
	<Message ID="MMI::DriverParameter::SYNTEC::P31-76" Content="CoggingTable176" />
	<Message ID="MMI::DriverParameter::SYNTEC::P31-77" Content="CoggingTable177" />
	<Message ID="MMI::DriverParameter::SYNTEC::P31-78" Content="CoggingTable178" />
	<Message ID="MMI::DriverParameter::SYNTEC::P31-79" Content="CoggingTable179" />
	<Message ID="MMI::DriverParameter::SYNTEC::P31-80" Content="CoggingTable180" />
	<Message ID="MMI::DriverParameter::SYNTEC::P31-81" Content="CoggingTable181" />
	<Message ID="MMI::DriverParameter::SYNTEC::P31-82" Content="CoggingTable182" />
	<Message ID="MMI::DriverParameter::SYNTEC::P31-83" Content="CoggingTable183" />
	<Message ID="MMI::DriverParameter::SYNTEC::P31-84" Content="CoggingTable184" />
	<Message ID="MMI::DriverParameter::SYNTEC::P31-85" Content="CoggingTable185" />
	<Message ID="MMI::DriverParameter::SYNTEC::P31-86" Content="CoggingTable186" />
	<Message ID="MMI::DriverParameter::SYNTEC::P31-87" Content="CoggingTable187" />
	<Message ID="MMI::DriverParameter::SYNTEC::P31-88" Content="CoggingTable188" />
	<Message ID="MMI::DriverParameter::SYNTEC::P31-89" Content="CoggingTable189" />
	<Message ID="MMI::DriverParameter::SYNTEC::P31-90" Content="CoggingTable190" />
	<Message ID="MMI::DriverParameter::SYNTEC::P31-91" Content="CoggingTable191" />
	<Message ID="MMI::DriverParameter::SYNTEC::P31-92" Content="CoggingTable192" />
	<Message ID="MMI::DriverParameter::SYNTEC::P31-93" Content="CoggingTable193" />
	<Message ID="MMI::DriverParameter::SYNTEC::P31-94" Content="CoggingTable194" />
	<Message ID="MMI::DriverParameter::SYNTEC::P31-95" Content="CoggingTable195" />
	<Message ID="MMI::DriverParameter::SYNTEC::P31-96" Content="CoggingTable196" />
	<Message ID="MMI::DriverParameter::SYNTEC::P31-97" Content="CoggingTable197" />
	<Message ID="MMI::DriverParameter::SYNTEC::P31-98" Content="CoggingTable198" />
	<Message ID="MMI::DriverParameter::SYNTEC::P31-99" Content="CoggingTable199" />
	<Message ID="MMI::DriverParameter::SYNTEC::P32" Content="CoggingTable[200-255] and OTHER" />
	<Message ID="MMI::DriverParameter::SYNTEC::P32-00" Content="CoggingTable200" />
	<Message ID="MMI::DriverParameter::SYNTEC::P32-01" Content="CoggingTable201" />
	<Message ID="MMI::DriverParameter::SYNTEC::P32-02" Content="CoggingTable202" />
	<Message ID="MMI::DriverParameter::SYNTEC::P32-03" Content="CoggingTable203" />
	<Message ID="MMI::DriverParameter::SYNTEC::P32-04" Content="CoggingTable204" />
	<Message ID="MMI::DriverParameter::SYNTEC::P32-05" Content="CoggingTable205" />
	<Message ID="MMI::DriverParameter::SYNTEC::P32-06" Content="CoggingTable206" />
	<Message ID="MMI::DriverParameter::SYNTEC::P32-07" Content="CoggingTable207" />
	<Message ID="MMI::DriverParameter::SYNTEC::P32-08" Content="CoggingTable208" />
	<Message ID="MMI::DriverParameter::SYNTEC::P32-09" Content="CoggingTable209" />
	<Message ID="MMI::DriverParameter::SYNTEC::P32-10" Content="CoggingTable210" />
	<Message ID="MMI::DriverParameter::SYNTEC::P32-11" Content="CoggingTable211" />
	<Message ID="MMI::DriverParameter::SYNTEC::P32-12" Content="CoggingTable212" />
	<Message ID="MMI::DriverParameter::SYNTEC::P32-13" Content="CoggingTable213" />
	<Message ID="MMI::DriverParameter::SYNTEC::P32-14" Content="CoggingTable214" />
	<Message ID="MMI::DriverParameter::SYNTEC::P32-15" Content="CoggingTable215" />
	<Message ID="MMI::DriverParameter::SYNTEC::P32-16" Content="CoggingTable216" />
	<Message ID="MMI::DriverParameter::SYNTEC::P32-17" Content="CoggingTable217" />
	<Message ID="MMI::DriverParameter::SYNTEC::P32-18" Content="CoggingTable218" />
	<Message ID="MMI::DriverParameter::SYNTEC::P32-19" Content="CoggingTable219" />
	<Message ID="MMI::DriverParameter::SYNTEC::P32-20" Content="CoggingTable220" />
	<Message ID="MMI::DriverParameter::SYNTEC::P32-21" Content="CoggingTable221" />
	<Message ID="MMI::DriverParameter::SYNTEC::P32-22" Content="CoggingTable222" />
	<Message ID="MMI::DriverParameter::SYNTEC::P32-23" Content="CoggingTable223" />
	<Message ID="MMI::DriverParameter::SYNTEC::P32-24" Content="CoggingTable224" />
	<Message ID="MMI::DriverParameter::SYNTEC::P32-25" Content="CoggingTable225" />
	<Message ID="MMI::DriverParameter::SYNTEC::P32-26" Content="CoggingTable226" />
	<Message ID="MMI::DriverParameter::SYNTEC::P32-27" Content="CoggingTable227" />
	<Message ID="MMI::DriverParameter::SYNTEC::P32-28" Content="CoggingTable228" />
	<Message ID="MMI::DriverParameter::SYNTEC::P32-29" Content="CoggingTable229" />
	<Message ID="MMI::DriverParameter::SYNTEC::P32-30" Content="CoggingTable230" />
	<Message ID="MMI::DriverParameter::SYNTEC::P32-31" Content="CoggingTable231" />
	<Message ID="MMI::DriverParameter::SYNTEC::P32-32" Content="CoggingTable232" />
	<Message ID="MMI::DriverParameter::SYNTEC::P32-33" Content="CoggingTable233" />
	<Message ID="MMI::DriverParameter::SYNTEC::P32-34" Content="CoggingTable234" />
	<Message ID="MMI::DriverParameter::SYNTEC::P32-35" Content="CoggingTable235" />
	<Message ID="MMI::DriverParameter::SYNTEC::P32-36" Content="CoggingTable236" />
	<Message ID="MMI::DriverParameter::SYNTEC::P32-37" Content="CoggingTable237" />
	<Message ID="MMI::DriverParameter::SYNTEC::P32-38" Content="CoggingTable238" />
	<Message ID="MMI::DriverParameter::SYNTEC::P32-39" Content="CoggingTable239" />
	<Message ID="MMI::DriverParameter::SYNTEC::P32-40" Content="CoggingTable240" />
	<Message ID="MMI::DriverParameter::SYNTEC::P32-41" Content="CoggingTable241" />
	<Message ID="MMI::DriverParameter::SYNTEC::P32-42" Content="CoggingTable242" />
	<Message ID="MMI::DriverParameter::SYNTEC::P32-43" Content="CoggingTable243" />
	<Message ID="MMI::DriverParameter::SYNTEC::P32-44" Content="CoggingTable244" />
	<Message ID="MMI::DriverParameter::SYNTEC::P32-45" Content="CoggingTable245" />
	<Message ID="MMI::DriverParameter::SYNTEC::P32-46" Content="CoggingTable246" />
	<Message ID="MMI::DriverParameter::SYNTEC::P32-47" Content="CoggingTable247" />
	<Message ID="MMI::DriverParameter::SYNTEC::P32-48" Content="CoggingTable248" />
	<Message ID="MMI::DriverParameter::SYNTEC::P32-49" Content="CoggingTable249" />
	<Message ID="MMI::DriverParameter::SYNTEC::P32-50" Content="CoggingTable250" />
	<Message ID="MMI::DriverParameter::SYNTEC::P32-51" Content="CoggingTable251" />
	<Message ID="MMI::DriverParameter::SYNTEC::P32-52" Content="CoggingTable252" />
	<Message ID="MMI::DriverParameter::SYNTEC::P32-53" Content="CoggingTable253" />
	<Message ID="MMI::DriverParameter::SYNTEC::P32-54" Content="CoggingTable254" />
	<Message ID="MMI::DriverParameter::SYNTEC::P32-55" Content="CoggingTable255" />
	<Message ID="MMI::DriverParameter::SYNTEC::P32-56" Content="ROTORINITPOS_TUNINGDATA_Magnitude" />
	<Message ID="MMI::DriverParameter::SYNTEC::P32-57" Content="ROTORINITPOS_TUNINGDATA_GainTable0" />
	<Message ID="MMI::DriverParameter::SYNTEC::P32-58" Content="ROTORINITPOS_TUNINGDATA_GainTable1" />
	<Message ID="MMI::DriverParameter::SYNTEC::P32-59" Content="ROTORINITPOS_TUNINGDATA_GainTable2" />
	<Message ID="MMI::DriverParameter::SYNTEC::P32-60" Content="ROTORINITPOS_TUNINGDATA_GainTable3" />
	<Message ID="MMI::DriverParameter::SYNTEC::P32-61" Content="ROTORINITPOS_TUNINGDATA_GainTable4" />
	<Message ID="MMI::DriverParameter::SYNTEC::P32-62" Content="ROTORINITPOS_TUNINGDATA_GainTable5" />
	<Message ID="MMI::DriverParameter::SYNTEC::P32-63" Content="ROTORINITPOS_TUNINGDATA_GainTable6" />
	<Message ID="MMI::DriverParameter::SYNTEC::P32-64" Content="ROTORINITPOS_TUNINGDATA_GainTable7" />
	<Message ID="MMI::DriverParameter::SYNTEC::P32-65" Content="ROTORINITPOS_TUNINGDATA_GainTable8" />
	<Message ID="MMI::DriverParameter::SYNTEC::P32-66" Content="ROTORINITPOS_TUNINGDATA_GainTable9" />
	<Message ID="MMI::DriverParameter::SYNTEC::P32-67" Content="ROTORINITPOS_TUNINGDATA_GainTable10" />
	<Message ID="MMI::DriverParameter::SYNTEC::P32-68" Content="ROTORINITPOS_TUNINGDATA_GainTable11" />
	<Message ID="MMI::DriverParameter::SYNTEC::P32-69" Content="ROTORINITPOS_TUNINGDATA_GainTable12" />
	<Message ID="MMI::DriverParameter::SYNTEC::P32-70" Content="ROTORINITPOS_TUNINGDATA_GainTable13" />
	<Message ID="MMI::DriverParameter::SYNTEC::P32-71" Content="ROTORINITPOS_TUNINGDATA_GainTable14" />
	<Message ID="MMI::DriverParameter::SYNTEC::P32-72" Content="ROTORINITPOS_TUNINGDATA_GainTable15" />
	<Message ID="MMI::DriverParameter::SYNTEC::P32-73" Content="ROTORINITPOS_TUNINGDATA_GainTable16" />
	<Message ID="MMI::DriverParameter::SYNTEC::P32-74" Content="ROTORINITPOS_TUNINGDATA_GainTable17" />
	<Message ID="MMI::DriverParameter::SYNTEC::P32-75" Content="ROTORINITPOS_TUNINGDATA_GainTable18" />
	<Message ID="MMI::DriverParameter::SYNTEC::P32-76" Content="ROTORINITPOS_TUNINGDATA_GainTable19" />
	<Message ID="MMI::DriverParameter::SYNTEC::P32-77" Content="ROTORINITPOS_TUNINGDATA_GainTable20" />
	<Message ID="MMI::DriverParameter::SYNTEC::P32-78" Content="ROTORINITPOS_TUNINGDATA_GainTable21" />
	<Message ID="MMI::DriverParameter::SYNTEC::P32-79" Content="ROTORINITPOS_TUNINGDATA_GainTable22" />
	<Message ID="MMI::DriverParameter::SYNTEC::P32-80" Content="ROTORINITPOS_TUNINGDATA_GainTable23" />
</ResMap>
