﻿<?xml version="1.0" encoding="UTF-8"?>
<!--Created by 'eHMI'version2.1.5-->
<ResMap>
  <Message ID="Browser::RemoteConnSet::Caption::Lab_RemoteParamSettingTitle::RemoteConnSet" Content="遠端連線設定參數" />
  <Message ID="Browser::RemoteConnSet::Caption::Lab_ServerIPTitle::ServerIP" Content="遠端核心IP" />
  <Message ID="Browser::RemoteConnSet::Caption::Lab_ErrRetryTitle::ErrorRetry" Content="連線錯誤重試次數" />
  <Message ID="Browser::RemoteConnSet::Caption::Lab_RetryWaitTitle::RetryGapTime" Content="連線錯誤後，重試等待時間 (毫秒)" />
  <Message ID="Browser::RemoteConnSet::Caption::Lab_TimeOut::TimeOut" Content="逾時時間 (毫秒)" />
  <Message ID="Browser::RemoteConnSet::TestConnect::Success" Content="連線成功" />
  <Message ID="Browser::RemoteConnSet::TestConnect::False" Content="連線失敗. 錯誤代碼:" />
  <Message ID="Browser::RemoteConnSet::SetRemoteKernel" Content="設定已儲存，重新啟動後將連線至遠端核心。" />
  <Message ID="Browser::RemoteConnSet::SetLocalKernel" Content="設定已儲存，重新啟動後將連線至本地核心。" />
  <Message ID="Browser::RemoteConnSet::SetRemoteKernelatLan" Content="設定已儲存，重新啟動後將自動連線至網域內的遠端核心。" />
</ResMap>