<?xml version="1.0" encoding="utf-8" ?>
<ResMap>
	<Message ID="AlarmMsg::Macro::ID=1" Content="PROFILE中最低點低於平台" />
	<Message ID="AlarmMsg::Macro::ID=2" Content="垂直軸或延伸軸的每次的進刀量小於或等於0" />
	<Message ID="AlarmMsg::Macro::ID=3" Content="最大圓弧弦長小於或等於0" />
	<Message ID="AlarmMsg::Macro::ID=4" Content="最大圓弧半徑小於或等於0" />
	<Message ID="AlarmMsg::Macro::ID=5" Content="指定的PROFILE路徑有誤" />
	<Message ID="AlarmMsg::Macro::ID=6" Content="PROFILE中G02或G03的指定有誤" />
	<Message ID="AlarmMsg::Macro::ID=7" Content="最小圓弧半徑小於或等於0" />
	<Message ID="AlarmMsg::Macro::ID=11" Content="鑽(塘)孔循環進刀平面R低於孔底平面" />
	<Message ID="AlarmMsg::Macro::ID=12" Content="鑽(塘)孔循環沒有指定孔底平面" />
	<Message ID="AlarmMsg::Macro::ID=13" Content="啄式鑽孔循環沒有指定進刀量Q" />
	<Message ID="AlarmMsg::Macro::ID=15" Content="多孔鑽孔孔數不可為零" />
	<Message ID="AlarmMsg::Macro::ID=31" Content="XY平面進給深度太小" />
	<Message ID="AlarmMsg::Macro::ID=32" Content="Z進給深度太小" />
	<Message ID="AlarmMsg::Macro::ID=40" Content="加工方向未指定" />
	<Message ID="AlarmMsg::Macro::ID=41" Content="刀具直徑太大，超出加工物" />
	<Message ID="AlarmMsg::Macro::ID=42" Content="圓角半徑太小比刀徑小，或太大無法加入角隅" />
	<Message ID="AlarmMsg::Macro::ID=51" Content="X軸步進值超過限定值" />
	<Message ID="AlarmMsg::Macro::ID=52" Content="Y軸步進值超過限定值" />
	<Message ID="AlarmMsg::Macro::ID=53" Content="Z軸步進值超過限定值" />
	<Message ID="AlarmMsg::Macro::ID=54" Content="X軸長度小於0" />
	<Message ID="AlarmMsg::Macro::ID=55" Content="Y軸寬度小於0" />
	<Message ID="AlarmMsg::Macro::ID=56" Content="Z軸最大深度小於0" />
	<Message ID="AlarmMsg::Macro::ID=57" Content="棋盤孔X軸起始孔不可小於等於0" />
	<Message ID="AlarmMsg::Macro::ID=58" Content="棋盤孔Y軸起始孔不可小於等於0" />
	<Message ID="AlarmMsg::Macro::ID=59" Content="棋盤孔自動補償孔數不可小於等於0" />
	<Message ID="AlarmMsg::Macro::ID=405" Content="非一般銑床請使用自訂暫停點回歸程式" />
</ResMap>
