﻿<?xml version="1.0" encoding="UTF-8"?>
<!--Created by 'eHMI'version2.2.11-->
<ResMap>
  <Message ID="Browser::TableFastSysData::Caption::Lab_FastSysData[7][3]::FastSysData25" Content="324.差值串列單節數" />
  <Message ID="Browser::TableFastSysData::Caption::Lab_FastSysData[9][3]::FastSysData27" Content="79.軟體版本" />
  <Message ID="Browser::TableFastSysData::Caption::Lab_FastSysData[9][1]::FastSysData9" Content="78.硬體記憶體" />
  <Message ID="Browser::TableFastSysData::Caption::Lab_FastSysData[8][3]::FastSysData26" Content="機型代碼" />
  <Message ID="Browser::TableFastSysData::Caption::Lab_FastSysData[8][1]::FastSysData8" Content="77.人機記憶體" />
  <Message ID="Browser::TableFastSysData::Caption::Lab_FastSysData[6][1]::FastSysData6" Content="5.PLC掃描時間" />
  <Message ID="Browser::TableFastSysData::Caption::Lab_FastSysData[5][3]::FastSysData23" Content="55.細插逾時次數" />
  <Message ID="Browser::TableFastSysData::Caption::Lab_FastSysData[5][1]::FastSysData5" Content="4.運動差值時間" />
  <Message ID="Browser::TableFastSysData::Caption::Lab_FastSysData[4][3]::FastSysData22" Content="54.插補逾時次數" />
  <Message ID="Browser::TableFastSysData::Caption::Lab_FastSysData[4][1]::FastSysData4" Content="3.I/O掃描次數" />
  <Message ID="Browser::TableFastSysData::Caption::Lab_FastSysData[3][1]::FastSysData3" Content="2.PLC掃瞄次數" />
  <Message ID="Browser::TableFastSysData::Caption::Lab_FastSysData[2][2]::FastSysData11" Content="39.CPU溫度(攝氏)" />
  <Message ID="Browser::TableFastSysData::Caption::Lab_FastSysData[2][1]::FastSysData2" Content="1.運動差值次數" />
  <Message ID="Browser::TableFastSysData::Caption::Lab_FastSysData[1][2]::FastSysData10" Content="6.SRAM寫入次數" />
  <Message ID="Browser::TableFastSysData::Caption::Lab_FastSysData[1][1]::FastSysData1" Content="0.人機執行次數" />
  <Message ID="Browser::TableFastSysData::Caption::Lab_FastSysData[1][3]::FastSysData19" Content="68.軸卡同步失敗次數" />
  <Message ID="Browser::TableFastSysData::Caption::Lab_FastSysData[3][3]::FastSysData21" Content="70.軸卡回授異常數值" />
  <Message ID="Browser::TableFastSysData::Caption::Lab_FastSysData[2][3]::FastSysData20" Content="69.軸卡回授異常次數" />
  <Message ID="Browser::TableFastSysData::Caption::Lab_FastSysData[6][3]::FastSysData24" Content="320.解譯串列單節數" />
  <Message ID="Browser::TableFastSysData::Caption::Lab_FastSysData[7][1]::FastSysData7" Content="23.差值百分比" />
  <Message ID="Browser::TableFastSysData::Caption::Lab_FastSysData[3][2]::FastSysData12" Content="29.手輪絕對位置" />
  <Message ID="Browser::TableFastSysData::Caption::Lab_FastSysData[5][2]::FastSysData14" Content="12.主軸DA值" />
  <Message ID="Browser::TableFastSysData::Caption::Lab_FastSysData[4][2]::FastSysData13" Content="44.主軸速度命令" />
  <Message ID="Browser::TableFastSysData::Caption::Lab_FastSysData[6][2]::FastSysData15" Content="28.主軸位置回授" />
  <Message ID="Browser::TableFastSysData::Caption::Lab_FastSysData[7][2]::FastSysData16" Content="52.主軸索引位置" />
  <Message ID="Browser::TableFastSysData::Caption::Lab_FastSysData[8][2]::FastSysData17" Content="13.攻牙最大誤差" />
  <Message ID="Browser::TableFastSysData::Caption::Lab_FastSysData[9][2]::FastSysData18" Content="14.攻牙動態誤差" />
  <Message ID="Browser::TableFastSysData::Caption::lbl_TableTitle::SystemData" Content="系統資訊" />
</ResMap>