﻿<?xml version="1.0" encoding="UTF-8"?>
<!--Created by 'eHMI'version2.2.10-->
<ResMap>
  <Message ID="Browser::TableFastAxiesData::Caption::Lab_FastSysData[1][1]::FastAxiesData1" Content="雙迴路位置迴授誤差量" />
  <Message ID="Browser::TableFastAxiesData::Caption::Lab_FastAxiesData[13][1]::FastAxiesData13" Content="雙迴路位置迴授誤差量" />
  <Message ID="Browser::TableFastAxiesData::Caption::Lab_FastAxiesData[12][1]::FastAxiesData12" Content="雙迴路索引位置計數器" />
  <Message ID="Browser::TableFastAxiesData::Caption::Lab_FastAxiesData[11][1]::FastAxiesData11" Content="雙迴路絕對位置回授量" />
  <Message ID="Browser::TableFastAxiesData::Caption::Lab_FastAxiesData[10][1]::FastAxiesData10" Content="馬達實際Kp估測值" />
  <Message ID="Browser::TableFastAxiesData::Caption::Lab_FastAxiesData[9][1]::FastAxiesData9" Content="極限偏移量" />
  <Message ID="Browser::TableFastAxiesData::Caption::Lab_FastAxiesData[8][1]::FastAxiesData8" Content="索引位置計數器" />
  <Message ID="Browser::TableFastAxiesData::Caption::Lab_FastAxiesData[7][1]::FastAxiesData7" Content="最大容許追隨誤差量" />
  <Message ID="Browser::TableFastAxiesData::Caption::Lab_FastAxiesData[6][1]::FastAxiesData6" Content="合理追隨誤差量" />
  <Message ID="Browser::TableFastAxiesData::Caption::Lab_FastAxiesData[5][1]::FastAxiesData5" Content="實際追隨誤差" />
  <Message ID="Browser::TableFastAxiesData::Caption::Lab_FastAxiesData[4][1]::FastAxiesData4" Content="絕對位置回授量" />
  <Message ID="Browser::TableFastAxiesData::Caption::Lab_FastAxiesData[3][1]::FastAxiesData3" Content="絕對位置命令量" />
  <Message ID="Browser::TableFastAxiesData::Caption::Lab_FastAxiesData[2][1]::FastAxiesData2" Content="機械座標" />
  <Message ID="Browser::TableFastAxiesData::Caption::Lab_FastAxiesData[1][1]::FastAxiesData1" Content="程式座標" />
  <Message ID="Browser::TableFastSysData::Caption::lbl_TableTitle::AxiesData" Content="軸向資訊" />  
</ResMap>