<ResMap>
    	<Message ID="Fenu::Main::time_analysis" Content="Time Analysis" />
	<Message ID="Fenu::Main::position_analysis" Content="Position Analysis" />
	<Message ID="Fenu::Main::true_roundness_measuring" Content="Electric BallBar" />
  	<Message ID="Fenu::Main::OLS" Content="OLS" />
	<Message ID="Fenu::Main::Compensation" Content="Measure Compensation" />
  	<Message ID="Fenu::Main::OscillographExit" Content="End"/>
	<Message ID="Fenu::nexttime_analysis::Capture" Content="Capture" />
	<Message ID="Fenu::nexttime_analysis::waitCapture" Content="Wait Capture" />
	<Message ID="Fenu::nexttime_analysis::Abort" Content="Abort" />
	<Message ID="Fenu::nexttime_analysis::Full" Content="Waveform Apparent" />
	<Message ID="Fenu::nexttime_analysis::Adjust" Content="Waveform Adjust" />
	<Message ID="Fenu::nexttime_analysis::Setting" Content="Setting" />
	<Message ID="Fenu::nexttime_analysis::Save" Content="Save" />
	<Message ID="Fenu::nexttime_analysis::Load" Content="Load" />
	<Message ID="Fenu::nextposition_analysis::Capture" Content="Capture" />
	<Message ID="Fenu::nextposition_analysis::waitCapture" Content="Wait Capture" />
	<Message ID="Fenu::nextposition_analysis::Abort" Content="Abort" />
	<Message ID="Fenu::nextposition_analysis::Full" Content="Waveform Apparent" />
	<Message ID="Fenu::nextposition_analysis::Adjust" Content="Waveform Adjust" />
	<Message ID="Fenu::nextposition_analysis::Setting" Content="Setting" />
	<Message ID="Fenu::nextposition_analysis::Save" Content="Save" />
	<Message ID="Fenu::nextposition_analysis::Load" Content="Load" />
	<Message ID="Fenu::nexttrue_roundness_measuring::Capture" Content="Capture" />
	<Message ID="Fenu::nexttrue_roundness_measuring::Abort" Content="Abort" />
	<Message ID="Fenu::nexttrue_roundness_measuring::Full" Content="Waveform Apparent" />
	<Message ID="Fenu::nexttrue_roundness_measuring::Setcoordinate" Content="Set Coordinate to Machine Coordinate " />
	<Message ID="Fenu::nexttrue_roundness_measuring::Setting" Content="Setting" />
	<Message ID="Fenu::nexttrue_roundness_measuring::Save" Content="Save" />
	<Message ID="Fenu::nexttrue_roundness_measuring::Load" Content="Load" />
  	<Message ID="Fenu::nextOLS::Capture" Content="Capture" />
  	<Message ID="Fenu::nextOLS::Abort" Content="Abort" />
  	<Message ID="Fenu::nextOLS::Full" Content="Waveform Apparent" />
	<Message ID="Fenu::nextOLS::Setcoordinate" Content="Set Coordinate to Machine Coordinate" />
  	<Message ID="Fenu::nextOLS::Setting" Content="Setting" />
  	<Message ID="Fenu::nextOLS::Save" Content="Save" />
  	<Message ID="Fenu::nextOLS::Load" Content="Load" />
  	<Message ID="Fenu::nexttimeadjust::channel1" Content="Channel1" />
	<Message ID="Fenu::nexttimeadjust::channel2" Content="Channel2" />
	<Message ID="Fenu::nexttimeadjust::channel3" Content="Channel3" />
	<Message ID="Fenu::nexttimeadjust::channel4" Content="Channel4" />
	<Message ID="Fenu::nexttimeadjust::timeleft" Content="All Left" />
	<Message ID="Fenu::nexttimeadjust::timeright" Content="All Right" />
	<Message ID="Fenu::nexttimechannel1::channel1Up" Content="Up" />
	<Message ID="Fenu::nexttimechannel1::channel1Down" Content="Down" />
 	<Message ID="Fenu::nexttimechannel1::channel1Right" Content="Right" />
  	<Message ID="Fenu::nexttimechannel1::channel1Left" Content="Left" />
	<Message ID="Fenu::nexttimechannel2::channel2Up" Content="Up" />
	<Message ID="Fenu::nexttimechannel2::channel2Down" Content="Down" />
   	<Message ID="Fenu::nexttimechannel2::channel2Right" Content="Right" />
  	<Message ID="Fenu::nexttimechannel2::channel2Left" Content="Left" />
	<Message ID="Fenu::nexttimechannel3::channel3Up" Content="Up" />
	<Message ID="Fenu::nexttimechannel3::channel3Down" Content="Down" />
  	<Message ID="Fenu::nexttimechannel3::channel3Right" Content="Right" />
  	<Message ID="Fenu::nexttimechannel3::channel3Left" Content="Left" />
	<Message ID="Fenu::nexttimechannel4::channel4Up" Content="Up" />
  	<Message ID="Fenu::nexttimechannel4::channel4Down" Content="Down" />
  	<Message ID="Fenu::nexttimechannel4::channel4Right" Content="Right" />
  	<Message ID="Fenu::nexttimechannel4::channel4Left" Content="Left" />
	<Message ID="Fenu::nextpositionadjust::channel1" Content="Channel1" />
	<Message ID="Fenu::nextpositionadjust::channel2" Content="Channel2" />
	<Message ID="Fenu::nextpositionadjust::channel3" Content="Channel3" />
	<Message ID="Fenu::nextpositionadjust::channel4" Content="Channel4" />
	<Message ID="Fenu::nextpositionadjust::positionleft" Content="All Left" />
	<Message ID="Fenu::nextpositionadjust::positionright" Content="All Right" />
	<Message ID="Fenu::nextpositionchannel1::channel1Up" Content="Up" />
  	<Message ID="Fenu::nextpositionchannel1::channel1Down" Content="Down" />
  	<Message ID="Fenu::nextpositionchannel1::channel1Right" Content="Right" />
  	<Message ID="Fenu::nextpositionchannel1::channel1Left" Content="Left" />
	<Message ID="Fenu::nextpositionchannel2::channel2Up" Content="Up" />
  	<Message ID="Fenu::nextpositionchannel2::channel2Down" Content="Down" />
  	<Message ID="Fenu::nextpositionchannel2::channel2Right" Content="Right" />
  	<Message ID="Fenu::nextpositionchannel2::channel2Left" Content="Left" />
	<Message ID="Fenu::nextpositionchannel3::channel3Up" Content="Up" />
  	<Message ID="Fenu::nextpositionchannel3::channel3Down" Content="Down" />
  	<Message ID="Fenu::nextpositionchannel3::channel3Right" Content="Right" />
  	<Message ID="Fenu::nextpositionchannel3::channel3Left" Content="Left" />
  	<Message ID="Fenu::nextpositionchannel4::channel4Up" Content="Up" />
  	<Message ID="Fenu::nextpositionchannel4::channel4Down" Content="Down" />
  	<Message ID="Fenu::nextpositionchannel4::channel4Right" Content="Right" />
  	<Message ID="Fenu::nextpositionchannel4::channel4Left" Content="Left" />
    	<Message ID="Fenu::Compensation::Ensure" Content="OK" />
  	<Message ID="Fenu::Compensation::Abort" Content="Cancel" />

	<Message ID="Fenu::Diagnostic::DataAcquistion" Content="Data Acquistion" />
	<Message ID="Fenu::Diagnostic::DataAcqStart" Content="Acquistion Start" />
	<Message ID="Fenu::Diagnostic::DataAcqStartWait" Content="Wait Capture" />
	<Message ID="Fenu::Diagnostic::DataAcqAbort" Content="Acquistion Abort" />
	<Message ID="Fenu::Diagnostic::DoDataAcqSet" Content="Sampling Setting" />
    	<Message ID="Fenu::Diagnostic::DataAcqSetOk" Content="Ok" />
	<Message ID="Fenu::Diagnostic::DataAcqSetCancel" Content="Cancel" />
</ResMap>
