﻿<?xml version="1.0" encoding="UTF-8"?>
<ResMap>
	<!-- ========== Caned Cycle Entry Main Menu String Define ===================== -->
	<Message ID="LATHECanCycle:CommonMenu" Content="CommonCanCycle" />
	<Message ID="LATHECanCycle:CustomMenu" Content="MakerCanCycle" />
	<Message ID="LATHECanCycle:PrdMenu" Content="ProductCanCycle" />

	<!-- ========== Caned Cycle Common Main Menu String Define ===================== -->
	<Message ID="LATHECanCycle:G00" Content="Rapid Traverse (G00)" />
	<Message ID="LATHECanCycle:G01" Content="Linear Cutting (G01)" />
	<Message ID="LATHECanCycle:Circular" Content="Circular Cutting(G02/G03)" />
	<Message ID="LATHECanCycle:Threading" Content="Threading" />
	<Message ID="LATHECanCycle:Drilling" Content="Drilling" />
	<Message ID="LATHECanCycle:GCodeList" Content="G Code Misc." />
	<Message ID="LATHECanCycle:MCodeList" Content="M Code Misc." />
	<Message ID="LATHECanCycle:DiameterCut" Content="Diameter Cutting Cycle" />
	<Message ID="LATHECanCycle:FacingCut" Content="End Face Cutting Cycle" />
	<Message ID="LATHECanCycle:MultiCut" Content="Multiple Repetitive Cycle" />
	<Message ID="LATHECanCycle:ToolChange" Content="Tool Change" />

	<!-- ========== Caned Cycle Circular Menu String Define ===================== -->
	<Message ID="LATHECanCycle:G02" Content="CW Circular (G02)" />
	<Message ID="LATHECanCycle:G03" Content="CCW Circular (G03)" />

	<!-- ========== Caned Cycle GCodeList Menu String Define ===================== -->
	<Message ID="LATHECanCycle:G04" Content="Dwell (G04)" />
	<Message ID="LATHECanCycle:G10" Content="Programmable Data Input (G10)" />
	<Message ID="LATHECanCycle:G40" Content="Tool Nose Compensation Cancel  (G40)" />
	<Message ID="LATHECanCycle:G41" Content="Tool Nose Compensation Left (G41)" />
	<Message ID="LATHECanCycle:G42" Content="Tool Nose Compensation Right (G42)" />
	<Message ID="LATHECanCycle:G70" Content="Input in Inch" />
	<Message ID="LATHECanCycle:G71" Content="Input in Metric" />
	<Message ID="LATHECanCycle:G94" Content="Feed by per Minute(mm/min) (G94)" />
	<Message ID="LATHECanCycle:G95" Content="Feed by per Vevolution(mm/rev) (G95)" />
	<Message ID="LATHECanCycle:G96" Content="Constant surface speed control ON (G96)" />
	<Message ID="LATHECanCycle:G97" Content="Constant surface speed control OFF (G97)" />
	<Message ID="LATHECanCycle:G98" Content="Return to Initial Level in Drilling (G98)" />
	<Message ID="LATHECanCycle:G99" Content="Return to R Level in Drilling (G99)" />
	<Message ID="LATHECanCycle:M98" Content="Call into Subprogram (M98)" />
	<Message ID="LATHECanCycle:M99" Content="Return Back Caller (M99)" />

	<!-- ========== Caned Cycle MCodeList Menu String Define ===================== -->
	<Message ID="LATHECanCycle:M00" Content="Program Pause (M00)" />
	<Message ID="LATHECanCycle:M01" Content="Selectable Program Pause (M01)" />
	<Message ID="LATHECanCycle:M02" Content="Program End (M02)" />
	<Message ID="LATHECanCycle:M03" Content="Spindle CW (M03)" />
	<Message ID="LATHECanCycle:M04" Content="Spindle CCW (M04)" />
	<Message ID="LATHECanCycle:M05" Content="Spindle OFF (M05)" />
	<Message ID="LATHECanCycle:M08" Content="Coolant ON (M08)" />
	<Message ID="LATHECanCycle:M09" Content="Coolant OFF (M09)" />
	<Message ID="LATHECanCycle:M10" Content="Clamp ON (M10)" />
	<Message ID="LATHECanCycle:M11" Content="Clamp OFF (M11)" />
	<Message ID="LATHECanCycle:M13" Content="Parts Catcher ON (M13)" />
	<Message ID="LATHECanCycle:M14" Content="Parts Catcher OFF (M14)" />
	<Message ID="LATHECanCycle:M15" Content="Powder Sinker ON (M15)" />
	<Message ID="LATHECanCycle:M16" Content="Powder Sinker OFF (M16)" />
	<Message ID="LATHECanCycle:M17" Content="Option Signal ON (M17)" />
	<Message ID="LATHECanCycle:M18" Content="Option Signal OFF (M18)" />
	<Message ID="LATHECanCycle:M19" Content="Spindle Orientation (M19)" />
	<Message ID="LATHECanCycle:M20" Content="Pushing Material ON (M20)" />
	<Message ID="LATHECanCycle:M21" Content="Pushing Material OFF (M21)" />
	<Message ID="LATHECanCycle:M50" Content="C Axis Mode ON (M50)" />
	<Message ID="LATHECanCycle:M51" Content="C Axis Mode OFF (M51)" />
	<Message ID="LATHECanCycle:M30" Content="Program End, Return to initial point(M30)" />
	
	<!-- ========== Caned Cycle Threading Menu String Define ===================== -->
	<Message ID="LATHECanCycle:G21" Content="Thread Cutting Cycle" />
	<Message ID="LATHECanCycle:G33" Content="Constant Lead Threading" />
	<Message ID="LATHECanCycle:G78" Content="Multiple Thread Cutting Cycle" />
	
	<!-- ========== Caned Cycle Drilling Menu String Define ===================== -->
	<Message ID="LATHECanCycle:G80" Content="Drilling Cycle Cancel (G80)"  />
	<Message ID="LATHECanCycle:G83" Content="Front Drilling Cycle (G83)"  />
	<Message ID="LATHECanCycle:G84" Content="Front Tapping Cycle (G84)" />
	<Message ID="LATHECanCycle:G85" Content="Front Drilling Cycle (G85)" />
	<Message ID="LATHECanCycle:G87" Content="Side Drilling Cycle (G87)" />
	<Message ID="LATHECanCycle:G88" Content="Side Tapping Cycle (G88)" />
	<Message ID="LATHECanCycle:G89" Content="Side Boring Cycle (G89)" />
	
	<!-- ========== Caned Cycle Diameter Cutting Cycle Menu String Define ===================== -->
	<Message ID="LATHECanCycle:G20" Content="Diameter Cutting Cycle" />
	<Message ID="LATHECanCycle:G77" Content="Diameter Drilling Cycle" />
	
	<!-- ========== Caned Cycle End Face Cutting Cycle Menu String Define ===================== -->
	<Message ID="LATHECanCycle:G24" Content="Face Cutting Cycle" />
	<Message ID="LATHECanCycle:G76" Content="End Face Peck Drilling Cycle" />
	
	<!-- ========== Caned Cycle Multiple Repetitive Cycle Menu String Define ===================== -->
	<Message ID="LATHECanCycle:G72" Content="Finishing Cycle" />
	<Message ID="LATHECanCycle:G73" Content="Stock Removal in Turning" />
	<Message ID="LATHECanCycle:G74" Content="Stock Removal in Facing" />
	<Message ID="LATHECanCycle:G75" Content="Pattern Repeating" />

	
	
	<!-- ========== G00 String Define ===================== -->
	<Message ID="Browser::G00::Caption::X_End" Content="X End" />
	<Message ID="Browser::G00::Caption::Y_End" Content="Y End" />
	<Message ID="Browser::G00::Caption::Z_End" Content="Z End" />
	<Message ID="Browser::G00::Caption::Abs_X" Content="Abs.(X)" />
	<Message ID="Browser::G00::Caption::Abs_Y" Content="Abs.(Y)" />
	<Message ID="Browser::G00::Caption::Abs_Z" Content="Abs.(Z)" />
	<Message ID="Browser::G00::Caption::Inc_U" Content="Inc.(U)" />
	<Message ID="Browser::G00::Caption::Inc_V" Content="Inc.(V)" />
	<Message ID="Browser::G00::Caption::Inc_W" Content="Inc.(W)" />
	<Message ID="Browser::G00::Caption::Lab_LineNo::LineNo" Content="LnNo.(N)" />
	<Message ID="Browser::G00::HintLabel::Inc_U" Content="End X displacement" />
	<Message ID="Browser::G00::HintLabel::Inc_V" Content="End Y displacement" />
	<Message ID="Browser::G00::HintLabel::Inc_W" Content="End Z displacement" />
	<Message ID="Browser::G00::HintLabel::Inp_LineNo::LineNo_N" Content="Line Number N" />

	<!-- ========== G01 String Define ===================== -->
	<Message ID="G01::ChamferTitle" Content="Chamfer or radius of corner" />
	<Message ID="G01::Chamfer_C" Content="Chamfer(C)" />
	<Message ID="G01_Hint::Chamfer_C" Content="Chamfering a corner made by two straight lines" />
	<Message ID="G01::Radius_R" Content="Radius(R)" />
	<Message ID="G01_Hint::Radius_R" Content="Rounding a corner made by two straight lines" />
	<Message ID="Browser::G01::Caption::Lab_Angle_A::Angle_A" Content="Angle(A)" />
    <Message ID="Browser::G01::HintLabel::Inp_AngleA::Angle_A" Content="Straight line angle" />
	<Message ID="Browser::G01::Caption::X_End" Content="X End" />
	<Message ID="Browser::G01::Caption::Y_End" Content="Y End" />
	<Message ID="Browser::G01::Caption::Z_End" Content="Z End" />
	<Message ID="Browser::G01::Caption::Abs_X" Content="Abs.(X)" />
	<Message ID="Browser::G01::Caption::Abs_Y" Content="Abs.(Y)" />
	<Message ID="Browser::G01::Caption::Abs_Z" Content="Abs.(Z)" />
	<Message ID="Browser::G01::Caption::Inc_U" Content="Inc.(U)" />
	<Message ID="Browser::G01::Caption::Inc_V" Content="Inc.(V)" />
	<Message ID="Browser::G01::Caption::Inc_W" Content="Inc.(W)" />	
	<Message ID="Browser::G01::HintLabel::Inc_U" Content="End X displacement" />
	<Message ID="Browser::G01::HintLabel::Inc_V" Content="End Y displacement" />
	<Message ID="Browser::G01::HintLabel::Inc_W" Content="End Z displacement" />
	<Message ID="Browser::G01::Caption::Lab_LineNo::LineNo" Content="Line No.(N)" />
	<Message ID="Browser::G01::HintLabel::Inp_LineNo::LineNo" Content="Line Number N" />

	<!-- ========== G02/G03 String Define ===================== -->
	<Message ID="Browser::G02G03::Caption::CenterVector" Content="CenterVector" />
	<Message ID="Browser::G02G03::Caption::XAxisI" Content="X Axis(I)" />
	<Message ID="Browser::G02G03::Caption::YAxisJ" Content="Y Axis(J)" />
	<Message ID="Browser::G02G03::Caption::Chamfer" Content="Corner Feature" />
	<Message ID="Browser::G02G03::Caption::Radius" Content="Radius(R)" />
	<Message ID="Browser::G02G03::HintLabel::XAxisI" Content="Distance from the start point X to the center of" />
	<Message ID="Browser::G02G03::HintLabel::YAxisJ" Content="Distance from the start point Y to the center of" />
	<Message ID="Browser::G02G03::HintLabel::Radius" Content="Rounding a corner made by two straight lines" />	
	<Message ID="Browser::G02G03::Caption::X_End" Content="X End" />
	<Message ID="Browser::G02G03::Caption::Y_End" Content="Y End" />
	<Message ID="Browser::G02G03::Caption::Z_End" Content="Z End" />
	<Message ID="Browser::G02G03::Caption::Abs_X" Content="Abs.(X)" />
	<Message ID="Browser::G02G03::Caption::Abs_Y" Content="Abs.(Y)" />
	<Message ID="Browser::G02G03::Caption::Abs_Z" Content="Abs.(Z)" />
	<Message ID="Browser::G02G03::Caption::Inc_U" Content="Inc.(U)" />
	<Message ID="Browser::G02G03::Caption::Inc_V" Content="Inc.(V)" />
	<Message ID="Browser::G02G03::Caption::Inc_W" Content="Inc.(W)" />
	<Message ID="Browser::G02G03::Caption::LineNo" Content="Line No.(N)" />
	<Message ID="Browser::G02G03::HintLabel::Inc_U" Content="End X displacement" />
	<Message ID="Browser::G02G03::HintLabel::Inc_V" Content="End Y displacement" />
	<Message ID="Browser::G02G03::HintLabel::Inc_W" Content="End Z displacement" />
	<Message ID="Browser::G02G03::HintLabel::LineNo" Content="Line Number" />
	
	<!-- ========== G04 String Define ===================== -->
	<Message ID="Browser::G04::Caption::Dwell_Time" Content="Dwell Time(X)" />
	<Message ID="Browser::G04::HintLabel::Dwell_time_X" Content="Unit is second" />
	<Message ID="Browser::G04::Caption::LineNo" Content="LineNo:" />
	<Message ID="Browser::G04::Caption::G04_Title" Content="Dwell(G04)" />

	<!-- ========== G10 String Define ===================== -->
	<Message ID="Browser::G10::Caption::Record_NO_P" Content="Record NO(P)" />
	<Message ID="Browser::G10::Caption::Record_Value_R" Content="Record Value(R)" />
	<Message ID="Browser::G10::Caption::Data_Type_L" Content="Data Type(L)" />
	<Message ID="Browser::G10::HintLabel::Data_Type_L" Content="10 Length 11 Len Wear 12 Radius 13 RadWear" />
	<Message ID="Browser::G10::Caption::LineNo" Content="LineNo:" />
	<Message ID="Browser::G10::Caption::G10_Title" Content="Programmable data input(G10)" />
	<Message ID="Browser::G10::HintLabel::Record_Value_R" Content="Tool compensation value" />
	<Message ID="Browser::G10::HintLabel::Record_NO_P" Content="Number of tool compensation" />
	
	<!-- ========== G20 String Define ===================== -->
	<Message ID="Browser::G20::Caption::G20_Title" Content="Diameter Cutting Cycle" />
	<Message ID="Browser::G20::Caption::Abs_X" Content="Abs.(X)" />
	<Message ID="Browser::G20::Caption::LineNo" Content="LineNo:" />
	<Message ID="Browser::G20::Caption::G_Code_Type" Content="G code type  A：G90  B：G77  C：G20" />
	<Message ID="Browser::G20::Caption::Taper_R" Content="Taper(R)" />
	<Message ID="Browser::G20::Caption::Inc_U" Content="Inc.(U)" />
	<Message ID="Browser::G20::Caption::X_End" Content="X End" />
	<Message ID="Browser::G20::Caption::Abs_Z" Content="Abs.(Z)" />
	<Message ID="Browser::G20::Caption::Inc_W" Content="Inc.(W)" />
	<Message ID="Browser::G20::Caption::Z_End" Content="Z End" />
	<Message ID="Browser::G20::Caption::Feedrate_F" Content="Feedrate(F)" />
	<Message ID="Browser::G20::HintLabel::Absolute_X" Content="End X position" />
	<Message ID="Browser::G20::HintLabel::Inc_U" Content="End X displacement" />
	<Message ID="Browser::G20::HintLabel::Abs_Z" Content="End Z position" />
	<Message ID="Browser::G20::HintLabel::Inc_W" Content="End Z displacement" />
	<Message ID="Browser::G20::HintLabel::Taper_R" Content="Taper height" />
	<Message ID="Browser::G20::HintLabel::Feedrate_F" Content="Cutting feedrate" />
	
	<!-- ========== G21 String Define ===================== -->
	<Message ID="Browser::G21::Caption::Pitch Lead_L" Content="Pitch Lead(L)" />
    <Message ID="Browser::G21::Caption::Z_End" Content="Z End" />
    <Message ID="Browser::G21::Caption::X_End" Content="X End" />
    <Message ID="Browser::G21::Caption::Abs_X" Content="Abs.(X)" />
    <Message ID="Browser::G21::Caption::LineNo" Content="LineNo:" />
    <Message ID="Browser::G21::HintLabel::Absolute_X" Content="End X position" />
    <Message ID="Browser::G21::Caption::Taper_R" Content="Taper(R)" />
    <Message ID="Browser::G21::Caption::G_Code_Type" Content="" />
    <Message ID="Browser::G21::HintLabel::Inc_U" Content="End X displacement" />
    <Message ID="Browser::G21::Caption::Inc_U" Content="Inc.(U)" />
    <Message ID="Browser::G21::HintLabel::Abs_Z" Content="End Z position" />
    <Message ID="Browser::G21::HintLabel::Inc_W" Content="End Z displacement" />
    <Message ID="Browser::G21::HintLabel::Taper_R" Content="Taper height" />
    <Message ID="Browser::G21::Caption::Speed_S" Content="Speed(S)" />
    <Message ID="Browser::G21::HintLabel::Speed_S" Content="Speed" />
    <Message ID="Browser::G21::HintLabel::Lead_L" Content="Lead(mm/pitch)" />
    <Message ID="Browser::G21::HintLabel::Inch" Content="Pitch number per inch(pitch/inch)" />
    <Message ID="Browser::G21::Caption::Lead" Content="Lead(F)" />
    <Message ID="Browser::G21::Caption::Per Inch_E" Content="Inch(E)" />
    <Message ID="Browser::G21::Caption::G21_Title" Content="Thread Cutting Cycle" />
    <Message ID="Browser::G21::Caption::Abs_Z" Content="Abs.(Z)" />
    <Message ID="Browser::G21::Caption::Inc_W" Content="Inc.(W)" />
    <Message ID="Browser::G21::Caption::Teeth" Content="Number of teeth(H)" />
	
  <!-- ========== G24 String Define ===================== -->
  <Message ID="Browser::G24::Caption::Abs_X" Content="Abs.(X)" />
  <Message ID="Browser::G24::Caption::LineNo" Content="LineNo:" />
  <Message ID="Browser::G24::Caption::G_Code_Type" Content="G code  A：G94  B：G79  C：G24" />
  <Message ID="Browser::G24::Caption::Taper_R" Content="Taper(R)" />
  <Message ID="Browser::G24::Caption::Inc_U" Content="Inc.(U)" />
  <Message ID="Browser::G24::Caption::X_End" Content="X End" />
  <Message ID="Browser::G24::Caption::Abs_Z" Content="Abs.(Z)" />
  <Message ID="Browser::G24::Caption::Inc_W" Content="Inc.(W)" />
  <Message ID="Browser::G24::Caption::Z_End" Content="Z End" />
  <Message ID="Browser::G24::Caption::Feedrate_F" Content="Feedrate(F)" />
  <Message ID="Browser::G24::Caption::G24_Title" Content="Face cutting cycle" />
  <Message ID="Browser::G24::HintLabel::Absolute_X" Content="End X position" />
  <Message ID="Browser::G24::HintLabel::Inc_U" Content="End X displacement" />
  <Message ID="Browser::G24::HintLabel::Abs_Z" Content="End Z position" />
  <Message ID="Browser::G24::HintLabel::Inc_W" Content="End Z displacement" />
  <Message ID="Browser::G24::HintLabel::Taper_R" Content="Taper height" />
  <Message ID="Browser::G24::HintLabel::Feedrate_F" Content="Cutting feedrate" />

	<!-- ========== G33 String Define ===================== -->
	 <Message ID="Browser::G33::Caption::X_End" Content="X End" />
  <Message ID="Browser::G33::HintLabel::Absolute_X" Content="End X position" />
  <Message ID="Browser::G33::Caption::Pitch Lead_L" Content="Pitch Lead(L)" />
  <Message ID="Browser::G33::Caption::Z_End" Content="Z End" />
  <Message ID="Browser::G33::Caption::Abs_X" Content="Abs.(X)" />
  <Message ID="Browser::G33::Caption::LineNo" Content="LineNo:" />
  <Message ID="Browser::G33::Caption::Taper_R" Content="Taper(R)" />
  <Message ID="Browser::G33::Caption::G_Code_Type" Content="G code type A：G32  B：G33  C：G33" />
  <Message ID="Browser::G33::Caption::Inc_U" Content="Inc.(U)" />
  <Message ID="Browser::G33::Caption::Speed_S" Content="Speed(S)" />
  <Message ID="Browser::G33::Caption::Lead" Content="Lead(F)" />
  <Message ID="Browser::G33::Caption::Per Inch_E" Content="Inch(E)" />
  <Message ID="Browser::G33::Caption::G33_Title" Content="Constant Lead Threading" />
  <Message ID="Browser::G33::Caption::Abs_Z" Content="Abs.(Z)" />
  <Message ID="Browser::G33::Caption::Inc_W" Content="Inc.(W)" />
  <Message ID="Browser::G33::HintLabel::Absolute_X" Content="End X position" />
  <Message ID="Browser::G33::HintLabel::Inc_U" Content="End X displacement" />
  <Message ID="Browser::G33::HintLabel::Abs_Z" Content="End Z position" />
  <Message ID="Browser::G33::HintLabel::Inc_W" Content="End Z displacement" />
  <Message ID="Browser::G33::HintLabel::Taper_R" Content="Taper height" />
  <Message ID="Browser::G33::HintLabel::Speed_S" Content="Speed" />
  <Message ID="Browser::G33::HintLabel::Lead_L" Content="Lead(mm/pitch)" />
  <Message ID="Browser::G33::HintLabel::Inch" Content="Pitch number per inch(pitch/inch)" />
  
	<!-- ========== G72 String Define ===================== -->
	  <Message ID="Browser::G72::Caption::Start BLK NO." Content="Start BLK No.(P)" />
  <Message ID="Browser::G72::HintLabel::Start BLK NO." Content="Sequence number of first block" />
  <Message ID="Browser::G72::HintLabel::End BLK NO." Content="Sequence number of last block" />
  <Message ID="Browser::G72::Caption::End BLK NO." Content="End BLK No.(Q)" />
  <Message ID="GG_Code_Type" Content="G code  A：G70  B：G70  C：G72" />
  <Message ID="Browser::G72::Caption::G72_Title" Content="Finishing Cycle" />
  <Message ID="Browser::G72::Caption::Label6::LineNo" Content="Line No.(N)" />
  <Message ID="Browser::G72::HintLabel::Input3::LineNo" Content="Line Number" />
  
	<!-- ========== G73 String Define ===================== -->
	  <Message ID="Browser::G73::Caption::X_Allow" Content="X Allow(U)" />
  <Message ID="Browser::G73::Caption::Z_Allow" Content="Z Allow(W)" />
  <Message ID="Browser::G73::Caption::Residue" Content="Precision Cutting Residue" />
  <Message ID="Browser::G73::Caption::Speed_S" Content="Speed(S)" />
  <Message ID="Browser::G73::Caption::X_Allow" Content="X Allow(U)" />
  <Message ID="Browser::G73::Caption::Z_Allow" Content="Z Allow(W)" />
  <Message ID="Browser::G73::Caption::Cut_Dep&amp;Esc" Content="Cut Depth &amp; Escape" />
  <Message ID="Browser::G73::Caption::Cut_Dep" Content="Cut Dep(D)" />
  <Message ID="Browser::G73::Caption::Escpae_E" Content="Escape(E)" />
  <Message ID="Browser::G73::Caption::Start BLK NO." Content="Start BLK NO.(P)" />
  <Message ID="Browser::G73::Caption::Feedrate_F" Content="Feedrate(F)" />
  <Message ID="Browser::G73::Caption::Tool_NO.T" Content="Tool NO.(T)" />
  <Message ID="Browser::G73::Caption::End BLK NO." Content="End BLK NO.(Q)" />
  <Message ID="Browser::G73::Caption::LineNo" Content="LineNo:" />
  <Message ID="Browser::G73::Caption::G_Code_Type" Content="G code type   A：G71  B：G71  C：G73" />
  <Message ID="Browser::G73::Caption::G73_Title" Content="Stock Removal in Turning" />
  <Message ID="Browser::G73::HintLabel::Start BLK NO." Content="Sequence number of first block" />
  <Message ID="Browser::G73::HintLabel::End BLK NO." Content="Sequence number of last block" />
  <Message ID="Browser::G73::HintLabel::X_Allow" Content="X finishing allowance" />
  <Message ID="Browser::G73::HintLabel::Z_Allow" Content="Z finishing allowance" />
  <Message ID="Browser::G73::HintLabel::Depth_of_Cut" Content="Depth of cut(radius)" />
  <Message ID="Browser::G73::HintLabel::Esc_Amount" Content="Escaping amount" />
  <Message ID="Browser::G73::HintLabel::Speed_S" Content="Speed" />
  <Message ID="Browser::G73::HintLabel::Feedrate_F" Content="Cutting feedrate" />
  <Message ID="Browser::G73::HintLabel::Tool_NO." Content="Tool number" />
  
	<!-- ========== G74 String Define ===================== -->
  <Message ID="Browser::G74::Caption::Speed_S" Content="Speed(S)" />
  <Message ID="Browser::G74::Caption::Residue" Content="Precision Cutting Residue" />
  <Message ID="Browser::G74::Caption::X_Allow" Content="X Allow(U)" />
  <Message ID="Browser::G74::Caption::Z_Allow" Content="Z Allow(W)" />
  <Message ID="Browser::G74::Caption::Cut_Dep&amp;Esc" Content="Cut Depth &amp; Escape" />
  <Message ID="Browser::G74::Caption::Cut_Dep" Content="Cut Dep(D)" />
  <Message ID="Browser::G74::Caption::Escpae_E" Content="Escape(E)" />
  <Message ID="Browser::G74::Caption::Tool_NO.T" Content="Tool NO.(T)" />
  <Message ID="Browser::G74::Caption::Feedrate_F" Content="Feedrate(F)" />
  <Message ID="Browser::G74::Caption::Start BLK NO." Content="Start BLK NO.(P)" />
  <Message ID="Browser::G74::Caption::End BLK NO." Content="End BLK NO.(Q)" />
  <Message ID="Browser::G74::Caption::LineNo" Content="LineNo:" />
  <Message ID="Browser::G74::Caption::G_Code_Type" Content="G code type  A：G72  B：G72  C：G74" />
  <Message ID="Browser::G74::Caption::G74_Title" Content="Stock Removal in Turning" />
  <Message ID="Browser::G74::HintLabel::Start BLK NO." Content="Sequence number of first block" />
  <Message ID="Browser::G74::HintLabel::End BLK NO." Content="Sequence number of last block" />
  <Message ID="Browser::G74::HintLabel::X_Allow" Content="X finishing allowance" />
  <Message ID="Browser::G74::HintLabel::Inc_W" Content="End Z displacement" />
  <Message ID="Browser::G74::HintLabel::Depth_of_Cut" Content="Depth of cut(radius)" />
  <Message ID="Browser::G74::HintLabel::Esc_Amount" Content="Escaping amount" />
  <Message ID="Browser::G74::HintLabel::Tool_NO." Content="Tool number" />
  <Message ID="Browser::G74::HintLabel::Speed_S" Content="Speed" />
  <Message ID="Browser::G74::HintLabel::Feedrate_F" Content="Cutting feedrate" />
  
	<!-- ========== G75 String Define ===================== -->
  <Message ID="Browser::G75::Caption::Speed_S" Content="Speed(S)" />
  <Message ID="Browser::G75::Caption::Residue" Content="Precision Cutting Residue" />
  <Message ID="Browser::G75::Caption::X_Allow" Content="X Allow(U)" />
  <Message ID="Browser::G75::Caption::Z_Allow" Content="Z Allow(W)" />
  <Message ID="Browser::G75::Caption::Cut_Dep" Content="X Relief(I)" />
  <Message ID="Browser::G75::Caption::Escpae_E" Content="Z Relief(K)" />
  <Message ID="Browser::G75::Caption::Division" Content="Division(D)" />
  <Message ID="Browser::G75::Caption::Tool_NO.T" Content="Tool NO.(T)" />
  <Message ID="Browser::G75::Caption::Feedrate_F" Content="Feedrate(F)" />
  <Message ID="Browser::G75::HintLabel::Start BLK NO." Content="Sequence number of first block" />
  <Message ID="Browser::G75::Caption::Start BLK NO." Content="Start BLK NO.(P)" />
  <Message ID="Browser::G75::HintLabel::End BLK NO." Content="Sequence number of last block" />
  <Message ID="Browser::G75::Caption::End BLK NO." Content="End BLK NO.(Q)" />
  <Message ID="Browser::G75::HintLabel::X_Allow" Content="X finishing allowance" />
  <Message ID="Browser::G75::HintLabel::Inc_W" Content="End Z displacement" />
  <Message ID="Browser::G75::Caption::LineNo" Content="LineNo:" />
  <Message ID="Browser::G75::HintLabel::Depth_of_Cut" Content="X cut depth(sign, radius)" />
  <Message ID="Browser::G75::HintLabel::Division" Content="The number of division" />
  <Message ID="Browser::G75::HintLabel::Tool_NO." Content="Tool number" />
  <Message ID="Browser::G75::Caption::G_Code_Type" Content="G code type  A：G73  B：G73  C：G75" />
  <Message ID="Browser::G75::HintLabel::Z_Relief" Content="Z cut depth(sign, radius)" />
  <Message ID="Browser::G75::HintLabel::Speed_S" Content="Speed" />
  <Message ID="Browser::G75::Caption::G75_Title" Content="Pattern Repeating" />
  <Message ID="Browser::G75::HintLabel::Feedrate_F" Content="Cutting feedrate" />
	<!-- ========== G76 String Define ===================== -->
	  <Message ID="Browser::G76::Caption::Z_End" Content="Z End" />
  <Message ID="Browser::G76::Caption::X_End" Content="X End" />
  <Message ID="Browser::G76::Caption::X_Depth" Content="X Depth of Cut(P)" />
  <Message ID="Browser::G76::Caption::Z_Depth" Content="Z Depth of Cut(Q)" />
  <Message ID="Browser::G76::Caption::Relief_Amount" Content="Relief Amount(R)" />
  <Message ID="Browser::G76::Caption::Return_Amount" Content="Return Amount(E)" />
  <Message ID="Browser::G76::Caption::Feedrate_F" Content="Feedrate(F)" />
  <Message ID="Browser::G76::Caption::Abs_X" Content="Abs.(X)" />
  <Message ID="Browser::G76::Caption::Inc_U" Content="Inc.(U)" />
  <Message ID="Browser::G76::Caption::LineNo" Content="LineNo:" />
  <Message ID="Browser::G76::Caption::G_Code_Type" Content="G code type  A：G74  B：G74  C：G76" />
  <Message ID="Browser::G76::Caption::G76_Title" Content="End Face Peck Drilling Cycle" />
  <Message ID="Browser::G76::Caption::Abs_Z" Content="Abs.(Z)" />
  <Message ID="Browser::G76::Caption::Inc_W" Content="Inc.(W)" />
  <Message ID="Browser::G76::HintLabel::Absolute_X" Content="End X position" />
  <Message ID="Browser::G76::HintLabel::Inc_U" Content="End X displacement" />
  <Message ID="Browser::G76::HintLabel::Abs_Z" Content="End Z position" />
  <Message ID="Browser::G76::HintLabel::Inc_W" Content="End Z displacement" />
  <Message ID="Browser::G76::HintLabel::X_Depth" Content="Movement amount in X direction" />
  <Message ID="Browser::G76::HintLabel::Z_Depth" Content="Depth of cut in Z direction" />
  <Message ID="Browser::G76::HintLabel::Relief_Amount" Content="X relief amount at cutting bottom" />
  <Message ID="Browser::G76::HintLabel::Return_Amount" Content="Z return amount" />
  <Message ID="Browser::G76::HintLabel::Feedrate_F" Content="Cutting feedrate" />
  
	<!-- ========== G77 String Define ===================== -->
	  <Message ID="Browser::G77::Caption::Z_End" Content="Z End" />
  <Message ID="Browser::G77::Caption::X_End" Content="X End" />
  <Message ID="Browser::G77::Caption::X_Depth" Content="X Depth of Cut(P)" />
  <Message ID="Browser::G77::Caption::Z_Depth" Content="Z Depth of Cut(Q)" />
  <Message ID="Browser::G77::Caption::Relief_Amount" Content="Relief Amount(R)" />
  <Message ID="Browser::G77::Caption::Return_Amount" Content="Return Amount(E)" />
  <Message ID="Browser::G77::Caption::Feedrate_F" Content="Feedrate(F)" />
  <Message ID="Browser::G77::HintLabel::Absolute_X" Content="End X position" />
  <Message ID="Browser::G77::Caption::Abs_X" Content="Abs.(X)" />
  <Message ID="Browser::G77::HintLabel::Inc_U" Content="End X displacement" />
  <Message ID="Browser::G77::Caption::Inc_U" Content="Inc.(U)" />
  <Message ID="Browser::G77::HintLabel::Abs_Z" Content="End Z position" />
  <Message ID="Browser::G77::HintLabel::Inc_W" Content="End Z displacement" />
  <Message ID="Browser::G77::Caption::LineNo" Content="LineNo:" />
  <Message ID="Browser::G77::HintLabel::X_Depth" Content="Movement amount in X direction" />
  <Message ID="Browser::G77::Caption::G_Code_Type" Content="G code type  A：G75  B：G75  C：G77" />
  <Message ID="Browser::G77::HintLabel::Z_Depth" Content="Depth of cut in Z direction" />
  <Message ID="Browser::G77::Caption::G77_Title" Content="Diameter Drilling Cycle" />
  <Message ID="Browser::G77::HintLabel::Relief_Amount" Content="X relief amount at cutting bottom" />
  <Message ID="Browser::G77::Caption::Abs_Z" Content="Abs.(Z)" />
  <Message ID="Browser::G77::HintLabel::Return_Amount" Content="Z return amount" />
  <Message ID="Browser::G77::Caption::Inc_W" Content="Inc.(W)" />
  <Message ID="Browser::G77::HintLabel::Feedrate_F" Content="Cutting feedrate" />
  
	<!-- ========== G78 String Define ===================== -->
	  <Message ID="Browser::G78::Caption::Z_End" Content="Z End" />
  <Message ID="Browser::G78::Caption::X_End" Content="X End" />
  <Message ID="Browser::G78::Caption::Speed_S" Content="Speed(S)" />
  <Message ID="Browser::G78::HintLabel::Absolute_X" Content="End X position" />
  <Message ID="Browser::G78::Caption::Depth_1st" Content="Depth 1st(Q)" />
  <Message ID="Browser::G78::HintLabel::Inc_U" Content="End X displacement" />
  <Message ID="Browser::G78::Caption::Height" Content="X Depth of Cut(P)" />
  <Message ID="Browser::G78::HintLabel::Abs_Z" Content="End Z position" />
  <Message ID="Browser::G78::Caption::Pitch Lead_L" Content="Pitch Lead(L)" />
  <Message ID="Browser::G78::HintLabel::Inc_W" Content="End Z displacement" />
  <Message ID="Browser::G78::Caption::Taper_R" Content="Taper(R)" />
  <Message ID="Browser::G78::Caption::Abs_X" Content="Abs.(X)" />
  <Message ID="Browser::G78::Caption::Inc_U" Content="Inc.(U)" />
  <Message ID="Browser::G78::Caption::LineNo" Content="LineNo:" />
  <Message ID="Browser::G78::HintLabel::Lead_L" Content="Lead(mm/pitch)" />
  <Message ID="Browser::G78::HintLabel::Height" Content="End X position" />
  <Message ID="Browser::G78::HintLabel::Taper_R" Content="Taper height" />
  <Message ID="Browser::G78::Caption::Abs_Z" Content="Abs.(Z)" />
  <Message ID="Browser::G78::HintLabel::Inch" Content="Pitch number per inch(pitch/inch)" />
  <Message ID="Browser::G78::HintLabel::Depth_1st" Content="Depth of cut 1st cut" />
  <Message ID="Browser::G78::Caption::Lead" Content="Lead(F)" />
  <Message ID="Browser::G78::Caption::Per Inch_E" Content="Inch(E)" />
  <Message ID="Browser::G78::Caption::G_Code_Type" Content="G code type  A：G76  B：G76  C：G78" />
  <Message ID="Browser::G78::HintLabel::Speed_S" Content="Speed" />
  <Message ID="Browser::G78::Caption::Inc_W" Content="Inc.(W)" />
  <Message ID="Browser::G78::Caption::G78_Title" Content="Multiple Thread Cutting" />
  <Message ID="Browser::G78::Caption::Data_Remain" Content="" />
  
    <!-- ========== G78_next String Define ===================== -->
	  <Message ID="Browser::G78_next::Caption::Modal_Para" Content="" />
  <Message ID="Browser::G78_next::HintLabel::Repetitive_K" Content="" />
  <Message ID="Browser::G78_next::Caption::Repetitive_K" Content="" />
  <Message ID="Browser::G78_next::Caption::Allowance_B" Content="" />
  <Message ID="Browser::G78_next::Caption::Min_Depth_D" Content="" />
  <Message ID="Browser::G78_next::Caption::Tip_Ang_A" Content="" />
  <Message ID="Browser::G78_next::Caption::Chamfer_C" Content="" />
  <Message ID="Browser::G78_next::Caption::LineNo" Content="" />
  <Message ID="Browser::G78_next::Caption::G_Code_Type" Content="" />
  <Message ID="Browser::G78_next::Caption::G78_Next_Title" Content="" />
  <Message ID="Browser::G78_next::Caption::PrePage" Content="" />
  <Message ID="Browser::G78_next::HintLabel::Chamfer_C" Content="" />
  <Message ID="Browser::G78_next::HintLabel::Tip_Ang_A" Content="" />
  <Message ID="Browser::G78_next::HintLabel::Min_Depth_D" Content="" />
  <Message ID="Browser::G78_next::HintLabel::Allowance_B" Content="" />
  
  
	<!-- ========== G83 String Define ===================== -->
	  <Message ID="Browser::G83::Caption::Z_End" Content="Z End" />
  <Message ID="Browser::G83::Caption::X_End" Content="X End" />
  <Message ID="Browser::G83::Caption::Dwell_Time_P" Content="Dwell Time(P)" />
  <Message ID="Browser::G83::HintLabel::Absolute_X" Content="End X position" />
  <Message ID="Browser::G83::Caption::R_Level_R" Content="R Level(R)" />
  <Message ID="Browser::G83::Caption::Depth_of_Cut" Content="Depth of Cut(Q)" />
  <Message ID="Browser::G83::HintLabel::Inc_U" Content="End X displacement" />
  <Message ID="Browser::G83::Caption::Repeat_K" Content="Repeat(K)" />
  <Message ID="Browser::G83::Caption::Clamp_Code_M" Content="Clamp Code(M)" />
  <Message ID="Browser::G83::Caption::Feedrate_F" Content="Feedrate(F)" />
  <Message ID="Browser::G83::HintLabel::Abs_Z" Content="End Z position" />
  <Message ID="Browser::G83::HintLabel::R_Level_R" Content="Distance from initial to point R(dia, unsigned)" />
  <Message ID="Browser::G83::HintLabel::Dwell_Time_P" Content="Dwell time at bottom of hole(sec)" />
  <Message ID="Browser::G83::HintLabel::Depth_of_Cut" Content="Depth of cut for each cutting feed(radius, unsighed)" />
  <Message ID="Browser::G83::Caption::Speed_S" Content="Speed(S)" />
  <Message ID="Browser::G83::HintLabel::Inc_W" Content="End Z displacement" />
  <Message ID="Browser::G83::Caption::Abs_X" Content="Abs.(X)" />
  <Message ID="Browser::G83::Caption::Inc_U" Content="Inc.(U)" />
  <Message ID="Browser::G83::Caption::LineNo" Content="LineNo:" />
  <Message ID="Browser::G83::Caption::G83_Title" Content="Front Drilling Cycle(G83)" />
  <Message ID="Browser::G83::HintLabel::Speed_S" Content="Speed" />
  <Message ID="Browser::G83::Caption::Abs_Z" Content="Abs.(Z)" />
  <Message ID="Browser::G83::HintLabel::Feedrate_F" Content="Cutting feedrate" />
  <Message ID="Browser::G83::HintLabel::Repeat_K" Content="Number of repeats" />
  <Message ID="Browser::G83::HintLabel::Clamp_Code_M" Content="M code for C asis clamp/unclamp code" />
  <Message ID="Browser::G83::Caption::Inc_W" Content="Inc.(W)" />
  
	<!-- ========== G84 String Define ===================== -->
	 <Message ID="Browser::G84::Caption::Z_End" Content="Z End" />
  <Message ID="Browser::G84::Caption::X_End" Content="X End" />
  <Message ID="Browser::G84::Caption::Dwell_Time_P" Content="Dwell Time(P)" />
  <Message ID="Browser::G84::HintLabel::Absolute_X" Content="End X position" />
  <Message ID="Browser::G84::Caption::R_Level_R" Content="R Level(R)" />
  <Message ID="Browser::G84::Caption::Depth_of_Cut" Content="Depth of Cut(Q)" />
  <Message ID="Browser::G84::HintLabel::Inc_U" Content="End X displacement" />
  <Message ID="Browser::G84::Caption::Repeat_K" Content="Repeat(K)" />
  <Message ID="Browser::G84::Caption::Clamp_Code_M" Content="Clamp Code(M)" />
  <Message ID="Browser::G84::Caption::Feedrate_F" Content="Feedrate(F)" />
  <Message ID="Browser::G84::HintLabel::Abs_Z" Content="End Z position" />
  <Message ID="Browser::G84::HintLabel::R_Level_R" Content="Distance from initial to point R(dia, unsigned)" />
  <Message ID="Browser::G84::HintLabel::Dwell_Time_P" Content="Dwell time at bottom of hole(sec)" />
  <Message ID="Browser::G84::HintLabel::Depth_of_Cut" Content="Depth of cut for each cutting feed(radius, unsighed)" />
  <Message ID="Browser::G84::Caption::Speed_S" Content="Speed(S)" />
  <Message ID="Browser::G84::HintLabel::Inc_W" Content="End Z displacement" />
  <Message ID="Browser::G84::Caption::Abs_X" Content="Abs.(X)" />
  <Message ID="Browser::G84::Caption::Inc_U" Content="Inc.(U)" />
  <Message ID="Browser::G84::Caption::LineNo" Content="LineNo:" />
  <Message ID="Browser::G84::Caption::G84_Title" Content="Front Tapping Cycle(G84)" />
  <Message ID="Browser::G84::HintLabel::Speed_S" Content="Speed" />
  <Message ID="Browser::G84::Caption::Abs_Z" Content="Abs.(Z)" />
  <Message ID="Browser::G84::HintLabel::Feedrate_F" Content="Cutting feedrate" />
  <Message ID="Browser::G84::HintLabel::Repeat_K" Content="Number of repeats" />
  <Message ID="Browser::G84::HintLabel::Clamp_Code_M" Content="M code for C asis clamp/unclamp code" />
  <Message ID="Browser::G84::Caption::Inc_W" Content="Inc.(W)" />
  
	<!-- ========== G85 String Define ===================== -->
	  <Message ID="Browser::G85::Caption::Z_End" Content="Z End" />
  <Message ID="Browser::G85::Caption::X_End" Content="X End" />
  <Message ID="Browser::G85::Caption::Dwell_Time_P" Content="Dwell Time(P)" />
  <Message ID="Browser::G85::HintLabel::Absolute_X" Content="End X position" />
  <Message ID="Browser::G85::Caption::R_Level_R" Content="R Level(R)" />
  <Message ID="Browser::G85::Caption::Depth_of_Cut" Content="Depth of Cut(Q)" />
  <Message ID="Browser::G85::HintLabel::Inc_U" Content="End X displacement" />
  <Message ID="Browser::G85::Caption::Repeat_K" Content="Repeat(K)" />
  <Message ID="Browser::G85::Caption::Clamp_Code_M" Content="Clamp Code(M)" />
  <Message ID="Browser::G85::Caption::Feedrate_F" Content="Feedrate(F)" />
  <Message ID="Browser::G85::HintLabel::Abs_Z" Content="End Z position" />
  <Message ID="Browser::G85::HintLabel::R_Level_R" Content="Distance from initial to point R(dia, unsigned)" />
  <Message ID="Browser::G85::HintLabel::Dwell_Time_P" Content="Dwell time at bottom of hole(sec)" />
  <Message ID="Browser::G85::HintLabel::Depth_of_Cut" Content="Depth of cut for each cutting feed(radius, unsighed)" />
  <Message ID="Browser::G85::Caption::Speed_S" Content="Speed(S)" />
  <Message ID="Browser::G85::HintLabel::Inc_W" Content="End Z displacement" />
  <Message ID="Browser::G85::Caption::Abs_X" Content="Abs.(X)" />
  <Message ID="Browser::G85::Caption::Inc_U" Content="Inc.(U)" />
  <Message ID="Browser::G85::Caption::LineNo" Content="LineNo:" />
  <Message ID="Browser::G85::Caption::G85_Title" Content="Front Drilling Cycle(G85)" />
  <Message ID="Browser::G85::HintLabel::Speed_S" Content="Speed" />
  <Message ID="Browser::G85::Caption::Abs_Z" Content="Abs.(Z)" />
  <Message ID="Browser::G85::HintLabel::Feedrate_F" Content="Cutting feedrate" />
  <Message ID="Browser::G85::HintLabel::Repeat_K" Content="Number of repeats" />
  <Message ID="Browser::G85::HintLabel::Clamp_Code_M" Content="M code for C asis clamp/unclamp code" />
  <Message ID="Browser::G85::Caption::Inc_W" Content="Inc.(W)" />
  
	<!-- ========== G87 String Define ===================== -->
	  <Message ID="Browser::G87::Caption::Z_End" Content="Z End" />
  <Message ID="Browser::G87::Caption::X_End" Content="X End" />
  <Message ID="Browser::G87::Caption::Dwell_Time_P" Content="Dwell Time(P)" />
  <Message ID="Browser::G87::HintLabel::Absolute_X" Content="End X position" />
  <Message ID="Browser::G87::Caption::R_Level_R" Content="R Level(R)" />
  <Message ID="Browser::G87::Caption::Depth_of_Cut" Content="Depth of Cut(Q)" />
  <Message ID="Browser::G87::HintLabel::Inc_U" Content="End X displacement" />
  <Message ID="Browser::G87::Caption::Repeat_K" Content="Repeat(K)" />
  <Message ID="Browser::G87::Caption::Clamp_Code_M" Content="Clamp Code(M)" />
  <Message ID="Browser::G87::Caption::Feedrate_F" Content="Feedrate(F)" />
  <Message ID="Browser::G87::HintLabel::Abs_Z" Content="End Z position" />
  <Message ID="Browser::G87::HintLabel::R_Level_R" Content="Distance from initial to point R(dia, unsigned)" />
  <Message ID="Browser::G87::HintLabel::Dwell_Time_P" Content="Dwell time at bottom of hole(sec)" />
  <Message ID="Browser::G87::HintLabel::Depth_of_Cut" Content="Depth of cut for each cutting feed(radius, unsighed)" />
  <Message ID="Browser::G87::Caption::Speed_S" Content="Speed(S)" />
  <Message ID="Browser::G87::HintLabel::Inc_W" Content="End Z displacement" />
  <Message ID="Browser::G87::Caption::Abs_X" Content="Abs.(X)" />
  <Message ID="Browser::G87::Caption::Inc_U" Content="Inc.(U)" />
  <Message ID="Browser::G87::Caption::LineNo" Content="LineNo:" />
  <Message ID="Browser::G87::Caption::G87_Title" Content="Side Drilling Cycle(G87)" />
  <Message ID="Browser::G87::HintLabel::Speed_S" Content="Speed" />
  <Message ID="Browser::G87::Caption::Abs_Z" Content="Abs.(Z)" />
  <Message ID="Browser::G87::HintLabel::Feedrate_F" Content="Cutting feedrate" />
  <Message ID="Browser::G87::HintLabel::Repeat_K" Content="Number of repeats" />
  <Message ID="Browser::G87::HintLabel::Clamp_Code_M" Content="M code for C asis clamp/unclamp code" />
  <Message ID="Browser::G87::Caption::Inc_W" Content="Inc.(W)" />
  
	<!-- ========== G88 String Define ===================== -->
	  <Message ID="Browser::G88::Caption::Z_End" Content="Z End" />
  <Message ID="Browser::G88::Caption::X_End" Content="X End" />
  <Message ID="Browser::G88::Caption::Dwell_Time_P" Content="Dwell Time(P)" />
  <Message ID="Browser::G88::HintLabel::Absolute_X" Content="End X position" />
  <Message ID="Browser::G88::Caption::R_Level_R" Content="R Level(R)" />
  <Message ID="Browser::G88::Caption::Depth_of_Cut" Content="Depth of Cut(Q)" />
  <Message ID="Browser::G88::HintLabel::Inc_U" Content="End X displacement" />
  <Message ID="Browser::G88::Caption::Repeat_K" Content="Repeat(K)" />
  <Message ID="Browser::G88::Caption::Clamp_Code_M" Content="Clamp Code(M)" />
  <Message ID="Browser::G88::Caption::Feedrate_F" Content="Feedrate(F)" />
  <Message ID="Browser::G88::HintLabel::Abs_Z" Content="End Z position" />
  <Message ID="Browser::G88::HintLabel::R_Level_R" Content="Distance from initial to point R(dia, unsigned)" />
  <Message ID="Browser::G88::HintLabel::Dwell_Time_P" Content="Dwell time at bottom of hole(sec)" />
  <Message ID="Browser::G88::HintLabel::Depth_of_Cut" Content="Depth of cut for each cutting feed(radius, unsighed)" />
  <Message ID="Browser::G88::Caption::Speed_S" Content="Speed(S)" />
  <Message ID="Browser::G88::HintLabel::Inc_W" Content="End Z displacement" />
  <Message ID="Browser::G88::Caption::Abs_X" Content="Abs.(X)" />
  <Message ID="Browser::G88::Caption::Inc_U" Content="Inc.(U)" />
  <Message ID="Browser::G88::Caption::LineNo" Content="LineNo:" />
  <Message ID="Browser::G88::Caption::G88_Title" Content="Side Tapping Cycle(G88)" />
  <Message ID="Browser::G88::HintLabel::Speed_S" Content="Speed" />
  <Message ID="Browser::G88::Caption::Abs_Z" Content="Abs.(Z)" />
  <Message ID="Browser::G88::HintLabel::Feedrate_F" Content="Cutting feedrate" />
  <Message ID="Browser::G88::HintLabel::Repeat_K" Content="Number of repeats" />
  <Message ID="Browser::G88::HintLabel::Clamp_Code_M" Content="M code for C asis clamp/unclamp code" />
  <Message ID="Browser::G88::Caption::Inc_W" Content="Inc.(W)" />
  
	<!-- ========== G89 String Define ===================== -->
	<Message ID="Browser::G89::Caption::Z_End" Content="Z End" />
	<Message ID="Browser::G89::Caption::X_End" Content="X End" />
	<Message ID="Browser::G89::Caption::Dwell_Time_P" Content="Dwell Time(P)" />
	<Message ID="Browser::G89::HintLabel::Absolute_X" Content="End X position" />
	<Message ID="Browser::G89::Caption::R_Level_R" Content="R Level(R)" />
	<Message ID="Browser::G89::Caption::Depth_of_Cut" Content="Depth of Cut(Q)" />
	<Message ID="Browser::G89::HintLabel::Inc_U" Content="End X displacement" />
	<Message ID="Browser::G89::Caption::Repeat_K" Content="Repeat(K)" />
	<Message ID="Browser::G89::Caption::Clamp_Code_M" Content="Clamp Code(M)" />
	<Message ID="Browser::G89::Caption::Feedrate_F" Content="Feedrate(F)" />
	<Message ID="Browser::G89::HintLabel::Abs_Z" Content="End Z position" />
	<Message ID="Browser::G89::HintLabel::R_Level_R" Content="Distance from initial to point R(dia, unsigned)" />
	<Message ID="Browser::G89::HintLabel::Dwell_Time_P" Content="Dwell time at bottom of hole(sec)" />
	<Message ID="Browser::G89::HintLabel::Depth_of_Cut" Content="Depth of cut for each cutting feed(radius, unsighed)" />
	<Message ID="Browser::G89::Caption::Speed_S" Content="Speed(S)" />
	<Message ID="Browser::G89::HintLabel::Inc_W" Content="End Z displacement" />
	<Message ID="Browser::G89::Caption::Abs_X" Content="Abs.(X)" />
	<Message ID="Browser::G89::Caption::Inc_U" Content="Inc.(U)" />
	<Message ID="Browser::G89::Caption::LineNo" Content="LineNo:" />
	<Message ID="Browser::G89::Caption::G89_Title" Content="Side Boring Cycle(G89)" />
	<Message ID="Browser::G89::HintLabel::Speed_S" Content="Speed" />
	<Message ID="Browser::G89::Caption::Abs_Z" Content="Abs.(Z)" />
	<Message ID="Browser::G89::HintLabel::Feedrate_F" Content="Cutting feedrate" />
	<Message ID="Browser::G89::HintLabel::Repeat_K" Content="Number of repeats" />
	<Message ID="Browser::G89::HintLabel::Clamp_Code_M" Content="M code for C asis clamp/unclamp code" />
	<Message ID="Browser::G89::Caption::Inc_W" Content="Inc.(W)" />
  	
	<!-- ========== G96 String Define ===================== -->
	<Message ID="Browser::G96::Caption::Spindle_M" Content="Spindle(M)" />
	<Message ID="Browser::G96::HintLabel::Spindle_M" Content="M03(CW)M04(CCW)" />
	<Message ID="Browser::G96::HintLabel::Spindle_S" Content="Spindle speed" />
	<Message ID="Browser::G96::Caption::Spindle_S" Content="Spindle(S)" />
	<Message ID="Browser::G96::Caption::LineNo" Content="LineNo:" />
	<Message ID="Browser::G96::Caption::Constant" Content="Constant surface speed control ON(G96)" />
	
	<!-- ========== G97 String Define ===================== -->
	<Message ID="Browser::G97::Caption::Spindle_M" Content="Spindle(M)" />
	<Message ID="Browser::G97::HintLabel::Spindle_M" Content="M03(CW)M04(CCW)" />
	<Message ID="Browser::G97::HintLabel::Spindle_S" Content="Spindle speed" />
	<Message ID="Browser::G97::Caption::Spindle_S" Content="Spindle(S)" />
	<Message ID="Browser::G97::Caption::LineNo" Content="LineNo:" />
	<Message ID="Browser::G97::Caption::Constant_Cancel" Content="Constant surface speed control OFF(G97)" />
	
	<!-- ========== Tool change ===================== -->
	<Message ID="Browser::Tool_Change::Caption::Tool_No" Content="Tool No：" />
	<Message ID="Browser::Tool_Change::HintLabel::Tool_No" Content="Input Tool No." />
	<Message ID="Browser::Tool_Change::Caption::LineNo" Content="LineNo:" />
	<Message ID="Browser::Tool_Change::Caption::Tool_Title" Content="Tool No. Input" />
	
	<!--  M98  String Define   -->
	<Message ID="Browser::M98::Caption::Program_Name" Content="Program Name(P)" />
	<Message ID="Browser::M98::Caption::Count" Content="Count(L)" />
	<Message ID="Browser::M98::Caption::Sequence_No" Content="Sequence No.(H)" />
	<Message ID="Browser::M98::HintLabel::Sequence_No" Content="Start sequence number" />
	<Message ID="Browser::M98::Caption::LineNo" Content="LineNo:" />
	<Message ID="Browser::M98::Caption::M98_Title" Content="Call Subroutine(M98)" />
	<Message ID="Browser::M98::HintLabel::Repetition" Content="Repetition count" />
	<Message ID="Browser::M98::HintLabel::Sub_Name" Content="Subprogram name" />
</ResMap>
