﻿<?xml version="1.0" encoding="utf-8" ?> 
<ResMap>
	<Message ID=" CncState0" Content="Version Number"/>
	<Message ID=" CncState1" Content="Running Compound Feedrate"/>
	<Message ID=" CncState2" Content="Tool Number"/>
	<Message ID=" CncState3" Content="Running Spindle Speed"/>
	<Message ID=" CncState4" Content="Status"/>
	<Message ID=" CncState5" Content="Mode"/>
	<Message ID=" CncState6" Content="Part Count"/>
	<Message ID=" CncState7" Content="Required Part Count"/>
	<Message ID=" CncState8" Content="Cycle Time"/>
	<Message ID=" CncState9" Content="Accumulated Cycle Time"/>
	<Message ID=" CncState10" Content="Running Line Number"/>
	<Message ID=" CncState11" Content="Running Sequence Number"/>
	<Message ID=" CncState12" Content="Decimal Point for Linear Axis"/>
	<Message ID=" CncState13" Content="Input Unit"/>
	<Message ID=" CncState14" Content="Decimal Point for Rotary Axis"/>
	<Message ID=" CncState15" Content="Tool Radius Number"/>
	<Message ID=" CncState16" Content="Tool Length Number"/>
	<Message ID=" CncState17" Content="Spindle Maximum Speed"/>
	<Message ID=" CncState18" Content="Feedrate Command"/>
	<Message ID=" CncState19" Content="Feedrate Override"/>
	<Message ID=" CncState20" Content="Spindle Speed Command"/>
	<Message ID=" CncState21" Content="Spindle Speed Override"/>
	<Message ID=" CncState22" Content="Accumulated Power On Time"/>
	<Message ID=" CncState23" Content="MPG Ratio"/>
	<Message ID=" CncState24" Content="Gear Position"/>
	<Message ID=" CncState25" Content="Current Part Coordinate No."/>
	<Message ID=" CncState26" Content="Power On Time"/>

	<Message ID=" CncState27" Content="Reserved"/>
	<Message ID=" CncState28" Content="Reserved"/>
	<Message ID=" CncState29" Content="Reserved"/>
	<Message ID=" CncState30" Content="Reserved"/>
	<Message ID=" CncState31" Content="Reserved"/>
	<Message ID=" CncState32" Content="Reserved"/>
	<Message ID=" CncState33" Content="Reserved"/>
	<Message ID=" CncState34" Content="Reserved"/>
	<Message ID=" CncState35" Content="Reserved"/>
	<Message ID=" CncState36" Content="Reserved"/>
	<Message ID=" CncState37" Content="Reserved"/>
	<Message ID=" CncState38" Content="Reserved"/>
	<Message ID=" CncState39" Content="Reserved"/>
	<Message ID=" CncState40" Content="Reserved"/>
	<Message ID=" CncState41" Content="Reserved"/>
	<Message ID=" CncState42" Content="Reserved"/>
	<Message ID=" CncState43" Content="Reserved"/>
	<Message ID=" CncState44" Content="Reserved"/>
	<Message ID=" CncState45" Content="Reserved"/>
	<Message ID=" CncState46" Content="Reserved"/>
	<Message ID=" CncState47" Content="Reserved"/>
	<Message ID=" CncState48" Content="Reserved"/>
	<Message ID=" CncState49" Content="Reserved"/>
	<Message ID=" CncState50" Content="Reserved"/>

	<Message ID=" CncState51" Content="Guidance remain distance"/>
	<Message ID=" CncState52" Content="Guidance remain distance in x-direction"/>
	<Message ID=" CncState53" Content="Guidance remain distance in y-direction"/>

	<Message ID=" CncState54" Content="Reserved"/>
	<Message ID=" CncState55" Content="Reserved"/>
	<Message ID=" CncState56" Content="Reserved"/>
	<Message ID=" CncState57" Content="Reserved"/>
	<Message ID=" CncState58" Content="Reserved"/>
	<Message ID=" CncState59" Content="Reserved"/>
	<Message ID=" CncState60" Content="Reserved"/>
	
	<Message ID=" CncState61" Content="Current Machining Interpolation Mode"/>

	<Message ID=" CncState62" Content="Reserved"/>
	<Message ID=" CncState63" Content="Reserved"/>
	<Message ID=" CncState64" Content="Reserved"/>
	<Message ID=" CncState65" Content="Reserved"/>
	<Message ID=" CncState66" Content="Reserved"/>
	<Message ID=" CncState67" Content="Reserved"/>
	<Message ID=" CncState68" Content="Reserved"/>
	<Message ID=" CncState69" Content="Reserved"/>
	<Message ID=" CncState70" Content="Reserved"/>
	
	<Message ID=" CncState71" Content="Interpolation Mode(G00/G01/G02/G33/G34/G35)"/>
	<Message ID=" CncState72" Content="Working Plane Mode(G17/G18/G19)"/>
	<Message ID=" CncState73" Content="Absolute/Relative Command Mode(G90/G91)"/>
	<Message ID=" CncState74" Content="Second Cycle Mode(G22/G23)"/>
	<Message ID=" CncState75" Content="FeedRate Mode(G94/G95)"/>
	<Message ID=" CncState76" Content="Metric/Imperial Input Mode(G70/G71)"/>
	<Message ID=" CncState77" Content="Tool Radius Compensation Mode(G40/G41/G42)"/>
	<Message ID=" CncState78" Content="Tool Length Compensation Mode(G43/G44/G49)"/>
	<Message ID=" CncState79" Content="Zoom Mode(G50/G51)"/>
	<Message ID=" CncState80" Content="Constant Surface Cutting Speed  Mode(G96/G97)"/>
	<Message ID=" CncState81" Content="FeedRate Control Mode(G61/G62/G63/G64)"/>
	<Message ID=" CncState82" Content="Rotation Mode(G68/G69)"/>
	<Message ID=" CncState83" Content="Spindle Speed Check Mode(G25/G26)"/>
	<Message ID=" CncState84" Content="Polar Coordinate Interpolation Mode(G12/G13)"/>
	<Message ID=" CncState85" Content="Polar Coordinate Command Mode(G15/G16)"/>

	<Message ID=" CncState86" Content="Reserved"/>
	<Message ID=" CncState87" Content="Reserved"/>
	<Message ID=" CncState88" Content="Reserved"/>
	<Message ID=" CncState89" Content="Reserved"/>
	<Message ID=" CncState90" Content="Reserved"/>
	<Message ID=" CncState91" Content="Reserved"/>
	<Message ID=" CncState92" Content="Reserved"/>
	<Message ID=" CncState93" Content="Reserved"/>
	<Message ID=" CncState94" Content="Reserved"/>
	<Message ID=" CncState95" Content="Reserved"/>
	<Message ID=" CncState96" Content="Reserved"/>
	<Message ID=" CncState97" Content="Reserved"/>
	<Message ID=" CncState98" Content="Reserved"/>
	<Message ID=" CncState99" Content="Reserved"/>
	<Message ID=" CncState100" Content="Reserved"/>

	<Message ID=" CncState101" Content="1st Axis Machine Coordinate Position"/>
	<Message ID=" CncState102" Content="2nd Axis Machine Coordinate Position"/>
	<Message ID=" CncState103" Content="3rd Axis Machine Coordinate Position"/>
	<Message ID=" CncState104" Content="4th Axis Machine Coordinate Position"/>
	<Message ID=" CncState105" Content="5th Axis Machine Coordinate Position"/>
	<Message ID=" CncState106" Content="6th Axis Machine Coordinate Position"/>
	<Message ID=" CncState107" Content="7th Axis Machine Coordinate Position"/>
	<Message ID=" CncState108" Content="8th Axis Machine Coordinate Position"/>
	<Message ID=" CncState109" Content="9th Axis Machine Coordinate Position"/>
	<Message ID=" CncState110" Content="10th Axis Machine Coordinate Position"/>
	<Message ID=" CncState111" Content="11th Axis Machine Coordinate Position"/>
	<Message ID=" CncState112" Content="12th Axis Machine Coordinate Position"/>
	<Message ID=" CncState113" Content="13th Axis Machine Coordinate Position"/>
	<Message ID=" CncState114" Content="14th Axis Machine Coordinate Position"/>
	<Message ID=" CncState115" Content="15th Axis Machine Coordinate Position"/>
	<Message ID=" CncState116" Content="16th Axis Machine Coordinate Position"/>
	<Message ID=" CncState117" Content="17th Axis Machine Coordinate Position"/>
	<Message ID=" CncState118" Content="18th Axis Machine Coordinate Position"/>
	<Message ID=" CncState119" Content="19th Axis Machine Coordinate Position"/>
	<Message ID=" CncState120" Content="20th Axis Machine Coordinate Position"/>
	<Message ID=" CncState121" Content="21th Axis Machine Coordinate Position"/>
	<Message ID=" CncState122" Content="22th Axis Machine Coordinate Position"/>
	<Message ID=" CncState123" Content="23th Axis Machine Coordinate Position"/>
	<Message ID=" CncState124" Content="24th Axis Machine Coordinate Position"/>
	<Message ID=" CncState125" Content="25th Axis Machine Coordinate Position"/>
	<Message ID=" CncState126" Content="26th Axis Machine Coordinate Position"/>
	<Message ID=" CncState127" Content="27th Axis Machine Coordinate Position"/>
	<Message ID=" CncState128" Content="28th Axis Machine Coordinate Position"/>
	<Message ID=" CncState129" Content="29th Axis Machine Coordinate Position"/>
	<Message ID=" CncState130" Content="30th Axis Machine Coordinate Position"/>
	<Message ID=" CncState131" Content="31th Axis Machine Coordinate Position"/>
	<Message ID=" CncState132" Content="32th Axis Machine Coordinate Position"/>
	<Message ID=" CncState133" Content="33th Axis Machine Coordinate Position"/>
	<Message ID=" CncState134" Content="34th Axis Machine Coordinate Position"/>
	<Message ID=" CncState135" Content="35th Axis Machine Coordinate Position"/>
	<Message ID=" CncState136" Content="36th Axis Machine Coordinate Position"/>
	<Message ID=" CncState137" Content="37th Axis Machine Coordinate Position"/>
	<Message ID=" CncState138" Content="38th Axis Machine Coordinate Position"/>
	<Message ID=" CncState139" Content="39th Axis Machine Coordinate Position"/>
	<Message ID=" CncState140" Content="40th Axis Machine Coordinate Position"/>

	<Message ID=" CncState141" Content="1st Axis Relative Coordinate Position"/>
	<Message ID=" CncState142" Content="2nd Axis Relative Coordinate Position"/>	
	<Message ID=" CncState143" Content="3rd Axis Relative Coordinate Position"/>
	<Message ID=" CncState144" Content="4th Axis Relative Coordinate Position"/>
	<Message ID=" CncState145" Content="5th Axis Relative Coordinate Position"/>
	<Message ID=" CncState146" Content="6th Axis Relative Coordinate Position"/>
	<Message ID=" CncState147" Content="7th Axis Relative Coordinate Position"/>
	<Message ID=" CncState148" Content="8th Axis Relative Coordinate Position"/>
	<Message ID=" CncState149" Content="9th Axis Relative Coordinate Position"/>
	<Message ID=" CncState150" Content="10th Axis Relative Coordinate Position"/>
	<Message ID=" CncState151" Content="11th Axis Relative Coordinate Position"/>
	<Message ID=" CncState152" Content="12th Axis Relative Coordinate Position"/>
	<Message ID=" CncState153" Content="13th Axis Relative Coordinate Position"/>
	<Message ID=" CncState154" Content="14th Axis Relative Coordinate Position"/>
	<Message ID=" CncState155" Content="15th Axis Relative Coordinate Position"/>
	<Message ID=" CncState156" Content="16th Axis Relative Coordinate Position"/>
	<Message ID=" CncState157" Content="17th Axis Relative Coordinate Position"/>
	<Message ID=" CncState158" Content="18th Axis Relative Coordinate Position"/>
	<Message ID=" CncState159" Content="19th Axis Relative Coordinate Position"/>
	<Message ID=" CncState160" Content="20th Axis Relative Coordinate Position"/>
	<Message ID=" CncState161" Content="21th Axis Relative Coordinate Position"/>
	<Message ID=" CncState162" Content="22th Axis Relative Coordinate Position"/>
	<Message ID=" CncState163" Content="23th Axis Relative Coordinate Position"/>
	<Message ID=" CncState164" Content="24th Axis Relative Coordinate Position"/>
	<Message ID=" CncState165" Content="25th Axis Relative Coordinate Position"/>
	<Message ID=" CncState166" Content="26th Axis Relative Coordinate Position"/>
	<Message ID=" CncState167" Content="27th Axis Relative Coordinate Position"/>
	<Message ID=" CncState168" Content="28th Axis Relative Coordinate Position"/>
	<Message ID=" CncState169" Content="29th Axis Relative Coordinate Position"/>
	<Message ID=" CncState170" Content="30th Axis Relative Coordinate Position"/>
	<Message ID=" CncState171" Content="31th Axis Relative Coordinate Position"/>
	<Message ID=" CncState172" Content="32th Axis Relative Coordinate Position"/>
	<Message ID=" CncState173" Content="33th Axis Relative Coordinate Position"/>
	<Message ID=" CncState174" Content="34th Axis Relative Coordinate Position"/>
	<Message ID=" CncState175" Content="35th Axis Relative Coordinate Position"/>
	<Message ID=" CncState176" Content="36th Axis Relative Coordinate Position"/>
	<Message ID=" CncState177" Content="37th Axis Relative Coordinate Position"/>
	<Message ID=" CncState178" Content="38th Axis Relative Coordinate Position"/>
	<Message ID=" CncState179" Content="39th Axis Relative Coordinate Position"/>
	<Message ID=" CncState180" Content="40th Axis Relative Coordinate Position"/>

	<Message ID=" CncState181" Content="1st Axis Absolute Coordinate Position"/>
	<Message ID=" CncState182" Content="2nd Axis Absolute Coordinate Position"/>	
	<Message ID=" CncState183" Content="3rd Axis Absolute Coordinate Position"/>
	<Message ID=" CncState184" Content="4th Axis Absolute Coordinate Position"/>
	<Message ID=" CncState185" Content="5th Axis Absolute Coordinate Position"/>
	<Message ID=" CncState186" Content="6th Axis Absolute Coordinate Position"/>
	<Message ID=" CncState187" Content="7th Axis Absolute Coordinate Position"/>
	<Message ID=" CncState188" Content="8th Axis Absolute Coordinate Position"/>
	<Message ID=" CncState189" Content="9th Axis Absolute Coordinate Position"/>
	<Message ID=" CncState190" Content="10th Axis Absolute Coordinate Position"/>
	<Message ID=" CncState191" Content="11th Axis Absolute Coordinate Position"/>
	<Message ID=" CncState192" Content="12th Axis Absolute Coordinate Position"/>
	<Message ID=" CncState193" Content="13th Axis Absolute Coordinate Position"/>
	<Message ID=" CncState194" Content="14th Axis Absolute Coordinate Position"/>
	<Message ID=" CncState195" Content="15th Axis Absolute Coordinate Position"/>
	<Message ID=" CncState196" Content="16th Axis Absolute Coordinate Position"/>
	<Message ID=" CncState197" Content="17th Axis Absolute Coordinate Position"/>
	<Message ID=" CncState198" Content="18th Axis Absolute Coordinate Position"/>
	<Message ID=" CncState199" Content="19th Axis Absolute Coordinate Position"/>
	<Message ID=" CncState200" Content="20th Axis Absolute Coordinate Position"/>
	<Message ID=" CncState201" Content="21th Axis Absolute Coordinate Position"/>
	<Message ID=" CncState202" Content="22th Axis Absolute Coordinate Position"/>
	<Message ID=" CncState203" Content="23th Axis Absolute Coordinate Position"/>
	<Message ID=" CncState204" Content="24th Axis Absolute Coordinate Position"/>
	<Message ID=" CncState205" Content="25th Axis Absolute Coordinate Position"/>
	<Message ID=" CncState206" Content="26th Axis Absolute Coordinate Position"/>
	<Message ID=" CncState207" Content="27th Axis Absolute Coordinate Position"/>
	<Message ID=" CncState208" Content="28th Axis Absolute Coordinate Position"/>
	<Message ID=" CncState209" Content="29th Axis Absolute Coordinate Position"/>
	<Message ID=" CncState210" Content="30th Axis Absolute Coordinate Position"/>
	<Message ID=" CncState211" Content="31th Axis Absolute Coordinate Position"/>
	<Message ID=" CncState212" Content="32th Axis Absolute Coordinate Position"/>
	<Message ID=" CncState213" Content="33th Axis Absolute Coordinate Position"/>
	<Message ID=" CncState214" Content="34th Axis Absolute Coordinate Position"/>
	<Message ID=" CncState215" Content="35th Axis Absolute Coordinate Position"/>
	<Message ID=" CncState216" Content="36th Axis Absolute Coordinate Position"/>
	<Message ID=" CncState217" Content="37th Axis Absolute Coordinate Position"/>
	<Message ID=" CncState218" Content="38th Axis Absolute Coordinate Position"/>
	<Message ID=" CncState219" Content="39th Axis Absolute Coordinate Position"/>
	<Message ID=" CncState220" Content="40th Axis Absolute Coordinate Position"/>

	<Message ID=" CncState221" Content="1st Axis Distance to Go"/>
	<Message ID=" CncState222" Content="2nd Axis Distance to Go"/>	
	<Message ID=" CncState223" Content="3rd Axis Distance to Go"/>
	<Message ID=" CncState224" Content="4th Axis Distance to Go"/>
	<Message ID=" CncState225" Content="5th Axis Distance to Go"/>
	<Message ID=" CncState226" Content="6th Axis Distance to Go"/>
	<Message ID=" CncState227" Content="7th Axis Distance to Go"/>
	<Message ID=" CncState228" Content="8th Axis Distance to Go"/>
	<Message ID=" CncState229" Content="9th Axis Distance to Go"/>
	<Message ID=" CncState230" Content="10th Axis Distance to Go"/>
	<Message ID=" CncState231" Content="11th Axis Distance to Go"/>
	<Message ID=" CncState232" Content="12th Axis Distance to Go"/>
	<Message ID=" CncState233" Content="13th Axis Distance to Go"/>
	<Message ID=" CncState234" Content="14th Axis Distance to Go"/>
	<Message ID=" CncState235" Content="15th Axis Distance to Go"/>
	<Message ID=" CncState236" Content="16th Axis Distance to Go"/>
	<Message ID=" CncState237" Content="17th Axis Distance to Go"/>
	<Message ID=" CncState238" Content="18th Axis Distance to Go"/>
	<Message ID=" CncState239" Content="19th Axis Distance to Go"/>
	<Message ID=" CncState240" Content="20th Axis Distance to Go"/>
	<Message ID=" CncState241" Content="21th Axis Distance to Go"/>
	<Message ID=" CncState242" Content="22th Axis Distance to Go"/>
	<Message ID=" CncState243" Content="23th Axis Distance to Go"/>
	<Message ID=" CncState244" Content="24th Axis Distance to Go"/>
	<Message ID=" CncState245" Content="25th Axis Distance to Go"/>
	<Message ID=" CncState246" Content="26th Axis Distance to Go"/>
	<Message ID=" CncState247" Content="27th Axis Distance to Go"/>
	<Message ID=" CncState248" Content="28th Axis Distance to Go"/>
	<Message ID=" CncState249" Content="29th Axis Distance to Go"/>
	<Message ID=" CncState250" Content="30th Axis Distance to Go"/>
	<Message ID=" CncState251" Content="31th Axis Distance to Go"/>
	<Message ID=" CncState252" Content="32th Axis Distance to Go"/>
	<Message ID=" CncState253" Content="33th Axis Distance to Go"/>
	<Message ID=" CncState254" Content="34th Axis Distance to Go"/>
	<Message ID=" CncState255" Content="35th Axis Distance to Go"/>
	<Message ID=" CncState256" Content="36th Axis Distance to Go"/>
	<Message ID=" CncState257" Content="37th Axis Distance to Go"/>
	<Message ID=" CncState258" Content="38th Axis Distance to Go"/>
	<Message ID=" CncState259" Content="39th Axis Distance to Go"/>
	<Message ID=" CncState260" Content="40th Axis Distance to Go"/>

	<Message ID=" CncState261" Content="1st Axis Decimal Point"/>
	<Message ID=" CncState262" Content="2nd Axis Decimal Point"/>	
	<Message ID=" CncState263" Content="3rd Axis Decimal Point"/>
	<Message ID=" CncState264" Content="4th Axis Decimal Point"/>
	<Message ID=" CncState265" Content="5th Axis Decimal Point"/>
	<Message ID=" CncState266" Content="6th Axis Decimal Point"/>
	<Message ID=" CncState267" Content="7th Axis Decimal Point"/>
	<Message ID=" CncState268" Content="8th Axis Decimal Point"/>
	<Message ID=" CncState269" Content="9th Axis Decimal Point"/>
	<Message ID=" CncState270" Content="10th Axis Decimal Point"/>
	<Message ID=" CncState271" Content="11th Axis Decimal Point"/>
	<Message ID=" CncState272" Content="12th Axis Decimal Point"/>
	<Message ID=" CncState273" Content="13th Axis Decimal Point"/>
	<Message ID=" CncState274" Content="14th Axis Decimal Point"/>
	<Message ID=" CncState275" Content="15th Axis Decimal Point"/>
	<Message ID=" CncState276" Content="16th Axis Decimal Point"/>
	<Message ID=" CncState277" Content="17th Axis Decimal Point"/>
	<Message ID=" CncState278" Content="18th Axis Decimal Point"/>
	<Message ID=" CncState279" Content="19th Axis Decimal Point"/>
	<Message ID=" CncState280" Content="20th Axis Decimal Point"/>
	<Message ID=" CncState281" Content="21th Axis Decimal Point"/>
	<Message ID=" CncState282" Content="22th Axis Decimal Point"/>
	<Message ID=" CncState283" Content="23th Axis Decimal Point"/>
	<Message ID=" CncState284" Content="24th Axis Decimal Point"/>
	<Message ID=" CncState285" Content="25th Axis Decimal Point"/>
	<Message ID=" CncState286" Content="26th Axis Decimal Point"/>
	<Message ID=" CncState287" Content="27th Axis Decimal Point"/>
	<Message ID=" CncState288" Content="28th Axis Decimal Point"/>
	<Message ID=" CncState289" Content="29th Axis Decimal Point"/>
	<Message ID=" CncState290" Content="30th Axis Decimal Point"/>
	<Message ID=" CncState291" Content="31th Axis Decimal Point"/>
	<Message ID=" CncState292" Content="32th Axis Decimal Point"/>
	<Message ID=" CncState293" Content="33th Axis Decimal Point"/>
	<Message ID=" CncState294" Content="34th Axis Decimal Point"/>
	<Message ID=" CncState295" Content="35th Axis Decimal Point"/>
	<Message ID=" CncState296" Content="36th Axis Decimal Point"/>
	<Message ID=" CncState297" Content="37th Axis Decimal Point"/>
	<Message ID=" CncState298" Content="38th Axis Decimal Point"/>
	<Message ID=" CncState299" Content="39th Axis Decimal Point"/>
	<Message ID=" CncState300" Content="40th Axis Decimal Point"/>

	<Message ID=" CncState301" Content="1st axis Tool Length Vector"/>
	<Message ID=" CncState302" Content="2nd axis Tool Length Vector"/>
	<Message ID=" CncState303" Content="3rd axis Tool Length Vector"/>
	<Message ID=" CncState304" Content="4th axis Tool Length Vector"/>
	<Message ID=" CncState305" Content="5th axis Tool Length Vector"/>
	<Message ID=" CncState306" Content="6th axis Tool Length Vector"/>
	<Message ID=" CncState307" Content="7th axis Tool Length Vector"/>
	<Message ID=" CncState308" Content="8th axis Tool Length Vector"/>
	<Message ID=" CncState309" Content="9th axis Tool Length Vector"/>
	<Message ID=" CncState310" Content="10th axis Tool Length Vector"/>
	<Message ID=" CncState311" Content="11th axis Tool Length Vector"/>
	<Message ID=" CncState312" Content="12th axis Tool Length Vector"/>
	<Message ID=" CncState313" Content="13th axis Tool Length Vector"/>
	<Message ID=" CncState314" Content="14th axis Tool Length Vector"/>
	<Message ID=" CncState315" Content="15th axis Tool Length Vector"/>
	<Message ID=" CncState316" Content="16th axis Tool Length Vector"/>
	<Message ID=" CncState317" Content="17th axis Tool Length Vector"/>
	<Message ID=" CncState318" Content="18th axis Tool Length Vector"/>
	<Message ID=" CncState319" Content="19th axis Tool Length Vector"/>
	<Message ID=" CncState320" Content="20th axis Tool Length Vector"/>
	<Message ID=" CncState321" Content="21th axis Tool Length Vector"/>
	<Message ID=" CncState322" Content="22th axis Tool Length Vector"/>
	<Message ID=" CncState323" Content="23th axis Tool Length Vector"/>
	<Message ID=" CncState324" Content="24th axis Tool Length Vector"/>
	<Message ID=" CncState325" Content="25th axis Tool Length Vector"/>
	<Message ID=" CncState326" Content="26th axis Tool Length Vector"/>
	<Message ID=" CncState327" Content="27th axis Tool Length Vector"/>
	<Message ID=" CncState328" Content="28th axis Tool Length Vector"/>
	<Message ID=" CncState329" Content="29th axis Tool Length Vector"/>
	<Message ID=" CncState330" Content="30th axis Tool Length Vector"/>
	<Message ID=" CncState331" Content="31th axis Tool Length Vector"/>
	<Message ID=" CncState332" Content="32th axis Tool Length Vector"/>
	<Message ID=" CncState333" Content="33th axis Tool Length Vector"/>
	<Message ID=" CncState334" Content="34th axis Tool Length Vector"/>
	<Message ID=" CncState335" Content="35th axis Tool Length Vector"/>
	<Message ID=" CncState336" Content="36th axis Tool Length Vector"/>
	<Message ID=" CncState337" Content="37th axis Tool Length Vector"/>
	<Message ID=" CncState338" Content="38th axis Tool Length Vector"/>
	<Message ID=" CncState339" Content="39th axis Tool Length Vector"/>
	<Message ID=" CncState340" Content="40th axis Tool Length Vector"/>
	
	<Message ID=" CncState341" Content="Reserved"/>
	<Message ID=" CncState342" Content="Reserved"/>
	<Message ID=" CncState343" Content="Reserved"/>
	<Message ID=" CncState344" Content="Reserved"/>
	<Message ID=" CncState345" Content="Reserved"/>
	<Message ID=" CncState346" Content="Reserved"/>
	<Message ID=" CncState347" Content="Reserved"/>
	<Message ID=" CncState348" Content="Reserved"/>
	<Message ID=" CncState349" Content="Reserved"/>
	<Message ID=" CncState350" Content="Reserved"/>
	<Message ID=" CncState351" Content="Reserved"/>
	<Message ID=" CncState352" Content="Reserved"/>
	<Message ID=" CncState353" Content="Reserved"/>
	<Message ID=" CncState354" Content="Reserved"/>
	<Message ID=" CncState355" Content="Reserved"/>
	<Message ID=" CncState356" Content="Reserved"/>
	<Message ID=" CncState357" Content="Reserved"/>
	<Message ID=" CncState358" Content="Reserved"/>
	<Message ID=" CncState359" Content="Reserved"/>
	<Message ID=" CncState360" Content="Reserved"/>
	<Message ID=" CncState361" Content="Reserved"/>
	<Message ID=" CncState362" Content="Reserved"/>
	<Message ID=" CncState363" Content="Reserved"/>
	<Message ID=" CncState364" Content="Reserved"/>
	<Message ID=" CncState365" Content="Reserved"/>
	<Message ID=" CncState366" Content="Reserved"/>
	<Message ID=" CncState367" Content="Reserved"/>
	<Message ID=" CncState368" Content="Reserved"/>
	<Message ID=" CncState369" Content="Reserved"/>
	<Message ID=" CncState370" Content="Reserved"/>
	<Message ID=" CncState371" Content="Reserved"/>
	<Message ID=" CncState372" Content="Reserved"/>
	<Message ID=" CncState373" Content="Reserved"/>
	<Message ID=" CncState374" Content="Reserved"/>
	<Message ID=" CncState375" Content="Reserved"/>
	<Message ID=" CncState376" Content="Reserved"/>
	<Message ID=" CncState377" Content="Reserved"/>
	<Message ID=" CncState378" Content="Reserved"/>
	<Message ID=" CncState379" Content="Reserved"/>
	<Message ID=" CncState380" Content="Reserved"/>
	<Message ID=" CncState381" Content="Reserved"/>
	<Message ID=" CncState382" Content="Reserved"/>
	<Message ID=" CncState383" Content="Reserved"/>
	<Message ID=" CncState384" Content="Reserved"/>
	<Message ID=" CncState385" Content="Reserved"/>
	<Message ID=" CncState386" Content="Reserved"/>
	<Message ID=" CncState387" Content="Reserved"/>
	<Message ID=" CncState388" Content="Reserved"/>
	<Message ID=" CncState389" Content="Reserved"/>
	<Message ID=" CncState390" Content="Reserved"/>
	<Message ID=" CncState391" Content="Reserved"/>
	<Message ID=" CncState392" Content="Reserved"/>
	<Message ID=" CncState393" Content="Reserved"/>
	<Message ID=" CncState394" Content="Reserved"/>
	<Message ID=" CncState395" Content="Reserved"/>
	<Message ID=" CncState396" Content="Reserved"/>
	<Message ID=" CncState397" Content="Reserved"/>
	<Message ID=" CncState398" Content="Reserved"/>
	<Message ID=" CncState399" Content="Reserved"/>
</ResMap>
