<?xml version="1.0" encoding="utf-8" ?>
<ResMap>
	<!-- ================ DELTA Parameter ===================== -->
	<Message ID="MMI::DriverParameter::DELTA::P0" Content="Monitor parameters" />
	<Message ID="MMI::DriverParameter::DELTA::P0-00" Content="Firmware Version (VER)" />
	<Message ID="MMI::DriverParameter::DELTA::P0-01" Content="Drive Fault Code (ALE)" />
	<Message ID="MMI::DriverParameter::DELTA::P0-02" Content="Drive Status (STS)" />
	<Message ID="MMI::DriverParameter::DELTA::P0-03" Content="Analog Monitor Output (MON)" />
	<Message ID="MMI::DriverParameter::DELTA::P0-08" Content="Servo Startup Time (TSON)" />
	<Message ID="MMI::DriverParameter::DELTA::P0-09" Content="Status Monitor 1 (CM1)" />
	<Message ID="MMI::DriverParameter::DELTA::P0-10" Content="Status Monitor 2 (CM2)" />
	<Message ID="MMI::DriverParameter::DELTA::P0-11" Content="Status Monitor 3 (CM3)" />
	<Message ID="MMI::DriverParameter::DELTA::P0-12" Content="Status Monitor 4 (CM4)" />
	<Message ID="MMI::DriverParameter::DELTA::P0-13" Content="Status Monitor 5 (CM5)" />
	<Message ID="MMI::DriverParameter::DELTA::P0-17" Content="Status Monitor Selection 1 (CM1A)" />
	<Message ID="MMI::DriverParameter::DELTA::P0-18" Content="Status Monitor Selection 2 (CM2A)" />
	<Message ID="MMI::DriverParameter::DELTA::P0-19" Content="Status Monitor Selection 3 (CM3A)" />
	<Message ID="MMI::DriverParameter::DELTA::P0-20" Content="Status Monitor Selection 4 (CM4A)" />
	<Message ID="MMI::DriverParameter::DELTA::P0-21" Content="Status Monitor Selection 5 (CM5A)" />
	<Message ID="MMI::DriverParameter::DELTA::P0-25" Content="Mapping Parameter 1 (MAP1)" />
	<Message ID="MMI::DriverParameter::DELTA::P0-26" Content="Mapping Parameter 2 (MAP2)" />
	<Message ID="MMI::DriverParameter::DELTA::P0-27" Content="Mapping Parameter 3 (MAP3)" />
	<Message ID="MMI::DriverParameter::DELTA::P0-28" Content="Mapping Parameter 4 (MAP4)" />
	<Message ID="MMI::DriverParameter::DELTA::P0-29" Content="Mapping Parameter 5 (MAP5)" />
	<Message ID="MMI::DriverParameter::DELTA::P0-30" Content="Mapping Parameter 6 (MAP6)" />
	<Message ID="MMI::DriverParameter::DELTA::P0-31" Content="Mapping Parameter 7 (MAP7)" />
	<Message ID="MMI::DriverParameter::DELTA::P0-32" Content="Mapping Parameter 8 (MAP8)" />
	<Message ID="MMI::DriverParameter::DELTA::P0-35" Content="Block Data Read/Write Register 1 (MAP1A)" />
	<Message ID="MMI::DriverParameter::DELTA::P0-36" Content="Block Data Read/Write Register 2 (MAP2A)" />
	<Message ID="MMI::DriverParameter::DELTA::P0-37" Content="Block Data Read/Write Register 3 (MAP3A)" />
	<Message ID="MMI::DriverParameter::DELTA::P0-38" Content="Block Data Read/Write Register 4 (MAP4A)" />
	<Message ID="MMI::DriverParameter::DELTA::P0-39" Content="Block Data Read/Write Register 5 (MAP5A)" />
	<Message ID="MMI::DriverParameter::DELTA::P0-40" Content="Block Data Read/Write Register 6 (MAP6A)" />
	<Message ID="MMI::DriverParameter::DELTA::P0-41" Content="Block Data Read/Write Register 7 (MAP7A)" />
	<Message ID="MMI::DriverParameter::DELTA::P0-42" Content="Block Data Read/Write Register 8 (MAP8A)" />
	<Message ID="MMI::DriverParameter::DELTA::P0-44" Content="Status Monitor Register (PCMN)" />
	<Message ID="MMI::DriverParameter::DELTA::P0-45" Content="Status Monitor Register Selection (PCMNA)" />
	<Message ID="MMI::DriverParameter::DELTA::P0-46" Content="Servo Output Status Display (SVSTS)" />
	<Message ID="MMI::DriverParameter::DELTA::P1" Content="Basic parameters" />
	<Message ID="MMI::DriverParameter::DELTA::P1-00" Content="External Pulse Input Type (PTT)" />
	<Message ID="MMI::DriverParameter::DELTA::P1-01" Content="Control Mode and Output Direction (CTL)" />
	<Message ID="MMI::DriverParameter::DELTA::P1-02" Content="Speed and Torque Limit (PSTL)" />
	<Message ID="MMI::DriverParameter::DELTA::P1-03" Content="Pulse Output Polarity Setting (AOUT)" />
	<Message ID="MMI::DriverParameter::DELTA::P1-04" Content="Analog Monitor Output Proportion 1 (MON1)" />
	<Message ID="MMI::DriverParameter::DELTA::P1-05" Content="Analog Monitor Output Proportion 2 (MON2)" />
	<Message ID="MMI::DriverParameter::DELTA::P1-06" Content="Accel/Decel Smooth Constant of Analog Speed Command (SFLT)" />
	<Message ID="MMI::DriverParameter::DELTA::P1-07" Content="Smooth Constant of Analog Torque Command (TFLT)" />
	<Message ID="MMI::DriverParameter::DELTA::P1-08" Content="Smooth Constant of Position Command (PFLT)" />
	<Message ID="MMI::DriverParameter::DELTA::P1-09" Content="1st Speed Command or Limit (SP1)" />
	<Message ID="MMI::DriverParameter::DELTA::P1-10" Content="2nd Speed Command or Limit (SP2)" />
	<Message ID="MMI::DriverParameter::DELTA::P1-11" Content="3rd Speed Command or Limit (SP3)" />
	<Message ID="MMI::DriverParameter::DELTA::P1-12" Content="1st Torque Command or Limit (TQ1)" />
	<Message ID="MMI::DriverParameter::DELTA::P1-13" Content="2nd Torque Command or Limit (TQ2)" />
	<Message ID="MMI::DriverParameter::DELTA::P1-14" Content="3rd Torque Command or Limit (TQ3)" />
	<Message ID="MMI::DriverParameter::DELTA::P1-25" Content="Low-frequency Vibration Suppression 1 (VSF1)" />
	<Message ID="MMI::DriverParameter::DELTA::P1-26" Content="Low-frequency Vibration Gain 1 (VSG1)" />
	<Message ID="MMI::DriverParameter::DELTA::P1-27" Content="Low-frequency Vibration Suppression 2 (VSF2)" />
	<Message ID="MMI::DriverParameter::DELTA::P1-28" Content="Low-frequency Vibration Suppression Gain 2 (VSG2)" />
	<Message ID="MMI::DriverParameter::DELTA::P1-29" Content="Auto Low-frequency Vibration Suppression Mode Selection (AVSM)" />
	<Message ID="MMI::DriverParameter::DELTA::P1-30" Content="Low-frequency Vibration Detection Level (VCL)" />
	<Message ID="MMI::DriverParameter::DELTA::P1-32" Content="Motor Stop Mode Selection(LSTP)" />
	<Message ID="MMI::DriverParameter::DELTA::P1-34" Content="Acceleration Time (TACC)" />
	<Message ID="MMI::DriverParameter::DELTA::P1-35" Content="Deceleration Time (TDEC)" />
	<Message ID="MMI::DriverParameter::DELTA::P1-36" Content="Accel/Decel S-Curve (TSL)" />
	<Message ID="MMI::DriverParameter::DELTA::P1-37" Content="Ratio of Load Inertia to Servo Motor Inertia (GDR)" />
	<Message ID="MMI::DriverParameter::DELTA::P1-38" Content="Zero Speed Range Setting (ZSPD)" />
	<Message ID="MMI::DriverParameter::DELTA::P1-39" Content="Target Motor Speed (SSPD)" />
	<Message ID="MMI::DriverParameter::DELTA::P1-40" Content="Max. Analog Speed Command or Limit (VCM)" />
	<Message ID="MMI::DriverParameter::DELTA::P1-41" Content="Max. Analog Torque Command or Limit (TCM)" />
	<Message ID="MMI::DriverParameter::DELTA::P1-42" Content="On Delay Time of Electromagnetic Brake (MBT1)" />
	<Message ID="MMI::DriverParameter::DELTA::P1-43" Content="OFF Delay Time of Electromagnetic Brake (MBT2)" />
	<Message ID="MMI::DriverParameter::DELTA::P1-44" Content="Electronic Gear Ratio (1st Numerator) (GR1)" />
	<Message ID="MMI::DriverParameter::DELTA::P1-45" Content="Electronic Gear Ratio (Denominator) (GR2)" />
	<Message ID="MMI::DriverParameter::DELTA::P1-46" Content="Encoder Output Pulse Number (GR3)" />
	<Message ID="MMI::DriverParameter::DELTA::P1-47" Content="Speed Reached Output Range (SPOK)" />
	<Message ID="MMI::DriverParameter::DELTA::P1-48" Content="Motion Control Completed Output Selection (MCOK)" />
	<Message ID="MMI::DriverParameter::DELTA::P1-52" Content="Regenerative Resistor Value (RES1)" />
	<Message ID="MMI::DriverParameter::DELTA::P1-53" Content="Regenerative Resistor Capacity (RES2)" />
	<Message ID="MMI::DriverParameter::DELTA::P1-54" Content="Positioning Completed Width (PER)" />
	<Message ID="MMI::DriverParameter::DELTA::P1-55" Content="Maximum Speed Limit (MSPD)" />
	<Message ID="MMI::DriverParameter::DELTA::P1-56" Content="Output Overload Warning Time (OVW)" />
	<Message ID="MMI::DriverParameter::DELTA::P1-57" Content="Motor Protection Percentage (CRSHA)" />
	<Message ID="MMI::DriverParameter::DELTA::P1-58" Content="Motor Protection Time (CRSHT)" />
	<Message ID="MMI::DriverParameter::DELTA::P1-59" Content="Analog Speed Linear Filter (Moving Filter) (MFLT)" />
	<Message ID="MMI::DriverParameter::DELTA::P1-62" Content="Friction Compensation Percentage (FRCL)" />
	<Message ID="MMI::DriverParameter::DELTA::P1-63" Content="Friction Compensation Smooth Constant (FRCT)" />
	<Message ID="MMI::DriverParameter::DELTA::P1-66" Content="Max. Rotation Number of Analog Position Command (PCM)" />
	<Message ID="MMI::DriverParameter::DELTA::P1-68" Content="Position Command Moving Filter (PFLT2)" />
	<Message ID="MMI::DriverParameter::DELTA::P1-72" Content="Full-closed Loop Resolution (FRES)" />
	<Message ID="MMI::DriverParameter::DELTA::P1-73" Content="Full-closed Loop Execessive Position Error Range (FERR)" />
	<Message ID="MMI::DriverParameter::DELTA::P1-74" Content="Full-closed Loop Control Function Selection (FCON)" />
	<Message ID="MMI::DriverParameter::DELTA::P1-75" Content="Full-closed Loop Low-pass Filter Time Constant(FELP)" />
	<Message ID="MMI::DriverParameter::DELTA::P1-76" Content="Max. Rotation Speed of Encoder Output(AMSPD)" />
	<Message ID="MMI::DriverParameter::DELTA::P2" Content="Extension parameters" />
	<Message ID="MMI::DriverParameter::DELTA::P2-00" Content="Proportional Position Loop Gain (KPP)" />
	<Message ID="MMI::DriverParameter::DELTA::P2-01" Content="Position Loop Gain Switching Rate (PPR)" />
	<Message ID="MMI::DriverParameter::DELTA::P2-02" Content="Position Feed Forward Gain (PFG)" />
	<Message ID="MMI::DriverParameter::DELTA::P2-03" Content="Smooth Constant of Position Feed Forward Gain (PFF)" />
	<Message ID="MMI::DriverParameter::DELTA::P2-04" Content="Proportional Speed Loop Gain (KVP)" />
	<Message ID="MMI::DriverParameter::DELTA::P2-05" Content="Speed Loop Gain Switching Rate (SPR)" />
	<Message ID="MMI::DriverParameter::DELTA::P2-06" Content="Speed Integral Compensation (KVI)" />
	<Message ID="MMI::DriverParameter::DELTA::P2-07" Content="Speed Feed Forward Gain (KVF)" />
	<Message ID="MMI::DriverParameter::DELTA::P2-08" Content="Special Facroty Setting (PCTL)" />
	<Message ID="MMI::DriverParameter::DELTA::P2-09" Content="Bounce Filter (DRT)" />
	<Message ID="MMI::DriverParameter::DELTA::P2-10" Content="Digital Input Terminal 1 (DI1)" />
	<Message ID="MMI::DriverParameter::DELTA::P2-11" Content="Digital Input Terminal 2 (DI2)" />
	<Message ID="MMI::DriverParameter::DELTA::P2-12" Content="Digital Input Terminal 3 (DI3)" />
	<Message ID="MMI::DriverParameter::DELTA::P2-13" Content="Digital Input Terminal 4 (DI4)" />
	<Message ID="MMI::DriverParameter::DELTA::P2-14" Content="Digital Input Terminal 5 (DI5)" />
	<Message ID="MMI::DriverParameter::DELTA::P2-15" Content="Digital Input Terminal 6 (DI6)" />
	<Message ID="MMI::DriverParameter::DELTA::P2-16" Content="Digital Input Terminal 7 (DI7)" />
	<Message ID="MMI::DriverParameter::DELTA::P2-17" Content="Digital Input Terminal 8 (DI8)" />
	<Message ID="MMI::DriverParameter::DELTA::P2-18" Content="Digital Output Terminal 1 (DO1)" />
	<Message ID="MMI::DriverParameter::DELTA::P2-19" Content="Digital Output Terminal 2 (DO2)" />
	<Message ID="MMI::DriverParameter::DELTA::P2-20" Content="Digital Output Terminal 3 (DO3)" />
	<Message ID="MMI::DriverParameter::DELTA::P2-21" Content="Digital Output Terminal 4 (DO4)" />
	<Message ID="MMI::DriverParameter::DELTA::P2-22" Content="Digital Output Terminal 5 (DO5)" />
	<Message ID="MMI::DriverParameter::DELTA::P2-23" Content="Notch Filter 1 (Resonance Suppression) (NCF1)" />
	<Message ID="MMI::DriverParameter::DELTA::P2-24" Content="Notch Filter Attenuation Rate 1 (Resonance Suppression) (DPH1)" />
	<Message ID="MMI::DriverParameter::DELTA::P2-25" Content="Low-pass Filter Time Constant (Resonance Suppression) (NLP)" />
	<Message ID="MMI::DriverParameter::DELTA::P2-26" Content="External Anti-Interference Gain (DST)" />
	<Message ID="MMI::DriverParameter::DELTA::P2-27" Content="Gain Switching Control Selection (GCC)" />
	<Message ID="MMI::DriverParameter::DELTA::P2-28" Content="Gain Switching Time Constant(GUT)" />
	<Message ID="MMI::DriverParameter::DELTA::P2-29" Content="Gain Switching Condition (GPE)" />
	<Message ID="MMI::DriverParameter::DELTA::P2-30" Content="Auxiliary Function (INH)" />
	<Message ID="MMI::DriverParameter::DELTA::P2-31" Content="Speed Frequency Responce Level in Auto and Semi-Auto Mode (AUT1)" />
	<Message ID="MMI::DriverParameter::DELTA::P2-32" Content="Tuning Mode Selection (AUT2)" />
	<Message ID="MMI::DriverParameter::DELTA::P2-33" Content="Semi-Auto Mode Inertia Adjustment Selection (AUT3)" />
	<Message ID="MMI::DriverParameter::DELTA::P2-34" Content="Overspeed Warning Condition (SDEV)" />
	<Message ID="MMI::DriverParameter::DELTA::P2-35" Content="Excessive Error Warning Condition (PDEV)" />
	<Message ID="MMI::DriverParameter::DELTA::P2-36" Content="External Digital Input Terminal 9 (EDI9)" />
	<Message ID="MMI::DriverParameter::DELTA::P2-37" Content="External Digital Input Terminal 10 (EDI10)" />
	<Message ID="MMI::DriverParameter::DELTA::P2-38" Content="External Digital Input Terminal 11 (EDI11)" />
	<Message ID="MMI::DriverParameter::DELTA::P2-39" Content="External Digital Input Terminal 12 (EDI12)" />
	<Message ID="MMI::DriverParameter::DELTA::P2-40" Content="External Digital Input Terminal 13 (EDI13)" />
	<Message ID="MMI::DriverParameter::DELTA::P2-41" Content="External Digital Input Terminal 14 (EDI14)" />
	<Message ID="MMI::DriverParameter::DELTA::P2-43" Content="Notch Filter 2 (Resonance Suppression) (NCF2)" />
	<Message ID="MMI::DriverParameter::DELTA::P2-44" Content="Notch Filter Attenuation Rate 2 (Resonance Suppresion) (DPH2)" />
	<Message ID="MMI::DriverParameter::DELTA::P2-45" Content="Notch Filter 3 (Resonance Suppression) (NCF3)" />
	<Message ID="MMI::DriverParameter::DELTA::P2-46" Content="Notch Filter Attenuation Rate 3 (Resonance Suppression) (DPH3)" />
	<Message ID="MMI::DriverParameter::DELTA::P2-47" Content="Auto Resonance Suppression Mode Selection (ANCF)" />
	<Message ID="MMI::DriverParameter::DELTA::P2-48" Content="Auto Resonance Suppression Detection Level (ANCL)" />
	<Message ID="MMI::DriverParameter::DELTA::P2-49" Content="Speed Detection Filter and Jitter Suppresion (SJIT)" />
	<Message ID="MMI::DriverParameter::DELTA::P2-50" Content="Pulse Deviation Clear Mode (DCLR)" />
	<Message ID="MMI::DriverParameter::DELTA::P2-53" Content="Position Intergral Compensation (KPI)" />
	<Message ID="MMI::DriverParameter::DELTA::P2-60" Content="Electronic Gear Ratio (2nd Numerator) (GR4)" />
	<Message ID="MMI::DriverParameter::DELTA::P2-61" Content="Electronic Gear Ratio (3rd Numerator) (GR5)" />
	<Message ID="MMI::DriverParameter::DELTA::P2-62" Content="Electronic Gear Ratio (4th Numerator) (GR6)" />
	<Message ID="MMI::DriverParameter::DELTA::P2-65" Content="Special Function 1 (GBIT)" />
	<Message ID="MMI::DriverParameter::DELTA::P2-66" Content="Special Function 2 (GBIT2)" />
	<Message ID="MMI::DriverParameter::DELTA::P2-67" Content="Stable Inertia Estimating Time (JSL)" />
	<Message ID="MMI::DriverParameter::DELTA::P2-69" Content="Absolute Encoder Usage" />
	<Message ID="MMI::DriverParameter::DELTA::P3" Content="Communication parameters" />
	<Message ID="MMI::DriverParameter::DELTA::P3-00" Content="Communication Address Setting (ADR)" />
	<Message ID="MMI::DriverParameter::DELTA::P3-01" Content="Transmission Speed (BRT)" />
	<Message ID="MMI::DriverParameter::DELTA::P3-02" Content="Communication Protocol (PTL)" />
	<Message ID="MMI::DriverParameter::DELTA::P3-03" Content="Transmission Fault Treatment (FLT)" />
	<Message ID="MMI::DriverParameter::DELTA::P3-04" Content="Communication Time Out Detection (CWD)" />
	<Message ID="MMI::DriverParameter::DELTA::P3-05" Content="Communication Selection (CMM)" />
	<Message ID="MMI::DriverParameter::DELTA::P3-06" Content="Digital Input Communication Function (SDI)" />
	<Message ID="MMI::DriverParameter::DELTA::P3-07" Content="Communication Responce Delay Time (CDT)" />
	<Message ID="MMI::DriverParameter::DELTA::P3-08" Content="Monitor Mode (MNS)" />
	<Message ID="MMI::DriverParameter::DELTA::P3-09" Content="CANopen Synchronization Setting (SYC)" />
	<Message ID="MMI::DriverParameter::DELTA::P4" Content="Diagnosis parameters" />
	<Message ID="MMI::DriverParameter::DELTA::P4-00" Content="Fault Record (N) (ASH1)" />
	<Message ID="MMI::DriverParameter::DELTA::P4-01" Content="Fault Record (N-1) (ASH2)" />
	<Message ID="MMI::DriverParameter::DELTA::P4-02" Content="Fault Record (N-2) (ASH3)" />
	<Message ID="MMI::DriverParameter::DELTA::P4-03" Content="Fault Record (N-3) (ASH4)" />
	<Message ID="MMI::DriverParameter::DELTA::P4-04" Content="Fault Record (N-4) (ASH5)" />
	<Message ID="MMI::DriverParameter::DELTA::P4-05" Content="JOG Operation (JOG)" />
	<Message ID="MMI::DriverParameter::DELTA::P4-06" Content="Force Output Contact Control (FOT)" />
	<Message ID="MMI::DriverParameter::DELTA::P4-07" Content="Input Status (ITST)" />
	<Message ID="MMI::DriverParameter::DELTA::P4-08" Content="Digital Keypad Input of Servo Drive (PKEY)" />
	<Message ID="MMI::DriverParameter::DELTA::P4-09" Content="Output Status (MOT)" />
	<Message ID="MMI::DriverParameter::DELTA::P4-10" Content="Adjustment Function (CEN)" />
	<Message ID="MMI::DriverParameter::DELTA::P4-11" Content="Analog Speed Input Drift Adjustment 1 (SOF1)" />
	<Message ID="MMI::DriverParameter::DELTA::P4-12" Content="Analog Speed Input Drift Adjustment 2 (SOF2)" />
	<Message ID="MMI::DriverParameter::DELTA::P4-13" Content="Analog Torque Drift Adjustment 1 (TOF1)" />
	<Message ID="MMI::DriverParameter::DELTA::P4-14" Content="Analog Torque Drift Adjustment 2 (TOF2)" />
	<Message ID="MMI::DriverParameter::DELTA::P4-15" Content="Current Detector Drift Adjustment (V1 phase) (COF1)" />
	<Message ID="MMI::DriverParameter::DELTA::P4-16" Content="Current Detector Drift Adjustment (V2 phase) (COF2)" />
	<Message ID="MMI::DriverParameter::DELTA::P4-17" Content="Current Detector Drift Adjustment (W1 phase) (COF3)" />
	<Message ID="MMI::DriverParameter::DELTA::P4-18" Content="Current Detector Drift Adjustment (W2 phase) (COF4)" />
	<Message ID="MMI::DriverParameter::DELTA::P4-19" Content="IGBT NTC Calibration (TIGB)" />
	<Message ID="MMI::DriverParameter::DELTA::P4-20" Content="Analog Monitor Output Drift Adjustment (CH1) (DOF1)" />
	<Message ID="MMI::DriverParameter::DELTA::P4-21" Content="Analog Monitor Output Drift Adjustment (CH2) (DOF2)" />
	<Message ID="MMI::DriverParameter::DELTA::P4-22" Content="Analog Speed Input Offset (SAO)" />
	<Message ID="MMI::DriverParameter::DELTA::P4-23" Content="Analog Torque Input Offset (TAO)" />
	<Message ID="MMI::DriverParameter::DELTA::P4-24" Content="Undervoltage Error Level (LVL)" />
	<Message ID="MMI::DriverParameter::DELTA::P5" Content="Motion control parameters" />
	<Message ID="MMI::DriverParameter::DELTA::P5-03" Content="Deceleration Time of Protecting Function (HMOV)" />
	<Message ID="MMI::DriverParameter::DELTA::P5-04" Content="Homing Mode (HMOV)" />
	<Message ID="MMI::DriverParameter::DELTA::P5-05" Content="1st Speed Setting of High Speed Homing (HSPD1)" />
	<Message ID="MMI::DriverParameter::DELTA::P5-06" Content="2nd Speed Setting of Low Speed Homing (HSPD2)" />
	<Message ID="MMI::DriverParameter::DELTA::P5-07" Content="Trigger Position Command (PR mode only) (PRCM)" />
	<Message ID="MMI::DriverParameter::DELTA::P5-08" Content="Forward Software Limit (SWLP)" />
	<Message ID="MMI::DriverParameter::DELTA::P5-09" Content="Reverse Software Limit (SWLN)" />
	<Message ID="MMI::DriverParameter::DELTA::P5-10" Content="Data Array:Data Amount (N x 32bits) (AYSZ)" />
	<Message ID="MMI::DriverParameter::DELTA::P5-11" Content="Data Array:Read/Write Address (AYID)" />
	<Message ID="MMI::DriverParameter::DELTA::P5-12" Content="Data Array:Read/Write Data Block 1 (AYD0)" />
	<Message ID="MMI::DriverParameter::DELTA::P5-13" Content="Data Array:Read/Write Data Block 2 (AYD1)" />
	<Message ID="MMI::DriverParameter::DELTA::P5-15" Content="PATH1~PATH2 Data Not Retained Setting (PMEM)" />
	<Message ID="MMI::DriverParameter::DELTA::P5-16" Content="Axis Position:Motor Encoder (AXEN)" />
	<Message ID="MMI::DriverParameter::DELTA::P5-17" Content="Axis Position:Auxiliary Encoder (Pulse Command Feedback) (LVL)" />
	<Message ID="MMI::DriverParameter::DELTA::P5-18" Content="Axis Position:Pulse Command (AXAU)" />
	<Message ID="MMI::DriverParameter::DELTA::P5-19" Content="E-Cam Curve Scaling (TBS)" />
	<Message ID="MMI::DriverParameter::DELTA::P5-20" Content="Accel/Decel Time 0 (ACO)" />
	<Message ID="MMI::DriverParameter::DELTA::P5-21" Content="Accel/Decel Time 1 (AC1)" />
	<Message ID="MMI::DriverParameter::DELTA::P5-22" Content="Accel/Decel Time 2 (AC2)" />
	<Message ID="MMI::DriverParameter::DELTA::P5-23" Content="Accel/Decel Time 3 (AC3)" />
	<Message ID="MMI::DriverParameter::DELTA::P5-24" Content="Accel/Decel Time 4 (AC4)" />
	<Message ID="MMI::DriverParameter::DELTA::P5-25" Content="Accel/Decel Time 5 (AC5)" />
	<Message ID="MMI::DriverParameter::DELTA::P5-26" Content="Accel/Decel Time 6 (AC6)" />
	<Message ID="MMI::DriverParameter::DELTA::P5-27" Content="Accel/Decel Time 7 (AC7)" />
	<Message ID="MMI::DriverParameter::DELTA::P5-28" Content="Accel/Decel Time 8 (AC8)" />
	<Message ID="MMI::DriverParameter::DELTA::P5-29" Content="Accel/Decel Time 9 (AC9)" />
	<Message ID="MMI::DriverParameter::DELTA::P5-30" Content="Accel/Decel Time 10 (AC10)" />
	<Message ID="MMI::DriverParameter::DELTA::P5-31" Content="Accel/Decel Time 11 (AC11)" />
	<Message ID="MMI::DriverParameter::DELTA::P5-32" Content="Accel/Decel Time 12 (AC12)" />
	<Message ID="MMI::DriverParameter::DELTA::P5-33" Content="Accel/Decel Time 13 (AC13)" />
	<Message ID="MMI::DriverParameter::DELTA::P5-34" Content="Accel/Decel Time 14 (AC14)" />
	<Message ID="MMI::DriverParameter::DELTA::P5-35" Content="Accel/Decel Time 15 (AC15)" />
	<Message ID="MMI::DriverParameter::DELTA::P5-36" Content="CAPTURE:Start Address of Data Array (CAST)" />
	<Message ID="MMI::DriverParameter::DELTA::P5-37" Content="CAPTURE:Axis Position CNT (CAAX)" />
	<Message ID="MMI::DriverParameter::DELTA::P5-38" Content="CAPTURE:Cpature Amount (CANO)" />
	<Message ID="MMI::DriverParameter::DELTA::P5-39" Content="CAPTURE:Capture Source Setting (CACT)" />
	<Message ID="MMI::DriverParameter::DELTA::P5-40" Content="Delay Time 0 (DLY0)" />
	<Message ID="MMI::DriverParameter::DELTA::P5-41" Content="Delay Time 1 (DLY1)" />
	<Message ID="MMI::DriverParameter::DELTA::P5-42" Content="Delay Time 2 (DLY2)" />
	<Message ID="MMI::DriverParameter::DELTA::P5-43" Content="Delay Time 3 (DLY3)" />
	<Message ID="MMI::DriverParameter::DELTA::P5-44" Content="Delay Time 4 (DLY4)" />
	<Message ID="MMI::DriverParameter::DELTA::P5-45" Content="Delay Time 5 (DLY5)" />
	<Message ID="MMI::DriverParameter::DELTA::P5-46" Content="Delay Time 6 (DLY6)" />
	<Message ID="MMI::DriverParameter::DELTA::P5-47" Content="Delay Time 7 (DLY7)" />
	<Message ID="MMI::DriverParameter::DELTA::P5-48" Content="Delay Time 8 (DLY8)" />
	<Message ID="MMI::DriverParameter::DELTA::P5-49" Content="Delay Time 9 (DLY9)" />
	<Message ID="MMI::DriverParameter::DELTA::P5-50" Content="Delay Time 10 (DLY10)" />
	<Message ID="MMI::DriverParameter::DELTA::P5-51" Content="Delay Time 11 (DLY11)" />
	<Message ID="MMI::DriverParameter::DELTA::P5-52" Content="Delay Time 12 (DLY12)" />
	<Message ID="MMI::DriverParameter::DELTA::P5-53" Content="Delay Time 13 (DLY13)" />
	<Message ID="MMI::DriverParameter::DELTA::P5-54" Content="Delay Time 14 (DLY14)" />
	<Message ID="MMI::DriverParameter::DELTA::P5-55" Content="Delay Time 15 (DLY15)" />
	<Message ID="MMI::DriverParameter::DELTA::P5-56" Content="COMPARE:Start Address of Data Array (CMST)" />
	<Message ID="MMI::DriverParameter::DELTA::P5-57" Content="COMPARE:Axis Position (CMAX)" />
	<Message ID="MMI::DriverParameter::DELTA::P5-58" Content="COMPARE:Compare Amount (CMNO)" />
	<Message ID="MMI::DriverParameter::DELTA::P5-59" Content="COMPARE:Compare Source Setting (CMCT)" />
	<Message ID="MMI::DriverParameter::DELTA::P5-60" Content="Moving Speed Setting of Position 0 (POV0)" />
	<Message ID="MMI::DriverParameter::DELTA::P5-61" Content="Moving Speed Setting of Position 1 (POV1)" />
	<Message ID="MMI::DriverParameter::DELTA::P5-62" Content="Moving Speed Setting of Position 2 (POV2)" />
	<Message ID="MMI::DriverParameter::DELTA::P5-63" Content="Moving Speed Setting of Position 3 (POV3)" />
	<Message ID="MMI::DriverParameter::DELTA::P5-64" Content="Moving Speed Setting of Position 4 (POV4)" />
	<Message ID="MMI::DriverParameter::DELTA::P5-65" Content="Moving Speed Setting of Position 5 (POV5)" />
	<Message ID="MMI::DriverParameter::DELTA::P5-66" Content="Moving Speed Setting of Position 6 (POV6)" />
	<Message ID="MMI::DriverParameter::DELTA::P5-67" Content="Moving Speed Setting of Position 7 (POV7)" />
	<Message ID="MMI::DriverParameter::DELTA::P5-68" Content="Moving Speed Setting of Position 8 (POV8)" />
	<Message ID="MMI::DriverParameter::DELTA::P5-69" Content="Moving Speed Setting of Position 9 (POV9)" />
	<Message ID="MMI::DriverParameter::DELTA::P5-70" Content="Moving Speed Setting of Position 10 (POV10)" />
	<Message ID="MMI::DriverParameter::DELTA::P5-71" Content="Moving Speed Setting of Position 11 (POV11)" />
	<Message ID="MMI::DriverParameter::DELTA::P5-72" Content="Moving Speed Setting of Position 12 (POV12)" />
	<Message ID="MMI::DriverParameter::DELTA::P5-73" Content="Moving Speed Setting of Position 13 (POV13)" />
	<Message ID="MMI::DriverParameter::DELTA::P5-74" Content="Moving Speed Setting of Position 14 (POV14)" />
	<Message ID="MMI::DriverParameter::DELTA::P5-75" Content="Moving Speed Setting of Position 15 (POV15)" />
	<Message ID="MMI::DriverParameter::DELTA::P5-76" Content="Capture 1st Position Reset Data (CPRS)" />
	<Message ID="MMI::DriverParameter::DELTA::P5-77" Content="Position of CAPTURE SYNC AXIS (CSAX)" />
	<Message ID="MMI::DriverParameter::DELTA::P5-78" Content="Interval Pulse Number of CAPTURE SYNC AXIS (CSDS)" />
	<Message ID="MMI::DriverParameter::DELTA::P5-79" Content="Error Pulse Number of CAPTURE SYNC AXIS (CSDS)" />
	<Message ID="MMI::DriverParameter::DELTA::P5-80" Content="Max. Correction Rate of CAPTURE SYNC AXIS (CSDS)" />
	<Message ID="MMI::DriverParameter::DELTA::P5-81" Content="E-Cam:Start Address of Data Array (ECHD)" />
	<Message ID="MMI::DriverParameter::DELTA::P5-82" Content="E-Cam:E-Cam Area Number N (at least>=5) (ECHN)" />
	<Message ID="MMI::DriverParameter::DELTA::P5-83" Content="E-Cam:E-Cam Cycle Number (ECMM)" />
	<Message ID="MMI::DriverParameter::DELTA::P5-84" Content="E-Cam:Pulse Number of Master Axis (ECMP)" />
	<Message ID="MMI::DriverParameter::DELTA::P5-85" Content="E-Cam:Engage Area Number (ECME)" />
	<Message ID="MMI::DriverParameter::DELTA::P5-86" Content="E-Cam:Position of Master Axis (ECAX)" />
	<Message ID="MMI::DriverParameter::DELTA::P5-87" Content="E-Cam:Lead Command Length (PLED)" />
	<Message ID="MMI::DriverParameter::DELTA::P5-88" Content="E-Cam:E-Cam Settings (ECON)" />
	<Message ID="MMI::DriverParameter::DELTA::P5-89" Content="E-Cam:Disengage Timing Data (ECRD)" />
	<Message ID="MMI::DriverParameter::DELTA::P5-90" Content="E-Cam:Area Number + (Polarity is positive) (CMAP)" />
	<Message ID="MMI::DriverParameter::DELTA::P5-91" Content="E-Cam:Area Number - (Polarity is Negative)" />
	<Message ID="MMI::DriverParameter::DELTA::P5-92" Content="E-Cam:Cyclic Lead Command Length (PLED)" />
	<Message ID="MMI::DriverParameter::DELTA::P5-93" Content="Motion Control:Macro Parameter 4 (CSDS)" />
	<Message ID="MMI::DriverParameter::DELTA::P5-94" Content="Motion Control:Macro Parameter 3 (CSDS)" />
	<Message ID="MMI::DriverParameter::DELTA::P5-95" Content="Motion Control:Macro Parameter 2 (CSDS)" />
	<Message ID="MMI::DriverParameter::DELTA::P5-96" Content="Motion Control:Macro Parameter 1 (CSDS)" />
	<Message ID="MMI::DriverParameter::DELTA::P5-97" Content="Motion Control:Macro Command (CSDS)" />
	<Message ID="MMI::DriverParameter::DELTA::P5-98" Content="Event Rising-edge Trigger Command (OFF->ON) (EVON)" />
	<Message ID="MMI::DriverParameter::DELTA::P5-99" Content="Event Rising-edge Trigger Command (ON->OFF) (EVON)" />
	<Message ID="MMI::DriverParameter::DELTA::P6" Content="PR path definition parameters" />
	<Message ID="MMI::DriverParameter::DELTA::P6-00" Content="Homing Definition (ODEF)" />
	<Message ID="MMI::DriverParameter::DELTA::P6-01" Content="Homing Definition Value (ODAT)" />
	<Message ID="MMI::DriverParameter::DELTA::P6-03" Content="Data of Path 1 (PDAT1)" />
	<Message ID="MMI::DriverParameter::DELTA::P6-05" Content="Data of Path 2 (PDAT2)" />
	<Message ID="MMI::DriverParameter::DELTA::P6-07" Content="Data of Path 3 (PDAT3)" />
	<Message ID="MMI::DriverParameter::DELTA::P6-09" Content="Data of Path 4 (PDAT4)" />
	<Message ID="MMI::DriverParameter::DELTA::P6-11" Content="Data of Path 5 (PDAT5)" />
	<Message ID="MMI::DriverParameter::DELTA::P6-13" Content="Data of Path 6 (PDAT6)" />
	<Message ID="MMI::DriverParameter::DELTA::P6-15" Content="Data of Path 7 (PDAT7)" />
	<Message ID="MMI::DriverParameter::DELTA::P6-17" Content="Data of Path 8 (PDAT8)" />
	<Message ID="MMI::DriverParameter::DELTA::P6-19" Content="Data of Path 9 (PDAT9)" />
	<Message ID="MMI::DriverParameter::DELTA::P6-21" Content="Data of Path 10 (PDAT10)" />
	<Message ID="MMI::DriverParameter::DELTA::P6-23" Content="Data of Path 11 (PDAT11)" />
	<Message ID="MMI::DriverParameter::DELTA::P6-25" Content="Data of Path 12 (PDAT12)" />
	<Message ID="MMI::DriverParameter::DELTA::P6-27" Content="Data of Path 13 (PDAT13)" />
	<Message ID="MMI::DriverParameter::DELTA::P6-29" Content="Data of Path 14 (PDAT14)" />
	<Message ID="MMI::DriverParameter::DELTA::P6-31" Content="Data of Path 15 (PDAT15)" />
	<Message ID="MMI::DriverParameter::DELTA::P6-33" Content="Data of Path 16 (PDAT16)" />
	<Message ID="MMI::DriverParameter::DELTA::P6-35" Content="Data of Path 17 (PDAT17)" />
	<Message ID="MMI::DriverParameter::DELTA::P6-37" Content="Data of Path 18 (PDAT18)" />
	<Message ID="MMI::DriverParameter::DELTA::P6-39" Content="Data of Path 19 (PDAT19)" />
	<Message ID="MMI::DriverParameter::DELTA::P6-41" Content="Data of Path 20 (PDAT20)" />
	<Message ID="MMI::DriverParameter::DELTA::P6-43" Content="Data of Path 21 (PDAT21)" />
	<Message ID="MMI::DriverParameter::DELTA::P6-45" Content="Data of Path 22 (PDAT22)" />
	<Message ID="MMI::DriverParameter::DELTA::P6-47" Content="Data of Path 23 (PDAT23)" />
	<Message ID="MMI::DriverParameter::DELTA::P6-49" Content="Data of Path 24 (PDAT24)" />
	<Message ID="MMI::DriverParameter::DELTA::P6-51" Content="Data of Path 25 (PDAT25)" />
	<Message ID="MMI::DriverParameter::DELTA::P6-53" Content="Data of Path 26 (PDAT26)" />
	<Message ID="MMI::DriverParameter::DELTA::P6-55" Content="Data of Path 27 (PDAT27)" />
	<Message ID="MMI::DriverParameter::DELTA::P6-57" Content="Data of Path 28 (PDAT28)" />
	<Message ID="MMI::DriverParameter::DELTA::P6-59" Content="Data of Path 29 (PDAT29)" />
	<Message ID="MMI::DriverParameter::DELTA::P6-61" Content="Data of Path 30 (PDAT30)" />
	<Message ID="MMI::DriverParameter::DELTA::P6-63" Content="Data of Path 31 (PDAT31)" />
	<Message ID="MMI::DriverParameter::DELTA::P6-65" Content="Data of Path 32 (PDAT32)" />
	<Message ID="MMI::DriverParameter::DELTA::P6-67" Content="Data of Path 33 (PDAT33)" />
	<Message ID="MMI::DriverParameter::DELTA::P6-69" Content="Data of Path 34 (PDAT34)" />
	<Message ID="MMI::DriverParameter::DELTA::P6-71" Content="Data of Path 35 (PDAT35)" />
	<Message ID="MMI::DriverParameter::DELTA::P6-73" Content="Data of Path 36 (PDAT36)" />
	<Message ID="MMI::DriverParameter::DELTA::P6-75" Content="Data of Path 37 (PDAT37)" />
	<Message ID="MMI::DriverParameter::DELTA::P6-77" Content="Data of Path 38 (PDAT38)" />
	<Message ID="MMI::DriverParameter::DELTA::P6-79" Content="Data of Path 39 (PDAT39)" />
	<Message ID="MMI::DriverParameter::DELTA::P6-81" Content="Data of Path 40 (PDAT40)" />
	<Message ID="MMI::DriverParameter::DELTA::P6-83" Content="Data of Path 41 (PDAT41)" />
	<Message ID="MMI::DriverParameter::DELTA::P6-85" Content="Data of Path 42 (PDAT42)" />
	<Message ID="MMI::DriverParameter::DELTA::P6-87" Content="Data of Path 43 (PDAT43" />
	<Message ID="MMI::DriverParameter::DELTA::P6-89" Content="Data of Path 44 (PDAT44)" />
	<Message ID="MMI::DriverParameter::DELTA::P6-91" Content="Data of Path 45 (PDAT45)" />
	<Message ID="MMI::DriverParameter::DELTA::P6-93" Content="Data of Path 46 (PDAT46)" />
	<Message ID="MMI::DriverParameter::DELTA::P6-95" Content="PData of Path 47 (PDAT47)" />
	<Message ID="MMI::DriverParameter::DELTA::P6-97" Content="Data of Path 48 (PDAT48)" />
	<Message ID="MMI::DriverParameter::DELTA::P6-99" Content="Data of Path 49 (PDAT49)" />
	<Message ID="MMI::DriverParameter::DELTA::P7" Content="PR path definition parameters" />
	<Message ID="MMI::DriverParameter::DELTA::P7-01" Content="Data of Path 50 (PDAT50)" />
	<Message ID="MMI::DriverParameter::DELTA::P7-03" Content="Data of Path 51 (PDAT51)" />
	<Message ID="MMI::DriverParameter::DELTA::P7-05" Content="Data of Path 52 (PDAT52)" />
	<Message ID="MMI::DriverParameter::DELTA::P7-07" Content="Data of Path 53 (PDAT53)" />
	<Message ID="MMI::DriverParameter::DELTA::P7-09" Content="Data of Path 54 (PDAT54)" />
	<Message ID="MMI::DriverParameter::DELTA::P7-11" Content="Data of Path 55 (PDAT55)" />
	<Message ID="MMI::DriverParameter::DELTA::P7-13" Content="Data of Path 56 (PDAT56)" />
	<Message ID="MMI::DriverParameter::DELTA::P7-15" Content="Data of Path 57 (PDAT57)" />
	<Message ID="MMI::DriverParameter::DELTA::P7-17" Content="Data of Path 58 (PDAT58)" />
	<Message ID="MMI::DriverParameter::DELTA::P7-19" Content="Data of Path 59 (PDAT59)" />
	<Message ID="MMI::DriverParameter::DELTA::P7-21" Content="Data of Path 60 (PDAT60)" />
	<Message ID="MMI::DriverParameter::DELTA::P7-23" Content="Data of Path 61 (PDAT61)" />
	<Message ID="MMI::DriverParameter::DELTA::P7-25" Content="Data of Path 62 (PDAT62)" />
	<Message ID="MMI::DriverParameter::DELTA::P7-27" Content="Data of Path 63 (PDAT63)" />
	<Message ID="MMI::DriverParameter::DELTA::P0-03-00" Content="CH1" />
	<Message ID="MMI::DriverParameter::DELTA::P0-03-01" Content="CH2" />
	<Message ID="MMI::DriverParameter::DELTA::P0-25-00" Content="VL" />
	<Message ID="MMI::DriverParameter::DELTA::P0-25-01" Content="VH" />
	<Message ID="MMI::DriverParameter::DELTA::P0-26-00" Content="VL" />
	<Message ID="MMI::DriverParameter::DELTA::P0-26-01" Content="VH" />
	<Message ID="MMI::DriverParameter::DELTA::P0-27-00" Content="VL" />
	<Message ID="MMI::DriverParameter::DELTA::P0-27-01" Content="VH" />
	<Message ID="MMI::DriverParameter::DELTA::P0-28-00" Content="VL" />
	<Message ID="MMI::DriverParameter::DELTA::P0-28-01" Content="VH" />
	<Message ID="MMI::DriverParameter::DELTA::P0-29-00" Content="VL" />
	<Message ID="MMI::DriverParameter::DELTA::P0-29-01" Content="VH" />
	<Message ID="MMI::DriverParameter::DELTA::P0-30-00" Content="VL" />
	<Message ID="MMI::DriverParameter::DELTA::P0-30-01" Content="VH" />
	<Message ID="MMI::DriverParameter::DELTA::P0-31-00" Content="VL" />
	<Message ID="MMI::DriverParameter::DELTA::P0-31-01" Content="VH" />
	<Message ID="MMI::DriverParameter::DELTA::P0-32-00" Content="VL" />
	<Message ID="MMI::DriverParameter::DELTA::P0-32-01" Content="VH" />
	<Message ID="MMI::DriverParameter::DELTA::P0-35-00" Content="PL" />
	<Message ID="MMI::DriverParameter::DELTA::P0-35-01" Content="PH" />
	<Message ID="MMI::DriverParameter::DELTA::P0-36-00" Content="PL" />
	<Message ID="MMI::DriverParameter::DELTA::P0-36-01" Content="PH" />
	<Message ID="MMI::DriverParameter::DELTA::P0-37-00" Content="PL" />
	<Message ID="MMI::DriverParameter::DELTA::P0-37-01" Content="PH" />
	<Message ID="MMI::DriverParameter::DELTA::P0-38-00" Content="PL" />
	<Message ID="MMI::DriverParameter::DELTA::P0-38-01" Content="PH" />
	<Message ID="MMI::DriverParameter::DELTA::P0-39-00" Content="PL" />
	<Message ID="MMI::DriverParameter::DELTA::P0-39-01" Content="PH" />
	<Message ID="MMI::DriverParameter::DELTA::P0-40-00" Content="PL" />
	<Message ID="MMI::DriverParameter::DELTA::P0-40-01" Content="PH" />
	<Message ID="MMI::DriverParameter::DELTA::P0-41-00" Content="PL" />
	<Message ID="MMI::DriverParameter::DELTA::P0-41-01" Content="PH" />
	<Message ID="MMI::DriverParameter::DELTA::P0-42-00" Content="PL" />
	<Message ID="MMI::DriverParameter::DELTA::P0-42-01" Content="PH" />
	<Message ID="MMI::DriverParameter::DELTA::P0-46-00" Content="SRDY" />
	<Message ID="MMI::DriverParameter::DELTA::P0-46-01" Content="SON" />
	<Message ID="MMI::DriverParameter::DELTA::P0-46-02" Content="ZSPD" />
	<Message ID="MMI::DriverParameter::DELTA::P0-46-03" Content="TSPD" />
	<Message ID="MMI::DriverParameter::DELTA::P0-46-04" Content="TPOS" />
	<Message ID="MMI::DriverParameter::DELTA::P0-46-05" Content="TQL" />
	<Message ID="MMI::DriverParameter::DELTA::P0-46-06" Content="ALRM" />
	<Message ID="MMI::DriverParameter::DELTA::P0-46-07" Content="BRKR" />
	<Message ID="MMI::DriverParameter::DELTA::P0-46-08" Content="HOME" />
	<Message ID="MMI::DriverParameter::DELTA::P0-46-09" Content="OLW" />
	<Message ID="MMI::DriverParameter::DELTA::P0-46-10" Content="WARN" />
	<Message ID="MMI::DriverParameter::DELTA::P1-00-00" Content="Input pulse type" />
	<Message ID="MMI::DriverParameter::DELTA::P1-00-01" Content="Input pulse filter" />
	<Message ID="MMI::DriverParameter::DELTA::P1-00-02" Content="Input polarity" />
	<Message ID="MMI::DriverParameter::DELTA::P1-00-03" Content="Source of pulse command" />
	<Message ID="MMI::DriverParameter::DELTA::P1-01-00" Content="Control mode settings" />
	<Message ID="MMI::DriverParameter::DELTA::P1-01-01" Content="Torque output direction settings" />
	<Message ID="MMI::DriverParameter::DELTA::P1-01-02" Content="Discrete I/O Setting" />
	<Message ID="MMI::DriverParameter::DELTA::P1-02-00" Content="Disable or Enable speed limit function" />
	<Message ID="MMI::DriverParameter::DELTA::P1-02-01" Content="Disable or Enable torque limit function" />
	<Message ID="MMI::DriverParameter::DELTA::P1-03-00" Content="Analog monitor outputs polarity" />
	<Message ID="MMI::DriverParameter::DELTA::P1-03-01" Content="Position pulse outputs polarity" />
	<Message ID="MMI::DriverParameter::DELTA::P1-32-00" Content="Fault Stop Mode" />
	<Message ID="MMI::DriverParameter::DELTA::P1-48-00" Content="MC_OK will be always On after it is activated" />
	<Message ID="MMI::DriverParameter::DELTA::P1-48-01" Content="Servo fault AL380 will be activated" />
	<Message ID="MMI::DriverParameter::DELTA::P1-74-00" Content="Full-closed loop function selection" />
	<Message ID="MMI::DriverParameter::DELTA::P1-74-01" Content="Source of OA/OB/OZ outputs" />
	<Message ID="MMI::DriverParameter::DELTA::P1-74-02" Content="Polarity setting of linear scale" />
	<Message ID="MMI::DriverParameter::DELTA::P2-10-00" Content="Digital Input Function Setings" />
	<Message ID="MMI::DriverParameter::DELTA::P2-10-01" Content="Digital Input Enabled Status Setings" />
	<Message ID="MMI::DriverParameter::DELTA::P2-11-00" Content="Digital Input Function Setings" />
	<Message ID="MMI::DriverParameter::DELTA::P2-11-01" Content="Digital Input Enabled Status Setings" />
	<Message ID="MMI::DriverParameter::DELTA::P2-12-00" Content="Digital Input Function Setings" />
	<Message ID="MMI::DriverParameter::DELTA::P2-12-01" Content="Digital Input Enabled Status Setings" />
	<Message ID="MMI::DriverParameter::DELTA::P2-13-00" Content="Digital Input Function Setings" />
	<Message ID="MMI::DriverParameter::DELTA::P2-13-01" Content="Digital Input Enabled Status Setings" />
	<Message ID="MMI::DriverParameter::DELTA::P2-14-00" Content="Digital Input Function Setings" />
	<Message ID="MMI::DriverParameter::DELTA::P2-14-01" Content="Digital Input Enabled Status Setings" />
	<Message ID="MMI::DriverParameter::DELTA::P2-15-00" Content="Digital Input Function Setings" />
	<Message ID="MMI::DriverParameter::DELTA::P2-15-01" Content="Digital Input Enabled Status Setings" />
	<Message ID="MMI::DriverParameter::DELTA::P2-16-00" Content="Digital Input Function Setings" />
	<Message ID="MMI::DriverParameter::DELTA::P2-16-01" Content="Digital Input Enabled Status Setings" />
	<Message ID="MMI::DriverParameter::DELTA::P2-17-00" Content="Digital Input Function Setings" />
	<Message ID="MMI::DriverParameter::DELTA::P2-17-01" Content="Digital Input Enabled Status Setings" />
	<Message ID="MMI::DriverParameter::DELTA::P2-18-00" Content="Digital Output Function Setings" />
	<Message ID="MMI::DriverParameter::DELTA::P2-18-01" Content="Digital Output Enabled Status Setings" />
	<Message ID="MMI::DriverParameter::DELTA::P2-19-00" Content="Digital Output Function Setings" />
	<Message ID="MMI::DriverParameter::DELTA::P2-19-01" Content="Digital Output Enabled Status Setings" />
	<Message ID="MMI::DriverParameter::DELTA::P2-20-00" Content="Digital Output Function Setings" />
	<Message ID="MMI::DriverParameter::DELTA::P2-20-01" Content="Digital Output Enabled Status Setings" />
	<Message ID="MMI::DriverParameter::DELTA::P2-21-00" Content="Digital Output Function Setings" />
	<Message ID="MMI::DriverParameter::DELTA::P2-21-01" Content="Digital Output Enabled Status Setings" />
	<Message ID="MMI::DriverParameter::DELTA::P2-22-00" Content="Digital Output Function Setings" />
	<Message ID="MMI::DriverParameter::DELTA::P2-22-01" Content="Digital Output Enabled Status Setings" />
	<Message ID="MMI::DriverParameter::DELTA::P2-27-00" Content="Gain Switching Condition Settings" />
	<Message ID="MMI::DriverParameter::DELTA::P2-27-01" Content="Gain Switching Control Settings" />
	<Message ID="MMI::DriverParameter::DELTA::P2-36-00" Content="Digital Input Function Setings" />
	<Message ID="MMI::DriverParameter::DELTA::P2-36-01" Content="Digital Input Enabled Status Setings" />
	<Message ID="MMI::DriverParameter::DELTA::P2-37-00" Content="Digital Input Function Setings" />
	<Message ID="MMI::DriverParameter::DELTA::P2-37-01" Content="Digital Input Enabled Status Setings" />
	<Message ID="MMI::DriverParameter::DELTA::P2-38-00" Content="Digital Input Function Setings" />
	<Message ID="MMI::DriverParameter::DELTA::P2-38-01" Content="Digital Input Enabled Status Setings" />
	<Message ID="MMI::DriverParameter::DELTA::P2-39-00" Content="Digital Input Function Setings" />
	<Message ID="MMI::DriverParameter::DELTA::P2-39-01" Content="Digital Input Enabled Status Setings" />
	<Message ID="MMI::DriverParameter::DELTA::P2-40-00" Content="Digital Input Function Setings" />
	<Message ID="MMI::DriverParameter::DELTA::P2-40-01" Content="Digital Input Enabled Status Setings" />
	<Message ID="MMI::DriverParameter::DELTA::P2-41-00" Content="Digital Input Function Setings" />
	<Message ID="MMI::DriverParameter::DELTA::P2-41-01" Content="Digital Input Enabled Status Setings" />
	<Message ID="MMI::DriverParameter::DELTA::P2-66-00" Content="Undervoltage (Servo Drive Fault) clear mode selection" />
	<Message ID="MMI::DriverParameter::DELTA::P2-66-01" Content="ALE44 disable selection" />
	<Message ID="MMI::DriverParameter::DELTA::P2-66-02" Content="ALE41 disable selection (only available when fuul-colse control function is enalbed" />
	<Message ID="MMI::DriverParameter::DELTA::P3-01-00" Content="Boud rate setting" />
	<Message ID="MMI::DriverParameter::DELTA::P3-01-01" Content="Data transmission speed setting" />
	<Message ID="MMI::DriverParameter::DELTA::P3-06-00" Content="Corresponding with DI1" />
	<Message ID="MMI::DriverParameter::DELTA::P3-06-01" Content="Corresponding with DI2" />
	<Message ID="MMI::DriverParameter::DELTA::P3-06-02" Content="Corresponding with DI3" />
	<Message ID="MMI::DriverParameter::DELTA::P3-06-03" Content="Corresponding with DI4" />
	<Message ID="MMI::DriverParameter::DELTA::P3-06-04" Content="Corresponding with DI5" />
	<Message ID="MMI::DriverParameter::DELTA::P3-06-05" Content="Corresponding with DI6" />
	<Message ID="MMI::DriverParameter::DELTA::P3-06-06" Content="Corresponding with DI7" />
	<Message ID="MMI::DriverParameter::DELTA::P3-06-07" Content="Corresponding with DI8" />
	<Message ID="MMI::DriverParameter::DELTA::P3-06-08" Content="Corresponding with EDI9" />
	<Message ID="MMI::DriverParameter::DELTA::P3-06-09" Content="Corresponding with EDI10" />
	<Message ID="MMI::DriverParameter::DELTA::P3-06-10" Content="Corresponding with EDI11" />
	<Message ID="MMI::DriverParameter::DELTA::P3-06-11" Content="Corresponding with EDI12" />
	<Message ID="MMI::DriverParameter::DELTA::P3-06-12" Content="Corresponding with EDI13" />
	<Message ID="MMI::DriverParameter::DELTA::P3-06-13" Content="Corresponding with EDI14" />
	<Message ID="MMI::DriverParameter::DELTA::P3-08-00" Content="Monitor mode" />
	<Message ID="MMI::DriverParameter::DELTA::P3-08-01" Content="Monitor time at low speed" />
	<Message ID="MMI::DriverParameter::DELTA::P3-09-00" Content="Clock correction setting" />
	<Message ID="MMI::DriverParameter::DELTA::P3-09-01" Content="Dead zone range" />
	<Message ID="MMI::DriverParameter::DELTA::P3-09-02" Content="Target value" />
	<Message ID="MMI::DriverParameter::DELTA::P3-09-03" Content="SYNC error range" />
	<Message ID="MMI::DriverParameter::DELTA::P4-00-00" Content="fault code, i.e. alarm code" />
	<Message ID="MMI::DriverParameter::DELTA::P4-00-01" Content="CANopen error code" />
	<Message ID="MMI::DriverParameter::DELTA::P4-01-00" Content="fault code, i.e. alarm code" />
	<Message ID="MMI::DriverParameter::DELTA::P4-01-01" Content="CANopen error code" />
	<Message ID="MMI::DriverParameter::DELTA::P4-02-00" Content="fault code, i.e. alarm code" />
	<Message ID="MMI::DriverParameter::DELTA::P4-02-01" Content="CANopen error code" />
	<Message ID="MMI::DriverParameter::DELTA::P4-03-00" Content="fault code, i.e. alarm code" />
	<Message ID="MMI::DriverParameter::DELTA::P4-03-01" Content="CANopen error code" />
	<Message ID="MMI::DriverParameter::DELTA::P4-04-00" Content="fault code, i.e. alarm code" />
	<Message ID="MMI::DriverParameter::DELTA::P4-04-01" Content="CANopen error code" />
	<Message ID="MMI::DriverParameter::DELTA::P4-06-00" Content="Corresponding with DO setting value 0x30" />
	<Message ID="MMI::DriverParameter::DELTA::P4-06-01" Content="Corresponding with DO setting value 0x31" />
	<Message ID="MMI::DriverParameter::DELTA::P4-06-02" Content="Corresponding with DO setting value 0x32" />
	<Message ID="MMI::DriverParameter::DELTA::P4-06-03" Content="Corresponding with DO setting value 0x33" />
	<Message ID="MMI::DriverParameter::DELTA::P4-06-04" Content="Corresponding with DO setting value 0x34" />
	<Message ID="MMI::DriverParameter::DELTA::P4-06-05" Content="Corresponding with DO setting value 0x35" />
	<Message ID="MMI::DriverParameter::DELTA::P4-06-06" Content="Corresponding with DO setting value 0x36" />
	<Message ID="MMI::DriverParameter::DELTA::P4-06-07" Content="Corresponding with DO setting value 0x37" />
	<Message ID="MMI::DriverParameter::DELTA::P4-06-08" Content="Corresponding with DO setting value 0x38" />
	<Message ID="MMI::DriverParameter::DELTA::P4-06-09" Content="Corresponding with DO setting value 0x39" />
	<Message ID="MMI::DriverParameter::DELTA::P4-06-10" Content="Corresponding with DO setting value 0x3A" />
	<Message ID="MMI::DriverParameter::DELTA::P4-06-11" Content="Corresponding with DO setting value 0x3B" />
	<Message ID="MMI::DriverParameter::DELTA::P4-06-12" Content="Corresponding with DO setting value 0x3C" />
	<Message ID="MMI::DriverParameter::DELTA::P4-06-13" Content="Corresponding with DO setting value 0x3D" />
	<Message ID="MMI::DriverParameter::DELTA::P4-06-14" Content="Corresponding with DO setting value 0x3E" />
	<Message ID="MMI::DriverParameter::DELTA::P4-06-15" Content="Corresponding with DO setting value 0x3F" />
	<Message ID="MMI::DriverParameter::DELTA::P4-07-00" Content="Corresponding with DI1" />
	<Message ID="MMI::DriverParameter::DELTA::P4-07-01" Content="Corresponding with DI2" />
	<Message ID="MMI::DriverParameter::DELTA::P4-07-02" Content="Corresponding with DI3" />
	<Message ID="MMI::DriverParameter::DELTA::P4-07-03" Content="Corresponding with DI4" />
	<Message ID="MMI::DriverParameter::DELTA::P4-07-04" Content="Corresponding with DI5" />
	<Message ID="MMI::DriverParameter::DELTA::P4-07-05" Content="Corresponding with DI6" />
	<Message ID="MMI::DriverParameter::DELTA::P4-07-06" Content="Corresponding with DI7" />
	<Message ID="MMI::DriverParameter::DELTA::P4-07-07" Content="Corresponding with DI8" />
	<Message ID="MMI::DriverParameter::DELTA::P4-07-08" Content="Corresponding with EDI9" />
	<Message ID="MMI::DriverParameter::DELTA::P4-07-09" Content="Corresponding with EDI10" />
	<Message ID="MMI::DriverParameter::DELTA::P4-07-10" Content="Corresponding with EDI11" />
	<Message ID="MMI::DriverParameter::DELTA::P4-07-11" Content="Corresponding with EDI12" />
	<Message ID="MMI::DriverParameter::DELTA::P4-07-12" Content="Corresponding with EDI13" />
	<Message ID="MMI::DriverParameter::DELTA::P4-07-13" Content="Corresponding with EDI14" />
	<Message ID="MMI::DriverParameter::DELTA::P5-03-00" Content="PL" />
	<Message ID="MMI::DriverParameter::DELTA::P5-03-01" Content="NL" />
	<Message ID="MMI::DriverParameter::DELTA::P5-03-02" Content="SPL" />
	<Message ID="MMI::DriverParameter::DELTA::P5-03-03" Content="SNL" />
	<Message ID="MMI::DriverParameter::DELTA::P5-03-04" Content="OVF" />
	<Message ID="MMI::DriverParameter::DELTA::P5-03-05" Content="CTO" />
	<Message ID="MMI::DriverParameter::DELTA::P5-03-06" Content="STP" />
	<Message ID="MMI::DriverParameter::DELTA::P5-04-00" Content="Homing direction setting" />
	<Message ID="MMI::DriverParameter::DELTA::P5-04-01" Content="Z pulse setting" />
	<Message ID="MMI::DriverParameter::DELTA::P5-04-02" Content="Limit setting" />
	<Message ID="MMI::DriverParameter::DELTA::P5-15-00" Content="The data of PATH 1" />
	<Message ID="MMI::DriverParameter::DELTA::P5-15-01" Content="The data of PATH 2" />
	<Message ID="MMI::DriverParameter::DELTA::P5-39-00" Content="Capture function settings" />
	<Message ID="MMI::DriverParameter::DELTA::P5-39-01" Content="Capture source settings" />
	<Message ID="MMI::DriverParameter::DELTA::P5-39-02" Content="Activate state settings" />
	<Message ID="MMI::DriverParameter::DELTA::P5-39-03" Content="Trigger time settings" />
	<Message ID="MMI::DriverParameter::DELTA::P5-59-00" Content="Compare function settings" />
	<Message ID="MMI::DriverParameter::DELTA::P5-59-01" Content="Capture source settings" />
	<Message ID="MMI::DriverParameter::DELTA::P5-59-02" Content="Activate state settings" />
	<Message ID="MMI::DriverParameter::DELTA::P5-59-03" Content="Trigger time settings" />
	<Message ID="MMI::DriverParameter::DELTA::P5-59-04" Content="Length of output pulse" />
	<Message ID="MMI::DriverParameter::DELTA::P5-98-00" Content="EV1 settings" />
	<Message ID="MMI::DriverParameter::DELTA::P5-98-01" Content="EV2 settings" />
	<Message ID="MMI::DriverParameter::DELTA::P5-98-02" Content="EV3 settings" />
	<Message ID="MMI::DriverParameter::DELTA::P5-98-03" Content="EV4 settings" />
	<Message ID="MMI::DriverParameter::DELTA::P5-99-00" Content="EV1 settings" />
	<Message ID="MMI::DriverParameter::DELTA::P5-99-01" Content="EV2 settings" />
	<Message ID="MMI::DriverParameter::DELTA::P5-99-02" Content="EV3 settings" />
	<Message ID="MMI::DriverParameter::DELTA::P5-99-03" Content="EV4 settings" />
	<Message ID="MMI::DriverParameter::DELTA::P6-00-00" Content="PATH" />
	<Message ID="MMI::DriverParameter::DELTA::P6-00-01" Content="ACC" />
	<Message ID="MMI::DriverParameter::DELTA::P6-00-02" Content="DEC1" />
	<Message ID="MMI::DriverParameter::DELTA::P6-00-03" Content="DEC2" />
	<Message ID="MMI::DriverParameter::DELTA::P6-00-04" Content="DLY" />
	<Message ID="MMI::DriverParameter::DELTA::P6-00-05" Content="BOOT" />

	<!-- ================ YASKAWA Parameter ===================== -->
	<Message ID="MMI::DriverParameter::YASKAWA::Pn0" Content="Functoin Selection" />
	<Message ID="MMI::DriverParameter::YASKAWA::Pn0-00" Content="Basic Functoin Selection Switch 0" />
	<Message ID="MMI::DriverParameter::YASKAWA::Pn0-01" Content="Application Functoin Selection Switch 1" />
	<Message ID="MMI::DriverParameter::YASKAWA::Pn0-02" Content="Application Functoin Selection Switch 2" />
	<Message ID="MMI::DriverParameter::YASKAWA::Pn0-06" Content="Application Functoin Selection Switch 6" />
	<Message ID="MMI::DriverParameter::YASKAWA::Pn0-07" Content="Application Functoin Selection Switch 7" />
	<Message ID="MMI::DriverParameter::YASKAWA::Pn0-08" Content="Application Functoin Selection Switch 8" />
	<Message ID="MMI::DriverParameter::YASKAWA::Pn0-09" Content="Application Functoin Selection Switch 9" />
	<Message ID="MMI::DriverParameter::YASKAWA::Pn0-0B" Content="Application Functoin Selection Switch B" />
	<Message ID="MMI::DriverParameter::YASKAWA::Pn0-0C" Content="Application Functoin Selection Switch C" />
	<Message ID="MMI::DriverParameter::YASKAWA::Pn1" Content="Gain" />
	<Message ID="MMI::DriverParameter::YASKAWA::Pn1-00" Content="Speed Loop Gain" />
	<Message ID="MMI::DriverParameter::YASKAWA::Pn1-01" Content="Speed Loop Intergral Time Constant" />
	<Message ID="MMI::DriverParameter::YASKAWA::Pn1-02" Content="Position Loop Gain" />
	<Message ID="MMI::DriverParameter::YASKAWA::Pn1-03" Content="Mass Ratio" />
	<Message ID="MMI::DriverParameter::YASKAWA::Pn1-04" Content="2nd Speed Loop Gain" />
	<Message ID="MMI::DriverParameter::YASKAWA::Pn1-05" Content="2nd Speed Loop Intergral Time Constant" />
	<Message ID="MMI::DriverParameter::YASKAWA::Pn1-06" Content="Secondary Position Loop Gain" />
	<Message ID="MMI::DriverParameter::YASKAWA::Pn1-09" Content="Feedforward Gain" />
	<Message ID="MMI::DriverParameter::YASKAWA::Pn1-0A" Content="Feedforward Filter Time Constant" />
	<Message ID="MMI::DriverParameter::YASKAWA::Pn1-0B" Content="Application Functoin Selection for Gain Select Switch" />
	<Message ID="MMI::DriverParameter::YASKAWA::Pn1-0C" Content="Mode Switch (force reference)" />
	<Message ID="MMI::DriverParameter::YASKAWA::Pn1-0D" Content="Mode Switch (Speed Reference)" />
	<Message ID="MMI::DriverParameter::YASKAWA::Pn1-0E" Content="Mode Switch (Accelaration)" />
	<Message ID="MMI::DriverParameter::YASKAWA::Pn1-0F" Content="Mode Switch (position error pulse)" />
	<Message ID="MMI::DriverParameter::YASKAWA::Pn1-1F" Content="Position Intergral Time Constant" />
	<Message ID="MMI::DriverParameter::YASKAWA::Pn1-21" Content="Friction Compensation Gain" />
	<Message ID="MMI::DriverParameter::YASKAWA::Pn1-22" Content="2nd Gain for Friction Compensation" />
	<Message ID="MMI::DriverParameter::YASKAWA::Pn1-23" Content="Friction Compensation Coefficient" />
	<Message ID="MMI::DriverParameter::YASKAWA::Pn1-24" Content="Friction Compensation Frequency Correction" />
	<Message ID="MMI::DriverParameter::YASKAWA::Pn1-25" Content="Friction Compensation Gain Correction" />
	<Message ID="MMI::DriverParameter::YASKAWA::Pn1-31" Content="Gain Switch Time 1" />
	<Message ID="MMI::DriverParameter::YASKAWA::Pn1-32" Content="Gain Switch Time 2" />
	<Message ID="MMI::DriverParameter::YASKAWA::Pn1-35" Content="Gain Switch Waiting Time 1" />
	<Message ID="MMI::DriverParameter::YASKAWA::Pn1-36" Content="Gain Switch Waiting Time 2" />
	<Message ID="MMI::DriverParameter::YASKAWA::Pn1-39" Content="Automatic Gain Changeover Related Switch 1" />
	<Message ID="MMI::DriverParameter::YASKAWA::Pn1-3D" Content="Current Gain Level" />
	<Message ID="MMI::DriverParameter::YASKAWA::Pn1-40" Content="Model Following Control Related Switch" />
	<Message ID="MMI::DriverParameter::YASKAWA::Pn1-41" Content="Model Following Control Gain" />
	<Message ID="MMI::DriverParameter::YASKAWA::Pn1-42" Content="Model Following Control Gain Compensation" />
	<Message ID="MMI::DriverParameter::YASKAWA::Pn1-43" Content="Model Following Control Bias (Forward Direction)" />
	<Message ID="MMI::DriverParameter::YASKAWA::Pn1-44" Content="Model Following Control Bias (Reverse Direction)" />
	<Message ID="MMI::DriverParameter::YASKAWA::Pn1-45" Content="Vibration Suppression 1 Frequency A" />
	<Message ID="MMI::DriverParameter::YASKAWA::Pn1-46" Content="Vibration Suppression 1 Frequency B" />
	<Message ID="MMI::DriverParameter::YASKAWA::Pn1-47" Content="Model Following Control Speed Feedforward Compensation" />
	<Message ID="MMI::DriverParameter::YASKAWA::Pn1-48" Content="2nd Model Following Control Gain" />
	<Message ID="MMI::DriverParameter::YASKAWA::Pn1-49" Content="2nd Model Following Control Gain Compensation" />
	<Message ID="MMI::DriverParameter::YASKAWA::Pn1-4A" Content="Vibration Suppression 2 Frequency" />
	<Message ID="MMI::DriverParameter::YASKAWA::Pn1-4B" Content="Vibration Suppression 2 Compensation" />
	<Message ID="MMI::DriverParameter::YASKAWA::Pn1-4F" Content="Control Related Switch" />
	<Message ID="MMI::DriverParameter::YASKAWA::Pn1-60" Content="Anti-Resonance Control Related Switch" />
	<Message ID="MMI::DriverParameter::YASKAWA::Pn1-61" Content="Anti-Resonance Frequency" />
	<Message ID="MMI::DriverParameter::YASKAWA::Pn1-62" Content="Anti-Resonance Gain Compensation" />
	<Message ID="MMI::DriverParameter::YASKAWA::Pn1-63" Content="Anti-Resonance Damping Gain" />
	<Message ID="MMI::DriverParameter::YASKAWA::Pn1-64" Content="Anti-Resonance Filter Time Constant 1 Compensation" />
	<Message ID="MMI::DriverParameter::YASKAWA::Pn1-65" Content="Anti-Resonance Filter Time Constant 2 Compensation" />
	<Message ID="MMI::DriverParameter::YASKAWA::Pn1-70" Content="Tuning-less Function Related Switch" />
	<Message ID="MMI::DriverParameter::YASKAWA::Pn2" Content="Position" />
	<Message ID="MMI::DriverParameter::YASKAWA::Pn2-05" Content="Multiturn Limit Setting" />
	<Message ID="MMI::DriverParameter::YASKAWA::Pn2-07" Content="Position Control Function Switch" />
	<Message ID="MMI::DriverParameter::YASKAWA::Pn2-0A" Content="Number of External Scale Pitch" />
	<Message ID="MMI::DriverParameter::YASKAWA::Pn2-0E" Content="Electronic Gear Ratio(numerator)" />
	<Message ID="MMI::DriverParameter::YASKAWA::Pn2-10" Content="Electronic Gear Ratio(denominator)" />
	<Message ID="MMI::DriverParameter::YASKAWA::Pn2-12" Content="Fully-closed Control Selection Switch" />
	<Message ID="MMI::DriverParameter::YASKAWA::Pn2-2A" Content="Fully-closed Control Selection Switch" />
	<Message ID="MMI::DriverParameter::YASKAWA::Pn2-81" Content="Encoder Output Resolution" />
	<Message ID="MMI::DriverParameter::YASKAWA::Pn3" Content="Speed" />
	<Message ID="MMI::DriverParameter::YASKAWA::Pn3-04" Content="JOG Speed" />
	<Message ID="MMI::DriverParameter::YASKAWA::Pn3-05" Content="Soft Start Acceleration Time" />
	<Message ID="MMI::DriverParameter::YASKAWA::Pn3-06" Content="Soft Start Deceleration Time" />
	<Message ID="MMI::DriverParameter::YASKAWA::Pn3-10" Content="Vibration Detection Switch" />
	<Message ID="MMI::DriverParameter::YASKAWA::Pn3-11" Content="Vibration Detection Sensitivity" />
	<Message ID="MMI::DriverParameter::YASKAWA::Pn3-12" Content="Vibration Detection Level" />
	<Message ID="MMI::DriverParameter::YASKAWA::Pn3-24" Content="Mass Calculating Start Level" />
	<Message ID="MMI::DriverParameter::YASKAWA::Pn4" Content="Torque" />
	<Message ID="MMI::DriverParameter::YASKAWA::Pn4-01" Content="Force Reference Filter Time Constant" />
	<Message ID="MMI::DriverParameter::YASKAWA::Pn4-02" Content="Forward Force Limit" />
	<Message ID="MMI::DriverParameter::YASKAWA::Pn4-03" Content="Reverse Force Limit" />
	<Message ID="MMI::DriverParameter::YASKAWA::Pn4-04" Content="Forward External Force Limit" />
	<Message ID="MMI::DriverParameter::YASKAWA::Pn4-05" Content="Reverse External Force Limit" />
	<Message ID="MMI::DriverParameter::YASKAWA::Pn4-06" Content="Emergency Stop Force" />
	<Message ID="MMI::DriverParameter::YASKAWA::Pn4-07" Content="Speed Limit during Force Control" />
	<Message ID="MMI::DriverParameter::YASKAWA::Pn4-08" Content="Force Related Function Switch" />
	<Message ID="MMI::DriverParameter::YASKAWA::Pn4-09" Content="1st Notch Filter Frequency" />
	<Message ID="MMI::DriverParameter::YASKAWA::Pn4-0A" Content="1st Notch Filter Q Value" />
	<Message ID="MMI::DriverParameter::YASKAWA::Pn4-0B" Content="1st Notch Filter Depth" />
	<Message ID="MMI::DriverParameter::YASKAWA::Pn4-0C" Content="2nd Notch Filter Frequency" />
	<Message ID="MMI::DriverParameter::YASKAWA::Pn4-0D" Content="2nd Notch Filter Q Value" />
	<Message ID="MMI::DriverParameter::YASKAWA::Pn4-0E" Content="2nd Notch Filter Depth" />
	<Message ID="MMI::DriverParameter::YASKAWA::Pn4-0F" Content="2nd Force Reference Filter Frequency" />
	<Message ID="MMI::DriverParameter::YASKAWA::Pn4-10" Content="2nd Force Reference Filter Q value" />
	<Message ID="MMI::DriverParameter::YASKAWA::Pn4-12" Content="1st Step 2nd Force Reference Filter Time Constant" />
	<Message ID="MMI::DriverParameter::YASKAWA::Pn4-24" Content="Force Limit at Main Circuit Voltage Drop" />
	<Message ID="MMI::DriverParameter::YASKAWA::Pn4-25" Content="Release Time for Force Limit at Main Circuit Voltage Drop" />
	<Message ID="MMI::DriverParameter::YASKAWA::Pn4-56" Content="Sweep Force Reference Amplitude" />
	<Message ID="MMI::DriverParameter::YASKAWA::Pn4-60" Content="Notch Filter Adjustment Switch" />
	<Message ID="MMI::DriverParameter::YASKAWA::Pn5" Content="Sequence" />
	<Message ID="MMI::DriverParameter::YASKAWA::Pn5-01" Content="Zero Clamp Level" />
	<Message ID="MMI::DriverParameter::YASKAWA::Pn5-02" Content="Rotation Detection Level" />
	<Message ID="MMI::DriverParameter::YASKAWA::Pn5-03" Content="Speed Coincidence Signal Output Width" />
	<Message ID="MMI::DriverParameter::YASKAWA::Pn5-06" Content="Brake Reference - Servo OFF Delay Time" />
	<Message ID="MMI::DriverParameter::YASKAWA::Pn5-07" Content="Brake Reference Output Speed Level" />
	<Message ID="MMI::DriverParameter::YASKAWA::Pn5-08" Content="Waiting Time for Brake Signal When Motor Running" />
	<Message ID="MMI::DriverParameter::YASKAWA::Pn5-09" Content="Instantaneous Power Cut Hold Time" />
	<Message ID="MMI::DriverParameter::YASKAWA::Pn5-0A" Content="Input Signal Selection 1" />
	<Message ID="MMI::DriverParameter::YASKAWA::Pn5-0B" Content="Input Signal Selection 2" />
	<Message ID="MMI::DriverParameter::YASKAWA::Pn5-0E" Content="Output Signal Selection 1" />
	<Message ID="MMI::DriverParameter::YASKAWA::Pn5-0F" Content="Output Signal Selection 2" />
	<Message ID="MMI::DriverParameter::YASKAWA::Pn5-10" Content="Output Signal Selection 3" />
	<Message ID="MMI::DriverParameter::YASKAWA::Pn5-11" Content="Input Signal Selection 5" />
	<Message ID="MMI::DriverParameter::YASKAWA::Pn5-12" Content="Output Signal Inverse Setting" />
	<Message ID="MMI::DriverParameter::YASKAWA::Pn5-1B" Content="Output Signal Inverse Setting" />
	<Message ID="MMI::DriverParameter::YASKAWA::Pn5-1E" Content="Excessive Position Error Warning Level" />
	<Message ID="MMI::DriverParameter::YASKAWA::Pn5-20" Content="Excessive Position Error Alarm Level" />
	<Message ID="MMI::DriverParameter::YASKAWA::Pn5-22" Content="Positioning Completed Width" />
	<Message ID="MMI::DriverParameter::YASKAWA::Pn5-24" Content="NEAR Signal Width" />
	<Message ID="MMI::DriverParameter::YASKAWA::Pn5-26" Content="Excessive Position Error Alarm Level at Servo On" />
	<Message ID="MMI::DriverParameter::YASKAWA::Pn5-28" Content="Excessive Position Error Warning Level at Servo On" />
	<Message ID="MMI::DriverParameter::YASKAWA::Pn5-29" Content="Speed Limit Level at Servo On" />
	<Message ID="MMI::DriverParameter::YASKAWA::Pn5-2A" Content="Multiplier per One Fully-closed Rotation" />
	<Message ID="MMI::DriverParameter::YASKAWA::Pn5-2B" Content="Overload Warning Value" />
	<Message ID="MMI::DriverParameter::YASKAWA::Pn5-2C" Content="Derating of Base Current at Detecting Overload of Motor" />
	<Message ID="MMI::DriverParameter::YASKAWA::Pn5-2F" Content="Monitor Display at Power On" />
	<Message ID="MMI::DriverParameter::YASKAWA::Pn5-30" Content="Program JOG Operation Related Switch" />
	<Message ID="MMI::DriverParameter::YASKAWA::Pn5-31" Content="Program JOG Movement Distance" />
	<Message ID="MMI::DriverParameter::YASKAWA::Pn5-33" Content="Program JOG Movement Speed" />
	<Message ID="MMI::DriverParameter::YASKAWA::Pn5-34" Content="Program JOG Acceleration/Deceleration Time" />
	<Message ID="MMI::DriverParameter::YASKAWA::Pn5-35" Content="Program JOG Waiting Time" />
	<Message ID="MMI::DriverParameter::YASKAWA::Pn5-36" Content="Number of Times of Program JOG Movement" />
	<Message ID="MMI::DriverParameter::YASKAWA::Pn5-50" Content="Analog Monitor 1 Offset Voltage" />
	<Message ID="MMI::DriverParameter::YASKAWA::Pn5-51" Content="Analog Monitor 2 Offset Voltage" />
	<Message ID="MMI::DriverParameter::YASKAWA::Pn5-52" Content="Analog Monitor Magnification 1" />
	<Message ID="MMI::DriverParameter::YASKAWA::Pn5-53" Content="Analog Monitor Magnification 2" />
	<Message ID="MMI::DriverParameter::YASKAWA::Pn5-60" Content="Remained Vibration Detection Width" />
	<Message ID="MMI::DriverParameter::YASKAWA::Pn5-61" Content="Overshoot Detection Level" />
	<Message ID="MMI::DriverParameter::YASKAWA::Pn6" Content="Regenerative Resistor" />
	<Message ID="MMI::DriverParameter::YASKAWA::Pn6-00" Content="Regenerative Resistor Capacity" />
	<Message ID="MMI::DriverParameter::YASKAWA::Pn8" Content="Mechatrolink" />
	<Message ID="MMI::DriverParameter::YASKAWA::Pn8-00" Content="Communications Control" />
	<Message ID="MMI::DriverParameter::YASKAWA::Pn8-01" Content="Application Function Select 6 (Solfware LS)" />
	<Message ID="MMI::DriverParameter::YASKAWA::Pn8-03" Content="Origin Range" />
	<Message ID="MMI::DriverParameter::YASKAWA::Pn8-04" Content="Forward software Limit" />
	<Message ID="MMI::DriverParameter::YASKAWA::Pn8-06" Content="Reserve software Limit" />
	<Message ID="MMI::DriverParameter::YASKAWA::Pn8-08" Content="Absolute Encoder Origin Offset" />
	<Message ID="MMI::DriverParameter::YASKAWA::Pn8-0A" Content="1st Linear Acceleration Constant" />
	<Message ID="MMI::DriverParameter::YASKAWA::Pn8-0B" Content="2nd Linear Acceleration Constant" />
	<Message ID="MMI::DriverParameter::YASKAWA::Pn8-0C" Content="Acceleration Constant Switching Speed" />
	<Message ID="MMI::DriverParameter::YASKAWA::Pn8-0D" Content="1st Linear Deceleration Constant" />
	<Message ID="MMI::DriverParameter::YASKAWA::Pn8-0E" Content="2nd Linear Deceleration Constant" />
	<Message ID="MMI::DriverParameter::YASKAWA::Pn8-0F" Content="Deceleration Constant Switching Speed" />
	<Message ID="MMI::DriverParameter::YASKAWA::Pn8-10" Content="Exponential Function Acceleration/Deceleration Bias" />
	<Message ID="MMI::DriverParameter::YASKAWA::Pn8-11" Content="Exponential Function Acceleration/Deceleration Time Constant" />
	<Message ID="MMI::DriverParameter::YASKAWA::Pn8-12" Content="Movement avergae Time" />
	<Message ID="MMI::DriverParameter::YASKAWA::Pn8-14" Content="Final Travel Distance for External Positioning" />
	<Message ID="MMI::DriverParameter::YASKAWA::Pn8-16" Content="Homing Mode Setting" />
	<Message ID="MMI::DriverParameter::YASKAWA::Pn8-17" Content="Homing Approach Speed 1" />
	<Message ID="MMI::DriverParameter::YASKAWA::Pn8-18" Content="Homing Approach Speed 2" />
	<Message ID="MMI::DriverParameter::YASKAWA::Pn8-19" Content="Final Travel Distance for Homing" />
	<Message ID="MMI::DriverParameter::YASKAWA::Pn8-1E" Content="Input Signal Monitor Selection" />
	<Message ID="MMI::DriverParameter::YASKAWA::Pn8-1F" Content="Command Data Allocation" />
	<Message ID="MMI::DriverParameter::YASKAWA::Pn8-20" Content="Forward Latching Allowable Area" />
	<Message ID="MMI::DriverParameter::YASKAWA::Pn8-22" Content="Reserve Latching Allowable Area" />
	<Message ID="MMI::DriverParameter::YASKAWA::Pn8-24" Content="Option Monitor 1 Selection" />
	<Message ID="MMI::DriverParameter::YASKAWA::Pn8-25" Content="Option Monitor 2 Selection" />
	<Message ID="MMI::DriverParameter::YASKAWA::Pn8-27" Content="Linear Deceleration Constant 1 for Stopping" />
	<Message ID="MMI::DriverParameter::YASKAWA::Pn8-29" Content="SVOFF Waiting Time (SVOFF at Deceleration to Stop)" />
	<Message ID="MMI::DriverParameter::YASKAWA::Pn8-2A" Content="Option Field Allocation 1" />
	<Message ID="MMI::DriverParameter::YASKAWA::Pn8-2B" Content="Option Field Allocation 2" />
	<Message ID="MMI::DriverParameter::YASKAWA::Pn8-2C" Content="Option Field Allocation 3" />
	<Message ID="MMI::DriverParameter::YASKAWA::Pn8-2D" Content="Option Field Allocation 4" />
	<Message ID="MMI::DriverParameter::YASKAWA::Pn8-2E" Content="Option Field Allocation 5" />
	<Message ID="MMI::DriverParameter::YASKAWA::Pn8-33" Content="Motion Setting" />
	<Message ID="MMI::DriverParameter::YASKAWA::Pn8-34" Content="1st Linear Acceleration Constant 2" />
	<Message ID="MMI::DriverParameter::YASKAWA::Pn8-36" Content="2nd Linear Acceleration Constant 2" />
	<Message ID="MMI::DriverParameter::YASKAWA::Pn8-38" Content="Acceleration Constant Switch Speed 2" />
	<Message ID="MMI::DriverParameter::YASKAWA::Pn8-3A" Content="1st Linear Deceleration Constant 2" />
	<Message ID="MMI::DriverParameter::YASKAWA::Pn8-3C" Content="2nd Linear Deceleration Constant 2" />
	<Message ID="MMI::DriverParameter::YASKAWA::Pn8-3E" Content="Deceleration Constant Switching Speed 2" />
	<Message ID="MMI::DriverParameter::YASKAWA::Pn8-40" Content="Linear Deceleration Constant 2 for Stopping" />
	<Message ID="MMI::DriverParameter::YASKAWA::Pn8-50" Content="Latch Sequence Number" />
	<Message ID="MMI::DriverParameter::YASKAWA::Pn8-51" Content="Continuous Latch Count" />
	<Message ID="MMI::DriverParameter::YASKAWA::Pn8-52" Content="Latch Sequence Signal 1 to 4 Setting" />
	<Message ID="MMI::DriverParameter::YASKAWA::Pn8-53" Content="Latch Sequence Signal 5 to 8 Setting" />
	<Message ID="MMI::DriverParameter::YASKAWA::Pn9" Content="Parameter Bank" />
	<Message ID="MMI::DriverParameter::YASKAWA::Pn9-00" Content="Parameter Bank Number" />
	<Message ID="MMI::DriverParameter::YASKAWA::Pn9-01" Content="Parameter Bank Member Number" />
	<Message ID="MMI::DriverParameter::YASKAWA::Pn9-02" Content="Parameter Bank Member Definition" />
	<Message ID="MMI::DriverParameter::YASKAWA::Pn9-03" Content="Parameter Bank Member Definition" />
	<Message ID="MMI::DriverParameter::YASKAWA::Pn9-04" Content="Parameter Bank Member Definition" />
	<Message ID="MMI::DriverParameter::YASKAWA::Pn9-05" Content="Parameter Bank Member Definition" />
	<Message ID="MMI::DriverParameter::YASKAWA::Pn9-06" Content="Parameter Bank Member Definition" />
	<Message ID="MMI::DriverParameter::YASKAWA::Pn9-07" Content="Parameter Bank Member Definition" />
	<Message ID="MMI::DriverParameter::YASKAWA::Pn9-08" Content="Parameter Bank Member Definition" />
	<Message ID="MMI::DriverParameter::YASKAWA::Pn9-09" Content="Parameter Bank Member Definition" />
	<Message ID="MMI::DriverParameter::YASKAWA::Pn9-0A" Content="Parameter Bank Member Definition" />
	<Message ID="MMI::DriverParameter::YASKAWA::Pn9-0B" Content="Parameter Bank Member Definition" />
	<Message ID="MMI::DriverParameter::YASKAWA::Pn9-0C" Content="Parameter Bank Member Definition" />
	<Message ID="MMI::DriverParameter::YASKAWA::Pn9-0D" Content="Parameter Bank Member Definition" />
	<Message ID="MMI::DriverParameter::YASKAWA::Pn9-0E" Content="Parameter Bank Member Definition" />
	<Message ID="MMI::DriverParameter::YASKAWA::Pn9-0F" Content="Parameter Bank Member Definition" />
	<Message ID="MMI::DriverParameter::YASKAWA::Pn9-10" Content="Parameter Bank Member Definition" />
	<Message ID="MMI::DriverParameter::YASKAWA::Pn9-20" Content="Parameter Bank Data (nonvolatile memory save disable)" />
	<Message ID="MMI::DriverParameter::YASKAWA::Pn9-21" Content="Parameter Bank Data (nonvolatile memory save disable)" />
	<Message ID="MMI::DriverParameter::YASKAWA::Pn9-22" Content="Parameter Bank Data (nonvolatile memory save disable)" />
	<Message ID="MMI::DriverParameter::YASKAWA::Pn9-23" Content="Parameter Bank Data (nonvolatile memory save disable)" />
	<Message ID="MMI::DriverParameter::YASKAWA::Pn9-24" Content="Parameter Bank Data (nonvolatile memory save disable)" />
	<Message ID="MMI::DriverParameter::YASKAWA::Pn9-25" Content="Parameter Bank Data (nonvolatile memory save disable)" />
	<Message ID="MMI::DriverParameter::YASKAWA::Pn9-26" Content="Parameter Bank Data (nonvolatile memory save disable)" />
	<Message ID="MMI::DriverParameter::YASKAWA::Pn9-27" Content="Parameter Bank Data (nonvolatile memory save disable)" />
	<Message ID="MMI::DriverParameter::YASKAWA::Pn9-28" Content="Parameter Bank Data (nonvolatile memory save disable)" />
	<Message ID="MMI::DriverParameter::YASKAWA::Pn9-29" Content="Parameter Bank Data (nonvolatile memory save disable)" />
	<Message ID="MMI::DriverParameter::YASKAWA::Pn9-2A" Content="Parameter Bank Data (nonvolatile memory save disable)" />
	<Message ID="MMI::DriverParameter::YASKAWA::Pn9-2B" Content="Parameter Bank Data (nonvolatile memory save disable)" />
	<Message ID="MMI::DriverParameter::YASKAWA::Pn9-2C" Content="Parameter Bank Data (nonvolatile memory save disable)" />
	<Message ID="MMI::DriverParameter::YASKAWA::Pn9-2D" Content="Parameter Bank Data (nonvolatile memory save disable)" />
	<Message ID="MMI::DriverParameter::YASKAWA::Pn9-2E" Content="Parameter Bank Data (nonvolatile memory save disable)" />
	<Message ID="MMI::DriverParameter::YASKAWA::Pn9-2F" Content="Parameter Bank Data (nonvolatile memory save disable)" />
	<Message ID="MMI::DriverParameter::YASKAWA::Pn9-30" Content="Parameter Bank Data (nonvolatile memory save disable)" />
	<Message ID="MMI::DriverParameter::YASKAWA::Pn9-31" Content="Parameter Bank Data (nonvolatile memory save disable)" />
	<Message ID="MMI::DriverParameter::YASKAWA::Pn9-32" Content="Parameter Bank Data (nonvolatile memory save disable)" />
	<Message ID="MMI::DriverParameter::YASKAWA::Pn9-33" Content="Parameter Bank Data (nonvolatile memory save disable)" />
	<Message ID="MMI::DriverParameter::YASKAWA::Pn9-34" Content="Parameter Bank Data (nonvolatile memory save disable)" />
	<Message ID="MMI::DriverParameter::YASKAWA::Pn9-35" Content="Parameter Bank Data (nonvolatile memory save disable)" />
	<Message ID="MMI::DriverParameter::YASKAWA::Pn9-36" Content="Parameter Bank Data (nonvolatile memory save disable)" />
	<Message ID="MMI::DriverParameter::YASKAWA::Pn9-37" Content="Parameter Bank Data (nonvolatile memory save disable)" />
	<Message ID="MMI::DriverParameter::YASKAWA::Pn9-38" Content="Parameter Bank Data (nonvolatile memory save disable)" />
	<Message ID="MMI::DriverParameter::YASKAWA::Pn9-39" Content="Parameter Bank Data (nonvolatile memory save disable)" />
	<Message ID="MMI::DriverParameter::YASKAWA::Pn9-3A" Content="Parameter Bank Data (nonvolatile memory save disable)" />
	<Message ID="MMI::DriverParameter::YASKAWA::Pn9-3B" Content="Parameter Bank Data (nonvolatile memory save disable)" />
	<Message ID="MMI::DriverParameter::YASKAWA::Pn9-3C" Content="Parameter Bank Data (nonvolatile memory save disable)" />
	<Message ID="MMI::DriverParameter::YASKAWA::Pn9-3D" Content="Parameter Bank Data (nonvolatile memory save disable)" />
	<Message ID="MMI::DriverParameter::YASKAWA::Pn9-3E" Content="Parameter Bank Data (nonvolatile memory save disable)" />
	<Message ID="MMI::DriverParameter::YASKAWA::Pn9-3F" Content="Parameter Bank Data (nonvolatile memory save disable)" />
	<Message ID="MMI::DriverParameter::YASKAWA::Pn9-40" Content="Parameter Bank Data (nonvolatile memory save disable)" />
	<Message ID="MMI::DriverParameter::YASKAWA::Pn9-41" Content="Parameter Bank Data (nonvolatile memory save disable)" />
	<Message ID="MMI::DriverParameter::YASKAWA::Pn9-42" Content="Parameter Bank Data (nonvolatile memory save disable)" />
	<Message ID="MMI::DriverParameter::YASKAWA::Pn9-43" Content="Parameter Bank Data (nonvolatile memory save disable)" />
	<Message ID="MMI::DriverParameter::YASKAWA::Pn9-44" Content="Parameter Bank Data (nonvolatile memory save disable)" />
	<Message ID="MMI::DriverParameter::YASKAWA::Pn9-45" Content="Parameter Bank Data (nonvolatile memory save disable)" />
	<Message ID="MMI::DriverParameter::YASKAWA::Pn9-46" Content="Parameter Bank Data (nonvolatile memory save disable)" />
	<Message ID="MMI::DriverParameter::YASKAWA::Pn9-47" Content="Parameter Bank Data (nonvolatile memory save disable)" />
	<Message ID="MMI::DriverParameter::YASKAWA::Pn9-48" Content="Parameter Bank Data (nonvolatile memory save disable)" />
	<Message ID="MMI::DriverParameter::YASKAWA::Pn9-49" Content="Parameter Bank Data (nonvolatile memory save disable)" />
	<Message ID="MMI::DriverParameter::YASKAWA::Pn9-4A" Content="Parameter Bank Data (nonvolatile memory save disable)" />
	<Message ID="MMI::DriverParameter::YASKAWA::Pn9-4B" Content="Parameter Bank Data (nonvolatile memory save disable)" />
	<Message ID="MMI::DriverParameter::YASKAWA::Pn9-4C" Content="Parameter Bank Data (nonvolatile memory save disable)" />
	<Message ID="MMI::DriverParameter::YASKAWA::Pn9-4D" Content="Parameter Bank Data (nonvolatile memory save disable)" />
	<Message ID="MMI::DriverParameter::YASKAWA::Pn9-4E" Content="Parameter Bank Data (nonvolatile memory save disable)" />
	<Message ID="MMI::DriverParameter::YASKAWA::Pn9-4F" Content="Parameter Bank Data (nonvolatile memory save disable)" />
	<Message ID="MMI::DriverParameter::YASKAWA::Pn9-50" Content="Parameter Bank Data (nonvolatile memory save disable)" />
	<Message ID="MMI::DriverParameter::YASKAWA::Pn9-51" Content="Parameter Bank Data (nonvolatile memory save disable)" />
	<Message ID="MMI::DriverParameter::YASKAWA::Pn9-52" Content="Parameter Bank Data (nonvolatile memory save disable)" />
	<Message ID="MMI::DriverParameter::YASKAWA::Pn9-53" Content="Parameter Bank Data (nonvolatile memory save disable)" />
	<Message ID="MMI::DriverParameter::YASKAWA::Pn9-54" Content="Parameter Bank Data (nonvolatile memory save disable)" />
	<Message ID="MMI::DriverParameter::YASKAWA::Pn9-55" Content="Parameter Bank Data (nonvolatile memory save disable)" />
	<Message ID="MMI::DriverParameter::YASKAWA::Pn9-56" Content="Parameter Bank Data (nonvolatile memory save disable)" />
	<Message ID="MMI::DriverParameter::YASKAWA::Pn9-57" Content="Parameter Bank Data (nonvolatile memory save disable)" />
	<Message ID="MMI::DriverParameter::YASKAWA::Pn9-58" Content="Parameter Bank Data (nonvolatile memory save disable)" />
	<Message ID="MMI::DriverParameter::YASKAWA::Pn9-59" Content="Parameter Bank Data (nonvolatile memory save disable)" />
	<Message ID="MMI::DriverParameter::YASKAWA::Pn9-5A" Content="Parameter Bank Data (nonvolatile memory save disable)" />
	<Message ID="MMI::DriverParameter::YASKAWA::Pn9-5B" Content="Parameter Bank Data (nonvolatile memory save disable)" />
	<Message ID="MMI::DriverParameter::YASKAWA::Pn9-5C" Content="Parameter Bank Data (nonvolatile memory save disable)" />
	<Message ID="MMI::DriverParameter::YASKAWA::Pn9-5D" Content="Parameter Bank Data (nonvolatile memory save disable)" />
	<Message ID="MMI::DriverParameter::YASKAWA::Pn9-5E" Content="Parameter Bank Data (nonvolatile memory save disable)" />
	<Message ID="MMI::DriverParameter::YASKAWA::Pn9-5F" Content="Parameter Bank Data (nonvolatile memory save disable)" />
	<Message ID="MMI::DriverParameter::YASKAWA::Fn" Content="" />
	<Message ID="MMI::DriverParameter::YASKAWA::Fn-Adjustment Mode" Content="Selection the adjustment procedure, like AAT, AAT by reference, Absolute encoder reset." />
	<Message ID="MMI::DriverParameter::YASKAWA::Fn-Operation" Content="Select the operation, like forward, reward, servo on." />
	<Message ID="MMI::DriverParameter::YASKAWA::Fn-Safety StopTime" Content="" />
	<Message ID="MMI::DriverParameter::YASKAWA::Fn-Related_Mode" Content="Mode setting related to advanced tuning, like Inertia estimate." />
	<Message ID="MMI::DriverParameter::YASKAWA::Fn-Mode" Content="Select the mode for advanced tuning." />
	<Message ID="MMI::DriverParameter::YASKAWA::Fn-STROKE" Content="Travael distance setting." />
	<Message ID="MMI::DriverParameter::YASKAWA::Fn-Monitor Sequence" Content="Monitor the operation sequence of advanced auto-tuning, like initial, done, failure." />
	<Message ID="MMI::DriverParameter::YASKAWA::Fn-Type" Content="Select type accourding to machine element to be driven." />
	<Message ID="MMI::DriverParameter::YASKAWA::Pn0-00-00" Content="Direction Selection" />
	<Message ID="MMI::DriverParameter::YASKAWA::Pn0-00-01" Content="Reserved" />
	<Message ID="MMI::DriverParameter::YASKAWA::Pn0-00-02" Content="Reserved" />
	<Message ID="MMI::DriverParameter::YASKAWA::Pn0-01-00" Content="Servomotor power OFF or Alarm Gr.1 Stop Mode" />
	<Message ID="MMI::DriverParameter::YASKAWA::Pn0-01-01" Content="Overtravel (OT) Stop Mode" />
	<Message ID="MMI::DriverParameter::YASKAWA::Pn0-01-02" Content="AC/DC Power Input Selection" />
	<Message ID="MMI::DriverParameter::YASKAWA::Pn0-01-03" Content="Reserved" />
	<Message ID="MMI::DriverParameter::YASKAWA::Pn0-02-00" Content="MECHATROLINK Command Position and Speed Control Option" />
	<Message ID="MMI::DriverParameter::YASKAWA::Pn0-02-01" Content="Torque Control Option" />
	<Message ID="MMI::DriverParameter::YASKAWA::Pn0-02-02" Content="Absolute Encoder Usage" />
	<Message ID="MMI::DriverParameter::YASKAWA::Pn0-02-03" Content="External Encoder Usage" />
	<Message ID="MMI::DriverParameter::YASKAWA::Pn0-06-00" Content="Analog Monitor 1 Signal Selection" />
	<Message ID="MMI::DriverParameter::YASKAWA::Pn0-06-01" Content="Reserved" />
	<Message ID="MMI::DriverParameter::YASKAWA::Pn0-07-00" Content="Analog Monitor 2 Signal Selection" />
	<Message ID="MMI::DriverParameter::YASKAWA::Pn0-07-01" Content="Reserved" />
	<Message ID="MMI::DriverParameter::YASKAWA::Pn0-08-00" Content="Lowered Battery Voltage Alarm/Warning Selection" />
	<Message ID="MMI::DriverParameter::YASKAWA::Pn0-08-01" Content="Function Selection for UnderVoltage" />
	<Message ID="MMI::DriverParameter::YASKAWA::Pn0-08-02" Content="Warning Detection Selection" />
	<Message ID="MMI::DriverParameter::YASKAWA::Pn0-08-03" Content="Reserved" />
	<Message ID="MMI::DriverParameter::YASKAWA::Pn0-09-00" Content="Reserved" />
	<Message ID="MMI::DriverParameter::YASKAWA::Pn0-09-01" Content="Current Control Method Selection" />
	<Message ID="MMI::DriverParameter::YASKAWA::Pn0-09-02" Content="Speed Detection Method Selection" />
	<Message ID="MMI::DriverParameter::YASKAWA::Pn0-09-03" Content="Reserved" />
	<Message ID="MMI::DriverParameter::YASKAWA::Pn0-0B-00" Content="Parameter Display Selection" />
	<Message ID="MMI::DriverParameter::YASKAWA::Pn0-0B-01" Content="Alarm Gr.2 Stop Method Selection" />
	<Message ID="MMI::DriverParameter::YASKAWA::Pn0-0B-02" Content="Power Supply Method for Three-phase SERVOPACK" />
	<Message ID="MMI::DriverParameter::YASKAWA::Pn0-0B-03" Content="Reserved" />
	<Message ID="MMI::DriverParameter::YASKAWA::Pn0-0C-00" Content="Selection of Test without a Motor" />
	<Message ID="MMI::DriverParameter::YASKAWA::Pn0-0C-01" Content="Encoder Resolution for Test without a Motor" />
	<Message ID="MMI::DriverParameter::YASKAWA::Pn0-0C-02" Content="Encoder Type for Test without a Motor" />
	<Message ID="MMI::DriverParameter::YASKAWA::Pn0-0C-03" Content="Reserved" />
	<Message ID="MMI::DriverParameter::YASKAWA::Pn1-0B-00" Content="Mode Switch Selection" />
	<Message ID="MMI::DriverParameter::YASKAWA::Pn1-0B-01" Content="Speed Loop Control Method" />
	<Message ID="MMI::DriverParameter::YASKAWA::Pn1-0B-02" Content="Reserved" />
	<Message ID="MMI::DriverParameter::YASKAWA::Pn1-39-00" Content="Gain Switching Selection Switch" />
	<Message ID="MMI::DriverParameter::YASKAWA::Pn1-39-01" Content="Gain Switching Condition A" />
	<Message ID="MMI::DriverParameter::YASKAWA::Pn1-39-02" Content="Reserved" />
	<Message ID="MMI::DriverParameter::YASKAWA::Pn1-40-00" Content="Model Following Control Selection" />
	<Message ID="MMI::DriverParameter::YASKAWA::Pn1-40-01" Content="Vibration Suppression Selection" />
	<Message ID="MMI::DriverParameter::YASKAWA::Pn1-40-02" Content="Vibration Suppression Adjustment Selection" />
	<Message ID="MMI::DriverParameter::YASKAWA::Pn1-40-03" Content="Selection of Speed Feedforward (VFF) / Torque Feedforward (TFF)" />
	<Message ID="MMI::DriverParameter::YASKAWA::Pn1-4F-00" Content="Model Following Control Type Selection" />
	<Message ID="MMI::DriverParameter::YASKAWA::Pn1-4F-01" Content="Tuning-less Type Selection" />
	<Message ID="MMI::DriverParameter::YASKAWA::Pn1-4F-02" Content="Reserved" />
	<Message ID="MMI::DriverParameter::YASKAWA::Pn1-60-00" Content="Anti-Resonance Control Selection" />
	<Message ID="MMI::DriverParameter::YASKAWA::Pn1-60-01" Content="Anti-Resonance Control Adjustment Selection" />
	<Message ID="MMI::DriverParameter::YASKAWA::Pn1-60-02" Content="Reserved" />
	<Message ID="MMI::DriverParameter::YASKAWA::Pn1-70-00" Content="Tuning-less Function Selection" />
	<Message ID="MMI::DriverParameter::YASKAWA::Pn1-70-01" Content="Control Method during Speed Control" />
	<Message ID="MMI::DriverParameter::YASKAWA::Pn1-70-02" Content="Tuning-less Tuning Level" />
	<Message ID="MMI::DriverParameter::YASKAWA::Pn1-70-03" Content="Tuning-less Load Level" />
	<Message ID="MMI::DriverParameter::YASKAWA::Pn2-07-00" Content="Reserved" />
	<Message ID="MMI::DriverParameter::YASKAWA::Pn2-07-01" Content="/COIN Output Timing" />
	<Message ID="MMI::DriverParameter::YASKAWA::Pn2-2A-00" Content="Reserved" />
	<Message ID="MMI::DriverParameter::YASKAWA::Pn2-2A-01" Content="Speed Feedback Selection at Fully-closed Control" />
	<Message ID="MMI::DriverParameter::YASKAWA::Pn3-10-00" Content="Vibration Detection Selection" />
	<Message ID="MMI::DriverParameter::YASKAWA::Pn3-10-01" Content="Reserved" />
	<Message ID="MMI::DriverParameter::YASKAWA::Pn4-08-00" Content="1st Step Notch Filter Selection" />
	<Message ID="MMI::DriverParameter::YASKAWA::Pn4-08-01" Content="Speed Limit Selection" />
	<Message ID="MMI::DriverParameter::YASKAWA::Pn4-08-02" Content="2nd Step Notch Filter Selection" />
	<Message ID="MMI::DriverParameter::YASKAWA::Pn4-08-03" Content="Friction Compensation Function Selection" />
	<Message ID="MMI::DriverParameter::YASKAWA::Pn4-60-00" Content="Notch Filter Adjustment Selection 1" />
	<Message ID="MMI::DriverParameter::YASKAWA::Pn4-60-01" Content="Reserved" />
	<Message ID="MMI::DriverParameter::YASKAWA::Pn4-60-02" Content="Notch Filter Adjustment Selection 2" />
	<Message ID="MMI::DriverParameter::YASKAWA::Pn4-60-03" Content="Reserved" />
	<Message ID="MMI::DriverParameter::YASKAWA::Pn5-0A-00" Content="Reserved" />
	<Message ID="MMI::DriverParameter::YASKAWA::Pn5-0A-01" Content="P-OT Signal Mapping" />
	<Message ID="MMI::DriverParameter::YASKAWA::Pn5-0B-00" Content="N-OT Signal Mapping (Reverse run prohibited when OFF (H-level))" />
	<Message ID="MMI::DriverParameter::YASKAWA::Pn5-0B-01" Content="Reserved" />
	<Message ID="MMI::DriverParameter::YASKAWA::Pn5-0B-02" Content="/P-CL Signal Mapping (Torque Limit when ON (L-level))" />
	<Message ID="MMI::DriverParameter::YASKAWA::Pn5-0B-03" Content="/N-CL Signal Mapping (Torque Limit when ON (L-level))" />
	<Message ID="MMI::DriverParameter::YASKAWA::Pn5-0E-00" Content="Positioning Completion Signal Mapping (/COIN)" />
	<Message ID="MMI::DriverParameter::YASKAWA::Pn5-0E-01" Content="Speed Coincidence Detection Signal Mapping (/V-CMP)" />
	<Message ID="MMI::DriverParameter::YASKAWA::Pn5-0E-02" Content="Servomotor Rotation Detection Signal Mapping (/TGON)" />
	<Message ID="MMI::DriverParameter::YASKAWA::Pn5-0E-03" Content="Servo Ready Signal Mapping (/S-RDY)" />
	<Message ID="MMI::DriverParameter::YASKAWA::Pn5-0F-00" Content="Torque Limit Detection Signal Mapping (/CLT)" />
	<Message ID="MMI::DriverParameter::YASKAWA::Pn5-0F-01" Content="Speed Limit Detection Signal Mapping (/VLT)" />
	<Message ID="MMI::DriverParameter::YASKAWA::Pn5-0F-02" Content="Brake Signal Mapping (/BK)" />
	<Message ID="MMI::DriverParameter::YASKAWA::Pn5-0F-03" Content="Warning Signal Mapping (/WARN)" />
	<Message ID="MMI::DriverParameter::YASKAWA::Pn5-10-00" Content="Near Signal Mapping (/NEAR)" />
	<Message ID="MMI::DriverParameter::YASKAWA::Pn5-10-01" Content="Reserved" />
	<Message ID="MMI::DriverParameter::YASKAWA::Pn5-11-00" Content="Homing Deceleration Switch Signal Mapping (/DEC)" />
	<Message ID="MMI::DriverParameter::YASKAWA::Pn5-11-01" Content="External Latch Signal Mapping (/EXT1)" />
	<Message ID="MMI::DriverParameter::YASKAWA::Pn5-11-02" Content="External Latch 2 Signal Mapping (/EXT2)" />
	<Message ID="MMI::DriverParameter::YASKAWA::Pn5-11-03" Content="External Latch 3 Signal Mapping (/EXT3)" />
	<Message ID="MMI::DriverParameter::YASKAWA::Pn5-12-00" Content="Output Signal Inversion for CN1-1 or -2 Terminal" />
	<Message ID="MMI::DriverParameter::YASKAWA::Pn5-12-01" Content="Output Signal Inversion for CN1-23 or -24 Terminal" />
	<Message ID="MMI::DriverParameter::YASKAWA::Pn5-12-02" Content="Output Signal Inversion for CN1-25 or -26 Terminal" />
	<Message ID="MMI::DriverParameter::YASKAWA::Pn5-12-03" Content="Reserved" />
	<Message ID="MMI::DriverParameter::YASKAWA::Pn5-30-00" Content="Program JOG Operation Switch" />
	<Message ID="MMI::DriverParameter::YASKAWA::Pn5-30-01" Content="Reserved" />
	<Message ID="MMI::DriverParameter::YASKAWA::Pn8-00-00" Content="MECHATROLINK Communications Check Mask (for debug)" />
	<Message ID="MMI::DriverParameter::YASKAWA::Pn8-00-01" Content="Warning Check Mask" />
	<Message ID="MMI::DriverParameter::YASKAWA::Pn8-00-02" Content="Reserved" />
	<Message ID="MMI::DriverParameter::YASKAWA::Pn8-01-00" Content="Software Limit Function" />
	<Message ID="MMI::DriverParameter::YASKAWA::Pn8-01-01" Content="Reserved" />
	<Message ID="MMI::DriverParameter::YASKAWA::Pn8-01-02" Content="Software Limit for Reference" />
	<Message ID="MMI::DriverParameter::YASKAWA::Pn8-01-03" Content="Reserved" />
	<Message ID="MMI::DriverParameter::YASKAWA::Pn8-16-00" Content="Homing Direction" />
	<Message ID="MMI::DriverParameter::YASKAWA::Pn8-16-01" Content="Reserved" />
	<Message ID="MMI::DriverParameter::YASKAWA::Pn8-1E-00" Content="IO12 Signal Mapping" />
	<Message ID="MMI::DriverParameter::YASKAWA::Pn8-1E-01" Content="IO13 Signal Mapping" />
	<Message ID="MMI::DriverParameter::YASKAWA::Pn8-1E-02" Content="IO14 Signal Mapping" />
	<Message ID="MMI::DriverParameter::YASKAWA::Pn8-1E-03" Content="IO15 Signal Mapping" />
	<Message ID="MMI::DriverParameter::YASKAWA::Pn8-1F-00" Content="Option Field Allocation" />
	<Message ID="MMI::DriverParameter::YASKAWA::Pn8-1F-01" Content="Position Control Command TFF/TLIM Function Allocation" />
	<Message ID="MMI::DriverParameter::YASKAWA::Pn8-1F-02" Content="Reserved" />
	<Message ID="MMI::DriverParameter::YASKAWA::Pn8-2A-00" Content="" />
	<Message ID="MMI::DriverParameter::YASKAWA::Pn8-2A-01" Content="" />
	<Message ID="MMI::DriverParameter::YASKAWA::Pn8-2A-02" Content="" />
	<Message ID="MMI::DriverParameter::YASKAWA::Pn8-2A-03" Content="" />
	<Message ID="MMI::DriverParameter::YASKAWA::Pn8-2B-00" Content="" />
	<Message ID="MMI::DriverParameter::YASKAWA::Pn8-2B-01" Content="" />
	<Message ID="MMI::DriverParameter::YASKAWA::Pn8-2B-02" Content="" />
	<Message ID="MMI::DriverParameter::YASKAWA::Pn8-2B-03" Content="" />
	<Message ID="MMI::DriverParameter::YASKAWA::Pn8-2C-00" Content="" />
	<Message ID="MMI::DriverParameter::YASKAWA::Pn8-2C-01" Content="" />
	<Message ID="MMI::DriverParameter::YASKAWA::Pn8-2C-02" Content="" />
	<Message ID="MMI::DriverParameter::YASKAWA::Pn8-2C-03" Content="" />
	<Message ID="MMI::DriverParameter::YASKAWA::Pn8-2D-00" Content="" />
	<Message ID="MMI::DriverParameter::YASKAWA::Pn8-2D-01" Content="" />
	<Message ID="MMI::DriverParameter::YASKAWA::Pn8-2D-02" Content="" />
	<Message ID="MMI::DriverParameter::YASKAWA::Pn8-2D-03" Content="" />
	<Message ID="MMI::DriverParameter::YASKAWA::Pn8-2E-00" Content="Reserved" />
	<Message ID="MMI::DriverParameter::YASKAWA::Pn8-2E-01" Content="" />
	<Message ID="MMI::DriverParameter::YASKAWA::Pn8-2E-02" Content="" />
	<Message ID="MMI::DriverParameter::YASKAWA::Pn8-33-00" Content="Linear Accel/Decel Constant Selection" />
	<Message ID="MMI::DriverParameter::YASKAWA::Pn8-33-01" Content="Reserved" />
	<Message ID="MMI::DriverParameter::YASKAWA::Pn8-52-00" Content="Latch sequence 1 signal selection." />
	<Message ID="MMI::DriverParameter::YASKAWA::Pn8-52-01" Content="Latch sequence 2 signal selection." />
	<Message ID="MMI::DriverParameter::YASKAWA::Pn8-52-02" Content="Latch sequence 3 signal selection." />
	<Message ID="MMI::DriverParameter::YASKAWA::Pn8-52-03" Content="Latch sequence 4 signal selection." />
	<Message ID="MMI::DriverParameter::YASKAWA::Pn8-53-00" Content="Latch sequence 5 signal selection." />
	<Message ID="MMI::DriverParameter::YASKAWA::Pn8-53-01" Content="Latch sequence 6 signal selection." />
	<Message ID="MMI::DriverParameter::YASKAWA::Pn8-53-02" Content="Latch sequence 7 signal selection." />
	<Message ID="MMI::DriverParameter::YASKAWA::Pn8-53-03" Content="Latch sequence 8 signal selection." />
</ResMap>

