﻿<?xml version="1.0" encoding="UTF-8"?>
<!--Created by 'eHMI'version2.2.18-->
<ResMap>
  <Message ID="Browser::HSHPParamData::Caption::Lab_ParamNoHead::ParamID" Content="Index" />
  <Message ID="Browser::HSHPParamData::Caption::Lab_ParamTitleHead::ParamItem" Content="Item" />
  <Message ID="Browser::HSHPParamData::Caption::DecriptionLabel::Description" Content="Descriptions of Defaults" />
  <Message ID="Browser::HSHPParamData::Caption::DescriptLabel_P1::P1_desp" Content="P1" />
  <Message ID="Browser::HSHPParamData::Caption::DescriptLabel_P2::P2_desp" Content="P2" />
  <Message ID="Browser::HSHPParamData::Caption::DescriptLabel_P3::P3_desp" Content="P3" />
  <Message ID="Browser::HSHPParamData::Caption::DescriptLabel_P4::P4_desp" Content="P4" />
  <Message ID="Browser::HSHPParamData::Caption::DescriptLabel_P5::P5_desp" Content="P5" />
  <Message ID="Browser::HSHPParamData::Caption::WorkTypeLabel::WorkType" Content="Type" />
  <Message ID="Browser::HSHPParamData::Caption::WorkTypeP1Label::finish" Content="Finish" />
  <Message ID="Browser::HSHPParamData::Caption::WorkTypeP2Label::finish" Content="Finish" />
  <Message ID="Browser::HSHPParamData::Caption::WorkTypeP3Label::finish" Content="Finish" />
  <Message ID="Browser::HSHPParamData::Caption::WorkTypeP4Label::rough" Content="Rough" />
  <Message ID="Browser::HSHPParamData::Caption::WorkTypeP5Label::rough" Content="Rough" />
  <Message ID="Browser::HSHPParamData::Caption::CharLabel::Characteristic" Content="Characteristic" />
  <Message ID="Browser::HSHPParamData::Caption::CharP1Label::HighPrecision" Content="　High Precision (smaller contour errors)" />
  <Message ID="Browser::HSHPParamData::Caption::CharP2Label::Normal" Content="　Normal (Priority based velocity)" />
  <Message ID="Browser::HSHPParamData::Caption::CharP3Label::HighSmooth" Content="　High Smooth (smooth motion, but larger contour error at corners)" />
  <Message ID="Browser::HSHPParamData::Caption::CharP4Label::Accuracy" Content="　Accuracy (applied to thin part stock)" />
  <Message ID="Browser::HSHPParamData::Caption::CharP5Label::Steady" Content="　Steady (applied to thick part stock)" />
  <Message ID="Browser::HSHPParamData::Caption::PostscriptumLabel::PostscriptumLabel" Content="(TheValues of Pr401 of default parameters are based on Pr405 = 5000)" />
  <Message ID="Browser::HSHPParamData::Caption::Lab_P_Default::HSHPParamDefault" Content="Table" />
</ResMap>