﻿<?xml version="1.0" encoding="UTF-8"?>
<!--Created by 'eHMI'version2.2.5-->
<ResMap>
  <Message ID="Browser::MonitorSTDData::Caption::Lab_HSHHPTitle::HSHHPTitle" Content="Condition select" />
  <Message ID="Browser::MonitorSTDData::Caption::Lab_ParamNo::HSHHPNo0" Content="default parameter" />
  <Message ID="Browser::MonitorSTDData::Caption::Lab_ParamNo::HSHHPNo1" Content="1st parameter" />
  <Message ID="Browser::MonitorSTDData::Caption::Lab_ParamNo::HSHHPNo2" Content="2nd parameter" />
  <Message ID="Browser::MonitorSTDData::Caption::Lab_ParamNo::HSHHPNo3" Content="3rd parameter" />
  <Message ID="Browser::MonitorSTDData::Caption::Lab_ParamNo::HSHHPNo4" Content="4th parameter" />
  <Message ID="Browser::MonitorSTDData::Caption::Lab_ParamNo::HSHHPNo5" Content="5th parameter" />
  <Message ID="Browser::MonitorSTDData::Caption::Lab_StatusTitle::RunStatus" Content="Run Status" />
  <Message ID="Browser::MonitorSTDData::Caption::Lab_WorkTime::RunTime" Content="Run Time" />
  <Message ID="Browser::MonitorSTDData::Caption::Lab_WorkHour::Hour" Content="H" />
  <Message ID="Browser::MonitorSTDData::Caption::Lab_WorkMin::Min" Content="M" />
  <Message ID="Browser::MonitorSTDData::Caption::Lab_WorkSec::Sec" Content="S" />
  <Message ID="Browser::MonitorSTDData::Caption::Lab_AcumPartCount::TotalAcumPartCount" Content="TotalAcumPartCount" />
  <Message ID="Browser::MonitorSTDData::Caption::Lab_AcumPartCount::AcumPartCount" Content="Part Count" />
  <Message ID="Browser::MonitorSTDData::Caption::Lab_G00Override::G00_Override" Content="G00 Over" />
  <Message ID="Browser::MonitorSTDData::Caption::Lab_G01Override::G01_Override" Content="G01 Over" />
  <Message ID="Browser::MonitorSTDData::Caption::Lab_Feedrate::FeedRate" Content="Feed Rate" />
  <Message ID="Browser::MonitorSTDData::Caption::Lab_SpindleOverride::Spd_Override" Content="Spd Over" />
  <Message ID="Browser::MonitorSTDData::Caption::Lab_SpindleTitle::SpindleRate" Content="Spindle" />
  <Message ID="Browser::MonitorSTDData::Caption::Lab_LoadingRate::LoadingRate" Content="Loading Rate" />
  <Message ID="Browser::MonitorSTDData::Caption::Lab_StartNo::StartBlockNo" Content="Start Block No." />
  <Message ID="Browser::MonitorSTDData::Caption::Lab_HSHHPTitle::HSHHPTitle" Content="Condition select" />
  <Message ID="Browser::MonitorSTDData::Caption::Lab_ParamNo::HSHHPNo0" Content="default parameter" />
  <Message ID="Browser::MonitorSTDData::Caption::Lab_GStatusTitle::GCode" Content="G Code" />
  <Message ID="Browser::MonitorSTDData::Caption::Lab_AcuWorkTime::AcuRunTime" Content="Accum Run Time" />
</ResMap>