﻿<?xml version="1.0" encoding="UTF-8"?>
<!--Created by 'eHMI'version2.1.5-->
<ResMap>
  <Message ID="Browser::RemoteConnSet::Caption::Lab_RemoteParamSettingTitle::RemoteConnSet" Content="Remote Server Setting" />
  <Message ID="Browser::RemoteConnSet::Caption::Lab_ServerIPTitle::ServerIP" Content="Server IP" />
  <Message ID="Browser::RemoteConnSet::Caption::Lab_ErrRetryTitle::ErrorRetry" Content="The times of retry error" />
  <Message ID="Browser::RemoteConnSet::Caption::Lab_RetryWaitTitle::RetryGapTime" Content="The time of wating retry" />
  <Message ID="Browser::RemoteConnSet::Caption::Lab_TimeOut::TimeOut" Content="TimeOut (milisec)" />
  <Message ID="Browser::RemoteConnSet::TestConnect::Success" Content="Connection Success" />
  <Message ID="Browser::RemoteConnSet::TestConnect::False" Content="Cannot connect. Error code:" />
  <Message ID="Browser::RemoteConnSet::SetRemoteKernel" Content="Setting saved. CncMon will connect to remote kernel after restart." />
  <Message ID="Browser::RemoteConnSet::SetLocalKernel" Content="Setting saved. CncMon will connect to local kernel after restart." />
  <Message ID="Browser::RemoteConnSet::SetRemoteKernelatLan" Content="Setting saved. CncMon will automatic connect to remote kernel at lan after restart." />
</ResMap>