﻿<?xml version="1.0" encoding="UTF-8"?>
<!--Created by 'eHMI'version2.0.0-->
<!--BROWSER SIZE|H:470|W:800-->
<Screen>
  <Name>G87</Name>
  <Picture>
    <Left>-2</Left>
    <Top>-4</Top>
    <Width>736</Width>
    <Height>392</Height>
    <Name>Picture2</Name>
    <FontSize>9</FontSize>
    <Alignment>5</Alignment>
    <BorderStyle>0</BorderStyle>
    <Visible>True</Visible>
    <Depth>27</Depth>
    <BorderColor>0,0,0</BorderColor>
    <ForeColor>0,0,0</ForeColor>
    <Picture Fit2Height="False" Fit2Width="False">Image\Back1.bmp</Picture>
  </Picture>
  <Label>
    <Left>393</Left>
    <Top>79</Top>
    <Width>308</Width>
    <Height>62</Height>
    <Name>Label15</Name>
    <FontSize>15</FontSize>
    <Alignment>0</Alignment>
    <BorderStyle>1</BorderStyle>
    <Visible>True</Visible>
    <Depth>26</Depth>
    <BorderColor>0,0,0</BorderColor>
    <ForeColor>255,255,255</ForeColor>
    <BackColor>159,145,124</BackColor>
    <Caption>STR::Browser::G87::Caption::Z_End</Caption>
  </Label>
  <Label>
    <Left>393</Left>
    <Top>12</Top>
    <Width>310</Width>
    <Height>62</Height>
    <Name>Label14</Name>
    <FontSize>15</FontSize>
    <Alignment>0</Alignment>
    <BorderStyle>1</BorderStyle>
    <Visible>True</Visible>
    <Depth>25</Depth>
    <BorderColor>0,0,0</BorderColor>
    <ForeColor>255,255,255</ForeColor>
    <BackColor>159,145,124</BackColor>
    <Caption>STR::Browser::G87::Caption::X_End</Caption>
  </Label>
  <Label>
    <Left>426</Left>
    <Top>178</Top>
    <Width>155</Width>
    <Height>30</Height>
    <Name>Label13</Name>
    <FontSize>15</FontSize>
    <Alignment>1</Alignment>
    <BorderStyle>0</BorderStyle>
    <Visible>True</Visible>
    <Depth>24</Depth>
    <BorderColor>0,0,0</BorderColor>
    <ForeColor>247,239,97</ForeColor>
    <BackColor>159,145,124</BackColor>
    <Caption>STR::Browser::G87::Caption::Dwell_Time_P</Caption>
  </Label>
  <Input>
	<EmptyVal>accept</EmptyVal>
    <Left>582</Left>
    <Top>13</Top>
    <Width>120</Width>
    <Height>30</Height>
    <Name>Inp_Abs_X</Name>
    <FontSize>12</FontSize>
    <Alignment>1</Alignment>
    <BorderStyle>1</BorderStyle>
    <Visible>True</Visible>
    <Depth>23</Depth>
    <BorderColor>0,0,0</BorderColor>
    <ForeColor>0,0,0</ForeColor>
    <BackColor>235,235,235</BackColor>
    <InputFormat>Double:3F</InputFormat>
    <MacroAddr>X</MacroAddr>
    <MappingToRegistry>0</MappingToRegistry>
    <HintLabel>STR::Browser::G87::HintLabel::Absolute_X</HintLabel>
  </Input>
  <Label>
    <Left>426</Left>
    <Top>148</Top>
    <Width>155</Width>
    <Height>30</Height>
    <Name>Label12</Name>
    <FontSize>15</FontSize>
    <Alignment>1</Alignment>
    <BorderStyle>0</BorderStyle>
    <Visible>True</Visible>
    <Depth>22</Depth>
    <BorderColor>0,0,0</BorderColor>
    <ForeColor>247,239,97</ForeColor>
    <BackColor>159,145,124</BackColor>
    <Caption>STR::Browser::G87::Caption::R_Level_R</Caption>
  </Label>
  <Label>
    <Left>426</Left>
    <Top>208</Top>
    <Width>155</Width>
    <Height>30</Height>
    <Name>Label11</Name>
    <FontSize>15</FontSize>
    <Alignment>1</Alignment>
    <BorderStyle>0</BorderStyle>
    <Visible>True</Visible>
    <Depth>21</Depth>
    <BorderColor>0,0,0</BorderColor>
    <ForeColor>247,239,97</ForeColor>
    <BackColor>159,145,124</BackColor>
    <Caption>STR::Browser::G87::Caption::Depth_of_Cut</Caption>
  </Label>
  <Input>
	<EmptyVal>accept</EmptyVal>
    <Left>582</Left>
    <Top>43</Top>
    <Width>120</Width>
    <Height>30</Height>
    <Name>Inp_Inc_U</Name>
    <FontSize>12</FontSize>
    <Alignment>1</Alignment>
    <BorderStyle>1</BorderStyle>
    <Visible>True</Visible>
    <Depth>20</Depth>
    <BorderColor>0,0,0</BorderColor>
    <ForeColor>0,0,0</ForeColor>
    <BackColor>235,235,235</BackColor>
    <InputFormat>Double:3F</InputFormat>
    <MacroAddr>U</MacroAddr>
    <MappingToRegistry>0</MappingToRegistry>
    <HintLabel>STR::Browser::G87::HintLabel::Inc_U</HintLabel>
  </Input>
  <Label>
    <Left>426</Left>
    <Top>298</Top>
    <Width>155</Width>
    <Height>30</Height>
    <Name>Label10</Name>
    <FontSize>15</FontSize>
    <Alignment>1</Alignment>
    <BorderStyle>0</BorderStyle>
    <Visible>True</Visible>
    <Depth>19</Depth>
    <BorderColor>0,0,0</BorderColor>
    <ForeColor>247,239,97</ForeColor>
    <BackColor>159,145,124</BackColor>
    <Caption>STR::Browser::G87::Caption::Repeat_K</Caption>
  </Label>
  <Label>
    <Left>426</Left>
    <Top>328</Top>
    <Width>155</Width>
    <Height>30</Height>
    <Name>Label9</Name>
    <FontSize>15</FontSize>
    <Alignment>1</Alignment>
    <BorderStyle>0</BorderStyle>
    <Visible>True</Visible>
    <Depth>18</Depth>
    <BorderColor>0,0,0</BorderColor>
    <ForeColor>247,239,97</ForeColor>
    <BackColor>159,145,124</BackColor>
    <Caption>STR::Browser::G87::Caption::Clamp_Code_M</Caption>
  </Label>
  <Label>
    <Left>426</Left>
    <Top>268</Top>
    <Width>155</Width>
    <Height>30</Height>
    <Name>Label8</Name>
    <FontSize>15</FontSize>
    <Alignment>1</Alignment>
    <BorderStyle>0</BorderStyle>
    <Visible>True</Visible>
    <Depth>17</Depth>
    <BorderColor>0,0,0</BorderColor>
    <ForeColor>247,239,97</ForeColor>
    <BackColor>159,145,124</BackColor>
    <Caption>STR::Browser::G87::Caption::Feedrate_F</Caption>
  </Label>
  <Input>
	<EmptyVal>accept</EmptyVal>
    <Left>582</Left>
    <Top>80</Top>
    <Width>120</Width>
    <Height>30</Height>
    <Name>Inp_Abs_Z</Name>
    <FontSize>12</FontSize>
    <Alignment>1</Alignment>
    <BorderStyle>1</BorderStyle>
    <Visible>True</Visible>
    <Depth>16</Depth>
    <BorderColor>0,0,0</BorderColor>
    <ForeColor>0,0,0</ForeColor>
    <BackColor>235,235,235</BackColor>
    <InputFormat>Double:3F</InputFormat>
    <MacroAddr>Z</MacroAddr>
    <MappingToRegistry>0</MappingToRegistry>
    <HintLabel>STR::Browser::G87::HintLabel::Abs_Z</HintLabel>
  </Input>
  <Input>
	<EmptyVal>accept</EmptyVal>
    <Left>581</Left>
    <Top>148</Top>
    <Width>120</Width>
    <Height>30</Height>
    <Name>Input8</Name>
    <FontSize>12</FontSize>
    <Alignment>1</Alignment>
    <BorderStyle>1</BorderStyle>
    <Visible>True</Visible>
    <Depth>15</Depth>
    <BorderColor>0,0,0</BorderColor>
    <ForeColor>0,0,0</ForeColor>
    <BackColor>235,235,235</BackColor>
    <InputFormat>Double:3F</InputFormat>
    <MacroAddr>R</MacroAddr>
    <MappingToRegistry>0</MappingToRegistry>
    <HintLabel>STR::Browser::G87::HintLabel::R_Level_R</HintLabel>
  </Input>
  <Input>
	<EmptyVal>accept</EmptyVal>
    <Left>581</Left>
    <Top>178</Top>
    <Width>120</Width>
    <Height>30</Height>
    <Name>Input7</Name>
    <FontSize>12</FontSize>
    <Alignment>1</Alignment>
    <BorderStyle>1</BorderStyle>
    <Visible>True</Visible>
    <Depth>14</Depth>
    <BorderColor>0,0,0</BorderColor>
    <ForeColor>0,0,0</ForeColor>
    <BackColor>235,235,235</BackColor>
    <InputFormat>Double:3F</InputFormat>
    <MacroAddr>P</MacroAddr>
    <MappingToRegistry>0</MappingToRegistry>
    <HintLabel>STR::Browser::G87::HintLabel::Dwell_Time_P</HintLabel>
  </Input>
  <Input>
	<EmptyVal>accept</EmptyVal>
    <Left>581</Left>
    <Top>208</Top>
    <Width>120</Width>
    <Height>30</Height>
    <Name>Input6</Name>
    <FontSize>12</FontSize>
    <Alignment>1</Alignment>
    <BorderStyle>1</BorderStyle>
    <Visible>True</Visible>
    <Depth>13</Depth>
    <BorderColor>0,0,0</BorderColor>
    <ForeColor>0,0,0</ForeColor>
    <BackColor>235,235,235</BackColor>
    <InputFormat>Double:3F</InputFormat>
    <MacroAddr>Q</MacroAddr>
    <MappingToRegistry>0</MappingToRegistry>
    <HintLabel>STR::Browser::G87::HintLabel::Depth_of_Cut</HintLabel>
  </Input>
  <Label>
    <Left>426</Left>
    <Top>238</Top>
    <Width>155</Width>
    <Height>30</Height>
    <Name>Label7</Name>
    <FontSize>15</FontSize>
    <Alignment>1</Alignment>
    <BorderStyle>0</BorderStyle>
    <Visible>True</Visible>
    <Depth>12</Depth>
    <BorderColor>0,0,0</BorderColor>
    <ForeColor>247,239,97</ForeColor>
    <BackColor>159,145,124</BackColor>
    <Caption>STR::Browser::G87::Caption::Speed_S</Caption>
  </Label>
  <Input>
	<EmptyVal>accept</EmptyVal>
    <Left>582</Left>
    <Top>110</Top>
    <Width>120</Width>
    <Height>30</Height>
    <Name>Inp_Inc_W</Name>
    <FontSize>12</FontSize>
    <Alignment>1</Alignment>
    <BorderStyle>1</BorderStyle>
    <Visible>True</Visible>
    <Depth>11</Depth>
    <BorderColor>0,0,0</BorderColor>
    <ForeColor>0,0,0</ForeColor>
    <BackColor>235,235,235</BackColor>
    <InputFormat>Double:3F</InputFormat>
    <MacroAddr>W</MacroAddr>
    <MappingToRegistry>0</MappingToRegistry>
    <HintLabel>STR::Browser::G87::HintLabel::Inc_W</HintLabel>
  </Input>
  <Label>
    <Left>507</Left>
    <Top>13</Top>
    <Width>75</Width>
    <Height>30</Height>
    <Name>Label6</Name>
    <FontSize>15</FontSize>
    <Alignment>1</Alignment>
    <BorderStyle>0</BorderStyle>
    <Visible>True</Visible>
    <Depth>10</Depth>
    <BorderColor>0,0,0</BorderColor>
    <ForeColor>247,239,97</ForeColor>
    <BackColor>159,145,124</BackColor>
    <Caption>STR::Browser::G87::Caption::Abs_X</Caption>
  </Label>
  <Picture>
    <Left>38</Left>
    <Top>135</Top>
    <Width>270</Width>
    <Height>180</Height>
    <Name>Picture1</Name>
    <FontSize>9</FontSize>
    <Alignment>5</Alignment>
    <BorderStyle>1</BorderStyle>
    <Visible>True</Visible>
    <Depth>9</Depth>
    <BorderColor>0,0,0</BorderColor>
    <ForeColor>0,0,0</ForeColor>
    <Picture Fit2Height="False" Fit2Width="False">Image\G87.bmp</Picture>
  </Picture>
  <Label>
    <Left>507</Left>
    <Top>43</Top>
    <Width>75</Width>
    <Height>30</Height>
    <Name>Label5</Name>
    <FontSize>15</FontSize>
    <Alignment>1</Alignment>
    <BorderStyle>0</BorderStyle>
    <Visible>True</Visible>
    <Depth>8</Depth>
    <BorderColor>0,0,0</BorderColor>
    <ForeColor>247,239,97</ForeColor>
    <BackColor>159,145,124</BackColor>
    <Caption>STR::Browser::G87::Caption::Inc_U</Caption>
  </Label>
  <Label>
    <Left>8</Left>
    <Top>19</Top>
    <Width>350</Width>
    <Height>25</Height>
    <Name>G87_Title</Name>
    <FontSize>15</FontSize>
    <Alignment>2</Alignment>
    <BorderStyle>0</BorderStyle>
    <Visible>True</Visible>
    <Depth>6</Depth>
    <BorderColor>0,0,0</BorderColor>
    <ForeColor>255,255,255</ForeColor>
    <BackColor>159,145,124</BackColor>
    <Caption>STR::Browser::G87::Caption::G87_Title</Caption>
  </Label>
  <Input>
	<EmptyVal>accept</EmptyVal>
    <Left>581</Left>
    <Top>238</Top>
    <Width>120</Width>
    <Height>30</Height>
    <Name>Input4</Name>
    <FontSize>12</FontSize>
    <Alignment>1</Alignment>
    <BorderStyle>1</BorderStyle>
    <Visible>True</Visible>
    <Depth>5</Depth>
    <BorderColor>0,0,0</BorderColor>
    <ForeColor>0,0,0</ForeColor>
    <BackColor>235,235,235</BackColor>
    <InputFormat>Double:3F</InputFormat>
    <MacroAddr>S</MacroAddr>
    <MappingToRegistry>0</MappingToRegistry>
    <HintLabel>STR::Browser::G87::HintLabel::Speed_S</HintLabel>
  </Input>
  <Label>
    <Left>507</Left>
    <Top>80</Top>
    <Width>75</Width>
    <Height>30</Height>
    <Name>Label2</Name>
    <FontSize>15</FontSize>
    <Alignment>1</Alignment>
    <BorderStyle>0</BorderStyle>
    <Visible>True</Visible>
    <Depth>4</Depth>
    <BorderColor>0,0,0</BorderColor>
    <ForeColor>247,239,97</ForeColor>
    <BackColor>159,145,124</BackColor>
    <Caption>STR::Browser::G87::Caption::Abs_Z</Caption>
  </Label>
  <Input>
	<EmptyVal>accept</EmptyVal>
    <Left>581</Left>
    <Top>268</Top>
    <Width>120</Width>
    <Height>30</Height>
    <Name>Input3</Name>
    <FontSize>12</FontSize>
    <Alignment>1</Alignment>
    <BorderStyle>1</BorderStyle>
    <Visible>True</Visible>
    <Depth>3</Depth>
    <BorderColor>0,0,0</BorderColor>
    <ForeColor>0,0,0</ForeColor>
    <BackColor>235,235,235</BackColor>
    <InputFormat>Double:3F</InputFormat>
    <MacroAddr>F</MacroAddr>
    <MappingToRegistry>0</MappingToRegistry>
    <HintLabel>STR::Browser::G87::HintLabel::Feedrate_F</HintLabel>
  </Input>
  <Input>
	<EmptyVal>accept</EmptyVal>
    <Left>581</Left>
    <Top>298</Top>
    <Width>120</Width>
    <Height>30</Height>
    <Name>Input2</Name>
    <FontSize>12</FontSize>
    <Alignment>1</Alignment>
    <BorderStyle>1</BorderStyle>
    <Visible>True</Visible>
    <Depth>2</Depth>
    <BorderColor>0,0,0</BorderColor>
    <ForeColor>0,0,0</ForeColor>
    <BackColor>235,235,235</BackColor>
    <InputFormat>Double:3F</InputFormat>
    <MacroAddr>K</MacroAddr>
    <MappingToRegistry>0</MappingToRegistry>
    <HintLabel>STR::Browser::G87::HintLabel::Repeat_K</HintLabel>
  </Input>
  <Input>
	<EmptyVal>accept</EmptyVal>
    <Left>581</Left>
    <Top>328</Top>
    <Width>120</Width>
    <Height>30</Height>
    <Name>Input1</Name>
    <FontSize>12</FontSize>
    <Alignment>1</Alignment>
    <BorderStyle>1</BorderStyle>
    <Visible>True</Visible>
    <Depth>1</Depth>
    <BorderColor>0,0,0</BorderColor>
    <ForeColor>0,0,0</ForeColor>
    <BackColor>235,235,235</BackColor>
    <InputFormat>Double:3F</InputFormat>
    <MacroAddr>M</MacroAddr>
    <MappingToRegistry>0</MappingToRegistry>
    <HintLabel>STR::Browser::G87::HintLabel::Clamp_Code_M</HintLabel>
  </Input>
  <Label>
    <Left>501</Left>
    <Top>110</Top>
    <Width>80</Width>
    <Height>30</Height>
    <Name>Label1</Name>
    <FontSize>15</FontSize>
    <Alignment>1</Alignment>
    <BorderStyle>0</BorderStyle>
    <Visible>True</Visible>
    <Depth>0</Depth>
    <BorderColor>0,0,0</BorderColor>
    <ForeColor>247,239,97</ForeColor>
    <BackColor>159,145,124</BackColor>
    <Caption>STR::Browser::G87::Caption::Inc_W</Caption>
  </Label>
</Screen>
