<?xml version="1.0" encoding="utf-8" ?>
<ResMap>
	<Message ID="AlarmMsg::Coordinate::ID=1" Content="陣列變數是浮點或空的" />
	<Message ID="AlarmMsg::Coordinate::ID=2" Content="檔案不存在" />
	<Message ID="AlarmMsg::Coordinate::ID=3" Content="除零錯誤 " />
	<Message ID="AlarmMsg::Coordinate::ID=4" Content="運算域錯誤" />
	<Message ID="AlarmMsg::Coordinate::ID=5" Content="程式載入失敗" />
	<Message ID="AlarmMsg::Coordinate::ID=6" Content="圓弧不在工作平面上" />
	<Message ID="AlarmMsg::Coordinate::ID=7" Content="圓弧半徑太短" />
	<Message ID="AlarmMsg::Coordinate::ID=8" Content="圓弧終點不在圓弧上" />
	<Message ID="AlarmMsg::Coordinate::ID=9" Content="G65巨集呼叫層次太深" />
	<Message ID="AlarmMsg::Coordinate::ID=10" Content="G66巨集呼叫層次太深" />
	<Message ID="AlarmMsg::Coordinate::ID=11" Content="副程式呼叫層次太深" />
	<Message ID="AlarmMsg::Coordinate::ID=12" Content="G66模式未被G67取消" />
	<Message ID="AlarmMsg::Coordinate::ID=13" Content="G65/G66須寫在單節最後" />
	<Message ID="AlarmMsg::Coordinate::ID=14" Content="沒有程式號碼" />
	<Message ID="AlarmMsg::Coordinate::ID=15" Content="M 碼太多" />
	<Message ID="AlarmMsg::Coordinate::ID=16" Content="不合法的變數存取" />
	<Message ID="AlarmMsg::Coordinate::ID=17" Content="找不到標籤" />
	<Message ID="AlarmMsg::Coordinate::ID=18" Content="找不到行數" />
	<Message ID="AlarmMsg::Coordinate::ID=19" Content="副程式無M99" />
	<Message ID="AlarmMsg::Coordinate::ID=20" Content="G 碼太多" />
	<Message ID="AlarmMsg::Coordinate::ID=21" Content="太多IJK參數" />
	<Message ID="AlarmMsg::Coordinate::ID=22" Content="未定義工作平面" />
	<Message ID="AlarmMsg::Coordinate::ID=23" Content="語義錯誤" />
	<Message ID="AlarmMsg::Coordinate::ID=24" Content="圓弧半徑錯誤" />
	<Message ID="AlarmMsg::Coordinate::ID=25" Content="巨集堆疊資料已滿或取出錯誤" />
	<Message ID="AlarmMsg::Coordinate::ID=26" Content="巨集堆疊資料為空" />
	<Message ID="AlarmMsg::Coordinate::ID=27" Content="巨集程式發出警告" />
	<Message ID="AlarmMsg::Coordinate::ID=28" Content="系統程式錯誤" />
	<Message ID="AlarmMsg::Coordinate::ID=29" Content="在圓弧時變更刀長補償" />
	<Message ID="AlarmMsg::Coordinate::ID=30" Content="切削速度命令為零" />
	<Message ID="AlarmMsg::Coordinate::ID=31" Content="在圓弧時取消半徑補償" />
	<Message ID="AlarmMsg::Coordinate::ID=32" Content="在圓弧時啟動半徑補償" />
	<Message ID="AlarmMsg::Coordinate::ID=33" Content=",A,R或,C命令用法不當" />
	<Message ID="AlarmMsg::Coordinate::ID=34" Content="命令語意相衝突" />
	<Message ID="AlarmMsg::Coordinate::ID=35" Content="角隅太小無法插入圓角倒角" />
	<Message ID="AlarmMsg::Coordinate::ID=36" Content="不適當的,A角度命令" />
	<Message ID="AlarmMsg::Coordinate::ID=37" Content="倒角值超過前後單節長度" />
	<Message ID="AlarmMsg::Coordinate::ID=38" Content="不正確的單節跳躍開關號碼" />
	<Message ID="AlarmMsg::Coordinate::ID=39" Content="量測功能不可以啟動刀具半徑補償" />
	<Message ID="AlarmMsg::Coordinate::ID=40" Content="超過軟體或硬體行程極限" />
	<Message ID="AlarmMsg::Coordinate::ID=41" Content="GOTO標籤須是整數" />
	<Message ID="AlarmMsg::Coordinate::ID=42" Content="邏輯運算元須是整數或空的" />
	<Message ID="AlarmMsg::Coordinate::ID=43" Content="ASIN/ACOS運算元須介於±1.0間" />
	<Message ID="AlarmMsg::Coordinate::ID=44" Content="SQRT運算元不可為負數" />
	<Message ID="AlarmMsg::Coordinate::ID=45" Content="L碼須是整數" />
	<Message ID="AlarmMsg::Coordinate::ID=46" Content="O碼須是整數" />
	<Message ID="AlarmMsg::Coordinate::ID=47" Content="M碼須是整數" />
	<Message ID="AlarmMsg::Coordinate::ID=48" Content="主軸速度S碼須是整數" />
	<Message ID="AlarmMsg::Coordinate::ID=49" Content="刀長補正H碼須是整數" />
	<Message ID="AlarmMsg::Coordinate::ID=50" Content="刀徑補正D碼D須是整數" />
	<Message ID="AlarmMsg::Coordinate::ID=51" Content="刀號T碼須是整數" />
	<Message ID="AlarmMsg::Coordinate::ID=52" Content="副程式呼叫P碼須是整數" />
	<Message ID="AlarmMsg::Coordinate::ID=53" Content="重複次數L碼須是整數" />
	<Message ID="AlarmMsg::Coordinate::ID=54" Content="資料型別不相容" />
	<Message ID="AlarmMsg::Coordinate::ID=55" Content="刀長補正H碼超出範圍" />
	<Message ID="AlarmMsg::Coordinate::ID=56" Content="G10填值P碼超出範圍" />
	<Message ID="AlarmMsg::Coordinate::ID=57" Content="刀徑補正D碼超出範圍" />
	<Message ID="AlarmMsg::Coordinate::ID=58" Content="刀鼻補償D碼超出範圍" />
	<Message ID="AlarmMsg::Coordinate::ID=59" Content="副程式呼叫H碼須是整數" />
	<Message ID="AlarmMsg::Coordinate::ID=60" Content="M99返回序號P碼須是整數" />
	<Message ID="AlarmMsg::Coordinate::ID=61" Content="工件座標號碼超出範圍" />
	<Message ID="AlarmMsg::Coordinate::ID=62" Content="暫停跳躍來源Q碼須是整數" />
	<Message ID="AlarmMsg::Coordinate::ID=63" Content="暫停跳躍來源Q碼超出範圍" />
	<Message ID="AlarmMsg::Coordinate::ID=64" Content="P碼須是整數" />
	<Message ID="AlarmMsg::Coordinate::ID=65" Content=",A命令與軸位移命令相衝" />
	<Message ID="AlarmMsg::Coordinate::ID=66" Content="增量與絕對命令相衝" />
	<Message ID="AlarmMsg::Coordinate::ID=67" Content="圓弧圓心向量與半徑相衝" />
	<Message ID="AlarmMsg::Coordinate::ID=68" Content="Quiet模式不支援公英制轉換" />
	<Message ID="AlarmMsg::Coordinate::ID=69" Content="倒角與圓角命令相衝" />
	<Message ID="AlarmMsg::Coordinate::ID=70" Content="不合法G碼指令" />
	<Message ID="AlarmMsg::Coordinate::ID=71" Content="未指定主程式名稱" />
	<Message ID="AlarmMsg::Coordinate::ID=72" Content="車牙超出最高切削速度" />
	<Message ID="AlarmMsg::Coordinate::ID=73" Content="攻牙超出最高切削速度" />
	<Message ID="AlarmMsg::Coordinate::ID=74" Content="刀具半徑太大路徑過切" />
	<Message ID="AlarmMsg::Coordinate::ID=75" Content="準確停止等待過久" />
	<Message ID="AlarmMsg::Coordinate::ID=76" Content="G04暫停時間不可為負數" />
	<Message ID="AlarmMsg::Coordinate::ID=77" Content="Nurbs曲線格式錯誤" />
	<Message ID="AlarmMsg::Coordinate::ID=78" Content="Nurbs系統記憶體不足" />
	<Message ID="AlarmMsg::Coordinate::ID=79" Content="Nurbs曲線點數超過上限" />
	<Message ID="AlarmMsg::Coordinate::ID=80" Content="車牙牙距不可為負數" />
	<Message ID="AlarmMsg::Coordinate::ID=81" Content="G45~G48下，G02/G03不是90度或270度" />
	<Message ID="AlarmMsg::Coordinate::ID=82" Content="G41/G42不能與G45~G48同時使用" />
	<Message ID="AlarmMsg::Coordinate::ID=84" Content="使用快鑽沒有下P引數" />
	<Message ID="AlarmMsg::Coordinate::ID=85" Content="G93模式未指定F引數" />
	<Message ID="AlarmMsg::Coordinate::ID=86" Content="G10L1501模式未指定R或I引數" />
	<Message ID="AlarmMsg::Coordinate::ID=87" Content="G10L1501模式P/Q引數不可相同" />
	<Message ID="AlarmMsg::Coordinate::ID=88" Content="G10L1501模式I引數後不能有時間軸指令" />
	<Message ID="AlarmMsg::Coordinate::ID=89" Content="G10L1501模式主軸須是增量指令" />
	<Message ID="AlarmMsg::Coordinate::ID=90" Content="G12.1下C軸零速檢查失敗" />
	<Message ID="AlarmMsg::Coordinate::ID=91" Content="主軸同步-基礎主軸號碼錯誤" />
	<Message ID="AlarmMsg::Coordinate::ID=92" Content="主軸同步-同步主軸號碼錯誤" />
	<Message ID="AlarmMsg::Coordinate::ID=93" Content="主軸同步-主軸型態錯誤" />
	<Message ID="AlarmMsg::Coordinate::ID=94" Content="主軸承載-剛攻主軸轉速超過" />
	<Message ID="AlarmMsg::Coordinate::ID=95" Content="主軸同步-基礎主軸轉速比率錯誤" />
	<Message ID="AlarmMsg::Coordinate::ID=96" Content="主軸同步-同步主軸轉速比率錯誤" />
	<Message ID="AlarmMsg::Coordinate::ID=97" Content="軸偶合功能啟用或解除失敗" />
	<Message ID="AlarmMsg::Coordinate::ID=98" Content="參數學習引數錯誤" />
	<Message ID="AlarmMsg::Coordinate::ID=99" Content="學習條件不符合" />
	<Message ID="AlarmMsg::Coordinate::ID=100" Content="該機型不支援此G碼指令" />
	<Message ID="AlarmMsg::Coordinate::ID=101" Content="主軸同步-兩主軸螺距設定不一致" />
	<Message ID="AlarmMsg::Coordinate::ID=102" Content="主軸同步-同步指令重複或衝突" />
	<Message ID="AlarmMsg::Coordinate::ID=103" Content="高速高精參數設置不當" />
	<Message ID="AlarmMsg::Coordinate::ID=104" Content="虛擬軸功能啟用失敗" />
	<Message ID="AlarmMsg::Coordinate::ID=105" Content="軸耦合功能設定錯誤" />
	<Message ID="AlarmMsg::Coordinate::ID=106" Content="G61/G63/G63.2模式下禁用G5.1" />
	<Message ID="AlarmMsg::Coordinate::ID=107" Content="G5.1/G05指令格式錯誤" />
	<Message ID="AlarmMsg::Coordinate::ID=108" Content="G10L1501/L1502指令格式錯誤" />
	<Message ID="AlarmMsg::Coordinate::ID=109" Content="G22指令錯誤, 啟動失敗" />
	<Message ID="AlarmMsg::Coordinate::ID=110" Content="彈簧機動程加工檔超過500行" />
	<Message ID="AlarmMsg::Coordinate::ID=111" Content="軸交換功能-軸向設定錯誤" />
	<Message ID="AlarmMsg::Coordinate::ID=112" Content="軸交換功能-直/半徑軸設定錯誤" />
	<Message ID="AlarmMsg::Coordinate::ID=113" Content="軸交換功能-啟用或解除時機錯誤" />
	<Message ID="AlarmMsg::Coordinate::ID=114" Content="軸交換功能-軸群設定錯誤" />
	<Message ID="AlarmMsg::Coordinate::ID=115" Content="G92.1功能軸向參數設定錯誤" />
	<Message ID="AlarmMsg::Coordinate::ID=116" Content="暫停點回歸偏移量同步失敗" />
	<Message ID="AlarmMsg::Coordinate::ID=117" Content="中斷型副程式未下關閉M碼" />
	<Message ID="AlarmMsg::Coordinate::ID=118" Content="G43.4模式下不可使用G53指令" />
	<Message ID="AlarmMsg::Coordinate::ID=119" Content="G10 L16指令格式錯誤" />
	<Message ID="AlarmMsg::Coordinate::ID=120" Content="超過最大切削同動軸數錯誤" />
	<Message ID="AlarmMsg::Coordinate::ID=121" Content="LN運算元必須為正數" />
	<Message ID="AlarmMsg::Coordinate::ID=122" Content="POW第一個運算元不可為負數" />
	<Message ID="AlarmMsg::Coordinate::ID=123" Content="STR2INT不合法輸入或字串太長" />
	<Message ID="AlarmMsg::Coordinate::ID=124" Content="該機型不支援S碼指令" />
	<Message ID="AlarmMsg::Coordinate::ID=125" Content="該機型不支援T碼指令" />
	<Message ID="AlarmMsg::Coordinate::ID=126" Content="該機型不支援H碼指令" />
	<Message ID="AlarmMsg::Coordinate::ID=127" Content="該機型不支援D碼指令" />
	<Message ID="AlarmMsg::Coordinate::ID=131" Content="單節中M/T碼太多" />
	<Message ID="AlarmMsg::Coordinate::ID=132" Content="程式名稱含有不合法字元" />
	<Message ID="AlarmMsg::Coordinate::ID=133" Content="G02.4/G03.4模式不支援此命令" />
	<Message ID="AlarmMsg::Coordinate::ID=134" Content="G02.4/G03.4指令格式錯誤" />
	<Message ID="AlarmMsg::Coordinate::ID=136" Content="軸向調機失敗請重啟控制器" />
	<Message ID="AlarmMsg::Coordinate::ID=137" Content="G04.1 P引數順序錯誤" />
	<Message ID="AlarmMsg::Coordinate::ID=138" Content="I/O點讀寫指令格式錯誤" />
	<Message ID="AlarmMsg::Coordinate::ID=140" Content="G43.4模式禁用G05" />
	<Message ID="AlarmMsg::Coordinate::ID=142" Content="主軸同步-K引數輸入錯誤" />
	<Message ID="AlarmMsg::Coordinate::ID=143" Content="G10L1501模式P引數指定軸不存在" />
	<Message ID="AlarmMsg::Coordinate::ID=144" Content="G04.1 Q引數內容錯誤" />
	<Message ID="AlarmMsg::Coordinate::ID=145" Content="主軸定位功能啟動失敗" />
	<Message ID="AlarmMsg::Coordinate::ID=151" Content="第一旋轉軸進入不合法範圍" />
	<Message ID="AlarmMsg::Coordinate::ID=152" Content="第二旋轉軸進入不合法範圍" />
	<Message ID="AlarmMsg::Coordinate::ID=153" Content="此刀具方向無解" />
	<Message ID="AlarmMsg::Coordinate::ID=154" Content="無五軸功能" />
	<Message ID="AlarmMsg::Coordinate::ID=155" Content="五軸刀具方向未設定" />
	<Message ID="AlarmMsg::Coordinate::ID=156" Content="五軸軸向設定錯誤" />
	<Message ID="AlarmMsg::Coordinate::ID=157" Content="五軸刀具方向與旋轉軸方向不相容" />
	<Message ID="AlarmMsg::Coordinate::ID=201" Content="程式不存在" />
	<Message ID="AlarmMsg::Coordinate::ID=202" Content="傳檔通訊線路錯誤" />
	<Message ID="AlarmMsg::Coordinate::ID=203" Content="加工程序格式不符" />
	<Message ID="AlarmMsg::Coordinate::ID=204" Content="檔案太大" />
	<Message ID="AlarmMsg::Coordinate::ID=205" Content="檔案是空的" />
	<Message ID="AlarmMsg::Coordinate::ID=206" Content="工作頁無法取得寫入權利" />
	<Message ID="AlarmMsg::Coordinate::ID=207" Content="指定序號不存在" />
	<Message ID="AlarmMsg::Coordinate::ID=208" Content="順序檔不可使用跳躍指令" />
	<Message ID="AlarmMsg::Coordinate::ID=303" Content="基礎主軸不可在位置控制模式(C63)下使用G114.1/G51.2功能" />
	<Message ID="AlarmMsg::Coordinate::ID=304" Content="G33/G34幾何軸之軸名稱錯誤" />
	<Message ID="AlarmMsg::Coordinate::ID=471" Content="加工程式1" />
	<Message ID="AlarmMsg::Coordinate::ID=472" Content="加工程式2" />
	<Message ID="AlarmMsg::Coordinate::ID=473" Content="加工程式3" />
	<Message ID="AlarmMsg::Coordinate::ID=474" Content="加工程式4" />
	<Message ID="AlarmMsg::Coordinate::ID=475" Content="加工程式5" />
	<Message ID="AlarmMsg::Coordinate::ID=476" Content="加工程式6" />
	<Message ID="AlarmMsg::Coordinate::ID=491" Content="模擬程式" />
	<Message ID="AlarmMsg::Coordinate::ID=501" Content="記憶體不足，程式執行失敗" />
	<Message ID="AlarmMsg::Coordinate::ID=502" Content="不合法的程式指令" />
	<Message ID="AlarmMsg::Coordinate::ID=503" Content="不合法的G碼引數" />
	<Message ID="AlarmMsg::Coordinate::ID=504" Content="BGND元件不支援S碼指令" />
	<Message ID="AlarmMsg::Coordinate::ID=505" Content="BGND元件不支援F碼指令" />
	<Message ID="AlarmMsg::Coordinate::ID=506" Content="BGND元件不支援H碼指令" />
	<Message ID="AlarmMsg::Coordinate::ID=507" Content="BGND元件不支援D碼指令" />
	<Message ID="AlarmMsg::Coordinate::ID=508" Content="BGND元件不支援T碼指令" />
	<Message ID="AlarmMsg::Coordinate::ID=509" Content="BGND元件不支援M碼指令" />
	<Message ID="AlarmMsg::Coordinate::ID=510" Content="BGND元件數量超過20個" />
	<Message ID="AlarmMsg::BackgndExe::ID=1" Content="陣列變數是浮點或空的" />
	<Message ID="AlarmMsg::BackgndExe::ID=2" Content="檔案不存在" />
	<Message ID="AlarmMsg::BackgndExe::ID=3" Content="除零錯誤 " />
	<Message ID="AlarmMsg::BackgndExe::ID=4" Content="運算域錯誤" />
	<Message ID="AlarmMsg::BackgndExe::ID=5" Content="程式載入失敗" />
	<Message ID="AlarmMsg::BackgndExe::ID=6" Content="圓弧不在工作平面上" />
	<Message ID="AlarmMsg::BackgndExe::ID=7" Content="圓弧半徑太短" />
	<Message ID="AlarmMsg::BackgndExe::ID=8" Content="圓弧終點不在圓弧上" />
	<Message ID="AlarmMsg::BackgndExe::ID=9" Content="G65巨集呼叫層次太深" />
	<Message ID="AlarmMsg::BackgndExe::ID=10" Content="G66巨集呼叫層次太深" />
	<Message ID="AlarmMsg::BackgndExe::ID=11" Content="副程式呼叫層次太深" />
	<Message ID="AlarmMsg::BackgndExe::ID=12" Content="G66模式未被G67取消" />
	<Message ID="AlarmMsg::BackgndExe::ID=13" Content="G65/G66須寫在單節最後" />
	<Message ID="AlarmMsg::BackgndExe::ID=14" Content="沒有程式號碼" />
	<Message ID="AlarmMsg::BackgndExe::ID=15" Content="M 碼太多" />
	<Message ID="AlarmMsg::BackgndExe::ID=16" Content="不合法的變數存取" />
	<Message ID="AlarmMsg::BackgndExe::ID=17" Content="找不到標籤" />
	<Message ID="AlarmMsg::BackgndExe::ID=18" Content="找不到行數" />
	<Message ID="AlarmMsg::BackgndExe::ID=19" Content="副程式無M99" />
	<Message ID="AlarmMsg::BackgndExe::ID=20" Content="G 碼太多" />
	<Message ID="AlarmMsg::BackgndExe::ID=21" Content="太多IJK參數" />
	<Message ID="AlarmMsg::BackgndExe::ID=22" Content="未定義工作平面" />
	<Message ID="AlarmMsg::BackgndExe::ID=23" Content="語義錯誤" />
	<Message ID="AlarmMsg::BackgndExe::ID=24" Content="圓弧半徑錯誤" />
	<Message ID="AlarmMsg::BackgndExe::ID=25" Content="巨集堆疊資料已滿或取出錯誤" />
	<Message ID="AlarmMsg::BackgndExe::ID=26" Content="巨集堆疊資料為空" />
	<Message ID="AlarmMsg::BackgndExe::ID=27" Content="巨集程式發出警告" />
	<Message ID="AlarmMsg::BackgndExe::ID=28" Content="系統程式錯誤" />
	<Message ID="AlarmMsg::BackgndExe::ID=29" Content="在圓弧時變更刀長補償" />
	<Message ID="AlarmMsg::BackgndExe::ID=30" Content="切削速度命令為零" />
	<Message ID="AlarmMsg::BackgndExe::ID=31" Content="在圓弧時取消半徑補償" />
	<Message ID="AlarmMsg::BackgndExe::ID=32" Content="在圓弧時啟動半徑補償" />
	<Message ID="AlarmMsg::BackgndExe::ID=33" Content=",A,R或,C命令用法不當" />
	<Message ID="AlarmMsg::BackgndExe::ID=34" Content="命令語意相衝突" />
	<Message ID="AlarmMsg::BackgndExe::ID=35" Content="角隅太小無法插入圓角倒角" />
	<Message ID="AlarmMsg::BackgndExe::ID=36" Content="不適當的,A角度命令" />
	<Message ID="AlarmMsg::BackgndExe::ID=37" Content="倒角值超過前後單節長度" />
	<Message ID="AlarmMsg::BackgndExe::ID=38" Content="不正確的單節跳躍開關號碼" />
	<Message ID="AlarmMsg::BackgndExe::ID=39" Content="量測功能不可以啟動刀具半徑補償" />
	<Message ID="AlarmMsg::BackgndExe::ID=40" Content="超過軟體或硬體行程極限" />
	<Message ID="AlarmMsg::BackgndExe::ID=41" Content="GOTO標籤須是整數" />
	<Message ID="AlarmMsg::BackgndExe::ID=42" Content="邏輯運算元須是整數或空的" />
	<Message ID="AlarmMsg::BackgndExe::ID=43" Content="ASIN/ACOS運算元須介於±1.0間" />
	<Message ID="AlarmMsg::BackgndExe::ID=44" Content="SQRT運算元不可為負數" />
	<Message ID="AlarmMsg::BackgndExe::ID=45" Content="L碼須是整數" />
	<Message ID="AlarmMsg::BackgndExe::ID=46" Content="O碼須是整數" />
	<Message ID="AlarmMsg::BackgndExe::ID=47" Content="M碼須是整數" />
	<Message ID="AlarmMsg::BackgndExe::ID=48" Content="主軸速度S碼須是整數" />
	<Message ID="AlarmMsg::BackgndExe::ID=49" Content="刀長補正H碼須是整數" />
	<Message ID="AlarmMsg::BackgndExe::ID=50" Content="刀徑補正D碼D須是整數" />
	<Message ID="AlarmMsg::BackgndExe::ID=51" Content="刀號T碼須是整數" />
	<Message ID="AlarmMsg::BackgndExe::ID=52" Content="副程式呼叫P碼須是整數" />
	<Message ID="AlarmMsg::BackgndExe::ID=53" Content="重複次數L碼須是整數" />
	<Message ID="AlarmMsg::BackgndExe::ID=54" Content="資料型別不相容" />
	<Message ID="AlarmMsg::BackgndExe::ID=55" Content="刀長補正H碼超出範圍" />
	<Message ID="AlarmMsg::BackgndExe::ID=56" Content="G10填值P碼超出範圍" />
	<Message ID="AlarmMsg::BackgndExe::ID=57" Content="刀徑補正D碼超出範圍" />
	<Message ID="AlarmMsg::BackgndExe::ID=58" Content="刀鼻補償D碼超出範圍" />
	<Message ID="AlarmMsg::BackgndExe::ID=59" Content="副程式呼叫H碼須是整數" />
	<Message ID="AlarmMsg::BackgndExe::ID=60" Content="M99返回序號P碼須是整數" />
	<Message ID="AlarmMsg::BackgndExe::ID=61" Content="工件座標號碼超出範圍" />
	<Message ID="AlarmMsg::BackgndExe::ID=62" Content="暫停跳躍來源Q碼須是整數" />
	<Message ID="AlarmMsg::BackgndExe::ID=63" Content="暫停跳躍來源Q碼超出範圍" />
	<Message ID="AlarmMsg::BackgndExe::ID=64" Content="P碼須是整數" />
	<Message ID="AlarmMsg::BackgndExe::ID=65" Content=",A命令與軸位移命令相衝" />
	<Message ID="AlarmMsg::BackgndExe::ID=66" Content="增量與絕對命令相衝" />
	<Message ID="AlarmMsg::BackgndExe::ID=67" Content="圓弧圓心向量與半徑相衝" />
	<Message ID="AlarmMsg::BackgndExe::ID=68" Content="Quiet模式不支援公英制轉換" />
	<Message ID="AlarmMsg::BackgndExe::ID=69" Content="倒角與圓角命令相衝" />
	<Message ID="AlarmMsg::BackgndExe::ID=70" Content="不合法G碼指令" />
	<Message ID="AlarmMsg::BackgndExe::ID=71" Content="未指定主程式名稱" />
	<Message ID="AlarmMsg::BackgndExe::ID=72" Content="車牙超出最高切削速度" />
	<Message ID="AlarmMsg::BackgndExe::ID=73" Content="攻牙超出最高切削速度" />
	<Message ID="AlarmMsg::BackgndExe::ID=74" Content="刀具半徑太大路徑過切" />
	<Message ID="AlarmMsg::BackgndExe::ID=75" Content="準確停止等待過久" />
	<Message ID="AlarmMsg::BackgndExe::ID=76" Content="G04暫停時間不可為負數" />
	<Message ID="AlarmMsg::BackgndExe::ID=77" Content="Nurbs曲線格式錯誤" />
	<Message ID="AlarmMsg::BackgndExe::ID=78" Content="Nurbs系統記憶體不足" />
	<Message ID="AlarmMsg::BackgndExe::ID=79" Content="Nurbs曲線點數超過上限" />
	<Message ID="AlarmMsg::BackgndExe::ID=80" Content="車牙牙距不可為負數" />
	<Message ID="AlarmMsg::BackgndExe::ID=81" Content="G45~G48下，G02/G03不是90度或270度" />
	<Message ID="AlarmMsg::BackgndExe::ID=82" Content="G41/G42不能與G45~G48同時使用" />
	<Message ID="AlarmMsg::BackgndExe::ID=84" Content="使用快鑽沒有下P引數" />
	<Message ID="AlarmMsg::BackgndExe::ID=85" Content="G93模式未指定F引數" />
	<Message ID="AlarmMsg::BackgndExe::ID=86" Content="G10L1501模式未指定R或I引數" />
	<Message ID="AlarmMsg::BackgndExe::ID=87" Content="G10L1501模式P/Q引數不可相同" />
	<Message ID="AlarmMsg::BackgndExe::ID=88" Content="G10L1501模式I引數後不能有時間軸指令" />
	<Message ID="AlarmMsg::BackgndExe::ID=89" Content="G10L1501模式主軸須是增量指令" />
	<Message ID="AlarmMsg::BackgndExe::ID=90" Content="G12.1下C軸零速檢查失敗" />
	<Message ID="AlarmMsg::BackgndExe::ID=91" Content="主軸同步-基礎主軸號碼錯誤" />
	<Message ID="AlarmMsg::BackgndExe::ID=92" Content="主軸同步-同步主軸號碼錯誤" />
	<Message ID="AlarmMsg::BackgndExe::ID=93" Content="主軸同步-主軸型態錯誤" />
	<Message ID="AlarmMsg::BackgndExe::ID=94" Content="主軸承載-剛攻主軸轉速超過" />
	<Message ID="AlarmMsg::BackgndExe::ID=95" Content="主軸同步-基礎主軸轉速比率錯誤" />
	<Message ID="AlarmMsg::BackgndExe::ID=96" Content="主軸同步-同步主軸轉速比率錯誤" />
	<Message ID="AlarmMsg::BackgndExe::ID=97" Content="軸偶合功能啟用或解除失敗" />
	<Message ID="AlarmMsg::BackgndExe::ID=98" Content="參數學習引數錯誤" />
	<Message ID="AlarmMsg::BackgndExe::ID=99" Content="學習條件不符合" />
	<Message ID="AlarmMsg::BackgndExe::ID=100" Content="該機型不支援此G碼指令" />
	<Message ID="AlarmMsg::BackgndExe::ID=101" Content="主軸同步-兩主軸螺距設定不一致" />
	<Message ID="AlarmMsg::BackgndExe::ID=102" Content="主軸同步-同步指令重複或衝突" />
	<Message ID="AlarmMsg::BackgndExe::ID=103" Content="高速高精參數設置不當" />
	<Message ID="AlarmMsg::BackgndExe::ID=104" Content="虛擬軸功能啟用失敗" />
	<Message ID="AlarmMsg::BackgndExe::ID=105" Content="軸耦合功能設定錯誤" />
	<Message ID="AlarmMsg::BackgndExe::ID=106" Content="G61/G63/G63.2模式下禁用G5.1" />
	<Message ID="AlarmMsg::BackgndExe::ID=107" Content="G5.1/G05指令格式錯誤" />
	<Message ID="AlarmMsg::BackgndExe::ID=108" Content="G10L1501/L1502指令格式錯誤" />
	<Message ID="AlarmMsg::BackgndExe::ID=109" Content="G22指令錯誤, 啟動失敗" />
	<Message ID="AlarmMsg::BackgndExe::ID=110" Content="彈簧機動程加工檔超過500行" />
	<Message ID="AlarmMsg::BackgndExe::ID=111" Content="軸交換功能-軸向設定錯誤" />
	<Message ID="AlarmMsg::BackgndExe::ID=112" Content="軸交換功能-直/半徑軸設定錯誤" />
	<Message ID="AlarmMsg::BackgndExe::ID=113" Content="軸交換功能-啟用或解除時機錯誤" />
	<Message ID="AlarmMsg::BackgndExe::ID=114" Content="軸交換功能-軸群設定錯誤" />
	<Message ID="AlarmMsg::BackgndExe::ID=115" Content="G92.1功能軸向參數設定錯誤" />
	<Message ID="AlarmMsg::BackgndExe::ID=116" Content="暫停點回歸偏移量同步失敗" />
	<Message ID="AlarmMsg::BackgndExe::ID=117" Content="中斷型副程式未下關閉M碼" />
	<Message ID="AlarmMsg::BackgndExe::ID=118" Content="G43.4模式下不可使用G53指令" />
	<Message ID="AlarmMsg::BackgndExe::ID=119" Content="G10 L16指令格式錯誤" />
	<Message ID="AlarmMsg::BackgndExe::ID=120" Content="超過最大切削同動軸數錯誤" />
	<Message ID="AlarmMsg::BackgndExe::ID=121" Content="LN運算元必須為正數" />
	<Message ID="AlarmMsg::BackgndExe::ID=122" Content="POW第一個運算元不可為負數" />
	<Message ID="AlarmMsg::BackgndExe::ID=123" Content="STR2INT不合法輸入或字串太長" />
	<Message ID="AlarmMsg::BackgndExe::ID=124" Content="該機型不支援S碼指令" />
	<Message ID="AlarmMsg::BackgndExe::ID=125" Content="該機型不支援T碼指令" />
	<Message ID="AlarmMsg::BackgndExe::ID=126" Content="該機型不支援H碼指令" />
	<Message ID="AlarmMsg::BackgndExe::ID=127" Content="該機型不支援D碼指令" />
	<Message ID="AlarmMsg::BackgndExe::ID=131" Content="單節中M/T碼太多" />
	<Message ID="AlarmMsg::BackgndExe::ID=132" Content="程式名稱含有不合法字元" />
	<Message ID="AlarmMsg::BackgndExe::ID=133" Content="G02.4/G03.4模式不支援此命令" />
	<Message ID="AlarmMsg::BackgndExe::ID=134" Content="G02.4/G03.4指令格式錯誤" />
	<Message ID="AlarmMsg::BackgndExe::ID=136" Content="軸向調機失敗請重啟控制器" />
	<Message ID="AlarmMsg::BackgndExe::ID=137" Content="G04.1 P引數順序錯誤" />
	<Message ID="AlarmMsg::BackgndExe::ID=138" Content="I/O點讀寫指令格式錯誤" />
	<Message ID="AlarmMsg::BackgndExe::ID=140" Content="G43.4模式禁用G05" />
	<Message ID="AlarmMsg::BackgndExe::ID=142" Content="主軸同步-K引數輸入錯誤" />
	<Message ID="AlarmMsg::BackgndExe::ID=143" Content="G10L1501模式P引數指定軸不存在" />
	<Message ID="AlarmMsg::BackgndExe::ID=144" Content="G04.1 Q引數內容錯誤" />
	<Message ID="AlarmMsg::BackgndExe::ID=145" Content="主軸定位功能啟動失敗" />
	<Message ID="AlarmMsg::BackgndExe::ID=151" Content="第一旋轉軸進入不合法範圍" />
	<Message ID="AlarmMsg::BackgndExe::ID=152" Content="第二旋轉軸進入不合法範圍" />
	<Message ID="AlarmMsg::BackgndExe::ID=153" Content="此刀具方向無解" />
	<Message ID="AlarmMsg::BackgndExe::ID=154" Content="無五軸功能" />
	<Message ID="AlarmMsg::BackgndExe::ID=155" Content="五軸刀具方向未設定" />
	<Message ID="AlarmMsg::BackgndExe::ID=156" Content="五軸軸向設定錯誤" />
	<Message ID="AlarmMsg::BackgndExe::ID=157" Content="五軸刀具方向與旋轉軸方向不相容" />
	<Message ID="AlarmMsg::BackgndExe::ID=201" Content="程式不存在" />
	<Message ID="AlarmMsg::BackgndExe::ID=202" Content="傳檔通訊線路錯誤" />
	<Message ID="AlarmMsg::BackgndExe::ID=203" Content="加工程序格式不符" />
	<Message ID="AlarmMsg::BackgndExe::ID=204" Content="檔案太大" />
	<Message ID="AlarmMsg::BackgndExe::ID=205" Content="檔案是空的" />
	<Message ID="AlarmMsg::BackgndExe::ID=206" Content="工作頁無法取得寫入權利" />
	<Message ID="AlarmMsg::BackgndExe::ID=207" Content="指定序號不存在" />
	<Message ID="AlarmMsg::BackgndExe::ID=208" Content="順序檔不可使用跳躍指令" />
	<Message ID="AlarmMsg::BackgndExe::ID=303" Content="基礎主軸不可在位置控制模式(C63)下使用G114.1/G51.2功能" />
	<Message ID="AlarmMsg::BackgndExe::ID=304" Content="G33/G34幾何軸之軸名稱錯誤" />
	<Message ID="AlarmMsg::BackgndExe::ID=471" Content="加工程式1" />
	<Message ID="AlarmMsg::BackgndExe::ID=472" Content="加工程式2" />
	<Message ID="AlarmMsg::BackgndExe::ID=473" Content="加工程式3" />
	<Message ID="AlarmMsg::BackgndExe::ID=474" Content="加工程式4" />
	<Message ID="AlarmMsg::BackgndExe::ID=475" Content="加工程式5" />
	<Message ID="AlarmMsg::BackgndExe::ID=476" Content="加工程式6" />
	<Message ID="AlarmMsg::BackgndExe::ID=491" Content="模擬程式" />
	<Message ID="AlarmMsg::BackgndExe::ID=501" Content="記憶體不足，程式執行失敗" />
	<Message ID="AlarmMsg::BackgndExe::ID=502" Content="不合法的程式指令" />
	<Message ID="AlarmMsg::BackgndExe::ID=503" Content="不合法的G碼引數" />
	<Message ID="AlarmMsg::BackgndExe::ID=504" Content="BGND元件不支援S碼指令" />
	<Message ID="AlarmMsg::BackgndExe::ID=505" Content="BGND元件不支援F碼指令" />
	<Message ID="AlarmMsg::BackgndExe::ID=506" Content="BGND元件不支援H碼指令" />
	<Message ID="AlarmMsg::BackgndExe::ID=507" Content="BGND元件不支援D碼指令" />
	<Message ID="AlarmMsg::BackgndExe::ID=508" Content="BGND元件不支援T碼指令" />
	<Message ID="AlarmMsg::BackgndExe::ID=509" Content="BGND元件不支援M碼指令" />
	<Message ID="AlarmMsg::BackgndExe::ID=510" Content="BGND元件數量超過20個" />
	<Message ID="AlarmMsg::Motion::ID=1" Content="A,B編碼器回饋訊號錯誤" />
	<Message ID="AlarmMsg::Motion::ID=2" Content="錯誤計數器溢位" />
	<Message ID="AlarmMsg::Motion::ID=3" Content="編碼器模組錯誤" />
	<Message ID="AlarmMsg::Motion::ID=4" Content="無索引中斷信號" />
	<Message ID="AlarmMsg::Motion::ID=5" Content="DDA指令超過額定值" />
	<Message ID="AlarmMsg::Motion::ID=6" Content="驅動器電源狀態錯誤" />
	<Message ID="AlarmMsg::Motion::ID=7" Content="驅動器斷電" />
	<Message ID="AlarmMsg::Motion::ID=8" Content="遺失位置命令" />
	<Message ID="AlarmMsg::Motion::ID=9" Content="驅動器警報" />
	<Message ID="AlarmMsg::Motion::ID=10" Content="軸向位置命令通訊異常" />
	<Message ID="AlarmMsg::Motion::ID=11" Content="驅動器通訊異常" />
	<Message ID="AlarmMsg::Motion::ID=12" Content="驅動器尋原點失敗" />
	<Message ID="AlarmMsg::Motion::ID=13" Content="軸向調機失敗，請重啟控制器" />
	<Message ID="AlarmMsg::Motion::ID=14" Content="開啟過多串列軸向" />
	<Message ID="AlarmMsg::Motion::ID=16" Content="絕對式資料異常，請檢查編碼器電源並重啟驅動器" />
	<Message ID="AlarmMsg::Motion::ID=17" Content="超過正向第一軟體行程極限" />
	<Message ID="AlarmMsg::Motion::ID=18" Content="超過負向第一軟體行程極限" />
	<Message ID="AlarmMsg::Motion::ID=19" Content="追隨誤差超過" />
	<Message ID="AlarmMsg::Motion::ID=20" Content="移動中禁切回控制模式" />
	<Message ID="AlarmMsg::Motion::ID=21" Content="必須重新尋原點" />
	<Message ID="AlarmMsg::Motion::ID=22" Content="原點位置不準確" />
	<Message ID="AlarmMsg::Motion::ID=23" Content="嚴重追隨誤差超過" />
	<Message ID="AlarmMsg::Motion::ID=24" Content="嚴重雙迴路位置誤差超過" />
	<Message ID="AlarmMsg::Motion::ID=25" Content="超過正向硬體行程極限" />
	<Message ID="AlarmMsg::Motion::ID=26" Content="超過負向硬體行程極限" />
	<Message ID="AlarmMsg::Motion::ID=27" Content="PLC軸程式錯誤" />
	<Message ID="AlarmMsg::Motion::ID=28" Content="系統記憶體太低" />
	<Message ID="AlarmMsg::Motion::ID=29" Content="找不到原點索引訊號" />
	<Message ID="AlarmMsg::Motion::ID=30" Content="尋原點零速檢查失敗" />
	<Message ID="AlarmMsg::Motion::ID=31" Content="靜態雙迴路位置誤差超過" />
	<Message ID="AlarmMsg::Motion::ID=32" Content="Z軸追隨主軸誤差超過" />
	<Message ID="AlarmMsg::Motion::ID=33" Content="絕對位置讀取失敗" />
	<Message ID="AlarmMsg::Motion::ID=34" Content="未完成絕對式原點設定" />
	<Message ID="AlarmMsg::Motion::ID=35" Content="絕對式電池異常,請更換電池並重設原點" />
	<Message ID="AlarmMsg::Motion::ID=36" Content="離不開原點開關" />
	<Message ID="AlarmMsg::Motion::ID=37" Content="超過正向第二軟體行程極限" />
	<Message ID="AlarmMsg::Motion::ID=38" Content="超過負向第二軟體行程極限" />
	<Message ID="AlarmMsg::Motion::ID=39" Content="攻牙嚴重過行程" />
	<Message ID="AlarmMsg::Motion::ID=40" Content="雙迴授自我檢測誤差超過" />
	<Message ID="AlarmMsg::Motion::ID=41" Content="超過正向第三軟體行程極限" />
	<Message ID="AlarmMsg::Motion::ID=42" Content="超過負向第三軟體行程極限" />
	<Message ID="AlarmMsg::Motion::ID=43" Content="進入第一軟體行程極限保護範圍" />
	<Message ID="AlarmMsg::Motion::ID=44" Content="進入第二軟體行程極限保護範圍" />
	<Message ID="AlarmMsg::Motion::ID=45" Content="進入第三軟體行程極限保護範圍" />
	<Message ID="AlarmMsg::Motion::ID=46" Content="原點開關訊號異常" />
	<Message ID="AlarmMsg::Motion::ID=50" Content="速度模式下禁切扭力模式" />
	<Message ID="AlarmMsg::Motion::ID=51" Content="移動中禁止啟動加工" />
	<Message ID="AlarmMsg::Motion::ID=52" Content="驅動器後級電未投入" />
	<Message ID="AlarmMsg::Motion::ID=53" Content="增量式編碼器無法啟用絕對式功能" />
	<Message ID="AlarmMsg::Motion::ID=54" Content="編碼器型態(Pr201~Pr220)變更" />
	<Message ID="AlarmMsg::Motion::ID=55" Content="絕對式不支援旋轉軸型態C與雙迴授" />
	<Message ID="AlarmMsg::Motion::ID=57" Content="驅動器無法進入伺服ON" />
	<Message ID="AlarmMsg::Spindle::ID=17" Content="主軸定位位置檢查錯誤" />
	<Message ID="AlarmMsg::Spindle::ID=18" Content="找不到主軸定位索引信號" />
	<Message ID="AlarmMsg::Spindle::ID=20" Content="主軸無法參考到正確的INDEX" />
	<Message ID="AlarmMsg::Spindle::ID=21" Content="空檔下進行攻牙" />
	<Message ID="AlarmMsg::Spindle::ID=22" Content="PR1791~=4僅支援新代變頻器" />
	<Message ID="AlarmMsg::Spindle::ID=23" Content="主軸轉速未到達，請檢查參數設定" />
	<Message ID="AlarmMsg::Spindle::ID=24" Content="主軸零速檢查失敗" />
	<Message ID="AlarmMsg::Spindle::ID=25" Content="解析度(Pr1651~Pr1670)已從驅動器同步設定，此參數修改無效" />
	<Message ID="AlarmMsg::Spindle::ID=26" Content="主軸定位偏移(Pr1751~Pr1756)，新代主軸此參數請修正為0" />
	<Message ID="AlarmMsg::Compiler::ID=1" Content="在註解中遇到檔案結束的符號" />
	<Message ID="AlarmMsg::Compiler::ID=2" Content="沒有字串符號結尾的字串" />
	<Message ID="AlarmMsg::Compiler::ID=3" Content="句法錯誤" />
	<Message ID="AlarmMsg::Compiler::ID=4" Content="無效的變數" />
	<Message ID="AlarmMsg::Compiler::ID=5" Content="數學式太複雜" />
	<Message ID="AlarmMsg::Compiler::ID=6" Content="EXIT子句在重覆迴圈之外" />
	<Message ID="AlarmMsg::Compiler::ID=7" Content="重覆迴圈太深" />
	<Message ID="AlarmMsg::Compiler::ID=8" Content="子句中沒有結束的符號';'" />
	<Message ID="AlarmMsg::Compiler::ID=9" Content="錯誤的給值符號':='" />
	<Message ID="AlarmMsg::Compiler::ID=10" Content="沒有右邊的')' " />
	<Message ID="AlarmMsg::Compiler::ID=11" Content="沒有右邊的']' " />
	<Message ID="AlarmMsg::Compiler::ID=12" Content="FOR巨集子句找不到'TO' " />
	<Message ID="AlarmMsg::Compiler::ID=13" Content="FOR巨集子句找不到'DO' " />
	<Message ID="AlarmMsg::Compiler::ID=14" Content="FOR巨集子句找不到'END_FOR' " />
	<Message ID="AlarmMsg::Compiler::ID=15" Content="REPEAT巨集子句找不到'UNTIL' " />
	<Message ID="AlarmMsg::Compiler::ID=16" Content="REPEAT巨集子句找不到'END_REPEAT' " />
	<Message ID="AlarmMsg::Compiler::ID=17" Content="WHILE巨集子句找不到'DO' " />
	<Message ID="AlarmMsg::Compiler::ID=18" Content="WHILE巨集子句找不到'END_WHILE' " />
	<Message ID="AlarmMsg::Compiler::ID=19" Content="IF巨集子句找不到'THEN' " />
	<Message ID="AlarmMsg::Compiler::ID=20" Content="IF巨集子句找不到'ELSE'或'END_IF' " />
	<Message ID="AlarmMsg::Compiler::ID=21" Content="IF巨集子句找不到'END_IF' " />
	<Message ID="AlarmMsg::Compiler::ID=22" Content="CASE巨集子句找不到'OF' " />
	<Message ID="AlarmMsg::Compiler::ID=23" Content="CASE巨集子句找不到'ELSE'或'END_CASE' " />
	<Message ID="AlarmMsg::Compiler::ID=24" Content="CASE巨集子句找不到'END_CASE' " />
	<Message ID="AlarmMsg::Compiler::ID=25" Content="CASE巨集子句找不到':'或',' " />
	<Message ID="AlarmMsg::Compiler::ID=27" Content="無效的字元 " />
	<Message ID="AlarmMsg::Operation::ID=1" Content="軸板設定錯誤" />
	<Message ID="AlarmMsg::Operation::ID=2" Content="系統參數檔存取失敗" />
	<Message ID="AlarmMsg::Operation::ID=3" Content="加工資料檔存取失敗" />
	<Message ID="AlarmMsg::Operation::ID=4" Content="加工資料遺失，請重校加工資料" />
	<Message ID="AlarmMsg::Operation::ID=5" Content="I/O傳輸錯誤" />
	<Message ID="AlarmMsg::Operation::ID=6" Content="永久記憶體錯誤，請重校加工資料" />
	<Message ID="AlarmMsg::Operation::ID=7" Content="記憶體空間不足，小於1M" />
	<Message ID="AlarmMsg::Operation::ID=8" Content="記憶體空間嚴重不足，小於100K" />
	<Message ID="AlarmMsg::Operation::ID=9" Content="差值逾時次數超過100" />
	<Message ID="AlarmMsg::Operation::ID=10" Content="軸群編號參數設定錯誤" />
	<Message ID="AlarmMsg::Operation::ID=11" Content="暫停點偏移量錯誤" />
	<Message ID="AlarmMsg::Operation::ID=13" Content="該軟體版本與機型無法驅動此控制器硬體" />
	<Message ID="AlarmMsg::Operation::ID=15" Content="輸出接點過載，請確認配線是否異常" />
	<Message ID="AlarmMsg::Operation::ID=16" Content="直線度補償功能參數設定錯誤" />
	<Message ID="AlarmMsg::Operation::ID=17" Content="手輪對應的端口號碼或I點參數設定錯誤" />
	<Message ID="AlarmMsg::Operation::ID=18" Content="軸向或主軸端口參數設定錯誤" />
	<Message ID="AlarmMsg::Operation::ID=19" Content="加工中/未就緒下不可切換公英制" />
	<Message ID="AlarmMsg::Operation::ID=20" Content="M碼相關參數設定衝突" />
	<Message ID="AlarmMsg::Operation::ID=21" Content="使用備份加工資料檔，請檢查加工資料" />
	<Message ID="AlarmMsg::Operation::ID=22" Content="加工資料檔重建，請重校加工資料" />
	<Message ID="AlarmMsg::Operation::ID=23" Content="加工中斷電，請重校加工資料" />
	<Message ID="AlarmMsg::Operation::ID=24" Content="加工資料檔寫入失敗，請重校加工資料" />
	<Message ID="AlarmMsg::Operation::ID=25" Content="加工資料檔多次寫入失敗，請重校加工資料" />
	<Message ID="AlarmMsg::Operation::ID=26" Content="加工資料檔嚴重寫入失敗，請重校加工資料" />
	<Message ID="AlarmMsg::Operation::ID=27" Content="未選擇欲執行的CNC主系統軸群" />
	<Message ID="AlarmMsg::Operation::ID=28" Content="加工中不可切換CNC主系統軸群" />
	<Message ID="AlarmMsg::Operation::ID=41" Content="加工檔不存在於指定路徑" />
	<Message ID="AlarmMsg::Operation::ID=42" Content="加工程式資料錯誤，請檢查加工檔案" />
	<Message ID="AlarmMsg::Operation::ID=43" Content="電子凸輪組數超過8組" />
	<Message ID="AlarmMsg::Operation::ID=44" Content="凸輪曲線數量超過32條" />
	<Message ID="AlarmMsg::Operation::ID=45" Content="凸輪曲線速度規畫失敗" />
	<Message ID="AlarmMsg::Operation::ID=46" Content="電子凸輪-找不到從動軸名稱" />
	<Message ID="AlarmMsg::Operation::ID=47" Content="使用非自定義R值或R值數量超過" />
	<Message ID="AlarmMsg::Operation::ID=50" Content="SRI狀態異常" />
	<Message ID="AlarmMsg::Operation::ID=51" Content="M3-IO通訊異常" />
	<Message ID="AlarmMsg::Operation::ID=52" Content="M3-IO裝置狀態異常" />
	<Message ID="AlarmMsg::Operation::ID=53" Content="串列通訊初始化失敗" />
	<Message ID="AlarmMsg::Operation::ID=54" Content="多合一裝置初始化失敗" />
	<Message ID="AlarmMsg::Operation::ID=55" Content="M3信息通信異常" />
	<Message ID="AlarmMsg::Operation::ID=56" Content="有軸向尚未使能(Servo on)，系統無法執行操作" />
	<Message ID="AlarmMsg::Macro::ID=300" Content="自動分中起始點錯誤" />
	<Message ID="AlarmMsg::Macro::ID=301" Content="自動分中長度或安全距離輸入錯誤" />
	<Message ID="AlarmMsg::Macro::ID=302" Content="自動分中寬度或安全距離輸入錯誤" />
	<Message ID="AlarmMsg::Macro::ID=303" Content="自動分中安全高度輸入錯誤" />
	<Message ID="AlarmMsg::Macro::ID=304" Content="自動分中速度輸入錯誤" />
	<Message ID="AlarmMsg::Macro::ID=305" Content="自動分中安全距離輸入錯誤" />
	<Message ID="AlarmMsg::Macro::ID=306" Content="自動分中長度或寬度輸入錯誤" />
	<Message ID="AlarmMsg::Macro::ID=307" Content="自動分中時發生錯誤" />
	<Message ID="AlarmMsg::Macro::ID=320" Content="主軸至對刀儀距離輸入錯誤" />
	<Message ID="AlarmMsg::Macro::ID=321" Content="預估刀長輸入錯誤" />
	<Message ID="AlarmMsg::Macro::ID=322" Content="主軸至對刀儀距離或預估刀長輸入錯誤" />
	<Message ID="AlarmMsg::Macro::ID=323" Content="第一/二次探測的誤差超過容許範圍" />
	<Message ID="AlarmMsg::Macro::ID=324" Content="刀具量測時發生錯誤" />
	<Message ID="AlarmMsg::Macro::ID=330" Content="Z軸最低點錯誤警報" />
	<Message ID="AlarmMsg::Macro::ID=331" Content="刀具量測時發生錯誤警報" />
	<Message ID="AlarmMsg::Macro::ID=332" Content="第二/三次探測誤差超過設定範圍" />
	<Message ID="AlarmMsg::Macro::ID=333" Content="Z方向起始點錯誤警報" />
	<Message ID="AlarmMsg::Macro::ID=334" Content="G37.3未設定補償刀號" />
	<Message ID="AlarmMsg::Macro::ID=335" Content="量測位置設定錯誤，刀長量測訊號已被觸發" />
	<Message ID="AlarmMsg::Macro::ID=336" Content="量測位置設定錯誤，刀長量測訊號未被觸發" />
	<Message ID="AlarmMsg::Macro::ID=401" Content="輸入錯誤的工件座標系設定" />
	<Message ID="AlarmMsg::Macro::ID=402" Content="輸入錯誤的刀具設定" />
	<Message ID="AlarmMsg::Macro::ID=403" Content="輸入錯誤的對刀模式" />
	<Message ID="AlarmMsg::Macro::ID=404" Content="使用錯誤參考點設定" />
	<Message ID="AlarmMsg::Macro::ID=411" Content="指令格式錯誤" />
	<Message ID="AlarmMsg::Macro::ID=412" Content="引數設定超過範圍" />
	<Message ID="AlarmMsg::Macro::ID=451" Content="主軸刀號與斷刀點刀號不同" />
	<Message ID="AlarmMsg::Macro::ID=452" Content="刀具回退功能僅支援收回軸為X/Y/Z" />
	<Message ID="AlarmMsg::Macro::ID=453" Content="斷點回歸程式不支援G91模式" />
	<Message ID="AlarmMsg::Servo::ID=10h" Content="電源電壓不足(AL.10)" />
	<Message ID="AlarmMsg::Servo::ID=12h" Content="記憶體異常1(RAM)(AL.12)" />
	<Message ID="AlarmMsg::Servo::ID=13h" Content="列印基版異常(AL.13)" />
	<Message ID="AlarmMsg::Servo::ID=15h" Content="記憶體異常2(EEP-ROM)(AL.15)" />
	<Message ID="AlarmMsg::Servo::ID=16h" Content="編碼器通信異常1(AL.16)" />
	<Message ID="AlarmMsg::Servo::ID=17h" Content="CPU異常(AL.17)" />
	<Message ID="AlarmMsg::Servo::ID=19h" Content="記憶體異常3(Flash ROM)(AL.19)" />
	<Message ID="AlarmMsg::Servo::ID=1Ah" Content="馬達組合異常(AL.1A)" />
	<Message ID="AlarmMsg::Servo::ID=20h" Content="編碼器通信異常2(AL.20)" />
	<Message ID="AlarmMsg::Servo::ID=24h" Content="馬達輸出接地(AL.24)" />
	<Message ID="AlarmMsg::Servo::ID=25h" Content="絕對位置資料異常(AL.25)" />
	<Message ID="AlarmMsg::Servo::ID=30h" Content="回生異常(AL.30)" />
	<Message ID="AlarmMsg::Servo::ID=31h" Content="迴轉速度超過瞬間容許值(AL.31)" />
	<Message ID="AlarmMsg::Servo::ID=32h" Content="電流超過容許值(AL.32)" />
	<Message ID="AlarmMsg::Servo::ID=33h" Content="電壓超過容許值(AL.33)" />
	<Message ID="AlarmMsg::Servo::ID=35h" Content="指令脈衝周波數過高(AL.35)" />
	<Message ID="AlarmMsg::Servo::ID=37h" Content="參數設定異常(AL.37)" />
	<Message ID="AlarmMsg::Servo::ID=45h" Content="主迴路元件過熱(AL.45)" />
	<Message ID="AlarmMsg::Servo::ID=46h" Content="馬達過熱(AL.46)" />
	<Message ID="AlarmMsg::Servo::ID=47h" Content="冷卻風扇異常(AL.47)" />
	<Message ID="AlarmMsg::Servo::ID=50h" Content="過負載1(AL.50)" />
	<Message ID="AlarmMsg::Servo::ID=51h" Content="過負載2(AL.51)" />
	<Message ID="AlarmMsg::Servo::ID=52h" Content="誤差過大(AL.52)" />
	<Message ID="AlarmMsg::Servo::ID=8Ah" Content="串列通信逾時(AL.8A)" />
	<Message ID="AlarmMsg::Servo::ID=8Eh" Content="串列通信異常(AL.8E)" />
	<Message ID="AlarmMsg::Servo::ID=92h" Content="絕對位置編碼器電池斷線(AL.92)" />
	<Message ID="AlarmMsg::Servo::ID=96h" Content="原點設定錯誤(AL.96)" />
	<Message ID="AlarmMsg::Servo::ID=99h" Content="衝程極限警告(AL.99)" />
	<Message ID="AlarmMsg::Servo::ID=9Fh" Content="絕對位置編碼器電池電壓過低(AL.9F)" />
	<Message ID="AlarmMsg::Servo::ID=E0h" Content="過回生警告(AL.E0)" />
	<Message ID="AlarmMsg::Servo::ID=E1h" Content="過負載警告(AL.E1)" />
	<Message ID="AlarmMsg::Servo::ID=E3h" Content="絕對位置計數器警告(AL.E3)" />
	<Message ID="AlarmMsg::Servo::ID=E5h" Content="ABS逾時警告(AL.E5)" />
	<Message ID="AlarmMsg::Servo::ID=E6h" Content="緊急停止(AL.E6)" />
	<Message ID="AlarmMsg::Servo::ID=E8h" Content="冷卻風扇速度異常警告(AL.E8)" />
	<Message ID="AlarmMsg::Servo::ID=E9h" Content="主迴路OFF警告(AL.E9)" />
	<Message ID="AlarmMsg::Servo::ID=EAh" Content="ABS SV ON警告(AL.EA)" />
	<Message ID="AlarmMsg::Servo::ID=ECh" Content="過負載警告2(AL.EC)" />
	<Message ID="AlarmMsg::Servo::ID=EDh" Content="輸出過大警告(AL.ED)" />
	<Message ID="AlarmMsg::MLC::ID=1" Content="X軸超過正向硬體行程極限" />
	<Message ID="AlarmMsg::MLC::ID=2" Content="X軸超過負向硬體行程極限" />
	<Message ID="AlarmMsg::MLC::ID=3" Content="X軸尚未原點復歸" />
	<Message ID="AlarmMsg::MLC::ID=4" Content="X軸伺服驅動器警報" />
	<Message ID="AlarmMsg::MLC::ID=9" Content="Y軸超過正向硬體行程極限" />
	<Message ID="AlarmMsg::MLC::ID=10" Content="Y軸超過負向硬體行程極限" />
	<Message ID="AlarmMsg::MLC::ID=11" Content="Y軸尚未原點復歸" />
	<Message ID="AlarmMsg::MLC::ID=12" Content="Y軸伺服驅動器警報" />
	<Message ID="AlarmMsg::MLC::ID=17" Content="Z軸超過正向硬體行程極限" />
	<Message ID="AlarmMsg::MLC::ID=18" Content="Z軸超過負向硬體行程極限" />
	<Message ID="AlarmMsg::MLC::ID=19" Content="Z軸尚未原點復歸" />
	<Message ID="AlarmMsg::MLC::ID=20" Content="Z軸伺服驅動器警報" />
	<Message ID="AlarmMsg::MLC::ID=25" Content="A軸超過正向硬體行程極限" />
	<Message ID="AlarmMsg::MLC::ID=26" Content="A軸超過負向硬體行程極限" />
	<Message ID="AlarmMsg::MLC::ID=27" Content="A軸尚未原點復歸" />
	<Message ID="AlarmMsg::MLC::ID=28" Content="A軸伺服驅動器警報" />
	<Message ID="AlarmMsg::MLC::ID=33" Content="B軸超過正向硬體行程極限" />
	<Message ID="AlarmMsg::MLC::ID=34" Content="B軸超過負向硬體行程極限" />
	<Message ID="AlarmMsg::MLC::ID=35" Content="B軸尚未原點復歸" />
	<Message ID="AlarmMsg::MLC::ID=36" Content="B軸伺服驅動器警報" />
	<Message ID="AlarmMsg::MLC::ID=41" Content="C軸超過正向硬體行程極限" />
	<Message ID="AlarmMsg::MLC::ID=42" Content="C軸超過負向硬體行程極限" />
	<Message ID="AlarmMsg::MLC::ID=43" Content="C軸尚未原點復歸" />
	<Message ID="AlarmMsg::MLC::ID=44" Content="C軸伺服驅動器警報" />
	<Message ID="AlarmMsg::MLC::ID=49" Content="主軸伺服驅動器警報" />
	<Message ID="AlarmMsg::MLC::ID=50" Content="加工液馬達過載" />
	<Message ID="AlarmMsg::MLC::ID=51" Content="油壓系統警報" />
	<Message ID="AlarmMsg::MLC::ID=52" Content="風壓不足" />
	<Message ID="AlarmMsg::MLC::ID=53" Content="潤滑油不足" />
	<Message ID="AlarmMsg::MLC::ID=54" Content="加工液液位不足" />
	<Message ID="AlarmMsg::MLC::ID=55" Content="夾爪未關" />
	<Message ID="AlarmMsg::MLC::ID=56" Content="刀庫系統警報" />
	<Message ID="AlarmMsg::MLC::ID=57" Content="CPU溫度超過100度" />
	<Message ID="AlarmMsg::MLC::ID=299" Content="加工液馬達過載" />
	<Message ID="AlarmMsg::MLC::ID=300" Content="油壓系統警報" />
	<Message ID="AlarmMsg::MLC::ID=301" Content="風壓不足" />
	<Message ID="AlarmMsg::MLC::ID=302" Content="潤滑油不足" />
	<Message ID="AlarmMsg::MLC::ID=303" Content="加工液液位不足" />
	<Message ID="AlarmMsg::MLC::ID=304" Content="CPU溫度超過80度" />
	<Message ID="AlarmMsg::Station::ID=1h" Content="M3信息異常：功能命令錯誤" />
	<Message ID="AlarmMsg::Station::ID=2h" Content="M3信息異常：記憶體位置錯誤" />
	<Message ID="AlarmMsg::Station::ID=3h" Content="M3信息異常：資料長度錯誤" />
	<Message ID="AlarmMsg::Station::ID=4h" Content="M3信息異常：資料型別錯誤" />
	<Message ID="AlarmMsg::Station::ID=5h" Content="M3信息異常：存取權限錯誤" />
	<Message ID="AlarmMsg::Station::ID=6h" Content="M3信息異常：數據設置錯誤" />
	<Message ID="AlarmMsg::Station::ID=7h" Content="M3信息異常：資料範圍選擇錯誤" />
	<Message ID="AlarmMsg::Station::ID=8h" Content="M3信息異常：狀態環境錯誤" />
	<Message ID="AlarmMsg::Station::ID=9h" Content="M3信息異常：程序處理發生衝突" />
	<Message ID="AlarmMsg::Station::ID=41h" Content="FRAM讀寫失敗" />
	<Message ID="AlarmMsg::Station::ID=42h" Content="前級板FPGA無法使用" />
	<Message ID="AlarmMsg::Station::ID=43h" Content="燒錄失敗：驅動器無法在伺服使能狀態下進行燒錄" />
	<Message ID="AlarmMsg::Station::ID=44h" Content="DSP程式檢查錯誤" />
	<Message ID="AlarmMsg::Station::ID=45h" Content="DSP韌體版本檢查錯誤" />
	<Message ID="AlarmMsg::Station::ID=46h" Content="驅動器需重新上電" />
	<Message ID="AlarmMsg::Station::ID=51h" Content="燒錄失敗：封包計數不連續" />
	<Message ID="AlarmMsg::Station::ID=52h" Content="遺漏封包搜尋失敗" />
	<Message ID="AlarmMsg::Station::ID=61h" Content="遺漏封包紀錄失敗" />
	<Message ID="AlarmMsg::Station::ID=71h" Content="燒錄失敗：命令無效" />
	<Message ID="AlarmMsg::Station::ID=72h" Content="燒錄失敗：未執行燒錄初始化" />
	<Message ID="AlarmMsg::Station::ID=73h" Content="燒錄失敗：未通知檔案傳輸完畢" />
	<Message ID="AlarmMsg::Station::ID=81h" Content="燒錄失敗：元件損毀或不存在" />
	<Message ID="AlarmMsg::Station::ID=82h" Content="燒錄失敗：無法抹除記憶體空間" />
	<Message ID="AlarmMsg::Station::ID=83h" Content="燒錄失敗：資料大小與記憶體空間不匹配" />
	<Message ID="AlarmMsg::Station::ID=84h" Content="燒錄失敗：寫入地址錯誤" />
	<Message ID="AlarmMsg::Station::ID=85h" Content="燒錄失敗：記憶體寫入時發生錯誤" />
	<Message ID="AlarmMsg::Station::ID=86h" Content="燒錄失敗：資料封包錯誤" />
	<Message ID="AlarmMsg::Station::ID=87h" Content="燒錄失敗：檔案檢查錯誤" />
	<Message ID="AlarmMsg::Station::ID=100h" Content="M3信息通訊逾時" />
	<Message ID="AlarmMsg::Station::ID=101h" Content="燒錄失敗：所有伺服軸向需為伺服不使能狀態才可進行燒錄" />
	<Message ID="AlarmMsg::Station::ID=102h" Content="通訊失敗：驅動器處於燒錄模式中" />
	<Message ID="AlarmMsg::Station::ID=103h" Content="燒錄失敗：前一次燒錄過程中發生不正常中斷" />
	<Message ID="AlarmMsg::Station::ID=104h" Content="燒錄失敗：檢查燒錄環境時發生錯誤" />
	<Message ID="AlarmMsg::Station::ID=105h" Content="燒錄失敗：驅動器無法進入燒錄模式" />
	<Message ID="AlarmMsg::Station::ID=106h" Content="控制器無法識別驅動器的裝置資訊" />
	<Message ID="AlarmMsg::Drv_YASKAWA::ID=20h" Content="參數Checksum異常。"/>
	<Message ID="AlarmMsg::Drv_YASKAWA::ID=21h" Content="參數格式異常。"/>
	<Message ID="AlarmMsg::Drv_YASKAWA::ID=22h" Content="系統Checksum異常。"/>
	<Message ID="AlarmMsg::Drv_YASKAWA::ID=23h" Content="參數密碼異常。"/>
	<Message ID="AlarmMsg::Drv_YASKAWA::ID=24h" Content="系統警報"/>
	<Message ID="AlarmMsg::Drv_YASKAWA::ID=25h" Content="系統警報"/>
	<Message ID="AlarmMsg::Drv_YASKAWA::ID=30h" Content="主回路檢出部故障。"/>
	<Message ID="AlarmMsg::Drv_YASKAWA::ID=40h" Content="參數設定錯誤1。"/>
	<Message ID="AlarmMsg::Drv_YASKAWA::ID=41h" Content="分周脈波輸出設定故障。"/>
	<Message ID="AlarmMsg::Drv_YASKAWA::ID=42h" Content="參數組合故障。"/>
	<Message ID="AlarmMsg::Drv_YASKAWA::ID=44h" Content="半閉回路/全閉回路參數設定故障。"/>
	<Message ID="AlarmMsg::Drv_YASKAWA::ID=4Ah" Content="參數設定錯誤2。"/>
	<Message ID="AlarmMsg::Drv_YASKAWA::ID=50h" Content="容量選配錯誤。"/>
	<Message ID="AlarmMsg::Drv_YASKAWA::ID=51h" Content="產品不支援警報。"/>
	<Message ID="AlarmMsg::Drv_YASKAWA::ID=70h" Content="偵測到馬達類型改變"/>
	<Message ID="AlarmMsg::Drv_YASKAWA::ID=80h" Content="線性編碼器pitch設定錯誤"/>
	<Message ID="AlarmMsg::Drv_YASKAWA::ID=B0h" Content="伺服ON指令無效警報。"/>
	<Message ID="AlarmMsg::Drv_YASKAWA::ID=100h" Content="過電流或過熱檢出。"/>
	<Message ID="AlarmMsg::Drv_YASKAWA::ID=101h" Content="電機過電流檢出。"/>
	<Message ID="AlarmMsg::Drv_YASKAWA::ID=300h" Content="回生故障。"/>
	<Message ID="AlarmMsg::Drv_YASKAWA::ID=320h" Content="回生過載。"/>
	<Message ID="AlarmMsg::Drv_YASKAWA::ID=330h" Content="主回路電源接線故障。"/>
	<Message ID="AlarmMsg::Drv_YASKAWA::ID=400h" Content="電壓過大。"/>
	<Message ID="AlarmMsg::Drv_YASKAWA::ID=410h" Content="低電壓。"/>
	<Message ID="AlarmMsg::Drv_YASKAWA::ID=450h" Content="主電路電容過電壓。"/>
	<Message ID="AlarmMsg::Drv_YASKAWA::ID=510h" Content="速度過大。"/>
	<Message ID="AlarmMsg::Drv_YASKAWA::ID=511h" Content="編碼器脈波輸出過速度"/>
	<Message ID="AlarmMsg::Drv_YASKAWA::ID=520h" Content="振動警報。"/>
	<Message ID="AlarmMsg::Drv_YASKAWA::ID=521h" Content="Autotuning警報。"/>
	<Message ID="AlarmMsg::Drv_YASKAWA::ID=710h" Content="過載（瞬間最大負載）。"/>
	<Message ID="AlarmMsg::Drv_YASKAWA::ID=720h" Content="過載（連續最大負載）。"/>
	<Message ID="AlarmMsg::Drv_YASKAWA::ID=730h" Content="動態制動（DB）過載。"/>
	<Message ID="AlarmMsg::Drv_YASKAWA::ID=731h" Content="動態制動（DB） 過載。"/>
	<Message ID="AlarmMsg::Drv_YASKAWA::ID=740h" Content="衝擊電流限制電阻過載。"/>
	<Message ID="AlarmMsg::Drv_YASKAWA::ID=7A0h" Content="散熱片過熱。"/>
	<Message ID="AlarmMsg::Drv_YASKAWA::ID=7A1h" Content="內部溫度異常(控制板溫度異常)。"/>
	<Message ID="AlarmMsg::Drv_YASKAWA::ID=7A2h" Content="內部溫度異常(電源板溫度異常)。"/>
	<Message ID="AlarmMsg::Drv_YASKAWA::ID=7A3h" Content="內部溫度感應器異常。"/>
	<Message ID="AlarmMsg::Drv_YASKAWA::ID=7ABh" Content="伺服驅動器內部風扇停止。"/>
	<Message ID="AlarmMsg::Drv_YASKAWA::ID=810h" Content="絕對式資料遺失，請參考絕對式電池保養須知，更換電池，並重開系統。"/>
	<Message ID="AlarmMsg::Drv_YASKAWA::ID=820h" Content="編碼器Checksum警報。"/>
	<Message ID="AlarmMsg::Drv_YASKAWA::ID=830h" Content="編碼器電池警報。"/>
	<Message ID="AlarmMsg::Drv_YASKAWA::ID=840h" Content="編碼器資料錯誤。"/>
	<Message ID="AlarmMsg::Drv_YASKAWA::ID=850h" Content="編碼器過速。"/>
	<Message ID="AlarmMsg::Drv_YASKAWA::ID=860h" Content="編碼器過熱。"/>
	<Message ID="AlarmMsg::Drv_YASKAWA::ID=861h" Content="馬達過熱。"/>
	<Message ID="AlarmMsg::Drv_YASKAWA::ID=890h" Content="編碼器Scale錯誤。"/>
	<Message ID="AlarmMsg::Drv_YASKAWA::ID=891h" Content="編碼器模組錯誤。"/>
	<Message ID="AlarmMsg::Drv_YASKAWA::ID=8A0h" Content="外部編碼器Scale錯誤。"/>
	<Message ID="AlarmMsg::Drv_YASKAWA::ID=8A1h" Content="外部編碼器模組故障。"/>
	<Message ID="AlarmMsg::Drv_YASKAWA::ID=8A2h" Content="外部編碼器感測器故障（增量型）。"/>
	<Message ID="AlarmMsg::Drv_YASKAWA::ID=8A3h" Content="外部編碼器位置錯誤（絕對值）。"/>
	<Message ID="AlarmMsg::Drv_YASKAWA::ID=8A5h" Content="編碼器過速度。"/>
	<Message ID="AlarmMsg::Drv_YASKAWA::ID=8A6h" Content="編碼器過熱錯誤。"/>
	<Message ID="AlarmMsg::Drv_YASKAWA::ID=900h" Content="位置偏差過大。"/>
	<Message ID="AlarmMsg::Drv_YASKAWA::ID=901h" Content="伺服ON 時位置偏差過大。"/>
	<Message ID="AlarmMsg::Drv_YASKAWA::ID=910h" Content="過載。"/>
	<Message ID="AlarmMsg::Drv_YASKAWA::ID=911h" Content="振動。"/>
	<Message ID="AlarmMsg::Drv_YASKAWA::ID=912h" Content="內部溫度異常警告1 （控制板溫度異常）"/>
	<Message ID="AlarmMsg::Drv_YASKAWA::ID=913h" Content="內部溫度異常警告2  （電源板溫度異常）"/>
	<Message ID="AlarmMsg::Drv_YASKAWA::ID=920h" Content="回生超載。"/>
	<Message ID="AlarmMsg::Drv_YASKAWA::ID=921h" Content="動態煞車(DB) 過載。"/>
	<Message ID="AlarmMsg::Drv_YASKAWA::ID=923h" Content="SERVOPACK內建風扇停止轉動。"/>
	<Message ID="AlarmMsg::Drv_YASKAWA::ID=930h" Content="絕對值編碼器的電池異常。"/>
	<Message ID="AlarmMsg::Drv_YASKAWA::ID=941h" Content="需要重新接通電源的參數變更。"/>
	<Message ID="AlarmMsg::Drv_YASKAWA::ID=942h" Content="速度波紋補償異常。"/>
	<Message ID="AlarmMsg::Drv_YASKAWA::ID=94Ah" Content="數據設置警告1（參數編號錯誤）。"/>
	<Message ID="AlarmMsg::Drv_YASKAWA::ID=94Bh" Content="數據設置警告2（數值超出範圍）。"/>
	<Message ID="AlarmMsg::Drv_YASKAWA::ID=94Ch" Content="數據設置警告3（計算錯誤）。"/>
	<Message ID="AlarmMsg::Drv_YASKAWA::ID=94Dh" Content="數據設置警告4（參數尺寸錯誤）。"/>
	<Message ID="AlarmMsg::Drv_YASKAWA::ID=94Eh" Content="數據設置警告5（鎖存模式錯誤）。"/>
	<Message ID="AlarmMsg::Drv_YASKAWA::ID=95Ah" Content="命令警告1（驅動器無法執行當前命令）。"/>
	<Message ID="AlarmMsg::Drv_YASKAWA::ID=95Bh" Content="命令警告2（不支持的命令）。"/>
	<Message ID="AlarmMsg::Drv_YASKAWA::ID=95Dh" Content="命令警告4（命令干擾）。"/>
	<Message ID="AlarmMsg::Drv_YASKAWA::ID=95Eh" Content="命令警告5（子命令禁用）。"/>
	<Message ID="AlarmMsg::Drv_YASKAWA::ID=95Fh" Content="命令警告6（未定義的命令）。"/>
	<Message ID="AlarmMsg::Drv_YASKAWA::ID=960h" Content="MECHATROLINK通訊警告。"/>
	<Message ID="AlarmMsg::Drv_YASKAWA::ID=971h" Content="低電壓警告。"/>
	<Message ID="AlarmMsg::Drv_YASKAWA::ID=9A0h" Content="過行程"/>
	<Message ID="AlarmMsg::Drv_YASKAWA::ID=9B0h" Content="預防性維護警告"/>
	<Message ID="AlarmMsg::Drv_YASKAWA::ID=B10h" Content="速度指令 A/D 錯誤。"/>
	<Message ID="AlarmMsg::Drv_YASKAWA::ID=B11h" Content="速度指令 A/D 轉換異常。"/>
	<Message ID="AlarmMsg::Drv_YASKAWA::ID=B20h" Content="轉矩指令讀取錯誤。"/>
	<Message ID="AlarmMsg::Drv_YASKAWA::ID=B31h" Content="電流檢出故障1。（U 相）"/>
	<Message ID="AlarmMsg::Drv_YASKAWA::ID=B32h" Content="電流檢出故障2。（V相）"/>
	<Message ID="AlarmMsg::Drv_YASKAWA::ID=B33h" Content="電流檢出錯誤3。（電流檢測）"/>
	<Message ID="AlarmMsg::Drv_YASKAWA::ID=B6Ah" Content="MECHATROLINK通信ASIC錯誤 1。"/>
	<Message ID="AlarmMsg::Drv_YASKAWA::ID=B6Bh" Content="MECHATROLINK通信ASIC錯誤 2。"/>
	<Message ID="AlarmMsg::Drv_YASKAWA::ID=BF0h" Content="系統警報0。"/>
	<Message ID="AlarmMsg::Drv_YASKAWA::ID=BF1h" Content="系統警報1。"/>
	<Message ID="AlarmMsg::Drv_YASKAWA::ID=BF2h" Content="系統警報2。"/>
	<Message ID="AlarmMsg::Drv_YASKAWA::ID=BF3h" Content="系統警報3。"/>
	<Message ID="AlarmMsg::Drv_YASKAWA::ID=BF4h" Content="系統警報4。"/>
	<Message ID="AlarmMsg::Drv_YASKAWA::ID=C10h" Content="伺服暴走。"/>
	<Message ID="AlarmMsg::Drv_YASKAWA::ID=C20h" Content="相位檢測錯誤。"/>
	<Message ID="AlarmMsg::Drv_YASKAWA::ID=C21h" Content="霍爾感測器錯誤。"/>
	<Message ID="AlarmMsg::Drv_YASKAWA::ID=C22h" Content="相位資料不匹配。"/>
	<Message ID="AlarmMsg::Drv_YASKAWA::ID=C50h" Content="極性檢測失敗1。"/>
	<Message ID="AlarmMsg::Drv_YASKAWA::ID=C51h" Content="在極性檢測時發生過行程。"/>
	<Message ID="AlarmMsg::Drv_YASKAWA::ID=C52h" Content="極性檢測未完成。"/>
	<Message ID="AlarmMsg::Drv_YASKAWA::ID=C53h" Content="極性檢測超出範圍。"/>
	<Message ID="AlarmMsg::Drv_YASKAWA::ID=C54h" Content="極性檢測失敗2。"/>
	<Message ID="AlarmMsg::Drv_YASKAWA::ID=C80h" Content="編碼器清除錯誤（多回轉圈數上限值設定錯誤）。"/>
	<Message ID="AlarmMsg::Drv_YASKAWA::ID=C90h" Content="編碼器通信錯誤。"/>
	<Message ID="AlarmMsg::Drv_YASKAWA::ID=C91h" Content="編碼器通信位置資料加速度異常。"/>
	<Message ID="AlarmMsg::Drv_YASKAWA::ID=C92h" Content="編碼器通信計時器錯誤。"/>
	<Message ID="AlarmMsg::Drv_YASKAWA::ID=CA0h" Content="編碼器參數錯誤。"/>
	<Message ID="AlarmMsg::Drv_YASKAWA::ID=CB0h" Content="編碼器回波錯誤。"/>
	<Message ID="AlarmMsg::Drv_YASKAWA::ID=CC0h" Content="多回轉圈數上限值不一致。"/>
	<Message ID="AlarmMsg::Drv_YASKAWA::ID=CF1h" Content="回授選購卡通信故障*1（接收失敗）。"/>
	<Message ID="AlarmMsg::Drv_YASKAWA::ID=CF2h" Content="回授選購卡通信故障*1（計時器停止）。"/>
	<Message ID="AlarmMsg::Drv_YASKAWA::ID=D00h" Content="位置偏差過大。"/>
	<Message ID="AlarmMsg::Drv_YASKAWA::ID=D01h" Content="伺服ON 時位置偏差過大警報。"/>
	<Message ID="AlarmMsg::Drv_YASKAWA::ID=D02h" Content="伺服ON 時速度限制引起的位置偏差過大警報。"/>
	<Message ID="AlarmMsg::Drv_YASKAWA::ID=D10h" Content="馬達-負載位置間偏差過大。"/>
	<Message ID="AlarmMsg::Drv_YASKAWA::ID=D30h" Content="位置資料溢位。"/>
	<Message ID="AlarmMsg::Drv_YASKAWA::ID=E02h" Content="MECHATROLINK- II 內同步錯誤 1。"/>
	<Message ID="AlarmMsg::Drv_YASKAWA::ID=E40h" Content="MECHATROLINK- II 傳輸週期設定錯誤。"/>
	<Message ID="AlarmMsg::Drv_YASKAWA::ID=E50h" Content="MECHATROLINK- II 同步錯誤 1。"/>
	<Message ID="AlarmMsg::Drv_YASKAWA::ID=E51h" Content="MECHATROLINK- II 同步失敗。"/>
	<Message ID="AlarmMsg::Drv_YASKAWA::ID=E60h" Content="MECHATROLINK- II 通訊錯誤（接收錯誤）。"/>
	<Message ID="AlarmMsg::Drv_YASKAWA::ID=E61h" Content="MECHATROLINK- II 傳輸週期錯誤（同步間隔誤差）。"/>
	<Message ID="AlarmMsg::Drv_YASKAWA::ID=E71h" Content="安全選項模組檢測故障。"/>
	<Message ID="AlarmMsg::Drv_YASKAWA::ID=E72h" Content="回饋選項模組檢測故障。"/>
	<Message ID="AlarmMsg::Drv_YASKAWA::ID=E74h" Content="不支援的安全選項的模組。"/>
	<Message ID="AlarmMsg::Drv_YASKAWA::ID=EA2h" Content="DRV報警 2（SERVOPACK WDT錯誤）。"/>
	<Message ID="AlarmMsg::Drv_YASKAWA::ID=EB1h" Content="SERVOPACK: 安全模組報警。"/>
	<Message ID="AlarmMsg::Drv_YASKAWA::ID=EC8h" Content="Gate Drive錯誤 1。"/>
	<Message ID="AlarmMsg::Drv_YASKAWA::ID=EC9h" Content="Gate Drive錯誤 2。"/>
	<Message ID="AlarmMsg::Drv_YASKAWA::ID=ED1h" Content="命令執行超時。"/>
	<Message ID="AlarmMsg::Drv_YASKAWA::ID=F10h" Content="電源線欠相。"/>
	<Message ID="AlarmMsg::Drv_YASKAWA::ID=F50h" Content="馬達動力線斷線或毀損。"/>
	<Message ID="AlarmMsg::Drv_M3_YASKAWA::ID=20h" Content="參數Checksum異常。"/>
	<Message ID="AlarmMsg::Drv_M3_YASKAWA::ID=21h" Content="參數格式異常。"/>
	<Message ID="AlarmMsg::Drv_M3_YASKAWA::ID=22h" Content="系統Checksum異常。"/>
	<Message ID="AlarmMsg::Drv_M3_YASKAWA::ID=24h" Content="系統警報"/>
	<Message ID="AlarmMsg::Drv_M3_YASKAWA::ID=25h" Content="系統警報"/>
	<Message ID="AlarmMsg::Drv_M3_YASKAWA::ID=30h" Content="主回路檢出部故障。"/>
	<Message ID="AlarmMsg::Drv_M3_YASKAWA::ID=40h" Content="參數設定錯誤1。"/>
	<Message ID="AlarmMsg::Drv_M3_YASKAWA::ID=41h" Content="分周脈波輸出設定故障。"/>
	<Message ID="AlarmMsg::Drv_M3_YASKAWA::ID=42h" Content="參數組合故障。"/>
	<Message ID="AlarmMsg::Drv_M3_YASKAWA::ID=44h" Content="半閉回路/全閉回路參數設定故障。"/>
	<Message ID="AlarmMsg::Drv_M3_YASKAWA::ID=4Ah" Content="參數設定錯誤2。"/>
	<Message ID="AlarmMsg::Drv_M3_YASKAWA::ID=50h" Content="容量選配錯誤。"/>
	<Message ID="AlarmMsg::Drv_M3_YASKAWA::ID=51h" Content="產品不支援警報。"/>
	<Message ID="AlarmMsg::Drv_M3_YASKAWA::ID=70h" Content="偵測到馬達類型改變"/>
	<Message ID="AlarmMsg::Drv_M3_YASKAWA::ID=80h" Content="線性編碼器pitch設定錯誤"/>
	<Message ID="AlarmMsg::Drv_M3_YASKAWA::ID=B0h" Content="伺服ON指令無效警報。"/>
	<Message ID="AlarmMsg::Drv_M3_YASKAWA::ID=100h" Content="過電流或過熱檢出。"/>
	<Message ID="AlarmMsg::Drv_M3_YASKAWA::ID=101h" Content="電機過電流檢出。"/>
	<Message ID="AlarmMsg::Drv_M3_YASKAWA::ID=300h" Content="回生故障。"/>
	<Message ID="AlarmMsg::Drv_M3_YASKAWA::ID=320h" Content="回生過載。"/>
	<Message ID="AlarmMsg::Drv_M3_YASKAWA::ID=330h" Content="主回路電源接線故障。"/>
	<Message ID="AlarmMsg::Drv_M3_YASKAWA::ID=400h" Content="電壓過大。"/>
	<Message ID="AlarmMsg::Drv_M3_YASKAWA::ID=410h" Content="低電壓。"/>
	<Message ID="AlarmMsg::Drv_M3_YASKAWA::ID=450h" Content="主電路電容過電壓。"/>
	<Message ID="AlarmMsg::Drv_M3_YASKAWA::ID=510h" Content="速度過大。"/>
	<Message ID="AlarmMsg::Drv_M3_YASKAWA::ID=511h" Content="編碼器脈波輸出過速度"/>
	<Message ID="AlarmMsg::Drv_M3_YASKAWA::ID=520h" Content="振動警報。"/>
	<Message ID="AlarmMsg::Drv_M3_YASKAWA::ID=521h" Content="Autotuning警報。"/>
	<Message ID="AlarmMsg::Drv_M3_YASKAWA::ID=550h" Content="最大速度設定錯誤"/>
	<Message ID="AlarmMsg::Drv_M3_YASKAWA::ID=710h" Content="過載（瞬間最大負載）。"/>
	<Message ID="AlarmMsg::Drv_M3_YASKAWA::ID=720h" Content="過載（連續最大負載）。"/>
	<Message ID="AlarmMsg::Drv_M3_YASKAWA::ID=730h" Content="動態制動（DB）過載。"/>
	<Message ID="AlarmMsg::Drv_M3_YASKAWA::ID=731h" Content="動態制動（DB） 過載。"/>
	<Message ID="AlarmMsg::Drv_M3_YASKAWA::ID=740h" Content="衝擊電流限制電阻過載。"/>
	<Message ID="AlarmMsg::Drv_M3_YASKAWA::ID=7A0h" Content="散熱片過熱。"/>
	<Message ID="AlarmMsg::Drv_M3_YASKAWA::ID=7A1h" Content="內部溫度異常(控制板溫度異常)。"/>
	<Message ID="AlarmMsg::Drv_M3_YASKAWA::ID=7A2h" Content="內部溫度異常(電源板溫度異常)。"/>
	<Message ID="AlarmMsg::Drv_M3_YASKAWA::ID=7A3h" Content="內部溫度感應器異常。"/>
	<Message ID="AlarmMsg::Drv_M3_YASKAWA::ID=7ABh" Content="伺服驅動器內部風扇停止。"/>
	<Message ID="AlarmMsg::Drv_M3_YASKAWA::ID=810h" Content="絕對式資料遺失，請參考絕對式電池保養須知，更換電池，並重開系統。"/>
	<Message ID="AlarmMsg::Drv_M3_YASKAWA::ID=820h" Content="編碼器Checksum警報。"/>
	<Message ID="AlarmMsg::Drv_M3_YASKAWA::ID=830h" Content="編碼器電池警報。"/>
	<Message ID="AlarmMsg::Drv_M3_YASKAWA::ID=840h" Content="編碼器資料錯誤。"/>
	<Message ID="AlarmMsg::Drv_M3_YASKAWA::ID=850h" Content="編碼器過速。"/>
	<Message ID="AlarmMsg::Drv_M3_YASKAWA::ID=860h" Content="編碼器過熱。"/>
	<Message ID="AlarmMsg::Drv_M3_YASKAWA::ID=861h" Content="馬達過熱。"/>
	<Message ID="AlarmMsg::Drv_M3_YASKAWA::ID=890h" Content="編碼器Scale錯誤。"/>
	<Message ID="AlarmMsg::Drv_M3_YASKAWA::ID=891h" Content="編碼器模組錯誤。"/>
	<Message ID="AlarmMsg::Drv_M3_YASKAWA::ID=8A0h" Content="外部編碼器Scale錯誤。"/>
	<Message ID="AlarmMsg::Drv_M3_YASKAWA::ID=8A1h" Content="外部編碼器模組故障。"/>
	<Message ID="AlarmMsg::Drv_M3_YASKAWA::ID=8A2h" Content="外部編碼器感測器故障（增量型）。"/>
	<Message ID="AlarmMsg::Drv_M3_YASKAWA::ID=8A3h" Content="外部編碼器位置錯誤（絕對值）。"/>
	<Message ID="AlarmMsg::Drv_M3_YASKAWA::ID=8A5h" Content="編碼器過速度。"/>
	<Message ID="AlarmMsg::Drv_M3_YASKAWA::ID=8A6h" Content="編碼器過熱錯誤。"/>
	<Message ID="AlarmMsg::Drv_M3_YASKAWA::ID=900h" Content="位置偏差過大。"/>
	<Message ID="AlarmMsg::Drv_M3_YASKAWA::ID=901h" Content="伺服ON 時位置偏差過大。"/>
	<Message ID="AlarmMsg::Drv_M3_YASKAWA::ID=910h" Content="過載。"/>
	<Message ID="AlarmMsg::Drv_M3_YASKAWA::ID=911h" Content="振動。"/>
	<Message ID="AlarmMsg::Drv_M3_YASKAWA::ID=912h" Content="內部溫度異常警告1 （控制板溫度異常）"/>
	<Message ID="AlarmMsg::Drv_M3_YASKAWA::ID=913h" Content="內部溫度異常警告2  （電源板溫度異常）"/>
	<Message ID="AlarmMsg::Drv_M3_YASKAWA::ID=920h" Content="回生超載。"/>
	<Message ID="AlarmMsg::Drv_M3_YASKAWA::ID=921h" Content="動態煞車(DB) 過載。"/>
	<Message ID="AlarmMsg::Drv_M3_YASKAWA::ID=923h" Content="SERVOPACK內建風扇停止轉動。"/>
	<Message ID="AlarmMsg::Drv_M3_YASKAWA::ID=930h" Content="絕對值編碼器的電池異常。"/>
	<Message ID="AlarmMsg::Drv_M3_YASKAWA::ID=942h" Content="速度波紋補償異常。"/>
	<Message ID="AlarmMsg::Drv_M3_YASKAWA::ID=94Ah" Content="數據設置警告1（參數編號錯誤）。"/>
	<Message ID="AlarmMsg::Drv_M3_YASKAWA::ID=94Bh" Content="數據設置警告2（數值超出範圍）。"/>
	<Message ID="AlarmMsg::Drv_M3_YASKAWA::ID=94Ch" Content="數據設置警告3（計算錯誤）。"/>
	<Message ID="AlarmMsg::Drv_M3_YASKAWA::ID=94Dh" Content="數據設置警告4（參數尺寸錯誤）。"/>
	<Message ID="AlarmMsg::Drv_M3_YASKAWA::ID=94Eh" Content="數據設置警告5（鎖存模式錯誤）。"/>
	<Message ID="AlarmMsg::Drv_M3_YASKAWA::ID=95Ah" Content="命令警告1（驅動器無法執行當前命令）。"/>
	<Message ID="AlarmMsg::Drv_M3_YASKAWA::ID=95Bh" Content="命令警告2（不支持的命令）。"/>
	<Message ID="AlarmMsg::Drv_M3_YASKAWA::ID=95Dh" Content="命令警告4（命令干擾）。"/>
	<Message ID="AlarmMsg::Drv_M3_YASKAWA::ID=95Eh" Content="命令警告5（子命令禁用）。"/>
	<Message ID="AlarmMsg::Drv_M3_YASKAWA::ID=95Fh" Content="命令警告6（未定義的命令）。"/>
	<Message ID="AlarmMsg::Drv_M3_YASKAWA::ID=960h" Content="MECHATROLINK通訊警告。"/>
	<Message ID="AlarmMsg::Drv_M3_YASKAWA::ID=962h" Content="MECHATROLINK 通訊錯誤（FCS錯誤)。"/>
	<Message ID="AlarmMsg::Drv_M3_YASKAWA::ID=963h" Content="MECHATROLINK 通訊錯誤（同步偵未收到）。"/>
	<Message ID="AlarmMsg::Drv_M3_YASKAWA::ID=971h" Content="低電壓警告。"/>
	<Message ID="AlarmMsg::Drv_M3_YASKAWA::ID=97Ah" Content="命令警報（Phase錯誤）。"/>
	<Message ID="AlarmMsg::Drv_M3_YASKAWA::ID=97Bh" Content="Data Clamp錯誤（超過範圍）。"/>
	<Message ID="AlarmMsg::Drv_M3_YASKAWA::ID=9A0h" Content="過行程"/>
	<Message ID="AlarmMsg::Drv_M3_YASKAWA::ID=9B0h" Content="預防性維護警告"/>
	<Message ID="AlarmMsg::Drv_M3_YASKAWA::ID=B31h" Content="電流檢出故障1。（U 相）"/>
	<Message ID="AlarmMsg::Drv_M3_YASKAWA::ID=B32h" Content="電流檢出故障2。（V相）"/>
	<Message ID="AlarmMsg::Drv_M3_YASKAWA::ID=B33h" Content="電流檢出錯誤3。（電流檢測）"/>
	<Message ID="AlarmMsg::Drv_M3_YASKAWA::ID=B6Ah" Content="MECHATROLINK通信ASIC錯誤 1。"/>
	<Message ID="AlarmMsg::Drv_M3_YASKAWA::ID=B6Bh" Content="MECHATROLINK通信ASIC錯誤 2。"/>
	<Message ID="AlarmMsg::Drv_M3_YASKAWA::ID=BF0h" Content="系統警報0。"/>
	<Message ID="AlarmMsg::Drv_M3_YASKAWA::ID=BF1h" Content="系統警報1。"/>
	<Message ID="AlarmMsg::Drv_M3_YASKAWA::ID=BF2h" Content="系統警報2。"/>
	<Message ID="AlarmMsg::Drv_M3_YASKAWA::ID=BF3h" Content="系統警報3。"/>
	<Message ID="AlarmMsg::Drv_M3_YASKAWA::ID=BF4h" Content="系統警報4。"/>
	<Message ID="AlarmMsg::Drv_M3_YASKAWA::ID=C10h" Content="伺服暴走。"/>
	<Message ID="AlarmMsg::Drv_M3_YASKAWA::ID=C20h" Content="相位檢測錯誤。"/>
	<Message ID="AlarmMsg::Drv_M3_YASKAWA::ID=C21h" Content="霍爾感測器錯誤。"/>
	<Message ID="AlarmMsg::Drv_M3_YASKAWA::ID=C22h" Content="相位資料不匹配。"/>
	<Message ID="AlarmMsg::Drv_M3_YASKAWA::ID=C50h" Content="極性檢測失敗1。"/>
	<Message ID="AlarmMsg::Drv_M3_YASKAWA::ID=C51h" Content="在極性檢測時發生過行程。"/>
	<Message ID="AlarmMsg::Drv_M3_YASKAWA::ID=C52h" Content="極性檢測未完成。"/>
	<Message ID="AlarmMsg::Drv_M3_YASKAWA::ID=C53h" Content="極性檢測超出範圍。"/>
	<Message ID="AlarmMsg::Drv_M3_YASKAWA::ID=C54h" Content="極性檢測失敗2。"/>
	<Message ID="AlarmMsg::Drv_M3_YASKAWA::ID=C80h" Content="編碼器清除錯誤（多回轉圈數上限值設定錯誤）。"/>
	<Message ID="AlarmMsg::Drv_M3_YASKAWA::ID=C90h" Content="編碼器通信錯誤。"/>
	<Message ID="AlarmMsg::Drv_M3_YASKAWA::ID=C91h" Content="編碼器通信位置資料加速度異常。"/>
	<Message ID="AlarmMsg::Drv_M3_YASKAWA::ID=C92h" Content="編碼器通信計時器錯誤。"/>
	<Message ID="AlarmMsg::Drv_M3_YASKAWA::ID=CA0h" Content="編碼器參數錯誤。"/>
	<Message ID="AlarmMsg::Drv_M3_YASKAWA::ID=CB0h" Content="編碼器回波錯誤。"/>
	<Message ID="AlarmMsg::Drv_M3_YASKAWA::ID=CC0h" Content="多回轉圈數上限值不一致。"/>
	<Message ID="AlarmMsg::Drv_M3_YASKAWA::ID=CF1h" Content="回授選購卡通信故障*1（接收失敗）。"/>
	<Message ID="AlarmMsg::Drv_M3_YASKAWA::ID=CF2h" Content="回授選購卡通信故障*1（計時器停止）。"/>
	<Message ID="AlarmMsg::Drv_M3_YASKAWA::ID=D00h" Content="位置偏差過大。"/>
	<Message ID="AlarmMsg::Drv_M3_YASKAWA::ID=D01h" Content="伺服ON 時位置偏差過大警報。"/>
	<Message ID="AlarmMsg::Drv_M3_YASKAWA::ID=D02h" Content="伺服ON 時速度限制引起的位置偏差過大警報。"/>
	<Message ID="AlarmMsg::Drv_M3_YASKAWA::ID=D10h" Content="馬達-負載位置間偏差過大。"/>
	<Message ID="AlarmMsg::Drv_M3_YASKAWA::ID=D30h" Content="位置資料溢位。"/>
	<Message ID="AlarmMsg::Drv_M3_YASKAWA::ID=E02h" Content="MECHATROLINK- III 內同步錯誤 1。"/>
	<Message ID="AlarmMsg::Drv_M3_YASKAWA::ID=E40h" Content="MECHATROLINK- III 傳輸週期設定錯誤。"/>
	<Message ID="AlarmMsg::Drv_M3_YASKAWA::ID=E41h" Content="MECHATROLINK- III 傳輸資料大小設定錯誤。"/>
	<Message ID="AlarmMsg::Drv_M3_YASKAWA::ID=E42h" Content="MECHATROLINK- III 站號設定錯誤。"/>
	<Message ID="AlarmMsg::Drv_M3_YASKAWA::ID=E50h" Content="MECHATROLINK- III 同步錯誤 1。"/>
	<Message ID="AlarmMsg::Drv_M3_YASKAWA::ID=E51h" Content="MECHATROLINK- III 同步失敗。"/>
	<Message ID="AlarmMsg::Drv_M3_YASKAWA::ID=E60h" Content="MECHATROLINK- III 通訊錯誤（接收錯誤）。"/>
	<Message ID="AlarmMsg::Drv_M3_YASKAWA::ID=E61h" Content="MECHATROLINK- III 傳輸週期錯誤（同步間隔誤差）。"/>
	<Message ID="AlarmMsg::Drv_M3_YASKAWA::ID=B62h" Content="MECHATROLINK 通訊錯誤（FCS錯誤)。"/>
	<Message ID="AlarmMsg::Drv_M3_YASKAWA::ID=E63h" Content="MECHATROLINK同步幀未收到"/>
	<Message ID="AlarmMsg::Drv_M3_YASKAWA::ID=E71h" Content="安全選項模組檢測故障。"/>
	<Message ID="AlarmMsg::Drv_M3_YASKAWA::ID=E72h" Content="回饋選項模組檢測故障。"/>
	<Message ID="AlarmMsg::Drv_M3_YASKAWA::ID=E74h" Content="不支援的安全選項的模組。"/>
	<Message ID="AlarmMsg::Drv_M3_YASKAWA::ID=E75h" Content="不支援的回授選項模組。"/>
	<Message ID="AlarmMsg::Drv_M3_YASKAWA::ID=E81h" Content="安全模組警報。"/>
	<Message ID="AlarmMsg::Drv_M3_YASKAWA::ID=EA2h" Content="DRV報警 2（SERVOPACK WDT錯誤）。"/>
	<Message ID="AlarmMsg::Drv_M3_YASKAWA::ID=EB1h" Content="SERVOPACK: 安全模組報警。"/>
	<Message ID="AlarmMsg::Drv_M3_YASKAWA::ID=EC8h" Content="Gate Drive錯誤 1。"/>
	<Message ID="AlarmMsg::Drv_M3_YASKAWA::ID=EC9h" Content="Gate Drive錯誤 2。"/>
	<Message ID="AlarmMsg::Drv_M3_YASKAWA::ID=ED1h" Content="命令執行超時。"/>
	<Message ID="AlarmMsg::Drv_M3_YASKAWA::ID=F10h" Content="電源線欠相。"/>
	<Message ID="AlarmMsg::Drv_M3_YASKAWA::ID=F50h" Content="馬達動力線斷線或毀損。"/>
	<Message ID="AlarmMsg::Drv_SYNTEC::ID=10h" Content="IGBT過熱。"/>
	<Message ID="AlarmMsg::Drv_SYNTEC::ID=11h" Content="電機過熱。"/>
	<Message ID="AlarmMsg::Drv_SYNTEC::ID=12h" Content="過電壓。"/>
	<Message ID="AlarmMsg::Drv_SYNTEC::ID=13h" Content="低電壓。"/>
	<Message ID="AlarmMsg::Drv_SYNTEC::ID=14h" Content="過速度。"/>
	<Message ID="AlarmMsg::Drv_SYNTEC::ID=15h" Content="過電流。"/>
	<Message ID="AlarmMsg::Drv_SYNTEC::ID=16h" Content="過載。"/>
	<Message ID="AlarmMsg::Drv_SYNTEC::ID=17h" Content="調機過電流。"/>
	<Message ID="AlarmMsg::Drv_SYNTEC::ID=18h" Content="保留。"/>
	<Message ID="AlarmMsg::Drv_SYNTEC::ID=19h" Content="伺服啟動逾時。"/>
	<Message ID="AlarmMsg::Drv_SYNTEC::ID=1Ah" Content="IPM過電流。"/>
	<Message ID="AlarmMsg::Drv_SYNTEC::ID=1Dh" Content="電流檢出故障1。"/>
	<Message ID="AlarmMsg::Drv_SYNTEC::ID=1Eh" Content="電流檢出故障2。"/>
	<Message ID="AlarmMsg::Drv_SYNTEC::ID=1Fh" Content="位置控制偏差過大。"/>
	<Message ID="AlarmMsg::Drv_SYNTEC::ID=20h" Content="保留6。"/>
	<Message ID="AlarmMsg::Drv_SYNTEC::ID=21h" Content="回升異常。"/>
	<Message ID="AlarmMsg::Drv_SYNTEC::ID=22h" Content="風扇故障。"/>
	<Message ID="AlarmMsg::Drv_SYNTEC::ID=23h" Content="編碼器Index訊號異常。"/>
	<Message ID="AlarmMsg::Drv_SYNTEC::ID=24h" Content="編碼器極性錯誤。"/>
	<Message ID="AlarmMsg::Drv_SYNTEC::ID=25h" Content="編碼器解析度錯誤。"/>
	<Message ID="AlarmMsg::Drv_SYNTEC::ID=26h" Content="馬達極數錯誤。"/>
	<Message ID="AlarmMsg::Drv_SYNTEC::ID=27h" Content="編碼器無回授。"/>
	<Message ID="AlarmMsg::Drv_SYNTEC::ID=28h" Content="編碼器脈波遺漏。"/>
	<Message ID="AlarmMsg::Drv_SYNTEC::ID=29h" Content="感應電機參數估測錯誤一。"/>
	<Message ID="AlarmMsg::Drv_SYNTEC::ID=2Ah" Content="感應電機參數估測錯誤二。"/>
	<Message ID="AlarmMsg::Drv_SYNTEC::ID=2Bh" Content="最大加速度過大。"/>
	<Message ID="AlarmMsg::Drv_SYNTEC::ID=2Ch" Content="慣量初始值設定不良。"/>
	<Message ID="AlarmMsg::Drv_SYNTEC::ID=2Dh" Content="電壓飽和。"/>
	<Message ID="AlarmMsg::Drv_SYNTEC::ID=2Eh" Content="控制板故障。"/>
	<Message ID="AlarmMsg::Drv_SYNTEC::ID=2Fh" Content="V/f操作曲線設定有誤。"/>
	<Message ID="AlarmMsg::Drv_SYNTEC::ID=30h" Content="V/f模式過電流。"/>
	<Message ID="AlarmMsg::Drv_SYNTEC::ID=31h" Content="過轉矩檢出1。"/>
	<Message ID="AlarmMsg::Drv_SYNTEC::ID=32h" Content="過轉矩檢出2。"/>
	<Message ID="AlarmMsg::Drv_SYNTEC::ID=33h" Content="第二編碼器Index訊號異常。"/>
	<Message ID="AlarmMsg::Drv_SYNTEC::ID=34h" Content="第二編碼器極性錯誤。"/>
	<Message ID="AlarmMsg::Drv_SYNTEC::ID=35h" Content="第二編碼器解析度錯誤。"/>
	<Message ID="AlarmMsg::Drv_SYNTEC::ID=36h" Content="第二編碼器無回授。"/>
	<Message ID="AlarmMsg::Drv_SYNTEC::ID=38h" Content="內外回授位置誤差過大。"/>
	<Message ID="AlarmMsg::Drv_SYNTEC::ID=39h" Content="第二編碼器脈波遺漏。"/>
	<Message ID="AlarmMsg::Drv_SYNTEC::ID=3Ah" Content="新代編碼器節距補償失敗。"/>
	<Message ID="AlarmMsg::Drv_SYNTEC::ID=3Ch" Content="主軸定位失敗。"/>
	<Message ID="AlarmMsg::Drv_SYNTEC::ID=3Dh" Content="磁極偏移量失敗。"/>
	<Message ID="AlarmMsg::Drv_SYNTEC::ID=3Eh" Content="慣量調機電機未轉動。"/>
	<Message ID="AlarmMsg::Drv_SYNTEC::ID=3Fh" Content="Servo On時無法執行參數永久儲存。"/>
	<Message ID="AlarmMsg::Drv_SYNTEC::ID=40h" Content="編碼器內部KTY84過熱。"/>
	<Message ID="AlarmMsg::Drv_SYNTEC::ID=41h" Content="編碼器外部一KTY84過熱。"/>
	<Message ID="AlarmMsg::Drv_SYNTEC::ID=42h" Content="編碼器外部二KTY84過熱。"/>
	<Message ID="AlarmMsg::Drv_SYNTEC::ID=44h" Content="第二編碼器內部KTY84過熱。"/>
	<Message ID="AlarmMsg::Drv_SYNTEC::ID=45h" Content="第二編碼器外部一KTY84過熱。"/>
	<Message ID="AlarmMsg::Drv_SYNTEC::ID=46h" Content="第二編碼器外部二KTY84過熱。"/>
	<Message ID="AlarmMsg::Drv_SYNTEC::ID=48h" Content="編碼器連續通訊封包異常。"/>
	<Message ID="AlarmMsg::Drv_SYNTEC::ID=49h" Content="第二編碼器連續通訊封包異常。"/>
	<Message ID="AlarmMsg::Drv_SYNTEC::ID=4Ah" Content="第一回授新代編碼器處於燒錄模式。"/>
	<Message ID="AlarmMsg::Drv_SYNTEC::ID=4Bh" Content="第二回授新代編碼器處於燒錄模式。"/>
	<Message ID="AlarmMsg::Drv_SYNTEC::ID=4Ch" Content="第一串列編碼器通訊介面型態錯誤。"/>
	<Message ID="AlarmMsg::Drv_SYNTEC::ID=4Dh" Content="第二串列編碼器通訊介面型態錯誤。"/>
	<Message ID="AlarmMsg::Drv_SYNTEC::ID=4Fh" Content="新代編碼器校正時馬達未轉動。"/>
	<Message ID="AlarmMsg::Drv_SYNTEC::ID=50h" Content="電流調機異常。"/>
	<Message ID="AlarmMsg::Drv_SYNTEC::ID=51h" Content="第一編碼器失效。"/>
	<Message ID="AlarmMsg::Drv_SYNTEC::ID=52h" Content="第二編碼器失效。"/>
	<Message ID="AlarmMsg::Drv_SYNTEC::ID=53h" Content="後級類型錯誤。"/>
	<Message ID="AlarmMsg::Drv_SYNTEC::ID=54h" Content="第一編碼器Z相訊號位置飄移。"/>
	<Message ID="AlarmMsg::Drv_SYNTEC::ID=55h" Content="第二編碼器Z相訊號位置飄移。"/>
	<Message ID="AlarmMsg::Drv_SYNTEC::ID=56h" Content="第二絕對型編碼器位置遺失。"/>
	<Message ID="AlarmMsg::Drv_SYNTEC::ID=57h" Content="第二絕對型編碼器電池警報。"/>
	<Message ID="AlarmMsg::Drv_SYNTEC::ID=58h" Content="第一編碼器回讀參數失敗。"/>
	<Message ID="AlarmMsg::Drv_SYNTEC::ID=59h" Content="第二編碼器回讀參數失敗。"/>
	<Message ID="AlarmMsg::Drv_SYNTEC::ID=5Ah" Content="第一編碼器內部KTY84異常。"/>
	<Message ID="AlarmMsg::Drv_SYNTEC::ID=5Bh" Content="第一編碼器外部一KTY84未連接。"/>
	<Message ID="AlarmMsg::Drv_SYNTEC::ID=5Ch" Content="第一編碼器外部二KTY84未連接。"/>
	<Message ID="AlarmMsg::Drv_SYNTEC::ID=5Eh" Content="第二編碼器內部KTY84異常。"/>
	<Message ID="AlarmMsg::Drv_SYNTEC::ID=5Fh" Content="第二編碼器外部一KTY84未連接。"/>
	<Message ID="AlarmMsg::Drv_SYNTEC::ID=60h" Content="第二編碼器外部二KTY84未連接。"/>
	<Message ID="AlarmMsg::Drv_SYNTEC::ID=70h" Content="此軟體版本不支援此前級板。"/>
	<Message ID="AlarmMsg::Drv_SYNTEC::ID=71h" Content="FPGA載入失敗。"/>
	<Message ID="AlarmMsg::Drv_SYNTEC::ID=72h" Content="驅動器過載。"/>
	<Message ID="AlarmMsg::Drv_SYNTEC::ID=73h" Content="高頻注入法磁極角偵測失敗。"/>
	<Message ID="AlarmMsg::Drv_SYNTEC::ID=74h" Content="慣量調機負載過重。"/>
	<Message ID="AlarmMsg::Drv_SYNTEC::ID=99h" Content="驅動器警報。"/>
	<Message ID="AlarmMsg::Drv_SYNTEC::ID=E50h" Content="Mechatrolink同步錯誤"/>
	<Message ID="AlarmMsg::Drv_SYNTEC::ID=810h" Content="絕對型編碼器位置遺失"/>
	<Message ID="AlarmMsg::Drv_SYNTEC::ID=830h" Content="絕對型編碼器電池警報"/>
	<Message ID="AlarmMsg::Drv_SYNTEC::ID=100h" Content="IGBT過熱。"/>
	<Message ID="AlarmMsg::Drv_SYNTEC::ID=110h" Content="過電壓。"/>
	<Message ID="AlarmMsg::Drv_SYNTEC::ID=111h" Content="低電壓。"/>
	<Message ID="AlarmMsg::Drv_SYNTEC::ID=112h" Content="UVW電壓輸出飽和。"/>
	<Message ID="AlarmMsg::Drv_SYNTEC::ID=120h" Content="過電流。"/>
	<Message ID="AlarmMsg::Drv_SYNTEC::ID=121h" Content="IPM過電流。"/>
	<Message ID="AlarmMsg::Drv_SYNTEC::ID=122h" Content="電流檢出故障1。"/>
	<Message ID="AlarmMsg::Drv_SYNTEC::ID=123h" Content="電流檢出故障2。"/>
	<Message ID="AlarmMsg::Drv_SYNTEC::ID=130h" Content="回生異常。"/>
	<Message ID="AlarmMsg::Drv_SYNTEC::ID=131h" Content="風扇故障。"/>
	<Message ID="AlarmMsg::Drv_SYNTEC::ID=132h" Content="控制板故障。"/>
	<Message ID="AlarmMsg::Drv_SYNTEC::ID=133h" Content="驅動器後級類型錯誤。"/>
	<Message ID="AlarmMsg::Drv_SYNTEC::ID=134h" Content="參數記憶體錯誤。"/>
	<Message ID="AlarmMsg::Drv_SYNTEC::ID=135h" Content="DSP WatchDog重啟"/>
	<Message ID="AlarmMsg::Drv_SYNTEC::ID=200h" Content="電機過熱。"/>
	<Message ID="AlarmMsg::Drv_SYNTEC::ID=201h" Content="過速度。"/>
	<Message ID="AlarmMsg::Drv_SYNTEC::ID=202h" Content="過載(連續最大負載)。"/>
	<Message ID="AlarmMsg::Drv_SYNTEC::ID=203h" Content="過轉矩檢出1。"/>
	<Message ID="AlarmMsg::Drv_SYNTEC::ID=204h" Content="過轉矩檢出2。"/>
	<Message ID="AlarmMsg::Drv_SYNTEC::ID=210h" Content="馬達極數錯誤。"/>
	<Message ID="AlarmMsg::Drv_SYNTEC::ID=300h" Content="第一編碼器失效。"/>
	<Message ID="AlarmMsg::Drv_SYNTEC::ID=301h" Content="編碼器Index訊號異常。"/>
	<Message ID="AlarmMsg::Drv_SYNTEC::ID=302h" Content="編碼器極性錯誤。"/>
	<Message ID="AlarmMsg::Drv_SYNTEC::ID=303h" Content="編碼器解析度錯誤。"/>
	<Message ID="AlarmMsg::Drv_SYNTEC::ID=304h" Content="編碼器無回授。"/>
	<Message ID="AlarmMsg::Drv_SYNTEC::ID=305h" Content="編碼器脈波遺漏。"/>
	<Message ID="AlarmMsg::Drv_SYNTEC::ID=306h" Content="第一編碼器Z相訊號位置飄移。"/>
	<Message ID="AlarmMsg::Drv_SYNTEC::ID=307h" Content="編碼器連續通訊封包異常。"/>
	<Message ID="AlarmMsg::Drv_SYNTEC::ID=309h" Content="第一串列編碼器通訊介面型態錯誤。"/>
	<Message ID="AlarmMsg::Drv_SYNTEC::ID=310h" Content="第二編碼器失效。"/>
	<Message ID="AlarmMsg::Drv_SYNTEC::ID=311h" Content="第二編碼器Index訊號異常。"/>
	<Message ID="AlarmMsg::Drv_SYNTEC::ID=312h" Content="第二編碼器極性錯誤。"/>
	<Message ID="AlarmMsg::Drv_SYNTEC::ID=313h" Content="第二編碼器解析度錯誤。"/>
	<Message ID="AlarmMsg::Drv_SYNTEC::ID=314h" Content="第二編碼器無回授。"/>
	<Message ID="AlarmMsg::Drv_SYNTEC::ID=315h" Content="第二編碼器脈波遺漏。"/>
	<Message ID="AlarmMsg::Drv_SYNTEC::ID=316h" Content="第二編碼器Z相訊號位置飄移。"/>
	<Message ID="AlarmMsg::Drv_SYNTEC::ID=317h" Content="第二編碼器連續通訊封包異常。"/>
	<Message ID="AlarmMsg::Drv_SYNTEC::ID=319h" Content="第二串列編碼器通訊介面型態錯誤。"/>
	<Message ID="AlarmMsg::Drv_SYNTEC::ID=31Eh" Content="第二絕對型編碼器位置遺失。"/>
	<Message ID="AlarmMsg::Drv_SYNTEC::ID=31Fh" Content="第二絕對型編碼器電池警報。"/>
	<Message ID="AlarmMsg::Drv_SYNTEC::ID=320h" Content="第一回授新代編碼器內部溫感過熱。"/>
	<Message ID="AlarmMsg::Drv_SYNTEC::ID=321h" Content="第一回授新代編碼器外部一溫感過熱。"/>
	<Message ID="AlarmMsg::Drv_SYNTEC::ID=322h" Content="第一回授新代編碼器外部二溫感過熱。"/>
	<Message ID="AlarmMsg::Drv_SYNTEC::ID=324h" Content="第二回授新代編碼器內部溫感過熱。"/>
	<Message ID="AlarmMsg::Drv_SYNTEC::ID=325h" Content="第二回授新代編碼器外部一溫感過熱。"/>
	<Message ID="AlarmMsg::Drv_SYNTEC::ID=326h" Content="第二回授新代編碼器外部二溫感過熱。"/>
	<Message ID="AlarmMsg::Drv_SYNTEC::ID=328h" Content="第一編碼器內部KTY84異常 。"/>
	<Message ID="AlarmMsg::Drv_SYNTEC::ID=329h" Content="第一編碼器外部一KTY84未連接。"/>
	<Message ID="AlarmMsg::Drv_SYNTEC::ID=32Ah" Content="第一編碼器外部二KTY84未連接。"/>
	<Message ID="AlarmMsg::Drv_SYNTEC::ID=32Ch" Content="第二編碼器內部KTY84異常。"/>
	<Message ID="AlarmMsg::Drv_SYNTEC::ID=32Dh" Content="第二編碼器外部一KTY84未連接。"/>
	<Message ID="AlarmMsg::Drv_SYNTEC::ID=32Eh" Content="第二編碼器外部二KTY84未連接。"/>
	<Message ID="AlarmMsg::Drv_SYNTEC::ID=330h" Content="第一編碼器接口號碼設定錯誤。"/>
	<Message ID="AlarmMsg::Drv_SYNTEC::ID=331h" Content="第二編碼器接口號碼設定錯誤。"/>
	<Message ID="AlarmMsg::Drv_SYNTEC::ID=332h" Content="第一編碼器參數版本不支援。"/>
	<Message ID="AlarmMsg::Drv_SYNTEC::ID=333h" Content="第二編碼器參數版本不支援。"/>
	<Message ID="AlarmMsg::Drv_SYNTEC::ID=400h" Content="感應電機參數估測錯誤一。"/>
	<Message ID="AlarmMsg::Drv_SYNTEC::ID=401h" Content="感應電機參數估測錯誤二。"/>
	<Message ID="AlarmMsg::Drv_SYNTEC::ID=402h" Content="電流調機異常。"/>
	<Message ID="AlarmMsg::Drv_SYNTEC::ID=410h" Content="慣量調機的速度軌跡不良。"/>
	<Message ID="AlarmMsg::Drv_SYNTEC::ID=411h" Content="慣量初始值設定不良。"/>
	<Message ID="AlarmMsg::Drv_SYNTEC::ID=412h" Content="慣量調機電機未轉動。"/>
	<Message ID="AlarmMsg::Drv_SYNTEC::ID=413h" Content="慣量調機負載過重。"/>
	<Message ID="AlarmMsg::Drv_SYNTEC::ID=420h" Content="磁極偏移量失敗。"/>
	<Message ID="AlarmMsg::Drv_SYNTEC::ID=430h" Content="新代編碼器校正時馬達未轉動。"/>
	<Message ID="AlarmMsg::Drv_SYNTEC::ID=431h" Content="新代編碼器節距補償失敗。"/>
	<Message ID="AlarmMsg::Drv_SYNTEC::ID=440h" Content="電壓補償調機初始化失敗"/>
	<Message ID="AlarmMsg::Drv_SYNTEC::ID=500h" Content="V/f操作曲線設定有誤。"/>
	<Message ID="AlarmMsg::Drv_SYNTEC::ID=501h" Content="V/f模式過電流。"/>
	<Message ID="AlarmMsg::Drv_SYNTEC::ID=510h" Content="主軸定位失敗。"/>
	<Message ID="AlarmMsg::Drv_SYNTEC::ID=511h" Content="主軸定位偏離。"/>
	<Message ID="AlarmMsg::Drv_SYNTEC::ID=520h" Content="內外回授位置誤差過大。"/>
	<Message ID="AlarmMsg::Drv_SYNTEC::ID=521h" Content="位置控制偏差過大。"/>
	<Message ID="AlarmMsg::Drv_SYNTEC::ID=522h" Content="Servo on命令衝突。"/>
	<Message ID="AlarmMsg::Drv_SYNTEC::ID=523h" Content="驅動器使能(Servo On)時儲存參數。"/>
	<Message ID="AlarmMsg::Drv_SYNTEC::ID=52Fh" Content="伺服啟動(Servo on)逾時。"/>
	<Message ID="AlarmMsg::Drv_SYNTEC::ID=530h" Content="伺服關閉逾時。"/>
	<Message ID="AlarmMsg::Drv_SYNTEC::ID=810h" Content="絕對型編碼器位置遺失。"/>
	<Message ID="AlarmMsg::Drv_SYNTEC::ID=830h" Content="絕對型編碼器電池警報。"/>
	<Message ID="AlarmMsg::Drv_SYNTEC::ID=940h" Content="驅動器使能(Servo On)時修改參數。"/>
	<Message ID="AlarmMsg::Drv_SYNTEC::ID=E50h" Content="Mechatrolink同步錯誤"/>
	<Message ID="AlarmMsg::Drv_SYNTEC::ID=F10h" Content="電源線欠相"/>
</ResMap>
