﻿<?xml version="1.0"?>
<Screen>
	<Name>G02</Name>
	<Picture>
		<Name>Picture_G02</Name>
		<Picture>Image\G02.bmp</Picture>
		<Left>10</Left>
		<Top>25</Top>
		<Height>180</Height>
		<Width>270</Width>
		<BorderStyle>1</BorderStyle>
	</Picture>
	<Label>
		<Name>Lab_CoordX</Name>
		<Caption>STR::Browser::G02G03::Caption::X_End</Caption>
		<Left>325</Left>
		<Top>25</Top>
		<Height>30</Height>
		<Width>90</Width>
		<ForeColor>100,150,255</ForeColor>
		<BorderStyle>0</BorderStyle>
		<Alignment>0</Alignment>
		<FontSize>15</FontSize>
	</Label>
	<Label>
		<Name>Lab_Coord_Abs_X</Name>
		<Caption>STR::Browser::G02G03::Caption::Abs_X</Caption>
		<Left>340</Left>
		<Top>60</Top>
		<Height>30</Height>
		<Width>90</Width>
		<ForeColor>10,10,255</ForeColor>
		<BorderStyle>0</BorderStyle>
		<Alignment>0</Alignment>
		<FontSize>15</FontSize>
	</Label>
	<Label>
		<Name>Lab_Coord_Inc_U</Name>
		<Caption>STR::Browser::G02G03::Caption::Inc_U</Caption>
		<Left>340</Left>
		<Top>90</Top>
		<Height>30</Height>
		<Width>90</Width>
		<ForeColor>10,10,255</ForeColor>
		<BorderStyle>0</BorderStyle>
		<Alignment>0</Alignment>
		<FontSize>15</FontSize>
	</Label>
	<Input>
		<EmptyVal>accept</EmptyVal>
		<Name>Inp_Abs_X</Name>
		<MacroAddr>X</MacroAddr>
		<Left>430</Left>
		<Top>60</Top>
		<Height>30</Height>
		<Width>100</Width>
		<BackColor>180,200,220</BackColor>
		<ForeColor>0,0,0</ForeColor>
		<BorderStyle>1</BorderStyle>
		<Alignment>1</Alignment>
		<FontSize>12</FontSize>
		<InputFormat>Double:3F</InputFormat>
		<HintLabel>STR::Cycle::Hint::X_End</HintLabel>
	</Input>
	<Input>
		<EmptyVal>accept</EmptyVal>
		<Name>Inp_Inc_U</Name>
		<MacroAddr>U</MacroAddr>
		<Left>430</Left>
		<Top>90</Top>
		<Height>30</Height>
		<Width>100</Width>
		<BackColor>180,200,220</BackColor>
		<ForeColor>0,0,0</ForeColor>
		<BorderStyle>1</BorderStyle>
		<Alignment>1</Alignment>
		<FontSize>12</FontSize>
		<InputFormat>Double:3F</InputFormat>
		<HintLabel>STR::Browser::G02G03::HintLabel::Inc_U</HintLabel>
	</Input>
	<Label>
		<Name>Lab_CoordZ</Name>
		<Caption>STR::Browser::G02G03::Caption::Z_End</Caption>
		<Left>325</Left>
		<Top>125</Top>
		<Height>30</Height>
		<Width>90</Width>
		<ForeColor>100,150,255</ForeColor>
		<BorderStyle>0</BorderStyle>
		<Alignment>0</Alignment>
		<FontSize>15</FontSize>
	</Label>
	<Label>
		<Name>Lab_Coord_Abs_Z</Name>
		<Caption>STR::Browser::G02G03::Caption::Abs_Z</Caption>
		<Left>340</Left>
		<Top>155</Top>
		<Height>30</Height>
		<Width>90</Width>
		<ForeColor>10,10,255</ForeColor>
		<BorderStyle>0</BorderStyle>
		<Alignment>0</Alignment>
		<FontSize>15</FontSize>
	</Label>
	<Label>
		<Name>Lab_Coord_Inc_W</Name>
		<Caption>STR::Browser::G02G03::Caption::Inc_W</Caption>
		<Left>340</Left>
		<Top>185</Top>
		<Height>30</Height>
		<Width>90</Width>
		<ForeColor>10,10,255</ForeColor>
		<BorderStyle>0</BorderStyle>
		<Alignment>0</Alignment>
		<FontSize>15</FontSize>
	</Label>
	<Input>
		<EmptyVal>accept</EmptyVal>
		<Name>Inp_Abs_Z</Name>
		<MacroAddr>Z</MacroAddr>
		<Left>430</Left>
		<Top>155</Top>
		<Height>30</Height>
		<Width>100</Width>
		<BackColor>180,200,235</BackColor>
		<ForeColor>0,0,0</ForeColor>
		<BorderStyle>1</BorderStyle>
		<Alignment>1</Alignment>
		<FontSize>12</FontSize>
		<InputFormat>Double:3F</InputFormat>
		<HintLabel>STR::Cycle::Hint::Z_End</HintLabel>
	</Input>
	<Input>
		<EmptyVal>accept</EmptyVal>
		<Name>Inp_Inc_W</Name>
		<MacroAddr>W</MacroAddr>
		<Left>430</Left>
		<Top>185</Top>
		<Height>30</Height>
		<Width>100</Width>
		<BackColor>180,200,235</BackColor>
		<ForeColor>0,0,0</ForeColor>
		<BorderStyle>1</BorderStyle>
		<Alignment>1</Alignment>
		<FontSize>12</FontSize>
		<InputFormat>Double:3F</InputFormat>
		<HintLabel>STR::Browser::G02G03::HintLabel::Inc_W</HintLabel>
	</Input>
	<Label>
		<Name>Lab_CenterVector</Name>
		<Caption>STR::Browser::G02G03::Caption::CenterVector</Caption>
		<Left>325</Left>
		<Top>220</Top>
		<Height>30</Height>
		<Width>150</Width>
		<ForeColor>100,150,255</ForeColor>
		<BorderStyle>0</BorderStyle>
		<Alignment>0</Alignment>
		<FontSize>15</FontSize>
	</Label>
	<Label>
		<Name>X_Axis_I</Name>
		<Caption>STR::Browser::G02G03::Caption::XAxisI</Caption>
		<Left>340</Left>
		<Top>250</Top>
		<Height>30</Height>
		<Width>90</Width>
		<ForeColor>10,10,255</ForeColor>
		<BorderStyle>0</BorderStyle>
		<Alignment>0</Alignment>
		<FontSize>15</FontSize>
	</Label>
	<Input>
		<EmptyVal>accept</EmptyVal>
		<Name>Inp_X_Axis_I</Name>
		<MacroAddr>I</MacroAddr>
		<Left>430</Left>
		<Top>250</Top>
		<Height>30</Height>
		<Width>100</Width>
		<BackColor>180,200,220</BackColor>
		<ForeColor>0,0,0</ForeColor>
		<BorderStyle>1</BorderStyle>
		<Alignment>1</Alignment>
		<FontSize>12</FontSize>
		<InputFormat>Double:3F</InputFormat>
		<HintLabel>STR::Browser::G02G03::HintLabel::XAxisI</HintLabel>
	</Input>
	<Label>
		<Name>Lab_Z_Axis_K</Name>
		<Caption>STR::Browser::G02G03::Caption::ZAxisK</Caption>
		<Left>340</Left>
		<Top>280</Top>
		<Height>30</Height>
		<Width>90</Width>
		<ForeColor>10,10,255</ForeColor>
		<BorderStyle>0</BorderStyle>
		<Alignment>0</Alignment>
		<FontSize>15</FontSize>
	</Label>
	<Input>
		<EmptyVal>accept</EmptyVal>
		<Name>Inp_Z_Axis_K</Name>
		<MacroAddr>K</MacroAddr>
		<Left>430</Left>
		<Top>280</Top>
		<Height>30</Height>
		<Width>100</Width>
		<BackColor>180,200,220</BackColor>
		<ForeColor>0,0,0</ForeColor>
		<BorderStyle>1</BorderStyle>
		<Alignment>1</Alignment>
		<FontSize>12</FontSize>
		<InputFormat>Double:3F</InputFormat>
		<HintLabel>STR::Browser::G02G03::HintLabel::ZAxisK</HintLabel>
	</Input>
	<Label>
		<Name>Lab_Chamfer</Name>
		<Caption>STR::Browser::G02G03::Caption::Chamfer</Caption>
		<Left>325</Left>
		<Top>315</Top>
		<Height>30</Height>
		<Width>150</Width>
		<ForeColor>100,150,255</ForeColor>
		<BorderStyle>0</BorderStyle>
		<Alignment>0</Alignment>
		<FontSize>15</FontSize>
	</Label>
	
	<Label>
		<Name>Lab_Radius</Name>
		<Caption>STR::Browser::G02G03::Caption::Radius</Caption>
		<Left>340</Left>
		<Top>345</Top>
		<Height>30</Height>
		<Width>90</Width>
		<ForeColor>10,10,255</ForeColor>
		<BorderStyle>0</BorderStyle>
		<Alignment>0</Alignment>
		<FontSize>15</FontSize>
	</Label>
	<Input>
		<EmptyVal>accept</EmptyVal>
		<Name>Inp_Radius</Name>
		<MacroAddr>,R</MacroAddr>
		<Left>430</Left>
		<Top>345</Top>
		<Height>30</Height>
		<Width>100</Width>
		<BackColor>180,200,220</BackColor>
		<ForeColor>0,0,0</ForeColor>
		<BorderStyle>1</BorderStyle>
		<Alignment>1</Alignment>
		<FontSize>12</FontSize>
		<InputFormat>Double:3F</InputFormat>
		<HintLabel>STR::Browser::G02G03::HintLabel::Radius</HintLabel>
	</Input>
	<Label>
		<Name>Lab_Spinde</Name>
		<Caption>STR::Cycle::Spindle</Caption>
		<Left>10</Left>
		<Top>235</Top>
		<Height>30</Height>
		<Width>120</Width>
		<ForeColor>100,150,255</ForeColor>
		<BorderStyle>0</BorderStyle>
		<Alignment>1</Alignment>
		<FontSize>15</FontSize>
	</Label>
	<Input>
		<EmptyVal>accept</EmptyVal>
		<Name>Inp_Spindle</Name>
		<MacroAddr>S</MacroAddr>
		<Left>140</Left>
		<Top>235</Top>
		<Height>30</Height>
		<Width>100</Width>
		<BackColor>180,200,220</BackColor>
		<ForeColor>0,0,0</ForeColor>
		<BorderStyle>1</BorderStyle>
		<Alignment>1</Alignment>
		<FontSize>12</FontSize>
		<InputFormat>Double:3F</InputFormat>
		<HintLabel>STR::Cycle::Hint::Spindle</HintLabel>
	</Input>
	<Label>
		<Name>Lab_Feedrate</Name>
		<Caption>STR::Cycle::Feedrate</Caption>
		<Left>10</Left>
		<Top>270</Top>
		<Height>30</Height>
		<Width>120</Width>
		<ForeColor>100,150,255</ForeColor>
		<BorderStyle>0</BorderStyle>
		<Alignment>1</Alignment>
		<FontSize>15</FontSize>
	</Label>
	<Input>
		<EmptyVal>accept</EmptyVal>
		<Name>Inp_Feedrate</Name>
		<MacroAddr>F</MacroAddr>
		<Left>140</Left>
		<Top>270</Top>
		<Height>30</Height>
		<Width>100</Width>
		<BackColor>180,200,220</BackColor>
		<ForeColor>0,0,0</ForeColor>
		<BorderStyle>1</BorderStyle>
		<Alignment>1</Alignment>
		<FontSize>12</FontSize>
		<InputFormat>Double:3F</InputFormat>
		<HintLabel>STR::Cycle::Hint::Feedrate</HintLabel>
	</Input>
	<Label>
		<Name>Lab_LineNo</Name>
		<Caption>STR::Browser::G02G03::Caption::Lab_LineNo::LineNo</Caption>
		<Left>10</Left>
		<Top>305</Top>
		<Height>30</Height>
		<Width>120</Width>
		<ForeColor>100,150,255</ForeColor>
		<BorderStyle>0</BorderStyle>
		<Alignment>1</Alignment>
		<FontSize>15</FontSize>
	</Label>
	<Input>
		<EmptyVal>accept</EmptyVal>
		<Name>Inp_LineNo</Name>
		<MacroAddr>N</MacroAddr>
		<Left>140</Left>
		<Top>305</Top>
		<Height>30</Height>
		<Width>100</Width>
		<BackColor>180,200,220</BackColor>
		<ForeColor>0,0,0</ForeColor>
		<BorderStyle>1</BorderStyle>
		<Alignment>1</Alignment>
		<FontSize>12</FontSize>
		<InputFormat>Long</InputFormat>
		<HintLabel>STR::Browser::G02G03::HintLabel::Inp_LineNo::LineNo</HintLabel>
	</Input>
</Screen>
