﻿<?xml version="1.0" encoding="utf-8"?>
<ResMap>
	<Message ID="MMI::DriverParameter::SYNTEC_M2_V2::Pn001" Content="Motor Stop Method for Critical Alarms" />
	<Message ID="MMI::DriverParameter::SYNTEC_M2_V2::Pn002" Content="Torque Limit Enable in Position Control" />
	<Message ID="MMI::DriverParameter::SYNTEC_M2_V2::Pn00B" Content="Motor Stop Method for Non-Critical Alarms" />
	<Message ID="MMI::DriverParameter::SYNTEC_M2_V2::Pn011" Content="ROTOR_POS_DETECT_SELECT" />
	<Message ID="MMI::DriverParameter::SYNTEC_M2_V2::Pn020" Content="HOST_COMMAND_POLARITY" />
	<Message ID="MMI::DriverParameter::SYNTEC_M2_V2::Pn021" Content="*ENC_DIR_POLARITY" />
	<Message ID="MMI::DriverParameter::SYNTEC_M2_V2::Pn022" Content="*ENC2_DIR_POLARITY" />
	<Message ID="MMI::DriverParameter::SYNTEC_M2_V2::Pn030" Content="*Host interface" />
	<Message ID="MMI::DriverParameter::SYNTEC_M2_V2::Pn031" Content="*DRV_STATION_NO" />
	<Message ID="MMI::DriverParameter::SYNTEC_M2_V2::Pn032" Content="*UART_BAUDRATE" />
	<Message ID="MMI::DriverParameter::SYNTEC_M2_V2::Pn034" Content="*UART_PROTOCOL" />
	<Message ID="MMI::DriverParameter::SYNTEC_M2_V2::Pn035" Content="Axis ID" />
	<Message ID="MMI::DriverParameter::SYNTEC_M2_V2::Pn036" Content="*Power input type(0:3-phase,1:2-phase)" />
	<Message ID="MMI::DriverParameter::SYNTEC_M2_V2::Pn100" Content="SPD_REG_KP(0.1Hz)" />
	<Message ID="MMI::DriverParameter::SYNTEC_M2_V2::Pn101" Content="SPD_REG_TI(0.01ms)" />
	<Message ID="MMI::DriverParameter::SYNTEC_M2_V2::Pn102" Content="POS_REG_KP(0.1 rad/s)" />
	<Message ID="MMI::DriverParameter::SYNTEC_M2_V2::Pn103" Content="PRC_MECH_INERTIA(%)" />
	<Message ID="MMI::DriverParameter::SYNTEC_M2_V2::Pn110" Content="Prc_Fluxweakning_Vref(%(MOT_V_NOM))" />
	<Message ID="MMI::DriverParameter::SYNTEC_M2_V2::Pn111" Content="VF Curve load mode(0:default;1:user-defined)" />
	<Message ID="MMI::DriverParameter::SYNTEC_M2_V2::Pn112" Content="PROC_VF_FREQ1" />
	<Message ID="MMI::DriverParameter::SYNTEC_M2_V2::Pn113" Content="PROC_VF_VOLT1" />
	<Message ID="MMI::DriverParameter::SYNTEC_M2_V2::Pn114" Content="PROC_VF_FREQ2" />
	<Message ID="MMI::DriverParameter::SYNTEC_M2_V2::Pn115" Content="PROC_VF_VOLT2" />
	<Message ID="MMI::DriverParameter::SYNTEC_M2_V2::Pn121" Content="DOB_BW_Ratio(%)" />
	<Message ID="MMI::DriverParameter::SYNTEC_M2_V2::Pn123" Content="DOB_CMP_Ratio(%)" />
	<Message ID="MMI::DriverParameter::SYNTEC_M2_V2::Pn208" Content="Screw Pitch" />
	<Message ID="MMI::DriverParameter::SYNTEC_M2_V2::Pn20A" Content="Gear number at motor side" />
	<Message ID="MMI::DriverParameter::SYNTEC_M2_V2::Pn20C" Content="Gear number at screw side" />
	<Message ID="MMI::DriverParameter::SYNTEC_M2_V2::Pn212" Content="CNC_RESOLUTION(pulse/rev;pulse/mm)" />
	<Message ID="MMI::DriverParameter::SYNTEC_M2_V2::Pn22A" Content="*DUALFB_ENABLE" />
	<Message ID="MMI::DriverParameter::SYNTEC_M2_V2::Pn22C" Content="DUALFB_TF(0.01ms)" />
	<Message ID="MMI::DriverParameter::SYNTEC_M2_V2::Pn242" Content="QUICKORT_TYPE" />
	<Message ID="MMI::DriverParameter::SYNTEC_M2_V2::Pn304" Content="JOG Speed(rpm)" />
	<Message ID="MMI::DriverParameter::SYNTEC_M2_V2::Pn306" Content="TRAJ_AMAX_TIME(ms)" />
	<Message ID="MMI::DriverParameter::SYNTEC_M2_V2::Pn307" Content="TRAJ_JMAX_TIME(ms)" />
	<Message ID="MMI::DriverParameter::SYNTEC_M2_V2::Pn308" Content="SPD_REG_TF(0.01ms)" />
	<Message ID="MMI::DriverParameter::SYNTEC_M2_V2::Pn330" Content="VELOCITY_CONTROL_MODE" />
	<Message ID="MMI::DriverParameter::SYNTEC_M2_V2::Pn331" Content="EN_SPEED_OBSERVER(0:off;1:on)" />
	<Message ID="MMI::DriverParameter::SYNTEC_M2_V2::Pn332" Content="EN_MT_DEC_QEPENC" />
	<Message ID="MMI::DriverParameter::SYNTEC_M2_V2::Pn333" Content="EN_MT_DEC_QEPENC2" />
	<Message ID="MMI::DriverParameter::SYNTEC_M2_V2::Pn335" Content="MECHANICAL_COUPLE_TYPE" />
	<Message ID="MMI::DriverParameter::SYNTEC_M2_V2::Pn401" Content="TORCMD_TF(0.01ms)" />
	<Message ID="MMI::DriverParameter::SYNTEC_M2_V2::Pn409" Content="NOTCH1_FREQ(Hz)" />
	<Message ID="MMI::DriverParameter::SYNTEC_M2_V2::Pn40A" Content="NOTCH1_BW(0.01)" />
	<Message ID="MMI::DriverParameter::SYNTEC_M2_V2::Pn40B" Content="NOTCH1_DEPTH(0.001)" />
	<Message ID="MMI::DriverParameter::SYNTEC_M2_V2::Pn40C" Content="NOTCH3_FREQ(Hz)" />
	<Message ID="MMI::DriverParameter::SYNTEC_M2_V2::Pn40D" Content="NOTCH2_BW(0.01)" />
	<Message ID="MMI::DriverParameter::SYNTEC_M2_V2::Pn40E" Content="NOTCH2_DEPTH(0.001)" />
	<Message ID="MMI::DriverParameter::SYNTEC_M2_V2::Pn417" Content="NOTCH3_FREQ(Hz)" />
	<Message ID="MMI::DriverParameter::SYNTEC_M2_V2::Pn418" Content="NOTCH3_BW(0.01)" />
	<Message ID="MMI::DriverParameter::SYNTEC_M2_V2::Pn419" Content="NOTCH3_DEPTH(0.001)" />
	<Message ID="MMI::DriverParameter::SYNTEC_M2_V2::Pn41A" Content="NOTCH4_FREQ(Hz)" />
	<Message ID="MMI::DriverParameter::SYNTEC_M2_V2::Pn41B" Content="NOTCH4_BW(0.01)" />
	<Message ID="MMI::DriverParameter::SYNTEC_M2_V2::Pn41C" Content="NOTCH4_DEPTH(0.001)" />
	<Message ID="MMI::DriverParameter::SYNTEC_M2_V2::Pn41D" Content="NOTCH5_FREQ(Hz)" />
	<Message ID="MMI::DriverParameter::SYNTEC_M2_V2::Pn41E" Content="NOTCH5_BW(0.01)" />
	<Message ID="MMI::DriverParameter::SYNTEC_M2_V2::Pn41F" Content="NOTCH5_DEPTH(0.001)" />
	<Message ID="MMI::DriverParameter::SYNTEC_M2_V2::Pn423" Content="EN_COGGING_COMP(0:off;1:on)" />
	<Message ID="MMI::DriverParameter::SYNTEC_M2_V2::Pn430" Content="EN_DISTURBANCE_COMP(0:off;1:on)" />
	<Message ID="MMI::DriverParameter::SYNTEC_M2_V2::Pn440" Content="Over torque 1 function" />
	<Message ID="MMI::DriverParameter::SYNTEC_M2_V2::Pn441" Content="Over torque 1 threshold(%)" />
	<Message ID="MMI::DriverParameter::SYNTEC_M2_V2::Pn442" Content="Over torque 1 time(0.1s)" />
	<Message ID="MMI::DriverParameter::SYNTEC_M2_V2::Pn443" Content="Over torque 2 function" />
	<Message ID="MMI::DriverParameter::SYNTEC_M2_V2::Pn444" Content="Over torque 2 threshold(%)" />
	<Message ID="MMI::DriverParameter::SYNTEC_M2_V2::Pn445" Content="Over torque 2 time(0.1s)" />
	<Message ID="MMI::DriverParameter::SYNTEC_M2_V2::Pn461" Content="NOTCH1_EN" />
	<Message ID="MMI::DriverParameter::SYNTEC_M2_V2::Pn462" Content="NOTCH2_EN" />
	<Message ID="MMI::DriverParameter::SYNTEC_M2_V2::Pn463" Content="NOTCH3_EN" />
	<Message ID="MMI::DriverParameter::SYNTEC_M2_V2::Pn464" Content="NOTCH4_EN" />
	<Message ID="MMI::DriverParameter::SYNTEC_M2_V2::Pn465" Content="NOTCH5_EN" />
	<Message ID="MMI::DriverParameter::SYNTEC_M2_V2::Pn502" Content="ZERO_VEL_WINDOW(0.1rpm)" />
	<Message ID="MMI::DriverParameter::SYNTEC_M2_V2::Pn503" Content="IN_VEL_WINDOW(%)" />
	<Message ID="MMI::DriverParameter::SYNTEC_M2_V2::Pn506" Content="Servo OFF delay time(10ms)" />
	<Message ID="MMI::DriverParameter::SYNTEC_M2_V2::Pn507" Content="Brake reference output speed level(rpm)" />
	<Message ID="MMI::DriverParameter::SYNTEC_M2_V2::Pn508" Content="Waiting time for brake signal(10ms)" />
	<Message ID="MMI::DriverParameter::SYNTEC_M2_V2::Pn50A" Content="I0 function" />
	<Message ID="MMI::DriverParameter::SYNTEC_M2_V2::Pn50B" Content="I1 function" />
	<Message ID="MMI::DriverParameter::SYNTEC_M2_V2::Pn50C" Content="I2 function" />
	<Message ID="MMI::DriverParameter::SYNTEC_M2_V2::Pn50D" Content="I3 function" />
	<Message ID="MMI::DriverParameter::SYNTEC_M2_V2::Pn50E" Content="O0 function" />
	<Message ID="MMI::DriverParameter::SYNTEC_M2_V2::Pn50F" Content="O1 function" />
	<Message ID="MMI::DriverParameter::SYNTEC_M2_V2::Pn51A" Content="DUALFB_PULSE_ALDETECT(pulse)" />
	<Message ID="MMI::DriverParameter::SYNTEC_M2_V2::Pn51F" Content="Disable Z index alarm check " />
	<Message ID="MMI::DriverParameter::SYNTEC_M2_V2::Pn522" Content="In position window(0.001degree)" />
	<Message ID="MMI::DriverParameter::SYNTEC_M2_V2::Pn640" Content="MAIN_SUPPLY(0.1Vrms)" />
	<Message ID="MMI::DriverParameter::SYNTEC_M2_V2::Pn641" Content="MAX_SUPPLY(0.1V)" />
	<Message ID="MMI::DriverParameter::SYNTEC_M2_V2::Pn642" Content="*PWM frequency(Hz)" />
	<Message ID="MMI::DriverParameter::SYNTEC_M2_V2::Pn644" Content="REGENERAT_OHM_IN(Ohm)" />
	<Message ID="MMI::DriverParameter::SYNTEC_M2_V2::Pn645" Content="REGENERAT_WATT_IN(W)" />
	<Message ID="MMI::DriverParameter::SYNTEC_M2_V2::Pn650" Content="DRV_I_PEAK(0.1A(peak))" />
	<Message ID="MMI::DriverParameter::SYNTEC_M2_V2::Pn651" Content="DRV_I_NOM(0.1Arms)" />
	<Message ID="MMI::DriverParameter::SYNTEC_M2_V2::Pn652" Content="PRC_DRV_I_MAX(0.1%(DRV_I_NOM))" />
	<Message ID="MMI::DriverParameter::SYNTEC_M2_V2::Pn653" Content="DEAD TIME(ns)" />
	<Message ID="MMI::DriverParameter::SYNTEC_M2_V2::Pn654" Content="PWM Output Order" />
	<Message ID="MMI::DriverParameter::SYNTEC_M2_V2::Pn655" Content="Number Of Current Sensor" />
	<Message ID="MMI::DriverParameter::SYNTEC_M2_V2::Pn656" Content="Current Sensor Range(A)" />
	<Message ID="MMI::DriverParameter::SYNTEC_M2_V2::Pn660" Content="DRV_IA_OFFSET(0.01A)" />
	<Message ID="MMI::DriverParameter::SYNTEC_M2_V2::Pn661" Content="DRV_IB_OFFSET(0.01A)" />
	<Message ID="MMI::DriverParameter::SYNTEC_M2_V2::Pn662" Content="DRV_IC_OFFSET(0.01A)" />
	<Message ID="MMI::DriverParameter::SYNTEC_M2_V2::Pn663" Content="DRV_IA_SCALE(0.001)" />
	<Message ID="MMI::DriverParameter::SYNTEC_M2_V2::Pn664" Content="DRV_IB_SCALE(0.001)" />
	<Message ID="MMI::DriverParameter::SYNTEC_M2_V2::Pn665" Content="DRV_IC_SCALE(0.001)" />
	<Message ID="MMI::DriverParameter::SYNTEC_M2_V2::Pn66E" Content="Enable voltage compensate" />
	<Message ID="MMI::DriverParameter::SYNTEC_M2_V2::Pn66F" Content="DTC voltage drop(0.0001)" />
	<Message ID="MMI::DriverParameter::SYNTEC_M2_V2::Pn670" Content="DTC current command 1(0.001A)" />
	<Message ID="MMI::DriverParameter::SYNTEC_M2_V2::Pn671" Content="DTC current command 2(0.001A)" />
	<Message ID="MMI::DriverParameter::SYNTEC_M2_V2::Pn672" Content="DTC current command 3(0.001A)" />
	<Message ID="MMI::DriverParameter::SYNTEC_M2_V2::Pn673" Content="DTC current command 4(0.001A)" />
	<Message ID="MMI::DriverParameter::SYNTEC_M2_V2::Pn674" Content="DTC current command 5(0.001A)" />
	<Message ID="MMI::DriverParameter::SYNTEC_M2_V2::Pn675" Content="DTC current command 6(0.001A)" />
	<Message ID="MMI::DriverParameter::SYNTEC_M2_V2::Pn676" Content="DTC current command 7(0.001A)" />
	<Message ID="MMI::DriverParameter::SYNTEC_M2_V2::Pn677" Content="DTC current command 8(0.001A)" />
	<Message ID="MMI::DriverParameter::SYNTEC_M2_V2::Pn678" Content="DTC current command 9(0.001A)" />
	<Message ID="MMI::DriverParameter::SYNTEC_M2_V2::Pn679" Content="DTC current command 10(0.001A)" />
	<Message ID="MMI::DriverParameter::SYNTEC_M2_V2::Pn67A" Content="DTC current command 11(0.001A)" />
	<Message ID="MMI::DriverParameter::SYNTEC_M2_V2::Pn67B" Content="DTC current command 12(0.001A)" />
	<Message ID="MMI::DriverParameter::SYNTEC_M2_V2::Pn67C" Content="DTC current command 13(0.001A)" />
	<Message ID="MMI::DriverParameter::SYNTEC_M2_V2::Pn67D" Content="DTC current command 14(0.001A)" />
	<Message ID="MMI::DriverParameter::SYNTEC_M2_V2::Pn67E" Content="DTC current command 15(0.001A)" />
	<Message ID="MMI::DriverParameter::SYNTEC_M2_V2::Pn688" Content="DTC delay time 1(ns)" />
	<Message ID="MMI::DriverParameter::SYNTEC_M2_V2::Pn689" Content="DTC delay time 2(ns)" />
	<Message ID="MMI::DriverParameter::SYNTEC_M2_V2::Pn68A" Content="DTC delay time 3(ns)" />
	<Message ID="MMI::DriverParameter::SYNTEC_M2_V2::Pn68B" Content="DTC delay time 4(ns)" />
	<Message ID="MMI::DriverParameter::SYNTEC_M2_V2::Pn68C" Content="DTC delay time 5(ns)" />
	<Message ID="MMI::DriverParameter::SYNTEC_M2_V2::Pn68D" Content="DTC delay time 6(ns)" />
	<Message ID="MMI::DriverParameter::SYNTEC_M2_V2::Pn68E" Content="DTC delay time 7(ns)" />
	<Message ID="MMI::DriverParameter::SYNTEC_M2_V2::Pn68F" Content="DTC delay time 8(ns)" />
	<Message ID="MMI::DriverParameter::SYNTEC_M2_V2::Pn690" Content="DTC delay time 9(ns)" />
	<Message ID="MMI::DriverParameter::SYNTEC_M2_V2::Pn691" Content="DTC delay time 10(ns)" />
	<Message ID="MMI::DriverParameter::SYNTEC_M2_V2::Pn692" Content="DTC delay time 11(ns)" />
	<Message ID="MMI::DriverParameter::SYNTEC_M2_V2::Pn693" Content="DTC delay time 12(ns)" />
	<Message ID="MMI::DriverParameter::SYNTEC_M2_V2::Pn694" Content="DTC delay time 13(ns)" />
	<Message ID="MMI::DriverParameter::SYNTEC_M2_V2::Pn695" Content="DTC delay time 14(ns)" />
	<Message ID="MMI::DriverParameter::SYNTEC_M2_V2::Pn696" Content="DTC delay time 15(ns)" />
	<Message ID="MMI::DriverParameter::SYNTEC_M2_V2::Pn700" Content="MOT_TYPE" />
	<Message ID="MMI::DriverParameter::SYNTEC_M2_V2::Pn701" Content="MOT_POLE_NUM" />
	<Message ID="MMI::DriverParameter::SYNTEC_M2_V2::Pn702" Content="MOT_MAGNETIC_PITCH(N-N)(0.1mm)" />
	<Message ID="MMI::DriverParameter::SYNTEC_M2_V2::Pn704" Content="MOT_MODEL" />
	<Message ID="MMI::DriverParameter::SYNTEC_M2_V2::Pn706" Content="MOT_SN" />
	<Message ID="MMI::DriverParameter::SYNTEC_M2_V2::Pn708" Content="MOT_T_NOM(0.1 N-m;0.1N)" />
	<Message ID="MMI::DriverParameter::SYNTEC_M2_V2::Pn70A" Content="PRC_MOT_T_MAX(0.1%(MOT_T_NOM))" />
	<Message ID="MMI::DriverParameter::SYNTEC_M2_V2::Pn70C" Content="MOT_SPD_NOM(rev/min;mm/s)" />
	<Message ID="MMI::DriverParameter::SYNTEC_M2_V2::Pn70E" Content="MOT_SPD_MAX(rev/min;mm/s)" />
	<Message ID="MMI::DriverParameter::SYNTEC_M2_V2::Pn710" Content="MOT_I_NOM(0.1Arms)" />
	<Message ID="MMI::DriverParameter::SYNTEC_M2_V2::Pn712" Content="MOT_V_NOM(0.1Vrms)" />
	<Message ID="MMI::DriverParameter::SYNTEC_M2_V2::Pn714" Content="LS_D(0.001 mH)" />
	<Message ID="MMI::DriverParameter::SYNTEC_M2_V2::Pn716" Content="LS_Q(0.001 mH)" />
	<Message ID="MMI::DriverParameter::SYNTEC_M2_V2::Pn718" Content="RS(0.001 Ohm)" />
	<Message ID="MMI::DriverParameter::SYNTEC_M2_V2::Pn71A" Content="PRC_MOT_SIGMA_LS(0.1%(MOT_LS))" />
	<Message ID="MMI::DriverParameter::SYNTEC_M2_V2::Pn71C" Content="PRC_MOT_I_FLX_NOM(0.1%(MOT_I_NOM))" />
	<Message ID="MMI::DriverParameter::SYNTEC_M2_V2::Pn71E" Content="MOT_TAU_ROTOR(0.1ms)" />
	<Message ID="MMI::DriverParameter::SYNTEC_M2_V2::Pn720" Content="MOT_INERTIA_ROTOR(g-cm2;g)" />
	<Message ID="MMI::DriverParameter::SYNTEC_M2_V2::Pn722" Content="MOT_TAU_MECH(0.01ms)" />
	<Message ID="MMI::DriverParameter::SYNTEC_M2_V2::Pn724" Content="ENC_ROTOR_OFFSET(0.001degree)" />
	<Message ID="MMI::DriverParameter::SYNTEC_M2_V2::Pn726" Content="I_REG_KP(0.1Hz)" />
	<Message ID="MMI::DriverParameter::SYNTEC_M2_V2::Pn728" Content="I_REG_TI(0.01ms)" />
	<Message ID="MMI::DriverParameter::SYNTEC_M2_V2::Pn72A" Content="MOT_TF_THERM 150%(s)" />
	<Message ID="MMI::DriverParameter::SYNTEC_M2_V2::Pn740" Content="Enable Driver KTY84 Thermal Protection" />
	<Message ID="MMI::DriverParameter::SYNTEC_M2_V2::Pn741" Content="Driver KTY84 thermal protection level(C)" />
	<Message ID="MMI::DriverParameter::SYNTEC_M2_V2::Pn742" Content="1st Internal KTY84 Prot. Level(C)" />
	<Message ID="MMI::DriverParameter::SYNTEC_M2_V2::Pn743" Content="1st External(1) KTY84 Prot. Level(C)" />
	<Message ID="MMI::DriverParameter::SYNTEC_M2_V2::Pn744" Content="1st External(2) KTY84 Prot. Level(C)" />
	<Message ID="MMI::DriverParameter::SYNTEC_M2_V2::Pn746" Content="2nd Internal KTY84 Prot. Level(C)" />
	<Message ID="MMI::DriverParameter::SYNTEC_M2_V2::Pn747" Content="2nd External(1) KTY84 Prot. Level(C)" />
	<Message ID="MMI::DriverParameter::SYNTEC_M2_V2::Pn748" Content="2nd External(2) KTY84 Prot. Level(C)" />
	<Message ID="MMI::DriverParameter::SYNTEC_M2_V2::Pn74A" Content="Disable 1st Internal Thermal Protection" />
	<Message ID="MMI::DriverParameter::SYNTEC_M2_V2::Pn74B" Content="Disable 1st External(1) Thermal Protection" />
	<Message ID="MMI::DriverParameter::SYNTEC_M2_V2::Pn74C" Content="Disable 1st External(2) Thermal Protection" />
	<Message ID="MMI::DriverParameter::SYNTEC_M2_V2::Pn74E" Content="Disable 2nd Internal Thermal Protection" />
	<Message ID="MMI::DriverParameter::SYNTEC_M2_V2::Pn74F" Content="Disable 2nd External(1) Thermal Protection" />
	<Message ID="MMI::DriverParameter::SYNTEC_M2_V2::Pn750" Content="Disable 2nd External(2) Thermal Protection" />
	<Message ID="MMI::DriverParameter::SYNTEC_M2_V2::Pn800" Content="Disable Mechatrolink Sync alarm(0:enable)" />
	<Message ID="MMI::DriverParameter::SYNTEC_M2_V2::Pn801" Content="Gain ratio for encoder index not appear(%)" />
	<Message ID="MMI::DriverParameter::SYNTEC_M2_V2::Pn802" Content="*Enable Half PWM Frequency" />
	<Message ID="MMI::DriverParameter::SYNTEC_M2_V2::Pn803" Content="*Motor Applications (0: Axial; 1: Spindle)" />
	<Message ID="MMI::DriverParameter::SYNTEC_M2_V2::Pn900" Content="*ENC_COMM_TYPE" />
	<Message ID="MMI::DriverParameter::SYNTEC_M2_V2::Pn901" Content="*ENC_PORT_NUMBER" />
	<Message ID="MMI::DriverParameter::SYNTEC_M2_V2::Pn902" Content="*ENC_RESOLUTION(pulse/rev;pulse/mm)" />
	<Message ID="MMI::DriverParameter::SYNTEC_M2_V2::Pn904" Content="*ENC_INC/ABS_TYPE" />
	<Message ID="MMI::DriverParameter::SYNTEC_M2_V2::Pn905" Content="ENC_SINE_OFFSET" />
	<Message ID="MMI::DriverParameter::SYNTEC_M2_V2::Pn906" Content="ENC_COSINE_OFFSET" />
	<Message ID="MMI::DriverParameter::SYNTEC_M2_V2::Pn907" Content="ENC_SINE_SCALE" />
	<Message ID="MMI::DriverParameter::SYNTEC_M2_V2::Pn908" Content="ENC_COSINE_SCALE" />
	<Message ID="MMI::DriverParameter::SYNTEC_M2_V2::Pn909" Content="ENC_PHASE(0.01degree)" />
	<Message ID="MMI::DriverParameter::SYNTEC_M2_V2::Pn90A" Content="*ENC_POLE_NUM" />
	<Message ID="MMI::DriverParameter::SYNTEC_M2_V2::Pn90B" Content="ENC_PITCH_COMP_NUM" />
	<Message ID="MMI::DriverParameter::SYNTEC_M2_V2::Pn90C" Content="ENC_PARAM_SAVE_ENABLE" />
	<Message ID="MMI::DriverParameter::SYNTEC_M2_V2::Pn90D" Content="ENC_SENSOR_HW_ID" />
	<Message ID="MMI::DriverParameter::SYNTEC_M2_V2::Pn90E" Content="ENC_RESET_COUNTER" />
	<Message ID="MMI::DriverParameter::SYNTEC_M2_V2::Pn90F" Content="ENC_ZINDEX_POSITION" />
	<Message ID="MMI::DriverParameter::SYNTEC_M2_V2::Pn910" Content="*ENC_AUTOCOMPEN_ENABLE" />
	<Message ID="MMI::DriverParameter::SYNTEC_M2_V2::Pn920" Content="*ENC2_COMM_TYPE" />
	<Message ID="MMI::DriverParameter::SYNTEC_M2_V2::Pn921" Content="*ENC2_PORT_NUMBER" />
	<Message ID="MMI::DriverParameter::SYNTEC_M2_V2::Pn922" Content="*ENC2_RESOLUTION(pulse/rev;pulse/mm)" />
	<Message ID="MMI::DriverParameter::SYNTEC_M2_V2::Pn924" Content="*ENC2_INC/ABS_TYPE" />
	<Message ID="MMI::DriverParameter::SYNTEC_M2_V2::Pn925" Content="ENC2_SINE_OFFSET" />
	<Message ID="MMI::DriverParameter::SYNTEC_M2_V2::Pn926" Content="ENC2_COSINE_OFFSET" />
	<Message ID="MMI::DriverParameter::SYNTEC_M2_V2::Pn927" Content="ENC2_SINE_SCALE" />
	<Message ID="MMI::DriverParameter::SYNTEC_M2_V2::Pn928" Content="ENC2_COSINE_SCALE" />
	<Message ID="MMI::DriverParameter::SYNTEC_M2_V2::Pn929" Content="ENC2_PHASE(0.01degree)" />
	<Message ID="MMI::DriverParameter::SYNTEC_M2_V2::Pn92A" Content="*ENC2_POLE_NUM" />
	<Message ID="MMI::DriverParameter::SYNTEC_M2_V2::Pn92B" Content="ENC2_PITCH_COMP_NUM" />
	<Message ID="MMI::DriverParameter::SYNTEC_M2_V2::Pn92C" Content="ENC2_PARAM_SAVE_ENABLE" />
	<Message ID="MMI::DriverParameter::SYNTEC_M2_V2::Pn92D" Content="ENC2_SENSOR_HW_ID" />
	<Message ID="MMI::DriverParameter::SYNTEC_M2_V2::Pn92E" Content="ENC2_RESET_COUNTER" />
	<Message ID="MMI::DriverParameter::SYNTEC_M2_V2::Pn92F" Content="ENC2_ZINDEX_POSITION" />
	<Message ID="MMI::DriverParameter::SYNTEC_M2_V2::Pn930" Content="*ENC2_AUTOCOMPEN_ENABLE" />
	<Message ID="MMI::DriverParameter::SYNTEC_M2_V2::Pn940" Content="ENC_Comparison_Voltage" />
	<Message ID="MMI::DriverParameter::SYNTEC_M2_V2::Pn941" Content="ENC_Index_Width" />
	<Message ID="MMI::DriverParameter::SYNTEC_M2_V2::Pn942" Content="ENC_DAC0_Level" />
	<Message ID="MMI::DriverParameter::SYNTEC_M2_V2::Pn943" Content="ENC_DAC1_Level" />
	<Message ID="MMI::DriverParameter::SYNTEC_M2_V2::Pn960" Content="ENC2_Encoder_Comparison_Voltage" />
	<Message ID="MMI::DriverParameter::SYNTEC_M2_V2::Pn961" Content="ENC2_Encoder_Index_Width" />
	<Message ID="MMI::DriverParameter::SYNTEC_M2_V2::Pn962" Content="ENC2_Encoder_DAC0_Level" />
	<Message ID="MMI::DriverParameter::SYNTEC_M2_V2::Pn963" Content="ENC2_Encoder_DAC1_Level" />
	<Message ID="MMI::DriverParameter::SYNTEC_M2_V2::PnC01" Content="Scope divider" />
	<Message ID="MMI::DriverParameter::SYNTEC_M2_V2::PnC02" Content="Scope switch" />
	<Message ID="MMI::DriverParameter::SYNTEC_M2_V2::PnC03" Content="Clear watch dog" />
	<Message ID="MMI::DriverParameter::SYNTEC_M2_V2::PnC10" Content="CH0 enable" />
	<Message ID="MMI::DriverParameter::SYNTEC_M2_V2::PnC11" Content="CH1 enable" />
	<Message ID="MMI::DriverParameter::SYNTEC_M2_V2::PnC12" Content="CH2 enable" />
	<Message ID="MMI::DriverParameter::SYNTEC_M2_V2::PnC13" Content="CH3 enable" />
	<Message ID="MMI::DriverParameter::SYNTEC_M2_V2::PnC20" Content="CH0,2 data type" />
	<Message ID="MMI::DriverParameter::SYNTEC_M2_V2::PnC21" Content="CH1,3 data type" />
	<Message ID="MMI::DriverParameter::SYNTEC_M2_V2::PnC30" Content="CH0 mapping index" />
	<Message ID="MMI::DriverParameter::SYNTEC_M2_V2::PnC31" Content="CH1 mapping index" />
	<Message ID="MMI::DriverParameter::SYNTEC_M2_V2::PnC32" Content="CH2 mapping index" />
	<Message ID="MMI::DriverParameter::SYNTEC_M2_V2::PnC33" Content="CH3 mapping index" />
	<Message ID="MMI::DriverParameter::SYNTEC_M2_V2::PnD20" Content="status word 1" />
	<Message ID="MMI::DriverParameter::SYNTEC_M2_V2::PnD21" Content="Position command(pulse)" />
	<Message ID="MMI::DriverParameter::SYNTEC_M2_V2::PnD22" Content="Positon feedbacck(pulse)" />
	<Message ID="MMI::DriverParameter::SYNTEC_M2_V2::PnD23" Content="Position error(pulse)" />
	<Message ID="MMI::DriverParameter::SYNTEC_M2_V2::PnD24" Content="Mechanical angle(0.0001REV)" />
	<Message ID="MMI::DriverParameter::SYNTEC_M2_V2::PnD25" Content="Index counter(pulse)" />
	<Message ID="MMI::DriverParameter::SYNTEC_M2_V2::PnD26" Content="Speed command(RPM)" />
	<Message ID="MMI::DriverParameter::SYNTEC_M2_V2::PnD27" Content="Speed feedback(RPM)" />
	<Message ID="MMI::DriverParameter::SYNTEC_M2_V2::PnD28" Content="speed error(0.01RPM)(0.01RPM)" />
	<Message ID="MMI::DriverParameter::SYNTEC_M2_V2::PnD29" Content="Torque command(0.1%)" />
	<Message ID="MMI::DriverParameter::SYNTEC_M2_V2::PnD2A" Content="Load ratio(0.1%)" />
	<Message ID="MMI::DriverParameter::SYNTEC_M2_V2::PnD2B" Content="Id current command(0.01A)" />
	<Message ID="MMI::DriverParameter::SYNTEC_M2_V2::PnD2C" Content="Iq current command(0.01A)" />
	<Message ID="MMI::DriverParameter::SYNTEC_M2_V2::PnD2D" Content="Id current feedback(0.01A)" />
	<Message ID="MMI::DriverParameter::SYNTEC_M2_V2::PnD2E" Content="Iq current feedback(0.01A)" />
	<Message ID="MMI::DriverParameter::SYNTEC_M2_V2::PnD2F" Content="Idq current command(0.01A)" />
	<Message ID="MMI::DriverParameter::SYNTEC_M2_V2::PnD30" Content="Idq current fedback(0.01A)" />
	<Message ID="MMI::DriverParameter::SYNTEC_M2_V2::PnD31" Content="Ia current feedback(0.01A)" />
	<Message ID="MMI::DriverParameter::SYNTEC_M2_V2::PnD32" Content="Ib current feedback(0.01A)" />
	<Message ID="MMI::DriverParameter::SYNTEC_M2_V2::PnD33" Content="Ic current feedback(0.01A)" />
	<Message ID="MMI::DriverParameter::SYNTEC_M2_V2::PnD34" Content="Zero phase current feedback(0.01A)" />
	<Message ID="MMI::DriverParameter::SYNTEC_M2_V2::PnD35" Content="I bits status" />
	<Message ID="MMI::DriverParameter::SYNTEC_M2_V2::PnD36" Content="O bits status" />
	<Message ID="MMI::DriverParameter::SYNTEC_M2_V2::PnD37" Content="IGBT temperature(0.1C)" />
	<Message ID="MMI::DriverParameter::SYNTEC_M2_V2::PnD38" Content="DC bus voltage(0.1V)" />
	<Message ID="MMI::DriverParameter::SYNTEC_M2_V2::PnD39" Content="This power on time(s)" />
	<Message ID="MMI::DriverParameter::SYNTEC_M2_V2::PnD3A" Content="Power on time(s)" />
	<Message ID="MMI::DriverParameter::SYNTEC_M2_V2::PnD3B" Content="STATUS_VF_VOLT_MIN(0.001)" />
	<Message ID="MMI::DriverParameter::SYNTEC_M2_V2::PnD3C" Content="Flux weakening start speed(RPM)" />
	<Message ID="MMI::DriverParameter::SYNTEC_M2_V2::PnD3D" Content="Mechanical angle 2(0.0001REV)" />
	<Message ID="MMI::DriverParameter::SYNTEC_M2_V2::PnD3E" Content="Index counter 2(Pulse)" />
	<Message ID="MMI::DriverParameter::SYNTEC_M2_V2::PnD3F" Content="Speed feedback 2(RPM)" />
	<Message ID="MMI::DriverParameter::SYNTEC_M2_V2::PnD40" Content="Second encoder position feedback(pulse)" />
	<Message ID="MMI::DriverParameter::SYNTEC_M2_V2::PnD41" Content="Absolute encoder battery voltage(0.1V)" />
	<Message ID="MMI::DriverParameter::SYNTEC_M2_V2::PnD42" Content="BAT port voltage(0.1V)" />
	<Message ID="MMI::DriverParameter::SYNTEC_M2_V2::PnD43" Content="Data transmit/receive rate(us)" />
	<Message ID="MMI::DriverParameter::SYNTEC_M2_V2::PnD44" Content="Characteristic current of PMSM(0.01A)" />
	<Message ID="MMI::DriverParameter::SYNTEC_M2_V2::PnD45" Content="Radius of voltage constraint of flux weakening control(0.01A)" />
	<Message ID="MMI::DriverParameter::SYNTEC_M2_V2::PnD50" Content="Spindle speed command(RPM)" />
	<Message ID="MMI::DriverParameter::SYNTEC_M2_V2::PnD51" Content="Posing reference angle(0.001degree)" />
	<Message ID="MMI::DriverParameter::SYNTEC_M2_V2::PnD52" Content="Posing complete state" />
	<Message ID="MMI::DriverParameter::SYNTEC_M2_V2::PnD53" Content="Posing error code" />
	<Message ID="MMI::DriverParameter::SYNTEC_M2_V2::PnD54" Content="Achieve torque limit" />
	<Message ID="MMI::DriverParameter::SYNTEC_M2_V2::PnD5A" Content="1st encoder position feedback(for dual-feedback mode monitor)(pulse)" />
	<Message ID="MMI::DriverParameter::SYNTEC_M2_V2::PnD5B" Content="Position error between 1st and 2nd encoder(for dual-feedback mode monitor)(pulse)" />
	<Message ID="MMI::DriverParameter::SYNTEC_M2_V2::PnD60" Content="Measured temperature via KTY84 with Syntec driver(0.1C)" />
	<Message ID="MMI::DriverParameter::SYNTEC_M2_V2::PnD61" Content="Measured temperature via 1st Feedback Syntec encoder internal KTY84(0.1C)" />
	<Message ID="MMI::DriverParameter::SYNTEC_M2_V2::PnD62" Content="Measured temperature via 1st Feedback Syntec encoder external(1) KTY84(0.1C)" />
	<Message ID="MMI::DriverParameter::SYNTEC_M2_V2::PnD63" Content="Measured temperature via 1st Feedback Syntec encoder external(2) KTY84(0.1C)" />
	<Message ID="MMI::DriverParameter::SYNTEC_M2_V2::PnD64" Content="Measured temperature via 1st Feedback Syntec encoder external(3) KTY84(0.1C)" />
	<Message ID="MMI::DriverParameter::SYNTEC_M2_V2::PnD65" Content="Measured temperature via 2nd Feedback Syntec encoder internal KTY84(0.1C)" />
	<Message ID="MMI::DriverParameter::SYNTEC_M2_V2::PnD66" Content="Measured temperature via 2nd Feedback Syntec encoder external(1) KTY84(0.1C)" />
	<Message ID="MMI::DriverParameter::SYNTEC_M2_V2::PnD67" Content="Measured temperature via 2nd Feedback Syntec encoder external(2) KTY84(0.1C)" />
	<Message ID="MMI::DriverParameter::SYNTEC_M2_V2::PnD68" Content="Measured temperature via 2nd Feedback Syntec encoder external(3) KTY84(0.1C)" />
	<Message ID="MMI::DriverParameter::SYNTEC_M2_V2::PnD70" Content="The 5V detect of encoder(0.1V)" />
	<Message ID="MMI::DriverParameter::SYNTEC_M2_V2::PnD71" Content="1st Encoder Z index Alarm" />
	<Message ID="MMI::DriverParameter::SYNTEC_M2_V2::PnD72" Content="2nd Encoder Z index Alarm" />
	<Message ID="MMI::DriverParameter::SYNTEC_M2_V2::PnD73" Content="Encoder package data error count 1" />
	<Message ID="MMI::DriverParameter::SYNTEC_M2_V2::PnD74" Content="Encoder package data error count 2" />
	<Message ID="MMI::DriverParameter::SYNTEC_M2_V2::PnD75" Content="Serial encoder communication error counter" />
	<Message ID="MMI::DriverParameter::SYNTEC_M2_V2::PnD76" Content="Serial encoder disconnection counter" />
	<Message ID="MMI::DriverParameter::SYNTEC_M2_V2::PnD77" Content="Second encoder package data error count 1" />
	<Message ID="MMI::DriverParameter::SYNTEC_M2_V2::PnD78" Content="Second encoder package data error count 2" />
	<Message ID="MMI::DriverParameter::SYNTEC_M2_V2::PnD79" Content="Second encoder communication error counter" />
	<Message ID="MMI::DriverParameter::SYNTEC_M2_V2::PnD7A" Content="Second encoder disconnection counter" />
	<Message ID="MMI::DriverParameter::SYNTEC_M2_V2::PnD80" Content="Rotor inertia(g-cm2)" />
	<Message ID="MMI::DriverParameter::SYNTEC_M2_V2::PnD81" Content="Rotor viscosity(g-cm2/s)" />
	<Message ID="MMI::DriverParameter::SYNTEC_M2_V2::PnD82" Content="Tuning encoder pulse(Pulse)" />
	<Message ID="MMI::DriverParameter::SYNTEC_M2_V2::PnD83" Content="Tuning encoder2 pulse(Pulse)" />
	<Message ID="MMI::DriverParameter::SYNTEC_M2_V2::PnD84" Content="Tuning pole number" />
	<Message ID="MMI::DriverParameter::SYNTEC_M2_V2::PnD85" Content="Detected Magnetic Pitch(0.1mm)" />
	<Message ID="MMI::DriverParameter::SYNTEC_M2_V2::PnD86" Content="Current fault count" />
	<Message ID="MMI::DriverParameter::SYNTEC_M2_V2::PnD87" Content="Mechatrolink communication error count" />
	<Message ID="MMI::DriverParameter::SYNTEC_M2_V2::PnD88" Content="Gravity compensation torque command in inertia tuning(0.1%)" />
	<Message ID="MMI::DriverParameter::SYNTEC_M2_V2::PnD89" Content="Bode frequency in current loop(Hz)" />
	<Message ID="MMI::DriverParameter::SYNTEC_M2_V2::PnD8A" Content="Bode magnitude in current loop(0.1dB)" />
	<Message ID="MMI::DriverParameter::SYNTEC_M2_V2::PnD8B" Content="Bode phase in current loop(degree)" />
	<Message ID="MMI::DriverParameter::SYNTEC_M2_V2::PnD8C" Content="Encoder Sin error calibration result(-)" />
	<Message ID="MMI::DriverParameter::SYNTEC_M2_V2::PnD8D" Content="Encoder Sin error calibration Phase(degree)" />
	<Message ID="MMI::DriverParameter::SYNTEC_M2_V2::PnD8E" Content="Encoder Sin error calibration Amplitude(arcsec)" />
	<Message ID="MMI::DriverParameter::SYNTEC_M2_V2::PnD8F" Content="Encoder Sin error calibration speed error(0.01RPM)" />
	<Message ID="MMI::DriverParameter::SYNTEC_M2_V2::PnD90" Content="Encoder1 Register access error count" />
	<Message ID="MMI::DriverParameter::SYNTEC_M2_V2::PnD91" Content="Encoder2 Register access error count" />
	<Message ID="MMI::DriverParameter::SYNTEC_M2_V2::PnD92" Content="Serial encoder Max continuous command error counter" />
	<Message ID="MMI::DriverParameter::SYNTEC_M2_V2::PnD93" Content="Second Serial encoder Max continuous command error counter" />
	<Message ID="MMI::DriverParameter::SYNTEC_M2_V2::PnD95" Content="Encoder error status ALMC" />
	<Message ID="MMI::DriverParameter::SYNTEC_M2_V2::PnD96" Content="Second encoder error status ALMC" />
	<Message ID="MMI::DriverParameter::SYNTEC_M2_V2::PnE4B" Content="Debug scope 0" />
	<Message ID="MMI::DriverParameter::SYNTEC_M2_V2::PnE4C" Content="Debug scope 1" />
	<Message ID="MMI::DriverParameter::SYNTEC_M2_V2::PnE4D" Content="Debug scope 2" />
	<Message ID="MMI::DriverParameter::SYNTEC_M2_V2::PnE4E" Content="Debug scope 3" />
	<Message ID="MMI::DriverParameter::SYNTEC_M2_V2::PnE4F" Content="Debug scope 4" />
	<Message ID="MMI::DriverParameter::SYNTEC_M2_V2::PnE50" Content="Debug scope 5" />
	<Message ID="MMI::DriverParameter::SYNTEC_M2_V2::PnE51" Content="Debug scope 6" />
	<Message ID="MMI::DriverParameter::SYNTEC_M2_V2::PnE52" Content="Debug scope 7" />
	<Message ID="MMI::DriverParameter::SYNTEC_M2_V2::PnF00" Content="Password" />
	<Message ID="MMI::DriverParameter::SYNTEC_M2_V2::PnF01" Content="I/O output software trigger" />
	<Message ID="MMI::DriverParameter::SYNTEC_M2_V2::PnF10" Content="Enable Auxiliary Functions" />
	<Message ID="MMI::DriverParameter::SYNTEC_M2_V2::PnF11" Content="JOG Direction" />
	<Message ID="MMI::DriverParameter::SYNTEC_M2_V2::PnF13" Content="JOG Mode" />
	<Message ID="MMI::DriverParameter::SYNTEC_M2_V2::PnF14" Content="Motion Limit 1(Pulse)" />
	<Message ID="MMI::DriverParameter::SYNTEC_M2_V2::PnF16" Content="Motion Limit 2(Pulse)" />
	<Message ID="MMI::DriverParameter::SYNTEC_M2_V2::PnF20" Content="Tuning Type" />
	<Message ID="MMI::DriverParameter::SYNTEC_M2_V2::PnF21" Content="Motor Tuning Type" />
	<Message ID="MMI::DriverParameter::SYNTEC_M2_V2::PnF22" Content="Producing Tuning Type" />
	<Message ID="MMI::DriverParameter::SYNTEC_M2_V2::PnF23" Content="Research and Development Tuning Type" />
	<Message ID="MMI::DriverParameter::SYNTEC_M2_V2::PnF2D" Content="Tuning gain ratio(%)" />
	<Message ID="MMI::DriverParameter::SYNTEC_M2_V2::PnF30" Content="Test Function Type" />
	<Message ID="MMI::DriverParameter::SYNTEC_M2_V2::PnF32" Content="Torque Command in Test Mode(%(MOT_I_NOM))" />
	<Message ID="MMI::DriverParameter::SYNTEC_M2_V2::PnF33" Content="Voltage Command in Test Mode(%(MAIN_SUPPLY))" />
	<Message ID="MMI::DriverParameter::SYNTEC_M2_V2::PnF34" Content="Current Command in Test Mode(%(MOT_I_NOM))" />
	<Message ID="MMI::DriverParameter::SYNTEC_M2_V2::PnF35" Content="Frequency Command in Test Mode(%(MOT_SPD_NOM))" />
	<Message ID="MMI::DriverParameter::SYNTEC_M2_V2::PnF36" Content="Encoder ADC Value in Test Mode" />
	<Message ID="MMI::DriverParameter::SYNTEC_M2_V2::PnF40" Content="Save Parameters" />
	<Message ID="MMI::DriverParameter::SYNTEC_M2_V2::PnF42" Content="Reset Alarm" />
	<Message ID="MMI::DriverParameter::SYNTEC_M2_V2::PnF43" Content="Load Default Parameter" />
	<Message ID="MMI::DriverParameter::SYNTEC_M2_V2::PnF44" Content="*Reset Battery Error of Abs. Encoder" />
	<Message ID="MMI::DriverParameter::SYNTEC_M2_V2::PnF60" Content="Debug parameter 0" />
	<Message ID="MMI::DriverParameter::SYNTEC_M2_V2::PnF61" Content="Debug parameter 1" />
	<Message ID="MMI::DriverParameter::SYNTEC_M2_V2::PnF62" Content="Debug parameter 2" />
	<Message ID="MMI::DriverParameter::SYNTEC_M2_V2::PnF63" Content="Debug parameter 3" />
	<Message ID="MMI::DriverParameter::SYNTEC_M2_V2::PnF64" Content="Debug parameter 4" />
	<Message ID="MMI::DriverParameter::SYNTEC_M2_V2::PnF65" Content="Debug parameter 5" />
	<Message ID="MMI::DriverParameter::SYNTEC_M2_V2::PnF66" Content="Debug parameter 6" />
	<Message ID="MMI::DriverParameter::SYNTEC_M2_V2::PnF67" Content="Debug parameter 7" />
	<Message ID="MMI::DriverParameter::SYNTEC_M2_V2::PnF68" Content="EncReadWriteKey" />
	<Message ID="MMI::DriverParameter::SYNTEC_M2_V2::PnF69" Content="EncReadWriteCmd" />
	<Message ID="MMI::DriverParameter::SYNTEC_M2_V2::PnF6A" Content="EncReadWriteAddr" />
	<Message ID="MMI::DriverParameter::SYNTEC_M2_V2::PnF6B" Content="EncReadWriteData" />
	<Message ID="MMI::DriverParameter::SYNTEC_M2_V2::PnF70" Content="Chrip Signal Start Frequency(Hz)" />
	<Message ID="MMI::DriverParameter::SYNTEC_M2_V2::PnF71" Content="Chrip Signal End Frequency(Hz)" />
	<Message ID="MMI::DriverParameter::SYNTEC_M2_V2::PnF72" Content="Chrip Signal During Time(0.1Sec)" />
	<Message ID="MMI::DriverParameter::SYNTEC_M2_V2::PnF73" Content="Chrip Signal Magnitude(%;0.01%)" />
	<Message ID="MMI::DriverParameter::SYNTEC_M2_V2::PnF74" Content="Chrip Signal Setting" />
</ResMap>
