﻿<?xml version="1.0" encoding="UTF-8"?>
<!--Created by 'eHMI'version2.2.31-->
<!--BROWSER SIZE|H:470|W:800-->
<Screen>
	<Name>Brw_SimpleBackup_Main.xml</Name>
	<Panel>
		<Left>0</Left>
		<Top>0</Top>
		<Width>800</Width>
		<Height>470</Height>
		<Name>Pan_SelectItem</Name>
		<BorderStyle>0</BorderStyle>
		<BackColor>192,192,192</BackColor>
		<Caption>
		</Caption>
		<Depth>19</Depth>
	</Panel>
	<Panel>
		<Left>10</Left>
		<Top>190</Top>
		<Width>780</Width>
		<Height>2</Height>
		<Name>Pan_SplitFilePathLine</Name>
		<BorderStyle>0</BorderStyle>
		<Visible>False</Visible>
		<BackColor>0,128,128</BackColor>
		<Caption>
		</Caption>
		<Depth>16</Depth>
	</Panel>
	<Panel>
		<Left>10</Left>
		<Top>383</Top>
		<Width>780</Width>
		<Height>2</Height>
		<Name>Pan_Commit</Name>
		<BorderStyle>0</BorderStyle>
		<BackColor>0,128,128</BackColor>
		<Caption>
		</Caption>
		<Depth>12</Depth>
	</Panel>
	<Label>
		<Left>20</Left>
		<Top>34</Top>
		<Height>25</Height>
		<Width>85</Width>
		<Name>Lab_FilePathTitle</Name>
		<FontSize>14</FontSize>
		<Alignment>0</Alignment>
		<Visible>False</Visible>
		<BackColor>192,192,192</BackColor>
		<Caption>STR::MMI::Setup::Caption::SelectItem::FilePath</Caption>
		<Depth>11</Depth>
	</Label>
	<Label>
		<Left>20</Left>
		<Top>60</Top>
		<Height>25</Height>
		<Width>670</Width>
		<Name>Lab_FilePath</Name>
		<FontSize>14</FontSize>
		<Alignment>0</Alignment>
		<Visible>False</Visible>
		<BackColor>192,192,192</BackColor>
		<Caption></Caption>
		<Depth>10</Depth>
	</Label>
	<Label>
		<Left>20</Left>
		<Top>134</Top>
		<Height>25</Height>
		<Width>247</Width>
		<Name>Lab_FileNameTitle</Name>
		<FontSize>14</FontSize>
		<Alignment>0</Alignment>
		<Visible>False</Visible>
		<BackColor>192,192,192</BackColor>
		<Caption>STR::MMI::FileMgr::Name</Caption>
		<Depth>9</Depth>
	</Label>
	<Label>
		<Left>20</Left>
		<Top>160</Top>
		<Height>25</Height>
		<Width>670</Width>
		<Name>Lab_FileName</Name>
		<FontSize>14</FontSize>
		<Alignment>0</Alignment>
		<Visible>False</Visible>
		<BackColor>192,192,192</BackColor>
		<Caption>
		</Caption>
		<Depth>8</Depth>
	</Label>
	<Label>
		<Left>20</Left>
		<Top>250</Top>
		<Height>80</Height>
		<Width>478</Width>
		<Name>Lab_TotalTimeHint</Name>
		<FontSize>14</FontSize>
		<Alignment>0</Alignment>
		<BackColor>192,192,192</BackColor>
		<Caption></Caption>
		<Depth>3</Depth>
	</Label>
	<Label>
		<Left>20</Left>
		<Top>393</Top>
		<Height>75</Height>
		<Width>262</Width>
		<Name>Lab_BackupConclusion</Name>
		<FontSize>16</FontSize>
		<Alignment>0</Alignment>
		<Visible>False</Visible>
		<ForeColor>128,0,0</ForeColor>
		<BackColor>192,192,192</BackColor>
		<Caption>STR::MMI::Setup::Caption::SelectItem::QueryBackup</Caption>
		<Depth>2</Depth>
	</Label>
	<Panel>
		<Left>10</Left>
		<Top>90</Top>
		<Width>780</Width>
		<Height>2</Height>
		<Name>Pan_SplitLine</Name>
		<BorderStyle>0</BorderStyle>
		<BackColor>0,128,128</BackColor>
		<Caption>
		</Caption>
		<Depth>1</Depth>
	</Panel>
	<Label>
		<Name>Lab_BackupTips</Name>
		<Left>172</Left>
		<Top>160</Top>
		<Width>444</Width>
		<Height>249</Height>
		<BorderStyle>0</BorderStyle>
		<BackColor>192,192,192</BackColor>
		<Depth>2</Depth>
		<ForeColor>25,25,25</ForeColor>
		<FontSize>16</FontSize>
		<Alignment>3</Alignment>
		<Caption>STR::MMI::Setup::Caption::Lab_BackupTips::BackupTips</Caption>
		<Wrap>True</Wrap>
	</Label>
	<Label>
		<Name>Lab_BackupTipsTitle</Name>
		<Left>173</Left>
		<Top>102</Top>
		<Width>248</Width>
		<Height>49</Height>
		<BorderStyle>0</BorderStyle>
		<BackColor>192,192,192</BackColor>
		<Depth>1</Depth>
		<ForeColor>51,51,51</ForeColor>
		<FontSize>16</FontSize>
		<Alignment>0</Alignment>
		<Caption>STR::MMI::Setup::Caption::Lab_BackupTipsTitle::BackupTipsTitle</Caption>
	</Label>
	<Group>
		<Name>BackupItemGroup</Name>
		<CheckBox>
			<Left>10</Left>
			<Top>60</Top>
			<Height>25</Height>
			<Width>160</Width>
			<Name>SyntecBackup</Name>
			<FontSize>12</FontSize>
			<Caption>STR::MMI::Common::SYNTEC_Backup</Caption>
			<BackColor>192,192,192</BackColor>
			<HintLabel>STR::MMI::Setup::Caption::Hint::Backup::SB</HintLabel>
			<SelectActions>
				<Action>CancelMBButton</Action>
			</SelectActions>
		</CheckBox>
		<CheckBox>
			<Left>10</Left>
			<Top>100</Top>
			<Height>25</Height>
			<Width>160</Width>
			<Name>SelectAll</Name>
			<FontSize>12</FontSize>
			<Caption>STR::MMI::Common::SelectAll</Caption>
			<BackColor>192,192,192</BackColor>
			<HintLabel>STR::MMI::Setup::Caption::Hint::Backup::AllSelect</HintLabel>
			<SelectActions>
				<Action>CancelSBButton</Action>
			</SelectActions>
		</CheckBox>
		<CheckBox>
			<Left>10</Left>
			<Top>125</Top>
			<Height>25</Height>
			<Width>160</Width>
			<Name>Ladder</Name>
			<FontSize>12</FontSize>
			<Caption>STR::MMI::Common::PLC</Caption>
			<BackColor>192,192,192</BackColor>
			<HintLabel>STR::MMI::Setup::Caption::Hint::Backup::PLC</HintLabel>
			<SelectActions>
				<Action>CancelSBButton</Action>
			</SelectActions>
		</CheckBox>
		<CheckBox>
			<Left>10</Left>
			<Top>150</Top>
			<Height>25</Height>
			<Width>160</Width>
			<Name>Parameter</Name>
			<FontSize>12</FontSize>
			<Caption>STR::MMI::Common::Parameter</Caption>
			<BackColor>192,192,192</BackColor>
			<HintLabel>STR::MMI::Setup::Caption::Hint::Backup::Parameter</HintLabel>
			<SelectActions>
				<Action>CancelSBButton</Action>
			</SelectActions>
		</CheckBox>
		<CheckBox>
			<Left>10</Left>
			<Top>175</Top>
			<Height>25</Height>
			<Width>160</Width>
			<Name>ParameterExt</Name>
			<FontSize>12</FontSize>
			<Caption>STR::MMI::Common::ParameterExt</Caption>
			<BackColor>192,192,192</BackColor>
			<HintLabel>STR::MMI::Setup::Caption::Hint::Backup::ParameterExt</HintLabel>
			<SelectActions>
				<Action>CancelSBButton</Action>
			</SelectActions>
		</CheckBox>
		<CheckBox>
			<Left>10</Left>
			<Top>200</Top>
			<Height>25</Height>
			<Width>160</Width>
			<Name>Macro</Name>
			<FontSize>12</FontSize>
			<Caption>STR::MMI::Common::Macro</Caption>
			<BackColor>192,192,192</BackColor>
			<HintLabel>STR::MMI::Setup::Caption::Hint::Backup::Macro</HintLabel>
			<SelectActions>
				<Action>CancelSBButton</Action>
			</SelectActions>
		</CheckBox>
		<CheckBox>
			<Left>10</Left>
			<Top>225</Top>
			<Height>25</Height>
			<Width>160</Width>
			<Name>Registry</Name>
			<FontSize>12</FontSize>
			<Caption>STR::MMI::Common::Registry</Caption>
			<BackColor>192,192,192</BackColor>
			<HintLabel>STR::MMI::Setup::Caption::Hint::Backup::Registry</HintLabel>
			<SelectActions>
				<Action>CancelSBButton</Action>
			</SelectActions>
		</CheckBox>
		<CheckBox>
			<Left>10</Left>
			<Top>250</Top>
			<Height>25</Height>
			<Width>160</Width>
			<Name>OCRes</Name>
			<FontSize>12</FontSize>
			<Caption>STR::MMI::Common::OCRes</Caption>
			<BackColor>192,192,192</BackColor>
			<HintLabel>STR::MMI::Setup::Caption::Hint::Backup::OCRes</HintLabel>
			<SelectActions>
				<Action>CancelSBButton</Action>
			</SelectActions>
		</CheckBox>
		<CheckBox>
			<Left>170</Left>
			<Top>125</Top>
			<Height>25</Height>
			<Width>160</Width>
			<Name>HistoryAlarm</Name>
			<FontSize>12</FontSize>
			<Caption>STR::MMI::Common::HistoryAlarm</Caption>
			<BackColor>192,192,192</BackColor>
			<HintLabel>STR::MMI::Setup::Caption::Hint::Backup::HistoryAlarm</HintLabel>
			<SelectActions>
				<Action>CancelSBButton</Action>
			</SelectActions>
		</CheckBox>
		<CheckBox>
			<Left>170</Left>
			<Top>150</Top>
			<Height>25</Height>
			<Width>160</Width>
			<Name>OPLog</Name>
			<FontSize>12</FontSize>
			<Caption>STR::MMI::Common::OpLogFile</Caption>
			<BackColor>192,192,192</BackColor>
			<HintLabel>STR::MMI::Setup::Caption::Hint::Backup::OpLogFile</HintLabel>
			<SelectActions>
				<Action>CancelSBButton</Action>
			</SelectActions>
		</CheckBox>
		<CheckBox>
			<Left>170</Left>
			<Top>175</Top>
			<Height>25</Height>
			<Width>160</Width>
			<Name>DriverParameter</Name>
			<FontSize>12</FontSize>
			<Caption>STR::MMI::Common::DriverParameter</Caption>
			<BackColor>192,192,192</BackColor>
			<HintLabel>STR::MMI::Setup::Caption::Hint::Backup::DriverParameter</HintLabel>
			<SelectActions>
				<Action>CancelSBButton</Action>
			</SelectActions>
		</CheckBox>
		<CheckBox>
			<Left>170</Left>
			<Top>200</Top>
			<Height>25</Height>
			<Width>160</Width>
			<Name>DataLog</Name>
			<FontSize>12</FontSize>
			<Caption>STR::MMI::Common::DataLogFile</Caption>
			<BackColor>192,192,192</BackColor>
			<HintLabel>STR::MMI::Setup::Caption::Hint::Backup::DataLogFile</HintLabel>
			<SelectActions>
				<Action>CancelSBButton</Action>
			</SelectActions>
		</CheckBox>
		<CheckBox>
			<Left>170</Left>
			<Top>225</Top>
			<Height>25</Height>
			<Width>160</Width>
			<Name>AuthoData</Name>
			<FontSize>12</FontSize>
			<Caption>STR::MMI::Common::AuthorityData</Caption>
			<BackColor>192,192,192</BackColor>
			<HintLabel>STR::MMI::Setup::Caption::Hint::Backup::AuthoData</HintLabel>
			<SelectActions>
				<Action>CancelSBButton</Action>
			</SelectActions>
		</CheckBox>
		<CheckBox>
			<Left>170</Left>
			<Top>250</Top>
			<Height>25</Height>
			<Width>160</Width>
			<Name>SPLCAData</Name>
			<FontSize>12</FontSize>
			<Caption>STR::MMI::Common::SerialPLCAxisParam</Caption>
			<BackColor>192,192,192</BackColor>
			<HintLabel>STR::MMI::Setup::Caption::Hint::Backup::SerialPLCAxisParam</HintLabel>
			<SelectActions>
				<Action>CancelSBButton</Action>
			</SelectActions>
		</CheckBox>
		<CheckBox>
			<Left>330</Left>
			<Top>125</Top>
			<Height>25</Height>
			<Width>160</Width>
			<Name>ECamData</Name>
			<FontSize>12</FontSize>
			<Caption>STR::MMI::Common::ECamData</Caption>
			<BackColor>192,192,192</BackColor>
			<HintLabel>STR::MMI::Setup::Caption::Hint::Backup::ECamData</HintLabel>
			<SelectActions>
				<Action>CancelSBButton</Action>
			</SelectActions>
		</CheckBox>
		<CheckBox>
			<Left>330</Left>
			<Top>150</Top>
			<Height>25</Height>
			<Width>160</Width>
			<Name>SRIParameter</Name>
			<FontSize>12</FontSize>
			<Caption>STR::MMI::Common::SriParameter</Caption>
			<BackColor>192,192,192</BackColor>
			<HintLabel>MMI::Setup::Caption::Hint::Backup::SriParameter</HintLabel>
			<SelectActions>
				<Action>CancelSBButton</Action>
			</SelectActions>
		</CheckBox>
		<CheckBox>
			<Left>330</Left>
			<Top>175</Top>
			<Height>25</Height>
			<Width>160</Width>
			<Name>RotData</Name>
			<FontSize>12</FontSize>
			<Caption>STR::MMI::Common::RotParam</Caption>
			<BackColor>192,192,192</BackColor>
			<HintLabel>STR::MMI::Setup::Caption::Hint::Backup::RotParam</HintLabel>
			<SelectActions>
				<Action>CancelSBButton</Action>
			</SelectActions>
		</CheckBox>
		<CheckBox>
			<Left>330</Left>
			<Top>200</Top>
			<Height>25</Height>
			<Width>160</Width>
			<Name>SysData</Name>
			<FontSize>12</FontSize>
			<Caption>STR::MMI::Common::SysData</Caption>
			<BackColor>192,192,192</BackColor>
			<HintLabel>STR::MMI::Setup::Caption::Hint::Backup::SysData</HintLabel>
			<SelectActions>
				<Action>CancelSBButton</Action>
			</SelectActions>
		</CheckBox>

		<SelectAllRule>
			<SelectAllItem>
				<Name>SelectAll</Name>
			</SelectAllItem>
			<Item>
				<Name>Ladder</Name>
				<Name>Parameter</Name>
				<Name>ParameterExt</Name>
				<Name>Macro</Name>
				<Name>Registry</Name>
				<Name>OCRes</Name>
				<Name>HistoryAlarm</Name>
				<Name>OPLog</Name>
				<Name>DriverParameter</Name>
				<Name>DataLog</Name>
				<Name>AuthoData</Name>
				<Name>SPLCAData</Name>
				<Name>ECamData</Name>
				<Name>SRIParameter</Name>
				<Name>RotData</Name>
				<Name>SysData</Name>
			</Item>
		</SelectAllRule>
	</Group>
</Screen>