﻿<?xml version="1.0" encoding="UTF-8"?>
<!--Created by 'eHMI'version2.2.32-->
<ResMap>
  <Message ID="B:QuickHSHPDefault:Cp:Lab_SpeedPrm::SpeedPrm" Content="速度等級參數" />
  <Message ID="B:QuickHSHPDefault:Cp:Lab_Precision::Precision" Content="精度優先" />
  <Message ID="B:QuickHSHPDefault:Cp:Lab_Velocity::Velocity" Content="速度優先" />
  <Message ID="B:QuickHSHPDefault:Cp:Lab_401::401" Content="401" />
  <Message ID="B:QuickHSHPDefault:Cp:Lab_404::404" Content="404" />
  <Message ID="B:QuickHSHPDefault:Cp:Lab_LV1::Lv1" Content="1級" />
  <Message ID="B:QuickHSHPDefault:Cp:Lab_LV9::Lv9" Content="9級" />
  <Message ID="B:QuickHSHPDefault:Cp:Lab_Index::Index" Content="編&#xD;&#xA;號" />
  <Message ID="B:QuickHSHPDefault:Cp:Lab_408::408" Content="408" />
  <Message ID="B:QuickHSHPDefault:Cp:Lab_Smooth::SmoothPrm" Content="平滑等級參數" />
  <Message ID="B:QuickHSHPDefault:Cp:Lab_Accuracy::Accuracy" Content="路徑貼合" />
  <Message ID="B:QuickHSHPDefault:Cp:Lab_HiSmooth::HiSmooth" Content="高平滑性" />
  <Message ID="B:QuickHSHPDefault:Cp:Lab_Lv1::Lv1" Content="1級" />
  <Message ID="B:QuickHSHPDefault:Cp:Lab_Lv9::LV9" Content="9級" />
  <Message ID="B:QuickHSHPDefault:Cp:Label16::Index" Content="編&#xD;&#xA;號" />
  <Message ID="B:QuickHSHPDefault:Cp:Lab_Restore::Restore" Content="是否恢復預設值?" />
</ResMap>