﻿<?xml version="1.0" encoding="UTF-8"?>
<!--Created by 'eHMI'version2.2.26-->
<ResMap>
  <Message ID="Browser::CncAbout::Caption::Lab_SystemName::SystemName" Content="系统名称:" />
  <Message ID="Browser::CncAbout::Caption::Lab_ProductVer::ProductVer" Content="产品版本:" />
  <Message ID="Browser::CncAbout::Caption::Lab_KernelVer::KernelVer" Content="後台版本:" />
  <Message ID="Browser::CncAbout::Caption::Lab_MMIVer::MMIVer" Content="前台版本:" />
  <Message ID="Browser::CncAbout::Caption::Lab_ImageVer::ImageVer" Content="印象档版本:" />
  <Message ID="Browser::CncAbout::Caption::Lab_PLCVer::PLCVer" Content="PLC版本:" />
  <Message ID="Browser::CncAbout::Caption::Label::PlatFormVer" Content="操作系统:" />
  <Message ID="Browser::CncAbout::Caption::Lab_CompanyName::CompanyName" Content="公司名称:" />
  <Message ID="Browser::CncAbout::Caption::Lab_Hint1::Hint1" Content="警告：某些功能可能失效或异常，源起於前後台版本不同" />
  <Message ID="Browser::CncAbout::Caption::Lab_Hint2::Hint2" Content="建议：更新前後台版本，让前後台版本一致" />
  <Message ID="Browser::CncAbout::Caption::Lab_SoftWaveInfo::SoftWaveInfo" Content="软件资讯" />
  <Message ID="Browser::CncAbout::Caption::Lab_HardWaveInfo::HardWaveInfo" Content="硬件资讯" />
  <Message ID="Browser::CncAbout::Caption::Lab_CPUBorad::CPUBorad" Content="主机板:" />
  <Message ID="Browser::CncAbout::Caption::Lab_CNCSerialNo::CNCSerial" Content="控制器序号:" />
  <Message ID="Browser::CncAbout::Caption::Lab_MachinType::MachinType" Content="机床属性:" />
  <Message ID="Browser::CncAbout::Caption::Lab_CNCModel::CNCModel" Content="机床代码:" />
</ResMap>