﻿<?xml version="1.0" encoding="UTF-8"?>
<!--Created by 'eHMI'version2.2.18-->
<ResMap>
  <Message ID="Browser::Absolute Setting::Caption::Lab_AxisTitle::SelectAxis" Content="Axes" />
  <Message ID="Browser::Absolute Setting::Caption::Lab_StatusTitle::AxisStatus" Content="Status" />
  <Message ID="Browser::Absolute Setting::Caption::Lab_TippsTitle::TippsTitle" Content="***Warn!&#xD;&#xA; Changed those setting value would update the machine coordinate.If you don't understand it, please don't change those value.Avoid the serial result." />
  <Message ID="Browser::Absolute Setting::Caption::Lab_TippsStepExplain::TippsStepExplain" Content="Explain the step of reset machine home：" />
  <Message ID="Browser::Absolute Setting::Caption::Lab_TippsStep1::TippsStep1" Content="Step1 Please move the axis to the target position which you want " />
  <Message ID="Browser::Absolute Setting::Caption::Lab_TippsStep2::TippsStep2" Content="Step2 Verify th position is the target. Then please move the focus on the axis." />
  <Message ID="Browser::Absolute Setting::Caption::Lab_TippsStep3::TippsStep3" Content="Step3 Press F1 to reset the machine home. In this moment, cnc            would record the status that become              . " />
  <Message ID="Browser::Absolute Setting::Caption::Lab_TippsStep4::TippsStep4" Content="Step4 Restart CNC." />
  <Message ID="Browser::Absolute Setting::Caption::Lab_TippsStep5::TippsStep5" Content="Step5 After restart, those axes is                 would be reset." />
  <Message ID="Browser::Absolute Setting::Caption::Lab_TippsWaitSetContext::TippsWaitSetContext" Content="Wating" />
  <Message ID="Browser::Absolute Setting::Caption::Lab_TippsWaitSetContext2::TippsWaitSetContext" Content="Wating" />
  <Message ID="Browser::Absolute Setting::Caption::Lab_TippsComment1::TippsCommentA" Content="P.S.     A.If Axes are over one page, then you can use " />
  <Message ID="Browser::Absolute Setting::Caption::Lab_TippsComment2::TippsCommentB" Content="B.The explain of status row:" />
  <Message ID="Browser::Absolute Setting::Caption::Lab_TippsSetExplain::TippsSetExplain" Content="Set = You have been set it。" />
  <Message ID="Browser::Absolute Setting::Caption::Lab_TippsUnsetExplain::TippsUnsetExplain" Content="Unset = You never set it" />
  <Message ID="Browser::Absolute Setting::Caption::Lab_TippsSettingExplain::TippsSettingExplain" Content="Wating = after restart it would be reset." />
</ResMap>