﻿<?xml version="1.0" encoding="UTF-8"?>
<Screen>
	<Name>TableGlobalData</Name>
	<Panel>
		<Name>Panel_TableCoordData</Name>
		<Top>0</Top>
		<Left>0</Left>
		<Width>800</Width>
		<Height>470</Height>
		<BackColor>0,0,0</BackColor>
	</Panel>
	<Label>
		<Caption>Coord Data</Caption>
		<Name>lbl_TableTitle</Name>
		<Left>40</Left>
		<Top>20</Top>
		<Width>100</Width>
		<Height>25</Height>
		<Alignment>0</Alignment> 
		<FontSize>15</FontSize>
		<BorderStyle>0</BorderStyle>
		<ForeColor>0,255,0</ForeColor>
		<BackColor>0,0,0</BackColor>
	</Label>
	<Label>
		<Name>lbl_GrdTitle1</Name>
		<Caption>No</Caption>
		<Left>40</Left>
		<Top>48</Top>
		<Height>22</Height>
		<Width>60</Width>
		<Alignment>2</Alignment>
		<FontSize>12</FontSize>
		<BorderStyle>0</BorderStyle>
		<ForeColor>0,255,0</ForeColor>
		<BackColor>0,0,0</BackColor>
		<Visible>True</Visible>
	</Label>
	<Label>
		<Name>lbl_GrdTitle2</Name>
		<Caption>Data</Caption>
		<Left>100</Left>
		<Top>48</Top>
		<Height>22</Height>
		<Width>180</Width>
		<Alignment>2</Alignment>
		<FontSize>12</FontSize>
		<BorderStyle>0</BorderStyle>
		<ForeColor>0,255,0</ForeColor>
		<BackColor>0,0,0</BackColor>
		<Visible>True</Visible>
	</Label>
	<Label>
		<Name>lbl_GrdTitle3</Name>
		<Caption>No</Caption>
		<Left>280</Left>
		<Top>48</Top>
		<Height>22</Height>
		<Width>60</Width>
		<Alignment>2</Alignment>
		<FontSize>12</FontSize>
		<BorderStyle>0</BorderStyle>
		<ForeColor>0,255,0</ForeColor>
		<BackColor>0,0,0</BackColor>
		<Visible>True</Visible>
	</Label>
	<Label>
		<Name>lbl_GrdTitle4</Name>
		<Caption>Data</Caption>
		<Left>340</Left>
		<Top>48</Top>
		<Height>22</Height>
		<Width>180</Width>
		<Alignment>2</Alignment>
		<FontSize>12</FontSize>
		<BorderStyle>0</BorderStyle>
		<ForeColor>0,255,0</ForeColor>
		<BackColor>0,0,0</BackColor>
		<Visible>True</Visible>
	</Label>
	<Label>
		<Name>lbl_GrdTitle5</Name>
		<Caption>No</Caption>
		<Left>520</Left>
		<Top>48</Top>
		<Height>22</Height>
		<Width>60</Width>
		<Alignment>2</Alignment>
		<FontSize>12</FontSize>
		<BorderStyle>0</BorderStyle>
		<ForeColor>0,255,0</ForeColor>
		<BackColor>0,0,0</BackColor>
		<Visible>True</Visible>
	</Label>
	<Label>
		<Name>lbl_GrdTitle6</Name>
		<Caption>Data</Caption>
		<Left>580</Left>
		<Top>48</Top>
		<Height>22</Height>
		<Width>180</Width>
		<Alignment>2</Alignment>
		<FontSize>12</FontSize>
		<BorderStyle>0</BorderStyle>
		<ForeColor>0,255,0</ForeColor>
		<BackColor>0,0,0</BackColor>
		<Visible>True</Visible>
	</Label>
	<Grid Name="CoordDataTable" Height="23" Repeat="16">
		<Label>
			<Name>lbl_GrdFlowCol1</Name>
			<Caption>1</Caption>
			<Left>40</Left>
			<Top>70</Top>
			<Height>23</Height>
			<Width>60</Width>
			<FontSize>12</FontSize>
			<Alignment>2</Alignment>
			<BorderStyle>0</BorderStyle>
			<ForeColor>0,255,0</ForeColor>
			<BackColor>0,0,0</BackColor>
		</Label>
		<Label>
			<Name>lbl_Col1</Name>
			<Caption>1</Caption>
			<Left>100</Left>
			<Top>70</Top>
			<Width>180</Width>
			<Height>23</Height>
			<Alignment>2</Alignment>
			<BorderStyle>0</BorderStyle>
			<FontSize>12</FontSize>
			<ForeColor>255,255,255</ForeColor>
			<BackColor>0,0,0</BackColor>
		</Label>
		<Label>
			<Name>lbl_GrdFlowCol2</Name>
			<Caption>16</Caption>
			<Left>280</Left>
			<Top>70</Top>
			<Height>23</Height>
			<Width>60</Width>
			<Alignment>2</Alignment>
			<FontSize>12</FontSize>
			<BorderStyle>0</BorderStyle>
			<ForeColor>0,255,0</ForeColor>
			<BackColor>0,0,0</BackColor>
		</Label>
		<Label>
			<Name>lbl_Col2</Name>
			<Left>340</Left>
			<Top>70</Top>
			<Width>180</Width>
			<Height>23</Height>
			<Alignment>2</Alignment>
			<FontSize>12</FontSize>
			<BorderStyle>0</BorderStyle>
			<ForeColor>255,255,255</ForeColor>
			<BackColor>0,0,0</BackColor>
		</Label>
		<Label>
			<Name>lbl_GrdFlowCol3</Name>
			<Caption>32</Caption>
			<Left>520</Left>
			<Top>70</Top>
			<Height>23</Height>
			<Width>60</Width>
			<FontSize>12</FontSize>
			<Alignment>2</Alignment>
			<BorderStyle>0</BorderStyle>
			<ForeColor>0,255,0</ForeColor>
			<BackColor>0,0,0</BackColor>
		</Label>
		<Label>
			<Name>lbl_Col3</Name>
			<Left>580</Left>
			<Top>70</Top>
			<Width>180</Width>
			<Height>23</Height>
			<Alignment>2</Alignment>
			<FontSize>12</FontSize>
			<BorderStyle>0</BorderStyle>
			<ForeColor>255,255,255</ForeColor>
			<BackColor>0,0,0</BackColor>
		</Label>
	</Grid>
</Screen>
