﻿<?xml version="1.0" encoding="UTF-8"?>
<!--Created by 'eHMI'version2.2.24-->
<ResMap>
  <Message ID="Browser::Tapping::Caption::Lab_AdjustVarTitle::Setting" Content="Setting" />
  <Message ID="Browser::Tapping::Caption::Lab_AdjustProgramTitle::ID8" Content="Program" />
  <Message ID="Browser::Tapping::Caption::Lab_AdjustVar1::Plane" Content="Plane" />
  <Message ID="Browser::Tapping::HintLabel::Inp_AdjustVar1" Content="Plane Setting of ballbar" />
  <Message ID="Browser::Tapping::Caption::Lab_AdjustVar2::Direction" Content="Dir." />
  <Message ID="Browser::Tapping::HintLabel::Inp_AdjustVar2" Content="Direction of ballbar, clockwise and counterclockwise" />
  <Message ID="Browser::Tapping::Caption::Lab_AdjustVar3::WorkCoor" Content="Workpiece Coor." />
  <Message ID="Browser::Tapping::HintLabel::Inp_AdjustVar3" Content="Workpiece coordinate for center of ballbar" />
  <Message ID="Browser::Tapping::Caption::Lab_AdjustVar4::Radius" Content="Radius" />
  <Message ID="Browser::Tapping::HintLabel::Inp_AdjustVar4::ID9" Content="Radius of ballbar" />
  <Message ID="Browser::Tapping::Caption::Lab_AdjustVar5::Feedrate" Content="Feedrate" />
  <Message ID="Browser::Tapping::HintLabel::Inp_AdjustVar5::ID10" Content="Feedrate F" />
  <Message ID="Browser::Tapping::Caption::Lab_AdjustVar6::MetricAndInch" Content="Input/Display unit" />
  <Message ID="Browser::Tapping::Caption::Lab_AdjustVar6_1::Metric" Content="Metric" />
  <Message ID="Browser::Tapping::Caption::Lab_AdjustVar6_2::Inch" Content="Inch" />
  <Message ID="Browser::Tapping::HintLabel::Inp_AdjustVar6" Content="Input/Display unit setting of ballbar" /> 
  <Message ID="Browser::Tapping::Caption::Lab_AdjustParamTitle::Parameter" Content="Paramter" />
  <Message ID="Browser::Tapping::Caption::Lab_AdjustSysParamTitle::SysParameter" Content="CNC Parameter" />
  <Message ID="Browser::Tapping::Caption::Lab_AdjustSysParam1::1stHoldTime" Content="1st Hold Time" />
  <Message ID="Browser::Tapping::Caption::Lab_AdjustSysParam2::2ndHoldTime" Content="2nd Hold Time" />
  <Message ID="Browser::Tapping::Caption::Lab_AdjustSysParam3::PosComp" Content="Pos. Comp." />
  <Message ID="Browser::Tapping::Caption::Lab_AdjustSysParam4::NegComp" Content="Neg. Comp." />
  <Message ID="Browser::Tapping::Caption::Lab_AdjustSerialParamTitle::DriverParam" Content="Driver Param." />
  <Message ID="Browser::Tapping::Caption::Lab_AdjustSerialParam1::VelGain" Content="Vel Gain." />
  <Message ID="Browser::Tapping::Caption::Lab_AdjustSerialParam2::VelIntegral" Content="Vel. Integral" />
  <Message ID="Browser::Tapping::Caption::Lab_AdjustSerialParam3::PosGain" Content="Pos. Gain" />
  <Message ID="Browser::Tapping::Caption::Lab_AdjustResult::Result" Content="Result" />
  <Message ID="Browser::Tapping::Caption::Lab_DbgTitle2::Roundness" Content="Roundness" />
  <Message ID="Browser::Tapping::Caption::Lab_DbgTitle1::Resolution" Content="Resolution" />
  <Message ID="Browser::Tapping::Caption::Lab_DbgTitle3::AvgRadius" Content="Avg. Radius" />
</ResMap>