﻿<?xml version="1.0" encoding="UTF-8"?>
<!--Created by 'eHMI'version2.2.17-->
<ResMap>
  <Message ID="Browser::HSHPParamData::Caption::Lab_Title" Content="Application" />
  <Message ID="Browser::HSHPParamData::Caption::Lab_ParamNoHead::ParamID" Content="Index" />
  <Message ID="Browser::HSHPParamData::Caption::Lab_ParamTitleHead::ParamItem" Content="Item" />
  <Message ID="Browser::HSHPParamData::Caption::Lab_Condition1" Content="Cond.1" />
  <Message ID="Browser::HSHPParamData::Caption::Lab_Condition2" Content="Cond.2" />
  <Message ID="Browser::HSHPParamData::Caption::Lab_Condition3" Content="Cond.3" />
  <Message ID="Browser::HSHPParamData::Caption::Lab_Command" Content="Command" />
  <Message ID="Browser::HSHPParamData::Caption::DecriptionLabel::Description" Content="Descriptions of Defaults" />
  <Message ID="Browser::HSHPParamData::Caption::DescriptLabel::P1" Content="P1" />
  <Message ID="Browser::HSHPParamData::Caption::DescriptLabel::P2" Content="P2" />
  <Message ID="Browser::HSHPParamData::Caption::DescriptLabel::P3" Content="P3" />
  <Message ID="Browser::HSHPParamData::Caption::DescriptLabel::P4" Content="P4" />
  <Message ID="Browser::HSHPParamData::Caption::DescriptLabel::P5" Content="P5" />
  <Message ID="Browser::HSHPParamData::Caption::WorkTypeLabel::WorkType" Content="Type" />
  <Message ID="Browser::HSHPParamData::Caption::WorkTypeLabel::P1" Content="Finish" />
  <Message ID="Browser::HSHPParamData::Caption::WorkTypeLabel::P2" Content="Finish" />
  <Message ID="Browser::HSHPParamData::Caption::WorkTypeLabel::P3" Content="Finish" />
  <Message ID="Browser::HSHPParamData::Caption::WorkTypeLabel::P4" Content="Rough" />
  <Message ID="Browser::HSHPParamData::Caption::WorkTypeLabel::P5" Content="Rough" />
  <Message ID="Browser::HSHPParamData::Caption::CharLabel::Characteristic" Content="Characteristic" />
  <Message ID="Browser::HSHPParamData::Caption::CharLabel::P1" Content="　High Precision (smaller contour errors)" />
  <Message ID="Browser::HSHPParamData::Caption::CharLabel::P2" Content="　Normal (Priority based velocity)" />
  <Message ID="Browser::HSHPParamData::Caption::CharLabel::P3" Content="　High Smooth (smooth motion, but larger contour error at corners)" />
  <Message ID="Browser::HSHPParamData::Caption::CharLabel::P4" Content="　Accuracy (applied to thin part stock)" />
  <Message ID="Browser::HSHPParamData::Caption::CharLabel::P5" Content="　Steady (applied to thick part stock)" />
  <Message ID="Browser::HSHPParamData::Caption::PostscriptumLabel::PostscriptumLabel" Content="(TheValues of Pr401 of default parameters are based on Pr405 = 5000)" />
  <Message ID="Browser::HSHPParamData::Caption::Lab_P_Default::HSHPParamDefault" Content="Table" />
</ResMap>