﻿<?xml version="1.0" encoding="UTF-8"?>
<!--Created by 'eHMI'version2.2.17-->
<ResMap>
  <Message ID="Browser::MonGData::Caption::Lab_GStatusTitle::GCode" Content="G码状态" />
  <Message ID="Browser::MonGData::Caption::Lab_Feedrate::FeedRate" Content="进给速率" />
  <Message ID="Browser::MonGData::Caption::Lab_SpindleTitle::SpindleRate" Content="主轴转速" />
  <Message ID="Browser::MonGData::Caption::Lab_InteruptLineNO::InteruptLineNO" Content="断点行号" />
  <Message ID="Browser::MonGData::Caption::Lab_InteruptColNO::InteruptColNO" Content="断点序号" />
  <Message ID="Browser::MonGData::Caption::Lab_PartCountSet::PartCountSet" Content="工件数设定" />
  <Message ID="Browser::MonGData::Caption::Lab_AccmRunTime::AcumRunTime" Content="累计加工时间" />
  <Message ID="Browser::MonGData::Caption::Lab_WorkHour::Hour" Content="时" />
  <Message ID="Browser::MonGData::Caption::Lab_WorkMin::Min" Content="分" />
  <Message ID="Browser::MonGData::Caption::Lab_TotalAcumPartCount::TotalAcumPartCount" Content="总工件数" />
  <Message ID="Browser::MonGData::Caption::Lab_AcumPartCount::AcumPartCount" Content="工件数" />
  <Message ID="Browser::MonGData::Caption::Lab_RequiredPartCount::RequiredPartCount" Content="需求工件数" />
  <Message ID="Browser::MonGData::Caption::Lab_SpindleStatus::SpindleStatus" Content="主轴状态" />
  <Message ID="Browser::MonGData::Caption::Lab_SpindleStatus1::Spindle1st" Content="第一主轴" />
  <Message ID="Browser::MonGData::Caption::Lab_SpindleStatus2::Spindle2nd" Content="第二主轴" />
  <Message ID="Browser::MonGData::Caption::Lab_SpindleStatus3::Spindle3rd" Content="第三主轴" />
  <Message ID="Browser::MonGData::Caption::Lab_SpindleStatus4::Spindle4th" Content="第四主轴" />
  <Message ID="Browser::MonGData::Caption::Lab_SpindleStatus5::Spindle5th" Content="第五主轴" />
  <Message ID="Browser::MonGData::Caption::Lab_SpindleStatus6::Spindle6th" Content="第六主轴" />
  <Message ID="Browser::MonGData::Caption::Lab_123::SyncDeltaAngle" Content="同期基准差" />
  <Message ID="Browser::MonGData::Caption::Lab_123::SyncDiffAngle" Content="同期角度差" />
  <Message ID="Browser::MonGData::Caption::SpindlesStatusRate::SpindleStatusRate" Content="倍率" />
  <Message ID="Browser::MonGData::Caption::SpindleRate::SpindleRate" Content="主轴转速" />
  <Message ID="Browser::MonGData::Caption::Lab_Loading::Loading" Content="负载率" />
  <Message ID="Browser::MonGData::Caption::Lab_HSHPParam::SpeedLevel" Content="速度等级" />
  <Message ID="Browser::MonGData::Caption::Lab_HSHPParam::SmoothLevel" Content="平滑等级" />
  <Message ID="Browser::MonGData::Caption::SyncSpindle::Group1" Content="第一组" />
  <Message ID="Browser::MonGData::Caption::SyncSpindle::Group2" Content="第二组" />
  <Message ID="Browser::MonGData::Caption::SyncSpindle::Group3" Content="第三组" />
</ResMap>