<?xml version="1.0" encoding="utf-8" ?>
<ResMap>
	<Message ID="MMI::NoParamGroup" Content="parameter group doesn't exist!" />
	<Message ID="SRIParam::1" Content="*端口1 是否启用" />
	<Message ID="SRIParam::2" Content="*端口1 通讯协议" />
	<Message ID="SRIParam::3" Content="*端口1 鲍率" />
	<Message ID="SRIParam::4" Content="*端口1 控制模式(0:软件; 1:硬件; 2:混合)" />
	<Message ID="SRIParam::5" Content="*端口1 扫描时间(ms)" />
	<Message ID="SRIParam::6" Content="*端口1 通讯逾时时间(ms)" />
	<Message ID="SRIParam::21" Content="*端口2 是否启用" />
	<Message ID="SRIParam::22" Content="*端口2 通讯协议" />
	<Message ID="SRIParam::23" Content="*端口2 鲍率" />
	<Message ID="SRIParam::24" Content="*端口2 控制模式(0:软件; 1:硬件; 2:混合)" />
	<Message ID="SRIParam::25" Content="*端口2 扫描时间(ms)" />
	<Message ID="SRIParam::26" Content="*端口2 通讯逾时时间(ms)" />
	<Message ID="SRIParam::41" Content="*端口3 是否启用" />
	<Message ID="SRIParam::42" Content="*端口3 通讯协议" />
	<Message ID="SRIParam::43" Content="*端口3 鲍率" />
	<Message ID="SRIParam::44" Content="*端口3 控制模式(0:软件; 1:硬件; 2:混合)" />
	<Message ID="SRIParam::45" Content="*端口3 扫描时间(ms)" />
	<Message ID="SRIParam::46" Content="*端口3 通讯逾时时间(ms)" />
	<Message ID="SRIParam::61" Content="*端口4 是否启用" />
	<Message ID="SRIParam::62" Content="*端口4 通讯协议" />
	<Message ID="SRIParam::63" Content="*端口4 鲍率" />
	<Message ID="SRIParam::64" Content="*端口4 控制模式(0:软件; 1:硬件; 2:混合)" />
	<Message ID="SRIParam::65" Content="*端口4 扫描时间(ms)" />
	<Message ID="SRIParam::66" Content="*端口4 通讯逾时时间(ms)" />
	<Message ID="SRIParam::81" Content="*端口5 是否启用" />
	<Message ID="SRIParam::82" Content="*端口5 通讯协议" />
	<Message ID="SRIParam::83" Content="*端口5 鲍率" />
	<Message ID="SRIParam::84" Content="*端口5 控制模式(0:软件; 1:硬件; 2:混合)" />
	<Message ID="SRIParam::85" Content="*端口5 扫描时间(ms)" />
	<Message ID="SRIParam::86" Content="*端口5 通讯逾时时间(ms)" />
	<Message ID="SRIParam::101" Content="*端口6 是否启用" />
	<Message ID="SRIParam::102" Content="*端口6 通讯协议" />
	<Message ID="SRIParam::103" Content="*端口6 鲍率" />
	<Message ID="SRIParam::104" Content="*端口6 控制模式(0:软件; 1:硬件; 2:混合)" />
	<Message ID="SRIParam::105" Content="*端口6 扫描时间(ms)" />
	<Message ID="SRIParam::106" Content="*端口6 通讯逾时时间(ms)" />
	<Message ID="SRIParam::121" Content="*端口7 是否启用" />
	<Message ID="SRIParam::122" Content="*端口7 通讯协议" />
	<Message ID="SRIParam::123" Content="*端口7 鲍率" />
	<Message ID="SRIParam::124" Content="*端口7 控制模式(0:软件; 1:硬件; 2:混合)" />
	<Message ID="SRIParam::125" Content="*端口7 扫描时间(ms)" />
	<Message ID="SRIParam::126" Content="*端口7 通讯逾时时间(ms)" />
	<Message ID="SRIParam::141" Content="*端口8 是否启用" />
	<Message ID="SRIParam::142" Content="*端口8 通讯协议" />
	<Message ID="SRIParam::143" Content="*端口8 鲍率" />
	<Message ID="SRIParam::144" Content="*端口8 控制模式(0:软件; 1:硬件; 2:混合)" />
	<Message ID="SRIParam::145" Content="*端口8 扫描时间(ms)" />
	<Message ID="SRIParam::146" Content="*端口8 通讯逾时时间(ms)" />
</ResMap>
