﻿<?xml version="1.0" encoding="UTF-8"?>
<!--Created by 'eHMI'version2.2.5-->
<ResMap>
  <Message ID="Browser::_MonSTDData::Caption::Lab_StatusTitle::RunStatus" Content="加工状态" />
  <Message ID="Browser::_MonSTDData::Caption::Lab_WorkTime::RunTime" Content="加工时间" />
  <Message ID="Browser::_MonSTDData::Caption::Lab_WorkHour::Hour" Content="时" />
  <Message ID="Browser::_MonSTDData::Caption::Lab_WorkMin::Min" Content="分" />
  <Message ID="Browser::_MonSTDData::Caption::Lab_WorkSec::Sec" Content="秒" />
  <Message ID="Browser::_MonSTDData::Caption::Lab_AcumPartCount::TotalAcumPartCount" Content="总工件数" />
  <Message ID="Browser::_MonSTDData::Caption::Lab_AcumPartCount::AcumPartCount" Content="工件数" />
  <Message ID="Browser::_MonSTDData::Caption::Lab_Feedrate::FeedRate" Content="进给速率" />
  <Message ID="Browser::_MonSTDData::Caption::Lab_SpindleTitle::SpindleRate" Content="主轴转速" />
  <Message ID="Browser::_MonSTDData::Caption::Lab_StartNo::StartBlockNo" Content="起始单节序号" />
  <Message ID="Browser::_MonSTDData::Caption::Lab_LoadingRate::LoadingRate" Content="负载率" />
</ResMap>