﻿<?xml version="1.0" encoding="UTF-8"?>
<Screen>
	<Name>G175_1</Name>
	<Picture>
		<Name>Back_Picture</Name>
		<Picture>Image\Back1.bmp</Picture>
		<Left>0</Left>
		<Top>0</Top>
		<Height>392</Height>
		<Width>736</Width>
		<BorderStyle>0</BorderStyle>
	</Picture>
	<Picture>
		<Name>Picture_G175</Name>
		<Picture>Image\G1751.bmp</Picture>
		<Left>18</Left>
		<Top>108</Top>
		<Height>250</Height>
		<Width>337</Width>
		<BorderStyle>1</BorderStyle>
	</Picture>
	<Label>
		<Name>G175_Title</Name>
		<Caption>STR::G175::G175_Title</Caption>
		<Left>11</Left>
		<Top>19</Top>
		<Height>25</Height>
		<Width>350</Width>
		<ForeColor>255,255,255</ForeColor>
		<BorderStyle>0</BorderStyle>
		<BackColor>159,145,124</BackColor>
		<Alignment>2</Alignment>
		<FontSize>15</FontSize>
	</Label>
	<Label>
		<Name>XY_Arg</Name>
		<Caption>STR::G173::XY_Arg</Caption>
		<Left>421</Left>
		<Top>12</Top>
		<Height>30</Height>
		<Width>250</Width>
		<ForeColor>255,255,255</ForeColor>
		<BorderStyle>0</BorderStyle>
		<Alignment>2</Alignment>
		<FontSize>15</FontSize>
		<BackColor>159,145,124</BackColor>
	</Label>
	<Label>
		<Name>Track_Range</Name>
		<Caption>STR::G173::Track_Range</Caption>
		<Left>400</Left>
		<Top>65</Top>
		<Height>30</Height>
		<Width>150</Width>
		<ForeColor>255,255,255</ForeColor>
		<BorderStyle>0</BorderStyle>
		<Alignment>0</Alignment>
		<FontSize>15</FontSize>
		<BackColor>159,145,124</BackColor>
	</Label>
	<Label>
		<Name>X_Length</Name>
		<Caption>STR::G173::X_Length</Caption>
		<Left>500</Left>
		<Top>50</Top>
		<Height>30</Height>
		<Width>80</Width>
		<ForeColor>247,239,97</ForeColor>
		<BorderStyle>0</BorderStyle>
		<Alignment>1</Alignment>
		<FontSize>15</FontSize>
		<BackColor>159,145,124</BackColor>
	</Label>
	<Input>
		<Name>Inp_XL</Name>
		<MacroAddr>I</MacroAddr>
		<Left>590</Left>
		<Top>50</Top>
		<Height>30</Height>
		<Width>120</Width>
		<BackColor>235,235,235</BackColor>
		<ForeColor>0,0,0</ForeColor>
		<BorderStyle>1</BorderStyle>
		<Alignment>1</Alignment>
		<FontSize>12</FontSize>
		<InputFormat>Double:3F</InputFormat>
		<HintLabel>STR::G175::Hint::X_Length</HintLabel>
	</Input>
	<Label>
		<Name>Y_Length</Name>
		<Caption>STR::G173::Y_Length</Caption>
		<Left>500</Left>
		<Top>80</Top>
		<Height>30</Height>
		<Width>80</Width>
		<ForeColor>247,239,97</ForeColor>
		<BorderStyle>0</BorderStyle>
		<Alignment>1</Alignment>
		<FontSize>15</FontSize>
		<BackColor>159,145,124</BackColor>
	</Label>
	<Input>
		<Name>Inp_YL</Name>
		<MacroAddr>J</MacroAddr>
		<Left>590</Left>
		<Top>80</Top>
		<Height>30</Height>
		<Width>120</Width>
		<BackColor>235,235,235</BackColor>
		<ForeColor>0,0,0</ForeColor>
		<BorderStyle>1</BorderStyle>
		<Alignment>1</Alignment>
		<FontSize>12</FontSize>
		<InputFormat>Double:3F</InputFormat>
		<HintLabel>STR::G175::Hint::Y_Length</HintLabel>
	</Input>
	<Label>
		<Name>Corner_Radius</Name>
		<Caption>STR::G173::Corner_Radius</Caption>
		<Left>420</Left>
		<Top>110</Top>
		<Height>30</Height>
		<Width>160</Width>
		<ForeColor>247,239,97</ForeColor>
		<BorderStyle>0</BorderStyle>
		<Alignment>1</Alignment>
		<FontSize>15</FontSize>
		<BackColor>159,145,124</BackColor>
	</Label>
	<Input>
		<Name>Inp_CR</Name>
		<MacroAddr>R</MacroAddr>
		<Left>590</Left>
		<Top>110</Top>
		<Height>30</Height>
		<Width>120</Width>
		<BackColor>235,235,235</BackColor>
		<ForeColor>0,0,0</ForeColor>
		<BorderStyle>1</BorderStyle>
		<Alignment>1</Alignment>
		<FontSize>12</FontSize>
		<InputFormat>Double:3F</InputFormat>
		<HintLabel>STR::G173::Hint::Corner_Radius</HintLabel>
	</Input>
	<Label>
		<Name>Cut_Width_2</Name>
		<Caption>STR::G173::Cut_Width</Caption>
		<Left>420</Left>
		<Top>140</Top>
		<Height>30</Height>
		<Width>160</Width>
		<ForeColor>247,239,97</ForeColor>
		<BorderStyle>0</BorderStyle>
		<Alignment>1</Alignment>
		<FontSize>15</FontSize>
		<BackColor>159,145,124</BackColor>
	</Label>
	<Input>
		<Name>Inp_CW2</Name>
		<MacroAddr>W</MacroAddr>
		<Left>590</Left>
		<Top>140</Top>
		<Height>30</Height>
		<Width>120</Width>
		<BackColor>235,235,235</BackColor>
		<ForeColor>0,0,0</ForeColor>
		<BorderStyle>1</BorderStyle>
		<Alignment>1</Alignment>
		<FontSize>12</FontSize>
		<InputFormat>Double:3F</InputFormat>
		<HintLabel>STR::G173::Hint::Cut_Width</HintLabel>
	</Input>
	<Label>
		<Name>Cut_Dire</Name>
		<Caption>STR::G173::Cut_Dire</Caption>
		<Left>420</Left>
		<Top>170</Top>
		<Height>30</Height>
		<Width>160</Width>
		<ForeColor>247,239,97</ForeColor>
		<BorderStyle>0</BorderStyle>
		<Alignment>1</Alignment>
		<FontSize>15</FontSize>
		<BackColor>159,145,124</BackColor>
	</Label>
	<Input>
		<Name>Inp_CD</Name>
		<MacroAddr>U</MacroAddr>
		<Left>590</Left>
		<Top>170</Top>
		<Height>30</Height>
		<Width>120</Width>
		<BackColor>235,235,235</BackColor>
		<ForeColor>0,0,0</ForeColor>
		<BorderStyle>1</BorderStyle>
		<Alignment>1</Alignment>
		<FontSize>12</FontSize>
		<InputFormat>Double:3F</InputFormat>
		<HintLabel>STR::G173::Hint::Cut_Dire</HintLabel>
	</Input>
	<Label>
		<Name>Fin_Amount</Name>
		<Caption>STR::G173::Fin_Amount</Caption>
		<Left>420</Left>
		<Top>200</Top>
		<Height>30</Height>
		<Width>160</Width>
		<ForeColor>247,239,97</ForeColor>
		<BorderStyle>0</BorderStyle>
		<Alignment>1</Alignment>
		<FontSize>15</FontSize>
		<BackColor>159,145,124</BackColor>
	</Label>
	<Input>
		<Name>Inp_FA</Name>
		<MacroAddr>V</MacroAddr>
		<Left>590</Left>
		<Top>200</Top>
		<Height>30</Height>
		<Width>120</Width>
		<BackColor>235,235,235</BackColor>
		<ForeColor>0,0,0</ForeColor>
		<BorderStyle>1</BorderStyle>
		<Alignment>1</Alignment>
		<FontSize>12</FontSize>
		<InputFormat>Double:3F</InputFormat>
		<HintLabel>STR::G173::Hint::Fin_Amount</HintLabel>
	</Input>
	<Label>
		<Name>Fin_Allow</Name>
		<Caption>STR::G173::Fin_Allow</Caption>
		<Left>420</Left>
		<Top>230</Top>
		<Height>30</Height>
		<Width>160</Width>
		<ForeColor>247,239,97</ForeColor>
		<BorderStyle>0</BorderStyle>
		<Alignment>1</Alignment>
		<FontSize>15</FontSize>
		<BackColor>159,145,124</BackColor>
	</Label>
	<Input>
		<Name>Inp_FA2</Name>
		<MacroAddr>P</MacroAddr>
		<Left>590</Left>
		<Top>230</Top>
		<Height>30</Height>
		<Width>120</Width>
		<BackColor>235,235,235</BackColor>
		<ForeColor>0,0,0</ForeColor>
		<BorderStyle>1</BorderStyle>
		<Alignment>1</Alignment>
		<FontSize>12</FontSize>
		<InputFormat>Double:3F</InputFormat>
		<HintLabel>STR::G173::Hint::Fin_Allow</HintLabel>
	</Input>
	<Label>
		<Name>Speed</Name>
		<Caption>STR::G173::Speed</Caption>
		<Left>420</Left>
		<Top>260</Top>
		<Height>30</Height>
		<Width>160</Width>
		<ForeColor>247,239,97</ForeColor>
		<BorderStyle>0</BorderStyle>
		<Alignment>1</Alignment>
		<FontSize>15</FontSize>
		<BackColor>159,145,124</BackColor>
	</Label>
	<Input>
		<Name>Inp_S</Name>
		<MacroAddr>S</MacroAddr>
		<Left>590</Left>
		<Top>260</Top>
		<Height>30</Height>
		<Width>120</Width>
		<BackColor>235,235,235</BackColor>
		<ForeColor>0,0,0</ForeColor>
		<BorderStyle>1</BorderStyle>
		<Alignment>1</Alignment>
		<FontSize>12</FontSize>
		<InputFormat>Double:3F</InputFormat>
		<HintLabel>STR::G173::Hint::Speed</HintLabel>
	</Input>
	<Label>
		<Name>Feedrate</Name>
		<Caption>STR::Cycle::Feedrate</Caption>
		<Left>420</Left>
		<Top>290</Top>
		<Height>30</Height>
		<Width>160</Width>
		<ForeColor>247,239,97</ForeColor>
		<BorderStyle>0</BorderStyle>
		<Alignment>1</Alignment>
		<FontSize>15</FontSize>
		<BackColor>159,145,124</BackColor>
	</Label>
	<Input>
		<Name>Inp_F</Name>
		<MacroAddr>F</MacroAddr>
		<Left>590</Left>
		<Top>290</Top>
		<Height>30</Height>
		<Width>120</Width>
		<BackColor>235,235,235</BackColor>
		<ForeColor>0,0,0</ForeColor>
		<BorderStyle>1</BorderStyle>
		<Alignment>1</Alignment>
		<FontSize>12</FontSize>
		<InputFormat>Double:3F</InputFormat>
		<HintLabel>STR::G173::Hint::Feedrate</HintLabel>
	</Input>
	<Label>
		<Name>Data_Remain</Name>
		<Caption>STR::PControl::Data_Remain</Caption>
		<Left>540</Left>
		<Top>340</Top>
		<Height>27</Height>
		<Width>160</Width>
		<ForeColor>255,255,255</ForeColor>
		<BorderStyle>0</BorderStyle>
		<Alignment>1</Alignment>
		<FontSize>15</FontSize>
		<BackColor>159,145,124</BackColor>
	</Label>
    <Link>
				<Name>NextPage</Name>
        <PageUrl>G175_next.xml</PageUrl>
				
    </Link>

</Screen>
