﻿<?xml version="1.0" encoding="UTF-8"?>
<!--Created by 'eHMI'version2.2.9-->
<!--BROWSER SIZE|H:470|W:800-->
<Screen>
  <Name>G21</Name>
  <Picture>
    <Left>-1</Left>
    <Top>0</Top>
    <Width>736</Width>
    <Height>392</Height>
    <Name>Picture2</Name>
    <Alignment>5</Alignment>
    <BorderStyle>0</BorderStyle>
    <ForeColor>0,0,0</ForeColor>
    <Picture Fit2Height="False" Fit2Width="False">Image\Back1.bmp</Picture>
  </Picture>
  <Label>
    <Left>396</Left>
    <Top>263</Top>
    <Height>62</Height>
    <Width>310</Width>
    <Name>Label12</Name>
    <FontSize>15</FontSize>
    <Alignment>0</Alignment>
    <BorderStyle>1</BorderStyle>
    <BorderColor>0,0,0</BorderColor>
    <ForeColor>255,255,255</ForeColor>
    <BackColor>159,145,124</BackColor>
    <Caption>STR::Browser::G21::Caption::Pitch Lead_L</Caption>
  </Label>
  <Label>
    <Left>396</Left>
    <Top>93</Top>
    <Height>62</Height>
    <Width>308</Width>
    <Name>Label3</Name>
    <FontSize>15</FontSize>
    <Alignment>0</Alignment>
    <BorderStyle>1</BorderStyle>
    <BorderColor>0,0,0</BorderColor>
    <ForeColor>255,255,255</ForeColor>
    <BackColor>159,145,124</BackColor>
    <Caption>STR::Browser::G21::Caption::Z_End</Caption>
  </Label>
  <Label>
    <Left>396</Left>
    <Top>13</Top>
    <Height>62</Height>
    <Width>310</Width>
    <Name>Label6</Name>
    <FontSize>15</FontSize>
    <Alignment>0</Alignment>
    <BorderStyle>1</BorderStyle>
    <BorderColor>0,0,0</BorderColor>
    <ForeColor>255,255,255</ForeColor>
    <BackColor>159,145,124</BackColor>
    <Caption>STR::Browser::G21::Caption::X_End</Caption>
  </Label>
  <Picture>
    <Left>42</Left>
    <Top>146</Top>
    <Width>270</Width>
    <Height>180</Height>
    <Name>Picture1</Name>
    <Alignment>5</Alignment>
    <BorderStyle>1</BorderStyle>
    <ForeColor>0,0,0</ForeColor>
    <Picture Fit2Height="False" Fit2Width="False">Image\g21.bmp</Picture>
  </Picture>
  <Label>
    <Left>510</Left>
    <Top>14</Top>
    <Height>30</Height>
    <Width>75</Width>
    <Name>Label10</Name>
    <FontSize>15</FontSize>
    <Alignment>1</Alignment>
    <BorderStyle>0</BorderStyle>
    <ForeColor>247,239,97</ForeColor>
    <BackColor>159,145,124</BackColor>
    <Caption>STR::Browser::G21::Caption::Abs_X</Caption>
  </Label>
  <Input>
	<EmptyVal>accept</EmptyVal>
    <Left>585</Left>
    <Top>14</Top>
    <Height>30</Height>
    <Width>120</Width>
    <Name>Inp_Abs_X</Name>
    <FontSize>12</FontSize>
    <Alignment>1</Alignment>
    <BorderStyle>1</BorderStyle>
    <ForeColor>0,0,0</ForeColor>
    <BackColor>235,235,235</BackColor>
    <InputFormat>Double:3F</InputFormat>
    <MacroAddr>X</MacroAddr>
    <HintLabel>STR::Browser::G21::HintLabel::Absolute_X</HintLabel>
  </Input>
  <Label>
    <Left>430</Left>
    <Top>174</Top>
    <Height>30</Height>
    <Width>155</Width>
    <Name>Label8</Name>
    <FontSize>15</FontSize>
    <Alignment>1</Alignment>
    <BorderStyle>0</BorderStyle>
    <ForeColor>247,239,97</ForeColor>
    <BackColor>159,145,124</BackColor>
    <Caption>STR::Browser::G21::Caption::Taper_R</Caption>
  </Label>
  <Label>
    <Left>17</Left>
    <Top>115</Top>
    <Height>23</Height>
    <Width>343</Width>
    <Name>Label2</Name>
    <FontSize>15</FontSize>
    <Alignment>0</Alignment>
    <BorderStyle>0</BorderStyle>
    <ForeColor>255,255,255</ForeColor>
    <BackColor>159,145,124</BackColor>
    <Caption>STR::Browser::G21::Caption::G_Code_Type</Caption>
  </Label>
  <Input>
	<EmptyVal>accept</EmptyVal>
    <Left>585</Left>
    <Top>44</Top>
    <Height>30</Height>
    <Width>120</Width>
    <Name>Inp_Inc_U</Name>
    <FontSize>12</FontSize>
    <Alignment>1</Alignment>
    <BorderStyle>1</BorderStyle>
    <ForeColor>0,0,0</ForeColor>
    <BackColor>235,235,235</BackColor>
    <InputFormat>Double:3F</InputFormat>
    <MacroAddr>U</MacroAddr>
    <HintLabel>STR::Browser::G21::HintLabel::Inc_U</HintLabel>
  </Input>
  <Label>
    <Left>510</Left>
    <Top>44</Top>
    <Height>30</Height>
    <Width>75</Width>
    <Name>Label7</Name>
    <FontSize>15</FontSize>
    <Alignment>1</Alignment>
    <BorderStyle>0</BorderStyle>
    <ForeColor>247,239,97</ForeColor>
    <BackColor>159,145,124</BackColor>
    <Caption>STR::Browser::G21::Caption::Inc_U</Caption>
  </Label>
  <Input>
	<EmptyVal>accept</EmptyVal>
    <Left>585</Left>
    <Top>94</Top>
    <Height>30</Height>
    <Width>120</Width>
    <Name>Inp_Abs_Z</Name>
    <FontSize>12</FontSize>
    <Alignment>1</Alignment>
    <BorderStyle>1</BorderStyle>
    <ForeColor>0,0,0</ForeColor>
    <BackColor>235,235,235</BackColor>
    <InputFormat>Double:3F</InputFormat>
    <MacroAddr>Z</MacroAddr>
    <HintLabel>STR::Browser::G21::HintLabel::Abs_Z</HintLabel>
  </Input>
  <Input>
	<EmptyVal>accept</EmptyVal>
    <Left>585</Left>
    <Top>124</Top>
    <Height>30</Height>
    <Width>120</Width>
    <Name>Inp_Inc_W</Name>
    <FontSize>12</FontSize>
    <Alignment>1</Alignment>
    <BorderStyle>1</BorderStyle>
    <ForeColor>0,0,0</ForeColor>
    <BackColor>235,235,235</BackColor>
    <InputFormat>Double:3F</InputFormat>
    <MacroAddr>W</MacroAddr>
    <HintLabel>STR::Browser::G21::HintLabel::Inc_W</HintLabel>
  </Input>
  <Input>
	<EmptyVal>accept</EmptyVal>
    <Left>585</Left>
    <Top>174</Top>
    <Height>30</Height>
    <Width>120</Width>
    <Name>Input5</Name>
    <FontSize>12</FontSize>
    <Alignment>1</Alignment>
    <BorderStyle>1</BorderStyle>
    <ForeColor>0,0,0</ForeColor>
    <BackColor>235,235,235</BackColor>
    <InputFormat>Double:3F</InputFormat>
    <MacroAddr>R</MacroAddr>
    <HintLabel>STR::Browser::G21::HintLabel::Taper_R</HintLabel>
  </Input>
  <Label>
    <Left>430</Left>
    <Top>219</Top>
    <Height>30</Height>
    <Width>155</Width>
    <Name>Label11</Name>
    <FontSize>15</FontSize>
    <Alignment>1</Alignment>
    <BorderStyle>0</BorderStyle>
    <ForeColor>247,239,97</ForeColor>
    <BackColor>159,145,124</BackColor>
    <Caption>STR::Browser::G21::Caption::Speed_S</Caption>
  </Label>
  <Input>
	<EmptyVal>accept</EmptyVal>
    <Left>585</Left>
    <Top>219</Top>
    <Height>30</Height>
    <Width>120</Width>
    <Name>Input7</Name>
    <FontSize>12</FontSize>
    <Alignment>1</Alignment>
    <BorderStyle>1</BorderStyle>
    <ForeColor>0,0,0</ForeColor>
    <BackColor>235,235,235</BackColor>
    <InputFormat>Double:3F</InputFormat>
    <MacroAddr>S</MacroAddr>
    <HintLabel>STR::Browser::G21::HintLabel::Speed_S</HintLabel>
  </Input>
  <Input>
	<EmptyVal>accept</EmptyVal>
    <Left>585</Left>
    <Top>264</Top>
    <Height>30</Height>
    <Width>120</Width>
    <Name>Input8</Name>
    <FontSize>12</FontSize>
    <Alignment>1</Alignment>
    <BorderStyle>1</BorderStyle>
    <ForeColor>0,0,0</ForeColor>
    <BackColor>235,235,235</BackColor>
    <InputFormat>Double:3F</InputFormat>
    <MacroAddr>F</MacroAddr>
    <HintLabel>STR::Browser::G21::HintLabel::Lead_L</HintLabel>
  </Input>
  <Input>
	<EmptyVal>accept</EmptyVal>
    <Left>585</Left>
    <Top>294</Top>
    <Height>30</Height>
    <Width>120</Width>
    <Name>Input9</Name>
    <FontSize>12</FontSize>
    <Alignment>1</Alignment>
    <BorderStyle>1</BorderStyle>
    <ForeColor>0,0,0</ForeColor>
    <BackColor>235,235,235</BackColor>
    <InputFormat>Double:3F</InputFormat>
    <MacroAddr>E</MacroAddr>
    <HintLabel>STR::Browser::G21::HintLabel::Inch</HintLabel>
  </Input>
  <Label>
    <Left>510</Left>
    <Top>264</Top>
    <Height>30</Height>
    <Width>75</Width>
    <Name>Label13</Name>
    <FontSize>15</FontSize>
    <Alignment>1</Alignment>
    <BorderStyle>0</BorderStyle>
    <ForeColor>247,239,97</ForeColor>
    <BackColor>159,145,124</BackColor>
    <Caption>STR::Browser::G21::Caption::Lead</Caption>
  </Label>
  <Label>
    <Left>510</Left>
    <Top>294</Top>
    <Height>30</Height>
    <Width>75</Width>
    <Name>Label14</Name>
    <FontSize>15</FontSize>
    <Alignment>1</Alignment>
    <BorderStyle>0</BorderStyle>
    <ForeColor>247,239,97</ForeColor>
    <BackColor>159,145,124</BackColor>
    <Caption>STR::Browser::G21::Caption::Per Inch_E</Caption>
  </Label>
  <Label>
    <Left>9</Left>
    <Top>23</Top>
    <Height>25</Height>
    <Width>350</Width>
    <Name>Label1</Name>
    <FontSize>15</FontSize>
    <BorderStyle>0</BorderStyle>
    <ForeColor>255,255,255</ForeColor>
    <BackColor>159,145,124</BackColor>
    <Caption>STR::Browser::G21::Caption::G21_Title</Caption>
  </Label>
  <Label>
    <Left>510</Left>
    <Top>94</Top>
    <Height>30</Height>
    <Width>75</Width>
    <Name>Label5</Name>
    <FontSize>15</FontSize>
    <Alignment>1</Alignment>
    <BorderStyle>0</BorderStyle>
    <ForeColor>247,239,97</ForeColor>
    <BackColor>159,145,124</BackColor>
    <Caption>STR::Browser::G21::Caption::Abs_Z</Caption>
  </Label>
  <Label>
    <Left>507</Left>
    <Top>124</Top>
    <Height>30</Height>
    <Width>80</Width>
    <Name>Label4</Name>
    <FontSize>15</FontSize>
    <Alignment>1</Alignment>
    <BorderStyle>0</BorderStyle>
    <ForeColor>247,239,97</ForeColor>
    <BackColor>159,145,124</BackColor>
    <Caption>STR::Browser::G21::Caption::Inc_W</Caption>
  </Label>
  <Label>
    <Left>396</Left>
    <Top>329</Top>
    <Height>39</Height>
    <Width>310</Width>
    <Name>Label15</Name>
    <FontSize>15</FontSize>
    <Alignment>0</Alignment>
    <BorderStyle>1</BorderStyle>
    <BorderColor>0,0,0</BorderColor>
    <ForeColor>255,255,255</ForeColor>
    <BackColor>159,145,124</BackColor>
    <Caption>STR::Browser::G21::Caption::Teeth</Caption>
  </Label>
  <Input>
	<EmptyVal>accept</EmptyVal>
    <Left>585</Left>
    <Top>329</Top>
    <Height>39</Height>
    <Width>120</Width>
    <Name>Input6</Name>
    <FontSize>12</FontSize>
    <Alignment>1</Alignment>
    <BorderStyle>1</BorderStyle>
    <ForeColor>0,0,0</ForeColor>
    <BackColor>235,235,235</BackColor>
    <InputFormat>Double:3F</InputFormat>
    <MacroAddr>H</MacroAddr>
    <HintLabel>STR::Browser::G21::Caption::Teeth</HintLabel>
  </Input>
</Screen>
