﻿<?xml version="1.0" encoding="UTF-8"?>
<!--Created by 'eHMI'version2.2.10-->
<!--BROWSER SIZE|H:470|W:800-->
<Screen>
  <Name>SysFileExportSelect.xml</Name>
  <Panel>
    <Left>0</Left>
    <Top>0</Top>
    <Width>800</Width>
    <Height>470</Height>
    <Name>Pan_ExportItem</Name>
    <BorderStyle>0</BorderStyle>
    <Depth>39</Depth>
    <BackColor>192,192,192</BackColor>
  </Panel>
  <Panel>
    <Left>10</Left>
    <Top>55</Top>
    <Width>200</Width>
    <Height>2</Height>
    <Name>Pan_SplitLine</Name>
    <BorderStyle>0</BorderStyle>
    <Depth>38</Depth>
    <BackColor>0,128,128</BackColor>
  </Panel>
  <Panel>
    <Left>10</Left>
    <Top>330</Top>
    <Width>780</Width>
    <Height>3</Height>
    <Name>Pan_SplitHintLine</Name>
    <BorderStyle>0</BorderStyle>
    <Depth>37</Depth>
    <BackColor>0,128,128</BackColor>
  </Panel>
  <Panel>
    <Left>417</Left>
    <Top>150</Top>
    <Width>180</Width>
    <Height>1</Height>
    <Name>Pan_SplitLine2</Name>
    <BorderStyle>0</BorderStyle>
    <Depth>36</Depth>
    <BackColor>0,128,128</BackColor>
  </Panel>
  <Panel>
    <Left>230</Left>
    <Top>175</Top>
    <Width>180</Width>
    <Height>1</Height>
    <Name>Pan_SplitLine3</Name>
    <BorderStyle>0</BorderStyle>
    <Depth>35</Depth>
    <BackColor>0,128,128</BackColor>
  </Panel>
  <Panel>
    <Left>220</Left>
    <Top>10</Top>
    <Width>3</Width>
    <Height>315</Height>
    <Name>Pan_SplitHLine</Name>
    <BorderStyle>0</BorderStyle>
    <Depth>34</Depth>
    <BackColor>0,128,128</BackColor>
  </Panel>
  <Panel>
    <Left>10</Left>
    <Top>410</Top>
    <Width>780</Width>
    <Height>3</Height>
    <Name>Pan_Comment</Name>
    <BorderStyle>0</BorderStyle>
    <Visible>False</Visible>
    <Depth>33</Depth>
    <BackColor>0,128,128</BackColor>
  </Panel>
  <Label>
    <Left>423</Left>
    <Top>70</Top>
    <Height>25</Height>
    <Width>135</Width>
    <Name>Lab_ParamTitle</Name>
    <FontSize>12</FontSize>
    <BorderStyle>2</BorderStyle>
    <Depth>32</Depth>
    <BorderColor>68,68,68</BorderColor>
    <ForeColor>68,68,68</ForeColor>
    <BackColor>192,192,192</BackColor>
    <Caption>STR::MMI::Common::Parameter</Caption>
  </Label>
  <Label>
    <Left>423</Left>
    <Top>105</Top>
    <Height>25</Height>
    <Width>135</Width>
    <Name>Lab_Param</Name>
    <FontSize>12</FontSize>
    <Alignment>0</Alignment>
    <BorderStyle>0</BorderStyle>
    <Depth>31</Depth>
    <ForeColor>68,68,68</ForeColor>
    <BackColor>192,192,192</BackColor>
    <Caption>param.dat</Caption>
  </Label>
  <Label>
    <Left>610</Left>
    <Top>70</Top>
    <Height>25</Height>
    <Width>135</Width>
    <Name>Lab_RegistryTitle</Name>
    <FontSize>12</FontSize>
    <BorderStyle>2</BorderStyle>
    <Depth>30</Depth>
    <BorderColor>68,68,68</BorderColor>
    <ForeColor>68,68,68</ForeColor>
    <BackColor>192,192,192</BackColor>
    <Caption>STR::MMI::Common::Registry</Caption>
  </Label>
  <Label>
    <Left>610</Left>
    <Top>100</Top>
    <Height>25</Height>
    <Width>135</Width>
    <Name>Lab_Registry</Name>
    <FontSize>12</FontSize>
    <Alignment>0</Alignment>
    <BorderStyle>0</BorderStyle>
    <Depth>29</Depth>
    <ForeColor>68,68,68</ForeColor>
    <BackColor>192,192,192</BackColor>
    <Caption>Registry.dat</Caption>
  </Label>
  <Label>
    <Left>231</Left>
    <Top>188</Top>
    <Height>25</Height>
    <Width>135</Width>
    <Name>Lab_ParamExTitle</Name>
    <FontSize>12</FontSize>
    <BorderStyle>2</BorderStyle>
    <Depth>28</Depth>
    <BorderColor>68,68,68</BorderColor>
    <ForeColor>68,68,68</ForeColor>
    <BackColor>192,192,192</BackColor>
    <Caption>STR::MMI::Common::ParameterExt</Caption>
  </Label>
  <Label Role="HintLabel">
    <Left>10</Left>
    <Top>340</Top>
    <Height>70</Height>
    <Width>780</Width>
    <Name>Lab_ItemHint</Name>
    <FontSize>12</FontSize>
    <Alignment>3</Alignment>
    <BorderStyle>0</BorderStyle>
    <Depth>27</Depth>
    <BackColor>192,192,192</BackColor>
    <Caption>
    </Caption>
  </Label>
  <Label>
    <Left>10</Left>
    <Top>415</Top>
    <Height>50</Height>
    <Width>780</Width>
    <Name>Lab_ExportConclusion</Name>
    <FontSize>16</FontSize>
    <Alignment>0</Alignment>
    <BorderStyle>0</BorderStyle>
    <Visible>False</Visible>
    <Depth>26</Depth>
    <ForeColor>176,0,0</ForeColor>
    <BackColor>192,192,192</BackColor>
    <Caption>STR::MMI::SysFile::Export::QuerySysFileExport</Caption>
  </Label>
  <Panel>
    <Left>413</Left>
    <Top>60</Top>
    <Width>1</Width>
    <Height>265</Height>
    <Name>Pan_SplitHLine2</Name>
    <BorderStyle>0</BorderStyle>
    <Depth>25</Depth>
    <BackColor>0,128,128</BackColor>
  </Panel>
  <Label>
    <Left>10</Left>
    <Top>10</Top>
    <Height>40</Height>
    <Width>200</Width>
    <Name>Lab_FuncTitle</Name>
    <FontSize>14</FontSize>
    <Alignment>0</Alignment>
    <BorderStyle>0</BorderStyle>
    <Depth>24</Depth>
    <BackColor>192,192,192</BackColor>
    <Caption>STR::MMI::SysFile::ExportTitle</Caption>
  </Label>
  <Panel>
    <Left>600</Left>
    <Top>60</Top>
    <Width>1</Width>
    <Height>265</Height>
    <Name>Pan_SplitHLine3</Name>
    <BorderStyle>0</BorderStyle>
    <Depth>23</Depth>
    <BackColor>0,128,128</BackColor>
  </Panel>
  <Label>
    <Left>231</Left>
    <Top>70</Top>
    <Height>25</Height>
    <Width>135</Width>
    <Name>Lab_LadderTitle</Name>
    <FontSize>12</FontSize>
    <BorderStyle>2</BorderStyle>
    <Depth>22</Depth>
    <BorderColor>68,68,68</BorderColor>
    <ForeColor>68,68,68</ForeColor>
    <BackColor>192,192,192</BackColor>
    <Caption>STR::MMI::Common::PLC</Caption>
  </Label>
  <Label>
    <Left>610</Left>
    <Top>160</Top>
    <Height>25</Height>
    <Width>135</Width>
    <Name>Lab_SerialPLCAxisParamTitle</Name>
    <FontSize>12</FontSize>
    <BorderStyle>2</BorderStyle>
    <Depth>21</Depth>
    <BorderColor>68,68,68</BorderColor>
    <ForeColor>68,68,68</ForeColor>
    <BackColor>192,192,192</BackColor>
    <Caption>STR::MMI::Common::SerialPLCAxisParam</Caption>
  </Label>
  <Label>
    <Left>605</Left>
    <Top>195</Top>
    <Height>25</Height>
    <Width>188</Width>
    <Name>Lab_SerialPLCAxisParam</Name>
    <FontSize>12</FontSize>
    <Alignment>0</Alignment>
    <BorderStyle>0</BorderStyle>
    <Depth>12</Depth>
    <ForeColor>68,68,68</ForeColor>
    <BackColor>192,192,192</BackColor>
    <Caption>SerialPLCParam1-32.dat</Caption>
  </Label>
  <Label>
    <Left>423</Left>
    <Top>250</Top>
    <Height>25</Height>
    <Width>135</Width>
    <Name>Lab_RotParamTitle</Name>
    <FontSize>12</FontSize>
    <BorderStyle>2</BorderStyle>
    <Depth>22</Depth>
    <BorderColor>68,68,68</BorderColor>
    <ForeColor>68,68,68</ForeColor>
    <BackColor>192,192,192</BackColor>
    <Caption>STR::MMI::Common::RotParam</Caption>
  </Label>
  <Label>
    <Left>423</Left>
    <Top>285</Top>
    <Height>25</Height>
    <Width>135</Width>
    <Name>Lab_RotParam</Name>
    <FontSize>12</FontSize>
    <Alignment>0</Alignment>
    <BorderStyle>0</BorderStyle>
    <Depth>12</Depth>
    <ForeColor>68,68,68</ForeColor>
    <BackColor>192,192,192</BackColor>
    <Caption>RotParam.dat</Caption>
  </Label>
  <Label>
    <Left>610</Left>
    <Top>250</Top>
    <Height>25</Height>
    <Width>135</Width>
    <Name>Lab_ECamDataTitle</Name>
    <FontSize>12</FontSize>
    <BorderStyle>2</BorderStyle>
    <BorderColor>68,68,68</BorderColor>
    <ForeColor>68,68,68</ForeColor>
    <BackColor>192,192,192</BackColor>
    <Caption>STR::MMI::Common::ECamData</Caption>
  </Label>
  <Label>
    <Left>610</Left>
    <Top>285</Top>
    <Height>25</Height>
    <Width>135</Width>
    <Name>Lab_ECamData</Name>
    <FontSize>12</FontSize>
    <Alignment>0</Alignment>
    <BorderStyle>0</BorderStyle>
    <ForeColor>68,68,68</ForeColor>
    <BackColor>192,192,192</BackColor>
    <Caption>ECam.xml</Caption>
  </Label>
  <Label>
    <Left>423</Left>
    <Top>160</Top>
    <Height>25</Height>
    <Width>135</Width>
    <Name>Lab_MacroAlarmTitle</Name>
    <FontSize>12</FontSize>
    <BorderStyle>2</BorderStyle>
    <Depth>20</Depth>
    <BorderColor>68,68,68</BorderColor>
    <ForeColor>68,68,68</ForeColor>
    <BackColor>192,192,192</BackColor>
    <Caption>STR::MMI::Common::MacroAlarm</Caption>
  </Label>
  <Panel>
    <Left>604</Left>
    <Top>150</Top>
    <Width>186</Width>
    <Height>1</Height>
    <Name>Pan_SplitLine4</Name>
    <BorderStyle>0</BorderStyle>
    <Depth>19</Depth>
    <BackColor>0,128,128</BackColor>
  </Panel>
  <Panel>
    <Left>604</Left>
    <Top>240</Top>
    <Width>186</Width>
    <Height>1</Height>
    <Name>Pan_SplitLine5</Name>
    <BorderStyle>0</BorderStyle>
    <BackColor>0,128,128</BackColor>
  </Panel>
  <Panel>
    <Left>417</Left>
    <Top>240</Top>
    <Width>186</Width>
    <Height>1</Height>
    <Name>Pan_SplitLine6</Name>
    <BorderStyle>0</BorderStyle>
    <BackColor>0,128,128</BackColor>
  </Panel>
  <Label>
    <Left>423</Left>
    <Top>195</Top>
    <Height>25</Height>
    <Width>102</Width>
    <Name>Lab_MacroAlarm</Name>
    <FontSize>12</FontSize>
    <Alignment>0</Alignment>
    <BorderStyle>0</BorderStyle>
    <Depth>18</Depth>
    <ForeColor>68,68,68</ForeColor>
    <BackColor>192,192,192</BackColor>
    <Caption>AlarmMacro_</Caption>
  </Label>
  <Label>
    <Left>231</Left>
    <Top>105</Top>
    <Height>25</Height>
    <Width>106</Width>
    <Name>Lab_Ladder</Name>
    <FontSize>12</FontSize>
    <Alignment>0</Alignment>
    <BorderStyle>0</BorderStyle>
    <Depth>17</Depth>
    <ForeColor>68,68,68</ForeColor>
    <BackColor>192,192,192</BackColor>
    <Caption>cnc.lad</Caption>
  </Label>
  <Label>
    <Left>231</Left>
    <Top>223</Top>
    <Height>25</Height>
    <Width>106</Width>
    <Name>Lab_ParamEx</Name>
    <FontSize>12</FontSize>
    <Alignment>0</Alignment>
    <BorderStyle>0</BorderStyle>
    <Depth>16</Depth>
    <ForeColor>68,68,68</ForeColor>
    <BackColor>192,192,192</BackColor>
    <Caption>paramext.pxt</Caption>
  </Label>
  <Label>
    <Left>231</Left>
    <Top>258</Top>
    <Height>25</Height>
    <Width>86</Width>
    <Name>Lab_ParamExL</Name>
    <FontSize>12</FontSize>
    <Alignment>0</Alignment>
    <BorderStyle>0</BorderStyle>
    <Depth>15</Depth>
    <ForeColor>68,68,68</ForeColor>
    <BackColor>192,192,192</BackColor>
    <Caption>ParamExt_</Caption>
  </Label>
  <Label>
    <Left>231</Left>
    <Top>293</Top>
    <Height>25</Height>
    <Width>123</Width>
    <Name>Lab_ParamExRBit</Name>
    <FontSize>12</FontSize>
    <Alignment>0</Alignment>
    <BorderStyle>0</BorderStyle>
    <Depth>14</Depth>
    <ForeColor>68,68,68</ForeColor>
    <BackColor>192,192,192</BackColor>
    <Caption>Paramext_RBit_</Caption>
  </Label>
  <Panel>
    <Left>230</Left>
    <Top>55</Top>
    <Width>560</Width>
    <Height>2</Height>
    <Name>Pan_Language</Name>
    <BorderStyle>0</BorderStyle>
    <Depth>13</Depth>
    <BackColor>0,128,128</BackColor>
  </Panel>
  <Label>
    <Left>231</Left>
    <Top>140</Top>
    <Height>25</Height>
    <Width>90</Width>
    <Name>Lab_PLCAlarm</Name>
    <FontSize>12</FontSize>
    <Alignment>0</Alignment>
    <BorderStyle>0</BorderStyle>
    <Depth>12</Depth>
    <ForeColor>68,68,68</ForeColor>
    <BackColor>192,192,192</BackColor>
    <Caption>AlarmPLC_</Caption>
  </Label>
  <Label>
    <Left>249</Left>
    <Top>9</Top>
    <Height>40</Height>
    <Width>539</Width>
    <Name>Lab_MLanguageTitle</Name>
    <FontSize>14</FontSize>
    <Alignment>0</Alignment>
    <BorderStyle>0</BorderStyle>
    <Depth>9</Depth>
    <ForeColor>68,68,68</ForeColor>
    <BackColor>192,192,192</BackColor>
    <Caption>
    </Caption>
  </Label>
  <Label>
    <Left>315</Left>
    <Top>140</Top>
    <Height>25</Height>
    <Width>17</Width>
    <Name>Lab_L2</Name>
    <FontSize>12</FontSize>
    <Alignment>0</Alignment>
    <BorderStyle>0</BorderStyle>
    <Depth>8</Depth>
    <ForeColor>176,0,0</ForeColor>
    <BackColor>255,255,0</BackColor>
    <Caption>L</Caption>
  </Label>
  <Label>
    <Left>235</Left>
    <Top>9</Top>
    <Height>40</Height>
    <Width>17</Width>
    <Name>Lab_L</Name>
    <FontSize>14</FontSize>
    <Alignment>0</Alignment>
    <BorderStyle>0</BorderStyle>
    <Depth>7</Depth>
    <ForeColor>176,0,0</ForeColor>
    <BackColor>255,255,0</BackColor>
    <Caption>L</Caption>
  </Label>
  <Label>
    <Left>520</Left>
    <Top>195</Top>
    <Height>25</Height>
    <Width>17</Width>
    <Name>Lab_L3</Name>
    <FontSize>12</FontSize>
    <Alignment>0</Alignment>
    <BorderStyle>0</BorderStyle>
    <Depth>6</Depth>
    <ForeColor>176,0,0</ForeColor>
    <BackColor>255,255,0</BackColor>
    <Caption>L</Caption>
  </Label>
  <Label>
    <Left>312</Left>
    <Top>258</Top>
    <Height>25</Height>
    <Width>17</Width>
    <Name>Lab_L4</Name>
    <FontSize>12</FontSize>
    <Alignment>0</Alignment>
    <BorderStyle>0</BorderStyle>
    <Depth>5</Depth>
    <ForeColor>176,0,0</ForeColor>
    <BackColor>255,255,0</BackColor>
    <Caption>L</Caption>
  </Label>
  <Label>
    <Left>322</Left>
    <Top>258</Top>
    <Height>25</Height>
    <Width>35</Width>
    <Name>Lab_XML3</Name>
    <FontSize>12</FontSize>
    <Alignment>0</Alignment>
    <BorderStyle>0</BorderStyle>
    <Depth>4</Depth>
    <ForeColor>0,0,0</ForeColor>
    <BackColor>192,192,192</BackColor>
    <Caption>.xml</Caption>
  </Label>
  <Label>
    <Left>349</Left>
    <Top>293</Top>
    <Height>25</Height>
    <Width>17</Width>
    <Name>Lab_L5</Name>
    <FontSize>12</FontSize>
    <Alignment>0</Alignment>
    <BorderStyle>0</BorderStyle>
    <Depth>3</Depth>
    <ForeColor>176,0,0</ForeColor>
    <BackColor>255,255,0</BackColor>
    <Caption>L</Caption>
  </Label>
  <Label>
    <Left>358</Left>
    <Top>293</Top>
    <Height>25</Height>
    <Width>35</Width>
    <Name>Lab_XML4</Name>
    <FontSize>12</FontSize>
    <Alignment>0</Alignment>
    <BorderStyle>0</BorderStyle>
    <Depth>2</Depth>
    <ForeColor>0,0,0</ForeColor>
    <BackColor>192,192,192</BackColor>
    <Caption>.xml</Caption>
  </Label>
  <Label>
    <Left>530</Left>
    <Top>195</Top>
    <Height>25</Height>
    <Width>35</Width>
    <Name>Lab_XML2</Name>
    <FontSize>12</FontSize>
    <Alignment>0</Alignment>
    <BorderStyle>0</BorderStyle>
    <Depth>1</Depth>
    <ForeColor>0,0,0</ForeColor>
    <BackColor>192,192,192</BackColor>
    <Caption>.xml</Caption>
  </Label>
  <Label>
    <Left>324</Left>
    <Top>140</Top>
    <Height>25</Height>
    <Width>35</Width>
    <Name>Lab_XML</Name>
    <FontSize>12</FontSize>
    <Alignment>0</Alignment>
    <BorderStyle>0</BorderStyle>
    <Depth>0</Depth>
    <ForeColor>0,0,0</ForeColor>
    <BackColor>192,192,192</BackColor>
    <Caption>.xml</Caption>
  </Label>
  <Group Name="ExportGroup">
    <CheckBox>
      <Left>10</Left>
      <Top>70</Top>
      <Height>25</Height>
      <Width>180</Width>
      <Name>Cbx_SelectAll</Name>
      <FontSize>14</FontSize>
      <Caption>STR::MMI::Common::SelectAll</Caption>
	  <BackColor>192,192,192</BackColor>
      <Enabled>True</Enabled>
	  <Select>True</Select>
	  <HintLabel>STR::MMI::SysFile::Export::AllSelect</HintLabel>
    </CheckBox>
    <CheckBox>
      <Left>10</Left>
      <Top>95</Top>
      <Height>25</Height>
      <Width>180</Width>
      <Name>Cbx_PLC</Name>
      <FontSize>14</FontSize>
      <Caption>STR::MMI::Common::PLC</Caption>
	  <BackColor>192,192,192</BackColor>
      <Enabled>True</Enabled>
	  <HintLabel>STR::MMI::SysFile::Export::PLC</HintLabel>
    </CheckBox>
    <CheckBox>
      <Left>10</Left>
      <Top>120</Top>
      <Height>25</Height>
      <Width>180</Width>
      <Name>Cbx_Parameter</Name>
      <FontSize>14</FontSize>
      <Caption>STR::MMI::Common::Parameter</Caption>
	  <BackColor>192,192,192</BackColor>
      <Enabled>True</Enabled>
	  <HintLabel>STR::MMI::SysFile::Export::Parameter</HintLabel>
    </CheckBox>
    <CheckBox>
      <Left>10</Left>
      <Top>145</Top>
      <Height>25</Height>
      <Width>180</Width>
      <Name>Cbx_ParameterExt</Name>
      <FontSize>14</FontSize>
      <Caption>STR::MMI::Common::ParameterExt</Caption>
	  <BackColor>192,192,192</BackColor>
      <Enabled>True</Enabled>
	  <HintLabel>STR::MMI::SysFile::Export::ParameterExt</HintLabel>
    </CheckBox>
	<CheckBox>
      <Left>10</Left>
      <Top>170</Top>
      <Height>25</Height>
      <Width>180</Width>
      <Name>Cbx_MacroAlarm</Name>
      <FontSize>14</FontSize>
      <Caption>STR::MMI::Common::MacroAlarm</Caption>
	  <BackColor>192,192,192</BackColor>
      <Enabled>True</Enabled>
	  <HintLabel>STR::MMI::SysFile::Export::MacroAlarm</HintLabel>
    </CheckBox>
	<CheckBox>
      <Left>10</Left>
      <Top>195</Top>
      <Height>25</Height>
      <Width>180</Width>
      <Name>Cbx_Registry</Name>
      <FontSize>14</FontSize>
      <Caption>STR::MMI::Common::Registry</Caption>
	  <BackColor>192,192,192</BackColor>
      <Enabled>True</Enabled>
	  <HintLabel>STR::MMI::SysFile::Export::Registry</HintLabel>
    </CheckBox>
    <CheckBox>
      <Left>10</Left>
      <Top>220</Top>
      <Height>25</Height>
      <Width>180</Width>
      <Name>Cbx_SerialPLCAxisParam</Name>
      <FontSize>14</FontSize>
      <Caption>STR::MMI::Common::SerialPLCAxisParam</Caption>
	  <BackColor>192,192,192</BackColor>
      <Enabled>True</Enabled>
	  <HintLabel>STR::MMI::SysFile::Export::SerialPLCAxisParam</HintLabel>
    </CheckBox>
	<CheckBox>
      <Left>10</Left>
      <Top>245</Top>
      <Height>25</Height>
      <Width>180</Width>
      <Name>Cbx_ECamData</Name>
      <FontSize>14</FontSize>
      <Caption>STR::MMI::Common::ECamData</Caption>
	  <BackColor>192,192,192</BackColor>
      <Enabled>True</Enabled>
	  <HintLabel>STR::MMI::SysFile::Export::ECamData</HintLabel>
    </CheckBox>
	<CheckBox>
      <Left>10</Left>
      <Top>270</Top>
      <Height>25</Height>
      <Width>180</Width>
      <Name>Cbx_RotParam</Name>
      <FontSize>14</FontSize>
      <Caption>STR::MMI::Common::RotParam</Caption>
	  <BackColor>192,192,192</BackColor>
      <Enabled>True</Enabled>
	  <HintLabel>STR::MMI::SysFile::Export::RotParam</HintLabel>
    </CheckBox>
	<SelectAllRule>
      <SelectAllItem>
        <Name>Cbx_SelectAll</Name>
      </SelectAllItem>
      <Item>
        <Name>Cbx_PLC</Name>
        <Name>Cbx_Parameter</Name>
        <Name>Cbx_ParameterExt</Name>
		<Name>Cbx_MacroAlarm</Name>
        <Name>Cbx_Registry</Name>
        <Name>Cbx_SerialPLCAxisParam</Name>
		<Name>Cbx_ECamData</Name>
		<Name>Cbx_RotParam</Name>
      </Item>      
    </SelectAllRule>
  </Group>
</Screen>
