﻿<?xml version="1.0" encoding="UTF-8"?>
<!--Created by 'eHMI'version2.2.32-->
<!--BROWSER SIZE|H:600|W:800-->
<Screen>
  <Name>MonGData</Name>
  <Panel>
    <Left>172</Left>
    <Top>0</Top>
    <Width>227</Width>
    <Height>184</Height>
    <Name>Pan_GStatus1</Name>
    <BorderColor>0,0,0</BorderColor>
    <ForeColor>0,0,0</ForeColor>
    <BackColor>0,0,0</BackColor>
    <Caption>
    </Caption>
    <Depth>34</Depth>
  </Panel>
  <Panel>
    <Left>0</Left>
    <Top>0</Top>
    <Width>171</Width>
    <Height>96</Height>
    <Name>Panel1</Name>
    <BackColor>0,0,0</BackColor>
    <Caption>
    </Caption>
  </Panel>
  <Panel>
    <Left>0</Left>
    <Top>97</Top>
    <Width>171</Width>
    <Height>89</Height>
    <Name>Panel2</Name>
    <BackColor>0,0,0</BackColor>
    <Caption>
    </Caption>
  </Panel>
  <Panel>
    <Left>574</Left>
    <Top>0</Top>
    <Width>228</Width>
    <Height>183</Height>
    <Name>Pan_GStatus2</Name>
    <BorderColor>0,0,0</BorderColor>
    <ForeColor>0,0,0</ForeColor>
    <BackColor>0,0,0</BackColor>
    <Caption>
    </Caption>
    <Depth>34</Depth>
  </Panel>
  <Label>
    <Left>8</Left>
    <Top>104</Top>
    <Width>80</Width>
    <Name>Label14</Name>
    <FontSize>11</FontSize>
    <Alignment>0</Alignment>
    <ForeColor>0,255,0</ForeColor>
    <BackColor>0,0,0</BackColor>
    <Caption>STR::MMI::Run::Spd_Override</Caption>
    <Wrap>True</Wrap>
    <Depth>2</Depth>
  </Label>
  <Display>
    <Left>93</Left>
    <Top>104</Top>
    <Width>47</Width>
    <Name>Label16</Name>
    <FontSize>12</FontSize>
    <Alignment>1</Alignment>
    <ForeColor>255,255,255</ForeColor>
    <BackColor>0,0,0</BackColor>
    <DisplaySource>K21</DisplaySource>
  </Display>
  <Label>
    <Left>141</Left>
    <Top>104</Top>
    <Width>17</Width>
    <Name>Label17</Name>
    <FontSize>10</FontSize>
    <Alignment>0</Alignment>
    <ForeColor>0,255,0</ForeColor>
    <BackColor>0,0,0</BackColor>
    <Caption>%</Caption>
    <Wrap>True</Wrap>
    <Depth>0</Depth>
  </Label>
  <Display>
    <Left>26</Left>
    <Top>155</Top>
    <Width>20</Width>
    <Name>Dis_T_1</Name>
    <FontSize>12</FontSize>
    <Alignment>0</Alignment>
    <ForeColor>255,255,255</ForeColor>
    <BackColor>0,0,0</BackColor>
    <DisplaySource>R525</DisplaySource>
  </Display>
  <Label>
    <Left>12</Left>
    <Top>155</Top>
    <Width>15</Width>
    <Name>Lab_T_1</Name>
    <FontSize>12</FontSize>
    <Alignment>0</Alignment>
    <ForeColor>0,255,0</ForeColor>
    <BackColor>0,0,0</BackColor>
    <Caption>T</Caption>
    <Depth>0</Depth>
  </Label>
  <Display>
    <Left>78</Left>
    <Top>155</Top>
    <Width>20</Width>
    <Name>Dis_D_1</Name>
    <FontSize>12</FontSize>
    <Alignment>0</Alignment>
    <ForeColor>255,255,255</ForeColor>
    <BackColor>0,0,0</BackColor>
    <DisplaySource>#1030,$1</DisplaySource>
  </Display>
  <Label>
    <Left>62</Left>
    <Top>155</Top>
    <Width>15</Width>
    <Name>Lab_D_1</Name>
    <FontSize>12</FontSize>
    <Alignment>0</Alignment>
    <ForeColor>0,255,0</ForeColor>
    <BackColor>0,0,0</BackColor>
    <Caption>D</Caption>
    <Depth>0</Depth>
  </Label>
  <Display>
    <Left>130</Left>
    <Top>155</Top>
    <Width>20</Width>
    <Name>Dis_H_1</Name>
    <FontSize>12</FontSize>
    <Alignment>0</Alignment>
    <ForeColor>255,255,255</ForeColor>
    <BackColor>0,0,0</BackColor>
    <DisplaySource>#1032,$1</DisplaySource>
  </Display>
  <Label>
    <Left>114</Left>
    <Top>155</Top>
    <Width>15</Width>
    <Name>Lab_H_1</Name>
    <FontSize>12</FontSize>
    <Alignment>0</Alignment>
    <ForeColor>0,255,0</ForeColor>
    <BackColor>0,0,0</BackColor>
    <Caption>H</Caption>
    <Depth>0</Depth>
  </Label>
  <Panel>
    <Left>400</Left>
    <Top>0</Top>
    <Width>173</Width>
    <Height>96</Height>
    <Name>Panel10</Name>
    <BorderColor>255,255,255</BorderColor>
    <ForeColor>0,0,0</ForeColor>
    <BackColor>0,0,0</BackColor>
    <Caption>
    </Caption>
    <Depth>38</Depth>
  </Panel>
  <Panel>
    <Left>400</Left>
    <Top>97</Top>
    <Width>173</Width>
    <Height>88</Height>
    <Name>Panel11</Name>
    <BackColor>0,0,0</BackColor>
    <Caption>
    </Caption>
  </Panel>
  <Label>
    <Left>408</Left>
    <Top>104</Top>
    <Width>80</Width>
    <Name>Label29</Name>
    <FontSize>11</FontSize>
    <Alignment>0</Alignment>
    <ForeColor>0,255,0</ForeColor>
    <BackColor>0,0,0</BackColor>
    <Caption>STR::MMI::Run::Spd_Override</Caption>
    <Wrap>True</Wrap>
    <Depth>2</Depth>
  </Label>
  <Display>
    <Left>493</Left>
    <Top>104</Top>
    <Width>47</Width>
    <Name>Label30</Name>
    <FontSize>12</FontSize>
    <Alignment>1</Alignment>
    <ForeColor>255,255,255</ForeColor>
    <BackColor>0,0,0</BackColor>
    <DisplaySource>K21</DisplaySource>
  </Display>
  <Label>
    <Left>541</Left>
    <Top>104</Top>
    <Width>17</Width>
    <Name>Label31</Name>
    <FontSize>10</FontSize>
    <Alignment>0</Alignment>
    <ForeColor>0,255,0</ForeColor>
    <BackColor>0,0,0</BackColor>
    <Caption>%</Caption>
    <Wrap>True</Wrap>
    <Depth>0</Depth>
  </Label>
  <Display>
    <Left>426</Left>
    <Top>155</Top>
    <Width>20</Width>
    <Name>Dis_T_2</Name>
    <FontSize>12</FontSize>
    <Alignment>0</Alignment>
    <ForeColor>255,255,255</ForeColor>
    <BackColor>0,0,0</BackColor>
    <DisplaySource>R535</DisplaySource>
  </Display>
  <Label>
    <Left>412</Left>
    <Top>155</Top>
    <Width>15</Width>
    <Name>Lab_T_2</Name>
    <FontSize>12</FontSize>
    <Alignment>0</Alignment>
    <ForeColor>0,255,0</ForeColor>
    <BackColor>0,0,0</BackColor>
    <Caption>T</Caption>
    <Depth>0</Depth>
  </Label>
  <Display>
    <Left>478</Left>
    <Top>155</Top>
    <Width>20</Width>
    <Name>Dis_D_2</Name>
    <FontSize>12</FontSize>
    <Alignment>0</Alignment>
    <ForeColor>255,255,255</ForeColor>
    <BackColor>0,0,0</BackColor>
    <DisplaySource>#1030,$2</DisplaySource>
  </Display>
  <Label>
    <Left>462</Left>
    <Top>155</Top>
    <Width>15</Width>
    <Name>Lab_D_2</Name>
    <FontSize>12</FontSize>
    <Alignment>0</Alignment>
    <ForeColor>0,255,0</ForeColor>
    <BackColor>0,0,0</BackColor>
    <Caption>D</Caption>
    <Depth>0</Depth>
  </Label>
  <Display>
    <Left>530</Left>
    <Top>155</Top>
    <Width>20</Width>
    <Name>Dis_H_2</Name>
    <FontSize>12</FontSize>
    <Alignment>0</Alignment>
    <ForeColor>255,255,255</ForeColor>
    <BackColor>0,0,0</BackColor>
    <DisplaySource>#1032,$2</DisplaySource>
  </Display>
  <Label>
    <Left>514</Left>
    <Top>155</Top>
    <Width>15</Width>
    <Name>Lab_H_2</Name>
    <FontSize>12</FontSize>
    <Alignment>0</Alignment>
    <ForeColor>0,255,0</ForeColor>
    <BackColor>0,0,0</BackColor>
    <Caption>H</Caption>
    <Depth>0</Depth>
  </Label>
  <Label>
    <Left>239</Left>
    <Top>26</Top>
    <Height>25</Height>
    <Width>43</Width>
    <Name>Val_Interpolation_1</Name>
    <FontSize>14</FontSize>
    <Alignment>0</Alignment>
    <ForeColor>255,255,255</ForeColor>
    <BackColor>0,0,0</BackColor>
    <Caption>
    </Caption>
    <Wrap>True</Wrap>
    <Depth>93</Depth>
  </Label>
  <Label>
    <Left>195</Left>
    <Top>59</Top>
    <Height>25</Height>
    <Width>43</Width>
    <Name>Val_WorkPlane_1</Name>
    <FontSize>14</FontSize>
    <Alignment>0</Alignment>
    <ForeColor>255,255,255</ForeColor>
    <BackColor>0,0,0</BackColor>
    <Caption>
    </Caption>
    <Wrap>True</Wrap>
    <Depth>92</Depth>
  </Label>
  <Label>
    <Left>329</Left>
    <Top>59</Top>
    <Height>25</Height>
    <Width>43</Width>
    <Name>Val_AbsRelMode_1</Name>
    <FontSize>14</FontSize>
    <Alignment>0</Alignment>
    <ForeColor>255,255,255</ForeColor>
    <BackColor>0,0,0</BackColor>
    <Caption>
    </Caption>
    <Wrap>True</Wrap>
    <Depth>91</Depth>
  </Label>
  <Label>
    <Left>284</Left>
    <Top>94</Top>
    <Height>25</Height>
    <Width>43</Width>
    <Name>Val_2ndStroke_1</Name>
    <FontSize>14</FontSize>
    <Alignment>0</Alignment>
    <ForeColor>255,255,255</ForeColor>
    <BackColor>0,0,0</BackColor>
    <Caption>
    </Caption>
    <Wrap>True</Wrap>
    <Depth>90</Depth>
  </Label>
  <Label>
    <Left>239</Left>
    <Top>130</Top>
    <Height>25</Height>
    <Width>43</Width>
    <Name>Val_FeedRate_1</Name>
    <FontSize>14</FontSize>
    <Alignment>0</Alignment>
    <ForeColor>255,255,255</ForeColor>
    <BackColor>0,0,0</BackColor>
    <Caption>
    </Caption>
    <Wrap>True</Wrap>
    <Depth>89</Depth>
  </Label>
  <Label>
    <Left>284</Left>
    <Top>26</Top>
    <Height>25</Height>
    <Width>43</Width>
    <Name>Val_Unit_1</Name>
    <FontSize>14</FontSize>
    <Alignment>0</Alignment>
    <ForeColor>255,255,255</ForeColor>
    <BackColor>0,0,0</BackColor>
    <Caption>
    </Caption>
    <Wrap>True</Wrap>
    <Depth>88</Depth>
  </Label>
  <Label>
    <Left>239</Left>
    <Top>59</Top>
    <Height>25</Height>
    <Width>43</Width>
    <Name>Val_ToolDiaComp_1</Name>
    <FontSize>14</FontSize>
    <Alignment>0</Alignment>
    <ForeColor>255,255,255</ForeColor>
    <BackColor>0,0,0</BackColor>
    <Caption>
    </Caption>
    <Wrap>True</Wrap>
    <Depth>87</Depth>
  </Label>
  <Label>
    <Left>194</Left>
    <Top>94</Top>
    <Height>25</Height>
    <Width>43</Width>
    <Name>Val_TooLenComp_1</Name>
    <FontSize>14</FontSize>
    <Alignment>0</Alignment>
    <ForeColor>255,255,255</ForeColor>
    <BackColor>0,0,0</BackColor>
    <Caption>
    </Caption>
    <Wrap>True</Wrap>
    <Depth>86</Depth>
  </Label>
  <Label>
    <Left>329</Left>
    <Top>94</Top>
    <Height>25</Height>
    <Width>43</Width>
    <Name>Val_Scale_1</Name>
    <FontSize>14</FontSize>
    <Alignment>0</Alignment>
    <ForeColor>255,255,255</ForeColor>
    <BackColor>0,0,0</BackColor>
    <Caption>
    </Caption>
    <Wrap>True</Wrap>
    <Depth>85</Depth>
  </Label>
  <Label>
    <Left>284</Left>
    <Top>130</Top>
    <Height>25</Height>
    <Width>43</Width>
    <Name>Val_ConstSurfSpeed_1</Name>
    <FontSize>14</FontSize>
    <Alignment>0</Alignment>
    <ForeColor>255,255,255</ForeColor>
    <BackColor>0,0,0</BackColor>
    <Caption>
    </Caption>
    <Wrap>True</Wrap>
    <Depth>84</Depth>
  </Label>
  <Label>
    <Left>329</Left>
    <Top>26</Top>
    <Height>25</Height>
    <Width>43</Width>
    <Name>Val_FeedControl_1</Name>
    <FontSize>14</FontSize>
    <Alignment>0</Alignment>
    <ForeColor>255,255,255</ForeColor>
    <BackColor>0,0,0</BackColor>
    <Caption>
    </Caption>
    <Wrap>True</Wrap>
    <Depth>82</Depth>
  </Label>
  <Label>
    <Left>284</Left>
    <Top>59</Top>
    <Height>25</Height>
    <Width>43</Width>
    <Name>Val_RotationMode_1</Name>
    <FontSize>14</FontSize>
    <Alignment>0</Alignment>
    <ForeColor>255,255,255</ForeColor>
    <BackColor>0,0,0</BackColor>
    <Caption>
    </Caption>
    <Wrap>True</Wrap>
    <Depth>81</Depth>
  </Label>
  <Label>
    <Left>239</Left>
    <Top>94</Top>
    <Height>25</Height>
    <Width>43</Width>
    <Name>Val_SpindleCheck_1</Name>
    <FontSize>14</FontSize>
    <Alignment>0</Alignment>
    <ForeColor>255,255,255</ForeColor>
    <BackColor>0,0,0</BackColor>
    <Caption>
    </Caption>
    <Wrap>True</Wrap>
    <Depth>80</Depth>
  </Label>
  <Label>
    <Left>194</Left>
    <Top>130</Top>
    <Height>25</Height>
    <Width>43</Width>
    <Name>Val_PolarCord_1</Name>
    <FontSize>14</FontSize>
    <Alignment>0</Alignment>
    <ForeColor>255,255,255</ForeColor>
    <BackColor>0,0,0</BackColor>
    <Caption>
    </Caption>
    <Wrap>True</Wrap>
    <Depth>79</Depth>
  </Label>
  <Label>
    <Left>194</Left>
    <Top>26</Top>
    <Height>25</Height>
    <Width>43</Width>
    <Name>Lab_AxesGroupTitle_1</Name>
    <FontSize>14</FontSize>
    <Alignment>0</Alignment>
    <ForeColor>0,255,255</ForeColor>
    <BackColor>0,0,0</BackColor>
    <Caption>
    </Caption>
    <Wrap>True</Wrap>
    <Depth>83</Depth>
  </Label>
  <Label>
    <Left>639</Left>
    <Top>26</Top>
    <Height>25</Height>
    <Width>43</Width>
    <Name>Val_Interpolation_2</Name>
    <FontSize>14</FontSize>
    <Alignment>0</Alignment>
    <ForeColor>255,255,255</ForeColor>
    <BackColor>0,0,0</BackColor>
    <Caption>
    </Caption>
    <Wrap>True</Wrap>
    <Depth>93</Depth>
  </Label>
  <Label>
    <Left>594</Left>
    <Top>59</Top>
    <Height>25</Height>
    <Width>43</Width>
    <Name>Val_WorkPlane_2</Name>
    <FontSize>14</FontSize>
    <Alignment>0</Alignment>
    <ForeColor>255,255,255</ForeColor>
    <BackColor>0,0,0</BackColor>
    <Caption>
    </Caption>
    <Wrap>True</Wrap>
    <Depth>92</Depth>
  </Label>
  <Label>
    <Left>729</Left>
    <Top>59</Top>
    <Height>25</Height>
    <Width>43</Width>
    <Name>Val_AbsRelMode_2</Name>
    <FontSize>14</FontSize>
    <Alignment>0</Alignment>
    <ForeColor>255,255,255</ForeColor>
    <BackColor>0,0,0</BackColor>
    <Caption>
    </Caption>
    <Wrap>True</Wrap>
    <Depth>91</Depth>
  </Label>
  <Label>
    <Left>684</Left>
    <Top>94</Top>
    <Height>25</Height>
    <Width>43</Width>
    <Name>Val_2ndStroke_2</Name>
    <FontSize>14</FontSize>
    <Alignment>0</Alignment>
    <ForeColor>255,255,255</ForeColor>
    <BackColor>0,0,0</BackColor>
    <Caption>
    </Caption>
    <Wrap>True</Wrap>
    <Depth>90</Depth>
  </Label>
  <Label>
    <Left>639</Left>
    <Top>130</Top>
    <Height>25</Height>
    <Width>43</Width>
    <Name>Val_FeedRate_2</Name>
    <FontSize>14</FontSize>
    <Alignment>0</Alignment>
    <ForeColor>255,255,255</ForeColor>
    <BackColor>0,0,0</BackColor>
    <Caption>
    </Caption>
    <Wrap>True</Wrap>
    <Depth>89</Depth>
  </Label>
  <Label>
    <Left>684</Left>
    <Top>26</Top>
    <Height>25</Height>
    <Width>43</Width>
    <Name>Val_Unit_2</Name>
    <FontSize>14</FontSize>
    <Alignment>0</Alignment>
    <ForeColor>255,255,255</ForeColor>
    <BackColor>0,0,0</BackColor>
    <Caption>
    </Caption>
    <Wrap>True</Wrap>
    <Depth>88</Depth>
  </Label>
  <Label>
    <Left>639</Left>
    <Top>59</Top>
    <Height>25</Height>
    <Width>43</Width>
    <Name>Val_ToolDiaComp_2</Name>
    <FontSize>14</FontSize>
    <Alignment>0</Alignment>
    <ForeColor>255,255,255</ForeColor>
    <BackColor>0,0,0</BackColor>
    <Caption>
    </Caption>
    <Wrap>True</Wrap>
    <Depth>87</Depth>
  </Label>
  <Label>
    <Left>594</Left>
    <Top>94</Top>
    <Height>25</Height>
    <Width>43</Width>
    <Name>Val_TooLenComp_2</Name>
    <FontSize>14</FontSize>
    <Alignment>0</Alignment>
    <ForeColor>255,255,255</ForeColor>
    <BackColor>0,0,0</BackColor>
    <Caption>
    </Caption>
    <Wrap>True</Wrap>
    <Depth>86</Depth>
  </Label>
  <Label>
    <Left>729</Left>
    <Top>94</Top>
    <Height>25</Height>
    <Width>43</Width>
    <Name>Val_Scale_2</Name>
    <FontSize>14</FontSize>
    <Alignment>0</Alignment>
    <ForeColor>255,255,255</ForeColor>
    <BackColor>0,0,0</BackColor>
    <Caption>
    </Caption>
    <Wrap>True</Wrap>
    <Depth>85</Depth>
  </Label>
  <Label>
    <Left>684</Left>
    <Top>130</Top>
    <Height>25</Height>
    <Width>43</Width>
    <Name>Val_ConstSurfSpeed_2</Name>
    <FontSize>14</FontSize>
    <Alignment>0</Alignment>
    <ForeColor>255,255,255</ForeColor>
    <BackColor>0,0,0</BackColor>
    <Caption>
    </Caption>
    <Wrap>True</Wrap>
    <Depth>84</Depth>
  </Label>
  <Label>
    <Left>729</Left>
    <Top>26</Top>
    <Height>25</Height>
    <Width>43</Width>
    <Name>Val_FeedControl_2</Name>
    <FontSize>14</FontSize>
    <Alignment>0</Alignment>
    <ForeColor>255,255,255</ForeColor>
    <BackColor>0,0,0</BackColor>
    <Caption>
    </Caption>
    <Wrap>True</Wrap>
    <Depth>82</Depth>
  </Label>
  <Label>
    <Left>684</Left>
    <Top>59</Top>
    <Height>25</Height>
    <Width>43</Width>
    <Name>Val_RotationMode_2</Name>
    <FontSize>14</FontSize>
    <Alignment>0</Alignment>
    <ForeColor>255,255,255</ForeColor>
    <BackColor>0,0,0</BackColor>
    <Caption>
    </Caption>
    <Wrap>True</Wrap>
    <Depth>81</Depth>
  </Label>
  <Label>
    <Left>639</Left>
    <Top>94</Top>
    <Height>25</Height>
    <Width>43</Width>
    <Name>Val_SpindleCheck_2</Name>
    <FontSize>14</FontSize>
    <Alignment>0</Alignment>
    <ForeColor>255,255,255</ForeColor>
    <BackColor>0,0,0</BackColor>
    <Caption>
    </Caption>
    <Wrap>True</Wrap>
    <Depth>80</Depth>
  </Label>
  <Label>
    <Left>594</Left>
    <Top>130</Top>
    <Height>25</Height>
    <Width>43</Width>
    <Name>Val_PolarCord_2</Name>
    <FontSize>14</FontSize>
    <Alignment>0</Alignment>
    <ForeColor>255,255,255</ForeColor>
    <BackColor>0,0,0</BackColor>
    <Caption>
    </Caption>
    <Wrap>True</Wrap>
    <Depth>79</Depth>
  </Label>
  <Label>
    <Left>594</Left>
    <Top>26</Top>
    <Height>25</Height>
    <Width>43</Width>
    <Name>Lab_AxesGroupTitle_2</Name>
    <FontSize>14</FontSize>
    <Alignment>0</Alignment>
    <ForeColor>0,255,255</ForeColor>
    <BackColor>0,0,0</BackColor>
    <Caption>
    </Caption>
    <Wrap>True</Wrap>
    <Depth>83</Depth>
  </Label>
  <Label>
    <Left>12</Left>
    <Top>5</Top>
    <Height>22</Height>
    <Width>18</Width>
    <Name>Lab_Feedrate</Name>
    <FontSize>15</FontSize>
    <Alignment>0</Alignment>
    <ForeColor>0,255,0</ForeColor>
    <BackColor>0,0,0</BackColor>
    <Caption>F</Caption>
    <Depth>19</Depth>
  </Label>
  <Label>
    <Left>31</Left>
    <Top>6</Top>
    <Width>86</Width>
    <Name>Dis_Feedrate_1</Name>
    <FontSize>15</FontSize>
    <Alignment>0</Alignment>
    <ForeColor>255,255,255</ForeColor>
    <BackColor>0,0,0</BackColor>
    <Caption>
    </Caption>
    <Depth>18</Depth>
  </Label>
  <Label>
    <Left>12</Left>
    <Top>31</Top>
    <Height>22</Height>
    <Width>17</Width>
    <Name>Lab_SpindleTitle</Name>
    <FontSize>15</FontSize>
    <Alignment>0</Alignment>
    <ForeColor>0,255,0</ForeColor>
    <BackColor>0,0,0</BackColor>
    <Caption>S</Caption>
    <Depth>15</Depth>
  </Label>
  <Label>
    <Left>31</Left>
    <Top>31</Top>
    <Width>84</Width>
    <Name>Dis_Spindle_1</Name>
    <FontSize>15</FontSize>
    <Alignment>0</Alignment>
    <ForeColor>255,255,255</ForeColor>
    <BackColor>0,0,0</BackColor>
    <Caption>
    </Caption>
    <Depth>14</Depth>
    <DisplayFormat>Long</DisplayFormat>
    <DisplaySource>K3</DisplaySource>
  </Label>
  <Label>
    <Left>118</Left>
    <Top>31</Top>
    <Width>47</Width>
    <Name>Lab_HPCC1</Name>
    <VisibleRule>(#1826,$1ne0)</VisibleRule>
    <FontSize>10</FontSize>
    <ForeColor>0,255,0</ForeColor>
    <BackColor>0,0,0</BackColor>
    <Caption>HPCC</Caption>
  </Label>
  <Meter>
    <Left>11</Left>
    <Top>61</Top>
    <Height>18</Height>
    <Width>85</Width>
    <Name>Met_LoadingRate_1</Name>
    <BackColor>255,255,255</BackColor>
    <Type>2</Type>
    <ScaleUp>200</ScaleUp>
    <ScaleLow>0</ScaleLow>
    <ScaleInterval>2</ScaleInterval>
    <SubScaleInterval>0</SubScaleInterval>
    <ScaleColor>0,0,0</ScaleColor>
    <NumberColor>0,0,0</NumberColor>
    <ListItems>
      <Item>
        <UpLmt>100</UpLmt>
        <LowLmt>0</LowLmt>
        <Color>0,255,0</Color>
      </Item>
      <Item>
        <UpLmt>150</UpLmt>
        <LowLmt>100</LowLmt>
        <Color>255,255,0</Color>
      </Item>
      <Item>
        <UpLmt>200</UpLmt>
        <LowLmt>150</LowLmt>
        <Color>255,0,0</Color>
      </Item>
    </ListItems>
    <IntervalTextVisible>False</IntervalTextVisible>
    <Depth>5</Depth>
    <Marks>
      <Values>100,150</Values>
      <TextVisible>False</TextVisible>
    </Marks>
  </Meter>
  <Label>
    <Left>100</Left>
    <Top>61</Top>
    <Width>40</Width>
    <Name>Lab_LoadingRate_1</Name>
    <FontSize>13</FontSize>
    <Alignment>1</Alignment>
    <ForeColor>255,255,255</ForeColor>
    <BackColor>0,0,0</BackColor>
    <Caption>
    </Caption>
    <Wrap>True</Wrap>
    <Depth>1</Depth>
    <DisplayFormat>Long</DisplayFormat>
  </Label>
  <Label>
    <Left>141</Left>
    <Top>61</Top>
    <Width>20</Width>
    <Name>Label3</Name>
    <FontSize>13</FontSize>
    <Alignment>0</Alignment>
    <ForeColor>0,255,0</ForeColor>
    <BackColor>0,0,0</BackColor>
    <Caption>%</Caption>
    <Wrap>True</Wrap>
    <Depth>0</Depth>
  </Label>
  <Label>
    <Left>412</Left>
    <Top>5</Top>
    <Height>22</Height>
    <Width>18</Width>
    <Name>Label2</Name>
    <FontSize>15</FontSize>
    <Alignment>0</Alignment>
    <ForeColor>0,255,0</ForeColor>
    <BackColor>0,0,0</BackColor>
    <Caption>F</Caption>
    <Depth>19</Depth>
  </Label>
  <Label>
    <Left>430</Left>
    <Top>5</Top>
    <Width>86</Width>
    <Name>Dis_Feedrate_2</Name>
    <FontSize>15</FontSize>
    <Alignment>0</Alignment>
    <ForeColor>255,255,255</ForeColor>
    <BackColor>0,0,0</BackColor>
    <Caption>
    </Caption>
    <Depth>18</Depth>
  </Label>
  <Label>
    <Left>412</Left>
    <Top>31</Top>
    <Height>22</Height>
    <Width>17</Width>
    <Name>Label4</Name>
    <FontSize>15</FontSize>
    <Alignment>0</Alignment>
    <ForeColor>0,255,0</ForeColor>
    <BackColor>0,0,0</BackColor>
    <Caption>S</Caption>
    <Depth>15</Depth>
  </Label>
  <Label>
    <Left>431</Left>
    <Top>31</Top>
    <Width>84</Width>
    <Name>Dis_Spindle_2</Name>
    <FontSize>15</FontSize>
    <Alignment>0</Alignment>
    <ForeColor>255,255,255</ForeColor>
    <BackColor>0,0,0</BackColor>
    <Caption>
    </Caption>
    <Depth>14</Depth>
    <DisplayFormat>Long</DisplayFormat>
    <DisplaySource>K3</DisplaySource>
  </Label>
  <Label>
    <Left>518</Left>
    <Top>32</Top>
    <Width>47</Width>
    <Name>Lab_HPCC2</Name>
    <VisibleRule>(#1826,$2ne0)</VisibleRule>
    <FontSize>10</FontSize>
    <ForeColor>0,255,0</ForeColor>
    <BackColor>0,0,0</BackColor>
    <Caption>HPCC</Caption>
  </Label>
  <Meter>
    <Left>411</Left>
    <Top>60</Top>
    <Height>18</Height>
    <Width>85</Width>
    <Name>Met_LoadingRate_2</Name>
    <BackColor>255,255,255</BackColor>
    <Type>2</Type>
    <ScaleUp>200</ScaleUp>
    <ScaleLow>0</ScaleLow>
    <ScaleInterval>2</ScaleInterval>
    <SubScaleInterval>0</SubScaleInterval>
    <ScaleColor>0,0,0</ScaleColor>
    <NumberColor>0,0,0</NumberColor>
    <ListItems>
      <Item>
        <UpLmt>100</UpLmt>
        <LowLmt>0</LowLmt>
        <Color>0,255,0</Color>
      </Item>
      <Item>
        <UpLmt>150</UpLmt>
        <LowLmt>100</LowLmt>
        <Color>255,255,0</Color>
      </Item>
      <Item>
        <UpLmt>200</UpLmt>
        <LowLmt>150</LowLmt>
        <Color>255,0,0</Color>
      </Item>
    </ListItems>
    <IntervalTextVisible>False</IntervalTextVisible>
    <Depth>5</Depth>
    <Marks>
      <Values>100,150</Values>
      <TextVisible>False</TextVisible>
    </Marks>
  </Meter>
  <Label>
    <Left>500</Left>
    <Top>60</Top>
    <Width>40</Width>
    <Name>Lab_LoadingRate_2</Name>
    <FontSize>13</FontSize>
    <Alignment>1</Alignment>
    <ForeColor>255,255,255</ForeColor>
    <BackColor>0,0,0</BackColor>
    <Caption>
    </Caption>
    <Wrap>True</Wrap>
    <Depth>1</Depth>
    <DisplayFormat>Long</DisplayFormat>
  </Label>
  <Label>
    <Left>541</Left>
    <Top>60</Top>
    <Width>15</Width>
    <Name>Label5</Name>
    <Alignment>0</Alignment>
    <ForeColor>0,255,0</ForeColor>
    <BackColor>0,0,0</BackColor>
    <Caption>%</Caption>
    <Wrap>True</Wrap>
    <Depth>0</Depth>
  </Label>
  <Label>
    <Left>408</Left>
    <Top>128</Top>
    <Width>36</Width>
    <Name>Label8</Name>
    <FontSize>11</FontSize>
    <Alignment>0</Alignment>
    <ForeColor>0,255,0</ForeColor>
    <BackColor>0,0,0</BackColor>
    <Caption>G00</Caption>
    <Wrap>True</Wrap>
    <Depth>66</Depth>
  </Label>
  <Label>
    <Left>447</Left>
    <Top>128</Top>
    <Height>21</Height>
    <Width>20</Width>
    <Name>Lab_G00_2</Name>
    <FontSize>10</FontSize>
    <Alignment>0</Alignment>
    <ForeColor>255,255,255</ForeColor>
    <BackColor>0,0,0</BackColor>
    <Wrap>True</Wrap>
    <Depth>0</Depth>
  </Label>
  <Label>
    <Left>488</Left>
    <Top>128</Top>
    <Width>36</Width>
    <Name>Label6</Name>
    <FontSize>11</FontSize>
    <Alignment>0</Alignment>
    <ForeColor>0,255,0</ForeColor>
    <BackColor>0,0,0</BackColor>
    <Caption>G01</Caption>
    <Wrap>True</Wrap>
    <Depth>66</Depth>
  </Label>
  <Display>
    <Left>527</Left>
    <Top>128</Top>
    <Height>21</Height>
    <Width>20</Width>
    <Name>G01_2</Name>
    <FontSize>10</FontSize>
    <Alignment>0</Alignment>
    <ForeColor>255,255,255</ForeColor>
    <BackColor>0,0,0</BackColor>
    <DisplaySource>K19</DisplaySource>
  </Display>
  <Label>
    <Left>470</Left>
    <Top>128</Top>
    <Width>17</Width>
    <Name>Label7</Name>
    <FontSize>11</FontSize>
    <Alignment>0</Alignment>
    <ForeColor>0,255,0</ForeColor>
    <BackColor>0,0,0</BackColor>
    <Caption>%</Caption>
    <Wrap>True</Wrap>
    <Depth>0</Depth>
  </Label>
  <Label>
    <Left>550</Left>
    <Top>128</Top>
    <Width>17</Width>
    <Name>Label18</Name>
    <FontSize>11</FontSize>
    <Alignment>0</Alignment>
    <ForeColor>0,255,0</ForeColor>
    <BackColor>0,0,0</BackColor>
    <Caption>%</Caption>
    <Wrap>True</Wrap>
    <Depth>0</Depth>
  </Label>
  <Label>
    <Left>9</Left>
    <Top>130</Top>
    <Width>36</Width>
    <Name>Label9</Name>
    <FontSize>11</FontSize>
    <Alignment>0</Alignment>
    <ForeColor>0,255,0</ForeColor>
    <BackColor>0,0,0</BackColor>
    <Caption>G00</Caption>
    <Wrap>True</Wrap>
    <Depth>66</Depth>
  </Label>
  <Label>
    <Left>48</Left>
    <Top>130</Top>
    <Height>21</Height>
    <Width>20</Width>
    <Name>Lab_G00_1</Name>
    <FontSize>10</FontSize>
    <Alignment>0</Alignment>
    <ForeColor>255,255,255</ForeColor>
    <BackColor>0,0,0</BackColor>
    <Wrap>True</Wrap>
    <Depth>0</Depth>
  </Label>
  <Label>
    <Left>89</Left>
    <Top>130</Top>
    <Width>36</Width>
    <Name>Label11</Name>
    <FontSize>11</FontSize>
    <Alignment>0</Alignment>
    <ForeColor>0,255,0</ForeColor>
    <BackColor>0,0,0</BackColor>
    <Caption>G01</Caption>
    <Wrap>True</Wrap>
    <Depth>66</Depth>
  </Label>
  <Display>
    <Left>128</Left>
    <Top>130</Top>
    <Height>21</Height>
    <Width>20</Width>
    <Name>G01_1</Name>
    <FontSize>10</FontSize>
    <Alignment>0</Alignment>
    <ForeColor>255,255,255</ForeColor>
    <BackColor>0,0,0</BackColor>
    <DisplaySource>K19</DisplaySource>
  </Display>
  <Label>
    <Left>71</Left>
    <Top>130</Top>
    <Width>17</Width>
    <Name>Label12</Name>
    <FontSize>11</FontSize>
    <Alignment>0</Alignment>
    <ForeColor>0,255,0</ForeColor>
    <BackColor>0,0,0</BackColor>
    <Caption>%</Caption>
    <Wrap>True</Wrap>
    <Depth>0</Depth>
  </Label>
  <Label>
    <Left>151</Left>
    <Top>130</Top>
    <Width>17</Width>
    <Name>Label13</Name>
    <FontSize>11</FontSize>
    <Alignment>0</Alignment>
    <ForeColor>0,255,0</ForeColor>
    <BackColor>0,0,0</BackColor>
    <Caption>%</Caption>
    <Wrap>True</Wrap>
    <Depth>0</Depth>
  </Label>
</Screen>