﻿<?xml version="1.0" encoding="UTF-8"?>
<Screen>
	<Name>ToolLathe</Name>
	<Panel>
		<Left>0</Left>
		<Top>0</Top>
		<Width>590</Width>
		<Height>470</Height>
		<Name>Pan_LatheTable</Name>
		<FontSize>24</FontSize>
		<Alignment>0</Alignment>
		<BorderStyle>1</BorderStyle>
		<ForeColor>0,0,0</ForeColor>
		<BackColor>0,0,0</BackColor>
	</Panel>	
	<Panel>
		<Left>592</Left>
		<Top>0</Top>
		<Width>208</Width>
		<Height>470</Height>
		<Name>Pan_CoordTable</Name>
		<BorderStyle>0</BorderStyle>
		<ForeColor>0,0,0</ForeColor>
		<BackColor>0,0,0</BackColor>
	</Panel>
	<CoordBox>
		<Left>609</Left>
		<Top>45</Top>
		<Width>170</Width>
		<Height>145</Height>
		<Name>Coord_Machine</Name>
		<FontSize>14</FontSize>
		<Alignment>0</Alignment>
		<BorderStyle>0</BorderStyle>
		<ForeColor>0,255,0</ForeColor>
		<BackColor>0,0,0</BackColor>
		<PageSize>6</PageSize>
		<LForeColor>0,255,0</LForeColor>
		<LBackColor>0,0,0</LBackColor>
		<LFontSize>14</LFontSize>
		<LBorderStyle>0</LBorderStyle>
		<VForeColor>255,255,255</VForeColor>
		<VBackColor>0,0,0</VBackColor>
		<VFontSize>14</VFontSize>
		<VBorderStyle>0</VBorderStyle>
		<AxisNotHomeColor>255,255,255</AxisNotHomeColor>
		<AxisSelectedColor>255,255,255</AxisSelectedColor>
		<Interval>5</Interval>
	</CoordBox>
	<CoordBox>
		<Left>609</Left>
		<Top>250</Top>
		<Width>170</Width>
		<Height>145</Height>
		<Name>Coord_Absolute</Name>
		<FontSize>14</FontSize>
		<Alignment>0</Alignment>
		<BorderStyle>0</BorderStyle>
		<Depth>3</Depth>
		<ForeColor>0,255,0</ForeColor>
		<BackColor>0,0,0</BackColor>
		<PageSize>6</PageSize>
		<Title>1</Title>
		<CoordType>2</CoordType>
		<LForeColor>0,255,0</LForeColor>
		<LBackColor>0,0,0</LBackColor>
		<LFontSize>14</LFontSize>
		<LBorderStyle>0</LBorderStyle>
		<VForeColor>255,255,255</VForeColor>
		<VBackColor>0,0,0</VBackColor>
		<VFontSize>14</VFontSize>
		<VBorderStyle>0</VBorderStyle>
		<AxisNotHomeColor>255,255,255</AxisNotHomeColor>
		<AxisSelectedColor>255,255,255</AxisSelectedColor>
		<Interval>5</Interval>
	</CoordBox>
	<Label>
		<Caption>STR::Browser::ToolLathe::Caption::Lab_InputTitle::InputModeMsg</Caption>
		<Name>Lab_InputTitle</Name>
		<Left>10</Left>
		<Top>10</Top>
		<Width>360</Width>
		<Height>30</Height>
		<Alignment>0</Alignment>
		<BorderStyle>0</BorderStyle>
		<FontSize>17</FontSize>
		<ForeColor>0,255,0</ForeColor>
		<BackColor>0,0,0</BackColor>
	</Label>
	<Label>
		<Name>Lab_InputMode</Name>
		<Left>10</Left>
		<Top>45</Top>
		<Width>150</Width>
		<Height>30</Height>
		<Alignment>2</Alignment>
		<BorderStyle>2</BorderStyle>
		<FontSize>20</FontSize>
		<ForeColor>255,255,255</ForeColor>
		<BackColor>0,0,0</BackColor>
	</Label>
	<Label>
		<Caption>STR::MMI::Tool4T::Field1</Caption>
		<Name>Lab_Field1</Name>
		<Left>24</Left>
		<Top>90</Top>
		<Width>93</Width>
		<Height>30</Height>
		<Alignment>2</Alignment>
		<BorderStyle>0</BorderStyle>
		<FontSize>14</FontSize>
		<ForeColor>0,200,240</ForeColor>
		<BackColor>0,0,0</BackColor>
	</Label>
	<Label>
		<Caption>STR::MMI::Tool4T::Field2</Caption>
		<Name>Lab_Field2</Name>
		<Left>117</Left>
		<Top>90</Top>
		<Width>93</Width>
		<Height>30</Height>
		<Alignment>2</Alignment>
		<BorderStyle>0</BorderStyle>
		<FontSize>14</FontSize>
		<ForeColor>0,200,240</ForeColor>
		<BackColor>0,0,0</BackColor>
	</Label>
	<Label>
		<Caption>STR::MMI::Tool4T::Field3</Caption>
		<Name>Lab_Field3</Name>
		<Left>210</Left>
		<Top>90</Top>
		<Width>93</Width>
		<Height>30</Height>
		<Alignment>2</Alignment>
		<BorderStyle>0</BorderStyle>
		<FontSize>14</FontSize>
		<ForeColor>0,200,240</ForeColor>
		<BackColor>0,0,0</BackColor>
	</Label>
	<Label>
		<Caption>STR::MMI::Tool4T::Field4</Caption>
		<Name>Lab_Field4</Name>
		<Left>303</Left>
		<Top>90</Top>
		<Width>93</Width>
		<Height>30</Height>
		<Alignment>2</Alignment>
		<BorderStyle>0</BorderStyle>
		<FontSize>14</FontSize>
		<ForeColor>0,200,240</ForeColor>
		<BackColor>0,0,0</BackColor>
	</Label>
	<Label>
		<Caption>STR::MMI::Tool4T::Field5</Caption>
		<Name>Lab_Field5</Name>
		<Left>396</Left>
		<Top>90</Top>
		<Width>93</Width>
		<Height>30</Height>
		<Alignment>2</Alignment>
		<BorderStyle>0</BorderStyle>
		<FontSize>14</FontSize>
		<ForeColor>0,200,240</ForeColor>
		<BackColor>0,0,0</BackColor>
	</Label>
	<Label>
		<Caption>STR::MMI::Tool4T::Field6</Caption>
		<Name>Lab_Field6</Name>
		<Left>489</Left>
		<Top>90</Top>
		<Width>93</Width>
		<Height>30</Height>
		<Alignment>2</Alignment>
		<BorderStyle>0</BorderStyle>
		<FontSize>14</FontSize>
		<ForeColor>0,200,240</ForeColor>
		<BackColor>0,0,0</BackColor>
	</Label>
	<Grid Name="TableLathe" Height="41" Repeat="8">
		<Label>
			<Caption>X</Caption>
			<Name>lbl_ToolNo</Name>
			<Left>2</Left>
			<Top>130</Top>
			<Width>22</Width>
			<Height>30</Height>
			<Alignment>2</Alignment>
			<FontSize>11</FontSize>
			<BorderStyle>0</BorderStyle>
			<ForeColor>0,255,0</ForeColor>
			<BackColor>0,0,0</BackColor>
		</Label>
		<Input>
			<Name>Inp_Field1</Name>
			<Left>24</Left>
			<Top>130</Top>
			<Width>93</Width>
			<Height>30</Height>
			<Alignment>2</Alignment>
			<FontSize>12</FontSize>
			<BorderStyle>0</BorderStyle>
			<ForeColor>255,255,255</ForeColor>
			<BackColor>0,0,0</BackColor>
			<InputFormat>Double:L</InputFormat>
			<EmptyVal>ignor</EmptyVal>
		</Input>
		<Input>
			<Name>Inp_Field2</Name>
			<Left>117</Left>
			<Top>130</Top>
			<Width>93</Width>
			<Height>30</Height>
			<Alignment>2</Alignment>
			<FontSize>12</FontSize>
			<BorderStyle>0</BorderStyle>
			<ForeColor>255,255,255</ForeColor>
			<BackColor>0,0,0</BackColor>
			<InputFormat>Double:L</InputFormat>
			<EmptyVal>ignor</EmptyVal>
		</Input>
		<Input>
			<Name>Inp_Field3</Name>
			<Left>210</Left>
			<Top>130</Top>
			<Width>93</Width>
			<Height>30</Height>
			<Alignment>2</Alignment>
			<FontSize>12</FontSize>
			<BorderStyle>0</BorderStyle>
			<ForeColor>255,255,255</ForeColor>
			<BackColor>0,0,0</BackColor>
			<InputFormat>Double:L</InputFormat>
			<EmptyVal>ignor</EmptyVal>
		</Input>
		<Input>
			<Name>Inp_Field4</Name>
			<Left>303</Left>
			<Top>130</Top>
			<Width>93</Width>
			<Height>30</Height>
			<Alignment>2</Alignment>
			<FontSize>12</FontSize>
			<BorderStyle>0</BorderStyle>
			<ForeColor>255,255,255</ForeColor>
			<BackColor>0,0,0</BackColor>
			<InputFormat>Double:L</InputFormat>
			<EmptyVal>ignor</EmptyVal>
		</Input>
		<Input>
			<Name>Inp_Field5</Name>
			<Left>396</Left>
			<Top>130</Top>
			<Width>93</Width>
			<Height>30</Height>
			<Alignment>2</Alignment>
			<FontSize>12</FontSize>
			<BorderStyle>0</BorderStyle>
			<ForeColor>255,255,255</ForeColor>
			<BackColor>0,0,0</BackColor>
			<InputFormat>Double:L</InputFormat>
			<EmptyVal>ignor</EmptyVal>
		</Input>
		<Input>
			<Name>Inp_Field6</Name>
			<Left>489</Left>
			<Top>130</Top>
			<Width>93</Width>
			<Height>30</Height>
			<Alignment>2</Alignment>
			<FontSize>12</FontSize>
			<BorderStyle>0</BorderStyle>
			<ForeColor>255,255,255</ForeColor>
			<BackColor>0,0,0</BackColor>
			<InputFormat>Double:L</InputFormat>
			<EmptyVal>ignor</EmptyVal>
		</Input>
	</Grid>
	<Label>
		<Left>198</Left>
		<Top>45</Top>
		<Height>30</Height>
		<Width>25</Width>
		<Name>Lab_T</Name>
		<FontSize>14</FontSize>
		<Alignment>0</Alignment>
		<ForeColor>0,255,0</ForeColor>
		<BackColor>0,0,0</BackColor>
		<Caption>T</Caption>
		<Wrap>True</Wrap>
		<Depth>0</Depth>
	</Label>
	<!-- update in MMI, due to ISSUE-10058 -->
	<Label>
		<Left>223</Left>
		<Top>45</Top>
		<Height>30</Height>
		<Width>50</Width>
		<Name>Lab_ToolNo</Name>
		<FontSize>14</FontSize>
		<ForeColor>255,255,255</ForeColor>
		<BackColor>0,0,0</BackColor>
		<Depth>0</Depth>
	</Label>
	<Label>
		<Left>557</Left>
		<Top>90</Top>
		<Height>30</Height>
		<Width>18</Width>
		<Name>Lab_AxisNext</Name>
		<FontSize>9</FontSize>
		<ForeColor>0,200,240</ForeColor>
		<BackColor>0,0,0</BackColor>
		<Caption>&gt;&gt;</Caption>
	</Label>
	<Label>
		<Left>1</Left>
		<Top>90</Top>
		<Height>30</Height>
		<Width>18</Width>
		<Name>Lab_AxisPrev</Name>
		<FontSize>9</FontSize>
		<ForeColor>0,200,240</ForeColor>
		<BackColor>0,0,0</BackColor>
		<Caption>&lt;&lt;</Caption>
	</Label>
</Screen>
