﻿<?xml version="1.0" encoding="utf-8" ?>
<ResMap>
	<Message ID="MMI::LogoPath" Content="\diskc\OCRes\CHT\Picture\SynLogo.bmp" />

	<!-- ========== Common String Define ===================== -->
	<Message ID="MMI::Common::InputTag" Content="輸入 :" />
	<Message ID="MMI::Common::HintTag" Content="提示 :" />
	<Message ID="MMI::Common::BtnOK" Content="確定" />
	<Message ID="MMI::Common::BtnCancel" Content="取消" />
	<Message ID="MMI::Common::BtnYes" Content="是" />
	<Message ID="MMI::Common::BtnNo" Content="否" />
	<Message ID="MMI::Common::DialogHint" Content=" (F1: 確定, F2: 切換欄位, F8: 取消)" />
	<Message ID="MMI::Common::DialogHintKey5" Content=" (F1: 確定, F2: 切換欄位, F5: 取消)" />

	<Message ID="MMI::Common::SelectItemTitle" Content="選擇項目" />
	<Message ID="MMI::Common::PLC" Content="階梯圖" />
	<Message ID="MMI::Common::Parameter" Content="參數" />
	<Message ID="MMI::Common::ParameterExt" Content="擴充參數" />
	<Message ID="MMI::Common::Macro" Content="巨集程式" />
	<Message ID="MMI::Common::MacroAlarm" Content="巨集警報" />
	<Message ID="MMI::Common::Registry" Content="使用者設定檔" />
	<Message ID="MMI::Common::OCRes" Content="客製人機畫面檔" />
	<Message ID="MMI::Common::HistoryAlarm" Content="警報紀錄" />
	<Message ID="MMI::Common::OpLogFile" Content="操作紀錄" />
	<Message ID="MMI::Common::DriverParameter" Content="驅動器參數" />
	<Message ID="MMI::Common::DataLogFile" Content="診斷紀錄" />
	<Message ID="MMI::Common::AuthorityData" Content="權限資料" />
	<Message ID="MMI::Common::SerialPLCAxisParam" Content="串列PLC軸參數" />
	<Message ID="MMI::Common::ECamData" Content="電子凸輪資料" />
	<Message ID="MMI::Common::SriParameter" Content="SRI參數" />
	<Message ID="MMI::Common::RotParam" Content="Rot參數" />
	<Message ID="MMI::Common::SysData" Content="核心資料" />
	<Message ID="MMI::Common::SelectAll" Content="全選" />
	<Message ID="MMI::Common::SYNTEC_Backup" Content="原廠備份" />
	<Message ID="MMI::Common::Spend" Content="預估共需花費" />
	<Message ID="MMI::Common::Minute" Content="分鐘" />

	<Message ID="MMI::Common::PowerOffShutDown" Content="系統斷電檢知啟動, 已偵測到斷電情況; 為安全保護, 系統即將停止運作並關機!" />

	<Message ID="MMI::InvalidFile" Content="檔案不合法" />
	<Message ID="MMI::InputCorrectName" Content="請輸入正確檔名!" />
	<Message ID="MMI::InvalidNameInput" Content="輸入檔名包含不合法字元 !
	(不合法字元 :「&quot;」,「&lt;」,「&gt;」,「|」,「:」,「*」,「?」,「\」,「/」,「 」)" />
	<Message ID="MMI::InvalidNameExtension" Content="輸入之副檔名不支援!" />
	<Message ID="MMI::From" Content="從 :" />
	<Message ID="MMI::To" Content="到 :" />
	<Message ID="MMI::FileCopy" Content="檔案拷貝" />
	<Message ID="MMI::FileCopy::FolderRecursive" Content="目標目錄是來源目錄的子目錄 !" />
	<Message ID="MMI::FileCopy::SameFilePath" Content="目標檔案與來源檔案同一路徑 !" />
	<Message ID="MMI::FileCopy::OverWriteAll" Content="接下來是否全部覆蓋 !" />
	<Message ID="MMI::Axis::Not_Home" Content="軸尚未尋原點!" />

	<Message ID="OCBrowser::ErrInvalidRange" Content="輸入值超過範圍!" />
	<Message ID="OCBrowser::ErrNumberOnly" Content="輸入值不合法" />
	<Message ID="OCBrowser::WarningMsgBoxTitle" Content="警告!" />
	<Message ID="OCBrowser::QuestionMsgBoxTitle" Content="問題?" />
	<Message ID="OCBrowser::HSHPParamInpTitle" Content="加工參數輸入" />
	<Message ID="OCBrowser::HSHPLevelInpTitle" Content="加工等級輸入" />
	<Message ID="MMI::Common::RunnungCannotInp" Content="加工中, 修改無效" />

	<Message ID="MMI::Zip" Content="目前正在壓縮檔案 :" />
	<Message ID="MMI::UnZip" Content="目前正在解壓縮檔案 :" />
	<Message ID="MMI::ZipFile" Content="壓縮檔案" />
	<Message ID="MMI::ZipFileFail" Content="壓縮檔案失敗!" />
	<Message ID="MMI::UnZipFile" Content="解壓縮檔案" />
	<Message ID="MMI::UnZipFileFail" Content="解壓縮檔案失敗!" />

	<Message ID="MMI::Common::LeakMemory" Content="目標磁碟空間不足" />
	<Message ID="MMI::Common::DiskCLeakMemory" Content="系統磁碟空間不足" />
	<Message ID="MMI::Common::LeakTempMemory" Content="暫存磁碟空間不足 請先清理磁碟檔案" />
	<Message ID="MMI::Common::NotSupportFile" Content="不支援的副檔名或檔案" />
	<Message ID="MMI::Common::NotSupport" Content="不支援的檔案結構" />
	<Message ID="MMI::Common::NotFindRegStr" Content="無法在註冊表中找到" />
	<Message ID="MMI::Common::CRCFail" Content="CRC確認失敗" />
	<Message ID="MMI::Common::CalCRCFail" Content="計算CRC失敗" />

	<!-- ========== Message String Define ===================== -->
	<Message ID="MMI::Message::InvalidDataInput" Content="輸入值不正確" />
	<Message ID="MMI::Message::ErrorMessage" Content="錯誤訊息" />
	<Message ID="MMI::Message::HelpMessage" Content="輔助說明訊息" />
	<Message ID="MMI::Message::UnderConstruction" Content="此項功能仍在開發中" />
	<Message ID="MMI::Message::NotSupportAction" Content="目前不支援此動作" />

	<!-- ========== Status String Define ===================== -->
	<Message ID="MMI::Status::NotReady" Content="未就緒" />
	<Message ID="MMI::Status::Ready" Content="●就緒" />
	<Message ID="MMI::Status::Busy" Content="加工中.." />
	<Message ID="MMI::Status::FeedHold" Content="暫停" />
	<Message ID="MMI::Status::B_Stop" Content="單節停止" />
	<Message ID="MMI::Status::Alarm" Content="警報" />
	<Message ID="MMI::Status::ExecuteBlock" Content="加工中.." />

	<!-- ========== Mode String Define ====================== -->
	<Message ID="MMI::Mode::NotSelect" Content="未選擇" />
	<Message ID="MMI::Mode::Edit" Content="程式編輯" />
	<Message ID="MMI::Mode::Auto" Content="自動執行" />
	<Message ID="MMI::Mode::Mdi" Content="MDI" />
	<Message ID="MMI::Mode::Jog" Content="連續寸動" />
	<Message ID="MMI::Mode::IncJog" Content="增量寸動" />
	<Message ID="MMI::Mode::Mpg" Content="手輪" />
	<Message ID="MMI::Mode::Home" Content="尋原點" />

	<!-- ========== Axis name Define ====================== -->
	<Message ID="MMI::Axis1" Content="X" />
	<Message ID="MMI::Axis2" Content="Y" />
	<Message ID="MMI::Axis3" Content="Z" />
	<Message ID="MMI::Axis4" Content="A" />
	<Message ID="MMI::Axis5" Content="B" />
	<Message ID="MMI::Axis6" Content="C" />
	<Message ID="MMI::Axis7" Content="U" />
	<Message ID="MMI::Axis8" Content="V" />
	<Message ID="MMI::Axis9" Content="W" />

	<!-- ========== Custom Form String Define ============== -->
	<Message ID="MMI::DataInput::Title" Content="資料輸入" />
	<Message ID="MMI::CustomXml::ClearData" Content="確定要清除這個欄位?" />
	<Message ID="MMI::CustomAct::SaveConfirm" Content="是否儲存設定至 " />
	<Message ID="MMI::CustomAct::Title" Content="客製動作" />

	<!-- ========== Machine Form String Define ============== -->
	<Message ID="MMI::Machine::Title" Content="機台設定" />
	<Message ID="MMI::Machine::MachCoord" Content="機械座標" />
	<Message ID="MMI::Machine::AbsCoord" Content="絕對座標" />
	<Message ID="MMI::Machine::RelCoord" Content="相對座標" />
	<Message ID="MMI::Machine::DistanceToGo" Content="剩餘距離" />
	<Message ID="MMI::Machine::FeedRate" Content="進給速率" />
	<Message ID="MMI::Machine::SpindleRate" Content="主軸轉速" />
	<Message ID="MMI::Machine::RapidFeedRateOverride" Content="Rapid FeedRate Override" />
	<Message ID="MMI::Machine::FeedRateOverride" Content="FeedRate Override" />
	<Message ID="MMI::Machine::SpindleOverride" Content="Spindle Override" />

	<Message ID="MMI::Machine::SetInhibit" Content="加工中不可編輯工件座標相關設定!" />
	<Message ID="MMI::Machine::ExternalShift" Content="外部座標偏移" />
	<Message ID="MMI::Machine::MPGShift" Content="手輪偏置" />
	<Message ID="MMI::Machine::WorkPieceDisabled" Content="工件座標系已關閉!" />
	<Message ID="MMI::Machine::G54" Content="G54 設定" />
	<Message ID="MMI::Machine::G55" Content="G55 設定" />
	<Message ID="MMI::Machine::G56" Content="G56 設定" />
	<Message ID="MMI::Machine::G57" Content="G57 設定" />
	<Message ID="MMI::Machine::G58" Content="G58 設定" />
	<Message ID="MMI::Machine::G59" Content="G59 設定" />
	<Message ID="MMI::Machine::G59.1" Content="G59.1 設定" />
	<Message ID="MMI::Machine::G59.2" Content="G59.2 設定" />
	<Message ID="MMI::Machine::G59.3" Content="G59.3 設定" />
	<Message ID="MMI::Machine::G59.4" Content="G59.4 設定" />
	<Message ID="MMI::Machine::G59.5" Content="G59.5 設定" />
	<Message ID="MMI::Machine::G59.6" Content="G59.6 設定" />
	<Message ID="MMI::Machine::G59.7" Content="G59.7 設定" />
	<Message ID="MMI::Machine::G59.8" Content="G59.8 設定" />
	<Message ID="MMI::Machine::G59.9" Content="G59.9 設定" />
	<Message ID="MMI::Machine::G54P16" Content="G54 P16 設定" />
	<Message ID="MMI::Machine::G54P17" Content="G54 P17 設定" />
	<Message ID="MMI::Machine::G54P18" Content="G54 P18 設定" />
	<Message ID="MMI::Machine::G54P19" Content="G54 P19 設定" />
	<Message ID="MMI::Machine::G54P20" Content="G54 P20 設定" />
	<Message ID="MMI::Machine::G54P21" Content="G54 P21 設定" />
	<Message ID="MMI::Machine::G54P22" Content="G54 P22 設定" />
	<Message ID="MMI::Machine::G54P23" Content="G54 P23 設定" />
	<Message ID="MMI::Machine::G54P24" Content="G54 P24 設定" />
	<Message ID="MMI::Machine::G54P25" Content="G54 P25 設定" />
	<Message ID="MMI::Machine::G54P26" Content="G54 P26 設定" />
	<Message ID="MMI::Machine::G54P27" Content="G54 P27 設定" />
	<Message ID="MMI::Machine::G54P28" Content="G54 P28 設定" />
	<Message ID="MMI::Machine::G54P29" Content="G54 P29 設定" />
	<Message ID="MMI::Machine::G54P30" Content="G54 P30 設定" />
	<Message ID="MMI::Machine::G54P31" Content="G54 P31 設定" />

	<Message ID="MMI::AuxCoord::Title" Content="輔助點座標" />

	<Message ID="MMI::ZDelta::Value" Content="Z軸落差值" />
	<Message ID="MMI::ZDelta::STEP1" Content="設定落差前請先做刀長量測" />
	<Message ID="MMI::ZDelta::STEP2" Content="步驟1：將刀尖帶到工件表面" />
	<Message ID="MMI::ZDelta::STEP3" Content="步驟2：按F3, Z軸落差設定" />

	<Message ID="MMI::ManualCenter::Title" Content="手動分中" />
	<Message ID="MMI::ManualCenter::ModeHint" Content="(0:手動,1:自動)" />
	<Message ID="MMI::ManualCenter::OUTINModeHint" Content="(0:四點分中,1:三點定心)" />
	<Message ID="MMI::ManualCenter::OperationStep" Content="手動分中操作步驟:" />
	<Message ID="MMI::ManualCenter::Step1" Content="步驟1：將刀具帶到Px1點按Px1設定" />
	<Message ID="MMI::ManualCenter::Step2" Content="步驟2：將刀具帶到Px2點按Px2設定" />
	<Message ID="MMI::ManualCenter::Step3" Content="步驟3：將刀具帶到Py1點按Py1設定" />
	<Message ID="MMI::ManualCenter::Step4" Content="步驟4：將刀具帶到Py2點按Py2設定" />
	<Message ID="MMI::ManualCenter::Step5_One" Content="步驟5：回工件座標設定畫面做輔助" />
	<Message ID="MMI::ManualCenter::Step5_Two" Content="點設定" />
	<Message ID="MMI::ManualCenter::MachineCoord" Content="機械座標" />
	<Message ID="MMI::ManualCenter::Px1" Content="Px1" />
	<Message ID="MMI::ManualCenter::Px2" Content="Px2" />
	<Message ID="MMI::ManualCenter::Pxm" Content="Pxm" />
	<Message ID="MMI::ManualCenter::Py1" Content="Py1" />
	<Message ID="MMI::ManualCenter::Py2" Content="Py2" />
	<Message ID="MMI::ManualCenter::Pym" Content="Pym" />
	
	<Message ID="Browser::ManualCenter::Caption::Lab_3PtsCenter::Title" Content="手動三點定心" />
	<Message ID="Browser::ManualCenter::Caption::Lab_3PtsStep::OperationStep" Content="三點定心操作步驟:" />
	<Message ID="Browser::ManualCenter::Caption::Lab_3PtsStep1::Step1" Content="步驟1：將刀具帶到P1點按P1設定" />
	<Message ID="Browser::ManualCenter::Caption::Lab_3PtsStep2::Step2" Content="步驟2：將刀具帶到P2點按P2設定" />
	<Message ID="Browser::ManualCenter::Caption::Lab_3PtsStep3::Step3" Content="步驟3：將刀具帶到P3點按P3設定" />
	<Message ID="Browser::ManualCenter::Caption::Lab_3PtsStep4::Step4" Content="步驟4：按下「計算中心座標」" />
	<Message ID="Browser::ManualCenter::Caption::Lab_3PtsStep5_One::Step5_One" Content="步驟5：回工件座標設定畫面做輔助" />
	<Message ID="Browser::ManualCenter::Caption::Lab_3PtsStep5_Two::Step5_Two" Content="點設定" />
	<Message ID="Browser::ManualCenter::Caption::Lab_MachineCoord::MachineCoord" Content="機械座標" />
	<Message ID="Browser::ManualCenter::Caption::Lab_AuxTitle::Title" Content="輔助點座標" />
	<Message ID="Browser::ManualCenter::Caption::Lab_CoordPx1::Px1" Content="Px1" />
	<Message ID="Browser::ManualCenter::Caption::Lab_CoordPy1::Py1" Content="Py1" />
	<Message ID="Browser::ManualCenter::Caption::Lab_CoordPx2::Px2" Content="Px2" />
	<Message ID="Browser::ManualCenter::Caption::Lab_CoordPy2::Py2" Content="Py2" />
	<Message ID="Browser::ManualCenter::Caption::Lab_CoordPxm::Pxm" Content="Pxm" />
	<Message ID="Browser::ManualCenter::Caption::Lab_CoordPym::Pym" Content="Pym" />
	<Message ID="Browser::ManualCenter::Caption::Lab_CoordR::R" Content="R" />
	<Message ID="MMI::ManualCenter::PointInLine" Content="三點共線！請選擇不共線之三點再執行計算" />

	<Message ID="MMI::AutoCenter::Title" Content="自動分中" />
	<Message ID="MMI::AutoCenter::ModeHint" Content="(0:手動,1:自動)" />
	<Message ID="MMI::AutoCenter::OperationStep" Content="自動分中操作步驟:" />
	<Message ID="MMI::AutoCenter::Step1" Content="步驟1：填入工件資料" />
	<Message ID="MMI::AutoCenter::Step2" Content="步驟2：將刀具帶到P2做Z軸高度教導" />
	<Message ID="MMI::AutoCenter::Step3" Content="步驟3：將刀具帶到工件大致中心點P1" />
	<Message ID="MMI::AutoCenter::Step4" Content="步驟4：按自動分中啟動" />
	<Message ID="MMI::AutoCenter::Step5_One" Content="步驟5：回工件座標設定畫面做輔助" />
	<Message ID="MMI::AutoCenter::Step5_Two" Content="點設定" />
	<Message ID="MMI::AutoCenter::MachineCoord" Content="機械座標" />
	<Message ID="MMI::AutoCenter::Px1" Content="Px1" />
	<Message ID="MMI::AutoCenter::Px2" Content="Px2" />
	<Message ID="MMI::AutoCenter::Pxm" Content="Pxm" />
	<Message ID="MMI::AutoCenter::Py1" Content="Py1" />
	<Message ID="MMI::AutoCenter::Py2" Content="Py2" />
	<Message ID="MMI::AutoCenter::Pym" Content="Pym" />
	<Message ID="MMI::AutoCenter::InputTitle" Content="請輸入工件資料" />
	<Message ID="MMI::AutoCenter::LengthI" Content="工件長度I" />
	<Message ID="MMI::AutoCenter::WidthJ" Content="工件寬度J" />
	<Message ID="MMI::AutoCenter::DistanceH" Content="安全距離H" />
	<Message ID="MMI::AutoCenter::FeedrateF" Content="進給速率F" />
	<Message ID="MMI::AutoCenter::ZCoord" Content="Z軸座標P2" />
	<Message ID="MMI::AutoCenter::OUTINModeHint" Content="(0:外分中,1:內分中)" />
	<Message ID="MMI::AutoCenter::NotInAuto" Content="系統不是在自動模式, 不能啟動自動分中功能!" />
	<Message ID="MMI::AutoCenter::DoCoordSet" Content="是否要做Z軸座標教導?" />

	<Message ID="MMI::Machine::SetMachCoord" Content="是否『教導機械座標』?" />
	<Message ID="MMI::Machine::SetRelCoord" Content="是否『教導相對座標』?" />
	<Message ID="MMI::Machine::SetAuxCoord" Content="是否『教導輔助座標』?" />
	<Message ID="MMI::Machine::MachCoordTeach" Content="是否『增量教導機械座標』?" />
	<Message ID="MMI::Machine::CoordIncInput" Content="是否『增量輸入』?" />
	<Message ID="MMI::Machine::MPGTeachMsg" Content="手輪座標不可使用座標教導" />

	<!-- ========== Program Edit Form String Define ========= -->
	<Message ID="MMI::Program::Title" Content="程式編輯" />
	<Message ID="MMI::Program::BackEdit" Content="背景編輯" />
	<Message ID="MMI::Program::EditProhibit" Content="不可編輯加工中的程式!" />
	<Message ID="MMI::Program::RenFileInhibit" Content="檔案使用中不可更名!" />
	<Message ID="MMI::Program::DelLine" Content="是否確定刪除資料行" />
	<Message ID="MMI::Program::SearchStr" Content="請輸入字串" />
	<Message ID="MMI::Program::SearchTitle1" Content="搜尋字串" />
	<Message ID="MMI::Program::SearchTitle2" Content="搜尋結果" />
	<Message ID="MMI::Program::Research" Content="已搜尋到程序結尾，是否從頭搜尋?" />
	<Message ID="MMI::Program::SearchNotFound" Content="找不到搜尋字串!" />
	<Message ID="MMI::Program::SearchLine" Content="請輸入行數" />
	<Message ID="MMI::Program::SearchLineT1" Content="行數搜尋" />
	<Message ID="MMI::Program::LineIncorrect" Content="請輸入正整數" />
	<Message ID="MMI::Program::ReplaceSearch" Content="搜尋字串：" />
	<Message ID="MMI::Program::ReplaceStr" Content="取代成：" />
	<Message ID="MMI::Program::ReplaceResult" Content="取代結果" />
	<Message ID="MMI::Program::ReplaceOk" Content="已全部取代完畢。" />
	<Message ID="MMI::Program::DelFileCheck" Content="是否確定要刪除檔案: " />
	<Message ID="MMI::Program::DelAllFileCheck" Content="是否確定要刪除全部檔案? " />
	<Message ID="MMI::Program::DelReadOnlyFile" Content=" 為唯讀檔案，是否確定刪除? " />
	<Message ID="MMI::Program::InputFile" Content="請輸入檔名：" />
	<Message ID="MMI::Program::FileTitle1" Content="開啟檔案" />
	<Message ID="MMI::Program::FileTitle2" Content="拷貝檔案" />
	<Message ID="MMI::Program::CopyFile" Content="請輸入拷貝後之檔名" />
	<Message ID="MMI::Program::OverWrite" Content="檔案已存在，是否要覆寫?" />
	<Message ID="MMI::Program::BlockEditHint" Content="把游標移到要複製的區塊結尾, 按下'結束行'以選擇整個區塊!" />
	<Message ID="MMI::Program::EditName" Content="編輯程式名稱：" />
	<Message ID="MMI::Program::C89EditProhibit" Content="編輯程式功能禁止!" />
	<Message ID="MMI::Program::RestSpace" Content="剩餘空間" />
	<Message ID="MMI::Program::DelFileInhibit" Content="使用中, 不能被刪除!" />
	<Message ID="MMI::Program::OverWriteInhibit" Content="使用中, 不能被覆蓋!" />
	<Message ID="MMI::Program::BusyOverWriteInhibit" Content="不能覆蓋加工中檔案!" />
	<Message ID="MMI::Program::OverWriteRequirement" Content="使用中, 確定強制覆寫?" />
	<Message ID="MMI::Program::SaveFileInhibit" Content="使用中, 無法存檔!" />
	<Message ID="MMI::Program::FileNotFound" Content="檔案不存在" />
	<Message ID="MMI::Program::FileDeleteFail" Content="檔案無法刪除" />
	<Message ID="MMI::Program::BlockCopySizeError" Content="注意: 不能複製超過32KB區塊!" />
	<Message ID="MMI::Program::BlockCutSizeError" Content="注意: 不能剪下超過32KB區塊!" />
	<Message ID="MMI::Program::BlockPasteSizeError" Content="注意: 不能貼上超過32KB區塊!" />
	<Message ID="MMI::Program::SaveFileInquiry" Content="是否確定要儲存檔案" />

	<Message ID="MMI::Teach::Title" Content="教導" />
	<Message ID="MMI::Teach::CancelArc" Content="取消輸入的中間點" />
	<Message ID="MMI::TeachArc::PlaneAxisError" Content="加工平面, 軸未全部開啟!" />
	
	<Message ID="MMI::TeachArc::Title" Content="圓弧中間點座標" />
	<Message ID="MMI::TeachArc::Parallel" Content="兩線平行" />
	<Message ID="MMI::TeachArc::XAxis" Content="X軸座標" />
	<Message ID="MMI::TeachArc::YAxis" Content="Y軸座標" />
	<Message ID="MMI::TeachArc::ZAxis" Content="Z軸座標" />

	<Message ID="MMI::FileMgr::Title" Content="檔案管理" />
	<Message ID="MMI::FileMgr::Name" Content="檔案名稱" />
	<Message ID="MMI::FileMgr::Size" Content="檔案大小" />
	<Message ID="MMI::FileMgr::Type" Content="類型" />
	<Message ID="MMI::FileMgr::Date" Content="修改時間" />
	<Message ID="MMI::FileMgr::Comment" Content="檔案註解" />
	<Message ID="MMI::FileMgr::MultiPath" Content="多軸群" />
	<Message ID="MMI::FileMgr::SrcFile" Content="來源檔案" />
	<Message ID="MMI::FileMgr::DesFile" Content="目的檔案" />
	<Message ID="MMI::FileMgr::Copy" Content="拷貝" />
	<Message ID="MMI::FileMgr::Select" Content="選擇" />
	<Message ID="MMI::FileMgr::SelectAll" Content="選擇全部" />
	<Message ID="MMI::FileMgr::CancelSelect" Content="取消全部選擇" />
	<Message ID="MMI::FileMgr::DeviceChange" Content="更換磁碟機" />
	<Message ID="MMI::FileMgr::Eject" Content="更換磁片" />
	<Message ID="MMI::FileMgr::SetSrc" Content="來源目錄" />
	<Message ID="MMI::FileMgr::SetDes" Content="目的目錄" />
	<Message ID="MMI::FileMgr::Exit" Content="離開" />
	<Message ID="MMI::FileMgr::MsgEject" Content="請將磁片退出磁碟機, 並放入要更換的磁片!" />
	<Message ID="MMI::FileMgr::CopyOk" Content="檔案拷貝完成!" />
	<Message ID="MMI::FileMgr::Status" Content="狀態: " />
	<Message ID="MMI::FileMgr::DirPath" Content="查詢: " />
	<Message ID="MMI::FileMgr::Filter" Content="檔案類型: " />
	<Message ID="MMI::FileMgr::SubDirs" Content="子目錄 " />
	<Message ID="MMI::FileMgr::Files" Content="檔案 " />
	<Message ID="MMI::FileMgr::DirNotExist" Content="目錄不存在! " />
	<Message ID="MMI::FileMgr::USBNotExit" Content="USB磁片裝置不存在!" />

	<Message ID="MMI::DiskNotReady" Content=" 磁碟裝置未就緒!" />

	<!-- ========== Run Form String Define ================== -->
	<Message ID="MMI::AssignMain::FormTitle" Content="選擇加工檔" />
	<Message ID="MMI::AssignMain::Inhibit" Content="系統加工中, 禁止選擇加工檔!" />
	<Message ID="MMI::AssignMain::MDIInhibit" Content="在MDI模式中, 禁止選擇加工檔!" />
	<Message ID="MMI::AssignMain::NCNameLimit" Content="加工檔名太長, 最長31個字!" />
	<Message ID="MMI::AssignMain::IsBinaryFile" Content="檔案內容毀損，請選擇其他檔案!" />
	<Message ID="MMI::AssignMain::EncodingErr" Content="加工程式指定失敗, 請重置後再重新選取, 或檢查加工檔名編碼是否正確!" />
	<Message ID="MMI::AssignMain::IsNotFirAxesGroup" Content="檔案內容與軸群數不符，請選擇其他檔案!" />

	<Message ID="MMI::Run::CannotInput" Content="加工中不得修改!" />
	<Message ID="MMI::Run::Title" Content="執行加工" />
	<Message ID="MMI::Run::StartBlockNo" Content="起始單節行號(N,L)" />
	<Message ID="MMI::Run::Coordinate" Content="座標顯示" />
	<Message ID="MMI::Run::MachCord" Content="機械座標" />
	<Message ID="MMI::Run::AbsCord" Content="絕對座標" />
	<Message ID="MMI::Run::RelCord" Content="相對座標" />
	<Message ID="MMI::Run::ResDist" Content="剩餘距離" />
	<Message ID="MMI::Run::RunStatus" Content="加工狀態" />
	<Message ID="MMI::Run::RunTime" Content="加工時間" />
	<Message ID="MMI::Run::Hour" Content="時" />
	<Message ID="MMI::Run::Min" Content="分" />
	<Message ID="MMI::Run::Sec" Content="秒" />
	<Message ID="MMI::Run::G00_Override" Content="G00 倍率" />
	<Message ID="MMI::Run::G01_Override" Content="G01 倍率" />
	<Message ID="MMI::Run::Spd_Override" Content="主軸倍率" />
	<Message ID="MMI::Run::PartNo" Content="工件數" />
	<Message ID="MMI::Run::FeedRate" Content="進給速率" />
	<Message ID="MMI::Run::ToolNo" Content="刀具號碼" />
	<Message ID="MMI::Run::Spindle1Speed" Content="第一主軸轉速" />
	<Message ID="MMI::Run::Spindle2Speed" Content="第二主軸轉速" />
	<Message ID="MMI::Run::PartCountSet" Content="工件數設定" />
	<Message ID="MMI::Run::AcumRunTime" Content="累計加工時間" />
	<Message ID="MMI::Run::AcumHour" Content="時" />
	<Message ID="MMI::Run::AcumMin" Content="分" />
	<Message ID="MMI::Run::AcumPartCount" Content="工件數" />
	<Message ID="MMI::Run::RequiredPartCount" Content="需求工件數" />
	<Message ID="MMI::Run::ClearCycleTime" Content="確定要清除累計加工時間嗎?" />
	<Message ID="MMI::Run::FeedrateOverride" Content="切削" />
	<Message ID="MMI::Run::RapidFeedrateOverride" Content="快速" />
	<Message ID="MMI::Run::Override" Content="倍率" />
	<Message ID="MMI::Run::InteruptLineNO" Content="斷點行號" />
	<Message ID="MMI::Run::InteruptColNO" Content="斷點序號" />	
	<Message ID="MMI::Run::PartCountReach" Content="需求工件數己加工完成!" />
	
	<Message ID="MMI::Run::GCode" Content="G碼狀態" />
	<Message ID="MMI::Run::Interpolation" Content="插值模式" />
	<Message ID="MMI::Run::Unit" Content="公/英制" />
	<Message ID="MMI::Run::FeedControl" Content="進給控制" />
	<Message ID="MMI::Run::WorkPlane" Content="工作平面" />
	<Message ID="MMI::Run::ToolDiaComp" Content="刀徑補償" />
	<Message ID="MMI::Run::RotationMode" Content="旋轉模式" />
	<Message ID="MMI::Run::AbsRelMode" Content="絕/相對" />
	<Message ID="MMI::Run::TooLenComp" Content="刀長補償" />
	<Message ID="MMI::Run::SpindleCheck" Content="主軸速檢查" />
	<Message ID="MMI::Run::2ndStroke" Content="第二行程" />
	<Message ID="MMI::Run::Scale" Content="放大縮小" />
	<Message ID="MMI::Run::PolarCord" Content="極座標插值" />
	<Message ID="MMI::Run::FeedRate2" Content="進給速率" />
	<Message ID="MMI::Run::ConstSurfSpeed" Content="等表面速度" />
	<Message ID="MMI::Run::PolarCmd" Content="極座標命令" />
	<Message ID="MMI::Run::FeedrateToless" Content="進給速度輸入不得小於 1.0 mm/min!" />
	<Message ID="MMI::Run::BLU_FeedrateToless" Content="進給速度輸入不得小於 0.001 mm/min!" />

	<Message ID="MMI::Run::TotalAcumPartCount" Content="總工件數" />
	<Message ID="MMI::Run::SpindleStatus" Content="主軸狀態" />
	<Message ID="MMI::Run::SpindleInfo" Content="主軸資訊" />
	<Message ID="MMI::Run::SpindleStatus1" Content="第一主軸轉速" />
	<Message ID="MMI::Run::SpindleStatus2" Content="第二主軸轉速" />
	<Message ID="MMI::Run::SpindleStatus3" Content="第三主軸轉速" />
	<Message ID="MMI::Run::SpindleStatus4" Content="第四主軸轉速" />
	<Message ID="MMI::Run::SyncDeltaAngle" Content="同期基準差" />
	<Message ID="MMI::Run::SyncDiffAngle" Content="同期角度差" />

	<Message ID="MMI::Run::LoadingRate" Content="負載率" />
	<Message ID="MMI::Run::S1Laoding" Content="第一主軸負載率" />
	<Message ID="MMI::Run::S2Laoding" Content="第二主軸負載率" />
	<Message ID="MMI::Run::S3Loading" Content="第三主軸負載率" />
	<Message ID="MMI::Run::S4Laoding" Content="第四主軸負載率" />

	<Message ID="MMI::WorkRecord::Title" Content="加工記錄表單" />
	<Message ID="MMI::WorkRecord::CurFileName" Content="現在加工程式" />
	<Message ID="MMI::WorkRecord::CurFileComment" Content="加工程式註解" />
	<Message ID="MMI::WorkRecord::RequirePart" Content="預計加工件數" />
	<Message ID="MMI::WorkRecord::StartDateTime" Content="開始日期時間" />
	<Message ID="MMI::WorkRecord::PartCount" Content="已加工件數" />
	<Message ID="MMI::WorkRecord::TotalPartCount" Content="總加工件數" />
	<Message ID="MMI::WorkRecord::SingleTime" Content="單件加工時間" />
	<Message ID="MMI::WorkRecord::TotalTime" Content="總加工時間" />

	<Message ID="MMI::WorkRecord::No" Content="序號" />
	<Message ID="MMI::WorkRecord::ProgramName" Content="程式名稱" />
	<Message ID="MMI::WorkRecord::StartDate" Content="開始日期時間" />
	<Message ID="MMI::WorkRecord::AllTime" Content="總時間" />
	<Message ID="MMI::WorkRecord::AllPart" Content="工件數" />
	<Message ID="MMI::WorkRecord::ProgramComment" Content="程式註解" />

	<Message ID="MMI::WorkRecord::TableEnd" Content="-檔尾-" />
	<Message ID="MMI::WorkRecord::ExportTo" Content="加工記錄表單輸出到" />

	<Message ID="MMI::ClearWorkRecord" Content="確定要清除加工記錄表?" />
	<Message ID="MMI::BreakPoint::SearchWait" Content="請按enter鍵開始做斷點行號尋找, 這需要一些時間!" />
	<Message ID="MMI::BreakPoint::Title" Content="斷點行號掃瞄" />
	<Message ID="MMI::BreakPoint::InSearch" Content="斷點行號掃瞄中, 請等待...! 執行百分比： " />
	<Message ID="MMI::BreakPoint::Abort" Content="斷點行號掃瞄中斷, 請重新輸入行號 " />
	<Message ID="MMI::BreakPoint::Complete" Content="斷點行號掃瞄完畢, 請啟動加工進行斷點回歸 " />
	<Message ID="MMI::BreakPoint::InBusy" Content="斷點行號掃瞄中, 請勿重複觸發!" />
	<Message ID="MMI::BreakPoint::SearchNoFind" Content="找不到起始序號或行號" />
	<Message ID="MMI::BreakPoint::Prog1SearchNoFind" Content="第一程式找不到起始序號" />
	<Message ID="MMI::BreakPoint::Prog2SearchNoFind" Content="第二程式找不到起始序號" />
	<Message ID="MMI::BreakPoint::SearchNoFind::Title" Content="警告" />

	<!-- ========== Alarm Form String Define ================ -->
	<Message ID="MMI::Alarm::Title" Content="警報顯示" />
	<Message ID="MMI::Alarm::FileEnd" Content="===== 檔     尾 =====" />
	<Message ID="MMI::Alarm::Axis" Content="軸" />
	<Message ID="MMI::Alarm::The" Content="第" />
	<Message ID="MMI::Alarm::Station" Content="站" />
	<Message ID="MMI::Alarm::NcProgram" Content="加工程式" />
	<Message ID="MMI::Alarm::Simulator" Content="模擬器" />
	<Message ID="MMI::Alarm::PendingAlarmLoading" Content="現在警報載入中，請稍待…" />
	<Message ID="MMI::Alarm::HistoryAlarmLoading" Content="歷來警報載入中，請稍待…" />
	<Message ID="MMI::Alarm::ID" Content="序號" />
	<Message ID="MMI::Alarm::AlarmClass" Content="模組" />
	<Message ID="MMI::Alarm::AlarmID" Content="號碼" />
	<Message ID="MMI::Alarm::AlarmTime" Content="發生時間" />
	<Message ID="MMI::Alarm::AlarmContent" Content="警報內容" />
	<Message ID="MMI::Alarm::PendingSave" Content="現存警報儲存" />
	<Message ID="MMI::Alarm::HistorySave" Content="歷來警報儲存" />
	<Message ID="MMI::Alarm::ComPortNo" Content="埠號" />
	<Message ID="MMI::Alarm::StationNo" Content="站號" />
	<Message ID="MMI::Alarm::ModuleID" Content="模組" />
	<Message ID="MMI::Alarm::BGND" Content="背景程式 " />
	<Message ID="MMI::Alarm::SPLC" Content="SPLC " />
	<Message ID="MMI::Alarm::ROT1" Content="ROT_1 " />
	<Message ID="MMI::Alarm::ROT2" Content="ROT_2 " />
	<Message ID="MMI::Alarm::ROT3" Content="ROT_3 " />
	<Message ID="MMI::Alarm::Spindle1" Content="第一主軸" />
	<Message ID="MMI::Alarm::Spindle2" Content="第二主軸" />
	<Message ID="MMI::Alarm::Spindle3" Content="第三主軸" />
	<Message ID="MMI::Alarm::Spindle4" Content="第四主軸" />
	<Message ID="MMI::Alarm::Spindle5" Content="第五主軸" />
	<Message ID="MMI::Alarm::Spindle6" Content="第六主軸" />

	<!-- ========== Serial Servo Parameter String Define ============ -->
	<Message ID="MMI::SerialParamSelect::GuideMsg" Content="請選擇驅動器類型 :" />
	<Message ID="MMI::SerialParamSelect::AxisInfoMsg" Content="軸向 :" />

	<!-- ========== Parameter Form String Define ============ -->
	<Message ID="MMI::Parameter::NoParamGroup" Content="參數群組不存在" />
	<Message ID="MMI::Parameter::ParamGroupLoadFail" Content="參數群組讀取失敗" />
	<Message ID="MMI::Parameter::Title" Content="參數設定" />
	<Message ID="MMI::Parameter::InputNo." Content="輸入參數號碼" />
	<Message ID="MMI::Parameter::GoToNo." Content="跳至參數號碼" />
	<Message ID="MMI::Parameter::No.NotExist" Content="輸入參數號碼不存在" />
	<Message ID="MMI::Parameter::AxisNotOpen" Content="輸入參數號碼對應之軸未開啟" />
	<Message ID="MMI::Parameter::ParamID" Content="編號" />
	<Message ID="MMI::Parameter::ParamItem" Content="說明" />
	<Message ID="MMI::Parameter::ModifyTime" Content="修改時間" />
	<Message ID="MMI::Parameter::ParamVal" Content="數值" />
	<Message ID="MMI::Parameter::Loading" Content="參數表載入中，請稍待…" />
	<Message ID="MMI::Parameter::PassInputHint" Content="請輸入密碼：" />
	<Message ID="MMI::Parameter::PasswordError" Content="密碼輸入錯誤!" />
	<Message ID="MMI::Parameter::NumerialOnly" Content="參數只能輸入數字!" />
	<Message ID="MMI::Parameter::OutofRange" Content="輸入超過範圍!" />
	<Message ID="MMI::Parameter::HSHPParamDefault" Content="參數總表" />
	<Message ID="MMI::Parameter::401Lv1.lt.lv9" Content="對應Pr401的參數值，等級1不可小於等級9！" />
	<Message ID="MMI::Parameter::404Lv1.gt.lv9" Content="對應Pr404的參數值，等級1不可大於等級9！" />
	<Message ID="MMI::Parameter::408Lv1.gt.lv9" Content="對應Pr408的參數值，等級1不可大於等級9！" />
	<Message ID="MMI::Parameter::TOL.Lv1.gt.lv9" Content="對應TOL的參數值，等級1不可大於等級9！" />
	<Message ID="MMI::Parameter::AskRestartCNC" Content="確定要重新啟動CNC嗎?" />

	<Message ID="MMI::Parameter::OpMode" Content="操作模式設定" />
	<Message ID="MMI::Parameter::InputUnit" Content="輸入/顯示單位(0:公制, 1:英制)" />
	<Message ID="MMI::Parameter::CannotModifyOp" Content="加工中不可以修改公英制!" />

	<Message ID="MMI::Parameter::SysTimeSet" Content="系統時間設定" />
	<Message ID="MMI::Parameter::SysDate" Content="系統日期設定 (YYYY/MM/DD)" />
	<Message ID="MMI::Parameter::DateInputError" Content="日期格式輸入錯誤!" />
	<Message ID="MMI::Parameter::SysTime" Content="系統時間設定 (HH:MM:SS)" />
	<Message ID="MMI::Parameter::TimeInputError" Content="時間格式輸入錯誤!" />
	<Message ID="MMI::Parameter::LoadPitchFileError" Content="節距補償檔案格式錯誤" />
	<Message ID="MMI::Parameter::TouchScreenChange" Content="觸控螢幕更改,請重新開機" />
	<Message ID="MMI::Parameter::AdjustFail" Content="觸控螢幕校正程式開啟錯誤!" />
	<Message ID="MMI::Parameter::ProgFontSizeSet" Content="加工程式字體設定" />
	<Message ID="MMI::Parameter::ProgFontSize" Content="大小" />
	
	<Message ID="MMI::Parameter::MMITitle" Content="人機參數" />
	<Message ID="MMI::Parameter::InputNewValue" Content="輸入新設定值" />
	<Message ID="MMI::Parameter::SureToSetDefault" Content="確定單項回復原廠設定?" />
	<Message ID="MMI::Parameter::SureToSetDefaultAll" Content="確定全項回復原廠設定?" />

	<Message ID="MMI:NETSET::IP_FormatErr" Content="IP輸入格式錯誤!" />

	<Message ID="MMI::Password::Title" Content="系統啟用密碼管理" />
	<Message ID="MMI::Password::Always" Content="無使用期限限制!" />
	<Message ID="MMI::Password::CheckNo" Content="檢查代碼：" />
	<Message ID="MMI::Password::PassNo" Content="啟用密碼：" />
	<Message ID="MMI::Password::StartTime" Content="系統啟用時間：" />
	<Message ID="MMI::Password::EndTime" Content="系統使用期限：" />
	<Message ID="MMI::Password::InputError" Content="密碼輸入錯誤!" />
	<Message ID="MMI::Password::Error3Times" Content="密碼輸入錯誤次數超過三次, 請重新開機!" />
	<Message ID="MMI::Password::InputOk" Content="密碼輸入正確" />
	<Message ID="MMI::Password::TimeOut" Content="已超過使用期限，請重新輸入密碼!" />
	<Message ID="MMI::Password::TimeModify" Content="系統時間已被修改，請重新輸入密碼!" />
	<Message ID="MMI::Password::Daywarning" Content="系統可使用剩餘天數" />
	<Message ID="MMI::Password::Day" Content="天" />
	<Message ID="MMI::Password::24hrwarning" Content="系統可使用剩餘時間" />
	<Message ID="MMI::Password::Hour" Content="小時" />
	<Message ID="MMI::Password::HarewareNotMatch" Content="系統硬體資訊不符合!" />
	<Message ID="MMI::Password::NotInitial" Content="系統尚未初始化!" />
	<Message ID="MMI::Password::CncSerial" Content="控制器序號" />
	<Message ID="MMI::Password::CncSerialCheck" Content="金鑰:" />
	<Message ID="MMI::Password::InvalidUpgrade" Content="不合法版本升級!" />

	<Message ID="MMI::OptionPassword::Title" Content="軟體功能選項設定管理" />
	<Message ID="MMI::SysInfo::SetOption" Content="軟體功能選項設定" />
	<Message ID="MMI::SysInfo::SetSerial" Content="控制器序號設定" />
	<Message ID="MMI::SysInfo::SetRestore" Content="控制器序號, 機型, 軟體功能選項還原" />
	<Message ID="MMI::SysInfo::PassFormatErr" Content="密碼格式版本錯誤!" />
	<Message ID="MMI::SysInfo::SerialErr" Content="密碼控制器序號錯誤!" />
	<Message ID="MMI::SysInfo::OptionStatus" Content="軟體選項資訊：" />
	<Message ID="MMI::SysInfo::CPUBoardName" Content="主機板型號：" />
	<Message ID="MMI::SysInfo::CNCModel" Content="機型代碼:" />
	<Message ID="MMI::SysInfo::CNCSerial" Content="控制器序號:" />
	<Message ID="MMI::SysInfo::MachineType" Content="機床屬性:" />
	<Message ID="MMI::SysInfo::CNCOption" Content="軟體功能選項:" />
	<Message ID="MMI::SysInfo::OptionStatusOk" Content="軟體功能選項可正常使用!" />
	<Message ID="MMI::SysInfo::OptionLeftTime" Content="功能選項剩餘時間 : " />
	<Message ID="MMI::SysInfo::OptionTimeOut" Content="軟體功能選項可用時間已結束!" />
	<Message ID="MMI::Password::InputOkReboot" Content="密碼輸入正確, 請重新開機" />

	<Message ID="MMI::SysInfo::Option4" Content="啟用外掛PlugIn功能" />
	<Message ID="MMI::SysInfo::Option11" Content="高精軌跡控制模式" />
	<Message ID="MMI::SysInfo::Option12" Content="刀尖點控制功能(RTCP)" />
	<Message ID="MMI::SysInfo::Option13" Content="特徵座標系功能" />
	<Message ID="MMI::SysInfo::Option15" Content="學習攻牙功能" />
	<Message ID="MMI::SysInfo::Option16" Content="視覺功能單相機" />
	<Message ID="MMI::SysInfo::Option17" Content="視覺功能多相機" />
	<Message ID="MMI::SysInfo::Option18" Content="CAD/CAM功能" />
	<Message ID="MMI::SysInfo::Option19" Content="三維空間圓弧插補功能" />
	<Message ID="MMI::SysInfo::Option31" Content="高光軌跡控制" />

	<!-- ========== Diagnostic Form String Define =========== -->
	<Message ID="MMI::Diagnostic::Title" Content="診斷功能" />
	<Message ID="MMI::Diagnostic::InputSysDataNo." Content="輸入系統資料號碼" />
	<Message ID="MMI::Diagnostic::GoSysDataNo." Content="跳至系統資料號碼" />
	<Message ID="MMI::Diagnostic::InputComVarNo." Content="輸入共用變數號碼" />
	<Message ID="MMI::Diagnostic::GoComVarNo." Content="跳至共用變數號碼" />
	<Message ID="MMI::Diagnostic::InputCoordVarNo." Content="輸入程式變數號碼" />
	<Message ID="MMI::Diagnostic::GoCoordVarNo." Content="跳至程式變數號碼" />
	<Message ID="MMI::Diagnostic::InputPLCRegNo." Content="輸入Register號碼" />
	<Message ID="MMI::Diagnostic::GoPLCRegNo." Content="跳至Register號碼" />
	<Message ID="MMI::Diagnostic::AcqProgress" Content="資料擷取進度：" />
	<Message ID="MMI::Diagnostic::SampleTimeInput" Content="輸入取樣時間, 為補間時間的倍數" />
	<Message ID="MMI::Diagnostic::AppAlreadyRuning" Content="程式已執行或載入中" />

	<Message ID="MMI::Backup::MsgTitle" Content="系統資料備份" />
	<Message ID="MMI::Confirmation::Description" Content="此動作執行期間控制器將無法操作數分鐘, 是否確定要執行?" />
	<Message ID="MMI::Restore::MsgTitle" Content="系統資料還原" />
	<Message ID="MMI::Install::MsgTitle" Content="系統軟體安裝" />
	<Message ID="MMI::Install::MsgStep1" Content="步驟1：請執行 F1 安裝檔複製, 將要安裝的檔案複製到安裝目錄" />
	<Message ID="MMI::Install::MsgStep2" Content="步驟2：再執行 F2 檔案安裝, 將系統檔案安裝到指定位置" />
	<Message ID="MMI::Install::MsgEnd" Content="請按Enter鍵關閉此訊息." />
	<Message ID="MMI::Install::InstallPrompt" Content="即將進行軟體安裝, 確定的話請選擇 Yes" />
	<Message ID="MMI::Install::RegistryError" Content="登錄檔設定錯誤, 請檢查autorun第二項是否有資料!" />
	<Message ID="MMI::Install::Reboot" Content="請將控制器重新開機, 系統將於下次開機時先進行軟體的安裝" />
	<Message ID="MMI::Install::MacroFile" Content="選擇Macro程式要繼續安裝嗎?" />
	<Message ID="MMI::Install::ParamFile" Content="選擇參數檔要繼續安裝嗎?" />
	<Message ID="MMI::Install::RegistryFile" Content="選擇安裝檔要繼續安裝嗎?" />
	<Message ID="MMI::Install::PLCFile" Content="選擇階梯圖要繼續安裝嗎?" />
	<Message ID="MMI::Install::CopyZipFail" Content="拷貝安裝檔至第一片CF卡時發生錯誤" />
	<Message ID="MMI::Backup::EmptyItem" Content="未選擇任何備份項目，請重新選擇" />
	<Message ID="MMI::Backup::BackupTitle" Content="請選擇備份項目" />
	<Message ID="MMI::Backup::FailInHSHP" Content="讀取多組高速高精資料失敗" />
	<Message ID="MMI::Install::FailInHSHP" Content="寫入多組高速高精資料失敗" />
	<Message ID="MMI::Restore::EmptyItem" Content="未選擇任何還原項目，請重新選擇" />
	<Message ID="MMI::Restore::RestoreTitle" Content="請選擇還原項目" />

	<Message ID="MMI::Backup::CreateOpenInstallerXml::CreateFailed" Content="安裝設定Xml檔建立失敗"/>
	<Message ID="MMI::Backup::LocalSBNotSupport" Content="不支援Local SB備份" />

	<Message ID="MMI::OCRemote::Title" Content="遠端診斷功能" />
	<Message ID="MMI::OCRemote::ServerFail" Content="遠端診斷啟動失敗, 伺服器網址錯誤或伺服器未開啟, 請檢查後再重新啟動!" />

	<!-- ========== Serial Parameter Backup Restore String Define ========== -->
	<Message ID="MMI::SerialParamBackup::CreateFailed" Content="串列參數備份檔創建失敗" />
	<Message ID="MMI::SerialParamRestore::IllegalFile" Content="不合法的串列參數備份檔案" />
	<Message ID="MMI::SerialParamRestore::DifferentAxisNo" Content="還原串列軸向數目不符，取消還原" />
	<Message ID="MMI::SerialParamRestore::NeedNotReadyState" Content="還原串列參數必須在「未就緒」狀態下，請將控制器狀態切換至未就緒後再次執行" />
	<Message ID="MMI::SerialParamRestore::UnzipFailed" Content="解壓縮串列參數備份檔案失敗" />

	<!-- ========== Tool4M Form String Define =============== -->
	<Message ID="MMI::Tool4M::Title" Content="執行加工" />
	<Message ID="MMI::Tool4M::MachCoord" Content="機械座標" />
	<Message ID="MMI::Tool4M::AbsCoord" Content="絕對座標" />
	<Message ID="MMI::Tool4M::RelCoord" Content="相對座標" />
	<Message ID="MMI::Tool4M::InputModeMsg" Content="輸入模式(A：絕對；I：增量)" />
	<Message ID="MMI::Tool4M::AbsInput" Content="絕對輸入" />
	<Message ID="MMI::Tool4M::IncInput" Content="增量輸入" />
	<Message ID="MMI::Tool4M::MeasureInput" Content="(Z：量測輸入)" />
	<Message ID="MMI::Tool4M::ToolSetMode" Content="刀具補正" />
	<Message ID="MMI::Tool4M::ToolGeometry" Content="刀徑補償" />
	<Message ID="MMI::Tool4M::ToolWear" Content="刀徑磨耗" />
	<Message ID="MMI::Tool4M::LengthGeometry" Content="刀長補償" />
	<Message ID="MMI::Tool4M::LengthWear" Content="刀長磨耗" />
	<Message ID="MMI::Tool4M::ToolSetting" Content="刀具設定" />
	<Message ID="MMI::Tool4M::Coordinate" Content="座標顯示" />
	<Message ID="MMI::Tool4M::SetToolLengthInthibit" Content="加工中不可編輯刀具設定!" />
	<Message ID="MMI::Tool4M::DoSetToolMachCoord" Content="是否要做刀長機械座標設定?" />
	<Message ID="MMI::Tool4M::DoSetToolRelCoord" Content="是否要做刀長相對座標設定?" />
	
	<Message ID="MMI::ToolNo::Title" Content="刀套MG與刀號T關係表" />
	<Message ID="MMI::ToolNo::TurrentNo" Content="刀盤刀號" />
	<Message ID="MMI::ToolNo::SpindleNo" Content="主軸刀號" />

	<!-- ========== Tool4T Form String Define =============== -->
	<Message ID="MMI::Tool4T::Title" Content="執行加工" />
	<Message ID="MMI::Tool4T::AbsCoord" Content="絕對座標" />
	<Message ID="MMI::Tool4T::MachCoord" Content="機械座標" />
	<Message ID="MMI::Tool4T::InputModeMsg" Content="輸入模式(A：絕對；I：增量)" />
	<Message ID="MMI::Tool4T::AbsInput" Content="絕對輸入" />
	<Message ID="MMI::Tool4T::IncInput" Content="增量輸入" />
	<Message ID="MMI::Tool4T::MeasureInput" Content="(X‥Z：量測輸入)" />
	<Message ID="MMI::Tool4T::ToolWear" Content="磨耗設定" />
	<Message ID="MMI::Tool4T::ToolAxisWear" Content="軸磨耗" />
	<Message ID="MMI::Tool4T::ToolLength" Content="刀長設定" />
	<Message ID="MMI::Tool4T::ToolAxisLength" Content="軸刀長" />
	<Message ID="MMI::Tool4T::ToolNose" Content="刀尖設定" />
	<Message ID="MMI::Tool4T::ToolAngle" Content="斜刀軸角度設定(X-Y平面)" />
	<Message ID="MMI::Tool4T::ToolNoseRadius" Content="刀尖半徑" />
	<Message ID="MMI::Tool4T::ToolNoseWear" Content="刀尖磨耗" />
	<Message ID="MMI::Tool4T::ToolNoseDir" Content="刀尖方向" />
	<Message ID="MMI::Tool4T::ToolNoseDirRange" Content="刀尖方向正確值範圍：【0‥9】" />
	<Message ID="MMI::Tool4T::InputError" Content="輸入值錯誤" />
	<Message ID="MMI::Tool4T::ToolSetting" Content="刀具設定" />
	<Message ID="MMI::Tool4T::Coordinate" Content="座標顯示" />
	<Message ID="MMI::Tool4T::SetToolLengthInthibit" Content="加工中不可編輯刀具設定!" />

	<!-- ========== Simulation Form String Define =============== -->
	<Message ID="MMI::Simu::SimuGraph" Content="模擬圖形" />
	<Message ID="MMI::Simu::AbsCord" Content="絕對座標" />
	<Message ID="MMI::Simu::PartProg" Content="工件程式" />
	<Message ID="MMI::Simu::AlarmList" Content="警報訊息" />
	<Message ID="MMI::Simu::ParamSet" Content="模擬參數設定" />
	<Message ID="MMI::Simu::ColorSet" Content="顏色設定" />
	<Message ID="MMI::Simu::ColorIndex" Content="顏色編號：" />
	<Message ID="MMI::Simu::PathColor" Content="切削路徑：" /> 
	<Message ID="MMI::Simu::RapidColor" Content="快動路徑：" /> 
	<Message ID="MMI::Simu::CursorColor" Content="游標顏色：" />
	<Message ID="MMI::Simu::ViewAngle" Content="視角設定" />
	<Message ID="MMI::Simu::VertAngle" Content="垂直角度：" />
	<Message ID="MMI::Simu::HoriAngle" Content="水平角度：" />
	<Message ID="MMI::Simu::Scope" Content="範圍設定" />
	<Message ID="MMI::Simu::XMin" Content="X 最小值：" />
	<Message ID="MMI::Simu::XMax" Content="X 最大值：" />
	<Message ID="MMI::Simu::YMin" Content="Y 最小值：" />
	<Message ID="MMI::Simu::YMax" Content="Y 最大值：" />
	<Message ID="MMI::Simu::ZMin" Content="Z 最小值：" />
	<Message ID="MMI::Simu::ZMax" Content="Z 最大值：" />
	<Message ID="MMI::Simu::DrawMode" Content="繪圖模式：" />
	<Message ID="MMI::Simu::SimuMode" Content="模擬方式：" />
	<Message ID="MMI::Simu::Quadrant" Content="象限設定：" />
	<Message ID="MMI::Simu::Quadrant0" Content="預設值" />
	<Message ID="MMI::Simu::Quadrant1" Content="第一象限" />
	<Message ID="MMI::Simu::Quadrant2" Content="第二象限" />
	<Message ID="MMI::Simu::Quadrant3" Content="第三象限" />
	<Message ID="MMI::Simu::Quadrant4" Content="第四象限" />
	<Message ID="MMI::Simu::SimuMode0" Content="模擬" />
	<Message ID="MMI::Simu::SimuMode1" Content="邊走邊畫" />
	<Message ID="MMI::Simu::SimuMode2" Content="不模擬" />
	<Message ID="MMI::Simu::SimuMode3" Content="即時模擬" />
	<Message ID="MMI::Simu::SimuRange" Content="模擬範圍" />
	<Message ID="MMI::Simu::StartBlock" Content="起始單節：" />
	<Message ID="MMI::Simu::EndBlock" Content="結束單節：" />
	<Message ID="MMI::Simu::HintStart" Content="起始單節號碼，可以為行號 (例. 1) 或程式序號 (例. N3)" />
	<Message ID="MMI::Simu::HintEnd" Content="結束單節號碼，可以為行號 (例. 2) 或程式序號 (例. N15)" />

	<!-- ========== File Setup Install String Define =============== -->
	<Message ID="MMI::Setup::Frm_PSetup" Content="系統管理" />
	<Message ID="MMI::Setup::InstallComfirm" Content="確定要安裝" />
	<Message ID="MMI::Setup::CNCSoftwareInstall" Content="Cnc軟體安裝備份" />
	<Message ID="MMI::Setup::CNCBackup" Content="Cnc 系統備份" />
	<Message ID="MMI::Setup::InsertDisk" Content="請插入USB磁碟裝置, 確定後按Ok" />
	<Message ID="MMI::Setup::SoftwareInstall" Content="系統軟體安裝..." />
	<Message ID="MMI::Setup::ReadInstallInfo" Content="讀取安裝資料...., 請稍待...." />
	<Message ID="MMI::Setup::USBNotExist" Content="未發現安裝備份使用的磁碟機!" />
	<Message ID="MMI::Setup::Win32NotSupport" Content="Win32系統不支援這種安裝方式!" />
	<Message ID="MMI::Setup::RemoteNotSupport" Content="不支援遠端操作." />
	<Message ID="MMI::Setup::Software::GetCNCPlatformError" Content="無法取得控制器作業系統資訊." />
	<Message ID="MMI::Setup::Software::IncorrectCPU" Content="安裝檔的硬體平台與控制器不符. 請選擇正確硬體平台的安裝檔." />
	<Message ID="MMI::Setup::Software::NOTDriverPackage" Content="非驅動器安裝包. 請選擇正確安裝檔." />
	<Message ID="MMI::Setup::Software::SynDriverNotReady" Content="新代驅動器尚未就緒, 無法進入此頁面" />
	<Message ID="MMI::Setup::Software::mustBeNotReady" Content="只能在'未就緒'狀態下使用此功能" />
	<Message ID="MMI::Setup::Software::InstallItems" Content="以下模組將進行安裝:" />
	<Message ID="MMI::Setup::Software::HintAndConfirmInstall" Content="注意! 開始更新後, 驅動器會中斷軸向與IO功能, 是否確定繼續安裝?" />
	<Message ID="MMI::Setup::Software::IncorrectPlatform" Content="安裝檔的作業系統與控制器不符. 請選擇正確作業系統的安裝檔." />
	<Message ID="MMI::Setup::Software::IncorrectProduct" Content="安裝檔的產品資訊與控制器不符. 請選擇正確產品資訊的安裝檔." />
	<Message ID="MMI::Setup::Software::IncorrectWindowsVER" Content="安裝檔的WinCE版本與控制器不符. 請選擇正確WinCE版本的安裝檔." />
	<Message ID="MMI::Setup::Software::IncorrectMachineModel" Content="安裝檔的機型代碼與控制器不符. 請選擇正確機型代碼的安裝檔."/>
	<Message ID="MMI::Setup::Software::IncorrectRemoteMachineModel" Content="安裝檔的機型代碼與後台控制器不符. 請選擇正確機型代碼的安裝檔."/>
	<Message ID="MMI::Setup::Software::IncorrectRemoteProduct" Content="安裝檔的產品資訊與後台控制器不符. 請選擇正確產品資訊的安裝檔." />
	<Message ID="MMI::Setup::Software::CurrentPlatform" Content="控制器作業系統" />
	<Message ID="MMI::Setup::Software::InstallPlatform" Content="安裝檔作業系統" />
	<Message ID="MMI::Setup::Software::RejectDowngradeKernel" Content="核心無法單獨降版.
若要降版, 請選擇同時包含人機及核心的安裝檔." />
	<Message ID="MMI::Setup::Software::ConfirmInstall" Content="安裝檔檢查完成, 請問是否繼續安裝?" />
	<Message ID="MMI::Setup::Software::CurrentVersion" Content="目前版本" />
	<Message ID="MMI::Setup::Software::InstallVersion" Content="安裝版本" />
	<Message ID="MMI::Setup::Software::Kernel" Content="核心" />
	<Message ID="MMI::Setup::Software::MMI" Content="人機" />
	<Message ID="MMI::Setup::Image::DontRemoveDevice" Content="映像檔更新中，請不要移除映像檔所在磁碟機，直到安裝完成!" />
	<Message ID="MMI::Setup::InstallFileFound" Content="安裝檔檢查完成, 請按(F1 確定)進行安裝!" />
	<Message ID="MMI::Setup::InstallRemoteFileFound" Content="安裝檔檢查完成, 請按(F1 確定)進行後台安裝!" />
	<Message ID="MMI::Setup::InstallFileNotFound" Content="未發現安裝檔, 請重新拷貝再進行安裝!" />
	<Message ID="MMI::Setup::DeleteAutoRun" Content="刪除自動執行檔最後一個動作!" />
	<Message ID="MMI::Setup::AddAutoRun" Content="已將安裝步驟加到自動執行檔!" />
	<Message ID="MMI::Setup::FileError" Content=",安裝檔檢查發現錯誤, 請重新拷貝檔案!" />
	<Message ID="MMI::Setup::Lab_Title::PLCBackup" Content="PLC檔案備份" />
	<Message ID="MMI::Setup::Lab_Title::PLCRestore" Content="PLC檔案安裝" />
	<Message ID="MMI::Setup::Lab_Title::MacroBackup" Content="Macro檔案備份" />
	<Message ID="MMI::Setup::Lab_Title::MacroRestore" Content="Macro檔案安裝" />
	<Message ID="MMI::Setup::Lab_Title::ParamBackup" Content="參數檔備份" />
	<Message ID="MMI::Setup::Lab_Title::ParamRestore" Content="參數檔安裝" />
	<Message ID="MMI::Setup::Lab_Title::RegistryBackup" Content="登錄檔備份" />
	<Message ID="MMI::Setup::Lab_Title::RegistryRestore" Content="登錄檔安裝" /> 
	<Message ID="MMI::Setup::Lab_Title::NcFilesBackup" Content="NC檔案備份" />
	<Message ID="MMI::Setup::Lab_Title::NcFilesRestore" Content="NC檔案安裝" />
	<Message ID="MMI::Setup::Lab_DriverSelectSrc" Content="安裝來源選擇" />
	<Message ID="MMI::Setup::Lab_DriverSelectDst" Content="備份目的選擇" />
	<Message ID="MMI::Setup::CmdFloppy" Content="磁碟機" />
	<Message ID="MMI::Setup::CmdNet" Content="網路" />
	<Message ID="MMI::Setup::CmdExit" Content="離開" />
	<Message ID="MMI::Setup::CmdFinish" Content="完成" />
	<Message ID="MMI::Setup::CmdCancel" Content="取消" />
	<Message ID="MMI::Setup::FraSource" Content="來源檔案" />
	<Message ID="MMI::Setup::FraDes" Content="目的檔案" />
	<Message ID="MMI::Setup::LstMountFloppy" Content="連結磁碟機.." />
	<Message ID="MMI::Setup::LstMountNet" Content="連結網路.." />
	<Message ID="MMI::Setup::LstFileCopy" Content="檔案拷貝" />
	<Message ID="MMI::Setup::LstCopyOk" Content="檔案拷貝完成" />
	<Message ID="MMI::Setup::LstCopyFail" Content="拷貝失敗" />
	<Message ID="MMI::Setup::Msg_FileNotFound" Content="檔案不存在" />
	<Message ID="MMI::Setup::Lab_Inc" Content="新代科技" />
	<Message ID="MMI::Setup::Txt_Floppy" Content="透過磁碟機來備份或安裝檔案, 磁碟機路徑為\Floppy" />
	<Message ID="MMI::Setup::Txt_Net" Content="透過網路來備份或安裝檔案, 網路路徑為\Network\Syntec" />
	<Message ID="MMI::Setup::NetRestartCNC" Content="CNC將於一分鐘後重新啟動。" />
	<Message ID="MMI::Setup::NetRestartHMI" Content="人機將於一分半鐘後重新啟動。" />
	<Message ID="MMI::Setup::LocalAskRestartCNC" Content="是否立即重啟人機。" />
	<Message ID="MMI::Setup::Software::Failed::Package" Content="安裝失敗，檢查安裝檔發生錯誤。" />
	<Message ID="MMI::Setup::Software::Failed::Copy" Content="安裝失敗，無法複製安裝檔。" />
	<Message ID="MMI::Setup::Software::Failed::AutorunSetup" Content="安裝失敗，開機程序設置失敗。" />
	<Message ID="MMI::Setup::Software::Version" Content="版本" />
	<Message ID="MMI::Setup::Software::InstallAfterReboot" Content="系統將於重新開機後繼續更新。" />
	<Message ID="MMI::Setup::Msg_Reboot" Content="請重新開機, 進行軟體安裝!" />
	<Message ID="MMI::Setup::CopyFail" Content="失敗, 請檢查磁碟空間、磁碟或網路裝置後重新執行" />
	<Message ID="MMI::Setup::BackupSuccess" Content="成功!" />
	<Message ID="MMI::Setup::InstallSuccess" Content="成功, 請重新開機, 安裝檔案才會生效!" />
	<Message ID="MMI::Setup::InstallCommonSuccess" Content="安裝檔案成功!" />
	<Message ID="MMI::Setup::InstallSuccessHaveReset" Content="成功, 請等待重新啟動完成, 安裝檔案才會生效!" />
	<Message ID="MMI::Setup::InstallSuccessManualHMI" Content="成功, 請手動啟動人機, 安裝檔案才會生效!" />
	<Message ID="MMI::Setup::InstallSuccessManualBoth" Content="成功, 請手動啟動Cnc以及人機, 安裝檔案才會生效!" />
	<Message ID="MMI::Setup::Lab_Title::InstallMsg" Content="安裝訊息：" />
	<Message ID="MMI::Setup::Lab_Title::InstallData" Content="安裝檔資料" />
	<Message ID="MMI::Setup::Lab_Title::InstallName" Content="安裝檔名" />
	<Message ID="MMI::Setup::Lab_Title::SysName" Content="系統名稱" />
	<Message ID="MMI::Setup::Lab_Title::SysVer" Content="系統版本" />
	<Message ID="MMI::Setup::Lab_Title::SysFileBackup" Content="系統檔案安裝備份" />
	<Message ID="MMI::Setup::Lab_Title::SourceFile" Content="來源檔案：" />
	<Message ID="MMI::Setup::Lab_Title::TargetFile" Content="目的檔案：" />
	<Message ID="MMI::Setup::DirNotExistent" Content="目錄不存在!" />
	<Message ID="MMI::Setup::Msg_CycleStarting" Content="執行加工中無法進行軟體安裝、系統還原及匯入等動作" />
	<Message ID="MMI::Setup::Msg_HadDone" Content="無法重覆安裝軟體，請重新開機, 進行前次軟體安裝!" />
	<Message ID="MMI::Setup::WaitUntilSuccess" Content="請等待安裝完成再進行操作。" />
	<Message ID="MMI::Setup::Restarting" Content="請關閉模擬器後，待安裝完成後再重新啟動。" />
	<Message ID="MMI::Setup::RestartFail" Content="系統重新連線失敗，請重新指定CNC設定。" />
	<Message ID="MMI::Setup::LstBackFail" Content="備份失敗" />
	<Message ID="MMI::Setup::LstInstallFail" Content="安裝失敗" />
	<Message ID="MMI::Setup::HMIData" Content="人機檔案安裝" />
	<Message ID="MMI::Setup::fetchBackupListFail" Content="取得備份列表失敗" />
	<Message ID="MMI::Setup::RecoverInfo" Content="安裝系統資料不正常結束，請等待系統資料安裝完成" />
	<Message ID="MMI::Setup::Lab_Title::RecoverFail" Content="重新安裝失敗" />
	<Message ID="MMI::Setup::Lab_Title::RecoverSuccess" Content="重新安裝成功" />	
	<Message ID="MMI::Setup::RecoverSuccess" Content="重新安裝失敗，請等待CNC正常啟動" />
	<Message ID="MMI::Setup::Backup::CNCStateCheck" Content="加工中不可以系統資料備份" />
	<Message ID="MMI::Setup::Install::CNCStateCheck" Content="加工中不可以系統資料安裝" />
	<Message ID="MMI::Setup::CNCData" Content="CNC檔案安裝" />
	<Message ID="MMI::Setup::UnkownFail" Content="不預期的安裝失敗" />
	<Message ID="MMI::Setup::InstallPart" Content="部份檔案安裝完成" />
	<Message ID="MMI::Setup::InstallFailManualBoth" Content="請手動啟動Cnc以及人機, 安裝檔案才會生效!" />

	<Message ID="MMI::Setup::SB::NoInternalBackup" Content="找不到原廠備份檔案!" />
	<Message ID="MMI::Setup::SB::DoInternalBackup" Content="請執行原廠備份功能!" />
	<Message ID="MMI::Setup::SB::Restore" Content="還原" />

	<Message ID="MMI::Setup::Caption::Lab_BackupTipsTitle::BackupTipsTitle" Content="系統資料備份" />
	<Message ID="MMI::Setup::Caption::Lab_BackupTips::BackupTips" Content="將系統資料備份成壓縮格式，並存儲於
指定之外部磁碟" />
	<Message ID="MMI::Setup::Caption::Hint::Backup::AllSelect" Content="提示：備份所有可勾選項目/取消所有可勾選項目" />
	<Message ID="MMI::Setup::Caption::Hint::Backup::SB" Content="提示：備份原廠系統資料" />
	<Message ID="MMI::Setup::Caption::Hint::Backup::PLC" Content="提示：備份PLC(cnc.lad)及PLC警報多國語言字串檔(AlarmPLC_L.xml, L:COM、CHT、CHS.....)" />
	<Message ID="MMI::Setup::Caption::Hint::Backup::Parameter" Content="提示：備份參數檔(param.dat)" />
	<Message ID="MMI::Setup::Caption::Hint::Backup::ParameterExt" Content="提示：備份擴充參數定義檔(paramext.pxt)、擴充參數多國語言字串檔(ParamExt_L.xml)
及擴充參數位元組字串檔(ParamExt_RBit_L.xml, L:COM、CHT、CHS....)" />
	<Message ID="MMI::Setup::Caption::Hint::Backup::Macro" Content="提示：備份MACRO及MACRO警報多國語言字串檔(AlarmMacro_L.xml, L:COM、CHT、CHS....)" />
	<Message ID="MMI::Setup::Caption::Hint::Backup::Registry" Content="提示：備份Registry.dat，內含刀長資料/座標系紀錄/自動對刀參數/加工紀錄/…" />
	<Message ID="MMI::Setup::Caption::Hint::Backup::OCRes" Content="提示：備份客製人機資料夾（OCRes），包含我的最愛設定
不含以下檔案(AlarmPLC_L.xml/AlarmMacro_L.xml/ParamExt_L.xml/ParamExt_RBit_L.xml, L:COM、CHT、CHS.....)" />
	<Message ID="MMI::Setup::Caption::Hint::Backup::DriverParameter" Content="提示：備份驅動器參數和串列參數畫面(TunningParam.dat...)" />
	<Message ID="MMI::Setup::Caption::Hint::Backup::HistoryAlarm" Content="提示：備份現存警報(Actalm.txt)及歷來警報(Histalm.txt)" />
	<Message ID="MMI::Setup::Caption::Hint::Backup::OpLogFile" Content="提示：備份操作紀錄器紀錄(OPLog.*)" />
	<Message ID="MMI::Setup::Caption::Hint::Backup::DataLogFile" Content="提示：備份診斷紀錄(DataLog*.dat)" />
	<Message ID="MMI::Setup::Caption::Hint::Backup::AuthoData" Content="提示：備份權限資料(Autho.xml)" />
	<Message ID="MMI::Setup::Caption::Hint::Backup::SerialPLCAxisParam" Content="提示：備份串列PLC軸參數(SerialPLCParam1-32.dat)" />
	<Message ID="MMI::Setup::Caption::Hint::Backup::ECamData" Content="提示：備份電子凸輪資料(ECam.xml)" />
	<Message ID="MMI::Setup::Caption::Hint::Backup::SriParameter" Content="提示：備份SRI參數檔(SriParam.dat, SriReg.dat)" />
	<Message ID="MMI::Setup::Caption::Hint::Backup::RotParam" Content="提示：備份Rot參數(RotParam.dat)" />
	<Message ID="MMI::Setup::Caption::Hint::Backup::SysData" Content="提示：備份核心系統資料, 內含記憶M碼/串列PLC登錄檔/ROT登錄檔/...&#xA;(ScanTable.dat, SPLCAxisReg1-32.dat, RotReg.dat ...)" />
	<Message ID="MMI::Setup::Caption::Hint::Restore::AllSelect" Content="提示：還原所有可勾選項目/取消所有可勾選項目" />
	<Message ID="MMI::Setup::Caption::Hint::Restore::SB" Content="提示：還原原廠系統資料" />
	<Message ID="MMI::Setup::Caption::Hint::Restore::PLC" Content="提示：還原PLC(cnc.lad)及PLC警報多國語言字串檔(AlarmPLC_L.xml, L:COM、CHT、CHS.....)" />
	<Message ID="MMI::Setup::Caption::Hint::Restore::Parameter" Content="提示：還原參數檔(param.dat)" />
	<Message ID="MMI::Setup::Caption::Hint::Restore::ParameterExt" Content="提示：還原擴充參數定義檔(paramext.pxt)、擴充參數多國語言字串檔(ParamExt_L.xml)
及擴充參數位元組字串檔(ParamExt_RBit_L.xml, L:COM、CHT、CHS....)" />
	<Message ID="MMI::Setup::Caption::Hint::Restore::Macro" Content="提示：還原MACRO及MACRO警報多國語言字串檔(AlarmMacro_L.xml, L:COM、CHT、CHS....)" />
	<Message ID="MMI::Setup::Caption::Hint::Restore::Registry" Content="提示：還原Registry.dat，內含刀長資料/座標系紀錄/自動對刀參數/加工紀錄/…" />
	<Message ID="MMI::Setup::Caption::Hint::Restore::OCRes" Content="提示：還原客製人機資料夾（OCRes）內，除了以下檔案以外之所有檔案
(AlarmPLC_L.xml/AlarmMacro_L.xml/ParamExt_L.xml/ParamExt_RBit_L.xml, L:COM、CHT、CHS.....)" />
	<Message ID="MMI::Setup::Caption::Hint::Restore::DriverParameter" Content="提示：還原驅動器參數和串列參數畫面(TunningParam.dat...)" />
	<Message ID="MMI::Setup::Caption::Hint::Restore::AuthoData" Content="提示：還原權限資料" />
	<Message ID="MMI::Setup::Caption::Hint::Restore::SerialPLCAxisParam" Content="提示：還原串列PLC軸參數(SerialPLCParam1-32.dat)" />
	<Message ID="MMI::Setup::Caption::Hint::Restore::ECamData" Content="提示：還原電子凸輪資料(ECam.xml)" />
	<Message ID="MMI::Setup::Caption::Hint::Restore::SriParameter" Content="提示：還原SRI參數檔(SriParam.dat, SriReg.dat)" />
	<Message ID="MMI::Setup::Caption::Hint::Restore::RotParam" Content="提示：還原Rot參數(RotParam.dat)" />
	<Message ID="MMI::Setup::Caption::SelectItem::FilePath" Content="檔案路徑" />
	<Message ID="MMI::Setup::Caption::SelectItem::Backup::FileComment" Content="請輸入註解內容
(字數上限 : 30字)" />
	<Message ID="MMI::Setup::Caption::SelectItem::Restore::FileComment" Content="註解內容
(字數上限 : 30字)" />
	<Message ID="MMI::Setup::Caption::SelectItem::QueryBackup" Content="備份設定完成，
確定執行備份功能?" />
	<Message ID="MMI::Setup::Caption::SelectItem::QueryRestore" Content="還原設定完成，
確定執行還原功能?" />
	<Message ID="MMI::Setup::HaveInstall" Content="前次安裝檔案尚未完成，請重新啟動控制器才能再次進行安裝" />

	<Message ID="MMI::Setup::ImgUpgrade::Serious" Content="檔案已選擇完成，繼續進行NK映像檔更新?" />
	<Message ID="MMI::Setup::ImgUpgrade::ShutDownRestart" Content="警告：系統重大更新，請斷電重新啟動系統進行初始化。" />
	<Message ID="MMI::Setup::ImgUpgrade::DontTouch" Content="軟體重大更新中，請勿對機台進行操作!" />
	<Message ID="MMI::Setup::ImgUpgrade::UpgradeFail" Content="軟體重大更新失敗" />
	<Message ID="MMI::Setup::ImgUpgrade::ImageSettingsTilte" Content="NK映像檔設定" />
	<Message ID="MMI::Setup::ImgUpgrade::ImageSettings" Content="正在設定映像檔..." />

	<!-- ========== Cnc PLCNet String Define =============== -->
	<Message ID="MMI::PLCNet::ConnectError" Content="連線錯誤! 請檢查Client端IP位置." />

	<!-- =============== DriverTuning String Define =============== -->
	<Message ID="MMI::Tuning::UploadDenied" Content="加工中請勿進行驅動器參數調整" />
	<Message ID="MMI::Tuning::LimitNotDesideYet" Content="請執行馬達正負極限的定位" />
	<Message ID="MMI::Tuning::EstimateDone" Content="待負載慣量比變動趨緩，請按「OK」以完成估測" />
	<Message ID="MMI::Tuning::NoiseQuestion1" Content="系統是否產生異音或抖動？" />
	<Message ID="MMI::Tuning::NoiseQuestionTitle" Content="注意" />
	<Message ID="MMI::Tuning::VibrationSuppressON" Content="開啟共振抑制，請按「OK」以繼續執行調機" />
	<Message ID="MMI::Tuning::NoiseQuestion2" Content="共振抑制已開啟，是否依舊產生異音或抖動？" />
	<Message ID="MMI::Tuning::ResultDownBW" Content="請降低速度響應頻寬再重新執行調機" />
	<Message ID="MMI::Tuning::ObserveSystem" Content="請觀察馬達響應是否符合預期，觀察完畢請按「OK」" />
	<Message ID="MMI::Tuning::TuningDone" Content="調機完成請執行試加工，如希望響應更好，請提高速度響應頻寬再重新執行調機" />
	<Message ID="MMI::FinishTuning::FinishTuning" Content="請按「OK」以完成調機" />
	
	<!-- ========== Scr_History =============== -->
	<Message ID="Scr_His_DateTime" Content="日期時間" />
	<Message ID="Scr_His_CompName" Content="元件名稱" />
	<Message ID="Scr_His_XmlName" Content="XML 檔案名稱" />
	<Message ID="Scr_His_Storage" Content="儲存位址" />
	<Message ID="Scr_His_OldValue" Content="原始數值" />
	<Message ID="Scr_His_NewValue" Content="輸入數值" />

	<!-- ========== Feature Coordinate =============== -->
	<Message ID="Browser::FeatureCoord::Mode3PTS" Content="三點教導" />
	<Message ID="Browser::FeatureCoord::ModeTOOL" Content="刀具方向教導" />
	<Message ID="Browser::FeatureCoord::ModeEULER" Content="尤拉角教導" />
	<Message ID="Browser::FeatureCoord::Mode2VECS" Content="兩向量教導" />
	<Message ID="Browser::FeatureCoord::Caption::Mode_Select" Content="教導模式選擇：" />
	<Message ID="Browser::FeatureCoord::Caption::Feature_Origin" Content="原點 P1" />
	<Message id="Browser::FeatureCoord::ModeSelectHint" Content="輸入數值以改變教導模式" />
	<Message ID="Browser::FeatureCoord::Caption::OriginXHint" Content="斜平面原點在 G54 座標系下的 X 分量" />
	<Message ID="Browser::FeatureCoord::Caption::OriginYHint" Content="斜平面原點在 G54 座標系下的 Y 分量" />
	<Message ID="Browser::FeatureCoord::Caption::OriginZHint" Content="斜平面原點在 G54 座標系下的 Z 分量" />
	<Message ID="MMI::FeatureCoordinate::PostureNotReady" Content="請將刀具旋轉軸角度歸零" />
	<Message ID="MMI::FeatureCoordinate::ChooseTool" Content="請利用指令 G43、G44 或 G43.4 選取刀具" />
	<Message ID="MMI::FeatureCoordinate::PointsCoLinear" Content="三點共線無法成功教導，請重新輸入點座標" />
	<Message ID="MMI::FeatureCoordinate::ConfirmTransform" Content="確定要切換至斜平面狀態？" />
	<Message ID="MMI::FeatureCoordinate::ConfirmTitle" Content="確認" />
	<Message ID="MMI::FeatureCoordinate::BackToG69" Content="請在 G69 狀態下執行座標教導" />
	<Message ID="MMI::FeatureCoordinate::VectorsCantBeZero" Content="軸向量不可為零向量" />
	<Message ID="Browser::FeatureCoord::Caption::ToolLengthState" Content="刀長補償：" />
	<Message ID="Browser::FeatureCoord::Caption::CoordState" Content="座標系狀態：" />
	<Message ID="FeatureCoord_3PTS::2ndPointXHint" Content="斜平面第二點在 G54 座標系下的 X 分量" />
	<Message ID="FeatureCoord_3PTS::2ndPointYHint" Content="斜平面第二點在 G54 座標系下的 Y 分量" />
	<Message ID="FeatureCoord_3PTS::2ndPointZHint" Content="斜平面第二點在 G54 座標系下的 Z 分量" />
	<Message ID="FeatureCoord_3PTS::Caption::Feature_Point2" Content="第二點 P2" />
	<Message ID="FeatureCoord_3PTS::3rdPointXHint" Content="斜平面第三點在 G54 座標系下的 X 分量" />
	<Message ID="FeatureCoord_3PTS::3rdPointZHint" Content="斜平面第三點在 G54 座標系下的 Z 分量" />
	<Message ID="FeatureCoord_3PTS::3rdPointYHint" Content="斜平面第三點在 G54 座標系下的 Y 分量" />
	<Message ID="FeatureCoord_3PTS::Caption::Feature_Point3" Content="第三點 P3" />
	<Message ID="FeatureCoord_3PTS::Step1" Content="1. 確認刀補狀態在 G43.4、G43 或 G44" />
	<Message ID="FeatureCoord_3PTS::Step2" Content="　手動輸入則不受此限。" />
	<Message ID="FeatureCoord_3PTS::Step3" Content="2. 確認座標系在 G69 狀態。" />
	<Message ID="FeatureCoord_3PTS::Step4" Content="3. 相對 G54 座標系設定以下各點：" />
	<Message ID="FeatureCoord_3PTS::Step5" Content="　原點、第二點、第三點。" />
	<Message ID="FeatureCoord_3PTS::Step6" Content="4. 原點與第二點將決定 X+ 方向。" />
	<Message ID="FeatureCoord_3PTS::Step7" Content="5. 第三點將決定 Y+ 方向。" />
	<Message ID="FeatureCoord_3PTS::Step8" Content="6. 教導完成。" />
	<Message ID="FeatureCoord_TOOL::RotateAngle" Content="刀軸旋轉角" />
	<Message ID="FeatureCoord_TOOL::RotateAngleHint" Content="刀具軸為旋轉軸，依據右手定則旋轉之角度。" />
	<Message ID="FeatureCoord_TOOL::Step1" Content="1. 確認刀補狀態在 G43.4、G43 或 G44" />
	<Message ID="FeatureCoord_TOOL::Step2" Content="　手動輸入則不受此限。" />
	<Message ID="FeatureCoord_TOOL::Step3" Content="2. 確認座標系在 G69 狀態。" />
	<Message ID="FeatureCoord_TOOL::Step4" Content="3. 以刀具軸為旋轉軸，旋轉 I 角" />
	<Message ID="FeatureCoord_TOOL::Step5" Content="4. 旋轉後即得到斜平面座標系" />
	<Message ID="FeatureCoord_TOOL::Step6" Content="5. 教導完成。" />
	<Message ID="FeatureCoord_TOOL::Step7" Content=" " />
	<Message ID="FeatureCoord_TOOL::Step8" Content=" " />
	<Message ID="FeatureCoord_EULER::Caption::EulerAngle" Content="尤拉角" />
	<Message ID="FeatureCoord_EULER::Euler1" Content="輸入沿著 G54 Z 軸旋轉之旋轉角，將得一新的座標系。" />
	<Message ID="FeatureCoord_EULER::Euler2" Content="輸入經上述步驟旋轉後的座標系，沿其 X 軸旋轉之旋轉角。" />
	<Message ID="FeatureCoord_EULER::Euler3" Content="輸入經上述步驟旋轉後的座標系，沿其 Z 軸旋轉之旋轉角。" />
	<Message ID="FeatureCoord_EULER::Step1" Content="1. 確認刀補狀態在 G43.4、G43 或 G44" />
	<Message ID="FeatureCoord_EULER::Step2" Content="　手動輸入則不受此限。" />
	<Message ID="FeatureCoord_EULER::Step3" Content="2. 確認座標系在 G69 狀態。" />
	<Message ID="FeatureCoord_EULER::Step4" Content="3. 沿 G54 Z軸旋轉 I 得一座標系 X' Y' Z" />
	<Message ID="FeatureCoord_EULER::Step5" Content="4. 沿 X' 軸旋轉 J 得一座標系 X' Y'' Z'" />
	<Message ID="FeatureCoord_EULER::Step6" Content="5. 沿 Z' 軸旋轉 K 得到斜平面座標系" />
	<Message ID="FeatureCoord_EULER::Step7" Content="6. 教導完成。" />
	<Message ID="FeatureCoord_EULER::Step8" Content="" />
	<Message ID="FeatureCoord_2VECS::VECXx" Content="斜平面 X 軸在 G54 座標系中的 X 分量" />
	<Message ID="FeatureCoord_2VECS::VECXy" Content="斜平面 X 軸在 G54 座標系中的 Y 分量" />
	<Message ID="FeatureCoord_2VECS::VECXz" Content="斜平面 X 軸在 G54 座標系中的 Z 分量" />
	<Message ID="FeatureCoord_2VECS::VECZx" Content="斜平面 Z 軸在 G54 座標系中的 X 分量" />
	<Message ID="FeatureCoord_2VECS::VECZy" Content="斜平面 Z 軸在 G54 座標系中的 Y 分量" />
	<Message ID="FeatureCoord_2VECS::VECZz" Content="斜平面 Z 軸在 G54 座標系中的 Z 分量" />
	<Message ID="FeatureCoord_2VECS::Feature_VecX" Content="X 軸" />
	<Message ID="FeatureCoord_2VECS::Feature_VecZ" Content="Z 軸" />
	<Message ID="FeatureCoord_2VECS::Step1" Content="1. 確認刀補狀態在 G43.4、G43 或 G44" />
	<Message ID="FeatureCoord_2VECS::Step2" Content="　手動輸入則不受此限。" />
	<Message ID="FeatureCoord_2VECS::Step3" Content="2. 確認座標系在 G69 狀態。" />
	<Message ID="FeatureCoord_2VECS::Step4" Content="3. 相對 G54 座標系設定以下：" />
	<Message ID="FeatureCoord_2VECS::Step5" Content="　斜平面 X 軸" />
	<Message ID="FeatureCoord_2VECS::Step6" Content="　斜平面 Z 軸" />
	<Message ID="FeatureCoord_2VECS::Step7" Content="4. 教導完成" />
	<Message ID="FeatureCoord_2VECS::Step8" Content="" />
	<Message ID="MMI::FeatureCoordinate::VectorsNotVertical" Content="兩向量未垂直。" />
	<Message ID="ModeSelect::Mode3PTS" Content="三點教導" />
	
	<!-- ========== Lathe Workpiece Shift =============== -->
	<Message ID="MMI::WorkPieceLathe::Label_InputMode" Content="輸入模式：" />
	<Message ID="MMI::WorkPieceLathe::Label_OffsetTitle1" Content="偏移量" />
	<Message ID="MMI::WorkPieceLathe::Label_Warning" Content="加工中不可以設定，執行G92會改變偏移量" />
	<Message ID="MMI::WorkPieceLathe::Label_IncHint1" Content="1. 將游標移到要設定的軸向" />
	<Message ID="MMI::WorkPieceLathe::Label_IncHint2" Content="2. 輸入增加的偏移量" />
	<Message ID="MMI::WorkPieceLathe::Label_AbsHint1" Content="1. 輸入X***設定X軸絕對座標" />
	<Message ID="MMI::WorkPieceLathe::Label_AbsHint2" Content="2. 輸入Z***設定Z軸絕對座標" />
	<Message ID="MMI::WorkPieceLathe::ConfirmShift" Content="確定要設定工件系統偏移量？" />
	<Message ID="MMI::WorkPieceLathe::ConfirmTitle" Content="警告" />
	
	<!-- ========== Operation Logger =============== -->
	<Message ID="MMI::OPLog::Export" Content="選取匯出操作紀錄位置" />
	<Message ID="MMI::OPLog::ExportSuccess" Content="操作紀錄匯出成功" />
	<Message ID="MMI::OPLog::ExportFail" Content="操作紀錄匯出失敗" />
	<Message ID="MMI::OPLog::FindDateTimeHint" Content="輸入範例:20121005或201210051400" />
	<Message ID="MMI::OPLog::FindAlarmHint" Content="搜尋警報輸入範例:PLC66" />
	<Message ID="MMI::OPLog::FindIBitHint" Content="搜尋I點輸入範例:I100" />
	<Message ID="MMI::OPLog::SearchNotFound" Content="找不到!" />
	<Message ID="MMI::OPLog::SearchNextNotFound" Content="這是最新一筆紀錄!" />
	<Message ID="MMI::OPLog::SearchPrevNotFound" Content="這是最後一筆紀錄!" />
	<Message ID="MMI::OPLog::OverWrite" Content="檔案已存在, 是否覆寫?"/>

	<!-- ========== MPG Shift Popup =============== -->
	<Message ID="MMI::MPGShift::MPGTitle" Content="手輪偏置座標系資訊" />
	<Message ID="MMI::MPGShift::Hint" Content="請在自動/MDI模式下使用手輪偏置" />
	
	<!-- ========== Serial Servo =============== -->	
	<Message ID="MMI::SerialServo::WriteCommandWarning" Content="某些資料無法復原回去!" />
	<Message ID="MMI::SerialServo::Title::WriteCommandWarning" Content="寫入參數" />	
	<Message ID="MMI::SerialServo::CheckDefault" Content="確定要回復預設選單!" />
	<Message ID="MMI::SerialServo::Title::CheckDefault" Content="確認" />	
	<Message ID="MMI::SerialServo::CheckDelete" Content="確定要刪除此項參數!" />
	<Message ID="MMI::SerialServo::CheckEmergency" Content="請確認系統在急停狀態" />
	<Message ID="MMI::SerialServo::CheckRecoverDefault" Content="軸向設定與現存資料不一致,請回復預設選單" />	
	<Message ID="MMI::SerialServo::Spindle" Content="主軸" />
	<Message ID="MMI::SerialServo::Axes" Content="軸向軸群" />
	<Message ID="MMI::SerialServo::Category" Content="分類" />
	<Message ID="MMI::SerialServo::Item" Content="項目" />
	<Message ID="MMI::SerialServo::NO" Content="編號" />
	<Message ID="MMI::SerialServo::Description" Content="說明" />
	<Message ID="MMI::SerialServo::Value" Content="參數值" />
	<Message ID="MMI::SerialServo::Axis" Content="軸向" />
	<Message ID="MMI::SerialServo::BackupFail" Content="備份失敗，無法讀取串列資料" />
	<Message ID="MMI::SerialServo::RestoreFail" Content="回復失敗，無法寫入串列資料" />
	<Message ID="MMI::Common::Progress" Content="進度" />
	<Message ID="MMI::SerialServo::BackupInfo" Content="驅動器參數總共備份" />
	<Message ID="MMI::SerialServo::RestoreInfo" Content="驅動器參數總共回復" />
	<Message ID="MMI::SerialServo::ProgressInfo" Content="個項目" />
	<Message ID="MMI::SerialServo::DecimalType" Content="十進位(輸入完成按F1確定)" />
	<Message ID="MMI::SerialServo::HexadecimalType" Content="十六進位(輸入完成按F1確定)" />
	<Message ID="MMI::SerialServo::ItemSelect" Content="編號選擇" />
	<Message ID="MMI::SerialServo::ItemSelectHint" Content="完成後按F1確定" />
	<Message ID="MMI::SerialServo::InputPanel" Content="輸入面板" />
	<Message ID="MMI::SerialServo::UpdateSerialData" Content="驅動器參數讀取中，請稍候..." />
	<Message ID="MMI::SerialServo::UpdateSerialTable" Content="更新參數表格" />
	<Message ID="MMI::SerialServo::FinishUpdateSerialTable" Content="參數表格更新完成!" />
	<Message ID="MMI::SerialServo::ConfirmRestoration" Content="軸數不符，是否要繼續還原?" />
	<Message ID="MMI::SerialSpindleAdjust::SpindleSelect" Content="主軸選擇" />
	<Message ID="MMI::SerialSpindleAdjust::TestProg" Content="測試程式" />
	<Message ID="MMI::SerialSpindleAdjust::AdjustParameter" Content="調適參數" />
	<Message ID="MMI::AdjustApplication::Warnning" Content="注意"/>
	<Message ID="MMI::AdjustApplication::WarnningDescripotion" Content="1. 確認機台處於靜止且測試程式輸入正確?
2. 測試過程請勿移動機台"/>
	<Message ID="MMI::AdjustApplication::DisconnectBeforeESC" Content="正在調適中, 須先執行[中斷調適]才可離開此頁面"/>
	<Message ID="MMI::AdjustApplication::ConfirmSetPosition" Content="確認儲存目前設定?"/>
	<Message ID="MMI::AdjustApplication::WarningStopAdjustment" Content="確認是否停止調適功能?"/>
	<Message ID="MMI::AdjustApplication::X_TIME" Content="時間(ms)"/>
	<Message ID="MMI::AdjustApplication::Y_VELOCITY" Content="速度(RPM)"/>
	<Message ID="MMI::AdjustApplication::Y_SYNCERR" Content="同動誤差(um)"/>
	<Message ID="MMI::AdjustApplication::UserAbort" Content="中斷執行，請確認PLC狀態正確!"/>
	<Message ID="MMI::AdjustApplication::UnExpectedFail" Content="調適失敗，請確認階梯圖撰寫正確!"/>
	<Message ID="MMI::AdjustApplication::ModeNotSupport" Content="調適功能不支援在自動.手輪.MDI模式下進行!"/>
	<Message ID="MMI::AdjustApplication::NcCodeEmpty" Content="請先執行程式生成再進行調適!"/>
	<Message ID="MMI::AdjustApplication::SetSpindleAngleSuccess" Content="主軸定位角度設定完成!"/>
	<Message ID="MMI::AdjustApplication::SetSpindleAngleFail" Content="主軸定位角度設定失敗!"/>
	<Message ID="MMI::AdjustApplication::AxisGroupIncorrect" Content="多軸群執行模式設定(R21)與指定軸群不吻合"/>
	<Message ID="MMI::OPLog::OverWrite" Content="檔案已存在, 是否覆寫?"/>

	<!-- ========== System Files Inport and Export =============== -->
	<Message ID="MMI::SysFile::SysFileName" Content="系統資料檔案" />
	<Message ID="MMI::SysFile::MacroName" Content="Macro檔案" />
	<Message ID="MMI::SysFile::OCResName" Content="客製人機檔案" />
	<Message ID="MMI::SysFile::Export::QuerySysFileExport" Content="確定執行系統資料匯出功能?" />
	<Message ID="MMI::SysFile::Export::QueryOCResExport" Content="確定執行客製人機匯出功能?" />
	<Message ID="MMI::SysFile::Export::QueryMacroExport" Content="確定執行Macro匯出功能?" />
	<Message ID="MMI::SysFile::Expoert::SysFileTitle" Content="系統資料匯出位置選擇" />
	<Message ID="MMI::SysFile::Expoert::MacroTitle" Content="Macro匯出檔案及位置選擇" />
	<Message ID="MMI::SysFile::Expoert::OCResTitle" Content="客製人機匯出位置選擇" />
	<Message ID="MMI::SysFile::Export::EmptyItem" Content="未選擇任何選擇匯出項目，請重新選擇" />
	<Message ID="MMI::SysFile::ExportTitle" Content="請選擇匯出項目" />
	<Message ID="MMI::SysFile::Export::AllSelect" Content="提示：匯出所有可勾選項目/取消所有可勾選項目" />
	<Message ID="MMI::SysFile::Export::PLC" Content="提示：匯出PLC(cnc.lad)及PLC警報多國語言字串檔(AlarmPLC_L.xml, L:COM、CHT、CHS....)" />
	<Message ID="MMI::SysFile::Export::Parameter" Content="提示：匯出參數檔(param.dat)" />
	<Message ID="MMI::SysFile::Export::ParameterExt" Content="提示：匯出擴充參數定義檔(paramext.pxt)、擴充參數多國語言字串檔(ParamExt_L.xml)
及擴充參數位元組字串檔(ParamExt_RBit_L.xml, L:COM、CHT、CHS....)" />
	<Message ID="MMI::SysFile::Export::MacroAlarm" Content="提示：匯出MACRO警報多國語言字串檔(AlarmMacro_L.xml, L:COM、CHT、CHS....)" />
	<Message ID="MMI::SysFile::Export::Registry" Content="提示：匯出Registry.dat，內含刀長資料/座標系紀錄/自動對刀參數/加工紀錄/…" />
	<Message ID="MMI::SysFile::Export::SerialPLCAxisParam" Content="提示：匯出串列PLC軸參數設定(SerialPLCParam1-32.dat)" />
	<Message ID="MMI::SysFile::Export::ECamData" Content="提示：匯出電子凸輪資料(ECam.xml)" />
	<Message ID="MMI::SysFile::Export::RotParam" Content="提示：匯出Rot參數設定(RotParam.dat)" />
	<Message ID="MMI::SysFile::Export::Lab_ExportTipsTitle" Content="系統資料、Macro匯入/匯出" />
	<Message ID="MMI::SysFile::Export::Lab_ExportTips" Content="將系統資料檔案、Macro檔案
匯入/匯出，於指定之位置" />
	<Message ID="MMI::SysFile::Export::MultiLanguage" Content="=多國語系" />
	<Message ID="MMI::SysFile::Export::FilePath" Content="匯出路徑" />
	<Message ID="MMI::SysFile::Export::MsgTitle" Content="資料匯出" />
	<Message ID="MMI::SysFile::Export::Success" Content="匯出完成" />
	<Message ID="MMI::SysFile::Export::Fail" Content="匯出失敗" />
	<Message ID="MMI::SysFile::Import::FileList" Content="匯入檔案清單" />
	<Message ID="MMI::SysFile::Import::FilePath" Content="檔案匯入來源" />
	<Message ID="MMI::SysFile::Import::SysFileTitle" Content="系統資料匯入檔案選擇" />
	<Message ID="MMI::SysFile::Import::MacroTitle" Content="Macro匯入檔案選擇" />
	<Message ID="MMI::SysFile::Import::OCResTitle" Content="客製人機匯入資料夾選擇" />
	<Message ID="MMI::SysFile::Import::QuerySysFileImport" Content="確定執行系統資料匯入功能?" />
	<Message ID="MMI::SysFile::Import::QueryOCResImport" Content="確定執行客製人機匯入功能?" />
	<Message ID="MMI::SysFile::Import::QueryMacroImport" Content="確定執行Macro匯入功能?" />
	<Message ID="MMI::SysFile::Import::RebootSuccess" Content="匯入成功, 請重新開機, 匯入檔案才會生效!" />
	<Message ID="MMI::SysFile::Import::Success" Content="匯入成功" />
	<Message ID="MMI::SysFile::Import::Fail" Content="匯入失敗" />
	<Message ID="MMI::SysFile::Import::EmptyItem" Content="未選擇任何匯入項目，請重新選擇" />

	<!-- ================================Update Boot Picture================================-->
	<Message ID="MMI::UpdateBootPic::SelectBMPTitle" Content="選擇圖檔位置" />
	<Message ID="MMI::UpdateBootPic::QueryUpdateBootPic" Content="系統檢查完成，是否繼續進行開機圖檔更新?" />
	<Message ID="MMI::UpdateBootPic::BMPFormatError" Content="圖檔格式檢查錯誤，請重新確認檔案再執行。" />
	<Message ID="MMI::UpdateBootPic::BMPFormatErrorList" Content="錯誤問題如下，請參考CncHelp進行錯誤排除：" />
	<Message ID="MMI::UpdateBootPic::OpenOrReadFail" Content="開啟/讀取圖檔失敗" />
	<Message ID="MMI::UpdateBootPic::BMPFormatFail" Content="非Bitmap圖檔" />
	<Message ID="MMI::UpdateBootPic::FileBroken" Content="檔案已毀損" />
	<Message ID="MMI::UpdateBootPic::WidthPixelFail" Content="圖片尺寸錯誤, 寬度必須是 " />
	<Message ID="MMI::UpdateBootPic::HeightPixelFail" Content="圖片尺寸錯誤, 長度必須是 " />
	<Message ID="MMI::UpdateBootPic::PixelFormatFail" Content="圖檔格式非24位元全彩" />
	<Message ID="MMI::UpdateBootPic::DataSizeFail" Content="檔頭所記錄的檔案大小錯誤" />
	<Message ID="MMI::UpdateBootPic::UnknownBMPFail" Content="未知的圖檔錯誤" />
	<Message ID="MMI::UpdateBootPic::ImageTooOld1" Content="此WinCE映像檔版本太舊，無法支援開機圖檔更新功能。" />
	<Message ID="MMI::UpdateBootPic::ImageTooOld2" Content="目前版本為WinCE6.0,映像檔" />
	<Message ID="MMI::UpdateBootPic::ImageTooOld3" Content="請更新至WinCE6.0,映像檔" />
	<Message ID="MMI::UpdateBootPic::ImageTooOld4" Content="1.16" />
	<Message ID="MMI::UpdateBootPic::ImageTooOld5" Content="(含)以後版本" />
	<Message ID="MMI::UpdateBootPic::UpdateSuccess" Content="已更新開機圖檔，請斷電重開，確認檔案是否正確無誤。" />
	<Message ID="MMI::UpdateBootPic::FailInBootSector" Content="圖檔更新失敗，請確認此系統為ARM架構。" />
	<Message ID="MMI::UpdateBootPic::FailInBMPTooBig" Content="圖檔更新失敗，圖檔太大無法更新。" />
	<Message ID="MMI::UpdateBootPic::WriteFail" Content="圖檔更新失敗，寫入圖檔資料失敗。" />
	<Message ID="MMI::UpdateBootPic::FileReadFail" Content="圖檔更新失敗，圖檔讀取失敗。" />
	<Message ID="MMI::UpdateBootPic::UnknownFail" Content="圖檔更新失敗，未知的圖檔更新失敗。" />

	<!-- ========== Absolute Setting =============== -->
	<Message ID="MMI::AbsoluteSetting::SelectAxis" Content="軸向" />
  	<Message ID="MMI::AbsoluteSetting::AxisStatus" Content="狀態" />
  	<Message ID="MMI::AbsoluteSetting::TippsTitle" Content="***注意!&#xD;&#xA;變更此頁面的設定值會更新定義機器的機械座&#xD;&#xA;標，若對此設定目的不瞭解者請勿任意變更，&#xD;&#xA;避免造成嚴重後果" />
  	<Message ID="MMI::AbsoluteSetting::TippsStepExplain" Content="重新設定機械原點步驟說明：" />
  	<Message ID="MMI::AbsoluteSetting::TippsStep1" Content="Step1.   請將要重新設定機械原點的軸向移動到機械原點之&#xD;&#xA;              目標位置。" />
  	<Message ID="MMI::AbsoluteSetting::TippsStep2" Content="Step2.   確認該軸向在目的位置後，將游標移至該軸向欄。" />
  	<Message ID="MMI::AbsoluteSetting::TippsStep3" Content="Step3.   按下F1(設定機械原點)後，控制器會紀錄目前該軸向&#xD;&#xA;              機械位置，該軸向狀態欄會變更為&quot;                   &quot;，&#xD;&#xA;              即機械原點設定完成。" />
  	<Message ID="MMI::AbsoluteSetting::TippsCommentA" Content="備註:     A.當軸數超過一個頁面時，可使用PageUp/PageDown&#xD;&#xA;                  做切換" />
  	<Message ID="MMI::AbsoluteSetting::TippsCommentB" Content="B.軸向狀態解釋：" />
  	<Message ID="MMI::AbsoluteSetting::TippsSetExplain" Content="已設定 = 已有紀錄機械原點。" />
  	<Message ID="MMI::AbsoluteSetting::TippsUnsetExplain" Content="未設定 = 尚未設定過機械原點，或機械原點已遺失。" />
  	<Message ID="MMI::AbsoluteSetting::TippsSettingExplain" Content="設定完成 = 成功設定機械原點。" />
	<Message ID="MMI::AbsoluteSetting::TippsUnsetContext" Content="未設定" />
  	<Message ID="MMI::AbsoluteSetting::TippsWaitSetContext" Content="設定完成" />
	<Message ID="MMI::AbsoluteSetting::TippsSetContext" Content="已設定" />
	<Message ID="MMI::AbsoluteSetting::AbsUpdateTitle" Content="機械原點更新" />
	<Message ID="MMI::AbsoluteSetting::QueryUpdateSet" Content="機械原點坐標位置即將修改，請問是否確定進行變更?" />
	<Message ID="MMI::AbsoluteSetting::AbsHomeSetEntranceCondition" Content="必須在下列條件下才可以使用「絕對式原點設定」:&#xD;&#xA;1.控制器狀態需為就緒,&#xD;&#xA;2.控制器為尋原點模式,&#xD;&#xA;3.控制器對應軸向的PR201〜Pr220設為絕對式,&#xD;&#xA;4.軸向對應的驅動器參數設為絕對式" />
	
	<Message ID="MMI::Common::DelFileOK" Content="刪檔成功!" />
	<Message ID="MMI::Common::DelFileFail" Content="刪檔失敗!" />
	<Message ID="MMI::Common::RenameOK" Content="更名成功!" />
	<Message ID="MMI::Common::RenameFail" Content="更名失敗!" />

	<!-- ========== Spindle Adjust Setting =============== -->
	<Message ID="MMI::Common::FeedBack" Content="速度回授" />
	<Message ID="MMI::Common::ServoCommand" Content="伺服命令" />
	<Message ID="MMI::Common::ADjust::BallBar" Content="循圓診斷" />
	
	<!-- ========== BackUp =============== -->
	<Message ID="MMI::BackUp::GetBackUpList" Content="取得備份檔名" />
	<Message ID="MMI::AutoBackUp::AutoBackUpIsRunning" Content="自動備份尚未結束，請等待自動備份結束再次執行" />
	<Message ID="MMI::AutoBackUp::StorageNotEnoughDiskC" Content="自動備份警告 : DiskC 空間不足，請通知原廠檢測"/>
	<Message ID="MMI::AutoBackUp::StorageNotEnoughDiskA" Content="自動備份警告：DiskA 空間不足，請移除部分加工檔案，增加備份空間"/>
	
	<!-- ========== Windows Registry =============== -->
	<Message ID="MMI::WinReg::KeyNotExist" Content="登錄檔不存在" />
	<Message ID="MMI::WinReg::PrdMMIResNotRegister" Content="未註冊的準系統" />

</ResMap>
