﻿<?xml version="1.0" encoding="utf-8"?>
<ResMap>
	<!-- =============== User status =============== -->
	<Message ID="Autho::User::DEFAULT" Content="DEFAULT" />
	<Message ID="Autho::User::SYNTEC" Content="SYNTEC" />
	<Message ID="Autho::User::M" Content="Maker" />
	<Message ID="Autho::User::U" Content="Admin" />
	
	<!-- =============== Autho label =============== -->
	<Message ID="Autho::Lab_Title" Content="【Authority Management】" />
	<Message ID="Autho::Lab_SubTitle" Content="Function keys are as follows" />
	<Message ID="Autho::Lab_F1TipsTitleForSyntec" Content="F1: View the greatest authority of the enduser " />
	<Message ID="Autho::Lab_F1TipsForSyntec" Content="View the maximum authority of enduser which set by maker. " />
	<Message ID="Autho::Lab_F1TipsTitle" Content="F1: Change the password" />
	<Message ID="Autho::Lab_F1Tips" Content="Enter the current password and the new password then press OK to change to the new password immediately." />
	<Message ID="Autho::Lab_F2TipsTitleForMaker" Content="F2: Set the maximum authority of enduser" />
	<Message ID="Autho::Lab_F2TipsForMaker" Content="Set the maximum authority of enduser to protect important data is modified." />
	<Message ID="Autho::Lab_F2TipsTitle" Content="F2: Set the authority of default(not logged in)." />
	<Message ID="Autho::Lab_F2Tips" Content="Set authority when without any user login." />
	<Message ID="Autho::Lab_F3TipsTitle" Content="F3: Set authority of other users." />
	<Message ID="Autho::Lab_F3Tips" Content="Set account, password, and authority of other users." />
	<Message ID="Autho::Lab_TitleOfEndUser" Content="【The maximum authority of enduser】 " />
	<Message ID="Autho::Lab_TitleOfDefault" Content="【The authority of default】 " />
	<Message ID="Autho::Lab_Page" Content="Page" />
	<Message ID="Autho::Lab_Name" Content="Account:" />
	<Message ID="Autho::Lab_Password" Content="Password:" />
	<Message ID="Autho::Lab_NowPassword" Content="Current password:" />
	<Message ID="Autho::Lab_NewPassword" Content="New password:" />
	<Message ID="Autho::Lab_ConfirmPassword" Content="Confirm new password:" />
	<Message ID="Autho::Lab_ResetPassword" Content="Setting code:" />
	
	<!-- =============== Autho message =============== -->
	<Message ID="Autho::TitleLogIn" Content="Login" />
	<Message ID="Autho::TitleChangePassword" Content="Change password" />
	<Message ID="Autho::TitleForgetPassword" Content="Forget password" />
	<Message ID="Autho::TitleResetPassword" Content="Reset password" />
	<Message ID="Autho::TitleFindUser" Content="Search user" />
	<Message ID="Autho::TitleDeleteUser" Content="Delete user" />
	
	<Message ID="Autho::PromptInputNamePwd" Content="Please enter the account and the password" />
	<Message ID="Autho::PromptChooseNamePwd" Content="Please select the account and enter the password" />
	<Message ID="Autho::PromptChangePwd" Content="Please enter the current password and the new password" />
	<Message ID="Autho::PromptResetPwd" Content="Please enter the account and the setting code" />
	<Message ID="Autho::PromptFindUser" Content="Please enter the account to search" />
	<Message ID="Autho::PromptDeleteUser" Content="Sure to delete this account?" />
	<Message ID="Autho::PromptCopyUserName" Content="Please enter the Copy account" />
	
	<Message ID="Autho::Error" Content="Error" />
	<Message ID="Autho::Warning" Content="Warning" />
	<Message ID="Autho::Success" Content="Complete" />
	<Message ID="Autho::NameIsNotFound" Content="The account does not exist!" />
	<Message ID="Autho::NameIsRepeated" Content="Account repeat!" />
	<Message ID="Autho::PasswordIsNotMatch" Content="The password was wrong!" />
	<Message ID="Autho::ExpressionIllegal" Content="The format of the input was wrong!" />
	<Message ID="Autho::ConfirmPasswordFail" Content="Confirm the new password failed!" />
	<Message ID="Autho::ChangePasswordSuccess" Content="Change successful!" />
	<Message ID="Autho::ValidateFail" Content="Setting code was wrong!" />
	<Message ID="Autho::ResetPasswordSuccess" Content="Reset successful!" />
	<Message ID="Autho::NotPermitted" Content="Permission denied!" />
	<Message ID="Autho::UserSetNotPermitted" Content="Permission denied, the set value is restricted by Maker." />
	<Message ID="Autho::ItemWasNotFound" Content="Item was not found!" />
	<Message ID="Autho::ForgetPassword" Content="For general user, please contact the administrator to reset the password.

For maker or administrator, please contact the staff of SYNTEC service ." />	
	<Message ID="Autho::ValueSetFail" Content="Set the value to the failure!" />
	<Message ID="Autho::ValueOverRange" Content="The set value is out of range!" />
	<Message ID="Autho::ValueNotSupport" Content="The set value is invalid!" />
	<Message ID="Autho::DeleteUserFail" Content="Account deletion failed!" />
	<Message ID="Autho::NameLengthIllegal" Content="Account length exceeds the limit!" />
	<Message ID="Autho::PasswordLengthIllegal" Content="Password length exceeds the limit!" />
	<Message ID="Autho::AuthoUserFileDamaged" Content="Authority file is damaged, please restore authority data" />
	
	<!-- =============== Autho setting =============== -->
	<Message ID="AuthoValueClose" Content="Close" />
	<Message ID="AuthoValueOpen" Content="Open" />
	<Message ID="AuthoValueDisplayOnly" Content="Display only" />
	
	<!-- =============== Autho HintLabel =============== -->
	<Message ID="Autho::ExpressionHint" Content="Composed of Eng or digital, max 8 characters" />
	<Message ID="Autho::NameExpressionHint" Content="Composed of Eng or digital, max 8 characters, 1st can't be digital." />
	<Message ID="Autho::LogInValidateNumberHint" Content=" (code = {0} ) please contact the staff of SYNTEC service to get password by the verificated code" />
	<Message ID="Autho::ResetValidateNumberHint" Content=" (code = {0} ) please contact the staff of SYNTEC service to get password by the verificated code" />
</ResMap>