<?xml version="1.0" encoding="UTF-8" ?>
	<Schema>
		<Cycle name="Cycle_Tunning_DELTA">
		<Field>
  			<Name>no477</Name>
			<InputFormat>String</InputFormat>
			<Length>6</Length>
  		</Field> 
		<Field>
  			<Name>description477</Name> 
			<InputFormat>String</InputFormat>
			<Length>40</Length>
		</Field>   
		<Field>
  			<Name>value477_1</Name> 
  		</Field> 
 		<Field>
  			<Name>value477_2</Name> 
  		</Field> 
 		<Field>
  			<Name>value477_3</Name> 
  		</Field>  
  		<Field>
  			<Name>value477_4</Name> 
  		</Field> 
  		<Field>
  			<Name>value477_5</Name> 
  		</Field>  	
		<Field>
  			<Name>value477_6</Name> 
  		</Field> 
 		<Field>
  			<Name>value477_7</Name> 
  		</Field> 
 		<Field>
  			<Name>value477_8</Name> 
  		</Field>  
  		<Field>
  			<Name>value477_9</Name> 
  		</Field>  
  		<Field>
  			<Name>value477_10</Name> 
  		</Field>
		<Field>
  			<Name>value477_11</Name> 
  		</Field>
 		<Field>
  			<Name>value477_12</Name> 
  		</Field>
 		<Field>
  			<Name>value477_13</Name> 
  		</Field>
  		<Field>
  			<Name>value477_14</Name> 
  		</Field> 
  		<Field>
  			<Name>value477_15</Name> 
  		</Field>
		<Field>
  			<Name>format477_16</Name> 
  		</Field>
  		<Field>
  			<Name>value477_16</Name> 
  		</Field> 		
   </Cycle>
   <Cycle name="Cycle_Tunning_YASKAWA">
		<Field>
  			<Name>no1000</Name> 
			<InputFormat>String</InputFormat>
			<Length>6</Length>
  		</Field>
		<Field>
  			<Name>description1000</Name> 
			<InputFormat>String</InputFormat>
			<Length>40</Length>
  		</Field>  	
		<Field>
  			<Name>value1000_1</Name> 
  		</Field> 
 		<Field>
  			<Name>value1000_2</Name> 
  		</Field> 
 		<Field>
  			<Name>value1000_3</Name> 
  		</Field>  
  		<Field>
  			<Name>value1000_4</Name> 
  		</Field>  
  		<Field>
  			<Name>value1000_5</Name> 
  		</Field>	
		<Field>
  			<Name>value1000_6</Name> 
  		</Field> 
 		<Field>
  			<Name>value1000_7</Name> 
  		</Field> 
 		<Field>
  			<Name>value1000_8</Name> 
  		</Field>  
  		<Field>
  			<Name>value1000_9</Name> 
  		</Field>
  		<Field>
  			<Name>value1000_10</Name> 
  		</Field>   
		<Field>
  			<Name>value1000_11</Name> 
  		</Field> 
 		<Field>
  			<Name>value1000_12</Name> 
  		</Field>
 		<Field>
  			<Name>value1000_13</Name> 
  		</Field>  
  		<Field>
  			<Name>value1000_14</Name> 
  		</Field>
  		<Field>
  			<Name>value1000_15</Name> 
  		</Field>
		<Field>
  			<Name>format1000_16</Name> 
  		</Field>   
  		<Field>
  			<Name>value1000_16</Name> 
  		</Field> 		
   </Cycle>
   <Cycle name="Cycle_Tunning_SYNTEC">
		<Field>
			<Name>no2000</Name>
			<InputFormat>String</InputFormat>
			<Length>6</Length>
		</Field>
		<Field>
  			<Name>description2000</Name> 
			<InputFormat>String</InputFormat>
			<Length>40</Length>
  		</Field>
		<Field>
			<Name>value2000_1</Name>
		</Field>
		<Field>
			<Name>value2000_2</Name>
		</Field>
		<Field>
			<Name>value2000_3</Name>
		</Field>
		<Field>
			<Name>value2000_4</Name>
		</Field>
		<Field>
			<Name>value2000_5</Name>
		</Field>
		<Field>
			<Name>value2000_6</Name>
		</Field>
		<Field>
			<Name>value2000_7</Name>
		</Field>
		<Field>
			<Name>value2000_8</Name>
		</Field>
		<Field>
			<Name>value2000_9</Name>
		</Field>
		<Field>
			<Name>value2000_10</Name>
		</Field>
		<Field>
			<Name>value2000_11</Name>
		</Field>
		<Field>
			<Name>value2000_12</Name>
		</Field>
		<Field>
			<Name>value2000_13</Name>
		</Field>
		<Field>
			<Name>value2000_14</Name>
		</Field>
		<Field>
			<Name>value2000_15</Name>
		</Field>
	</Cycle>
 </Schema> 		