﻿<?xml version="1.0" encoding="UTF-8"?>
<ResMap>
  <!-- ==========================Servo(注意: 伺服警报ID目前为16进制[配合三菱J2/J3驱动器手册])========================== -->
  <Message ID="AlarmMsg::Servo::ID=10h" Content="电源电压不足(AL.10)"/>
  <Message ID="AlarmMsg::Servo::ID=12h" Content="记忆体异常1(RAM)(AL.12)"/>
  <Message ID="AlarmMsg::Servo::ID=13h" Content="列印基版异常(AL.13)"/>
  <Message ID="AlarmMsg::Servo::ID=15h" Content="记忆体异常2(EEP-ROM)(AL.15)"/>
  <Message ID="AlarmMsg::Servo::ID=16h" Content="编码器通信异常1(AL.16)"/>
  <Message ID="AlarmMsg::Servo::ID=17h" Content="CPU异常(AL.17)"/>
  <Message ID="AlarmMsg::Servo::ID=19h" Content="记忆体异常3(Flash ROM)(AL.19)"/>
  <Message ID="AlarmMsg::Servo::ID=1Ah" Content="马达组合异常(AL.1A)"/>
  <Message ID="AlarmMsg::Servo::ID=20h" Content="编码器通信异常2(AL.20)"/>
  <Message ID="AlarmMsg::Servo::ID=24h" Content="马达输出接地(AL.24)"/>
  <Message ID="AlarmMsg::Servo::ID=25h" Content="绝对位置资料异常(AL.25)"/>
  <Message ID="AlarmMsg::Servo::ID=30h" Content="回生异常(AL.30)"/>
  <Message ID="AlarmMsg::Servo::ID=31h" Content="回转速度超过瞬间容许值(AL.31)"/>
  <Message ID="AlarmMsg::Servo::ID=32h" Content="电流超过容许值(AL.32)"/>
  <Message ID="AlarmMsg::Servo::ID=33h" Content="电压超过容许值(AL.33)"/>
  <Message ID="AlarmMsg::Servo::ID=35h" Content="指令脉冲周波数过高(AL.35)"/>
  <Message ID="AlarmMsg::Servo::ID=37h" Content="参数设定异常(AL.37)"/>
  <Message ID="AlarmMsg::Servo::ID=45h" Content="主回路元件过热(AL.45)"/>
  <Message ID="AlarmMsg::Servo::ID=46h" Content="马达过热(AL.46)"/>
  <Message ID="AlarmMsg::Servo::ID=47h" Content="冷却风扇异常(AL.47)"/>
  <Message ID="AlarmMsg::Servo::ID=50h" Content="过负载1(AL.50)"/>
  <Message ID="AlarmMsg::Servo::ID=51h" Content="过负载2(AL.51)"/>
  <Message ID="AlarmMsg::Servo::ID=52h" Content="误差过大(AL.52)"/>
  <Message ID="AlarmMsg::Servo::ID=8Ah" Content="串列通信逾时(AL.8A)"/>
  <Message ID="AlarmMsg::Servo::ID=8Eh" Content="串列通信异常(AL.8E)"/>
  <Message ID="AlarmMsg::Servo::ID=92h" Content="绝对位置编码器电池断线(AL.92)"/>
  <Message ID="AlarmMsg::Servo::ID=96h" Content="原点设定错误(AL.96)"/>
  <Message ID="AlarmMsg::Servo::ID=99h" Content="冲程极限警告(AL.99)"/>
  <Message ID="AlarmMsg::Servo::ID=9Fh" Content="绝对位置编码器电池电压过低(AL.9F)"/>
  <Message ID="AlarmMsg::Servo::ID=E0h" Content="过回生警告(AL.E0)"/>
  <Message ID="AlarmMsg::Servo::ID=E1h" Content="过负载警告(AL.E1)"/>
  <Message ID="AlarmMsg::Servo::ID=E3h" Content="绝对位置计数器警告(AL.E3)"/>
  <Message ID="AlarmMsg::Servo::ID=E5h" Content="ABS逾时警告(AL.E5)"/>
  <Message ID="AlarmMsg::Servo::ID=E6h" Content="紧急停止(AL.E6)"/>
  <Message ID="AlarmMsg::Servo::ID=E8h" Content="冷却风扇速度异常警告(AL.E8)"/>
  <Message ID="AlarmMsg::Servo::ID=E9h" Content="主回路OFF警告(AL.E9)"/>
  <Message ID="AlarmMsg::Servo::ID=EAh" Content="ABS SV ON警告(AL.EA)"/>
  <Message ID="AlarmMsg::Servo::ID=ECh" Content="过负载警告2(AL.EC)"/>
  <Message ID="AlarmMsg::Servo::ID=EDh" Content="输出过大警告(AL.ED)"/>
  <!-- ＝＝＝＝＝＝＝＝＝＝＝＝Drv_DELTA（注意：伺服警报号为十六位元显示［配合台达手册］）＝＝＝＝＝＝＝＝＝＝-->
  <Message ID="AlarmMsg::Drv_DELTA::ID=1h" Content="过电流。"/>
  <Message ID="AlarmMsg::Drv_DELTA::ID=2h" Content="过电压。"/>
  <Message ID="AlarmMsg::Drv_DELTA::ID=3h" Content="低电压。"/>
  <Message ID="AlarmMsg::Drv_DELTA::ID=4h" Content="马达匹配异常。"/>
  <Message ID="AlarmMsg::Drv_DELTA::ID=5h" Content="回生异常。"/>
  <Message ID="AlarmMsg::Drv_DELTA::ID=6h" Content="过负荷。"/>
  <Message ID="AlarmMsg::Drv_DELTA::ID=7h" Content="过速度。"/>
  <Message ID="AlarmMsg::Drv_DELTA::ID=8h" Content="异常脉波控制命令。"/>
  <Message ID="AlarmMsg::Drv_DELTA::ID=9h" Content="位置控制误差过大。"/>
  <Message ID="AlarmMsg::Drv_DELTA::ID=10h" Content=""/>
  <Message ID="AlarmMsg::Drv_DELTA::ID=11h" Content="位置检出器异常。"/>
  <Message ID="AlarmMsg::Drv_DELTA::ID=12h" Content="校正异常。"/>
  <Message ID="AlarmMsg::Drv_DELTA::ID=13h" Content="紧急停止。"/>
  <Message ID="AlarmMsg::Drv_DELTA::ID=14h" Content="反向极限异常。"/>
  <Message ID="AlarmMsg::Drv_DELTA::ID=15h" Content="正向极限异常。"/>
  <Message ID="AlarmMsg::Drv_DELTA::ID=16h" Content="IGBT 过热。"/>
  <Message ID="AlarmMsg::Drv_DELTA::ID=17h" Content="参数记忆体异常。"/>
  <Message ID="AlarmMsg::Drv_DELTA::ID=18h" Content="检出器输出异常。"/>
  <Message ID="AlarmMsg::Drv_DELTA::ID=19h" Content="串列通讯异常。"/>
  <Message ID="AlarmMsg::Drv_DELTA::ID=20h" Content="串列通讯逾时。"/>
  <Message ID="AlarmMsg::Drv_DELTA::ID=21h" Content=""/>
  <Message ID="AlarmMsg::Drv_DELTA::ID=22h" Content="主回路电源缺相。"/>
  <Message ID="AlarmMsg::Drv_DELTA::ID=23h" Content="预先过负载警告。"/>
  <Message ID="AlarmMsg::Drv_DELTA::ID=24h" Content="编码器初始磁场错误 ：编码器磁场位置 UVW 错误"/>
  <Message ID="AlarmMsg::Drv_DELTA::ID=25h" Content="编码器内部错误。"/>
  <Message ID="AlarmMsg::Drv_DELTA::ID=26h" Content="编码器内部资料可靠度错误。"/>
  <Message ID="AlarmMsg::Drv_DELTA::ID=30h" Content="马达碰撞错误。"/>
  <Message ID="AlarmMsg::Drv_DELTA::ID=31h" Content="马达 U, V, W 接线错误。"/>
  <Message ID="AlarmMsg::Drv_DELTA::ID=40h" Content="全闭环位置控制误差过大。"/>
  <Message ID="AlarmMsg::Drv_DELTA::ID=99h" Content="DSP 韧体升级。"/>
  <Message ID="AlarmMsg::Drv_DELTA::ID=185h" Content="CAN Bus 硬体异常。"/>
  <Message ID="AlarmMsg::Drv_DELTA::ID=111h" Content="CANopen SDO 接收溢位。"/>
  <Message ID="AlarmMsg::Drv_DELTA::ID=112h" Content="CANopen PDO 接收溢位。"/>
  <Message ID="AlarmMsg::Drv_DELTA::ID=121h" Content="CANopen PDO 存取时，Index 错误。"/>
  <Message ID="AlarmMsg::Drv_DELTA::ID=122h" Content="CANopen PDO 存取时，Sub-Index 错误。"/>
  <Message ID="AlarmMsg::Drv_DELTA::ID=123h" Content="CANopen PDO 存取时，资料 Size 错误。"/>
  <Message ID="AlarmMsg::Drv_DELTA::ID=124h" Content="CANopen PDO 存取时，资料范围错误。"/>
  <Message ID="AlarmMsg::Drv_DELTA::ID=125h" Content="CANopen PDO 物件是唯读，不可写入。"/>
  <Message ID="AlarmMsg::Drv_DELTA::ID=126h" Content="CANopen PDO 物件，不允许 PDO。"/>
  <Message ID="AlarmMsg::Drv_DELTA::ID=127h" Content="CANopen PDO 物件，Servo On 时，不允许写入。"/>
  <Message ID="AlarmMsg::Drv_DELTA::ID=128h" Content="CANopen PDO 物件，由 EEPROM 读取时错误。"/>
  <Message ID="AlarmMsg::Drv_DELTA::ID=129h" Content="CANopen PDO 物件，写入 EEPROM 时错误。"/>
  <Message ID="AlarmMsg::Drv_DELTA::ID=130h" Content="CANopen PDO 物件，EEPROM 的位址超过限制。"/>
  <Message ID="AlarmMsg::Drv_DELTA::ID=131h" Content="CANopen PDO 物件，EEPROM 的 CRC 计算错误。"/>
  <Message ID="AlarmMsg::Drv_DELTA::ID=132h" Content="CANopen PDO 物件，写入密码错误。"/>
  <Message ID="AlarmMsg::Drv_DELTA::ID=201h" Content="CANopen 资料初始错误。"/>
  <Message ID="AlarmMsg::Drv_DELTA::ID=213h" Content="写入参数。"/>
  <Message ID="AlarmMsg::Drv_DELTA::ID=215h" Content="写入参数。"/>
  <Message ID="AlarmMsg::Drv_DELTA::ID=217h" Content="写入参数。"/>
  <Message ID="AlarmMsg::Drv_DELTA::ID=219h" Content="写入参数。"/>
  <Message ID="AlarmMsg::Drv_DELTA::ID=235h" Content="Pr 命令溢位。"/>
  <Message ID="AlarmMsg::Drv_DELTA::ID=245h" Content="Pr 定位超时。"/>
  <Message ID="AlarmMsg::Drv_DELTA::ID=249h" Content="Pr 路径编号太大。"/>
  <Message ID="AlarmMsg::Drv_DELTA::ID=261h" Content="CAN 存取时，Index 错误。"/>
  <Message ID="AlarmMsg::Drv_DELTA::ID=263h" Content="CAN 存取时，Sub-Index 错误。"/>
  <Message ID="AlarmMsg::Drv_DELTA::ID=265h" Content="CAN 存取时，资料 Size 错误。"/>
  <Message ID="AlarmMsg::Drv_DELTA::ID=267h" Content="CAN 存取时，资料范围错误。"/>
  <Message ID="AlarmMsg::Drv_DELTA::ID=269h" Content="CAN 物件是唯读，不可写入。"/>
  <Message ID="AlarmMsg::Drv_DELTA::ID=26Bh" Content="CAN 物件，不允许 PDO。"/>
  <Message ID="AlarmMsg::Drv_DELTA::ID=26Dh" Content="CAN 物件，Servo On 时，不允许写入。"/>
  <Message ID="AlarmMsg::Drv_DELTA::ID=26Fh" Content="CAN 物件，由 EEPROM 读取时错误。"/>
  <Message ID="AlarmMsg::Drv_DELTA::ID=271h" Content="CAN 物件，写入 EEPROM 时错误。"/>
  <Message ID="AlarmMsg::Drv_DELTA::ID=273h" Content="CAN 物件，EEPROM 的位址超过限制。"/>
  <Message ID="AlarmMsg::Drv_DELTA::ID=275h" Content="CAN 物件，EEPROM 的 CRC 计算错误。"/>
  <Message ID="AlarmMsg::Drv_DELTA::ID=277h" Content="CAN 物件，写入密码错误。"/>
  <Message ID="AlarmMsg::Drv_DELTA::ID=283h" Content="软体正向极限。"/>
  <Message ID="AlarmMsg::Drv_DELTA::ID=285h" Content="软体负向极限。"/>
  <Message ID="AlarmMsg::Drv_DELTA::ID=289h" Content="位置计数器溢位。"/>
  <Message ID="AlarmMsg::Drv_DELTA::ID=291h" Content="Servo OFF 异常。"/>
  <Message ID="AlarmMsg::Drv_DELTA::ID=301h" Content="CANopen 同步失效。"/>
  <Message ID="AlarmMsg::Drv_DELTA::ID=302h" Content="CANopen 同步信号太快。"/>
  <Message ID="AlarmMsg::Drv_DELTA::ID=303h" Content="CANopen 同步信号超时。"/>
  <Message ID="AlarmMsg::Drv_DELTA::ID=304h" Content="CANopen IP 命令失效。"/>
  <Message ID="AlarmMsg::Drv_DELTA::ID=305h" Content="SYNC Period 错误。"/>
  <Message ID="AlarmMsg::Drv_DELTA::ID=380h" Content="DO:MC_OK 之位置偏移警报。"/>
</ResMap>