﻿<?xml version="1.0" encoding="UTF-8"?>
<Screen Type="Syntec.CycleEditor">
	<Name>CycleEditorSample</Name>
	<Panel>
		<Top>0</Top>
		<Left>0</Left>
		<Width>800</Width>
		<Height>470</Height>
		<ForeColor>0,255,0</ForeColor>
		<BackColor>100,100,100</BackColor>
	</Panel>
	<CE_Margin>
		<Top>152</Top>
		<Left>25</Left>
	</CE_Margin>
	<Label>
		<Caption>STR::MMI::WorkRecord::CurFileName</Caption>
		<Name>Lab_NowProgram</Name>
		<Left>30</Left>
		<Top>20</Top>
		<Width>120</Width>
		<Height>25</Height>
		<Alignment>0</Alignment>
		<FontSize>12</FontSize>
		<BorderStyle>0</BorderStyle>
		<ForeColor>100,255,0</ForeColor>
		<BackColor>100,100,100</BackColor>
	</Label>
	<Label>
		<Name>Lab_CurProgram</Name>
		<Caption></Caption>
		<Left>135</Left>
		<Top>20</Top>
		<Width>170</Width>
		<Height>25</Height>
		<Alignment>2</Alignment>
		<FontSize>12</FontSize>
		<BorderStyle>1</BorderStyle>
		<BorderColor>128,128,128</BorderColor>
		<ForeColor>255,255,255</ForeColor>
		<BackColor>100,100,100</BackColor>
	</Label>
	<Label>
		<Caption>STR::MMI::WorkRecord::CurFileComment</Caption>
		<Name>Lab_TextProgram</Name>
		<Left>380</Left>
		<Top>20</Top>
		<Width>120</Width>
		<Height>25</Height>
		<Alignment>0</Alignment>
		<FontSize>12</FontSize>
		<BorderStyle>0</BorderStyle>
		<ForeColor>100,255,0</ForeColor>
		<BackColor>100,100,100</BackColor>
	</Label>
	<Label>
		<Name>Lab_CurComment</Name>
		<Caption></Caption>
		<Left>515</Left>
		<Top>20</Top>
		<Width>170</Width>
		<Height>25</Height>
		<Alignment>0</Alignment>
		<FontSize>12</FontSize>
		<BorderStyle>1</BorderStyle>
		<BorderColor>128,128,128</BorderColor>
		<ForeColor>255,255,255</ForeColor>
		<BackColor>100,100,100</BackColor>
	</Label>
	<Label>
		<Caption>STR::MMI::WorkRecord::RequirePart</Caption>
		<Name>Lab_PreNumber</Name>
		<Left>30</Left>
		<Top>45</Top>
		<Width>120</Width>
		<Height>25</Height>
		<Alignment>0</Alignment>
		<FontSize>12</FontSize>
		<BorderStyle>0</BorderStyle>
		<ForeColor>100,255,0</ForeColor>
		<BackColor>100,100,100</BackColor>
	</Label>
	<Display>
		<Name>Dis_RequirePart</Name>
		<Left>135</Left>
		<Top>45</Top>
		<Width>170</Width>
		<Height>25</Height>
		<Alignment>2</Alignment>
		<FontSize>12</FontSize>
		<BorderStyle>1</BorderStyle>
		<BorderColor>128,128,128</BorderColor>
		<ForeColor>255,255,255</ForeColor>
		<BackColor>100,100,100</BackColor>
		<InputFormat>Long</InputFormat>
		<InputStorage>K7</InputStorage>
	</Display>
	<Label>
		<Caption>STR::MMI::WorkRecord::StartDateTime</Caption>
		<Name>Lab_TimeDateStart</Name>
		<Left>380</Left>
		<Top>45</Top>
		<Width>120</Width>
		<Height>25</Height>
		<Alignment>0</Alignment>
		<FontSize>12</FontSize>
		<BorderStyle>0</BorderStyle>
		<ForeColor>100,255,0</ForeColor>
		<BackColor>100,100,100</BackColor>
	</Label>
	<Label>
		<Name>Lab_StartDateTime</Name>
		<Caption></Caption>
		<Left>515</Left>
		<Top>45</Top>
		<Width>170</Width>
		<Height>25</Height>
		<Alignment>2</Alignment>
		<FontSize>12</FontSize>
		<BorderStyle>1</BorderStyle>
		<BorderColor>128,128,128</BorderColor>
		<ForeColor>255,255,255</ForeColor>
		<BackColor>100,100,100</BackColor>
	</Label>
	<Label>
		<Caption>STR::MMI::WorkRecord::PartCount</Caption>
		<Name>Lab_DoneNumber</Name>
		<Left>30</Left>
		<Top>70</Top>
		<Width>120</Width>
		<Height>25</Height>
		<Alignment>0</Alignment>
		<FontSize>12</FontSize>
		<BorderStyle>0</BorderStyle>
		<ForeColor>100,255,0</ForeColor>
		<BackColor>100,100,100</BackColor>
	</Label>
	<Display>
		<Name>Dis_PartCount</Name>
		<Left>135</Left>
		<Top>70</Top>
		<Width>170</Width>
		<Height>25</Height>
		<Alignment>2</Alignment>
		<FontSize>12</FontSize>
		<BorderStyle>1</BorderStyle>
		<BorderColor>128,128,128</BorderColor>
		<ForeColor>255,255,255</ForeColor>
		<BackColor>100,100,100</BackColor>
		<InputFormat>Long</InputFormat>
		<InputStorage>K6</InputStorage>
	</Display>
	<Label>
		<Caption>STR::MMI::WorkRecord::TotalPartCount</Caption>
		<Name>Lab_TotalNumber</Name>
		<Left>380</Left>
		<Top>70</Top>
		<Width>130</Width>
		<Height>25</Height>
		<Alignment>0</Alignment>
		<FontSize>12</FontSize>
		<BorderStyle>0</BorderStyle>
		<ForeColor>100,255,0</ForeColor>
		<BackColor>100,100,100</BackColor>
	</Label>
	<Display>
		<Name>Dis_TotalPartCount</Name>
		<Left>515</Left>
		<Top>70</Top>
		<Width>170</Width>
		<Height>25</Height>
		<Alignment>2</Alignment>
		<FontSize>12</FontSize>
		<BorderStyle>1</BorderStyle>
		<BorderColor>128,128,128</BorderColor>
		<ForeColor>255,255,255</ForeColor>
		<BackColor>100,100,100</BackColor>
		<InputFormat>Long</InputFormat>
		<InputStorage>R1004</InputStorage>
	</Display>
	<Label>
		<Caption>STR::MMI::WorkRecord::SingleTime</Caption>
		<Name>Lab_SingleTime</Name>
		<Left>30</Left>
		<Top>95</Top>
		<Width>120</Width>
		<Height>25</Height>
		<Alignment>0</Alignment>
		<FontSize>12</FontSize>
		<BorderStyle>0</BorderStyle>
		<ForeColor>100,255,0</ForeColor>
		<BackColor>100,100,100</BackColor>
	</Label>
	<Display>
		<Name>Dis_SingleWorkTime</Name>
		<Left>135</Left>
		<Top>95</Top>
		<Width>170</Width>
		<Height>25</Height>
		<Alignment>2</Alignment>
		<FontSize>12</FontSize>
		<BorderStyle>1</BorderStyle>
		<BorderColor>128,128,128</BorderColor>
		<ForeColor>255,255,255</ForeColor>
		<BackColor>100,100,100</BackColor>
		<InputFormat>Time</InputFormat>
		<InputStorage>K8</InputStorage>
	</Display>
	<Label>
		<Caption>STR::MMI::WorkRecord::TotalTime</Caption>
		<Name>Lab_DoneTime</Name>
		<Left>380</Left>
		<Top>95</Top>
		<Width>120</Width>
		<Height>25</Height>
		<Alignment>0</Alignment>
		<FontSize>12</FontSize>
		<BorderStyle>0</BorderStyle>
		<ForeColor>100,255,0</ForeColor>
		<BackColor>100,100,100</BackColor>
	</Label>
	<Label>
		<Name>Lab_WorkTime</Name>
		<Caption>0</Caption>
		<Left>515</Left>
		<Top>95</Top>
		<Width>170</Width>
		<Height>25</Height>
		<Alignment>2</Alignment>
		<FontSize>12</FontSize>
		<BorderStyle>1</BorderStyle>
		<BorderColor>128,128,128</BorderColor>
		<ForeColor>255,255,255</ForeColor>
		<BackColor>100,100,100</BackColor>
	</Label>
	<Label>
		<Caption>STR::MMI::WorkRecord::No</Caption>
		<Name>Lab_Sequence</Name>
		<Left>25</Left>
		<Top>132</Top>
		<Width>50</Width>
		<Height>20</Height>
		<Alignment>2</Alignment>
		<FontSize>10</FontSize>
		<BorderStyle>1</BorderStyle>
		<ForeColor>100,255,0</ForeColor>
		<BackColor>100,100,100</BackColor>
	</Label>
	<Label>
		<Caption>STR::MMI::WorkRecord::ProgramName</Caption>
		<Name>Lab_ProgramName</Name>
		<Left>75</Left>
		<Top>132</Top>
		<Width>100</Width>
		<Height>20</Height>
		<Alignment>2</Alignment>
		<FontSize>10</FontSize>
		<BorderStyle>1</BorderStyle>
		<ForeColor>100,255,0</ForeColor>
		<BackColor>100,100,100</BackColor>
	</Label>
	<Label>
		<Caption>STR::MMI::WorkRecord::StartDate</Caption>
		<Name>Lab_TimeStrat</Name>
		<Left>175</Left>
		<Top>132</Top>
		<Width>200</Width>
		<Height>20</Height>
		<Alignment>2</Alignment>
		<FontSize>10</FontSize>
		<BorderStyle>1</BorderStyle>
		<ForeColor>100,255,0</ForeColor>
		<BackColor>100,100,100</BackColor>
	</Label>
	<Label>
		<Caption>STR::MMI::WorkRecord::AllTime</Caption>
		<Name>Lab_TotalTime</Name>
		<Left>375</Left>
		<Top>132</Top>
		<Width>85</Width>
		<Height>20</Height>
		<Alignment>2</Alignment>
		<FontSize>10</FontSize>
		<BorderStyle>1</BorderStyle>
		<ForeColor>100,255,0</ForeColor>
		<BackColor>100,100,100</BackColor>
	</Label>
	<Label>
		<Caption>STR::MMI::WorkRecord::AllPart</Caption>
		<Name>Lab_Number</Name>
		<Left>460</Left>
		<Top>132</Top>
		<Width>85</Width>
		<Height>20</Height>
		<Alignment>2</Alignment>
		<FontSize>10</FontSize>
		<BorderStyle>1</BorderStyle>
		<ForeColor>100,255,0</ForeColor>
		<BackColor>100,100,100</BackColor>
	</Label>
	<Label>
		<Caption>STR::MMI::WorkRecord::ProgramComment</Caption>
		<Name>Lab_ProgramText</Name>
		<Left>545</Left>
		<Top>132</Top>
		<Width>140</Width>
		<Height>20</Height>
		<Alignment>2</Alignment>
		<FontSize>10</FontSize>
		<BorderStyle>1</BorderStyle>
		<ForeColor>100,255,0</ForeColor>
		<BackColor>100,100,100</BackColor>
	</Label>
	<Template Name="LineHeader">
		<Label>
			<Width>50</Width>
			<Height>20</Height>
			<BorderStyle>1</BorderStyle>
			<BorderColor>255,0,0</BorderColor>
			<Alignment>2</Alignment>
			<ForeColor>255,255,255</ForeColor>
		<BackColor>100,100,100</BackColor>
		</Label>
	</Template>
	<Template Name="Col_ProgName">
		<Input>
			<Width>100</Width>
			<Height>20</Height>
			<BorderStyle>1</BorderStyle>
			<BorderColor>255,0,0</BorderColor>
			<ForeColor>255,255,255</ForeColor>
		<BackColor>100,100,100</BackColor>
			<FontSize>10</FontSize>
			<Alignment>2</Alignment>
			<InputFormat>String</InputFormat>
	</Input>
	</Template>
	<Template Name="Col_StartDate">
		<Input>
			<Width>100</Width>
			<Height>20</Height>
			<BorderStyle>1</BorderStyle>
			<BorderColor>255,0,0</BorderColor>
			<ForeColor>255,255,255</ForeColor>
		<BackColor>100,100,100</BackColor>
			<FontSize>10</FontSize>
			<Alignment>2</Alignment>
			<InputFormat>String</InputFormat>
	</Input>
	</Template>
	<Template Name="Col_StartTime">
		<Input>
			<Width>100</Width>
			<Height>20</Height>
			<BorderStyle>1</BorderStyle>
			<BorderColor>255,0,0</BorderColor>
			<ForeColor>255,255,255</ForeColor>
		<BackColor>100,100,100</BackColor>
			<FontSize>10</FontSize>
			<Alignment>2</Alignment>
			<InputFormat>String</InputFormat>
	</Input>
	</Template>
	<Template Name="Col_TotalTime">
		<Input>
			<Width>85</Width>
			<Height>20</Height>
			<BorderStyle>1</BorderStyle>
			<BorderColor>255,0,0</BorderColor>
			<ForeColor>255,255,255</ForeColor>
		<BackColor>100,100,100</BackColor>
			<FontSize>10</FontSize>
			<Alignment>2</Alignment>
			<InputFormat>String</InputFormat>
	</Input>
	</Template>
	<Template Name="Col_PartCount">
		<Input>
			<Width>85</Width>
			<Height>20</Height>
			<BorderStyle>1</BorderStyle>
			<BorderColor>255,0,0</BorderColor>
			<ForeColor>255,255,255</ForeColor>
		<BackColor>100,100,100</BackColor>
			<FontSize>10</FontSize>
			<Alignment>2</Alignment>
			<InputFormat>String</InputFormat>
	</Input>
	</Template>
	<Template Name="Col_Comment">
		<Input>
			<Width>140</Width>
			<Height>20</Height>
			<BorderStyle>1</BorderStyle>
			<BorderColor>255,0,0</BorderColor>
			<ForeColor>255,255,255</ForeColor>
		<BackColor>100,100,100</BackColor>
			<FontSize>10</FontSize>
			<Alignment>0</Alignment>
			<InputFormat>String</InputFormat>
	</Input>
	</Template>
</Screen>
