﻿<?xml version="1.0" encoding="UTF-8"?>
<Screen>
	<Name>G176_2</Name>
	<Picture>
		<Name>Back_Picture</Name>
		<Picture>Image\Back1.bmp</Picture>
		<Left>0</Left>
		<Top>0</Top>
		<Height>392</Height>
		<Width>736</Width>
		<BorderStyle>0</BorderStyle>
	</Picture>
	<Picture>
		<Name>Picture_G176_next</Name>
		<Picture>Image\G1762.bmp</Picture>
		<Left>18</Left>
		<Top>108</Top>
		<Height>250</Height>
		<Width>337</Width>
		<BorderStyle>1</BorderStyle>
	</Picture>
	<Label>
		<Name>G176_Title</Name>
		<Caption>STR::G176::G176_Title</Caption>
		<Left>11</Left>
		<Top>19</Top>
		<Height>25</Height>
		<Width>350</Width>
		<ForeColor>255,255,255</ForeColor>
		<BorderStyle>0</BorderStyle>
		<BackColor>159,145,124</BackColor>
		<Alignment>2</Alignment>
		<FontSize>15</FontSize>
	</Label>
	<Label>
		<Name>Z_Arg</Name>
		<Caption>STR::G173::Z_Arg</Caption>
		<Left>421</Left>
		<Top>12</Top>
		<Height>30</Height>
		<Width>250</Width>
		<ForeColor>255,255,255</ForeColor>
		<BorderStyle>0</BorderStyle>
		<Alignment>2</Alignment>
		<FontSize>15</FontSize>
		<BackColor>159,145,124</BackColor>
	</Label>
	<Label>
		<Name>Basic_Point</Name>
		<Caption>STR::G173::Basic_Point</Caption>
		<Left>420</Left>
		<Top>50</Top>
		<Height>30</Height>
		<Width>130</Width>
		<ForeColor>247,239,97</ForeColor>
		<BorderStyle>0</BorderStyle>
		<Alignment>1</Alignment>
		<FontSize>15</FontSize>
		<BackColor>159,145,124</BackColor>
	</Label>
	<Input>
		<Name>Inp_BP</Name>
		<MacroAddr>A</MacroAddr>
		<Left>560</Left>
		<Top>50</Top>
		<Height>30</Height>
		<Width>120</Width>
		<BackColor>235,235,235</BackColor>
		<ForeColor>0,0,0</ForeColor>
		<BorderStyle>1</BorderStyle>
		<Alignment>1</Alignment>
		<FontSize>12</FontSize>
		<InputFormat>Double:3F</InputFormat>
		<HintLabel>STR::G173::Hint::Basic_Point</HintLabel>
	</Input>
	<Label>
		<Name>Z_Dep</Name>
		<Caption>STR::G173::Z_Dep</Caption>
		<Left>420</Left>
		<Top>90</Top>
		<Height>30</Height>
		<Width>130</Width>
		<ForeColor>247,239,97</ForeColor>
		<BorderStyle>0</BorderStyle>
		<Alignment>1</Alignment>
		<FontSize>15</FontSize>
		<BackColor>159,145,124</BackColor>
	</Label>
	<Input>
		<Name>Inp_ZD</Name>
		<MacroAddr>H</MacroAddr>
		<Left>560</Left>
		<Top>90</Top>
		<Height>30</Height>
		<Width>120</Width>
		<BackColor>235,235,235</BackColor>
		<ForeColor>0,0,0</ForeColor>
		<BorderStyle>1</BorderStyle>
		<Alignment>1</Alignment>
		<FontSize>12</FontSize>
		<InputFormat>Double:3F</InputFormat>
		<HintLabel>STR::G173::Hint::Z_Dep</HintLabel>
	</Input>
	<Label>
		<Name>Z_Speed</Name>
		<Caption>STR::G174::Z_Speed</Caption>
		<Left>420</Left>
		<Top>130</Top>
		<Height>30</Height>
		<Width>130</Width>
		<ForeColor>247,239,97</ForeColor>
		<BorderStyle>0</BorderStyle>
		<Alignment>1</Alignment>
		<FontSize>15</FontSize>
		<BackColor>159,145,124</BackColor>
	</Label>
	<Input>
		<Name>Inp_ZSpeed</Name>
		<MacroAddr>E</MacroAddr>
		<Left>560</Left>
		<Top>130</Top>
		<Height>30</Height>
		<Width>120</Width>
		<BackColor>235,235,235</BackColor>
		<ForeColor>0,0,0</ForeColor>
		<BorderStyle>1</BorderStyle>
		<Alignment>1</Alignment>
		<FontSize>12</FontSize>
		<InputFormat>Double:3F</InputFormat>
		<HintLabel>STR::G174::Hint::Z_Speed</HintLabel>
	</Input>
	<Label>
		<Name>PrePage</Name>
		<Caption>STR::PControl::PrePage</Caption>
		<Left>540</Left>
		<Top>340</Top>
		<Height>27</Height>
		<Width>160</Width>
		<ForeColor>255,255,255</ForeColor>
		<BorderStyle>0</BorderStyle>
		<Alignment>1</Alignment>
		<FontSize>15</FontSize>
		<BackColor>159,145,124</BackColor>
	</Label>
    <Link>
				<Name>PrevPage</Name>
        <PageUrl>G176.xml</PageUrl>
				
    </Link>

</Screen>
