﻿<?xml version="1.0" encoding="UTF-8"?>
<!--Created by 'eHMI'version2.2.4-->
<ResMap>
  <Message ID="Browser::NetworkSet_2nd::Caption::Lab_IPParamTitle::IPAddressParameter" Content="IP地址设定参数" />
  <Message ID="Browser::NetworkSet_2nd::Caption::Lab_DHCPTitle::IPAddressSetting" Content="IP地址取得方法" />
  <Message ID="Browser::NetworkSet_2nd::ItemCaption::Inp_IsEnableDHCP2nd::SpecifyIP" Content="直接指定IP地址" />
  <Message ID="Browser::NetworkSet_2nd::ItemCaption::Inp_IsEnableDHCP2nd::GetByDHCP" Content="透过DHCP指定IP地址" />
  <Message ID="Browser::NetworkSet_2nd::Caption::Lab_IPTitle::IPAddress" Content="IP地址" />
  <Message ID="Browser::NetworkSet_2nd::Caption::Lab_NetMaskTitle::SubnetMask" Content="子网掩码" />
  <Message ID="Browser::NetworkSet_2nd::Caption::Lab_GatewayTitle::DefGateway" Content="预设网关" />
  <Message ID="Browser::NetworkSet_2nd::Caption::Lab_NameServerTitle::NameServerParameter" Content="名称服务器参数" />
  <Message ID="Browser::NetworkSet_2nd::Caption::Lab_PriDNSTitle::PrimaryDNS" Content="主要DNS" />
  <Message ID="Browser::NetworkSet_2nd::Caption::Lab_PriWINSTitle::PrimaryWINS" Content="主要WINS" />
  <Message ID="Browser::NetworkSet_2nd::Caption::Label1::prepage" Content="第一网口设定 (按pageup)" />
  <Message ID="Browser::NetworkSet_2nd::Caption::Label2::nextpage" Content="远程设定 (按pagedown)" />
</ResMap>