﻿<?xml version="1.0" encoding="UTF-8"?>
<!--Created by 'eHMI'version2.2.1-->
<!--BROWSER SIZE|H:460|W:800-->
<Screen Type="Syntec.CycleEditor">
  <Name>SpindleSerialTunningDef</Name>
  <Panel>
    <Left>0</Left>
    <Top>0</Top>
    <Width>790</Width>
    <Height>460</Height>
    <Name>Pan_Tunning</Name>
    <BorderStyle>0</BorderStyle>
    <Depth>11</Depth>
    <BackColor>192,192,192</BackColor>
  </Panel>
  <ListInput>
    <Left>17</Left>
    <Top>13</Top>
    <Height>32</Height>
    <Width>124</Width>
    <Name>Inp_Type</Name>
    <FontSize>16</FontSize>
    <BorderStyle>1</BorderStyle>
    <Depth>5</Depth>
    <ForeColor>255,255,0</ForeColor>
    <BackColor>50,50,50</BackColor>
    <Value>0</Value>
    <MappingToRegistry>0</MappingToRegistry>
  </ListInput>
  <ListInput>
    <Left>199</Left>
    <Top>13</Top>
    <Height>32</Height>
    <Width>124</Width>
    <Name>lst_Axes</Name>
    <FontSize>16</FontSize>
    <BorderStyle>1</BorderStyle>
    <Depth>4</Depth>
    <ForeColor>255,255,0</ForeColor>
    <BackColor>50,50,50</BackColor>
    <ListItems>
      <Item>
        <ItemCaption>STR::MMI::SerialServo::Axes</ItemCaption>
        <ItemValue>0</ItemValue>
      </Item>
      <Item>
        <ItemCaption>STR::MMI::SerialServo::Spindle</ItemCaption>
        <ItemValue>1</ItemValue>
      </Item>
    </ListItems>
    <MappingToRegistry>0</MappingToRegistry>
  </ListInput>
  <Label>
    <Left>660</Left>
    <Top>12</Top>
    <Height>32</Height>
    <Width>110</Width>
    <Name>lbl_Row</Name>
    <FontSize>16</FontSize>
    <Alignment>1</Alignment>
    <BorderStyle>0</BorderStyle>
    <Depth>3</Depth>
    <ForeColor>0,128,64</ForeColor>
    <BackColor>192,192,192</BackColor>
    <Caption>
    </Caption>
    <Wrap>True</Wrap>
  </Label>
  <Label>
    <Left>10</Left>
    <Top>53</Top>
    <Height>25</Height>
    <Width>96</Width>
    <Name>lbl_No</Name>
    <FontSize>14</FontSize>
    <BorderStyle>0</BorderStyle>
    <Depth>8</Depth>
    <ForeColor>0,128,64</ForeColor>
    <BackColor>192,192,192</BackColor>
    <Caption>STR::MMI::SerialServo::NO</Caption>
    <Wrap>True</Wrap>
  </Label>
  <Label>
    <Left>340</Left>
    <Top>53</Top>
    <Height>25</Height>
    <Width>96</Width>
    <Name>lbl_Description</Name>
    <FontSize>14</FontSize>
    <BorderStyle>0</BorderStyle>
    <Depth>7</Depth>
    <ForeColor>0,128,64</ForeColor>
    <BackColor>192,192,192</BackColor>
    <Caption>STR::MMI::SerialServo::Description</Caption>
    <Wrap>True</Wrap>
  </Label>
  <Label>
    <Left>665</Left>
    <Top>53</Top>
    <Height>25</Height>
    <Width>96</Width>
    <Name>lbl_Value</Name>
    <FontSize>14</FontSize>
    <BorderStyle>0</BorderStyle>
    <Depth>1</Depth>
    <ForeColor>0,128,64</ForeColor>
    <BackColor>192,192,192</BackColor>
    <Caption>STR::MMI::SerialServo::Value</Caption>
    <Wrap>True</Wrap>
  </Label>
  <CE_Margin>
    <Left>20</Left>
    <Top>83</Top>
  </CE_Margin>
  <Template Name="no" Left="0">
    <Label>
      <Width>70</Width>
      <Height>25</Height>
      <BorderStyle>1</BorderStyle>
      <ForeColor>0,255,0</ForeColor>
      <BackColor>50,50,50</BackColor>
      <FontSize>14</FontSize>
    </Label>
  </Template>
  <Template Name="description" Left="75">
    <Label>
      <Width>565</Width>
      <Height>25</Height>
      <BorderStyle>1</BorderStyle>
      <ForeColor>255,255,0</ForeColor>
      <BackColor>50,50,50</BackColor>
      <FontSize>14</FontSize>
      <Alignment>0</Alignment>
    </Label>
  </Template>
  <Template Name="value" Left="645">
    <Input>
      <Width>110</Width>
      <Height>25</Height>
      <BorderStyle>1</BorderStyle>
      <ForeColor>255,255,0</ForeColor>
      <BackColor>0,0,255</BackColor>
      <InputFormat>Long:4H</InputFormat>
      <FontSize>14</FontSize>
    </Input>
  </Template>
</Screen>
