﻿<?xml version="1.0" encoding="utf-8" ?>
<ResMap>
	<!--========== ComPort Label Caption ==========-->
	<Message ID="SRIDiagnostic::ComPort::Status" Content="通讯状态" />
	<Message ID="SRIDiagnostic::ComPort::ConnectRun" Content="正常联机" />
	<Message ID="SRIDiagnostic::ComPort::ConnectStop" Content="已停止" />
	<Message ID="SRIDiagnostic::ComPort::ConnectError" Content="异常" />
	<Message ID="SRIDiagnostic::ComPort::RealScanTime" Content="实际扫描时间(μs)" />
	
	<!--========== Device Label Caption ==========-->
	<Message ID="SRIDiagnostic::Device::No" Content="站号" />
	<Message ID="SRIDiagnostic::Device::Region" Content="扫描区块" />
	<Message ID="SRIDiagnostic::Device::ErrorFlag" Content="错误旗标" />
	<Message ID="SRIDiagnostic::Device::TimeoutFlag" Content="超时错误旗标" />
	<Message ID="SRIDiagnostic::Device::CRCErrorFlag" Content="CRC错误旗标" />
	<Message ID="SRIDiagnostic::Device::ByteErrorFlag" Content="字符接收错误旗标" />
	<Message ID="SRIDiagnostic::Device::ErrorCode" Content="错误代码" />
	<Message ID="SRIDiagnostic::Device::ErrorCount" Content="错误次数" />
	<Message ID="SRIDiagnostic::Device::TimeoutCount" Content="超时错误次数" />
	<Message ID="SRIDiagnostic::Device::CRCErrorCount" Content="CRC错误次数" />
	<Message ID="SRIDiagnostic::Device::ByteErrorCount" Content="字符接收错误次数" />
	<Message ID="SRIDiagnostic::Device::ModuleState" Content="子站状态" />
</ResMap>
