﻿<?xml version="1.0" encoding="utf-8" ?>
<ResMap>
	<Message ID="Param3401" Content="擴充參數(R81)" />
	<Message ID="Param3402" Content="擴充參數(R82)" />
	<Message ID="Param3403" Content="擴充參數(R83)" />
	<Message ID="Param3404" Content="擴充參數(R84)" />
	<Message ID="Param3405" Content="擴充參數(R85)" />
	<Message ID="Param3406" Content="擴充參數(R86)" />
	<Message ID="Param3407" Content="擴充參數(R87)" />
	<Message ID="Param3408" Content="擴充參數(R88)" />
	<Message ID="Param3409" Content="擴充參數(R89)" />
	<Message ID="Param3410" Content="擴充參數(R90)" />
	<Message ID="Param3411" Content="擴充參數(R91)" />
	<Message ID="Param3412" Content="擴充參數(R92)" />
	<Message ID="Param3413" Content="擴充參數(R93)" />
	<Message ID="Param3414" Content="擴充參數(R94)" />
	<Message ID="Param3415" Content="擴充參數(R95)" />
	<Message ID="Param3416" Content="擴充參數(R96)" />
	<Message ID="Param3417" Content="擴充參數(R97)" />
	<Message ID="Param3418" Content="擴充參數(R98)" />
	<Message ID="Param3419" Content="擴充參數(R99)" />
	<Message ID="Param3420" Content="擴充參數(R100)" />
	<Message ID="Param3421" Content="擴充參數(R801)" />
	<Message ID="Param3422" Content="擴充參數(R802)" />
	<Message ID="Param3423" Content="擴充參數(R803)" />
	<Message ID="Param3424" Content="擴充參數(R804)" />
	<Message ID="Param3425" Content="擴充參數(R805)" />
	<Message ID="Param3426" Content="擴充參數(R806)" />
	<Message ID="Param3427" Content="擴充參數(R807)" />
	<Message ID="Param3428" Content="擴充參數(R808)" />
	<Message ID="Param3429" Content="擴充參數(R809)" />
	<Message ID="Param3430" Content="擴充參數(R810)" />
	<Message ID="Param3431" Content="擴充參數(R811)" />
	<Message ID="Param3432" Content="擴充參數(R812)" />
	<Message ID="Param3433" Content="擴充參數(R813)" />
	<Message ID="Param3434" Content="擴充參數(R814)" />
	<Message ID="Param3435" Content="擴充參數(R815)" />
	<Message ID="Param3436" Content="擴充參數(R816)" />
	<Message ID="Param3437" Content="擴充參數(R817)" />
	<Message ID="Param3438" Content="擴充參數(R818)" />
	<Message ID="Param3439" Content="擴充參數(R819)" />
	<Message ID="Param3440" Content="擴充參數(R820)" />
	<Message ID="Param3441" Content="擴充參數(R821)" />
	<Message ID="Param3442" Content="擴充參數(R822)" />
	<Message ID="Param3443" Content="擴充參數(R823)" />
	<Message ID="Param3444" Content="擴充參數(R824)" />
	<Message ID="Param3445" Content="擴充參數(R825)" />
	<Message ID="Param3446" Content="擴充參數(R826)" />
	<Message ID="Param3447" Content="擴充參數(R827)" />
	<Message ID="Param3448" Content="擴充參數(R828)" />
	<Message ID="Param3449" Content="擴充參數(R829)" />
	<Message ID="Param3450" Content="擴充參數(R830)" />
	<Message ID="Param3451" Content="擴充參數(R831)" />
	<Message ID="Param3452" Content="擴充參數(R832)" />
	<Message ID="Param3453" Content="擴充參數(R833)" />
	<Message ID="Param3454" Content="擴充參數(R834)" />
	<Message ID="Param3455" Content="擴充參數(R835)" />
	<Message ID="Param3456" Content="擴充參數(R836)" />
	<Message ID="Param3457" Content="擴充參數(R837)" />
	<Message ID="Param3458" Content="擴充參數(R838)" />
	<Message ID="Param3459" Content="擴充參數(R839)" />
	<Message ID="Param3460" Content="擴充參數(R840)" />
</ResMap>
