﻿<?xml version="1.0" encoding="utf-8" ?>
<ResMap>
	<!-- ============Warning Message for param. sync. ============= -->
	<Message ID="MMI::ParamSync::SYNTEC::Save" Content="新代驱动器参数已同步，请在未就绪状态执行串行参数永久储存" />
	
	<!-- ================ SYNTEC_M2 Parameter ===================== -->
	<Message ID="MMI::DriverParameter::SYNTEC::P0" Content="通讯参数" />
	<Message ID="MMI::DriverParameter::SYNTEC::P0-00" Content="*上位控制器通讯接口" />
	<Message ID="MMI::DriverParameter::SYNTEC::P0-01" Content="*驱动器局号" />
	<Message ID="MMI::DriverParameter::SYNTEC::P0-02" Content="*UART传输速率" />
	<Message ID="MMI::DriverParameter::SYNTEC::P0-03" Content="*UART封包协定" />
	<Message ID="MMI::DriverParameter::SYNTEC::P0-04" Content="P0-04" />
	<Message ID="MMI::DriverParameter::SYNTEC::P0-05" Content="P0-05" />
	<Message ID="MMI::DriverParameter::SYNTEC::P0-06" Content="P0-06" />
	<Message ID="MMI::DriverParameter::SYNTEC::P0-07" Content="P0-07" />
	<Message ID="MMI::DriverParameter::SYNTEC::P0-08" Content="P0-08" />
	<Message ID="MMI::DriverParameter::SYNTEC::P0-09" Content="P0-09" />
	<Message ID="MMI::DriverParameter::SYNTEC::P1" Content="配机参数" />
	<Message ID="MMI::DriverParameter::SYNTEC::P1-00" Content="控制模式" />
	<Message ID="MMI::DriverParameter::SYNTEC::P1-01" Content="速度控制模式" />
	<Message ID="MMI::DriverParameter::SYNTEC::P1-02" Content="P1-02" />
	<Message ID="MMI::DriverParameter::SYNTEC::P1-03" Content="P1-03" />
	<Message ID="MMI::DriverParameter::SYNTEC::P1-04" Content="P1-04" />
	<Message ID="MMI::DriverParameter::SYNTEC::P1-05" Content="P1-05" />
	<Message ID="MMI::DriverParameter::SYNTEC::P1-06" Content="P1-06" />
	<Message ID="MMI::DriverParameter::SYNTEC::P1-07" Content="P1-07" />
	<Message ID="MMI::DriverParameter::SYNTEC::P1-08" Content="P1-08" />
	<Message ID="MMI::DriverParameter::SYNTEC::P1-09" Content="P1-09" />
	<Message ID="MMI::DriverParameter::SYNTEC::P1-20" Content="外接回生电阻奥姆数" />
	<Message ID="MMI::DriverParameter::SYNTEC::P1-21" Content="外接回生电阻瓦特数" />
	<Message ID="MMI::DriverParameter::SYNTEC::P1-22" Content="P1-22" />
	<Message ID="MMI::DriverParameter::SYNTEC::P1-23" Content="P1-23" />
	<Message ID="MMI::DriverParameter::SYNTEC::P1-24" Content="P1-24" />
	<Message ID="MMI::DriverParameter::SYNTEC::P1-25" Content="P1-25" />
	<Message ID="MMI::DriverParameter::SYNTEC::P1-26" Content="P1-26" />
	<Message ID="MMI::DriverParameter::SYNTEC::P1-27" Content="P1-27" />
	<Message ID="MMI::DriverParameter::SYNTEC::P1-28" Content="P1-28" />
	<Message ID="MMI::DriverParameter::SYNTEC::P1-29" Content="P1-29" />
	<Message ID="MMI::DriverParameter::SYNTEC::P1-30" Content="开启驱动器KTY84过温度保护功能" />
	<Message ID="MMI::DriverParameter::SYNTEC::P1-31" Content="驱动器KTY84过温度保护准位" />
	<Message ID="MMI::DriverParameter::SYNTEC::P1-32" Content="一回授新代编码器内部KTY84过温度准位" />
	<Message ID="MMI::DriverParameter::SYNTEC::P1-33" Content="一回授新代编码器外部一KTY84过温度准位" />
	<Message ID="MMI::DriverParameter::SYNTEC::P1-34" Content="一回授新代编码器外部二KTY84过温度准位" />
	<Message ID="MMI::DriverParameter::SYNTEC::P1-35" Content="P1-35" />
	<Message ID="MMI::DriverParameter::SYNTEC::P1-36" Content="二回授新代编码器内部KTY84过温度准位" />
	<Message ID="MMI::DriverParameter::SYNTEC::P1-37" Content="二回授新代编码器外部一KTY84过温度准位" />
	<Message ID="MMI::DriverParameter::SYNTEC::P1-38" Content="二回授新代编码器外部二KTY84过温度准位" />
	<Message ID="MMI::DriverParameter::SYNTEC::P1-39" Content="P1-39" />
	<Message ID="MMI::DriverParameter::SYNTEC::P1-40" Content="I0对应功能" />
	<Message ID="MMI::DriverParameter::SYNTEC::P1-41" Content="I1对应功能" />
	<Message ID="MMI::DriverParameter::SYNTEC::P1-42" Content="I2对应功能" />
	<Message ID="MMI::DriverParameter::SYNTEC::P1-43" Content="I3对应功能" />
	<Message ID="MMI::DriverParameter::SYNTEC::P1-44" Content="I4对应功能" />
	<Message ID="MMI::DriverParameter::SYNTEC::P1-45" Content="I5对应功能" />
	<Message ID="MMI::DriverParameter::SYNTEC::P1-46" Content="I6对应功能" />
	<Message ID="MMI::DriverParameter::SYNTEC::P1-47" Content="I7对应功能" />
	<Message ID="MMI::DriverParameter::SYNTEC::P1-48" Content="I8对应功能" />
	<Message ID="MMI::DriverParameter::SYNTEC::P1-49" Content="I9对应功能" />
	<Message ID="MMI::DriverParameter::SYNTEC::P1-50" Content="I10对应功能" />
	<Message ID="MMI::DriverParameter::SYNTEC::P1-51" Content="I11对应功能" />
	<Message ID="MMI::DriverParameter::SYNTEC::P1-52" Content="I12对应功能" />
	<Message ID="MMI::DriverParameter::SYNTEC::P1-53" Content="I13对应功能" />
	<Message ID="MMI::DriverParameter::SYNTEC::P1-54" Content="I14对应功能" />
	<Message ID="MMI::DriverParameter::SYNTEC::P1-55" Content="I15对应功能" />
	<Message ID="MMI::DriverParameter::SYNTEC::P1-56" Content="P1-56" />
	<Message ID="MMI::DriverParameter::SYNTEC::P1-57" Content="P1-57" />
	<Message ID="MMI::DriverParameter::SYNTEC::P1-58" Content="P1-58" />
	<Message ID="MMI::DriverParameter::SYNTEC::P1-59" Content="P1-59" />
	<Message ID="MMI::DriverParameter::SYNTEC::P1-60" Content="O0对应功能" />
	<Message ID="MMI::DriverParameter::SYNTEC::P1-61" Content="O1对应功能" />
	<Message ID="MMI::DriverParameter::SYNTEC::P1-62" Content="O2对应功能" />
	<Message ID="MMI::DriverParameter::SYNTEC::P1-63" Content="O3对应功能" />
	<Message ID="MMI::DriverParameter::SYNTEC::P1-64" Content="O4对应功能" />
	<Message ID="MMI::DriverParameter::SYNTEC::P1-65" Content="O5对应功能" />
	<Message ID="MMI::DriverParameter::SYNTEC::P1-66" Content="O6对应功能" />
	<Message ID="MMI::DriverParameter::SYNTEC::P1-67" Content="O7对应功能" />
	<Message ID="MMI::DriverParameter::SYNTEC::P1-68" Content="O8对应功能" />
	<Message ID="MMI::DriverParameter::SYNTEC::P1-69" Content="O9对应功能" />
	<Message ID="MMI::DriverParameter::SYNTEC::P1-70" Content="O10对应功能" />
	<Message ID="MMI::DriverParameter::SYNTEC::P1-71" Content="O11对应功能" />
	<Message ID="MMI::DriverParameter::SYNTEC::P1-72" Content="O12对应功能" />
	<Message ID="MMI::DriverParameter::SYNTEC::P1-73" Content="O13对应功能" />
	<Message ID="MMI::DriverParameter::SYNTEC::P1-74" Content="O14对应功能" />
	<Message ID="MMI::DriverParameter::SYNTEC::P1-75" Content="O15对应功能" />
	<Message ID="MMI::DriverParameter::SYNTEC::P1-76" Content="P1-76" />
	<Message ID="MMI::DriverParameter::SYNTEC::P1-77" Content="P1-77" />
	<Message ID="MMI::DriverParameter::SYNTEC::P1-78" Content="P1-78" />
	<Message ID="MMI::DriverParameter::SYNTEC::P1-79" Content="P1-79" />
	<Message ID="MMI::DriverParameter::SYNTEC::P2" Content="机电整合调机参数" />
	<Message ID="MMI::DriverParameter::SYNTEC::P2-00" Content="位置命令分辨率" />
	<Message ID="MMI::DriverParameter::SYNTEC::P2-01" Content="位置回路增益" />
	<Message ID="MMI::DriverParameter::SYNTEC::P2-02" Content="速度回路增益" />
	<Message ID="MMI::DriverParameter::SYNTEC::P2-03" Content="速度回路积分时间常数" />
	<Message ID="MMI::DriverParameter::SYNTEC::P2-04" Content="速度滤波带宽" />
	<Message ID="MMI::DriverParameter::SYNTEC::P2-05" Content="负载惯量比" />
	<Message ID="MMI::DriverParameter::SYNTEC::P2-06" Content="扭力命令滤波时间常数" />
	<Message ID="MMI::DriverParameter::SYNTEC::P2-07" Content="弱磁控制电压准位" />	
	<Message ID="MMI::DriverParameter::SYNTEC::P2-08" Content="位置模式下的IP控制比例" />
	<Message ID="MMI::DriverParameter::SYNTEC::P2-09" Content="P2-09" />
	<Message ID="MMI::DriverParameter::SYNTEC::P2-10" Content="P2-10" />
	<Message ID="MMI::DriverParameter::SYNTEC::P2-11" Content="P2-11" />
	<Message ID="MMI::DriverParameter::SYNTEC::P2-12" Content="P2-12" />
	<Message ID="MMI::DriverParameter::SYNTEC::P2-13" Content="P2-13" />
	<Message ID="MMI::DriverParameter::SYNTEC::P2-14" Content="P2-14" />
	<Message ID="MMI::DriverParameter::SYNTEC::P2-15" Content="P2-15" />
	<Message ID="MMI::DriverParameter::SYNTEC::P2-16" Content="P2-16" />
	<Message ID="MMI::DriverParameter::SYNTEC::P2-17" Content="P2-17" />
	<Message ID="MMI::DriverParameter::SYNTEC::P2-18" Content="P2-18" />
	<Message ID="MMI::DriverParameter::SYNTEC::P2-19" Content="P2-19" />
	<Message ID="MMI::DriverParameter::SYNTEC::P2-20" Content="扰动补偿功能(0:闭;1:开)" />
	<Message ID="MMI::DriverParameter::SYNTEC::P2-21" Content="速度估测器(0:闭;1:开)" />
	<Message ID="MMI::DriverParameter::SYNTEC::P2-22" Content="惯量估测命令来源" />
	<Message ID="MMI::DriverParameter::SYNTEC::P2-23" Content="机构耦合型态" />
	<Message ID="MMI::DriverParameter::SYNTEC::P2-24" Content="P2-24" />
	<Message ID="MMI::DriverParameter::SYNTEC::P2-25" Content="P2-25" />
	<Message ID="MMI::DriverParameter::SYNTEC::P2-26" Content="P2-26" />
	<Message ID="MMI::DriverParameter::SYNTEC::P2-27" Content="P2-27" />
	<Message ID="MMI::DriverParameter::SYNTEC::P2-28" Content="P2-28" />
	<Message ID="MMI::DriverParameter::SYNTEC::P2-29" Content="P2-29" />
	<Message ID="MMI::DriverParameter::SYNTEC::P2-30" Content="开启自定义V/f曲线(0:内定;1:自定义)" />
	<Message ID="MMI::DriverParameter::SYNTEC::P2-31" Content="V/f操作曲线第一输出频率" />
	<Message ID="MMI::DriverParameter::SYNTEC::P2-32" Content="V/f操作曲线第一输出电压" />
	<Message ID="MMI::DriverParameter::SYNTEC::P2-33" Content="V/f操作曲线第二输出频率" />
	<Message ID="MMI::DriverParameter::SYNTEC::P2-34" Content="V/f操作曲线第二输出电压" />
	<Message ID="MMI::DriverParameter::SYNTEC::P2-80" Content="第一段Notch Filter开关" />
	<Message ID="MMI::DriverParameter::SYNTEC::P2-81" Content="第一段Notch Filter频率" />
	<Message ID="MMI::DriverParameter::SYNTEC::P2-82" Content="第一段Notch Filter Q值" />
	<Message ID="MMI::DriverParameter::SYNTEC::P2-83" Content="第一段Notch Filter深度" />
	<Message ID="MMI::DriverParameter::SYNTEC::P2-84" Content="第二段Notch Filter开关" />
	<Message ID="MMI::DriverParameter::SYNTEC::P2-85" Content="第二段Notch Filter频率" />
	<Message ID="MMI::DriverParameter::SYNTEC::P2-86" Content="第二段Notch Filter Q值" />
	<Message ID="MMI::DriverParameter::SYNTEC::P2-87" Content="第二段Notch Filter深度" />
	<Message ID="MMI::DriverParameter::SYNTEC::P2-88" Content="第三段Notch Filter开关" />
	<Message ID="MMI::DriverParameter::SYNTEC::P2-89" Content="第三段Notch Filter频率" />
	<Message ID="MMI::DriverParameter::SYNTEC::P2-90" Content="第三段Notch Filter Q值" />
	<Message ID="MMI::DriverParameter::SYNTEC::P2-91" Content="第三段Notch Filter深度" />
	<Message ID="MMI::DriverParameter::SYNTEC::P3" Content="马达规格参数" />
	<Message ID="MMI::DriverParameter::SYNTEC::P3-00" Content="马达型态" />
	<Message ID="MMI::DriverParameter::SYNTEC::P3-01" Content="马达极数" />
	<Message ID="MMI::DriverParameter::SYNTEC::P3-02" Content="磁石极对间距(N-N)" />
	<Message ID="MMI::DriverParameter::SYNTEC::P3-03" Content="电机型号" />
	<Message ID="MMI::DriverParameter::SYNTEC::P3-04" Content="电机序号" />
	<Message ID="MMI::DriverParameter::SYNTEC::P3-05" Content="P3-05" />
	<Message ID="MMI::DriverParameter::SYNTEC::P3-06" Content="P3-06" />
	<Message ID="MMI::DriverParameter::SYNTEC::P3-07" Content="P3-07" />
	<Message ID="MMI::DriverParameter::SYNTEC::P3-08" Content="P3-08" />
	<Message ID="MMI::DriverParameter::SYNTEC::P3-09" Content="P3-09" />
	<Message ID="MMI::DriverParameter::SYNTEC::P3-10" Content="马达额定扭矩" />
	<Message ID="MMI::DriverParameter::SYNTEC::P3-11" Content="马达最大扭矩" />
	<Message ID="MMI::DriverParameter::SYNTEC::P3-12" Content="马达额定转速" />
	<Message ID="MMI::DriverParameter::SYNTEC::P3-13" Content="马达最高转速" />
	<Message ID="MMI::DriverParameter::SYNTEC::P3-14" Content="马达额定电流" />
	<Message ID="MMI::DriverParameter::SYNTEC::P3-15" Content="感应电机额定电压" />
	<Message ID="MMI::DriverParameter::SYNTEC::P3-16" Content="P3-16" />
	<Message ID="MMI::DriverParameter::SYNTEC::P3-17" Content="P3-17" />
	<Message ID="MMI::DriverParameter::SYNTEC::P3-18" Content="P3-18" />
	<Message ID="MMI::DriverParameter::SYNTEC::P3-19" Content="P3-19" />
	<Message ID="MMI::DriverParameter::SYNTEC::P3-20" Content="*编码器通讯接口型态" />
	<Message ID="MMI::DriverParameter::SYNTEC::P3-21" Content="*编码器分辨率" />
	<Message ID="MMI::DriverParameter::SYNTEC::P3-22" Content="*编码器回授方向极性" />
	<Message ID="MMI::DriverParameter::SYNTEC::P3-23" Content="*编码器增量/绝对型态" />
	<Message ID="MMI::DriverParameter::SYNTEC::P3-24" Content="启动ABZ编码器时间译码功能" />
	<Message ID="MMI::DriverParameter::SYNTEC::P3-25" Content="编码器SIN准位偏移量" />
	<Message ID="MMI::DriverParameter::SYNTEC::P3-26" Content="编码器COS准位偏移量" />
	<Message ID="MMI::DriverParameter::SYNTEC::P3-27" Content="编码器SIN振幅补正量" />
	<Message ID="MMI::DriverParameter::SYNTEC::P3-28" Content="编码器COS振幅补正量" />
	<Message ID="MMI::DriverParameter::SYNTEC::P3-29" Content="编码器正余弦相位角" />
	<Message ID="MMI::DriverParameter::SYNTEC::P3-30" Content="*编码器极数" />
	<Message ID="MMI::DriverParameter::SYNTEC::P3-31" Content="编码器节距补偿个数" />
	<Message ID="MMI::DriverParameter::SYNTEC::P3-32" Content="编码器参数储存保护" />
	<Message ID="MMI::DriverParameter::SYNTEC::P3-33" Content="編碼器感測版型態" />
	<Message ID="MMI::DriverParameter::SYNTEC::P3-34" Content="编码器失效次数" />
	<Message ID="MMI::DriverParameter::SYNTEC::P3-35" Content="编码器Zindex位置" />
	<Message ID="MMI::DriverParameter::SYNTEC::P3-36" Content="*编码器大波误差补偿开启" />
	<Message ID="MMI::DriverParameter::SYNTEC::P4" Content="马达调机参数" />
	<Message ID="MMI::DriverParameter::SYNTEC::P4-00" Content="电机激磁轴感抗" />
	<Message ID="MMI::DriverParameter::SYNTEC::P4-01" Content="电机扭力轴感抗" />
	<Message ID="MMI::DriverParameter::SYNTEC::P4-02" Content="电机阻抗" />
	<Message ID="MMI::DriverParameter::SYNTEC::P4-03" Content="感应电机漏感比" />
	<Message ID="MMI::DriverParameter::SYNTEC::P4-04" Content="感应电机激磁电流" />
	<Message ID="MMI::DriverParameter::SYNTEC::P4-05" Content="感应电机转子时间常数" />
	<Message ID="MMI::DriverParameter::SYNTEC::P4-06" Content="P4-06" />
	<Message ID="MMI::DriverParameter::SYNTEC::P4-07" Content="P4-07" />
	<Message ID="MMI::DriverParameter::SYNTEC::P4-08" Content="P4-08" />
	<Message ID="MMI::DriverParameter::SYNTEC::P4-09" Content="P4-09" />
	<Message ID="MMI::DriverParameter::SYNTEC::P4-10" Content="P4-10" />
	<Message ID="MMI::DriverParameter::SYNTEC::P4-11" Content="P4-11" />
	<Message ID="MMI::DriverParameter::SYNTEC::P4-12" Content="P4-12" />
	<Message ID="MMI::DriverParameter::SYNTEC::P4-13" Content="P4-13" />
	<Message ID="MMI::DriverParameter::SYNTEC::P4-14" Content="P4-14" />
	<Message ID="MMI::DriverParameter::SYNTEC::P4-15" Content="P4-15" />
	<Message ID="MMI::DriverParameter::SYNTEC::P4-16" Content="P4-16" />
	<Message ID="MMI::DriverParameter::SYNTEC::P4-17" Content="P4-17" />
	<Message ID="MMI::DriverParameter::SYNTEC::P4-18" Content="P4-18" />
	<Message ID="MMI::DriverParameter::SYNTEC::P4-19" Content="P4-19" />
	<Message ID="MMI::DriverParameter::SYNTEC::P4-20" Content="转子惯量" />
	<Message ID="MMI::DriverParameter::SYNTEC::P4-21" Content="机械常数" />
	<Message ID="MMI::DriverParameter::SYNTEC::P4-22" Content="编码器转子补正量" />
	<Message ID="MMI::DriverParameter::SYNTEC::P4-23" Content="P4-23" />
	<Message ID="MMI::DriverParameter::SYNTEC::P4-24" Content="P4-24" />
	<Message ID="MMI::DriverParameter::SYNTEC::P4-25" Content="P4-25" />
	<Message ID="MMI::DriverParameter::SYNTEC::P4-26" Content="P4-26" />
	<Message ID="MMI::DriverParameter::SYNTEC::P4-27" Content="P4-27" />
	<Message ID="MMI::DriverParameter::SYNTEC::P4-28" Content="P4-28" />
	<Message ID="MMI::DriverParameter::SYNTEC::P4-29" Content="P4-29" />
	<Message ID="MMI::DriverParameter::SYNTEC::P4-30" Content="电流回路增益" />
	<Message ID="MMI::DriverParameter::SYNTEC::P4-31" Content="电流回路积分时间常数" />
	<Message ID="MMI::DriverParameter::SYNTEC::P4-32" Content="P4-32" />
	<Message ID="MMI::DriverParameter::SYNTEC::P4-33" Content="P4-33" />
	<Message ID="MMI::DriverParameter::SYNTEC::P4-34" Content="P4-34" />
	<Message ID="MMI::DriverParameter::SYNTEC::P4-35" Content="P4-35" />
	<Message ID="MMI::DriverParameter::SYNTEC::P4-36" Content="P4-36" />
	<Message ID="MMI::DriverParameter::SYNTEC::P4-37" Content="P4-37" />
	<Message ID="MMI::DriverParameter::SYNTEC::P4-38" Content="P4-38" />
	<Message ID="MMI::DriverParameter::SYNTEC::P4-39" Content="P4-39" />
	<Message ID="MMI::DriverParameter::SYNTEC::P4-40" Content="弱磁控制功能(0:闭;1:开)" />
	<Message ID="MMI::DriverParameter::SYNTEC::P4-41" Content="顿转(Cogging)扭矩补偿(0:闭;1:开)" />
	<Message ID="MMI::DriverParameter::SYNTEC::P4-42" Content="摩擦力补偿力矩" />
	<Message ID="MMI::DriverParameter::SYNTEC::P4-43" Content="高频注入法增益比例" />
	<Message ID="MMI::DriverParameter::SYNTEC::P4-44" Content="P4-44" />
	<Message ID="MMI::DriverParameter::SYNTEC::P4-45" Content="P4-45" />
	<Message ID="MMI::DriverParameter::SYNTEC::P4-46" Content="P4-46" />
	<Message ID="MMI::DriverParameter::SYNTEC::P4-47" Content="P4-47" />
	<Message ID="MMI::DriverParameter::SYNTEC::P4-48" Content="P4-48" />
	<Message ID="MMI::DriverParameter::SYNTEC::P4-49" Content="P4-49" />
	<Message ID="MMI::DriverParameter::SYNTEC::P4-50" Content="过负载150%的运转时间" />
	<Message ID="MMI::DriverParameter::SYNTEC::P5" Content="后级参数" />
	<Message ID="MMI::DriverParameter::SYNTEC::P5-00" Content="电源电压" />
	<Message ID="MMI::DriverParameter::SYNTEC::P5-01" Content="驱动器尖峰电流" />
	<Message ID="MMI::DriverParameter::SYNTEC::P5-02" Content="驱动器额定电流" />
	<Message ID="MMI::DriverParameter::SYNTEC::P5-03" Content="驱动器最高电流" />
	<Message ID="MMI::DriverParameter::SYNTEC::P5-04" Content="内部回生电阻奥姆数" />
	<Message ID="MMI::DriverParameter::SYNTEC::P5-05" Content="内部回生电阻瓦特数" />
	<Message ID="MMI::DriverParameter::SYNTEC::P5-06" Content="*PWM频率" />
	<Message ID="MMI::DriverParameter::SYNTEC::P5-07" Content="*后级ID" />
	<Message ID="MMI::DriverParameter::SYNTEC::P5-08" Content="死区时间" />
	<Message ID="MMI::DriverParameter::SYNTEC::P5-09" Content="PWM输出相序" />
	<Message ID="MMI::DriverParameter::SYNTEC::P5-10" Content="电流感测器数量" />
	<Message ID="MMI::DriverParameter::SYNTEC::P5-11" Content="电流回授Scale" />
	<Message ID="MMI::DriverParameter::SYNTEC::P5-12" Content="最大电压" />
	<Message ID="MMI::DriverParameter::SYNTEC::P5-13" Content="P5-13" />
	<Message ID="MMI::DriverParameter::SYNTEC::P5-14" Content="P5-14" />
	<Message ID="MMI::DriverParameter::SYNTEC::P5-15" Content="P5-15" />
	<Message ID="MMI::DriverParameter::SYNTEC::P5-16" Content="P5-16" />
	<Message ID="MMI::DriverParameter::SYNTEC::P5-17" Content="P5-17" />
	<Message ID="MMI::DriverParameter::SYNTEC::P5-18" Content="P5-18" />
	<Message ID="MMI::DriverParameter::SYNTEC::P5-19" Content="P5-19" />
	<Message ID="MMI::DriverParameter::SYNTEC::P5-20" Content="A相电流Offset" />
	<Message ID="MMI::DriverParameter::SYNTEC::P5-21" Content="B相电流Offset" />
	<Message ID="MMI::DriverParameter::SYNTEC::P5-22" Content="C相电流Offset" />
	<Message ID="MMI::DriverParameter::SYNTEC::P5-23" Content="A相电流Scale" />
	<Message ID="MMI::DriverParameter::SYNTEC::P5-24" Content="B相电流Scale" />
	<Message ID="MMI::DriverParameter::SYNTEC::P5-25" Content="C相电流Scale" />
	<Message ID="MMI::DriverParameter::SYNTEC::P5-26" Content="P5-26" />
	<Message ID="MMI::DriverParameter::SYNTEC::P5-27" Content="P5-27" />
	<Message ID="MMI::DriverParameter::SYNTEC::P5-28" Content="启动电压补偿功能" />
	<Message ID="MMI::DriverParameter::SYNTEC::P5-29" Content="电压补偿等效压降" />
	<Message ID="MMI::DriverParameter::SYNTEC::P5-30" Content="电压补偿电流命令1" />
	<Message ID="MMI::DriverParameter::SYNTEC::P5-31" Content="电压补偿电流命令2" />
	<Message ID="MMI::DriverParameter::SYNTEC::P5-32" Content="电压补偿电流命令3" />
	<Message ID="MMI::DriverParameter::SYNTEC::P5-33" Content="电压补偿电流命令4" />
	<Message ID="MMI::DriverParameter::SYNTEC::P5-34" Content="电压补偿电流命令5" />
	<Message ID="MMI::DriverParameter::SYNTEC::P5-35" Content="电压补偿电流命令6" />
	<Message ID="MMI::DriverParameter::SYNTEC::P5-36" Content="电压补偿电流命令7" />
	<Message ID="MMI::DriverParameter::SYNTEC::P5-37" Content="电压补偿电流命令8" />
	<Message ID="MMI::DriverParameter::SYNTEC::P5-38" Content="电压补偿电流命令9" />
	<Message ID="MMI::DriverParameter::SYNTEC::P5-39" Content="电压补偿电流命令10" />
	<Message ID="MMI::DriverParameter::SYNTEC::P5-40" Content="电压补偿电流命令11" />
	<Message ID="MMI::DriverParameter::SYNTEC::P5-41" Content="电压补偿电流命令12" />
	<Message ID="MMI::DriverParameter::SYNTEC::P5-42" Content="电压补偿电流命令13" />
	<Message ID="MMI::DriverParameter::SYNTEC::P5-43" Content="电压补偿电流命令14" />
	<Message ID="MMI::DriverParameter::SYNTEC::P5-44" Content="电压补偿电流命令15" />
	<Message ID="MMI::DriverParameter::SYNTEC::P5-45" Content="电压补偿时间值1" />
	<Message ID="MMI::DriverParameter::SYNTEC::P5-46" Content="电压补偿时间值2" />
	<Message ID="MMI::DriverParameter::SYNTEC::P5-47" Content="电压补偿时间值3" />
	<Message ID="MMI::DriverParameter::SYNTEC::P5-48" Content="电压补偿时间值4" />
	<Message ID="MMI::DriverParameter::SYNTEC::P5-49" Content="电压补偿时间值5" />
	<Message ID="MMI::DriverParameter::SYNTEC::P5-50" Content="电压补偿时间值6" />
	<Message ID="MMI::DriverParameter::SYNTEC::P5-51" Content="电压补偿时间值7" />
	<Message ID="MMI::DriverParameter::SYNTEC::P5-52" Content="电压补偿时间值8" />
	<Message ID="MMI::DriverParameter::SYNTEC::P5-53" Content="电压补偿时间值9" />
	<Message ID="MMI::DriverParameter::SYNTEC::P5-54" Content="电压补偿时间值10" />
	<Message ID="MMI::DriverParameter::SYNTEC::P5-55" Content="电压补偿时间值11" />
	<Message ID="MMI::DriverParameter::SYNTEC::P5-56" Content="电压补偿时间值12" />
	<Message ID="MMI::DriverParameter::SYNTEC::P5-57" Content="电压补偿时间值13" />
	<Message ID="MMI::DriverParameter::SYNTEC::P5-58" Content="电压补偿时间值14" />
	<Message ID="MMI::DriverParameter::SYNTEC::P5-59" Content="电压补偿时间值15" />
	<Message ID="MMI::DriverParameter::SYNTEC::P6" Content="特殊应用参数" />
	<Message ID="MMI::DriverParameter::SYNTEC::P6-03" Content="第二光学尺Index Mark型态" />
	<Message ID="MMI::DriverParameter::SYNTEC::P6-04" Content="马达侧齿数" />
	<Message ID="MMI::DriverParameter::SYNTEC::P6-05" Content="螺杆侧齿数" />
	<Message ID="MMI::DriverParameter::SYNTEC::P6-06" Content="节距" />
	<Message ID="MMI::DriverParameter::SYNTEC::P6-07" Content="P6-07" />
	<Message ID="MMI::DriverParameter::SYNTEC::P6-08" Content="P6-08" />
	<Message ID="MMI::DriverParameter::SYNTEC::P6-09" Content="P6-09" />
	<Message ID="MMI::DriverParameter::SYNTEC::P6-10" Content="最高加速度" />
	<Message ID="MMI::DriverParameter::SYNTEC::P6-11" Content="最高冲量(JERK)" />
	<Message ID="MMI::DriverParameter::SYNTEC::P6-12" Content="位置检查窗口范围" />
	<Message ID="MMI::DriverParameter::SYNTEC::P6-13" Content="上位控制器命令极性" />
	<Message ID="MMI::DriverParameter::SYNTEC::P6-14" Content="速度到达检查窗口范围" />
	<Message ID="MMI::DriverParameter::SYNTEC::P6-15" Content="零速到达检查窗口范围" />
	<Message ID="MMI::DriverParameter::SYNTEC::P6-16" Content="P6-16" />
	<Message ID="MMI::DriverParameter::SYNTEC::P6-17" Content="P6-17" />
	<Message ID="MMI::DriverParameter::SYNTEC::P6-18" Content="P6-18" />
	<Message ID="MMI::DriverParameter::SYNTEC::P6-19" Content="P6-19" />
	<Message ID="MMI::DriverParameter::SYNTEC::P6-20" Content="主轴定位角度" />
	<Message ID="MMI::DriverParameter::SYNTEC::P6-21" Content="主轴定位零速启动定位方式" />
	<Message ID="MMI::DriverParameter::SYNTEC::P6-22" Content="关闭Z相警报检查(0:开;1:关)" />
	<Message ID="MMI::DriverParameter::SYNTEC::P6-23" Content="开启位置控制时扭力限制功能" />
	<Message ID="MMI::DriverParameter::SYNTEC::P6-24" Content="关闭Mechatrolink同步警报检查(0:开;1:关)" />
	<Message ID="MMI::DriverParameter::SYNTEC::P6-25" Content="伺服关闭延迟时间" />
	<Message ID="MMI::DriverParameter::SYNTEC::P6-26" Content="煞车速度准位" />
	<Message ID="MMI::DriverParameter::SYNTEC::P6-27" Content="煞车等待时间" />
	<Message ID="MMI::DriverParameter::SYNTEC::P6-28" Content="编码器过Index前增益比例" />
	<Message ID="MMI::DriverParameter::SYNTEC::P6-29" Content="*使用近接开关进行主轴定位" />
	<Message ID="MMI::DriverParameter::SYNTEC::P6-30" Content="过转矩1功能" />	
	<Message ID="MMI::DriverParameter::SYNTEC::P6-31" Content="过转矩1准位" />	
	<Message ID="MMI::DriverParameter::SYNTEC::P6-32" Content="过转矩1检出时间" />	
	<Message ID="MMI::DriverParameter::SYNTEC::P6-33" Content="过转矩2功能" />	
	<Message ID="MMI::DriverParameter::SYNTEC::P6-34" Content="过转矩2准位" />	
	<Message ID="MMI::DriverParameter::SYNTEC::P6-35" Content="过转矩2检出时间" />	
	<Message ID="MMI::DriverParameter::SYNTEC::P6-36" Content="关闭DSP WatchDog重启警报检查(0:开;1:关)" />
	<Message ID="MMI::DriverParameter::SYNTEC::P6-37" Content="磁极角侦测模式选择" />
	<Message ID="MMI::DriverParameter::SYNTEC::P6-38" Content="P6-38" />
	<Message ID="MMI::DriverParameter::SYNTEC::P6-39" Content="P6-39" />	
	<Message ID="MMI::DriverParameter::SYNTEC::P6-40" Content="内外回授位置误差过大警报检查值" />	
	<Message ID="MMI::DriverParameter::SYNTEC::P6-41" Content="双回授位置滤波时间常数" />
	<Message ID="MMI::DriverParameter::SYNTEC::P6-42" Content="*开启双回授控制模式" />
	<Message ID="MMI::DriverParameter::SYNTEC::P6-80" Content="*第二编码器通讯接口型态" />
	<Message ID="MMI::DriverParameter::SYNTEC::P6-81" Content="*第二编码器分辨率" />
	<Message ID="MMI::DriverParameter::SYNTEC::P6-82" Content="*第二编码器回授方向极性" />
	<Message ID="MMI::DriverParameter::SYNTEC::P6-83" Content="*第二编码器增量/绝对型态" />
	<Message ID="MMI::DriverParameter::SYNTEC::P6-84" Content="启动第二ABZ编码器时间译码功能" />
	<Message ID="MMI::DriverParameter::SYNTEC::P6-85" Content="第二编码器SIN准位偏移量" />
	<Message ID="MMI::DriverParameter::SYNTEC::P6-86" Content="第二编码器COS准位偏移量" />
	<Message ID="MMI::DriverParameter::SYNTEC::P6-87" Content="第二编码器SIN振幅补正量" />
	<Message ID="MMI::DriverParameter::SYNTEC::P6-88" Content="第二编码器COS振幅补正量" />
	<Message ID="MMI::DriverParameter::SYNTEC::P6-89" Content="第二编码器正余弦相位角" />
	<Message ID="MMI::DriverParameter::SYNTEC::P6-90" Content="*第二编码器极数" />
	<Message ID="MMI::DriverParameter::SYNTEC::P6-91" Content="第二编码器节距补偿个数" />
	<Message ID="MMI::DriverParameter::SYNTEC::P6-92" Content="第二编码器参数储存保护" />
	<Message ID="MMI::DriverParameter::SYNTEC::P6-93" Content="第二编码器感测版型态" />
	<Message ID="MMI::DriverParameter::SYNTEC::P6-94" Content="第二编码器失效次数" />
	<Message ID="MMI::DriverParameter::SYNTEC::P6-95" Content="第二编码器Zindex位置" />
	<Message ID="MMI::DriverParameter::SYNTEC::P6-96" Content="*第二编码器大波误差补偿开启" />
	
	<Message ID="MMI::DriverParameter::SYNTEC::D0" Content="版本信息" />
	<Message ID="MMI::DriverParameter::SYNTEC::D0-00" Content="驱动器版本号码" />
	<Message ID="MMI::DriverParameter::SYNTEC::D0-01" Content="驱动器版本日期" />
	<Message ID="MMI::DriverParameter::SYNTEC::D0-02" Content="驱动器版本序号" />
	<Message ID="MMI::DriverParameter::SYNTEC::D0-03" Content="驱动器前级硬件版本" />
	<Message ID="MMI::DriverParameter::SYNTEC::D0-04" Content="驱动器前级FPGA软件版本" />
	<Message ID="MMI::DriverParameter::SYNTEC::D0-05" Content="编码器版本号码" />
	<Message ID="MMI::DriverParameter::SYNTEC::D0-06" Content="编码器软体种类" />
	<Message ID="MMI::DriverParameter::SYNTEC::D0-07" Content="第二编码器版本号码" />
	<Message ID="MMI::DriverParameter::SYNTEC::D0-08" Content="第二编码器软件种类" />
	<Message ID="MMI::DriverParameter::SYNTEC::D0-09" Content="第一编码器硬件版本" />
	<Message ID="MMI::DriverParameter::SYNTEC::D0-10" Content="第二编码器硬件版本" />
	
	<Message ID="MMI::DriverParameter::SYNTEC::D1" Content="使用者操作状态" />
	<Message ID="MMI::DriverParameter::SYNTEC::D1-00" Content="状态变量1" />	
	<Message ID="MMI::DriverParameter::SYNTEC::D1-01" Content="位置命令" />
	<Message ID="MMI::DriverParameter::SYNTEC::D1-02" Content="位置回授" />
	<Message ID="MMI::DriverParameter::SYNTEC::D1-03" Content="位置误差" />
	<Message ID="MMI::DriverParameter::SYNTEC::D1-04" Content="机械角" />	
	<Message ID="MMI::DriverParameter::SYNTEC::D1-05" Content="INDEX COUNTER" />
	<Message ID="MMI::DriverParameter::SYNTEC::D1-06" Content="速度命令" />
	<Message ID="MMI::DriverParameter::SYNTEC::D1-07" Content="速度回授" />
	<Message ID="MMI::DriverParameter::SYNTEC::D1-08" Content="速度误差(0.01RPM)" />
	<Message ID="MMI::DriverParameter::SYNTEC::D1-09" Content="转矩命令" />
	<Message ID="MMI::DriverParameter::SYNTEC::D1-10" Content="负载率" />
	<Message ID="MMI::DriverParameter::SYNTEC::D1-11" Content="Id电流命令" />
	<Message ID="MMI::DriverParameter::SYNTEC::D1-12" Content="Iq电流命令" />
	<Message ID="MMI::DriverParameter::SYNTEC::D1-13" Content="Id电流回授" />
	<Message ID="MMI::DriverParameter::SYNTEC::D1-14" Content="Iq电流回授" />	
	<Message ID="MMI::DriverParameter::SYNTEC::D1-15" Content="Idq 电流命令" />
	<Message ID="MMI::DriverParameter::SYNTEC::D1-16" Content="Idq 电流回授" />
	<Message ID="MMI::DriverParameter::SYNTEC::D1-17" Content="Ia电流回授" />
	<Message ID="MMI::DriverParameter::SYNTEC::D1-18" Content="Ib电流回授" />
	<Message ID="MMI::DriverParameter::SYNTEC::D1-19" Content="Ic电流回授" />
	<Message ID="MMI::DriverParameter::SYNTEC::D1-20" Content="0相电流回授" />
	<Message ID="MMI::DriverParameter::SYNTEC::D1-21" Content="I点状态" />	
	<Message ID="MMI::DriverParameter::SYNTEC::D1-22" Content="O点状态" />		
	<Message ID="MMI::DriverParameter::SYNTEC::D1-23" Content="IGBT温度" />
	<Message ID="MMI::DriverParameter::SYNTEC::D1-24" Content="DC bus 电压" />
	<Message ID="MMI::DriverParameter::SYNTEC::D1-25" Content="总开机时间" />
	<Message ID="MMI::DriverParameter::SYNTEC::D1-26" Content="转子惯量" />
	<Message ID="MMI::DriverParameter::SYNTEC::D1-27" Content="转子黏滞系数" />
	<Message ID="MMI::DriverParameter::SYNTEC::D1-28" Content="串行编码器CRC错误次数(硬件)" />
	<Message ID="MMI::DriverParameter::SYNTEC::D1-29" Content="串行编码器CRC错误次数(软件)" />
	<Message ID="MMI::DriverParameter::SYNTEC::D1-30" Content="V/f模式对低频电压补偿量" />
	<Message ID="MMI::DriverParameter::SYNTEC::D1-31" Content="侦测到的编码器Pulse数" />
	<Message ID="MMI::DriverParameter::SYNTEC::D1-32" Content="侦测到的马达极数" />
	<Message ID="MMI::DriverParameter::SYNTEC::D1-33" Content="第二回授机械角" />
	<Message ID="MMI::DriverParameter::SYNTEC::D1-34" Content="第二回授INDEX COUNTER" />
	<Message ID="MMI::DriverParameter::SYNTEC::D1-35" Content="主轴速度命令" />
	<Message ID="MMI::DriverParameter::SYNTEC::D1-36" Content="第二速度回授" />
	<Message ID="MMI::DriverParameter::SYNTEC::D1-37" Content="侦测到的第二编码器Pulse数" />
	<Message ID="MMI::DriverParameter::SYNTEC::D1-38" Content="主轴定位参考角度" />
	<Message ID="MMI::DriverParameter::SYNTEC::D1-39" Content="主轴定位完成状态" />
	<Message ID="MMI::DriverParameter::SYNTEC::D1-40" Content="主轴定位错误代码" />
	<Message ID="MMI::DriverParameter::SYNTEC::D1-41" Content="驱动器KTY84感测温度" />
	<Message ID="MMI::DriverParameter::SYNTEC::D1-42" Content="第二串行编码器CRC错误次数(硬件)" />
	<Message ID="MMI::DriverParameter::SYNTEC::D1-43" Content="第二串行编码器CRC错误次数(软件)" />
	<Message ID="MMI::DriverParameter::SYNTEC::D1-44" Content="第一编码器位置回授(双回授模式检测用)" />
	<Message ID="MMI::DriverParameter::SYNTEC::D1-45" Content="内外回授位置误差量(双回授模式检测用)" />
	<Message ID="MMI::DriverParameter::SYNTEC::D1-46" Content="串行编码器命令错误次数" />
	<Message ID="MMI::DriverParameter::SYNTEC::D1-47" Content="串行编码器逾时错误次数" />
	<Message ID="MMI::DriverParameter::SYNTEC::D1-48" Content="第一编码器Z相Index讯号警报" />
	<Message ID="MMI::DriverParameter::SYNTEC::D1-49" Content="第二编码器Z相Index讯号警报" />	
	<Message ID="MMI::DriverParameter::SYNTEC::D1-50" Content="第一回授新代编码器内部KTY84感测温度" />
	<Message ID="MMI::DriverParameter::SYNTEC::D1-51" Content="第一回授新代编码器外部一KTY84感测温度" />
	<Message ID="MMI::DriverParameter::SYNTEC::D1-52" Content="第一回授新代编码器外部二KTY84感测温度" />
	<Message ID="MMI::DriverParameter::SYNTEC::D1-54" Content="第二回授新代编码器内部KTY84感测温度" />
	<Message ID="MMI::DriverParameter::SYNTEC::D1-55" Content="第二回授新代编码器外部一KTY84感测温度" />
	<Message ID="MMI::DriverParameter::SYNTEC::D1-56" Content="第二回授新代编码器外部二KTY84感测温度" />
	<Message ID="MMI::DriverParameter::SYNTEC::D1-58" Content="编码器5V电压侦测" />
	<Message ID="MMI::DriverParameter::SYNTEC::D1-59" Content="第二串行编码器命令错误次数" />
	<Message ID="MMI::DriverParameter::SYNTEC::D1-60" Content="第二串行编码器逾时错误次数" />
	<Message ID="MMI::DriverParameter::SYNTEC::D1-70" Content="侦测到的后级ID" />
	<Message ID="MMI::DriverParameter::SYNTEC::D1-71" Content="位置控制下到达扭力限制" />
	<Message ID="MMI::DriverParameter::SYNTEC::D1-72" Content="弱磁控制起始转速" />
	<Message ID="MMI::DriverParameter::SYNTEC::D1-73" Content="当次开机时间" />
	<Message ID="MMI::DriverParameter::SYNTEC::D1-74" Content="第二位置回授" />

	<Message ID="MMI::DriverParameter::SYNTEC::Fn" Content="辅助功能" />
	<Message ID="MMI::DriverParameter::SYNTEC::Fn-00" Content="辅助功能启动-停止" />
	<Message ID="MMI::DriverParameter::SYNTEC::Fn-01" Content="JOG方向" />
	<Message ID="MMI::DriverParameter::SYNTEC::Fn-02" Content="JOG速度" />
	<Message ID="MMI::DriverParameter::SYNTEC::Fn-03" Content="JOG模式" />
	<Message ID="MMI::DriverParameter::SYNTEC::Fn-04" Content="行程极限1" />
	<Message ID="MMI::DriverParameter::SYNTEC::Fn-05" Content="行程极限2" />
	<Message ID="MMI::DriverParameter::SYNTEC::Fn-06" Content="Fn-06" />
	<Message ID="MMI::DriverParameter::SYNTEC::Fn-07" Content="Fn-07" />
	<Message ID="MMI::DriverParameter::SYNTEC::Fn-08" Content="Fn-08" />
	<Message ID="MMI::DriverParameter::SYNTEC::Fn-09" Content="Fn-09" />
	<Message ID="MMI::DriverParameter::SYNTEC::Fn-10" Content="调机类型" />
	<Message ID="MMI::DriverParameter::SYNTEC::Fn-11" Content="电机调机类型" />
	<Message ID="MMI::DriverParameter::SYNTEC::Fn-12" Content="生产制造调机类型" />
	<Message ID="MMI::DriverParameter::SYNTEC::Fn-13" Content="研发专用调机类型" />
	<Message ID="MMI::DriverParameter::SYNTEC::Fn-18" Content="调机内定增益比" />
	<Message ID="MMI::DriverParameter::SYNTEC::Fn-20" Content="测试功能类型" />
	<Message ID="MMI::DriverParameter::SYNTEC::Fn-21" Content="Fn-21" />
	<Message ID="MMI::DriverParameter::SYNTEC::Fn-22" Content="测试模式扭力命令" />
	<Message ID="MMI::DriverParameter::SYNTEC::Fn-23" Content="测试模式电压命令" />
	<Message ID="MMI::DriverParameter::SYNTEC::Fn-24" Content="测试模式电流命令" />
	<Message ID="MMI::DriverParameter::SYNTEC::Fn-25" Content="测试模式频率" />
	<Message ID="MMI::DriverParameter::SYNTEC::Fn-26" Content="测试模式打开 SINE/COSINE讯号" />
	<Message ID="MMI::DriverParameter::SYNTEC::Fn-27" Content="测试模式电气角命令" />
	<Message ID="MMI::DriverParameter::SYNTEC::Fn-30" Content="参数永久储存" />
	<Message ID="MMI::DriverParameter::SYNTEC::Fn-31" Content="参数存取密码" />
	<Message ID="MMI::DriverParameter::SYNTEC::Fn-32" Content="警报重置" />
	<Message ID="MMI::DriverParameter::SYNTEC::Fn-33" Content="参数回复功能" />
	<Message ID="MMI::DriverParameter::SYNTEC::Fn-34" Content="*编码器位置遗失警报重置" />
	<Message ID="MMI::DriverParameter::SYNTEC::Fn-70" Content="调频起始频率"/>
	<Message ID="MMI::DriverParameter::SYNTEC::Fn-71" Content="调频结束频率"/>
	<Message ID="MMI::DriverParameter::SYNTEC::Fn-72" Content="调频持续时间"/>
	<Message ID="MMI::DriverParameter::SYNTEC::Fn-73" Content="调频讯号增益"/>
	<Message ID="MMI::DriverParameter::SYNTEC::Fn-74" Content="调频启动功能"/>
	<Message ID="MMI::DriverParameter::SYNTEC::Tunning" Content="功能" />
	<Message ID="MMI::DriverParameter::SYNTEC::Tunning-Type" Content="根据机械元件选择驱动类型" />
	
	<!-- ================ SYNTEC_M3 Parameter ===================== -->
	<Message ID="MMI::DriverParameter::SYNTEC_M3::Pn001" Content="紧急警报电机停止方式" />
	<Message ID="MMI::DriverParameter::SYNTEC_M3::Pn002" Content="开启定位完成时扭力限制功能" />
	<Message ID="MMI::DriverParameter::SYNTEC_M3::Pn003" Content="*UART封包协定" />
	<Message ID="MMI::DriverParameter::SYNTEC_M3::Pn010" Content="控制模式" />
	<Message ID="MMI::DriverParameter::SYNTEC_M3::Pn020" Content="上位控制器命令极性" />
	<Message ID="MMI::DriverParameter::SYNTEC_M3::Pn021" Content="*编码器回授方向极性" />
	<Message ID="MMI::DriverParameter::SYNTEC_M3::Pn022" Content="*第二编码器回授方向极性" />
	<Message ID="MMI::DriverParameter::SYNTEC_M3::Pn030" Content="*上位控制器通讯接口" />
	<Message ID="MMI::DriverParameter::SYNTEC_M3::Pn031" Content="*驱动器局号" />
	<Message ID="MMI::DriverParameter::SYNTEC_M3::Pn032" Content="*UART传输速率" />
	<Message ID="MMI::DriverParameter::SYNTEC_M3::Pn034" Content="*UART封包协定" />
	<Message ID="MMI::DriverParameter::SYNTEC_M3::Pn035" Content="轴号" />
	<Message ID="MMI::DriverParameter::SYNTEC_M3::Pn036" Content="电源输入型态(0:三相,1:两相)" />
	<Message ID="MMI::DriverParameter::SYNTEC_M3::Pn100" Content="速度回路增益(0.1Hz)" />
	<Message ID="MMI::DriverParameter::SYNTEC_M3::Pn101" Content="速度回路积分时间常数(0.01ms)" />
	<Message ID="MMI::DriverParameter::SYNTEC_M3::Pn102" Content="位置回路增益(0.1/s)" />
	<Message ID="MMI::DriverParameter::SYNTEC_M3::Pn103" Content="负载惯量比(%)" />
	<Message ID="MMI::DriverParameter::SYNTEC_M3::Pn110" Content="弱磁控制电压准位(%)" />
	<Message ID="MMI::DriverParameter::SYNTEC_M3::Pn111" Content="开启自定义V/f曲线" />
	<Message ID="MMI::DriverParameter::SYNTEC_M3::Pn112" Content="V/f操作曲线第一输出频率(0.1%)" />
	<Message ID="MMI::DriverParameter::SYNTEC_M3::Pn113" Content="V/f操作曲线第一输出电压(0.1%)" />
	<Message ID="MMI::DriverParameter::SYNTEC_M3::Pn114" Content="V/f操作曲线第二输出频率(0.1%)" />
	<Message ID="MMI::DriverParameter::SYNTEC_M3::Pn115" Content="V/f操作曲线第二输出电压(0.1%)" />
	<Message ID="MMI::DriverParameter::SYNTEC_M3::Pn20A" Content="*马达侧齿数" />
	<Message ID="MMI::DriverParameter::SYNTEC_M3::Pn20C" Content="*螺杆侧齿数" />
	<Message ID="MMI::DriverParameter::SYNTEC_M3::Pn212" Content="位置命令分辨率(pulse/rev)" />
	<Message ID="MMI::DriverParameter::SYNTEC_M3::Pn22A" Content="*开启双回授控制模式" />
	<Message ID="MMI::DriverParameter::SYNTEC_M3::Pn22C" Content="双回授位置滤波时间常数(0.01ms)" />
	<Message ID="MMI::DriverParameter::SYNTEC_M3::Pn242" Content="主轴定位零速启动定位方式" />
	<Message ID="MMI::DriverParameter::SYNTEC_M3::Pn304" Content="JOG速度(rpm)" />
	<Message ID="MMI::DriverParameter::SYNTEC_M3::Pn306" Content="最高加速度(ms)" />
	<Message ID="MMI::DriverParameter::SYNTEC_M3::Pn307" Content="最高冲量(JERK)(ms)" />
	<Message ID="MMI::DriverParameter::SYNTEC_M3::Pn308" Content="速度滤波带宽(0.01ms)" />
	<Message ID="MMI::DriverParameter::SYNTEC_M3::Pn330" Content="速度控制模式" />
	<Message ID="MMI::DriverParameter::SYNTEC_M3::Pn331" Content="速度估测器(0:闭;1:开)" />
	<Message ID="MMI::DriverParameter::SYNTEC_M3::Pn332" Content="启动ABZ编码器时间译码功能" />
	<Message ID="MMI::DriverParameter::SYNTEC_M3::Pn333" Content="启动第二ABZ编码器时间译码功能" />
	<Message ID="MMI::DriverParameter::SYNTEC_M3::Pn335" Content="机构耦合型态" />
	<Message ID="MMI::DriverParameter::SYNTEC_M3::Pn401" Content="扭力命令滤波时间常数(0.01ms)" />
	<Message ID="MMI::DriverParameter::SYNTEC_M3::Pn409" Content="第一段Notch Filter频率(Hz)" />
	<Message ID="MMI::DriverParameter::SYNTEC_M3::Pn40A" Content="第一段Notch Filter Q值(0.01)" />
	<Message ID="MMI::DriverParameter::SYNTEC_M3::Pn40B" Content="第一段Notch Filter深度(0.001)" />
	<Message ID="MMI::DriverParameter::SYNTEC_M3::Pn40C" Content="第二段Notch Filter频率(Hz)" />
	<Message ID="MMI::DriverParameter::SYNTEC_M3::Pn40D" Content="第二段Notch Filter Q值(0.01)" />
	<Message ID="MMI::DriverParameter::SYNTEC_M3::Pn40E" Content="第二段Notch Filter深度(0.001)" />
	<Message ID="MMI::DriverParameter::SYNTEC_M3::Pn417" Content="第三段Notch Filter频率(Hz)" />
	<Message ID="MMI::DriverParameter::SYNTEC_M3::Pn418" Content="第三段Notch Filter Q值(0.01)" />
	<Message ID="MMI::DriverParameter::SYNTEC_M3::Pn419" Content="第三段Notch Filter深度(0.001)" />
	<Message ID="MMI::DriverParameter::SYNTEC_M3::Pn423" Content="顿转(cogging)扭矩补" />
	<Message ID="MMI::DriverParameter::SYNTEC_M3::Pn430" Content="扰动补偿功能" />
	<Message ID="MMI::DriverParameter::SYNTEC_M3::Pn440" Content="过转矩1功能" />
	<Message ID="MMI::DriverParameter::SYNTEC_M3::Pn441" Content="过转矩1准位(%)" />
	<Message ID="MMI::DriverParameter::SYNTEC_M3::Pn442" Content="过转矩1检出时间(0.1s)" />
	<Message ID="MMI::DriverParameter::SYNTEC_M3::Pn443" Content="过转矩2功能" />
	<Message ID="MMI::DriverParameter::SYNTEC_M3::Pn444" Content="过转矩2准位(%)" />
	<Message ID="MMI::DriverParameter::SYNTEC_M3::Pn445" Content="过转矩2检出时间(0.1s)" />
	<Message ID="MMI::DriverParameter::SYNTEC_M3::Pn461" Content="第一段Notch Filter开关" />
	<Message ID="MMI::DriverParameter::SYNTEC_M3::Pn462" Content="第二段Notch Filter开关" />
	<Message ID="MMI::DriverParameter::SYNTEC_M3::Pn463" Content="第三段Notch Filter开关" />
	<Message ID="MMI::DriverParameter::SYNTEC_M3::Pn502" Content="零速到达检查窗口范围(0.1rpm)" />
	<Message ID="MMI::DriverParameter::SYNTEC_M3::Pn503" Content="速度到达检查窗口范围(%)" />
	<Message ID="MMI::DriverParameter::SYNTEC_M3::Pn506" Content="伺服关闭延迟时间(10ms)" />
	<Message ID="MMI::DriverParameter::SYNTEC_M3::Pn507" Content="煞车速度准位(rpm)" />
	<Message ID="MMI::DriverParameter::SYNTEC_M3::Pn508" Content="煞车等待时间(10ms)" />
	<Message ID="MMI::DriverParameter::SYNTEC_M3::Pn50A" Content="I0对应功能" />
	<Message ID="MMI::DriverParameter::SYNTEC_M3::Pn50B" Content="I1对应功能" />
	<Message ID="MMI::DriverParameter::SYNTEC_M3::Pn50C" Content="I2对应功能" />
	<Message ID="MMI::DriverParameter::SYNTEC_M3::Pn50D" Content="I3对应功能" />
	<Message ID="MMI::DriverParameter::SYNTEC_M3::Pn50E" Content="O0对应功能" />
	<Message ID="MMI::DriverParameter::SYNTEC_M3::Pn50F" Content="O1对应功能" />
	<Message ID="MMI::DriverParameter::SYNTEC_M3::Pn51A" Content="内外回授位置误差过大检查值(pulse)" />
	<Message ID="MMI::DriverParameter::SYNTEC_M3::Pn51F" Content="关闭Z相警报检查" />
	<Message ID="MMI::DriverParameter::SYNTEC_M3::Pn522" Content="位置检查窗口范围(0.001deg)" />
	<Message ID="MMI::DriverParameter::SYNTEC_M3::Pn640" Content="*电源电压(0.1V)" />	
	<Message ID="MMI::DriverParameter::SYNTEC_M3::Pn641" Content="*最大电压(0.1V)" />	
	<Message ID="MMI::DriverParameter::SYNTEC_M3::Pn642" Content="*PWM频率(Hz)" />
	<Message ID="MMI::DriverParameter::SYNTEC_M3::Pn644" Content="*内部回生电阻奥姆数(Ohm)" />
	<Message ID="MMI::DriverParameter::SYNTEC_M3::Pn645" Content="*内部回生电阻瓦特数(W)" />
	<Message ID="MMI::DriverParameter::SYNTEC_M3::Pn650" Content="*驱动器尖峰电流(0.1A)" />
	<Message ID="MMI::DriverParameter::SYNTEC_M3::Pn651" Content="*驱动器额定电流(0.1A)" />
	<Message ID="MMI::DriverParameter::SYNTEC_M3::Pn652" Content="*驱动器最高电流(0.1%)" />
	<Message ID="MMI::DriverParameter::SYNTEC_M3::Pn653" Content="*死区时间(ns)" />
	<Message ID="MMI::DriverParameter::SYNTEC_M3::Pn654" Content="*PWM输出相序" />
	<Message ID="MMI::DriverParameter::SYNTEC_M3::Pn655" Content="*电流传感器数量" />
	<Message ID="MMI::DriverParameter::SYNTEC_M3::Pn656" Content="*电流感测范围(A)" />
	<Message ID="MMI::DriverParameter::SYNTEC_M3::Pn660" Content="*A相电流Offset(0.01A)" />
	<Message ID="MMI::DriverParameter::SYNTEC_M3::Pn661" Content="*B相电流Offset(0.01A)" />
	<Message ID="MMI::DriverParameter::SYNTEC_M3::Pn662" Content="*C相电流Offset(0.01A)" />
	<Message ID="MMI::DriverParameter::SYNTEC_M3::Pn663" Content="*A相电流Scale(0.001)" />
	<Message ID="MMI::DriverParameter::SYNTEC_M3::Pn664" Content="*B相电流Scale(0.001)" />
	<Message ID="MMI::DriverParameter::SYNTEC_M3::Pn665" Content="*C相电流Scale(0.001)" />
	<Message ID="MMI::DriverParameter::SYNTEC_M3::Pn66E" Content="启动电压补偿功能" />
	<Message ID="MMI::DriverParameter::SYNTEC_M3::Pn66F" Content="*电压补偿等效压降" />
	<Message ID="MMI::DriverParameter::SYNTEC_M3::Pn670" Content="*电压补偿电流命令1" />
	<Message ID="MMI::DriverParameter::SYNTEC_M3::Pn671" Content="*电压补偿电流命令2" />
	<Message ID="MMI::DriverParameter::SYNTEC_M3::Pn672" Content="*电压补偿电流命令3" />
	<Message ID="MMI::DriverParameter::SYNTEC_M3::Pn673" Content="*电压补偿电流命令4" />
	<Message ID="MMI::DriverParameter::SYNTEC_M3::Pn674" Content="*电压补偿电流命令5" />
	<Message ID="MMI::DriverParameter::SYNTEC_M3::Pn675" Content="*电压补偿电流命令6" />
	<Message ID="MMI::DriverParameter::SYNTEC_M3::Pn676" Content="*电压补偿电流命令7" />
	<Message ID="MMI::DriverParameter::SYNTEC_M3::Pn677" Content="*电压补偿电流命令8" />
	<Message ID="MMI::DriverParameter::SYNTEC_M3::Pn678" Content="*电压补偿电流命令9" />
	<Message ID="MMI::DriverParameter::SYNTEC_M3::Pn679" Content="*电压补偿电流命令10" />
	<Message ID="MMI::DriverParameter::SYNTEC_M3::Pn67A" Content="*电压补偿电流命令11" />
	<Message ID="MMI::DriverParameter::SYNTEC_M3::Pn67B" Content="*电压补偿电流命令12" />
	<Message ID="MMI::DriverParameter::SYNTEC_M3::Pn67C" Content="*电压补偿电流命令13" />
	<Message ID="MMI::DriverParameter::SYNTEC_M3::Pn67D" Content="*电压补偿电流命令14" />
	<Message ID="MMI::DriverParameter::SYNTEC_M3::Pn67E" Content="*电压补偿电流命令15" />
	<Message ID="MMI::DriverParameter::SYNTEC_M3::Pn688" Content="*电压补偿时间值1" />
	<Message ID="MMI::DriverParameter::SYNTEC_M3::Pn689" Content="*电压补偿时间值2" />
	<Message ID="MMI::DriverParameter::SYNTEC_M3::Pn68A" Content="*电压补偿时间值3" />
	<Message ID="MMI::DriverParameter::SYNTEC_M3::Pn68B" Content="*电压补偿时间值4" />
	<Message ID="MMI::DriverParameter::SYNTEC_M3::Pn68C" Content="*电压补偿时间值5" />
	<Message ID="MMI::DriverParameter::SYNTEC_M3::Pn68D" Content="*电压补偿时间值6" />
	<Message ID="MMI::DriverParameter::SYNTEC_M3::Pn68E" Content="*电压补偿时间值7" />
	<Message ID="MMI::DriverParameter::SYNTEC_M3::Pn68F" Content="*电压补偿时间值8" />
	<Message ID="MMI::DriverParameter::SYNTEC_M3::Pn690" Content="*电压补偿时间值9" />
	<Message ID="MMI::DriverParameter::SYNTEC_M3::Pn691" Content="*电压补偿时间值10" />
	<Message ID="MMI::DriverParameter::SYNTEC_M3::Pn692" Content="*电压补偿时间值11" />
	<Message ID="MMI::DriverParameter::SYNTEC_M3::Pn693" Content="*电压补偿时间值12" />
	<Message ID="MMI::DriverParameter::SYNTEC_M3::Pn694" Content="*电压补偿时间值13" />
	<Message ID="MMI::DriverParameter::SYNTEC_M3::Pn695" Content="*电压补偿时间值14" />
	<Message ID="MMI::DriverParameter::SYNTEC_M3::Pn696" Content="*电压补偿时间值15" />
	<Message ID="MMI::DriverParameter::SYNTEC_M3::Pn700" Content="*马达型态" />
	<Message ID="MMI::DriverParameter::SYNTEC_M3::Pn701" Content="*马达极数" />
	<Message ID="MMI::DriverParameter::SYNTEC_M3::Pn702" Content="*磁石极对间距(N-N)(0.1mm)" />
	<Message ID="MMI::DriverParameter::SYNTEC_M3::Pn704" Content="电机型号" />
	<Message ID="MMI::DriverParameter::SYNTEC_M3::Pn706" Content="电机序号" />
	<Message ID="MMI::DriverParameter::SYNTEC_M3::Pn708" Content="*马达额定扭矩(0.1N-m)" />
	<Message ID="MMI::DriverParameter::SYNTEC_M3::Pn70A" Content="*马达最大扭矩(0.1%)" />
	<Message ID="MMI::DriverParameter::SYNTEC_M3::Pn70C" Content="*马达额定转速(rpm)" />
	<Message ID="MMI::DriverParameter::SYNTEC_M3::Pn70E" Content="*马达最高转速(rpm)" />
	<Message ID="MMI::DriverParameter::SYNTEC_M3::Pn710" Content="*马达额定电流(0.1A)" />
	<Message ID="MMI::DriverParameter::SYNTEC_M3::Pn712" Content="*感应电机额定电压(0.1V)" />
	<Message ID="MMI::DriverParameter::SYNTEC_M3::Pn714" Content="*电机激磁轴感抗(0.001mH)" />
	<Message ID="MMI::DriverParameter::SYNTEC_M3::Pn716" Content="*电机扭力轴感抗(0.001mH)" />
	<Message ID="MMI::DriverParameter::SYNTEC_M3::Pn718" Content="*电机阻抗(0.001Ohm)" />
	<Message ID="MMI::DriverParameter::SYNTEC_M3::Pn71A" Content="*感应电机漏感比(0.1%)" />
	<Message ID="MMI::DriverParameter::SYNTEC_M3::Pn71C" Content="*感应电机激磁电流(0.1%)" />
	<Message ID="MMI::DriverParameter::SYNTEC_M3::Pn71E" Content="*感应电机转子时间常数(0.1ms)" />
	<Message ID="MMI::DriverParameter::SYNTEC_M3::Pn720" Content="*转子惯量(g-cm2)" />
	<Message ID="MMI::DriverParameter::SYNTEC_M3::Pn722" Content="*机械常数(0.01ms)" />
	<Message ID="MMI::DriverParameter::SYNTEC_M3::Pn724" Content="*编码器转子补正量(0.001deg)" />
	<Message ID="MMI::DriverParameter::SYNTEC_M3::Pn726" Content="*电流回路增益(0.1Hz)" />
	<Message ID="MMI::DriverParameter::SYNTEC_M3::Pn728" Content="*电流回路积分时间常数(0.01ms)" />
	<Message ID="MMI::DriverParameter::SYNTEC_M3::Pn72A" Content="*过负载150%的运转时间(s)" />
	<Message ID="MMI::DriverParameter::SYNTEC_M3::Pn740" Content="*开启驱动器KTY84过温保护功能" />
	<Message ID="MMI::DriverParameter::SYNTEC_M3::Pn741" Content="驱动器KTY84过温度保护准位" />
	<Message ID="MMI::DriverParameter::SYNTEC_M3::Pn742" Content="第一编码器内部KTY84过温保护准位(℃)" />
	<Message ID="MMI::DriverParameter::SYNTEC_M3::Pn743" Content="第一编码器外部一KTY84过温保护准位(℃)" />
	<Message ID="MMI::DriverParameter::SYNTEC_M3::Pn744" Content="第一编码器外部二KTY84过温保护准位(℃)" />
	<Message ID="MMI::DriverParameter::SYNTEC_M3::Pn745" Content="第二编码器内部KTY84过温保护准位(℃)" />
	<Message ID="MMI::DriverParameter::SYNTEC_M3::Pn746" Content="第二编码器外部一KTY84过温保护准位(℃)" />
	<Message ID="MMI::DriverParameter::SYNTEC_M3::Pn747" Content="第二编码器外部二KTY84过温保护准位(℃)" />
	<Message ID="MMI::DriverParameter::SYNTEC_M3::Pn800" Content="关闭Mechatrolink同步警报检查" />
	<Message ID="MMI::DriverParameter::SYNTEC_M3::Pn801" Content="编码器过Index前增益比例" />
	<Message ID="MMI::DriverParameter::SYNTEC_M3::Pn802" Content="*启动PWM输出频率减半功能" />
	<Message ID="MMI::DriverParameter::SYNTEC_M3::Pn900" Content="*编码器通讯接口型态" />
	<Message ID="MMI::DriverParameter::SYNTEC_M3::Pn901" Content="*编码器接口号码" />
	<Message ID="MMI::DriverParameter::SYNTEC_M3::Pn902" Content="*编码器分辨率(pulse/rev)" />
	<Message ID="MMI::DriverParameter::SYNTEC_M3::Pn904" Content="*编码器增量/绝对型态" />
	<Message ID="MMI::DriverParameter::SYNTEC_M3::Pn905" Content="编码器SIN准位偏移量" />
	<Message ID="MMI::DriverParameter::SYNTEC_M3::Pn906" Content="编码器COS准位偏移量" />
	<Message ID="MMI::DriverParameter::SYNTEC_M3::Pn907" Content="编码器SIN振幅补正量" />
	<Message ID="MMI::DriverParameter::SYNTEC_M3::Pn908" Content="编码器COS振幅补正量" />
	<Message ID="MMI::DriverParameter::SYNTEC_M3::Pn909" Content="编码器正余弦相位角(0.01deg)" />
	<Message ID="MMI::DriverParameter::SYNTEC_M3::Pn90A" Content="编码器极数" />
	<Message ID="MMI::DriverParameter::SYNTEC_M3::Pn90B" Content="编码器节距补偿点数" />
	<Message ID="MMI::DriverParameter::SYNTEC_M3::Pn90C" Content="编码器参数储存保护" />
	<Message ID="MMI::DriverParameter::SYNTEC_M3::Pn90D" Content="编码器感测版型态" />
	<Message ID="MMI::DriverParameter::SYNTEC_M3::Pn90E" Content="编码器失效次数" />
	<Message ID="MMI::DriverParameter::SYNTEC_M3::Pn90F" Content="*编码器Zindex位置" />
	<Message ID="MMI::DriverParameter::SYNTEC_M3::Pn920" Content="*第二编码器通讯接口型态" />
	<Message ID="MMI::DriverParameter::SYNTEC_M3::Pn921" Content="*第二编码器接口号码" />
	<Message ID="MMI::DriverParameter::SYNTEC_M3::Pn922" Content="*第二编码器分辨率(pulse/rev)" />
	<Message ID="MMI::DriverParameter::SYNTEC_M3::Pn924" Content="*第二编码器增量/绝对型态" />
	<Message ID="MMI::DriverParameter::SYNTEC_M3::Pn925" Content="第二编码器SIN准位偏移量" />
	<Message ID="MMI::DriverParameter::SYNTEC_M3::Pn926" Content="第二编码器COS准位偏移量" />
	<Message ID="MMI::DriverParameter::SYNTEC_M3::Pn927" Content="第二编码器SIN振幅补正量" />
	<Message ID="MMI::DriverParameter::SYNTEC_M3::Pn928" Content="第二编码器COS振幅补正量" />
	<Message ID="MMI::DriverParameter::SYNTEC_M3::Pn929" Content="第二编码器正余弦相位角(0.01deg)" />
	<Message ID="MMI::DriverParameter::SYNTEC_M3::Pn92A" Content="*第二编码器极数" />
	<Message ID="MMI::DriverParameter::SYNTEC_M3::Pn92B" Content="第二编码器节距补偿个数" />
	<Message ID="MMI::DriverParameter::SYNTEC_M3::Pn92C" Content="第二编码器参数储存保护" />
	<Message ID="MMI::DriverParameter::SYNTEC_M3::Pn92D" Content="第二编码器感测版型态" />
	<Message ID="MMI::DriverParameter::SYNTEC_M3::Pn92E" Content="第二编码器失效次数" />
	<Message ID="MMI::DriverParameter::SYNTEC_M3::Pn92F" Content="*第二编码器Zindex位置" />
	<Message ID="MMI::DriverParameter::SYNTEC_M3::PnD00" Content="驱动器版本号码" />
	<Message ID="MMI::DriverParameter::SYNTEC_M3::PnD01" Content="驱动器版本日期" />
	<Message ID="MMI::DriverParameter::SYNTEC_M3::PnD02" Content="驱动器版本序号" />
	<Message ID="MMI::DriverParameter::SYNTEC_M3::PnD03" Content="驱动器前级硬件版本" />
	<Message ID="MMI::DriverParameter::SYNTEC_M3::PnD05" Content="编码器版本号码" />
	<Message ID="MMI::DriverParameter::SYNTEC_M3::PnD06" Content="编码器软件种类" />
	<Message ID="MMI::DriverParameter::SYNTEC_M3::PnD07" Content="第二编码器版本号码" />
	<Message ID="MMI::DriverParameter::SYNTEC_M3::PnD08" Content="第二编码器软件种类" />
	<Message ID="MMI::DriverParameter::SYNTEC_M3::PnD09" Content="第一编码器硬件版本" />
	<Message ID="MMI::DriverParameter::SYNTEC_M3::PnD10" Content="第二编码器硬件版本" />	
	<Message ID="MMI::DriverParameter::SYNTEC_M3::PnF00" Content="参数存取密码" />
	<Message ID="MMI::DriverParameter::SYNTEC_M3::PnF01" Content="O点软件触发" />
	<Message ID="MMI::DriverParameter::SYNTEC_M3::PnF10" Content="辅助功能启动/停止" />
	<Message ID="MMI::DriverParameter::SYNTEC_M3::PnF11" Content="JOG方向" />
	<Message ID="MMI::DriverParameter::SYNTEC_M3::PnF13" Content="JOG模式" />
	<Message ID="MMI::DriverParameter::SYNTEC_M3::PnF14" Content="行程极限1" />
	<Message ID="MMI::DriverParameter::SYNTEC_M3::PnF16" Content="行程极限2" />
	<Message ID="MMI::DriverParameter::SYNTEC_M3::PnF20" Content="调机类型" />
	<Message ID="MMI::DriverParameter::SYNTEC_M3::PnF21" Content="电机调机类型" />
	<Message ID="MMI::DriverParameter::SYNTEC_M3::PnF22" Content="生产制造调机类型" />
	<Message ID="MMI::DriverParameter::SYNTEC_M3::PnF23" Content="研发专用调机类型" />
	<Message ID="MMI::DriverParameter::SYNTEC_M3::PnF2D" Content="调机内定增益比(%)" />
	<Message ID="MMI::DriverParameter::SYNTEC_M3::PnF30" Content="测试功能类型" />
	<Message ID="MMI::DriverParameter::SYNTEC_M3::PnF32" Content="测试模式扭力命令(%)" />
	<Message ID="MMI::DriverParameter::SYNTEC_M3::PnF33" Content="测试模式电压命令(%)" />
	<Message ID="MMI::DriverParameter::SYNTEC_M3::PnF34" Content="测试模式电流命令(%)" />
	<Message ID="MMI::DriverParameter::SYNTEC_M3::PnF35" Content="测试模式频率(%)" />
	<Message ID="MMI::DriverParameter::SYNTEC_M3::PnF36" Content="测试模式打开SIN/COS讯号" />
	<Message ID="MMI::DriverParameter::SYNTEC_M3::PnF40" Content="参数永久储存" />
	<Message ID="MMI::DriverParameter::SYNTEC_M3::PnF42" Content="警报重置" />
	<Message ID="MMI::DriverParameter::SYNTEC_M3::PnF43" Content="参数回复功能" />
	<Message ID="MMI::DriverParameter::SYNTEC_M3::PnF44" Content="*编码器位置遗失警报重置" />
	<Message ID="MMI::DriverParameter::SYNTEC_M3::PnF70" Content="调频起始频率" />
	<Message ID="MMI::DriverParameter::SYNTEC_M3::PnF71" Content="调频結束频率" />
	<Message ID="MMI::DriverParameter::SYNTEC_M3::PnF72" Content="调频持续时间" />
	<Message ID="MMI::DriverParameter::SYNTEC_M3::PnF73" Content="调频讯号增益" />
	<Message ID="MMI::DriverParameter::SYNTEC_M3::PnF74" Content="调频启动功能" />
</ResMap>
