<?xml version="1.0" encoding="utf-8"?>
<ResMap>
	<!-- FenuBar -->
	<Message ID="Fenu::MCodeGroupTable::MCodeGroupSetting" Content="M碼分組&#x0D;設定" />
	<Message ID="Fenu::MCodeGroupTable::Save" Content="儲存變更" />
	<Message ID="Fenu::MCodeGroupTable::ClearFocusGroupMCode" Content="清除組別&#x0D;M碼" />
	<Message ID="Fenu::MCodeGroupTable::ClearAllMCode" Content="清除所有&#x0D;M碼" />
	<!-- Screen -->
	<Message ID="MMI::MCodeGroupTable::Warning" Content="警告" />
	<Message ID="MMI::MCodeGroupTable::Hint" Content="提示" />
	<Message ID="MMI::MCodeGroupTable::ErrNumberOnly" Content="輸入值不合法!" />
	<Message ID="MMI::MCodeGroupTable::ErrInvalidRange" Content="輸入值超過範圍(0-9999)!" />
	<Message ID="MMI::MCodeGroupTable::ClearAllMCode" Content="是否清除所有M碼?" />
	<Message ID="MMI::MCodeGroupTable::ClearGroupNo" Content="是否清除 [組別 " />
	<Message ID="MMI::MCodeGroupTable::MCode" Content="] 的M碼?" />
	<Message ID="MMI::MCodeGroupTable::SaveFail" Content="儲存失敗!" />
	<Message ID="MMI::MCodeGroupTable::SaveSuccess" Content="儲存成功!" />
	<!-- Browser -->
	<Message ID="Browser::MCodeGroupTable::Title" Content="斷刀點回歸 M碼 分組" />
	<Message ID="Browser::MCodeGroupTable::RuleTitle" Content="規則:" />
	<Message ID="Browser::MCodeGroupTable::Rule1" Content="1. 分類在同一組的M碼，控制器只會紀錄掃描後的最後一個" />
	<Message ID="Browser::MCodeGroupTable::Rule2" Content="2. 只需將M碼後的數字填入即可，輸入範圍 [ 0 - 9999 ]" />
	<Message ID="Browser::MCodeGroupTable::Rule3" Content="3. 僅支援「Pr3851 = 999900」時使用" />
	<Message ID="Browser::MCodeGroupTable::Group" Content="組別" />
	<Message ID="Browser::MCodeGroupTable::MCode" Content="M 碼" />
</ResMap>
