﻿<?xml version="1.0" encoding="UTF-8"?>
<!--Created by 'eHMI'version2.2.24-->
<!--BROWSER SIZE|H:600|W:800-->
<Screen>
  <Name>MonGData</Name>
  <Panel>
    <Left>0</Left>
    <Top>0</Top>
    <Width>375</Width>
    <Height>245</Height>
    <Name>Pan_GStatus</Name>
    <BorderStyle>0</BorderStyle>
    <BackColor>255,255,255</BackColor>
    <Caption>
    </Caption>
    <Depth>38</Depth>
  </Panel>
  <Panel>
    <Left>0</Left>
    <Top>0</Top>
    <Width>373</Width>
    <Height>243</Height>
    <Name>Pan_SpindleInfo</Name>
    <BorderStyle>0</BorderStyle>
    <BackColor>0,0,0</BackColor>
    <Caption>
    </Caption>
    <Depth>37</Depth>
  </Panel>
  <Label>
    <Left>260</Left>
    <Top>50</Top>
    <Height>25</Height>
    <Width>30</Width>
    <Name>Lab_SpdOverrideStatus1</Name> 
    <FontSize>12</FontSize>
    <Alignment>1</Alignment>
    <ForeColor>255,255,255</ForeColor>
    <BackColor>0,0,0</BackColor>
    <Caption>
    </Caption>
  </Label>
  <Label>
    <Left>60</Left>
    <Top>50</Top>
    <Height>25</Height>
    <Width>35</Width>
    <Name>Lab_SpindleNo1</Name>
    <FontSize>17</FontSize>
    <Alignment>0</Alignment>
    <ForeColor>0,255,0</ForeColor>
    <BackColor>0,0,0</BackColor>
    <Caption>S1</Caption>
    <Wrap>True</Wrap>
    <Depth>35</Depth>
  </Label>
  <Label>
    <Left>210</Left>
    <Top>50</Top>
    <Height>24</Height>
    <Width>30</Width>
    <Name>Lab_RPM</Name>
    <FontSize>8</FontSize>
    <Alignment>0</Alignment>
    <ForeColor>0,255,0</ForeColor>
    <BackColor>0,0,0</BackColor>
    <Caption>RPM</Caption>
    <Wrap>True</Wrap>
    <Depth>34</Depth>
  </Label>
  <Label>
    <Left>60</Left>
    <Top>80</Top>
    <Height>25</Height>
    <Width>35</Width>
    <Name>Lab_SpindleNo2</Name>
    <FontSize>17</FontSize>
    <Alignment>0</Alignment>
    <ForeColor>0,255,0</ForeColor>
    <BackColor>0,0,0</BackColor>
    <Caption>S2</Caption>
    <Wrap>True</Wrap>
    <Depth>30</Depth>
  </Label>
  <Label>
    <Left>210</Left>
    <Top>80</Top>
    <Height>24</Height>
    <Width>30</Width>
    <Name>Lab_RPM</Name>
    <FontSize>8</FontSize>
    <Alignment>0</Alignment>
    <ForeColor>0,255,0</ForeColor>
    <BackColor>0,0,0</BackColor>
    <Caption>RPM</Caption>
    <Wrap>True</Wrap>
    <Depth>29</Depth>
  </Label>
  <Label>
    <Left>60</Left>
    <Top>110</Top>
    <Height>25</Height>
    <Width>35</Width>
    <Name>Lab_SpindleNo3</Name>
    <FontSize>17</FontSize>
    <Alignment>0</Alignment>
    <ForeColor>0,255,0</ForeColor>
    <BackColor>0,0,0</BackColor>
    <Caption>S3</Caption>
    <Wrap>True</Wrap>
    <Depth>25</Depth>
  </Label>
  <Label>
    <Left>210</Left>
    <Top>110</Top>
    <Height>24</Height>
    <Width>30</Width>
    <Name>Lab_RPM</Name>
    <FontSize>8</FontSize>
    <Alignment>0</Alignment>
    <ForeColor>0,255,0</ForeColor>
    <BackColor>0,0,0</BackColor>
    <Caption>RPM</Caption>
    <Wrap>True</Wrap>
    <Depth>24</Depth>
  </Label>
  <Label>
    <Left>60</Left>
    <Top>140</Top>
    <Height>25</Height>
    <Width>35</Width>
    <Name>Lab_SpindleNo4</Name>
    <FontSize>17</FontSize>
    <Alignment>0</Alignment>
    <ForeColor>0,255,0</ForeColor>
    <BackColor>0,0,0</BackColor>
    <Caption>S4</Caption>
    <Wrap>True</Wrap>
    <Depth>20</Depth>
  </Label>
  <Label>
    <Left>210</Left>
    <Top>140</Top>
    <Height>24</Height>
    <Width>30</Width>
    <Name>Lab_RPM</Name>
    <FontSize>8</FontSize>
    <Alignment>0</Alignment>
    <ForeColor>0,255,0</ForeColor>
    <BackColor>0,0,0</BackColor>
    <Caption>RPM</Caption>
    <Wrap>True</Wrap>
    <Depth>19</Depth>
  </Label>
  <Label>
    <Left>60</Left>
    <Top>170</Top>
    <Height>25</Height>
    <Width>35</Width>
    <Name>Lab_SpindleNo5</Name>
    <FontSize>17</FontSize>
    <Alignment>0</Alignment>
    <ForeColor>0,255,0</ForeColor>
    <BackColor>0,0,0</BackColor>
    <Caption>S5</Caption>
    <Wrap>True</Wrap>
    <Depth>15</Depth>
  </Label>
  <Label>
    <Left>210</Left>
    <Top>170</Top>
    <Height>24</Height>
    <Width>30</Width>
    <Name>Lab_RPM</Name>
    <FontSize>8</FontSize>
    <Alignment>0</Alignment>
    <ForeColor>0,255,0</ForeColor>
    <BackColor>0,0,0</BackColor>
    <Caption>RPM</Caption>
    <Wrap>True</Wrap>
    <Depth>14</Depth>
  </Label>
  <Label>
    <Left>60</Left>
    <Top>200</Top>
    <Height>25</Height>
    <Width>35</Width>
    <Name>Lab_SpindleNo6</Name>
    <FontSize>17</FontSize>
    <Alignment>0</Alignment>
    <ForeColor>0,255,0</ForeColor>
    <BackColor>0,0,0</BackColor>
    <Caption>S6</Caption>
    <Wrap>True</Wrap>
    <Depth>10</Depth>
  </Label>
  <Label>
    <Left>210</Left>
    <Top>200</Top>
    <Height>24</Height>
    <Width>30</Width>
    <Name>Lab_RPM</Name>
    <FontSize>8</FontSize>
    <Alignment>0</Alignment>
    <ForeColor>0,255,0</ForeColor>
    <BackColor>0,0,0</BackColor>
    <Caption>RPM</Caption>
    <Wrap>True</Wrap>
    <Depth>9</Depth>
  </Label>
  <Display>
    <Left>135</Left>
    <Top>80</Top>
    <Height>25</Height>
    <Width>65</Width>
    <Name>Dis_SpindleSpeed</Name>
    <FontSize>14</FontSize>
    <Alignment>1</Alignment>
    <ForeColor>255,255,255</ForeColor>
    <BackColor>0,0,0</BackColor>
    <DisplaySource>R772</DisplaySource>
    <Depth>4</Depth>
  </Display>
  <Display>
    <Left>135</Left>
    <Top>110</Top>
    <Height>25</Height>
    <Width>65</Width>
    <Name>Dis_SpindleSpeed</Name>
    <FontSize>14</FontSize>
    <Alignment>1</Alignment>
    <ForeColor>255,255,255</ForeColor>
    <BackColor>0,0,0</BackColor>
    <DisplaySource>R773</DisplaySource>
    <Depth>3</Depth>
  </Display>
  <Display>
    <Left>135</Left>
    <Top>140</Top>
    <Height>25</Height>
    <Width>65</Width>
    <Name>Dis_SpindleSpeed</Name>
    <FontSize>14</FontSize>
    <Alignment>1</Alignment>
    <ForeColor>255,255,255</ForeColor>
    <BackColor>0,0,0</BackColor>
    <DisplaySource>R774</DisplaySource>
    <Depth>2</Depth>
  </Display>
  <Display>
    <Left>135</Left>
    <Top>170</Top>
    <Height>25</Height>
    <Width>65</Width>
    <Name>Dis_SpindleSpeed</Name>
    <FontSize>14</FontSize>
    <Alignment>1</Alignment>
    <ForeColor>255,255,255</ForeColor>
    <BackColor>0,0,0</BackColor>
    <DisplaySource>R775</DisplaySource>
    <Depth>1</Depth>
  </Display>
  <Display>
    <Left>135</Left>
    <Top>200</Top>
    <Height>25</Height>
    <Width>65</Width>
    <Name>Dis_SpindleSpeed</Name>
    <FontSize>14</FontSize>
    <Alignment>1</Alignment>
    <ForeColor>255,255,255</ForeColor>
    <BackColor>0,0,0</BackColor>
    <DisplaySource>R776</DisplaySource>
    <Depth>0</Depth>
  </Display>
  <Label>
    <Left>135</Left>
    <Top>10</Top>
    <Height>35</Height>
    <Width>60</Width>
    <Name>Label_SpindleSpeed</Name>
    <FontSize>14</FontSize>
    <ForeColor>0,255,0</ForeColor>
    <BackColor>0,0,0</BackColor>
    <Caption>STR::Browser::MonGData::Caption::Label_SpindleSpeed::SpindleSpeed</Caption>
  </Label>
  <Label>
    <Left>260</Left>
    <Top>10</Top>
    <Height>35</Height>
    <Width>60</Width>
    <Name>Label_SpindleOverride</Name>
    <FontSize>14</FontSize>
    <ForeColor>0,255,0</ForeColor>
    <BackColor>0,0,0</BackColor>
    <Caption>STR::Browser::MonGData::Caption::Label_SpindleOverride::SpindleOverride</Caption>
  </Label>
  <Label>
    <Left>260</Left>
    <Top>80</Top>
    <Height>25</Height>
    <Width>30</Width>
    <Name>Lab_SpdOverrideStatus2</Name>
    <FontSize>12</FontSize>
    <Alignment>1</Alignment>
    <ForeColor>255,255,255</ForeColor>
    <BackColor>0,0,0</BackColor>
    <Caption>
    </Caption>
  </Label>
  <Label>
    <Left>260</Left>
    <Top>110</Top>
    <Height>25</Height>
    <Width>30</Width>
    <Name>Lab_SpdOverrideStatus3</Name>
    <FontSize>12</FontSize>
    <Alignment>1</Alignment>
    <ForeColor>255,255,255</ForeColor>
    <BackColor>0,0,0</BackColor>
    <Caption>
    </Caption>
  </Label>
  <Label>
    <Left>260</Left>
    <Top>140</Top>
    <Height>25</Height>
    <Width>30</Width>
    <Name>Lab_SpdOverrideStatus4</Name>
    <FontSize>12</FontSize>
    <Alignment>1</Alignment>
    <ForeColor>255,255,255</ForeColor>
    <BackColor>0,0,0</BackColor>
    <Caption>
    </Caption>
  </Label>
  <Label>
    <Left>260</Left>
    <Top>170</Top>
    <Height>25</Height>
    <Width>30</Width>
    <Name>Lab_SpdOverrideStatus5</Name>
    <FontSize>12</FontSize>
    <Alignment>1</Alignment>
    <ForeColor>255,255,255</ForeColor>
    <BackColor>0,0,0</BackColor>
    <Caption>
    </Caption>
  </Label>
  <Label>
    <Left>260</Left>
    <Top>200</Top>
    <Height>25</Height>
    <Width>30</Width>
    <Name>Lab_SpdOverrideStatus6</Name>
    <FontSize>12</FontSize>
    <Alignment>1</Alignment>
    <ForeColor>255,255,255</ForeColor>
    <BackColor>0,0,0</BackColor>
    <Caption>
    </Caption>
  </Label>
  <Label>
    <Left>295</Left>
    <Top>50</Top>
    <Height>25</Height>
    <Width>20</Width>
    <Name>Lab_Percent</Name>
    <FontSize>12</FontSize>
    <Alignment>0</Alignment>
    <ForeColor>0,255,0</ForeColor>
    <BackColor>0,0,0</BackColor>
    <Caption>%</Caption>
    <Wrap>True</Wrap>
    <Depth>33</Depth>
  </Label>
  <Label>
    <Left>295</Left>
    <Top>80</Top>
    <Height>25</Height>
    <Width>20</Width>
    <Name>Lab_Percent</Name>
    <FontSize>12</FontSize>
    <Alignment>0</Alignment>
    <ForeColor>0,255,0</ForeColor>
    <BackColor>0,0,0</BackColor>
    <Caption>%</Caption>
    <Wrap>True</Wrap>
    <Depth>28</Depth>
  </Label>
  <Label>
    <Left>295</Left>
    <Top>110</Top>
    <Height>25</Height>
    <Width>20</Width>
    <Name>Lab_Percent</Name>
    <FontSize>12</FontSize>
    <Alignment>0</Alignment>
    <ForeColor>0,255,0</ForeColor>
    <BackColor>0,0,0</BackColor>
    <Caption>%</Caption>
    <Wrap>True</Wrap>
    <Depth>23</Depth>
  </Label>
  <Label>
    <Left>295</Left>
    <Top>140</Top>
    <Height>25</Height>
    <Width>20</Width>
    <Name>Lab_Percent</Name>
    <FontSize>12</FontSize>
    <Alignment>0</Alignment>
    <ForeColor>0,255,0</ForeColor>
    <BackColor>0,0,0</BackColor>
    <Caption>%</Caption>
    <Wrap>True</Wrap>
    <Depth>18</Depth>
  </Label>
  <Label>
    <Left>295</Left>
    <Top>170</Top>
    <Height>25</Height>
    <Width>20</Width>
    <Name>Lab_Percent</Name>
    <FontSize>12</FontSize>
    <Alignment>0</Alignment>
    <ForeColor>0,255,0</ForeColor>
    <BackColor>0,0,0</BackColor>
    <Caption>%</Caption>
    <Wrap>True</Wrap>
    <Depth>13</Depth>
  </Label>
  <Label>
    <Left>295</Left>
    <Top>200</Top>
    <Height>25</Height>
    <Width>20</Width>
    <Name>Lab_Percent</Name>
    <FontSize>12</FontSize>
    <Alignment>0</Alignment>
    <ForeColor>0,255,0</ForeColor>
    <BackColor>0,0,0</BackColor>
    <Caption>%</Caption>
    <Wrap>True</Wrap>
    <Depth>8</Depth>
  </Label>
  <Display>
    <Left>135</Left>
    <Top>50</Top>
    <Height>25</Height>
    <Width>65</Width>
    <Name>Dis_SpindleSpeed</Name>
    <FontSize>14</FontSize>
    <Alignment>1</Alignment>
    <ForeColor>255,255,255</ForeColor>
    <BackColor>0,0,0</BackColor>
    <DisplaySource>R771</DisplaySource>
    <Depth>5</Depth>
  </Display>
</Screen>