﻿<?xml version="1.0" encoding="UTF-8"?>
<Screen>
	<Name>TableIOCSA</Name>
	<Panel>
		<Name>Panel_TableIOCSA</Name>
		<Left>0</Left>
		<Top>0</Top>
		<Width>800</Width>
		<Height>470</Height>
		<ForeColor>0,255,0</ForeColor>
		<BackColor>0,0,0</BackColor>
	</Panel>
	<Label>
		<Caption>Bits Data</Caption>
		<Name>lbl_TableTitle</Name>
		<Left>40</Left>
		<Top>20</Top>
		<Width>100</Width>
		<Height>25</Height>
		<Alignment>0</Alignment>
		<FontSize>15</FontSize>
		<BorderStyle>0</BorderStyle>
		<ForeColor>0,255,0</ForeColor>
		<BackColor>0,0,0</BackColor>
	</Label>
	<Label>
		<Name>lbl_GrdTitle</Name>
		<Caption></Caption>
		<Left>35</Left>
		<Top>48</Top>
		<Height>25</Height>
		<Width>30</Width>
		<Alignment>2</Alignment>
		<FontSize>12</FontSize>
		<BorderStyle>0</BorderStyle>
		<ForeColor>0,255,0</ForeColor>
		<BackColor>0,0,0</BackColor>
		<BorderColor>128,128,128</BorderColor>
		<Visible>True</Visible>
	</Label>
	<Label>
		<Name>lbl_GrdTitle1</Name>
		<Caption>0</Caption>
		<Left>65</Left>
		<Top>48</Top>
		<Height>25</Height>
		<Width>35</Width>
		<Alignment>2</Alignment>
		<FontSize>12</FontSize>
		<BorderStyle>0</BorderStyle>
		<ForeColor>0,255,0</ForeColor>
		<BackColor>0,0,0</BackColor>
		<BorderColor>128,128,128</BorderColor>
		<Visible>True</Visible>
	</Label>
	<Label>
		<Name>lbl_GrdTitle2</Name>
		<Caption>1</Caption>
		<Left>100</Left>
		<Top>48</Top>
		<Height>25</Height>
		<Width>35</Width>
		<Alignment>2</Alignment>
		<FontSize>12</FontSize>
		<BorderStyle>0</BorderStyle>
		<ForeColor>0,255,0</ForeColor>
		<BackColor>0,0,0</BackColor>
		<Visible>True</Visible>
	</Label>
	<Label>
		<Name>lbl_GrdTitle3</Name>
		<Caption>2</Caption>
		<Left>135</Left>
		<Top>48</Top>
		<Height>25</Height>
		<Width>35</Width>
		<Alignment>2</Alignment>
		<FontSize>12</FontSize>
		<BorderStyle>0</BorderStyle>
		<ForeColor>0,255,0</ForeColor>
		<BackColor>0,0,0</BackColor>
		<Visible>True</Visible>
	</Label>
	<Label>
		<Name>lbl_GrdTitle4</Name>
		<Caption>3</Caption>
		<Left>170</Left>
		<Top>48</Top>
		<Height>25</Height>
		<Width>35</Width>
		<Alignment>2</Alignment>
		<FontSize>12</FontSize>
		<BorderStyle>0</BorderStyle>
		<ForeColor>0,255,0</ForeColor>
		<BackColor>0,0,0</BackColor>
		<Visible>True</Visible>
	</Label>
	<Label>
		<Name>lbl_GrdTitle5</Name>
		<Caption>4</Caption>
		<Left>205</Left>
		<Top>48</Top>
		<Height>25</Height>
		<Width>35</Width>
		<Alignment>2</Alignment>
		<FontSize>12</FontSize>
		<BorderStyle>0</BorderStyle>
		<ForeColor>0,255,0</ForeColor>
		<BackColor>0,0,0</BackColor>
		<Visible>True</Visible>
	</Label>
	<Label>
		<Name>lbl_GrdTitle6</Name>
		<Caption>5</Caption>
		<Left>240</Left>
		<Top>48</Top>
		<Height>25</Height>
		<Width>35</Width>
		<Alignment>2</Alignment>
		<FontSize>12</FontSize>
		<BorderStyle>0</BorderStyle>
		<ForeColor>0,255,0</ForeColor>
		<BackColor>0,0,0</BackColor>
		<Visible>True</Visible>
	</Label>
	<Label>
		<Name>lbl_GrdTitle7</Name>
		<Caption>6</Caption>
		<Left>275</Left>
		<Top>48</Top>
		<Height>25</Height>
		<Width>35</Width>
		<Alignment>2</Alignment>
		<FontSize>12</FontSize>
		<BorderStyle>0</BorderStyle>
		<ForeColor>0,255,0</ForeColor>
		<BackColor>0,0,0</BackColor>
		<Visible>True</Visible>
	</Label>
	<Label>
		<Name>lbl_GrdTitle8</Name>
		<Caption>7</Caption>
		<Left>310</Left>
		<Top>48</Top>
		<Height>25</Height>
		<Width>35</Width>
		<Alignment>2</Alignment>
		<FontSize>12</FontSize>
		<BorderStyle>0</BorderStyle>
		<ForeColor>0,255,0</ForeColor>
		<BackColor>0,0,0</BackColor>
		<Visible>True</Visible>
	</Label>
	<Label>
		<Name>lbl_GrdTitle9</Name>
		<Caption>8</Caption>
		<Left>345</Left>
		<Top>48</Top>
		<Height>25</Height>
		<Width>35</Width>
		<Alignment>2</Alignment>
		<FontSize>12</FontSize>
		<BorderStyle>0</BorderStyle>
		<ForeColor>0,255,0</ForeColor>
		<BackColor>0,0,0</BackColor>
		<Visible>True</Visible>
	</Label>
	<Label>
		<Name>lbl_GrdTitle10</Name>
		<Caption>9</Caption>
		<Left>380</Left>
		<Top>48</Top>
		<Height>25</Height>
		<Width>35</Width>
		<Alignment>2</Alignment>
		<FontSize>12</FontSize>
		<BorderStyle>0</BorderStyle>
		<ForeColor>0,255,0</ForeColor>
		<BackColor>0,0,0</BackColor>
		<Visible>True</Visible>
	</Label>
	<Label>
		<Name>lbl_GrdTitle11</Name>
		<Caption>10</Caption>
		<Left>415</Left>
		<Top>48</Top>
		<Height>25</Height>
		<Width>35</Width>
		<Alignment>2</Alignment>
		<FontSize>12</FontSize>
		<BorderStyle>0</BorderStyle>
		<ForeColor>0,255,0</ForeColor>
		<BackColor>0,0,0</BackColor>
		<Visible>True</Visible>
	</Label>
	<Label>
		<Name>lbl_GrdTitle12</Name>
		<Caption>11</Caption>
		<Left>450</Left>
		<Top>48</Top>
		<Height>25</Height>
		<Width>35</Width>
		<Alignment>2</Alignment>
		<FontSize>12</FontSize>
		<BorderStyle>0</BorderStyle>
		<ForeColor>0,255,0</ForeColor>
		<BackColor>0,0,0</BackColor>
		<Visible>True</Visible>
	</Label>
	<Label>
		<Name>lbl_GrdTitle13</Name>
		<Caption>12</Caption>
		<Left>485</Left>
		<Top>48</Top>
		<Height>25</Height>
		<Width>35</Width>
		<Alignment>2</Alignment>
		<FontSize>12</FontSize>
		<BorderStyle>0</BorderStyle>
		<ForeColor>0,255,0</ForeColor>
		<BackColor>0,0,0</BackColor>
		<Visible>True</Visible>
	</Label>
	<Label>
		<Name>lbl_GrdTitle14</Name>
		<Caption>13</Caption>
		<Left>520</Left>
		<Top>48</Top>
		<Height>25</Height>
		<Width>35</Width>
		<Alignment>2</Alignment>
		<FontSize>12</FontSize>
		<BorderStyle>0</BorderStyle>
		<ForeColor>0,255,0</ForeColor>
		<BackColor>0,0,0</BackColor>
		<Visible>True</Visible>
	</Label>
	<Label>
		<Name>lbl_GrdTitle15</Name>
		<Caption>14</Caption>
		<Left>555</Left>
		<Top>48</Top>
		<Height>25</Height>
		<Width>35</Width>
		<Alignment>2</Alignment>
		<FontSize>12</FontSize>
		<BorderStyle>0</BorderStyle>
		<ForeColor>0,255,0</ForeColor>
		<BackColor>0,0,0</BackColor>
		<Visible>True</Visible>
	</Label>
	<Label>
		<Name>lbl_GrdTitle16</Name>
		<Caption>15</Caption>
		<Left>590</Left>
		<Top>48</Top>
		<Height>25</Height>
		<Width>35</Width>
		<Alignment>2</Alignment>
		<FontSize>12</FontSize>
		<BorderStyle>0</BorderStyle>
		<ForeColor>0,255,0</ForeColor>
		<BackColor>0,0,0</BackColor>
		<Visible>True</Visible>
	</Label>
	<Label>
		<Name>lbl_GrdTitle17</Name>
		<Caption>16</Caption>
		<Left>625</Left>
		<Top>48</Top>
		<Height>25</Height>
		<Width>35</Width>
		<Alignment>2</Alignment>
		<FontSize>12</FontSize>
		<BorderStyle>0</BorderStyle>
		<ForeColor>0,255,0</ForeColor>
		<BackColor>0,0,0</BackColor>
		<Visible>True</Visible>
	</Label>
	<Label>
		<Name>lbl_GrdTitle18</Name>
		<Caption>17</Caption>
		<Left>660</Left>
		<Top>48</Top>
		<Height>25</Height>
		<Width>35</Width>
		<Alignment>2</Alignment>
		<FontSize>12</FontSize>
		<BorderStyle>0</BorderStyle>
		<ForeColor>0,255,0</ForeColor>
		<BackColor>0,0,0</BackColor>
		<Visible>True</Visible>
	</Label>
	<Label>
		<Name>lbl_GrdTitle19</Name>
		<Caption>18</Caption>
		<Left>695</Left>
		<Top>48</Top>
		<Height>25</Height>
		<Width>35</Width>
		<Alignment>2</Alignment>
		<FontSize>12</FontSize>
		<BorderStyle>0</BorderStyle>
		<ForeColor>0,255,0</ForeColor>
		<BackColor>0,0,0</BackColor>
		<Visible>True</Visible>
	</Label>
	<Label>
		<Name>lbl_GrdTitle20</Name>
		<Caption>19</Caption>
		<Left>730</Left>
		<Top>48</Top>
		<Height>25</Height>
		<Width>35</Width>
		<Alignment>2</Alignment>
		<FontSize>12</FontSize>
		<BorderStyle>0</BorderStyle>
		<ForeColor>0,255,0</ForeColor>
		<BackColor>0,0,0</BackColor>
		<Visible>True</Visible>
	</Label>

	<Grid Name="BitsTable" Height="28" Repeat="13">
		<Label>
			<Name>lbl_GrdFlow</Name>
			<Caption>1</Caption>
			<Left>35</Left>
			<Top>70</Top>
			<Height>28</Height>
			<Width>30</Width>
			<Alignment>2</Alignment>
			<FontSize>12</FontSize>
			<BorderStyle>0</BorderStyle>
			<ForeColor>0,255,0</ForeColor>
			<BackColor>0,0,0</BackColor>
			<Visible>True</Visible>
		</Label>
		<Label>
			<Name>Dis_Col1</Name>
			<Caption>0</Caption>
			<Left>65</Left>
			<Top>70</Top>
			<Width>35</Width>
			<Height>28</Height>
			<Alignment>2</Alignment>
			<FontSize>12</FontSize>
			<BorderStyle>0</BorderStyle>
						<ForeColor>255,255,255</ForeColor>
			<BackColor>0,0,0</BackColor>
			<Visible>True</Visible>
		</Label>
		<Label>
			<Name>Dis_Col2</Name>
			<Caption>0</Caption>
			<Left>100</Left>
			<Top>70</Top>
			<Width>35</Width>
			<Height>28</Height>
			<Alignment>2</Alignment>
			<FontSize>12</FontSize>
			<BorderStyle>0</BorderStyle>
			<ForeColor>255,255,255</ForeColor>
			<BackColor>0,0,0</BackColor>
			<Visible>True</Visible>
		</Label>
		<Label>
			<Name>Dis_Col3</Name>
			<Caption>0</Caption>
			<Left>135</Left>
			<Top>70</Top>
			<Width>35</Width>
			<Height>28</Height>
			<Alignment>2</Alignment>
			<FontSize>12</FontSize>
			<BorderStyle>0</BorderStyle>
			<ForeColor>255,255,255</ForeColor>
			<BackColor>0,0,0</BackColor>
			<Visible>True</Visible>
		</Label>
		<Label>
			<Name>Dis_Col4</Name>
			<Caption>0</Caption>
			<Left>170</Left>
			<Top>70</Top>
			<Width>35</Width>
			<Height>28</Height>
			<Alignment>2</Alignment>
			<FontSize>12</FontSize>
			<BorderStyle>0</BorderStyle>
			<ForeColor>255,255,255</ForeColor>
			<BackColor>0,0,0</BackColor>
			<Visible>True</Visible>
		</Label>
		<Label>
			<Name>Dis_Col5</Name>
			<Caption>0</Caption>
			<Left>205</Left>
			<Top>70</Top>
			<Width>35</Width>
			<Height>28</Height>
			<Alignment>2</Alignment>
			<FontSize>12</FontSize>
			<BorderStyle>0</BorderStyle>
			<ForeColor>255,255,255</ForeColor>
			<BackColor>0,0,0</BackColor>
			<Visible>True</Visible>
		</Label>
		<Label>
			<Name>Dis_Col6</Name>
			<Caption>0</Caption>
			<Left>240</Left>
			<Top>70</Top>
			<Width>35</Width>
			<Height>28</Height>
			<Alignment>2</Alignment>
			<FontSize>12</FontSize>
			<BorderStyle>0</BorderStyle>
			<ForeColor>255,255,255</ForeColor>
			<BackColor>0,0,0</BackColor>
			<Visible>True</Visible>
		</Label>
		<Label>
			<Name>Dis_Col7</Name>
			<Caption>0</Caption>
			<Left>275</Left>
			<Top>70</Top>
			<Width>35</Width>
			<Height>28</Height>
			<Alignment>2</Alignment>
			<FontSize>12</FontSize>
			<BorderStyle>0</BorderStyle>
			<ForeColor>255,255,255</ForeColor>
			<BackColor>0,0,0</BackColor>
			<Visible>True</Visible>
		</Label>
		<Label>
			<Name>Dis_Col8</Name>
			<Caption>0</Caption>
			<Left>310</Left>
			<Top>70</Top>
			<Width>35</Width>
			<Height>28</Height>
			<Alignment>2</Alignment>
			<FontSize>12</FontSize>
			<BorderStyle>0</BorderStyle>
			<ForeColor>255,255,255</ForeColor>
			<BackColor>0,0,0</BackColor>
			<Visible>True</Visible>
		</Label>
		<Label>
			<Name>Dis_Col9</Name>
			<Caption>0</Caption>
			<Left>345</Left>
			<Top>70</Top>
			<Width>35</Width>
			<Height>28</Height>
			<Alignment>2</Alignment>
			<FontSize>12</FontSize>
			<BorderStyle>0</BorderStyle>
			<ForeColor>255,255,255</ForeColor>
			<BackColor>0,0,0</BackColor>
		</Label>
		<Label>
			<Name>Dis_Col10</Name>
			<Caption>0</Caption>
			<Left>380</Left>
			<Top>70</Top>
			<Width>35</Width>
			<Height>28</Height>
			<Alignment>2</Alignment>
			<FontSize>12</FontSize>
			<BorderStyle>0</BorderStyle>
			<ForeColor>255,255,255</ForeColor>
			<BackColor>0,0,0</BackColor>
			<Visible>True</Visible>
		</Label>
		<Label>
			<Name>Dis_Col11</Name>
			<Caption>0</Caption>
			<Left>415</Left>
			<Top>70</Top>
			<Width>35</Width>
			<Height>28</Height>
			<Alignment>2</Alignment>
			<FontSize>12</FontSize>
			<BorderStyle>0</BorderStyle>
			<ForeColor>255,255,255</ForeColor>
			<BackColor>0,0,0</BackColor>
			<Visible>True</Visible>
		</Label>
		<Label>
			<Name>Dis_Col12</Name>
			<Caption>0</Caption>
			<Left>450</Left>
			<Top>70</Top>
			<Width>35</Width>
			<Height>28</Height>
			<Alignment>2</Alignment>
			<FontSize>12</FontSize>
			<BorderStyle>0</BorderStyle>
			<ForeColor>255,255,255</ForeColor>
			<BackColor>0,0,0</BackColor>
			<Visible>True</Visible>
		</Label>
		<Label>
			<Name>Dis_Col13</Name>
			<Caption>0</Caption>
			<Left>485</Left>
			<Top>70</Top>
			<Width>35</Width>
			<Height>28</Height>
			<Alignment>2</Alignment>
			<FontSize>12</FontSize>
			<BorderStyle>0</BorderStyle>
			<ForeColor>255,255,255</ForeColor>
			<BackColor>0,0,0</BackColor>
			<Visible>True</Visible>
		</Label>
		<Label>
			<Name>Dis_Col14</Name>
			<Caption>0</Caption>
			<Left>520</Left>
			<Top>70</Top>
			<Width>35</Width>
			<Height>28</Height>
			<Alignment>2</Alignment>
			<FontSize>12</FontSize>
			<BorderStyle>0</BorderStyle>
			<ForeColor>255,255,255</ForeColor>
			<BackColor>0,0,0</BackColor>
			<Visible>True</Visible>
		</Label>
		<Label>
			<Name>Dis_Col15</Name>
			<Caption>0</Caption>
			<Left>555</Left>
			<Top>70</Top>
			<Width>35</Width>
			<Height>28</Height>
			<Alignment>2</Alignment>
			<FontSize>12</FontSize>
			<BorderStyle>0</BorderStyle>
			<ForeColor>255,255,255</ForeColor>
			<BackColor>0,0,0</BackColor>
			<Visible>True</Visible>
		</Label>
		<Label>
			<Name>Dis_Col16</Name>
			<Caption>0</Caption>
			<Left>590</Left>
			<Top>70</Top>
			<Width>35</Width>
			<Height>28</Height>
			<Alignment>2</Alignment>
			<FontSize>12</FontSize>
			<BorderStyle>0</BorderStyle>
			<ForeColor>255,255,255</ForeColor>
			<BackColor>0,0,0</BackColor>
			<Visible>True</Visible>
		</Label>
		<Label>
			<Name>Dis_Col17</Name>
			<Caption>0</Caption>
			<Left>625</Left>
			<Top>70</Top>
			<Width>35</Width>
			<Height>28</Height>
			<Alignment>2</Alignment>
			<FontSize>12</FontSize>
			<BorderStyle>0</BorderStyle>
			<ForeColor>255,255,255</ForeColor>
			<BackColor>0,0,0</BackColor>
			<Visible>True</Visible>
		</Label>
		<Label>
			<Name>Dis_Col18</Name>
			<Caption>0</Caption>
			<Left>660</Left>
			<Top>70</Top>
			<Width>35</Width>
			<Height>28</Height>
			<Alignment>2</Alignment>
			<FontSize>12</FontSize>
			<BorderStyle>0</BorderStyle>
			<ForeColor>255,255,255</ForeColor>
			<BackColor>0,0,0</BackColor>
			<Visible>True</Visible>
		</Label>
		<Label>
			<Name>Dis_Col19</Name>
			<Caption>0</Caption>
			<Left>695</Left>
			<Top>70</Top>
			<Width>35</Width>
			<Height>28</Height>
			<Alignment>2</Alignment>
			<FontSize>12</FontSize>
			<BorderStyle>0</BorderStyle>
			<ForeColor>255,255,255</ForeColor>
			<BackColor>0,0,0</BackColor>
			<Visible>True</Visible>
		</Label>
		<Label>
			<Name>Dis_Col20</Name>
			<Caption>0</Caption>
			<Left>730</Left>
			<Top>70</Top>
			<Width>35</Width>
			<Height>28</Height>
			<Alignment>2</Alignment>
			<FontSize>12</FontSize>
			<BorderStyle>0</BorderStyle>
			<ForeColor>255,255,255</ForeColor>
			<BackColor>0,0,0</BackColor>
			<Visible>True</Visible>
		</Label>
	</Grid>
</Screen>
