﻿<?xml version="1.0" encoding="UTF-8"?>
<!--Created by 'eHMI'version2.2.13-->
<!--BROWSER SIZE|H:470|W:800-->
<Screen>
  <Name>CheckBootPicSuccess</Name>
  <Panel>
    <Left>0</Left>
    <Top>0</Top>
    <Width>800</Width>
    <Height>470</Height>
    <Name>Pnl_Backgnd</Name>
    <BorderStyle>0</BorderStyle>
    <Depth>3</Depth>
    <BackColor>192,192,192</BackColor>
  </Panel>
  <Label>
    <Left>76</Left>
    <Top>40</Top>
    <Height>42</Height>
    <Width>483</Width>
    <Name>Lab_FirstRow</Name>
    <FontSize>16</FontSize>
    <Alignment>0</Alignment>
    <BorderStyle>0</BorderStyle>
    <Depth>2</Depth>
    <BackColor>192,192,192</BackColor>
    <Caption>
    </Caption>
  </Label>
  <Label>
    <Left>76</Left>
    <Top>99</Top>
    <Height>42</Height>
    <Width>483</Width>
    <Name>Lab_SecondRow</Name>
    <FontSize>16</FontSize>
    <Alignment>0</Alignment>
    <BorderStyle>0</BorderStyle>
    <Depth>1</Depth>
    <BackColor>192,192,192</BackColor>
    <Caption>
    </Caption>
  </Label>
  <Label>
    <Left>149</Left>
    <Top>158</Top>
    <Height>236</Height>
    <Width>411</Width>
    <Name>Lab_ThirdRow</Name>
    <FontSize>16</FontSize>
    <Alignment>3</Alignment>
    <BorderStyle>0</BorderStyle>
    <Depth>0</Depth>
    <BackColor>192,192,192</BackColor>
    <Caption>
    </Caption>
  </Label>
</Screen>
