﻿<?xml version="1.0" encoding="UTF-8"?>
<!--Created by 'eHMI'version2.2.24-->
<!--BROWSER SIZE|H:470|W:800-->
<Screen>
  <Name>Positioning</Name>
  <Panel>
    <Left>0</Left>
    <Top>0</Top>
    <Width>800</Width>
    <Height>470</Height>
    <Name>Pan_Back</Name>
    <BackColor>0,0,0</BackColor>
    <Caption>
    </Caption>
  </Panel>
  <Panel>
    <Left>0</Left>
    <Top>0</Top>
    <Width>240</Width>
    <Height>80</Height>
    <Name>Pan_ListView</Name>
    <BorderColor>255,255,255</BorderColor>
    <BackColor>0,0,0</BackColor>
    <Caption>
    </Caption>
  </Panel>
  <Panel>
    <Left>240</Left>
    <Top>0</Top>
    <Width>300</Width>
    <Height>250</Height>
    <Name>Pan_InputSec</Name>
	<BorderColor>255,255,255</BorderColor>
    <BackColor>0,0,0</BackColor>
    <Caption>
    </Caption>
  </Panel>
  <Label>
    <Left>10</Left>
    <Top>10</Top>
    <Height>30</Height>
    <Width>140</Width>
    <Name>Lab_SpindleSelect</Name>
    <FontSize>12</FontSize>
    <Alignment>0</Alignment>
	<ForeColor>0,255,0</ForeColor>
    <BackColor>0,0,0</BackColor>
    <Caption>STR::MMI::SerialSpindleAdjust::SpindleSelect</Caption>
  </Label>
  <Panel>
    <Left>0</Left>
    <Top>80</Top>
    <Width>240</Width>
    <Height>170</Height>
    <Name>Pan_Param</Name>
	<BorderColor>255,255,255</BorderColor>
    <BackColor>0,0,0</BackColor>
    <Caption>
    </Caption>
  </Panel>
  <Panel>
    <Left>540</Left>
    <Top>0</Top>
    <Width>260</Width>
    <Height>250</Height>
    <Name>Pan_Text</Name>
	<BorderColor>255,255,255</BorderColor>
    <BackColor>0,0,0</BackColor>
    <Caption>
    </Caption>
  </Panel>
  <Panel>
    <Left>0</Left>
    <Top>250</Top>
    <Width>800</Width>
    <Height>220</Height>
    <Name>Pan_Picture</Name>
	<BorderColor>255,255,255</BorderColor>
    <BackColor>0,0,0</BackColor>
    <Caption></Caption>
  </Panel>
  <Panel>
    <Left>540</Left>
    <Top>250</Top>
    <Width>260</Width>
    <Height>220</Height>
    <Name>Pan_Debug</Name>
    <BorderColor>255,255,255</BorderColor>
    <BackColor>0,0,0</BackColor>
    <Caption>
    </Caption>
  </Panel>
  <Label>
    <Left>260</Left>
    <Top>10</Top>
    <Height>30</Height>
    <Width>160</Width>
    <Name>Lab_Section3_Title</Name>
    <FontSize>12</FontSize>
    <Alignment>0</Alignment>
	<ForeColor>0,255,0</ForeColor>
    <BackColor>0,0,0</BackColor>
    <Caption>STR::MMI::SerialSpindleAdjust::TestProg</Caption>
  </Label>
  <Label>
    <Left>260</Left>
    <Top>50</Top>
    <Height>25</Height>
    <Width>175</Width>
    <Name>Lab_Section3_2</Name>
    <FontSize>12</FontSize>
    <Alignment>0</Alignment>
	<ForeColor>0,255,0</ForeColor>
    <BackColor>0,0,0</BackColor>
    <Caption>STR::MMI::SerialSpindleAdjust::Positioning::Section3_2</Caption>
  </Label>
  <Label>
    <Left>260</Left>
    <Top>75</Top>
    <Height>25</Height>
    <Width>175</Width>
    <Name>Lab_Section3_3</Name>
    <FontSize>12</FontSize>
    <Alignment>0</Alignment>
	<ForeColor>0,255,0</ForeColor>
    <BackColor>0,0,0</BackColor>
    <Caption>STR::MMI::SerialSpindleAdjust::Positioning::Section3_3</Caption>
  </Label>
  <Label>
    <Left>260</Left>
    <Top>100</Top>
    <Height>25</Height>
    <Width>175</Width>
    <Name>Lab_Section3_4</Name>
    <FontSize>12</FontSize>
    <Alignment>0</Alignment>
	<ForeColor>0,255,0</ForeColor>
    <BackColor>0,0,0</BackColor>
    <Caption>STR::MMI::SerialSpindleAdjust::Positioning::Section3_4</Caption>
  </Label>
  <Label>
    <Left>260</Left>
    <Top>150</Top>
    <Height>25</Height>
    <Width>175</Width>
    <Name>Lab_Section3_5</Name>
    <FontSize>12</FontSize>
    <Alignment>0</Alignment>
	<ForeColor>0,255,0</ForeColor>
    <BackColor>0,0,0</BackColor>
    <Caption>STR::MMI::SerialSpindleAdjust::Positioning::Section3_5</Caption>
  </Label>
  <Label>
    <Left>260</Left>
    <Top>125</Top>
    <Height>25</Height>
    <Width>175</Width>
    <Name>Lab_Section3_6</Name>
    <FontSize>12</FontSize>
    <Alignment>0</Alignment>
	<ForeColor>0,255,0</ForeColor>
    <BackColor>0,0,0</BackColor>
    <Caption>STR::MMI::SerialSpindleAdjust::Positioning::Section3_6</Caption>
  </Label>
  <Input>
    <Left>440</Left>
    <Top>50</Top>
    <Height>25</Height>
    <Width>90</Width>
    <Name>Inp_Section3_2</Name>
    <FontSize>10</FontSize>
    <ForeColor>255,255,255</ForeColor>
    <BackColor>0,0,0</BackColor>
	<BorderStyle>0</BorderStyle>
	<Value>1000</Value>
	<InputRange>1~99999999</InputRange>
  </Input>
  <Input>
    <Left>440</Left>
    <Top>75</Top>
    <Height>25</Height>
    <Width>90</Width>
    <Name>Inp_Section3_3</Name>
    <FontSize>10</FontSize>
    <ForeColor>255,255,255</ForeColor>
    <BackColor>0,0,0</BackColor>
	<BorderStyle>0</BorderStyle>
	<Value>3</Value>
	<InputRange>1~99999999</InputRange>
  </Input>
  <Input>
    <Left>440</Left>
    <Top>100</Top>
    <Height>25</Height>
    <Width>90</Width>
    <Name>Inp_Section3_4</Name>
    <FontSize>10</FontSize>
    <ForeColor>255,255,255</ForeColor>
    <BackColor>0,0,0</BackColor>
	<BorderStyle>0</BorderStyle>
	<Value>19</Value>
	<InputRange>1~99999999</InputRange>
  </Input>
  <ListInput>
    <Left>440</Left>
    <Top>150</Top>
    <Height>25</Height>
    <Width>90</Width>
    <Name>Inp_Section3_5</Name>
    <FontSize>10</FontSize>
    <ForeColor>0,0,0</ForeColor>
    <BackColor>255,255,255</BackColor>
	<BorderStyle>0</BorderStyle>
	<Value>1</Value>
	<ListItems>
		<Item>
			<ItemCaption>$1</ItemCaption>
			<ItemValue>1</ItemValue>
		</Item>
		<Item>
			<ItemCaption>$2</ItemCaption>
			<ItemValue>2</ItemValue>
		</Item>
	</ListItems>
  </ListInput>
  <Input>
    <Left>440</Left>
    <Top>125</Top>
    <Height>25</Height>
    <Width>90</Width>
    <Name>Inp_Section3_6</Name>
    <FontSize>10</FontSize>
    <ForeColor>255,255,255</ForeColor>
    <BackColor>0,0,0</BackColor>
	<BorderStyle>0</BorderStyle>
	<Value>5</Value>
	<InputRange>1~99999999</InputRange>
  </Input>
  <ListInput>
    <Left>10</Left>
    <Top>46</Top>
    <Height>25</Height>
    <Width>169</Width>
    <Name>Inp_Section3_1</Name>
    <FontSize>12</FontSize>
	<BackColor>255,255,255</BackColor>
	<ForeColor>0,0,0</ForeColor>
  </ListInput>
  <Label>
    <Left>10</Left>
    <Top>85</Top>
    <Height>30</Height>
    <Width>180</Width>
    <Name>Lab_Section2_Title</Name>
    <FontSize>12</FontSize>
    <Alignment>0</Alignment>
	<ForeColor>0,255,0</ForeColor>
    <BackColor>0,0,0</BackColor>
    <Caption>STR::MMI::SerialSpindleAdjust::AdjustParameter</Caption>
  </Label>
  <Label>
    <Left>10</Left>
    <Top>120</Top>
    <Height>25</Height>
    <Width>125</Width>
    <Name>Lab_Section2_1</Name>
    <FontSize>10</FontSize>
    <Alignment>0</Alignment>
	<ForeColor>0,255,0</ForeColor>
    <BackColor>0,0,0</BackColor>
    <Caption>STR::MMI::SerialSpindleAdjust::Positioning::Section2_1</Caption>
  </Label>
  <Label>
    <Left>10</Left>
    <Top>145</Top>
    <Height>25</Height>
    <Width>125</Width>
    <Name>Lab_Section2_2</Name>
    <FontSize>10</FontSize>
    <Alignment>0</Alignment>
	<ForeColor>0,255,0</ForeColor>
    <BackColor>0,0,0</BackColor>
    <Caption>STR::MMI::SerialSpindleAdjust::Positioning::Section2_2</Caption>
  </Label>
  <Label>
    <Left>10</Left>
    <Top>170</Top>
    <Height>25</Height>
    <Width>125</Width>
    <Name>Lab_Section2_3</Name>
    <FontSize>10</FontSize>
    <Alignment>0</Alignment>
	<ForeColor>0,255,0</ForeColor>
    <BackColor>0,0,0</BackColor>
    <Caption>STR::MMI::SerialSpindleAdjust::Positioning::Section2_3</Caption>
  </Label>
  <Label>
    <Left>10</Left>
    <Top>195</Top>
    <Height>25</Height>
    <Width>125</Width>
    <Name>Lab_Section2_4</Name>
    <FontSize>10</FontSize>
    <Alignment>0</Alignment>
	<ForeColor>0,255,0</ForeColor>
    <BackColor>0,0,0</BackColor>
    <Caption>STR::MMI::SerialSpindleAdjust::Positioning::Section2_4</Caption>
  </Label>
  <Input>
    <Left>135</Left>
    <Top>120</Top>
    <Height>25</Height>
    <Width>60</Width>
    <Name>Inp_Section2_1</Name>
    <FontSize>10</FontSize>
    <ForeColor>255,255,255</ForeColor>
    <BackColor>0,0,0</BackColor>
	<BorderStyle>0</BorderStyle>
	<EmptyVal>ignor</EmptyVal>
  </Input>
  <Input>
    <Left>135</Left>
    <Top>145</Top>
    <Height>25</Height>
    <Width>60</Width>
    <Name>Inp_Section2_2</Name>
    <FontSize>10</FontSize>
    <ForeColor>255,255,255</ForeColor>
    <BackColor>0,0,0</BackColor>
	<BorderStyle>0</BorderStyle>
	<EmptyVal>ignor</EmptyVal>
  </Input>
  <Input>
    <Left>135</Left>
    <Top>170</Top>
    <Height>25</Height>
    <Width>60</Width>
    <Name>Inp_Section2_3</Name>
    <FontSize>10</FontSize>
    <ForeColor>255,255,255</ForeColor>
    <BackColor>0,0,0</BackColor>
	<BorderStyle>0</BorderStyle>
	<EmptyVal>ignor</EmptyVal>
  </Input>
  <Input>
    <Left>135</Left>
    <Top>195</Top>
    <Height>25</Height>
    <Width>60</Width>
    <Name>Inp_Section2_4</Name>
    <FontSize>10</FontSize>
    <ForeColor>255,255,255</ForeColor>
    <BackColor>0,0,0</BackColor>
	<BorderStyle>0</BorderStyle>
	<EmptyVal>ignor</EmptyVal>
  </Input>
  <Label>
    <Left>10</Left>
    <Top>220</Top>
    <Height>20</Height>
    <Width>220</Width>
    <Name>Lab_Section2_End</Name>
    <FontSize>9</FontSize>
    <Alignment>0</Alignment>
	<ForeColor>0,255,0</ForeColor>
    <BackColor>0,0,0</BackColor>
    <Caption>STR::MMI::SerialSpindleAdjust::Positioning::Section2_End</Caption>
  </Label>
  <Label>
    <Left>195</Left>
    <Top>120</Top>
    <Height>25</Height>
    <Width>40</Width>
    <Name>Lab_Unit_Section2_1</Name>
    <FontSize>10</FontSize>
    <Alignment>0</Alignment>
	<ForeColor>0,255,0</ForeColor>
    <BackColor>0,0,0</BackColor>
    <Caption>STR::MMI::SerialSpindleAdjust::Positioning::Unit::Section2_1</Caption>
  </Label>
  <Label>
    <Left>195</Left>
    <Top>145</Top>
    <Height>25</Height>
    <Width>40</Width>
    <Name>Lab_Unit_Section2_2</Name>
    <FontSize>10</FontSize>
    <Alignment>0</Alignment>
	<ForeColor>0,255,0</ForeColor>
    <BackColor>0,0,0</BackColor>
    <Caption>STR::MMI::SerialSpindleAdjust::Positioning::Unit::Section2_2</Caption>
  </Label>
  <Label>
    <Left>195</Left>
    <Top>170</Top>
    <Height>25</Height>
    <Width>40</Width>
    <Name>Lab_Unit_Section2_3</Name>
    <FontSize>10</FontSize>
    <Alignment>0</Alignment>
	<ForeColor>0,255,0</ForeColor>
    <BackColor>0,0,0</BackColor>
    <Caption>STR::MMI::SerialSpindleAdjust::Positioning::Unit::Section2_3</Caption>
  </Label>
  <Label>
    <Left>545</Left>
    <Top>260</Top>
    <Height>30</Height>
    <Width>160</Width>
    <Name>Lab_DebugTitle_1</Name>
    <FontSize>12</FontSize>
    <Alignment>0</Alignment>
	<ForeColor>0,255,0</ForeColor>
    <BackColor>0,0,0</BackColor>
    <Caption>STR::MMI::SerialSpindleAdjust::Positioning::Lab_DebugTitle_1</Caption>
  </Label>
  <Label>
    <Left>705</Left>
    <Top>260</Top>
    <Height>30</Height>
    <Width>90</Width>
    <Name>Lab_Debug_1</Name>
    <FontSize>12</FontSize>
    <Alignment>0</Alignment>
	<ForeColor>255,255,255</ForeColor>
    <BackColor>0,0,0</BackColor>
    <Caption></Caption>
  </Label>
</Screen>