﻿<?xml version="1.0" encoding="UTF-8"?>
<!--Created by 'eHMI'version2.2.32-->
<ResMap>
  <Message ID="B:HSHPDefaultParam:Cp:Lab_PrmNo::PrmNo" Content="参数编号" />
  <Message ID="B:HSHPDefaultParam:Cp:Lab_RestoreDefault::RestoreDefault" Content="是否恢复预设值?" />
  <Message ID="B:HSHPDefaultParam:Cp:Lab_401::401" Content="401" />
  <Message ID="B:HSHPDefaultParam:Cp:Lab_402::402" Content="402" />
  <Message ID="B:HSHPDefaultParam:Cp:Lab_404::404" Content="404" />
  <Message ID="B:HSHPDefaultParam:Cp:Lab_406::406" Content="406" />
  <Message ID="B:HSHPDefaultParam:Cp:Lab_408::408" Content="408" />
  <Message ID="B:HSHPDefaultParam:Cp:Lab_3808::3808" Content="3808" />
  <Message ID="B:HSHPDefaultParam:Cp:Lab_Note::Note" Content="P1Q3: 粗铣，精度佳，适用於材料预留量少时。&#xD;&#xA;P2Q3: 粗铣，稳度佳，适用於材料预留量多时。" />
  <Message ID="B:HSHPDefaultParam:Cp:Lab_Precision::Precision" Content="精加工&#xD;&#xA;精度优先" />
  <Message ID="B:HSHPDefaultParam:Cp:Lab_Velocity::Velocity" Content="精加工&#xD;&#xA;速度优先" />
  <Message ID="B:HSHPDefaultParam:Cp:Lab_Rough::Rough" Content="粗加工" />
  <Message ID="B:HSHPDefaultParam:Cp:Lab_Accuracy::Accuracy" Content="精加工&#xD;&#xA;精度优先" />
  <Message ID="B:HSHPDefaultParam:Cp:Lab_Speed::Speed" Content="精加工&#xD;&#xA;速度优先" />
  <Message ID="B:HSHPDefaultParam:Cp:Lab_Mill::Mill" Content="粗加工" />
  <Message ID="B:HSHPDefaultParam:Cp:Lab_phone::Phone" Content="手机模" />
  <Message ID="B:HSHPDefaultParam:Cp:Lab_Tablet::Tablet" Content="平板模" />
  <Message ID="B:HSHPDefaultParam:Cp:Lab_NonMeatal::NonMeatal" Content="非金属&#xD;&#xA;材料加工" />
  <Message ID="B:HSHPDefaultParam:Cp:Lab_3C::3C" Content="3C产品" />
  <Message ID="B:HSHPDefaultParam:Cp:Lab_arc::Arc" Content="圆弧较多" />
  <Message ID="B:HSHPDefaultParam:Cp:Lab_Corner::Corner" Content="转角较多" />
  <Message ID="B:HSHPDefaultParam:Cp:Lab_P1Q1::P1Q1" Content="P1Q1" />
  <Message ID="B:HSHPDefaultParam:Cp:Lab_P1Q2::P1Q2" Content="P1Q2" />
  <Message ID="B:HSHPDefaultParam:Cp:Lab_P1Q3::P1Q3" Content="P1Q3" />
  <Message ID="B:HSHPDefaultParam:Cp:Lab_P2Q1::P2Q1" Content="P2Q1" />
  <Message ID="B:HSHPDefaultParam:Cp:Lab_P2Q2::P2Q2" Content="P2Q2" />
  <Message ID="B:HSHPDefaultParam:Cp:Lab_P2Q3::P2Q3" Content="P2Q3" />
  <Message ID="B:HSHPDefaultParam:Cp:Lab_P3Q1::P3Q1" Content="P3Q1" />
  <Message ID="B:HSHPDefaultParam:Cp:Lab_P3Q2::P3Q2" Content="P3Q2" />
  <Message ID="B:HSHPDefaultParam:Cp:Lab_P3Q3::P3Q3" Content="P3Q3" />
</ResMap>