<?xml version="1.0" encoding="utf-8" ?>
<ResMap>
	<Message ID="MMI::NoParamGroup" Content="parameter group doesn't exist!" />
	<Message ID="SPLCAParam::1" Content="第一軸起始暫存器" />
	<Message ID="SPLCAParam::2" Content="第二軸起始暫存器" />
	<Message ID="SPLCAParam::3" Content="第三軸起始暫存器" />
	<Message ID="SPLCAParam::4" Content="第四軸起始暫存器" />
	<Message ID="SPLCAParam::5" Content="第五軸起始暫存器" />
	<Message ID="SPLCAParam::6" Content="第六軸起始暫存器" />
	<Message ID="SPLCAParam::7" Content="第七軸起始暫存器" />
	<Message ID="SPLCAParam::8" Content="第八軸起始暫存器" />
	<Message ID="SPLCAParam::9" Content="第九軸起始暫存器" />
	<Message ID="SPLCAParam::10" Content="第十軸起始暫存器" />
	<Message ID="SPLCAParam::11" Content="第十一軸起始暫存器" />
	<Message ID="SPLCAParam::12" Content="第十二軸起始暫存器" />
	<Message ID="SPLCAParam::13" Content="第十三軸起始暫存器" />
	<Message ID="SPLCAParam::14" Content="第十四軸起始暫存器" />
	<Message ID="SPLCAParam::15" Content="第十五軸起始暫存器" />
	<Message ID="SPLCAParam::16" Content="第十六軸起始暫存器" />
	<Message ID="SPLCAParam::21" Content="*第一軸對應的驅動器站號" />
	<Message ID="SPLCAParam::22" Content="*第二軸對應的驅動器站號" />
	<Message ID="SPLCAParam::23" Content="*第三軸對應的驅動器站號" />
	<Message ID="SPLCAParam::24" Content="*第四軸對應的驅動器站號" />
	<Message ID="SPLCAParam::25" Content="*第五軸對應的驅動器站號" />
	<Message ID="SPLCAParam::26" Content="*第六軸對應的驅動器站號" />
	<Message ID="SPLCAParam::27" Content="*第七軸對應的驅動器站號" />
	<Message ID="SPLCAParam::28" Content="*第八軸對應的驅動器站號" />
	<Message ID="SPLCAParam::29" Content="*第九軸對應的驅動器站號" />
	<Message ID="SPLCAParam::30" Content="*第十軸對應的驅動器站號" />
	<Message ID="SPLCAParam::31" Content="*第十一軸對應的驅動器站號" />
	<Message ID="SPLCAParam::32" Content="*第十二軸對應的驅動器站號" />
	<Message ID="SPLCAParam::33" Content="*第十三軸對應的驅動器站號" />
	<Message ID="SPLCAParam::34" Content="*第十四軸對應的驅動器站號" />
	<Message ID="SPLCAParam::35" Content="*第十五軸對應的驅動器站號" />
	<Message ID="SPLCAParam::36" Content="*第十六軸對應的驅動器站號" />
	<Message ID="SPLCAParam::61" Content="*第一軸位置感應器解析度(pulse/轉)" />
	<Message ID="SPLCAParam::62" Content="*第二軸位置感應器解析度(pulse/轉)" />
	<Message ID="SPLCAParam::63" Content="*第三軸位置感應器解析度(pulse/轉)" />
	<Message ID="SPLCAParam::64" Content="*第四軸位置感應器解析度(pulse/轉)" />
	<Message ID="SPLCAParam::65" Content="*第五軸位置感應器解析度(pulse/轉)" />
	<Message ID="SPLCAParam::66" Content="*第六軸位置感應器解析度(pulse/轉)" />
	<Message ID="SPLCAParam::67" Content="*第七軸位置感應器解析度(pulse/轉)" />
	<Message ID="SPLCAParam::68" Content="*第八軸位置感應器解析度(pulse/轉)" />
	<Message ID="SPLCAParam::69" Content="*第九軸位置感應器解析度(pulse/轉)" />
	<Message ID="SPLCAParam::70" Content="*第十軸位置感應器解析度(pulse/轉)" />
	<Message ID="SPLCAParam::71" Content="*第十一軸位置感應器解析度(pulse/轉)" />
	<Message ID="SPLCAParam::72" Content="*第十二軸位置感應器解析度(pulse/轉)" />
	<Message ID="SPLCAParam::73" Content="*第十三軸位置感應器解析度(pulse/轉)" />
	<Message ID="SPLCAParam::74" Content="*第十四軸位置感應器解析度(pulse/轉)" />
	<Message ID="SPLCAParam::75" Content="*第十五軸位置感應器解析度(pulse/轉)" />
	<Message ID="SPLCAParam::76" Content="*第十六軸位置感應器解析度(pulse/轉)" />
	<Message ID="SPLCAParam::121" Content="*第一軸螺桿側齒數" />
	<Message ID="SPLCAParam::122" Content="*第一軸馬達側齒數" />
	<Message ID="SPLCAParam::123" Content="*第二軸螺桿側齒數" />
	<Message ID="SPLCAParam::124" Content="*第二軸馬達側齒數" />
	<Message ID="SPLCAParam::125" Content="*第三軸螺桿側齒數" />
	<Message ID="SPLCAParam::126" Content="*第三軸馬達側齒數" />
	<Message ID="SPLCAParam::127" Content="*第四軸螺桿側齒數" />
	<Message ID="SPLCAParam::128" Content="*第四軸馬達側齒數" />
	<Message ID="SPLCAParam::129" Content="*第五軸螺桿側齒數" />
	<Message ID="SPLCAParam::130" Content="*第五軸馬達側齒數" />
	<Message ID="SPLCAParam::131" Content="*第六軸螺桿側齒數" />
	<Message ID="SPLCAParam::132" Content="*第六軸馬達側齒數" />
	<Message ID="SPLCAParam::133" Content="*第七軸螺桿側齒數" />
	<Message ID="SPLCAParam::134" Content="*第七軸馬達側齒數" />
	<Message ID="SPLCAParam::135" Content="*第八軸螺桿側齒數" />
	<Message ID="SPLCAParam::136" Content="*第八軸馬達側齒數" />
	<Message ID="SPLCAParam::137" Content="*第九軸螺桿側齒數" />
	<Message ID="SPLCAParam::138" Content="*第九軸馬達側齒數" />
	<Message ID="SPLCAParam::139" Content="*第十軸螺桿側齒數" />
	<Message ID="SPLCAParam::140" Content="*第十軸馬達側齒數" />
	<Message ID="SPLCAParam::141" Content="*第十一軸螺桿側齒數" />
	<Message ID="SPLCAParam::142" Content="*第十一軸馬達側齒數" />
	<Message ID="SPLCAParam::143" Content="*第十二軸螺桿側齒數" />
	<Message ID="SPLCAParam::144" Content="*第十二軸馬達側齒數" />
	<Message ID="SPLCAParam::145" Content="*第十三軸螺桿側齒數" />
	<Message ID="SPLCAParam::146" Content="*第十三軸馬達側齒數" />
	<Message ID="SPLCAParam::147" Content="*第十四軸螺桿側齒數" />
	<Message ID="SPLCAParam::148" Content="*第十四軸馬達側齒數" />
	<Message ID="SPLCAParam::149" Content="*第十五軸螺桿側齒數" />
	<Message ID="SPLCAParam::150" Content="*第十五軸馬達側齒數" />
	<Message ID="SPLCAParam::151" Content="*第十六軸螺桿側齒數" />
	<Message ID="SPLCAParam::152" Content="*第十六軸馬達側齒數" />
	<Message ID="SPLCAParam::161" Content="*第一軸螺桿寬度(PITCH) 單位：um" />
	<Message ID="SPLCAParam::162" Content="*第二軸螺桿寬度(PITCH) 單位：um" />
	<Message ID="SPLCAParam::163" Content="*第三軸螺桿寬度(PITCH) 單位：um" />
	<Message ID="SPLCAParam::164" Content="*第四軸螺桿寬度(PITCH) 單位：um" />
	<Message ID="SPLCAParam::165" Content="*第五軸螺桿寬度(PITCH) 單位：um" />
	<Message ID="SPLCAParam::166" Content="*第六軸螺桿寬度(PITCH) 單位：um" />
	<Message ID="SPLCAParam::167" Content="*第七軸螺桿寬度(PITCH) 單位：um" />
	<Message ID="SPLCAParam::168" Content="*第八軸螺桿寬度(PITCH) 單位：um" />
	<Message ID="SPLCAParam::169" Content="*第九軸螺桿寬度(PITCH) 單位：um" />
	<Message ID="SPLCAParam::170" Content="*第十軸螺桿寬度(PITCH) 單位：um" />
	<Message ID="SPLCAParam::171" Content="*第十一軸螺桿寬度(PITCH) 單位：um" />
	<Message ID="SPLCAParam::172" Content="*第十二軸螺桿寬度(PITCH) 單位：um" />
	<Message ID="SPLCAParam::173" Content="*第十三軸螺桿寬度(PITCH) 單位：um" />
	<Message ID="SPLCAParam::174" Content="*第十四軸螺桿寬度(PITCH) 單位：um" />
	<Message ID="SPLCAParam::175" Content="*第十五軸螺桿寬度(PITCH) 單位：um" />
	<Message ID="SPLCAParam::176" Content="*第十六軸螺桿寬度(PITCH) 單位：um" />
	<Message ID="SPLCAParam::221" Content="第一軸的軸型態(0：線性軸；1：旋轉軸)" />
	<Message ID="SPLCAParam::222" Content="第二軸的軸型態(0：線性軸；1：旋轉軸)" />
	<Message ID="SPLCAParam::223" Content="第三軸的軸型態(0：線性軸；1：旋轉軸)" />
	<Message ID="SPLCAParam::224" Content="第四軸的軸型態(0：線性軸；1：旋轉軸)" />
	<Message ID="SPLCAParam::225" Content="第五軸的軸型態(0：線性軸；1：旋轉軸)" />
	<Message ID="SPLCAParam::226" Content="第六軸的軸型態(0：線性軸；1：旋轉軸)" />
	<Message ID="SPLCAParam::227" Content="第七軸的軸型態(0：線性軸；1：旋轉軸)" />
	<Message ID="SPLCAParam::228" Content="第八軸的軸型態(0：線性軸；1：旋轉軸)" />
	<Message ID="SPLCAParam::229" Content="第九軸的軸型態(0：線性軸；1：旋轉軸)" />
	<Message ID="SPLCAParam::230" Content="第十軸的軸型態(0：線性軸；1：旋轉軸)" />
	<Message ID="SPLCAParam::231" Content="第十一軸的軸型態(0：線性軸；1：旋轉軸)" />
	<Message ID="SPLCAParam::232" Content="第十二軸的軸型態(0：線性軸；1：旋轉軸)" />
	<Message ID="SPLCAParam::233" Content="第十三軸的軸型態(0：線性軸；1：旋轉軸)" />
	<Message ID="SPLCAParam::234" Content="第十四軸的軸型態(0：線性軸；1：旋轉軸)" />
	<Message ID="SPLCAParam::235" Content="第十五軸的軸型態(0：線性軸；1：旋轉軸)" />
	<Message ID="SPLCAParam::236" Content="第十六軸的軸型態(0：線性軸；1：旋轉軸)" />
	<Message ID="SPLCAParam::401" Content="第一軸起始bit暫存器" />
	<Message ID="SPLCAParam::402" Content="第二軸起始bit暫存器" />
	<Message ID="SPLCAParam::403" Content="第三軸起始bit暫存器" />
	<Message ID="SPLCAParam::404" Content="第四軸起始bit暫存器" />
	<Message ID="SPLCAParam::405" Content="第五軸起始bit暫存器" />
	<Message ID="SPLCAParam::406" Content="第六軸起始bit暫存器" />
	<Message ID="SPLCAParam::407" Content="第七軸起始bit暫存器" />
	<Message ID="SPLCAParam::408" Content="第八軸起始bit暫存器" />
	<Message ID="SPLCAParam::409" Content="第九軸起始bit暫存器" />
	<Message ID="SPLCAParam::410" Content="第十軸起始bit暫存器" />
	<Message ID="SPLCAParam::411" Content="第十一軸起始bit暫存器" />
	<Message ID="SPLCAParam::412" Content="第十二軸起始bit暫存器" />
	<Message ID="SPLCAParam::413" Content="第十三軸起始bit暫存器" />
	<Message ID="SPLCAParam::414" Content="第十四軸起始bit暫存器" />
	<Message ID="SPLCAParam::415" Content="第十五軸起始bit暫存器" />
	<Message ID="SPLCAParam::416" Content="第十六軸起始bit暫存器" />
	<Message ID="SPLCAParam::461" Content="第一軸移動最高速度(mm/min;mm/min)" />
	<Message ID="SPLCAParam::462" Content="第二軸移動最高速度(mm/min;mm/min)" />
	<Message ID="SPLCAParam::463" Content="第三軸移動最高速度(mm/min;mm/min)" />
	<Message ID="SPLCAParam::464" Content="第四軸移動最高速度(mm/min;mm/min)" />
	<Message ID="SPLCAParam::465" Content="第五軸移動最高速度(mm/min;mm/min)" />
	<Message ID="SPLCAParam::466" Content="第六軸移動最高速度(mm/min;mm/min)" />
	<Message ID="SPLCAParam::467" Content="第七軸移動最高速度(mm/min;mm/min)" />
	<Message ID="SPLCAParam::468" Content="第八軸移動最高速度(mm/min;mm/min)" />
	<Message ID="SPLCAParam::469" Content="第九軸移動最高速度(mm/min;mm/min)" />
	<Message ID="SPLCAParam::470" Content="第十軸移動最高速度(mm/min;mm/min)" />
	<Message ID="SPLCAParam::471" Content="第十一軸移動最高速度(mm/min;mm/min)" />
	<Message ID="SPLCAParam::472" Content="第十二軸移動最高速度(mm/min;mm/min)" />
	<Message ID="SPLCAParam::473" Content="第十三軸移動最高速度(mm/min;mm/min)" />
	<Message ID="SPLCAParam::474" Content="第十四軸移動最高速度(mm/min;mm/min)" />
	<Message ID="SPLCAParam::475" Content="第十五軸移動最高速度(mm/min;mm/min)" />
	<Message ID="SPLCAParam::476" Content="第十六軸移動最高速度(mm/min;mm/min)" />
	<Message ID="SPLCAParam::481" Content="第一軸位置檢查視窗(um)" />
	<Message ID="SPLCAParam::482" Content="第二軸位置檢查視窗(um)" />
	<Message ID="SPLCAParam::483" Content="第三軸位置檢查視窗(um)" />
	<Message ID="SPLCAParam::484" Content="第四軸位置檢查視窗(um)" />
	<Message ID="SPLCAParam::485" Content="第五軸位置檢查視窗(um)" />
	<Message ID="SPLCAParam::486" Content="第六軸位置檢查視窗(um)" />
	<Message ID="SPLCAParam::487" Content="第七軸位置檢查視窗(um)" />
	<Message ID="SPLCAParam::488" Content="第八軸位置檢查視窗(um)" />
	<Message ID="SPLCAParam::489" Content="第九軸位置檢查視窗(um)" />
	<Message ID="SPLCAParam::490" Content="第十軸位置檢查視窗(um)" />
	<Message ID="SPLCAParam::491" Content="第十一軸位置檢查視窗(um)" />
	<Message ID="SPLCAParam::492" Content="第十二軸位置檢查視窗(um)" />
	<Message ID="SPLCAParam::493" Content="第十三軸位置檢查視窗(um)" />
	<Message ID="SPLCAParam::494" Content="第十四軸位置檢查視窗(um)" />
	<Message ID="SPLCAParam::495" Content="第十五軸位置檢查視窗(um)" />
	<Message ID="SPLCAParam::496" Content="第十六軸位置檢查視窗(um)" />
	<Message ID="SPLCAParam::821" Content="第一軸第一段尋原點速度(mm/min;mm/min)" />
	<Message ID="SPLCAParam::822" Content="第二軸第一段尋原點速度(mm/min;mm/min)" />
	<Message ID="SPLCAParam::823" Content="第三軸第一段尋原點速度(mm/min;mm/min)" />
	<Message ID="SPLCAParam::824" Content="第四軸第一段尋原點速度(mm/min;mm/min)" />
	<Message ID="SPLCAParam::825" Content="第五軸第一段尋原點速度(mm/min;mm/min)" />
	<Message ID="SPLCAParam::826" Content="第六軸第一段尋原點速度(mm/min;mm/min)" />
	<Message ID="SPLCAParam::827" Content="第七軸第一段尋原點速度(mm/min;mm/min)" />
	<Message ID="SPLCAParam::828" Content="第八軸第一段尋原點速度(mm/min;mm/min)" />
	<Message ID="SPLCAParam::829" Content="第九軸第一段尋原點速度(mm/min;mm/min)" />
	<Message ID="SPLCAParam::830" Content="第十軸第一段尋原點速度(mm/min;mm/min)" />
	<Message ID="SPLCAParam::831" Content="第十一軸第一段尋原點速度(mm/min;mm/min)" />
	<Message ID="SPLCAParam::832" Content="第十二軸第一段尋原點速度(mm/min;mm/min)" />
	<Message ID="SPLCAParam::833" Content="第十三軸第一段尋原點速度(mm/min;mm/min)" />
	<Message ID="SPLCAParam::834" Content="第十四軸第一段尋原點速度(mm/min;mm/min)" />
	<Message ID="SPLCAParam::835" Content="第十五軸第一段尋原點速度(mm/min;mm/min)" />
	<Message ID="SPLCAParam::836" Content="第十六軸第一段尋原點速度(mm/min;mm/min)" />
	<Message ID="SPLCAParam::841" Content="第一軸第二段尋原點速度(mm/min;mm/min)" />
	<Message ID="SPLCAParam::842" Content="第二軸第二段尋原點速度(mm/min;mm/min)" />
	<Message ID="SPLCAParam::843" Content="第三軸第二段尋原點速度(mm/min;mm/min)" />
	<Message ID="SPLCAParam::844" Content="第四軸第二段尋原點速度(mm/min;mm/min)" />
	<Message ID="SPLCAParam::845" Content="第五軸第二段尋原點速度(mm/min;mm/min)" />
	<Message ID="SPLCAParam::846" Content="第六軸第二段尋原點速度(mm/min;mm/min)" />
	<Message ID="SPLCAParam::847" Content="第七軸第二段尋原點速度(mm/min;mm/min)" />
	<Message ID="SPLCAParam::848" Content="第八軸第二段尋原點速度(mm/min;mm/min)" />
	<Message ID="SPLCAParam::849" Content="第九軸第二段尋原點速度(mm/min;mm/min)" />
	<Message ID="SPLCAParam::850" Content="第十軸第二段尋原點速度(mm/min;mm/min)" />
	<Message ID="SPLCAParam::851" Content="第十一軸第二段尋原點速度(mm/min;mm/min)" />
	<Message ID="SPLCAParam::852" Content="第十二軸第二段尋原點速度(mm/min;mm/min)" />
	<Message ID="SPLCAParam::853" Content="第十三軸第二段尋原點速度(mm/min;mm/min)" />
	<Message ID="SPLCAParam::854" Content="第十四軸第二段尋原點速度(mm/min;mm/min)" />
	<Message ID="SPLCAParam::855" Content="第十五軸第二段尋原點速度(mm/min;mm/min)" />
	<Message ID="SPLCAParam::856" Content="第十六軸第二段尋原點速度(mm/min;mm/min)" />
	<Message ID="SPLCAParam::861" Content="第一軸尋原點方向為負方向(0：正方向；1：負方向)" />
	<Message ID="SPLCAParam::862" Content="第二軸尋原點方向為負方向(0：正方向；1：負方向)" />
	<Message ID="SPLCAParam::863" Content="第三軸尋原點方向為負方向(0：正方向；1：負方向)" />
	<Message ID="SPLCAParam::864" Content="第四軸尋原點方向為負方向(0：正方向；1：負方向)" />
	<Message ID="SPLCAParam::865" Content="第五軸尋原點方向為負方向(0：正方向；1：負方向)" />
	<Message ID="SPLCAParam::866" Content="第六軸尋原點方向為負方向(0：正方向；1：負方向)" />
	<Message ID="SPLCAParam::867" Content="第七軸尋原點方向為負方向(0：正方向；1：負方向)" />
	<Message ID="SPLCAParam::868" Content="第八軸尋原點方向為負方向(0：正方向；1：負方向)" />
	<Message ID="SPLCAParam::869" Content="第九軸尋原點方向為負方向(0：正方向；1：負方向)" />
	<Message ID="SPLCAParam::870" Content="第十軸尋原點方向為負方向(0：正方向；1：負方向)" />
	<Message ID="SPLCAParam::871" Content="第十一軸尋原點方向為負方向(0：正方向；1：負方向)" />
	<Message ID="SPLCAParam::872" Content="第十二軸尋原點方向為負方向(0：正方向；1：負方向)" />
	<Message ID="SPLCAParam::873" Content="第十三軸尋原點方向為負方向(0：正方向；1：負方向)" />
	<Message ID="SPLCAParam::874" Content="第十四軸尋原點方向為負方向(0：正方向；1：負方向)" />
	<Message ID="SPLCAParam::875" Content="第十五軸尋原點方向為負方向(0：正方向；1：負方向)" />
	<Message ID="SPLCAParam::876" Content="第十六軸尋原點方向為負方向(0：正方向；1：負方向)" />
	<Message ID="SPLCAParam::881" Content="第一軸尋原點的偏移量(um)" />
	<Message ID="SPLCAParam::882" Content="第二軸尋原點的偏移量(um)" />
	<Message ID="SPLCAParam::883" Content="第三軸尋原點的偏移量(um)" />
	<Message ID="SPLCAParam::884" Content="第四軸尋原點的偏移量(um)" />
	<Message ID="SPLCAParam::885" Content="第五軸尋原點的偏移量(um)" />
	<Message ID="SPLCAParam::886" Content="第六軸尋原點的偏移量(um)" />
	<Message ID="SPLCAParam::887" Content="第七軸尋原點的偏移量(um)" />
	<Message ID="SPLCAParam::888" Content="第八軸尋原點的偏移量(um)" />
	<Message ID="SPLCAParam::889" Content="第九軸尋原點的偏移量(um)" />
	<Message ID="SPLCAParam::890" Content="第十軸尋原點的偏移量(um)" />
	<Message ID="SPLCAParam::891" Content="第十一軸尋原點的偏移量(um)" />
	<Message ID="SPLCAParam::892" Content="第十二軸尋原點的偏移量(um)" />
	<Message ID="SPLCAParam::893" Content="第十三軸尋原點的偏移量(um)" />
	<Message ID="SPLCAParam::894" Content="第十四軸尋原點的偏移量(um)" />
	<Message ID="SPLCAParam::895" Content="第十五軸尋原點的偏移量(um)" />
	<Message ID="SPLCAParam::896" Content="第十六軸尋原點的偏移量(um)" />
	<Message ID="SPLCAParam::961" Content="第一軸尋原點方法(0:DOG)" />
	<Message ID="SPLCAParam::962" Content="第二軸尋原點方法(0:DOG)" />
	<Message ID="SPLCAParam::963" Content="第三軸尋原點方法(0:DOG)" />
	<Message ID="SPLCAParam::964" Content="第四軸尋原點方法(0:DOG)" />
	<Message ID="SPLCAParam::965" Content="第五軸尋原點方法(0:DOG)" />
	<Message ID="SPLCAParam::966" Content="第六軸尋原點方法(0:DOG)" />
	<Message ID="SPLCAParam::967" Content="第七軸尋原點方法(0:DOG)" />
	<Message ID="SPLCAParam::968" Content="第八軸尋原點方法(0:DOG)" />
	<Message ID="SPLCAParam::969" Content="第九軸尋原點方法(0:DOG)" />
	<Message ID="SPLCAParam::970" Content="第十軸尋原點方法(0:DOG)" />
	<Message ID="SPLCAParam::971" Content="第十一軸尋原點方法(0:DOG)" />
	<Message ID="SPLCAParam::972" Content="第十二軸尋原點方法(0:DOG)" />
	<Message ID="SPLCAParam::973" Content="第十三軸尋原點方法(0:DOG)" />
	<Message ID="SPLCAParam::974" Content="第十四軸尋原點方法(0:DOG)" />
	<Message ID="SPLCAParam::975" Content="第十五軸尋原點方法(0:DOG)" />
	<Message ID="SPLCAParam::976" Content="第十六軸尋原點方法(0:DOG)" />
	<Message ID="SPLCAParam::2401" Content="第一軸軟體行程正極限(um)" />
	<Message ID="SPLCAParam::2402" Content="第一軸軟體行程負極限(um)" />
	<Message ID="SPLCAParam::2403" Content="第二軸軟體行程正極限(um)" />
	<Message ID="SPLCAParam::2404" Content="第二軸軟體行程負極限(um)" />
	<Message ID="SPLCAParam::2405" Content="第三軸軟體行程正極限(um)" />
	<Message ID="SPLCAParam::2406" Content="第三軸軟體行程負極限(um)" />
	<Message ID="SPLCAParam::2407" Content="第四軸軟體行程正極限(um)" />
	<Message ID="SPLCAParam::2408" Content="第四軸軟體行程負極限(um)" />
	<Message ID="SPLCAParam::2409" Content="第五軸軟體行程正極限(um)" />
	<Message ID="SPLCAParam::2410" Content="第五軸軟體行程負極限(um)" />
	<Message ID="SPLCAParam::2411" Content="第六軸軟體行程正極限(um)" />
	<Message ID="SPLCAParam::2412" Content="第六軸軟體行程負極限(um)" />
	<Message ID="SPLCAParam::2413" Content="第七軸軟體行程正極限(um)" />
	<Message ID="SPLCAParam::2414" Content="第七軸軟體行程負極限(um)" />
	<Message ID="SPLCAParam::2415" Content="第八軸軟體行程正極限(um)" />
	<Message ID="SPLCAParam::2416" Content="第八軸軟體行程負極限(um)" />
	<Message ID="SPLCAParam::2417" Content="第九軸軟體行程正極限(um)" />
	<Message ID="SPLCAParam::2418" Content="第九軸軟體行程負極限(um)" />
	<Message ID="SPLCAParam::2419" Content="第十軸軟體行程正極限(um)" />
	<Message ID="SPLCAParam::2420" Content="第十軸軟體行程負極限(um)" />
	<Message ID="SPLCAParam::2421" Content="第十一軸軟體行程正極限(um)" />
	<Message ID="SPLCAParam::2422" Content="第十一軸軟體行程負極限(um)" />
	<Message ID="SPLCAParam::2423" Content="第十二軸軟體行程正極限(um)" />
	<Message ID="SPLCAParam::2424" Content="第十二軸軟體行程負極限(um)" />
	<Message ID="SPLCAParam::2425" Content="第十三軸軟體行程正極限(um)" />
	<Message ID="SPLCAParam::2426" Content="第十三軸軟體行程負極限(um)" />
	<Message ID="SPLCAParam::2427" Content="第十四軸軟體行程正極限(um)" />
	<Message ID="SPLCAParam::2428" Content="第十四軸軟體行程負極限(um)" />
	<Message ID="SPLCAParam::2429" Content="第十五軸軟體行程正極限(um)" />
	<Message ID="SPLCAParam::2430" Content="第十五軸軟體行程負極限(um)" />
	<Message ID="SPLCAParam::2431" Content="第十六軸軟體行程正極限(um)" />
	<Message ID="SPLCAParam::2432" Content="第十六軸軟體行程負極限(um)" />
</ResMap>
