﻿<?xml version="1.0" encoding="UTF-8"?>
<!--Created by 'eHMI'version2.2.22-->
<!--BROWSER SIZE|H:470|W:800-->
<Screen>
  <Name>SerialTuning_AT1</Name>
  <Panel>
    <Left>0</Left>
    <Top>0</Top>
    <Width>800</Width>
    <Height>470</Height>
    <Name>Panel1</Name>
    <BackColor>0,0,0</BackColor>
    <Depth>16</Depth>
  </Panel>
  <Label>
    <Left>21</Left>
    <Top>203</Top>
    <Height>32</Height>
    <Width>50</Width>
    <Name>Result1</Name>
    <FontSize>14</FontSize>
    <Alignment>2</Alignment>
    <ForeColor>255,255,255</ForeColor>
    <BackColor>0,0,0</BackColor>
	<BorderStyle>2</BorderStyle>
    <BorderColor>255,255,255</BorderColor>
    <Caption>Axis</Caption>
    <Wrap>True</Wrap>
    <Depth>15</Depth>
  </Label>
  <Label>
    <Left>21</Left>
    <Top>165</Top>
    <Height>32</Height>
    <Width>94</Width>
    <Name>Label1</Name>
    <FontSize>18</FontSize>
    <Alignment>0</Alignment>
	<ForeColor>0,128,0</ForeColor>
    <BackColor>0,0,0</BackColor>
    <Caption>STR::Browser::AutoTuning::Label::SelectAxis</Caption>
    <Wrap>True</Wrap>
    <Depth>13</Depth>
  </Label>
  <Label>
    <Left>265</Left>
    <Top>51</Top>
    <Height>105</Height>
    <Width>510</Width>
    <Name>Board</Name>
    <BorderStyle>2</BorderStyle>
    <BorderColor>255,255,255</BorderColor>
    <BackColor>0,0,0</BackColor>
    <Caption>
    </Caption>
  </Label>
  <Label>
    <Left>270</Left>
    <Top>56</Top>
    <Height>95</Height>
    <Width>502</Width>
    <Name>TAction</Name>
    <FontSize>14</FontSize>
    <Alignment>3</Alignment>
    <BorderColor>255,255,255</BorderColor>
    <ForeColor>255,255,255</ForeColor>
    <BackColor>0,0,0</BackColor>
    <Caption>STR::Browser::AutoTuning::Action::Hint2</Caption>
    <Wrap>True</Wrap>
    <Depth>12</Depth>
  </Label>
  <Label>
    <Left>4</Left>
    <Top>58</Top>
    <Height>40</Height>
    <Width>240</Width>
    <Name>TStep</Name>
    <FontSize>18</FontSize>
    <BorderStyle>2</BorderStyle>
    <BorderColor>255,255,255</BorderColor>
    <ForeColor>255,255,255</ForeColor>
    <BackColor>0,0,0</BackColor>
    <Caption>STR::Browser::AutoTuning::Chart::Step2</Caption>
    <Wrap>True</Wrap>
    <Depth>9</Depth>
  </Label>
  <Label>
    <Left>21</Left>
    <Top>239</Top>
    <Height>32</Height>
    <Width>100</Width>
    <Name>Label3</Name>
    <FontSize>16</FontSize>
    <Alignment>0</Alignment>
    <ForeColor>0,128,0</ForeColor>
    <BackColor>0,0,0</BackColor>
    <Caption>STR::Browser::AutoTuning::Label::LimitPos1</Caption>
    <Wrap>True</Wrap>
    <Depth>4</Depth>
  </Label>
  <Label>
    <Left>130</Left>
    <Top>239</Top>
    <Height>32</Height>
    <Width>100</Width>
    <Name>Label4</Name>
    <FontSize>16</FontSize>
    <Alignment>0</Alignment>
    <ForeColor>0,128,0</ForeColor>
    <BackColor>0,0,0</BackColor>
    <Caption>STR::Browser::AutoTuning::Label::LimitPos2</Caption>
    <Wrap>True</Wrap>
    <Depth>3</Depth>
  </Label>
  <Label>
    <Left>21</Left>
    <Top>272</Top>
    <Height>32</Height>
    <Width>100</Width>
    <Name>Param2</Name>
    <FontSize>14</FontSize>
    <Alignment>0</Alignment>
    <ForeColor>255,255,255</ForeColor>
    <BackColor>0,0,0</BackColor>
    <Caption>
    </Caption>
    <Wrap>True</Wrap>
    <Depth>2</Depth>
  </Label>
  <Label>
    <Left>21</Left>
    <Top>272</Top>
    <Height>32</Height>
    <Width>100</Width>
    <Name>Param4</Name>
    <FontSize>14</FontSize>
    <Visible>False</Visible>
    <Caption>
    </Caption>
    <Depth>0</Depth>
  </Label>
  <Label>
    <Left>130</Left>
    <Top>272</Top>
    <Height>32</Height>
    <Width>100</Width>
    <Name>Param3</Name>
    <FontSize>14</FontSize>
    <Alignment>0</Alignment>
    <ForeColor>255,255,255</ForeColor>
    <BackColor>0,0,0</BackColor>
    <Caption>
    </Caption>
    <Wrap>True</Wrap>
    <Depth>1</Depth>
  </Label>
  <Label>
    <Left>130</Left>
    <Top>272</Top>
    <Height>32</Height>
    <Width>100</Width>
    <Name>Param5</Name>
    <FontSize>14</FontSize>
    <Visible>False</Visible>
    <Caption>
    </Caption>
    <Depth>0</Depth>
  </Label>
  <Display>
    <Left>80</Left>
    <Top>203</Top>
    <Height>32</Height>
    <Width>100</Width>
    <Name>DCoord</Name>
    <FontSize>14</FontSize>
    <Alignment>0</Alignment>
    <ForeColor>255,255,255</ForeColor>
    <BackColor>0,0,0</BackColor>
    <Depth>0</Depth>
  </Display>
  <Label>
    <Left>4</Left>
    <Top>4</Top>
    <Height>39</Height>
    <Width>138</Width>
    <Name>Label2</Name>
    <FontSize>20</FontSize>
    <ForeColor>0,255,0</ForeColor>
    <BackColor>0,0,0</BackColor>
    <Caption>STR::Browser::AutoTuning::Label::TuningStatus</Caption>
  </Label>
  <Label>
    <Left>4</Left>
    <Top>110</Top>
    <Height>39</Height>
    <Width>138</Width>
    <Name>Label5</Name>
    <FontSize>20</FontSize>
    <ForeColor>0,255,0</ForeColor>
    <BackColor>0,0,0</BackColor>
    <Caption>STR::Browser::AutoTuning::Label::Setting</Caption>
  </Label>
  <Label>
    <Left>265</Left>
    <Top>4</Top>
    <Height>38</Height>
    <Width>138</Width>
    <Name>Label6</Name>
    <FontSize>20</FontSize>
    <ForeColor>0,255,0</ForeColor>
    <BackColor>0,0,0</BackColor>
    <Caption>STR::Browser::AutoTuning::Label::Hint</Caption>
  </Label>
</Screen>