﻿<?xml version="1.0" encoding="UTF-8"?>
<!--Created by 'eHMI'version2.2.17-->
<!--BROWSER SIZE|H:600|W:800-->
<Screen>
  <Name>HSHPParamData</Name>
  <Panel>
    <Left>0</Left>
    <Top>0</Top>
    <Width>800</Width>
    <Height>470</Height>
    <Name>Panel_ParamNoHead</Name>
    <BorderStyle>0</BorderStyle>
    <Depth>75</Depth>
    <BackColor>192,192,192</BackColor>
  </Panel>
  <Label>
    <Left>4</Left>
    <Top>7</Top>
    <Height>27</Height>
    <Width>50</Width>
    <Name>Lab_ParamNoHead</Name>
    <FontSize>14</FontSize>
    <BorderStyle>0</BorderStyle>
    <Depth>74</Depth>
    <ForeColor>0,128,0</ForeColor>
    <BackColor>192,192,192</BackColor>
    <Caption>STR::Browser::HSHPParamData::Caption::Lab_ParamNoHead::ParamID</Caption>
  </Label>
  <Label>
    <Left>210</Left>
    <Top>7</Top>
    <Height>27</Height>
    <Width>50</Width>
    <Name>Lab_ParamTitleHead</Name>
    <FontSize>14</FontSize>
    <BorderStyle>0</BorderStyle>
    <Depth>73</Depth>
    <ForeColor>0,128,0</ForeColor>
    <BackColor>192,192,192</BackColor>
    <Caption>STR::Browser::HSHPParamData::Caption::Lab_ParamTitleHead::ParamItem</Caption>
  </Label>
  <Label>
    <Left>493</Left>
    <Top>7</Top>
    <Height>27</Height>
    <Width>60</Width>
    <Name>Lab_P1</Name>
    <FontSize>14</FontSize>
    <BorderStyle>0</BorderStyle>
    <Depth>72</Depth>
    <ForeColor>0,128,0</ForeColor>
    <BackColor>192,192,192</BackColor>
    <Caption>P1</Caption>
  </Label>
  <Label>
    <Left>554</Left>
    <Top>7</Top>
    <Height>27</Height>
    <Width>60</Width>
    <Name>Lab_P2</Name>
    <FontSize>14</FontSize>
    <BorderStyle>0</BorderStyle>
    <Depth>71</Depth>
    <ForeColor>0,128,0</ForeColor>
    <BackColor>192,192,192</BackColor>
    <Caption>P2</Caption>
  </Label>
  <Label>
    <Left>615</Left>
    <Top>7</Top>
    <Height>27</Height>
    <Width>60</Width>
    <Name>Lab_P3</Name>
    <FontSize>14</FontSize>
    <BorderStyle>0</BorderStyle>
    <Depth>70</Depth>
    <ForeColor>0,128,0</ForeColor>
    <BackColor>192,192,192</BackColor>
    <Caption>P3</Caption>
  </Label>
  <Label>
    <Left>676</Left>
    <Top>7</Top>
    <Height>27</Height>
    <Width>60</Width>
    <Name>Lab_P4</Name>
    <FontSize>14</FontSize>
    <BorderStyle>0</BorderStyle>
    <Depth>69</Depth>
    <ForeColor>0,128,0</ForeColor>
    <BackColor>192,192,192</BackColor>
    <Caption>P4</Caption>
  </Label>
  <Label>
    <Left>735</Left>
    <Top>7</Top>
    <Height>27</Height>
    <Width>60</Width>
    <Name>Lab_P5</Name>
    <FontSize>14</FontSize>
    <BorderStyle>0</BorderStyle>
    <Depth>68</Depth>
    <ForeColor>0,128,0</ForeColor>
    <BackColor>192,192,192</BackColor>
    <Caption>P5</Caption>
  </Label>
  <Label>
    <Left>4</Left>
    <Top>34</Top>
    <Height>27</Height>
    <Width>50</Width>
    <Name>ParamGrid.Lab_ParamNo[1]</Name>
    <FontSize>11.5</FontSize>
    <BorderStyle>1</BorderStyle>
    <Depth>67</Depth>
    <BorderColor>128,128,128</BorderColor>
    <ForeColor>0,255,0</ForeColor>
    <BackColor>128,128,128</BackColor>
    <Caption>
    </Caption>
  </Label>
  <Label>
    <Left>4</Left>
    <Top>61</Top>
    <Height>27</Height>
    <Width>50</Width>
    <Name>ParamGrid.Lab_ParamNo[2]</Name>
    <FontSize>11.5</FontSize>
    <BorderStyle>1</BorderStyle>
    <Depth>66</Depth>
    <BorderColor>128,128,128</BorderColor>
    <ForeColor>0,255,0</ForeColor>
    <BackColor>128,128,128</BackColor>
    <Caption>
    </Caption>
  </Label>
  <Label>
    <Left>4</Left>
    <Top>88</Top>
    <Height>27</Height>
    <Width>50</Width>
    <Name>ParamGrid.Lab_ParamNo[3]</Name>
    <FontSize>11.5</FontSize>
    <BorderStyle>1</BorderStyle>
    <Depth>65</Depth>
    <BorderColor>128,128,128</BorderColor>
    <ForeColor>0,255,0</ForeColor>
    <BackColor>128,128,128</BackColor>
    <Caption>
    </Caption>
  </Label>
  <Label>
    <Left>4</Left>
    <Top>115</Top>
    <Height>27</Height>
    <Width>50</Width>
    <Name>ParamGrid.Lab_ParamNo[4]</Name>
    <FontSize>11.5</FontSize>
    <BorderStyle>1</BorderStyle>
    <Depth>64</Depth>
    <BorderColor>128,128,128</BorderColor>
    <ForeColor>0,255,0</ForeColor>
    <BackColor>128,128,128</BackColor>
    <Caption>
    </Caption>
  </Label>
  <Label>
    <Left>4</Left>
    <Top>142</Top>
    <Height>27</Height>
    <Width>50</Width>
    <Name>ParamGrid.Lab_ParamNo[5]</Name>
    <FontSize>11.5</FontSize>
    <BorderStyle>1</BorderStyle>
    <Depth>63</Depth>
    <BorderColor>128,128,128</BorderColor>
    <ForeColor>0,255,0</ForeColor>
    <BackColor>128,128,128</BackColor>
    <Caption>
    </Caption>
  </Label>
  <Label>
    <Left>4</Left>
    <Top>169</Top>
    <Height>40</Height>
    <Width>50</Width>
    <Name>ParamGrid.Lab_ParamNo[6]</Name>
    <FontSize>11.5</FontSize>
    <BorderStyle>1</BorderStyle>
    <Depth>62</Depth>
    <BorderColor>128,128,128</BorderColor>
    <ForeColor>0,255,0</ForeColor>
    <BackColor>128,128,128</BackColor>
    <Caption>
    </Caption>
  </Label>
  <Label>
    <Left>56</Left>
    <Top>34</Top>
    <Height>27</Height>
    <Width>372</Width>
    <Name>ParamGrid.Lab_ParamTitle[1]</Name>
    <FontSize>11.5</FontSize>
    <Alignment>0</Alignment>
    <BorderStyle>1</BorderStyle>
    <Depth>61</Depth>
    <BorderColor>0,0,0</BorderColor>
    <ForeColor>255,255,0</ForeColor>
    <BackColor>128,128,128</BackColor>
    <Caption>
    </Caption>
  </Label>
  <Label>
    <Left>56</Left>
    <Top>61</Top>
    <Height>27</Height>
    <Width>372</Width>
    <Name>ParamGrid.Lab_ParamTitle[2]</Name>
    <FontSize>11.5</FontSize>
    <Alignment>0</Alignment>
    <BorderStyle>1</BorderStyle>
    <Depth>60</Depth>
    <BorderColor>0,0,0</BorderColor>
    <ForeColor>255,255,0</ForeColor>
    <BackColor>128,128,128</BackColor>
    <Caption>
    </Caption>
  </Label>
  <Label>
    <Left>56</Left>
    <Top>88</Top>
    <Height>27</Height>
    <Width>372</Width>
    <Name>ParamGrid.Lab_ParamTitle[3]</Name>
    <FontSize>11.5</FontSize>
    <Alignment>0</Alignment>
    <BorderStyle>1</BorderStyle>
    <Depth>59</Depth>
    <BorderColor>0,0,0</BorderColor>
    <ForeColor>255,255,0</ForeColor>
    <BackColor>128,128,128</BackColor>
    <Caption>
    </Caption>
  </Label>
  <Label>
    <Left>56</Left>
    <Top>115</Top>
    <Height>27</Height>
    <Width>372</Width>
    <Name>ParamGrid.Lab_ParamTitle[4]</Name>
    <FontSize>11.5</FontSize>
    <Alignment>0</Alignment>
    <BorderStyle>1</BorderStyle>
    <Depth>58</Depth>
    <BorderColor>0,0,0</BorderColor>
    <ForeColor>255,255,0</ForeColor>
    <BackColor>128,128,128</BackColor>
    <Caption>
    </Caption>
  </Label>
  <Label>
    <Left>56</Left>
    <Top>142</Top>
    <Height>27</Height>
    <Width>372</Width>
    <Name>ParamGrid.Lab_ParamTitle[5]</Name>
    <FontSize>11.5</FontSize>
    <Alignment>0</Alignment>
    <BorderStyle>1</BorderStyle>
    <Depth>57</Depth>
    <BorderColor>0,0,0</BorderColor>
    <ForeColor>255,255,0</ForeColor>
    <BackColor>128,128,128</BackColor>
    <Caption>
    </Caption>
  </Label>
  <Label>
    <Left>56</Left>
    <Top>169</Top>
    <Height>40</Height>
    <Width>372</Width>
    <Name>ParamGrid.Lab_ParamTitle[6]</Name>
    <FontSize>11.5</FontSize>
    <Alignment>0</Alignment>
    <BorderStyle>1</BorderStyle>
    <Depth>56</Depth>
    <BorderColor>0,0,0</BorderColor>
    <ForeColor>255,255,0</ForeColor>
    <BackColor>128,128,128</BackColor>
    <Caption>
    </Caption>
    <Wrap>True</Wrap>
  </Label>
  <Label>
    <Left>432</Left>
    <Top>34</Top>
    <Height>27</Height>
    <Width>60</Width>
    <Name>ParamGrid.Lab_Param0[1]</Name>
    <FontSize>11.5</FontSize>
    <BorderStyle>1</BorderStyle>
    <Depth>55</Depth>
    <BorderColor>128,128,128</BorderColor>
    <ForeColor>0,0,0</ForeColor>
    <BackColor>255,255,255</BackColor>
    <Caption>
    </Caption>
  </Label>
  <Label>
    <Left>432</Left>
    <Top>61</Top>
    <Height>27</Height>
    <Width>60</Width>
    <Name>ParamGrid.Lab_Param0[2]</Name>
    <FontSize>11.5</FontSize>
    <BorderStyle>1</BorderStyle>
    <Depth>54</Depth>
    <BorderColor>128,128,128</BorderColor>
    <ForeColor>0,0,0</ForeColor>
    <BackColor>255,255,255</BackColor>
    <Caption>
    </Caption>
  </Label>
  <Label>
    <Left>432</Left>
    <Top>88</Top>
    <Height>27</Height>
    <Width>60</Width>
    <Name>ParamGrid.Lab_Param0[3]</Name>
    <FontSize>11.5</FontSize>
    <BorderStyle>1</BorderStyle>
    <Depth>53</Depth>
    <BorderColor>128,128,128</BorderColor>
    <ForeColor>0,0,0</ForeColor>
    <BackColor>255,255,255</BackColor>
    <Caption>
    </Caption>
  </Label>
  <Label>
    <Left>432</Left>
    <Top>115</Top>
    <Height>27</Height>
    <Width>60</Width>
    <Name>ParamGrid.Lab_Param0[4]</Name>
    <FontSize>11.5</FontSize>
    <BorderStyle>1</BorderStyle>
    <Depth>52</Depth>
    <BorderColor>128,128,128</BorderColor>
    <ForeColor>0,0,0</ForeColor>
    <BackColor>255,255,255</BackColor>
    <Caption>
    </Caption>
  </Label>
  <Label>
    <Left>432</Left>
    <Top>142</Top>
    <Height>27</Height>
    <Width>60</Width>
    <Name>ParamGrid.Lab_Param0[5]</Name>
    <FontSize>11.5</FontSize>
    <BorderStyle>1</BorderStyle>
    <Depth>51</Depth>
    <BorderColor>128,128,128</BorderColor>
    <ForeColor>0,0,0</ForeColor>
    <BackColor>255,255,255</BackColor>
    <Caption>
    </Caption>
  </Label>
  <Label>
    <Left>432</Left>
    <Top>169</Top>
    <Height>40</Height>
    <Width>60</Width>
    <Name>ParamGrid.Lab_Param0[6]</Name>
    <FontSize>11.5</FontSize>
    <BorderStyle>1</BorderStyle>
    <Depth>50</Depth>
    <BorderColor>128,128,128</BorderColor>
    <ForeColor>0,0,0</ForeColor>
    <BackColor>255,255,255</BackColor>
    <Caption>
    </Caption>
  </Label>
  <Input>
    <Left>491</Left>
    <Top>34</Top>
    <Height>27</Height>
    <Width>62</Width>
    <Name>ParamGrid.Inp_Param1[1]</Name>
    <FontSize>11.5</FontSize>
    <BorderStyle>1</BorderStyle>
    <Depth>49</Depth>
    <ForeColor>255,255,255</ForeColor>
    <BackColor>0,0,255</BackColor>
  </Input>
  <Input>
    <Left>491</Left>
    <Top>61</Top>
    <Height>27</Height>
    <Width>62</Width>
    <Name>ParamGrid.Inp_Param1[2]</Name>
    <FontSize>11.5</FontSize>
    <BorderStyle>1</BorderStyle>
    <Depth>48</Depth>
    <ForeColor>255,255,255</ForeColor>
    <BackColor>0,0,255</BackColor>
  </Input>
  <Input>
    <Left>491</Left>
    <Top>88</Top>
    <Height>27</Height>
    <Width>62</Width>
    <Name>ParamGrid.Inp_Param1[3]</Name>
    <FontSize>11.5</FontSize>
    <BorderStyle>1</BorderStyle>
    <Depth>47</Depth>
    <ForeColor>255,255,255</ForeColor>
    <BackColor>0,0,255</BackColor>
  </Input>
  <Input>
    <Left>491</Left>
    <Top>115</Top>
    <Height>27</Height>
    <Width>62</Width>
    <Name>ParamGrid.Inp_Param1[4]</Name>
    <FontSize>11.5</FontSize>
    <BorderStyle>1</BorderStyle>
    <Depth>46</Depth>
    <ForeColor>255,255,255</ForeColor>
    <BackColor>0,0,255</BackColor>
  </Input>
  <Input>
    <Left>491</Left>
    <Top>142</Top>
    <Height>27</Height>
    <Width>62</Width>
    <Name>ParamGrid.Inp_Param1[5]</Name>
    <FontSize>11.5</FontSize>
    <BorderStyle>1</BorderStyle>
    <Depth>45</Depth>
    <ForeColor>255,255,255</ForeColor>
    <BackColor>0,0,255</BackColor>
  </Input>
  <Input>
    <Left>491</Left>
    <Top>169</Top>
    <Height>40</Height>
    <Width>62</Width>
    <Name>ParamGrid.Inp_Param1[6]</Name>
    <FontSize>11.5</FontSize>
    <BorderStyle>1</BorderStyle>
    <Depth>44</Depth>
    <ForeColor>255,255,255</ForeColor>
    <BackColor>0,0,255</BackColor>
  </Input>
  <Input>
    <Left>552</Left>
    <Top>34</Top>
    <Height>27</Height>
    <Width>62</Width>
    <Name>ParamGrid.Inp_Param2[1]</Name>
    <FontSize>11.5</FontSize>
    <BorderStyle>1</BorderStyle>
    <Depth>43</Depth>
    <ForeColor>255,255,255</ForeColor>
    <BackColor>0,0,255</BackColor>
  </Input>
  <Input>
    <Left>552</Left>
    <Top>61</Top>
    <Height>27</Height>
    <Width>62</Width>
    <Name>ParamGrid.Inp_Param2[2]</Name>
    <FontSize>11.5</FontSize>
    <BorderStyle>1</BorderStyle>
    <Depth>42</Depth>
    <ForeColor>255,255,255</ForeColor>
    <BackColor>0,0,255</BackColor>
  </Input>
  <Input>
    <Left>552</Left>
    <Top>88</Top>
    <Height>27</Height>
    <Width>62</Width>
    <Name>ParamGrid.Inp_Param2[3]</Name>
    <FontSize>11.5</FontSize>
    <BorderStyle>1</BorderStyle>
    <Depth>41</Depth>
    <ForeColor>255,255,255</ForeColor>
    <BackColor>0,0,255</BackColor>
  </Input>
  <Input>
    <Left>552</Left>
    <Top>115</Top>
    <Height>27</Height>
    <Width>62</Width>
    <Name>ParamGrid.Inp_Param2[4]</Name>
    <FontSize>11.5</FontSize>
    <BorderStyle>1</BorderStyle>
    <Depth>40</Depth>
    <ForeColor>255,255,255</ForeColor>
    <BackColor>0,0,255</BackColor>
  </Input>
  <Input>
    <Left>552</Left>
    <Top>142</Top>
    <Height>27</Height>
    <Width>62</Width>
    <Name>ParamGrid.Inp_Param2[5]</Name>
    <FontSize>11.5</FontSize>
    <BorderStyle>1</BorderStyle>
    <Depth>39</Depth>
    <ForeColor>255,255,255</ForeColor>
    <BackColor>0,0,255</BackColor>
  </Input>
  <Input>
    <Left>552</Left>
    <Top>169</Top>
    <Height>40</Height>
    <Width>62</Width>
    <Name>ParamGrid.Inp_Param2[6]</Name>
    <FontSize>11.5</FontSize>
    <BorderStyle>1</BorderStyle>
    <Depth>38</Depth>
    <ForeColor>255,255,255</ForeColor>
    <BackColor>0,0,255</BackColor>
  </Input>
  <Input>
    <Left>613</Left>
    <Top>34</Top>
    <Height>27</Height>
    <Width>62</Width>
    <Name>ParamGrid.Inp_Param3[1]</Name>
    <FontSize>11.5</FontSize>
    <BorderStyle>1</BorderStyle>
    <Depth>37</Depth>
    <ForeColor>255,255,255</ForeColor>
    <BackColor>0,0,255</BackColor>
  </Input>
  <Input>
    <Left>613</Left>
    <Top>61</Top>
    <Height>27</Height>
    <Width>62</Width>
    <Name>ParamGrid.Inp_Param3[2]</Name>
    <FontSize>11.5</FontSize>
    <BorderStyle>1</BorderStyle>
    <Depth>36</Depth>
    <ForeColor>255,255,255</ForeColor>
    <BackColor>0,0,255</BackColor>
  </Input>
  <Input>
    <Left>613</Left>
    <Top>88</Top>
    <Height>27</Height>
    <Width>62</Width>
    <Name>ParamGrid.Inp_Param3[3]</Name>
    <FontSize>11.5</FontSize>
    <BorderStyle>1</BorderStyle>
    <Depth>35</Depth>
    <ForeColor>255,255,255</ForeColor>
    <BackColor>0,0,255</BackColor>
  </Input>
  <Input>
    <Left>613</Left>
    <Top>115</Top>
    <Height>27</Height>
    <Width>62</Width>
    <Name>ParamGrid.Inp_Param3[4]</Name>
    <FontSize>11.5</FontSize>
    <BorderStyle>1</BorderStyle>
    <Depth>34</Depth>
    <ForeColor>255,255,255</ForeColor>
    <BackColor>0,0,255</BackColor>
  </Input>
  <Input>
    <Left>613</Left>
    <Top>142</Top>
    <Height>27</Height>
    <Width>62</Width>
    <Name>ParamGrid.Inp_Param3[5]</Name>
    <FontSize>11.5</FontSize>
    <BorderStyle>1</BorderStyle>
    <Depth>33</Depth>
    <ForeColor>255,255,255</ForeColor>
    <BackColor>0,0,255</BackColor>
  </Input>
  <Input>
    <Left>613</Left>
    <Top>169</Top>
    <Height>40</Height>
    <Width>62</Width>
    <Name>ParamGrid.Inp_Param3[6]</Name>
    <FontSize>11.5</FontSize>
    <BorderStyle>1</BorderStyle>
    <Depth>32</Depth>
    <ForeColor>255,255,255</ForeColor>
    <BackColor>0,0,255</BackColor>
  </Input>
  <Input>
    <Left>674</Left>
    <Top>34</Top>
    <Height>27</Height>
    <Width>62</Width>
    <Name>ParamGrid.Inp_Param4[1]</Name>
    <FontSize>11.5</FontSize>
    <BorderStyle>1</BorderStyle>
    <Depth>31</Depth>
    <ForeColor>255,255,255</ForeColor>
    <BackColor>0,0,255</BackColor>
  </Input>
  <Input>
    <Left>674</Left>
    <Top>61</Top>
    <Height>27</Height>
    <Width>62</Width>
    <Name>ParamGrid.Inp_Param4[2]</Name>
    <FontSize>11.5</FontSize>
    <BorderStyle>1</BorderStyle>
    <Depth>30</Depth>
    <ForeColor>255,255,255</ForeColor>
    <BackColor>0,0,255</BackColor>
  </Input>
  <Input>
    <Left>674</Left>
    <Top>88</Top>
    <Height>27</Height>
    <Width>62</Width>
    <Name>ParamGrid.Inp_Param4[3]</Name>
    <FontSize>11.5</FontSize>
    <BorderStyle>1</BorderStyle>
    <Depth>29</Depth>
    <ForeColor>255,255,255</ForeColor>
    <BackColor>0,0,255</BackColor>
  </Input>
  <Input>
    <Left>674</Left>
    <Top>115</Top>
    <Height>27</Height>
    <Width>62</Width>
    <Name>ParamGrid.Inp_Param4[4]</Name>
    <FontSize>11.5</FontSize>
    <BorderStyle>1</BorderStyle>
    <Depth>28</Depth>
    <ForeColor>255,255,255</ForeColor>
    <BackColor>0,0,255</BackColor>
  </Input>
  <Input>
    <Left>674</Left>
    <Top>142</Top>
    <Height>27</Height>
    <Width>62</Width>
    <Name>ParamGrid.Inp_Param4[5]</Name>
    <FontSize>11.5</FontSize>
    <BorderStyle>1</BorderStyle>
    <Depth>27</Depth>
    <ForeColor>255,255,255</ForeColor>
    <BackColor>0,0,255</BackColor>
  </Input>
  <Input>
    <Left>674</Left>
    <Top>169</Top>
    <Height>40</Height>
    <Width>62</Width>
    <Name>ParamGrid.Inp_Param4[6]</Name>
    <FontSize>11.5</FontSize>
    <BorderStyle>1</BorderStyle>
    <Depth>26</Depth>
    <ForeColor>255,255,255</ForeColor>
    <BackColor>0,0,255</BackColor>
  </Input>
  <Input>
    <Left>735</Left>
    <Top>34</Top>
    <Height>27</Height>
    <Width>62</Width>
    <Name>ParamGrid.Inp_Param5[1]</Name>
    <FontSize>11.5</FontSize>
    <BorderStyle>1</BorderStyle>
    <Depth>25</Depth>
    <ForeColor>255,255,255</ForeColor>
    <BackColor>0,0,255</BackColor>
  </Input>
  <Input>
    <Left>735</Left>
    <Top>61</Top>
    <Height>27</Height>
    <Width>62</Width>
    <Name>ParamGrid.Inp_Param5[2]</Name>
    <FontSize>11.5</FontSize>
    <BorderStyle>1</BorderStyle>
    <Depth>24</Depth>
    <ForeColor>255,255,255</ForeColor>
    <BackColor>0,0,255</BackColor>
  </Input>
  <Input>
    <Left>735</Left>
    <Top>88</Top>
    <Height>27</Height>
    <Width>62</Width>
    <Name>ParamGrid.Inp_Param5[3]</Name>
    <FontSize>11.5</FontSize>
    <BorderStyle>1</BorderStyle>
    <Depth>23</Depth>
    <ForeColor>255,255,255</ForeColor>
    <BackColor>0,0,255</BackColor>
  </Input>
  <Input>
    <Left>735</Left>
    <Top>115</Top>
    <Height>27</Height>
    <Width>62</Width>
    <Name>ParamGrid.Inp_Param5[4]</Name>
    <FontSize>11.5</FontSize>
    <BorderStyle>1</BorderStyle>
    <Depth>22</Depth>
    <ForeColor>255,255,255</ForeColor>
    <BackColor>0,0,255</BackColor>
  </Input>
  <Input>
    <Left>735</Left>
    <Top>142</Top>
    <Height>27</Height>
    <Width>62</Width>
    <Name>ParamGrid.Inp_Param5[5]</Name>
    <FontSize>11.5</FontSize>
    <BorderStyle>1</BorderStyle>
    <Depth>21</Depth>
    <ForeColor>255,255,255</ForeColor>
    <BackColor>0,0,255</BackColor>
  </Input>
  <Input>
    <Left>735</Left>
    <Top>169</Top>
    <Height>40</Height>
    <Width>62</Width>
    <Name>ParamGrid.Inp_Param5[6]</Name>
    <FontSize>11.5</FontSize>
    <BorderStyle>1</BorderStyle>
    <Depth>20</Depth>
    <ForeColor>255,255,255</ForeColor>
    <BackColor>0,0,255</BackColor>
  </Input>
  <Label>
    <Left>17</Left>
    <Top>215</Top>
    <Height>27</Height>
    <Width>300</Width>
    <Name>DecriptionLabel</Name>
    <FontSize>14</FontSize>
    <Alignment>0</Alignment>
    <BorderStyle>0</BorderStyle>
    <Depth>19</Depth>
    <ForeColor>0,0,0</ForeColor>
    <BackColor>192,192,192</BackColor>
    <Caption>STR::Browser::HSHPParamData::Caption::DecriptionLabel::Description</Caption>
  </Label>
  <Label>
    <Left>33</Left>
    <Top>276</Top>
    <Height>27</Height>
    <Width>60</Width>
    <Name>DescriptLabel_P1</Name>
    <FontSize>14</FontSize>
    <BorderStyle>1</BorderStyle>
    <Depth>18</Depth>
    <BorderColor>128,128,128</BorderColor>
    <ForeColor>0,255,0</ForeColor>
    <BackColor>128,128,128</BackColor>
    <Caption>STR::Browser::HSHPParamData::Caption::DescriptLabel_P1::P1_desp</Caption>
  </Label>
  <Label>
    <Left>33</Left>
    <Top>305</Top>
    <Height>27</Height>
    <Width>60</Width>
    <Name>DescriptLabel_P2</Name>
    <FontSize>14</FontSize>
    <BorderStyle>1</BorderStyle>
    <Depth>17</Depth>
    <BorderColor>128,128,128</BorderColor>
    <ForeColor>0,255,0</ForeColor>
    <BackColor>128,128,128</BackColor>
    <Caption>STR::Browser::HSHPParamData::Caption::DescriptLabel_P2::P2_desp</Caption>
  </Label>
  <Label>
    <Left>33</Left>
    <Top>334</Top>
    <Height>27</Height>
    <Width>60</Width>
    <Name>DescriptLabel_P3</Name>
    <FontSize>14</FontSize>
    <BorderStyle>1</BorderStyle>
    <Depth>16</Depth>
    <BorderColor>128,128,128</BorderColor>
    <ForeColor>0,255,0</ForeColor>
    <BackColor>128,128,128</BackColor>
    <Caption>STR::Browser::HSHPParamData::Caption::DescriptLabel_P3::P3_desp</Caption>
  </Label>
  <Label>
    <Left>33</Left>
    <Top>363</Top>
    <Height>27</Height>
    <Width>60</Width>
    <Name>DescriptLabel_P4</Name>
    <FontSize>14</FontSize>
    <BorderStyle>1</BorderStyle>
    <Depth>15</Depth>
    <BorderColor>128,128,128</BorderColor>
    <ForeColor>0,255,0</ForeColor>
    <BackColor>128,128,128</BackColor>
    <Caption>STR::Browser::HSHPParamData::Caption::DescriptLabel_P4::P4_desp</Caption>
  </Label>
  <Label>
    <Left>33</Left>
    <Top>392</Top>
    <Height>27</Height>
    <Width>60</Width>
    <Name>DescriptLabel_P5</Name>
    <FontSize>14</FontSize>
    <BorderStyle>1</BorderStyle>
    <Depth>14</Depth>
    <BorderColor>128,128,128</BorderColor>
    <ForeColor>0,255,0</ForeColor>
    <BackColor>128,128,128</BackColor>
    <Caption>STR::Browser::HSHPParamData::Caption::DescriptLabel_P5::P5_desp</Caption>
  </Label>
  <Label>
    <Left>89</Left>
    <Top>245</Top>
    <Height>27</Height>
    <Width>100</Width>
    <Name>WorkTypeLabel</Name>
    <FontSize>14</FontSize>
    <BorderStyle>0</BorderStyle>
    <Depth>13</Depth>
    <ForeColor>0,128,0</ForeColor>
    <BackColor>192,192,192</BackColor>
    <Caption>STR::Browser::HSHPParamData::Caption::WorkTypeLabel::WorkType</Caption>
  </Label>
  <Label>
    <Left>100</Left>
    <Top>276</Top>
    <Height>27</Height>
    <Width>80</Width>
    <Name>WorkTypeP1Label</Name>
    <FontSize>14</FontSize>
    <BorderStyle>1</BorderStyle>
    <Depth>12</Depth>
    <BorderColor>128,128,128</BorderColor>
    <ForeColor>255,255,0</ForeColor>
    <BackColor>128,128,128</BackColor>
    <Caption>STR::Browser::HSHPParamData::Caption::WorkTypeP1Label::finish</Caption>
  </Label>
  <Label>
    <Left>100</Left>
    <Top>305</Top>
    <Height>27</Height>
    <Width>80</Width>
    <Name>WorkTypeP2Label</Name>
    <FontSize>14</FontSize>
    <BorderStyle>1</BorderStyle>
    <Depth>11</Depth>
    <BorderColor>128,128,128</BorderColor>
    <ForeColor>255,255,0</ForeColor>
    <BackColor>128,128,128</BackColor>
    <Caption>STR::Browser::HSHPParamData::Caption::WorkTypeP2Label::finish</Caption>
  </Label>
  <Label>
    <Left>100</Left>
    <Top>334</Top>
    <Height>27</Height>
    <Width>80</Width>
    <Name>WorkTypeP3Label</Name>
    <FontSize>14</FontSize>
    <BorderStyle>1</BorderStyle>
    <Depth>10</Depth>
    <BorderColor>128,128,128</BorderColor>
    <ForeColor>255,255,0</ForeColor>
    <BackColor>128,128,128</BackColor>
    <Caption>STR::Browser::HSHPParamData::Caption::WorkTypeP3Label::finish</Caption>
  </Label>
  <Label>
    <Left>100</Left>
    <Top>363</Top>
    <Height>27</Height>
    <Width>80</Width>
    <Name>WorkTypeP4Label</Name>
    <FontSize>14</FontSize>
    <BorderStyle>1</BorderStyle>
    <Depth>9</Depth>
    <BorderColor>128,128,128</BorderColor>
    <ForeColor>255,255,0</ForeColor>
    <BackColor>128,128,128</BackColor>
    <Caption>STR::Browser::HSHPParamData::Caption::WorkTypeP4Label::rough</Caption>
  </Label>
  <Label>
    <Left>100</Left>
    <Top>392</Top>
    <Height>27</Height>
    <Width>80</Width>
    <Name>WorkTypeP5Label</Name>
    <FontSize>14</FontSize>
    <BorderStyle>1</BorderStyle>
    <Depth>8</Depth>
    <BorderColor>128,128,128</BorderColor>
    <ForeColor>255,255,0</ForeColor>
    <BackColor>128,128,128</BackColor>
    <Caption>STR::Browser::HSHPParamData::Caption::WorkTypeP5Label::rough</Caption>
  </Label>
  <Label>
    <Left>365</Left>
    <Top>246</Top>
    <Height>27</Height>
    <Width>150</Width>
    <Name>CharLabel</Name>
    <FontSize>14</FontSize>
    <BorderStyle>0</BorderStyle>
    <Depth>7</Depth>
    <ForeColor>0,128,0</ForeColor>
    <BackColor>192,192,192</BackColor>
    <Caption>STR::Browser::HSHPParamData::Caption::CharLabel::Characteristic</Caption>
  </Label>
  <Label>
    <Left>188</Left>
    <Top>276</Top>
    <Height>27</Height>
    <Width>580</Width>
    <Name>CharP1Label</Name>
    <FontSize>14</FontSize>
    <Alignment>0</Alignment>
    <BorderStyle>0</BorderStyle>
    <Depth>6</Depth>
    <ForeColor>0,0,0</ForeColor>
    <BackColor>255,255,255</BackColor>
    <Caption>STR::Browser::HSHPParamData::Caption::CharP1Label::HighPrecision</Caption>
  </Label>
  <Label>
    <Left>188</Left>
    <Top>305</Top>
    <Height>27</Height>
    <Width>580</Width>
    <Name>CharP2Label</Name>
    <FontSize>14</FontSize>
    <Alignment>0</Alignment>
    <BorderStyle>0</BorderStyle>
    <Depth>5</Depth>
    <ForeColor>0,0,0</ForeColor>
    <BackColor>255,255,255</BackColor>
    <Caption>STR::Browser::HSHPParamData::Caption::CharP2Label::Normal</Caption>
  </Label>
  <Label>
    <Left>188</Left>
    <Top>334</Top>
    <Height>27</Height>
    <Width>580</Width>
    <Name>CharP3Label</Name>
    <FontSize>14</FontSize>
    <Alignment>0</Alignment>
    <BorderStyle>0</BorderStyle>
    <Depth>4</Depth>
    <ForeColor>0,0,0</ForeColor>
    <BackColor>255,255,255</BackColor>
    <Caption>STR::Browser::HSHPParamData::Caption::CharP3Label::HighSmooth</Caption>
  </Label>
  <Label>
    <Left>188</Left>
    <Top>363</Top>
    <Height>27</Height>
    <Width>580</Width>
    <Name>CharP4Label</Name>
    <FontSize>14</FontSize>
    <Alignment>0</Alignment>
    <BorderStyle>0</BorderStyle>
    <Depth>3</Depth>
    <ForeColor>0,0,0</ForeColor>
    <BackColor>255,255,255</BackColor>
    <Caption>STR::Browser::HSHPParamData::Caption::CharP4Label::Accuracy</Caption>
  </Label>
  <Label>
    <Left>188</Left>
    <Top>392</Top>
    <Height>27</Height>
    <Width>580</Width>
    <Name>CharP5Label</Name>
    <FontSize>14</FontSize>
    <Alignment>0</Alignment>
    <BorderStyle>0</BorderStyle>
    <Depth>2</Depth>
    <ForeColor>0,0,0</ForeColor>
    <BackColor>255,255,255</BackColor>
    <Caption>STR::Browser::HSHPParamData::Caption::CharP5Label::Steady</Caption>
  </Label>
  <Label>
    <Left>33</Left>
    <Top>422</Top>
    <Height>27</Height>
    <Width>700</Width>
    <Name>PostscriptumLabel</Name>
    <FontSize>14</FontSize>
    <Alignment>0</Alignment>
    <BorderStyle>0</BorderStyle>
    <Depth>1</Depth>
    <ForeColor>0,0,0</ForeColor>
    <BackColor>192,192,192</BackColor>
    <Caption>STR::Browser::HSHPParamData::Caption::PostscriptumLabel::PostscriptumLabel</Caption>
  </Label>
  <Label>
    <Left>412</Left>
    <Top>7</Top>
    <Height>27</Height>
    <Width>90</Width>
    <Name>Lab_P_Default</Name>
    <FontSize>14</FontSize>
    <BorderStyle>0</BorderStyle>
    <Depth>0</Depth>
    <ForeColor>0,128,0</ForeColor>
    <BackColor>192,192,192</BackColor>
    <Caption>STR::Browser::HSHPParamData::Caption::Lab_P_Default::HSHPParamDefault</Caption>
  </Label>
</Screen>
