﻿<?xml version="1.0" encoding="UTF-8"?>
<ResMap>
	<Message ID="Browser::SPLCAParam::Caption::1" Content="目標起始暫存器(Rn)" />
	<Message ID="Browser::SPLCAParam::Caption::21" Content="*驅動器站號" />
	<Message ID="Browser::SPLCAParam::Caption::61" Content="*位置感應器解析度(pulse/轉)" />
	<Message ID="Browser::SPLCAParam::Caption::121" Content="*螺桿側齒數" />
	<Message ID="Browser::SPLCAParam::Caption::122" Content="*馬達側齒數" />
	<Message ID="Browser::SPLCAParam::Caption::161" Content="*螺桿寬度(PITCH) 單位：um" />
	<Message ID="Browser::SPLCAParam::Caption::221" Content="軸型態(0:線性軸; 1:旋轉軸)" />
	<Message ID="Browser::SPLCAParam::Caption::401" Content="命令/狀態起始暫存器(Rm)" />
	<Message ID="Browser::SPLCAParam::Caption::461" Content="移動最高速度(mm/min;deg/min)" />
	<Message ID="Browser::SPLCAParam::Caption::481" Content="位置檢查視窗(um;0.001deg)" />
	<Message ID="Browser::SPLCAParam::Caption::821" Content="第一段尋原點速度(mm/min;deg/min)" />
	<Message ID="Browser::SPLCAParam::Caption::841" Content="第二段尋原點速度(mm/min;deg/min)" />
	<Message ID="Browser::SPLCAParam::Caption::861" Content="尋原點方向(0:正方向; 1:負方向)" />
	<Message ID="Browser::SPLCAParam::Caption::881" Content="尋原點的偏移量(um;0.001deg)" />
	<Message ID="Browser::SPLCAParam::Caption::961" Content="尋原點方法(0:DOG)" />
	<Message ID="Browser::SPLCAParam::Caption::2401" Content="軟體行程正極限(um;0.001deg)" />
	<Message ID="Browser::SPLCAParam::Caption::2402" Content="軟體行程負極限(um;0.001deg)" />
	
	<Message ID="Browser::SPLCAParam::Title" Content="參數說明" />
	
	<Message ID="Browser::SPLCAParam::AxisTitle::1" Content="串列PLC第1軸" />
	<Message ID="Browser::SPLCAParam::AxisTitle::2" Content="串列PLC第2軸" />
	<Message ID="Browser::SPLCAParam::AxisTitle::3" Content="串列PLC第3軸" />
	<Message ID="Browser::SPLCAParam::AxisTitle::4" Content="串列PLC第4軸" />
	<Message ID="Browser::SPLCAParam::AxisTitle::5" Content="串列PLC第5軸" />
	<Message ID="Browser::SPLCAParam::AxisTitle::6" Content="串列PLC第6軸" />
	<Message ID="Browser::SPLCAParam::AxisTitle::7" Content="串列PLC第7軸" />
	<Message ID="Browser::SPLCAParam::AxisTitle::8" Content="串列PLC第8軸" />
	<Message ID="Browser::SPLCAParam::AxisTitle::9" Content="串列PLC第9軸" />
	<Message ID="Browser::SPLCAParam::AxisTitle::10" Content="串列PLC第10軸" />
	<Message ID="Browser::SPLCAParam::AxisTitle::11" Content="串列PLC第11軸" />
	<Message ID="Browser::SPLCAParam::AxisTitle::12" Content="串列PLC第12軸" />
	<Message ID="Browser::SPLCAParam::AxisTitle::13" Content="串列PLC第13軸" />
	<Message ID="Browser::SPLCAParam::AxisTitle::14" Content="串列PLC第14軸" />
	<Message ID="Browser::SPLCAParam::AxisTitle::15" Content="串列PLC第15軸" />
	<Message ID="Browser::SPLCAParam::AxisTitle::16" Content="串列PLC第16軸" />
</ResMap>