<?xml version="1.0" encoding="utf-8" ?>
<ResMap>
	<!-- ==========================Main Fenu========================== -->
	<Message ID="Fenu::Main::MenuMachine" Content="機台設定" />
	<Message ID="Fenu::Main::MenuProgram" Content="程式編輯" />
	<Message ID="Fenu::Main::MenuCustom" Content="客制功能鍵" />	
	<Message ID="Fenu::Main::MenuRun" Content="執行加工" />
	<Message ID="Fenu::Main::MenuAlarm" Content="警報顯示" />
	<Message ID="Fenu::Main::MenuParameter" Content="參數設定" />
	<Message ID="Fenu::Main::MenuDiagnostic" Content="診斷功能" />
	<Message ID="Fenu::Main::About" Content="系統資訊" />
	<Message ID="Fenu::Main::End" Content="結束" />
	<Message ID="Fenu::About::OK" Content="確定" />
	<Message ID="Fenu::About::NormalAxisInfo" Content="軸向資訊" />
	<Message ID="Fenu::About::SpindleInfo" Content="主軸資訊" />

	<!-- ==========================Main Next Fenu========================== -->
	<Message ID="Fenu::MainNext::CycleStart" Content="啟動" />
	<Message ID="Fenu::MainNext::Reset" Content="重置" />

	<!-- ==========================Machine Fenu========================== -->
	<Message ID="Fenu::Machine::CoordinateSwitch" Content="座標切換" />
	<Message ID="Fenu::Machine::HalfCoordiante" Content="1/2座標" />
	<Message ID="Fenu::Machine::ClearCoordinate" Content="清除座標" />
	<Message ID="Fenu::Machine::ClearAllCoordinate" Content="相對座標全部清除" />
	<Message ID="Fenu::Machine::SetWorkPieceCord" Content="設定工件 座標系統" />
	<Message ID="Fenu::Machine::LatchMachCord" Content="機械座標 自動設定" />
	<Message ID="Fenu::Machine::LatchRelCord" Content="相對座標 自動設定" />
	<Message ID="Fenu::Machine::LatchAuxCord" Content="輔助點 自動設定" />
	<Message ID="Fenu::Machine::AutoTool" Content="自動對刀" />
	<Message ID="Fenu::Machine::AutoCenter" Content="分中功能" />
	<Message ID="Fenu::Machine::NextWorkPiecePage" Content="下一頁座標軸設定" />
	<Message ID="Fenu::Machine::MachCoordTeach" Content="機械座標 教導輸入" />
	<Message ID="Fenu::Machine::CoordIncInput" Content="工件座標 增量輸入" />

	<Message ID="Fenu::ManualCenterPx1" Content="PX1設定" />
	<Message ID="Fenu::ManualCenterPx2" Content="PX2設定" />
	<Message ID="Fenu::ManualCenterPy1" Content="PY1設定" />
	<Message ID="Fenu::ManualCenterPy2" Content="PY2設定" />
	<Message ID="Fenu::AutoCenterStart" Content="自動分中 啟動" />
	<Message ID="Fenu::AutoCenterReset" Content="自動分中 中斷" />
	<Message ID="Fenu::ZSafeHeightTeach" Content="Z軸高度 教導" />

	<Message ID="Fenu::3PtsCenterP1" Content="P1設定" />
	<Message ID="Fenu::3PtsCenterP2" Content="P2設定" />
	<Message ID="Fenu::3PtsCenterP3" Content="P3設定" />
	<Message ID="Fenu::3PtsCenterResult" Content="計算中心座標" />

	<Message ID="Fenu::AutoTool::Start" Content="自動對刀 啟動" />
	<Message ID="Fenu::AutoTool::Reset" Content="自動對刀 中斷" />
	<Message ID="Fenu::AutoTool::ZDeltaSet" Content="Z軸落差 設定" />
	<Message ID="Fenu::AutoTool::GaugeZTeach" content="對刀器 座標教導" />
	<Message ID="Fenu::AutoTool::XYRefTeach" Content="XY參考點 座標教導" />
	<Message ID="Fenu::AutoTool::ZMachTeach" Content="Z 軸機械 座標教導" />

	<Message ID="Fenu::Machine::SetFeatureCoord" Content="斜平面座標教導" />
	<Message ID="Fenu::MenuFeatureCoord::SetupCoord" Content="G54座標 教導輸入" />
	<Message ID="Fenu::MenuFeatureCoord::CompleteSetup" Content="教導完成" />
	<Message ID="Fenu::MenuFeatureCoord::CancelFeature" Content="取消斜平面" />

	<!-- ==========================Program Fenu========================== -->
	<Message ID="Fenu::Program::InsertCycle" Content="插入循環" />
	<Message ID="Fenu::Program::DeleteLine" Content="刪除行" />
	<Message ID="Fenu::Program::EditCycle" Content="編輯循環" />
	<Message ID="Fenu::Program::MenuEdit" Content="檔案編輯 子功能" />
	<Message ID="Fenu::Program::MenuSimulation" Content="圖形模擬" />
	<Message ID="Fenu::Program::MenuTeach" Content="教導" />
	<Message ID="Fenu::Program::ProgramFileMang" Content="檔案管理" />
	<Message ID="Fenu::ProgramFileMandNext::ShowMacroFileManager" Content="Macro管理" />
	<Message ID="Fenu::Program::Cycle" Content="圖形輔助輸入" />

	<!-- ==========================Teach Fenu========================== -->
	<Message ID="Fenu::Teach::Rapid" Content="快速定位教導" />
	<Message ID="Fenu::Teach::LineCut" Content="直線切削教導" />
	<Message ID="Fenu::Teach::ArcCut" Content="圓弧切削教導" />
	<Message ID="Fenu::Teach::ArcCancel" Content="圓弧中間點取消" />
	<Message ID="Fenu::Teach::Radius" Content="圓弧半徑教導" />
	<Message ID="Fenu::Teach::DeleteLine" Content="刪除行" />
	<Message ID="Fenu::Teach::CoordSwitch" Content="下一頁座標軸" />
	<Message ID="Fenu::Teach::Point" Content="點座標教導" />

	<!-- ==========================Cycle Ok Cancel Fenu========================== -->
	<Message ID="Fenu::CycleOKCancel::OK" Content="確定" />
	<Message ID="Fenu::CycleOKCancel::Cancel" Content="取消" />

	<!-- ==========================Program Edit Fenu========================== -->
	<Message ID="Fenu::ProgramEdit::MenuFind" Content="搜尋" />
	<Message ID="Fenu::ProgramEdit::MenuReplace" Content="取代" />
	<Message ID="Fenu::ProgramEdit::GotoLine" Content="行數搜尋" />
	<Message ID="Fenu::ProgramEdit::CopyLine" Content="拷貝行" />
	<Message ID="Fenu::ProgramEdit::InsertLine" Content="插入行" />
	<Message ID="Fenu::ProgramEdit::BlockMenu" Content="區塊拷貝" />
	<Message ID="Fenu::ProgramEdit::CopyPasteMenu" Content="複製/貼上" />

	<Message ID="Fenu::BlockEdit::BlockStart" Content="開始行" />
	<Message ID="Fenu::BlockEdit::BlockEnd" Content="結束行" />
	<Message ID="Fenu::BlockEdit::BlockCut" Content="區塊剪下" />
	<Message ID="Fenu::BlockEdit::BlockCopy" Content="區塊複製" />
	<Message ID="Fenu::BlockEdit::BlockPaste" Content="區塊貼上" />

	<!-- ==========================Program CopyPaste Fenu===================== -->
	<Message ID="Fenu::CopyPasteEdit::Cut" Content="剪下" />
	<Message ID="Fenu::CopyPasteEdit::Copy" Content="複製" />
	<Message ID="Fenu::CopyPasteEdit::Paste" Content="貼上" />
	<Message ID="Fenu::CopyPasteEdit::Undo" Content="復原" />
	<Message ID="Fenu::CopyPasteEdit::SelAll" Content="全選" />

	<!-- ==========================Program Find Fenu========================== -->
	<Message ID="Fenu::ProgramFind::FindNext" Content="搜尋下一個" />
	<Message ID="Fenu::ProgramFind::CancelFind" Content="取消" />

	<!-- ==========================Program Replace Fenu========================== -->
	<Message ID="Fenu::ProgramReplace::FindNext" Content="搜尋下一個" />
	<Message ID="Fenu::ProgramReplace::Replace" Content="取代" />
	<Message ID="Fenu::ProgramReplace::SkipReplace" Content="略過" />
	<Message ID="Fenu::ProgramReplace::CancelReplace" Content="取消" />
	<Message ID="Fenu::ProgramReplace::ReplaceAll" Content="全部取代" />

	<!-- ==========================Program Simulation Fenu========================== -->
	<Message ID="Fenu::ProgramSimulation::Step" Content="步進" />
	<Message ID="Fenu::ProgramSimulation::Continue" Content="連續" />
	<Message ID="Fenu::ProgramSimulation::Zoom" Content="放大縮小" />
	<Message ID="Fenu::ProgramSimulation::Reset" Content="回復" />
	<Message ID="Fenu::ProgramSimulation::Abort" Content="取消" />
	<Message ID="Fenu::ProgramSimulation::SimuSetting" Content="模擬 參數設定" />

	<!-- ==========================Program Simulation Setting Fenu========================== -->
	<Message ID="Fenu::ProgramSimulationSetting::OK" Content="確定" />
	<Message ID="Fenu::ProgramSimulationSetting::Cancel" Content="取消" />

	<!-- ==========================Program file manager Fenu========================== -->
	<Message ID="Fenu::ProgramFileManager::NewFile" Content="開啟新檔" />
	<Message ID="Fenu::ProgramFileManager::CopyFile" Content="拷貝檔案" />
	<Message ID="Fenu::ProgramFileManager::DelFile" Content="刪除檔案" />
	<Message ID="Fenu::ProgramFileManager::Import" Content="檔案輸入" />
	<Message ID="Fenu::ProgramFileManager::Outport" Content="檔案輸出" />
	<Message ID="Fenu::ProgramFileManager::Rs232In" Content="RS232輸入" />
	<Message ID="Fenu::ProgramFileManager::Rs232Out" Content="RS232輸出" />
	<Message ID="Fenu::ProgramFileManager::NetImport" Content="網路輸入" />
	<Message ID="Fenu::ProgramFileManager::NetExport" Content="網路輸出" />
	<Message ID="Fenu::ProgramFileManager::OpenFile" Content="載入程式編輯" />
	<Message ID="Fenu::ProgramFileManager::ToMainProgAndRun" Content="載入執行加工" />

	<!-- ==========================FileImportExport========================== -->
	<Message ID="Fenu::FileMgr::Copy" Content="拷貝" />
	<Message ID="Fenu::FileMgr::Select" Content="選擇" />
	<Message ID="Fenu::FileMgr::SelectAll" Content="選擇所有" />
	<Message ID="Fenu::FileMgr::CancelSelect" Content="取消選擇" />
	<Message ID="Fenu::FileMgr::DeviceChange" Content="更改磁碟機" />
	<Message ID="Fenu::FileMgr::Exit" Content="離開" />
	<Message ID="Fenu::FileImportExport::switchFocus" Content="切換焦點至輸入/輸出" />

	<!-- ==========================File Delete Fenu========================== -->
	<Message ID="Fenu::FileDel::Select" Content="選擇" />
	<Message ID="Fenu::FileDel::SelectAll" Content="選擇所有" />
	<Message ID="Fenu::FileDel::CancelSelect" Content="取消選擇" />
	<Message ID="Fenu::FileDel::DelFile" Content="刪除檔案" />
	<Message ID="Fenu::FileDel::DelAll" Content="刪除全部檔案" />

	<!-- ==========================Run Fenu========================== -->
	<Message ID="Fenu::Run::SelectMainProg" Content="選擇加工檔" />
	<Message ID="Fenu::Run::SwitchCoordinate" Content="座標切換" />
	<Message ID="Fenu::Run::MDI" Content="MDI 輸入" />
	<Message ID="Fenu::Run::ParameterSet" Content="加工參數 設定" />
	<Message ID="Fenu::Run::MenuToolSet" Content="刀具設定" />
	<Message ID="Fenu::Run::MenuGraphAdjust" Content="圖形調整" />
	<Message ID="Fenu::Run::WorkRecord" Content="加工記錄 表單" />

	<Message ID="Fenu::WorkRecord::SaveWorkRecord" Content="儲存加工 記錄表單" />
	<Message ID="Fenu::WorkRecord::ClearWorkRecord" Content="清除加工 記錄表單" />
	<Message ID="Fenu::Run::MPGShift::StartMPGShift" Content="手輪偏置 功能啟動" />
	<Message ID="Fenu::Run::MPGShift::CloseMPGShift" Content="手輪偏置 功能取消" />

	<Message ID="Fenu::MenuToolSet::ID1" Content="刀具管理" />

	<!-- ==========================Run MDI Fenu========================== -->
	<Message ID="Fenu::MDI::Ok" Content="確定" />
	<Message ID="Fenu::MDI::Clear" Content="清除MDI" />

	<!-- ==========================Run Para Set Fenu========================== -->
	<Message ID="Fenu::MenuRunParaSet::ClearCycleTime" Content="清除累計 加工時間" />
	<Message ID="Fenu::MenuRunParaSet::GCode Display Switch" Content="G碼 顯示切換" />
	<Message ID="Fenu::MenuRunParaSet::SetDeltaAngle" Content="主同期角度教導" />

	<!-- ==========================Menu Tool Set Fenu========================== -->
	<Message ID="Fenu::ToolSet::ClearXRelPos" Content="清除X軸 相對座標" />
	<Message ID="Fenu::ToolSet::SetToolWear" Content="磨耗設定" />
	<Message ID="Fenu::ToolSet::ClearYRelPos" Content="清除Y軸 相對座標" />
	<Message ID="Fenu::ToolSet::SetToolLength" Content="刀長設定" />
	<Message ID="Fenu::ToolSet::ClearZRelPos" Content="清除Z軸 相對座標" />
	<Message ID="Fenu::ToolSet::SetToolNose" Content="刀尖設定" />
	<Message ID="Fenu::ToolSet::ToolNo" Content="刀號資料" />
	<Message ID="Fenu::ToolSet::SetToolAngle" Content="斜刀軸角度" />
	<Message ID="Fenu::ToolSet::SetWorkShift" Content="工件座標偏移設定" />
	<Message ID="Fenu::ToolSet::SetToolMachCoord" Content="機械座標輸入" />
	<Message ID="Fenu::ToolSet::SetToolRelCoord" Content="相對座標輸入" />

	<!-- ==========================Alarm Fenu========================== -->
	<Message ID="Fenu::Alarm::PendingAlarm" Content="現存警報" />
	<Message ID="Fenu::Alarm::HistoryAlarm" Content="歷來警報" />
	<Message ID="Fenu::Alarm::SaveAlarm" Content="儲存警報" />

	<!-- ==========================Parameter Fenu========================== -->
	<Message ID="Fenu::Parameter::ShowEndUser" Content="使用者參數" />
	<Message ID="Fenu::Parameter::ShowService" Content="應用參數" />
	<Message ID="Fenu::Parameter::ShowMaker" Content="機構參數" />
	<Message ID="Fenu::Parameter::ShowErrorCompensation" Content="機構補償  參數" />
	<Message ID="Fenu::Parameter::ShowElectronic" Content="電控參數" />
	<Message ID="Fenu::Parameter::GotoParameter" Content="跳至參數 號碼" />
	<Message ID="Fenu::Parameter::SystemSet" Content="系統設定" />
	<Message ID="Fenu::Parameter::FiveAxis" Content="五軸參數" />
	<Message ID="Fenu::Parameter::TouchAdjust" Content="觸控螢幕 校正程式" />
	<Message ID="Fenu::Parameter::SetUseTime" Content="系統使用 期限設定" />
	<Message ID="Fenu::Parameter::UseTimeInput" Content="確定" />
	<Message ID="Fenu::Parameter::NetworkSet" Content="網路設定" />
	<Message ID="Fenu::Parameter::NetworkInputOK" Content="確定" />
	<Message ID="Fenu::Parameter::NetworkInputCancel" Content="取消" />
	<Message ID="Fenu::Parameter::LoadHSHP" Content="高速高精 參數設定" />
	<Message ID="Fenu::Parameter::DriverTuning" Content="驅動器調機" />
	<Message ID="Fenu::Parameter::QuickHSHP" Content="快速參數  設定" />
	<Message ID="Fenu::Parameter::PrecisionHSHP" Content="多組參數  設定" />
	<Message ID="Fenu::Parameter::ResetToDefault" Content="恢復預設值" />
	<Message ID="Fenu::Parameter::ConnSetting" Content="後台連線設定" />
	<Message ID="Fenu::Parameter::KernelSerSet" Content="核心伺服器設定" />

	<Message ID="Fenu::Parameter::ShowPitchTable" Content="補償表資料" />
	<Message ID="Fenu::Parameter::ShowPitchTable::GoToHome" Content="跳至原點" />
	<Message ID="Fenu::Parameter::ShowPitchTable::Prev10Point" Content="前10點" />
	<Message ID="Fenu::Parameter::ShowPitchTable::Next10Point" Content="後10點" />
	<Message ID="Fenu::Parameter::ShowPitchTable::LoadFile" Content="補正表 載入" />

	<Message ID="Fenu::Parameter::ShowPitchTable::LoadFileOK" Content="確定" />
	<Message ID="Fenu::Parameter::ShowPitchTable::LoadFileCancle" Content="取消" />
	<Message ID="Fenu::Parameter::ShowPLCRBit" Content="PLC參數位元指定" />

	<Message ID="Fenu::Parameter::SerialTunning" Content="串列參數" />
	<Message ID="Fenu::Parameter::AdjustTuningApplication" Content="調適功能" />
	
	<Message ID="Fenu::Parameter::SetMMIConfig" Content="設定人機參數" />
	<Message ID="Fenu::SetMMIConfig::Modify" Content="修改設定" />
	<Message ID="Fenu::SetMMIConfig::SetDefault" Content="單項回復預設" />
	<Message ID="Fenu::SetMMIConfig::SetDefaultAll" Content="全項回復預設" />
	
	<Message ID="Fenu::Parameter::ParamAxis1" Content="第一軸群參數" />
	<Message ID="Fenu::Parameter::ParamAxis2" Content="第二軸群參數" />
	<Message ID="Fenu::Parameter::ParamAxis3" Content="第三軸群參數" />
	<Message ID="Fenu::Parameter::ParamAxis4" Content="第四軸群參數" />

	<!-- ==========================Diagnostic Fenu========================== -->
	<Message ID="Fenu::Diagnostic::MenuPLC" Content="PLC 狀態" />
	<Message ID="Fenu::Diagnostic::DisplaySysData" Content="系統資料" />
	<Message ID="Fenu::Diagnostic::DisplayComVar" Content="共用變數 狀態" />
	<Message ID="Fenu::Diagnostic::DisplayCoordVar" Content="程式變數 狀態" />
	<Message ID="Fenu::Diagnostic::AdjustApplication" Content="主軸應用調適" />
	<Message ID="Fenu::Diagnostic::DoViewSystemInfo" Content="系統資訊" />
	<Message ID="Fenu::Diagnostic::SysAdmin" Content="系統管理" />

	<Message ID="Fenu::Diagnostic::SysDataGoTo" Content="系統資料 跳至號碼" />
	<Message ID="Fenu::Diagnostic::ComVarGoTo" Content="共用變數 跳至號碼" />
	<Message ID="Fenu::Diagnostic::CoordVarGoTo" Content="程式變數 跳至號碼" />
	<Message ID="Fenu::Diagnostic::PLCRegGoTo" Content="Register 跳至號碼" />

	<!-- ==========================Diagnostic PLC Fenu========================== -->
	<Message ID="Fenu::DiagnosticPLC::PLC.I.Bit" Content="PLC I Bit" />
	<Message ID="Fenu::DiagnosticPLC::PLC.O.Bit" Content="PLC O Bit" />
	<Message ID="Fenu::DiagnosticPLC::PLC.C.Bit" Content="PLC C Bit" />
	<Message ID="Fenu::DiagnosticPLC::PLC.S.Bit" Content="PLC S Bit" />
	<Message ID="Fenu::DiagnosticPLC::PLC.A.Bit" Content="PLC A Bit" />
	<Message ID="Fenu::DiagnosticPLC::PLC.Reg" Content="PLC Register" />
	<Message ID="Fenu::DiagnosticPLC::PLC.Timer" Content="PLC Timer" />
	<Message ID="Fenu::DiagnosticPLC::PLC.Counter" Content="PLC Counter" />
	<Message ID="Fenu::DiagnosticPLC::PLC.Ladder" Content="階梯圖" />
	<Message ID="Fenu::DiagnosticLadder::LadderFind" Content="搜尋" />
	<Message ID="Fenu::DiagnosticLadder::LadderFindNext" Content="下一筆" />
	<Message ID="Fenu::DiagnosticLadder::LadderFindPrev" Content="上一筆" />

	<!-- ==========================Diagnostic SysAdmin Fenu========================== -->
	<Message ID="Fenu::DiagnosticSysAdmin::InstallSoftware" Content="軟體安裝" />
	<Message ID="Fenu::DiagnosticSysAdmin::InstallImage" Content="映像檔安裝" />
	<Message ID="Fenu::DiagnosticSysAdmin::BackSys" Content="系統資料備份" />
	<Message ID="Fenu::DiagnosticSysAdmin::InstallLocal" Content="本地語文 安裝" />
	<Message ID="Fenu::DiagnosticSysAdmin::BackupLocal" Content="目前語文 備份" />
	<Message ID="Fenu::DiagnosticSysAdmin::RestoreSys" Content="系統資料還原" />
	<Message ID="Fenu::DiagnosticSysAdmin::SysImportExport" Content="系統資料匯入匯出" />

	<Message ID="Fenu::FenuInstall::Next" Content="下一步" />
	<Message ID="Fenu::FenuInstall::Cancel" Content="取消" />

	<Message ID="Fenu::Network::NetworkFunction" Content="網路功能" />
	<Message ID="Fenu::Network::RemoteConnect" Content="遠端診斷 連線" />
	<Message ID="Fenu::Network::RemoteDisconnect" Content="遠端診斷 斷線" />

	<Message ID="Fenu::SystemInfo::SetOption" Content="功能選項 設定" />
	<Message ID="Fenu::SystemInfo::DisplayLogData" Content="操作紀錄" />
	<Message ID="Fenu::SystemInfo::ExportLogData" Content="匯出操作紀錄" />
	<Message ID="Fenu::SystemInfo::FindOPLogDateTime" Content="搜尋日期時間" />
	<Message ID="Fenu::SystemInfo::FindOPLogAlarm" Content="搜尋警報" />
	<Message ID="Fenu::SystemInfo::FindOPLogIBit" Content="搜尋I-Bit" />	
	<Message ID="Fenu::SystemInfo::SetSerial" Content="控制器 序號設定" />
	<Message ID="Fenu::SystemInfo::SetRestore" Content="控制器 設定還原" />
	<Message ID="Fenu::SystemInfo::FindNext" Content="後一筆" />
	<Message ID="Fenu::SystemInfo::FindPrev" Content="前一筆" />

	<Message ID="Fenu::SelectItem::OK" Content="確定" />
	<Message ID="Fenu::SelectItem::Cancel" Content="取消" />
	<Message ID="Fenu::SelectItem::ChangeItem" Content="移動選項" />
	<Message ID="Fenu::SelectItem::Enter" Content="選擇" />

	<Message ID="Fenu::Select:Next" Content="下一步" />
	<Message ID="Fenu::Select:Advance" Content="進階功能" />
	<Message ID="Fenu::SysFile:SysFileManager" Content="系統資料管理" />
	<Message ID="Fenu::SysFile:MacroManager" Content="Macro管理" />
	<Message ID="Fenu::SysFile:OCResManager" Content="客制人機管理" />

	<Message ID="Fenu::SysFile:Import" Content="匯入" />
	<Message ID="Fenu::SysFile:Export" Content="匯出" />
	
	<!-- ==========================Adjust application Menu========================== -->
	<Message ID="Fenu::AdjustApp::AccDeceleration" Content="加減速調適" />
	<Message ID="Fenu::AdjustApp::Positioning" Content="定位調適" />
	<Message ID="Fenu::AdjustApp::Tapping" Content="攻牙調適" />
	<Message ID="Fenu::AdjustApp::BallBar" Content="循圓調適" />
	<Message ID="Fenu::AdjustApp::GenCode" Content="程式生成" />
	<Message ID="Fenu::AdjustApp::ProgStart" Content="開始執行" />
	<Message ID="Fenu::AdjustApp::ProgStop" Content="中斷執行" />
	<Message ID="Fenu::AdjustApp::SetSpindlePosition" Content="主軸角度設定" />
	<Message ID="Fenu::AdjustApp::BallbarZoomIn" Content="解析度放大" />
	<Message ID="Fenu::AdjustApp::BallbarZoomOut" Content="解析度縮小" />

	<!-- ==========================Driver Tuning Menu========================== -->
	<Message ID="Fenu::DriverTuning::Gerneral" Content="通用選單" />
	<Message ID="Fenu::DriverTuning::Quick" Content="快速選單" />
	<Message ID="Fenu::DriverTuning::GoDELTATuning" Content="台達A2驅動器設定" />

	<Message ID="Fenu::DriverTuning::SaveParameter" Content="儲存" />
	<Message ID="Fenu::DriverTuning::LoadParameter" Content="載入" />
	<Message ID="Fenu::DriverTuning2a::Save2Controller" Content="儲存至控制器" />
	<Message ID="Fenu::DriverTuning2a::Save2Driver" Content="儲存至驅動器" />

	<Message ID="Fenu::DriverTuning2b::LoadController" Content="從控制器載入" />
	<Message ID="Fenu::DriverTuning2b::LoadDriver" Content="從驅動器載入" />
	<Message ID="Fenu::DriverTuning2b::LoadInital" Content="載入初始值" />

	<!-- ================================Driver Tuning================================-->
	<Message ID="Fenu::TuningList::UploadPrm" Content="參數上傳" />
	<Message ID="Fenu::TuningMain::TuningAxis1" Content="X軸 參數設定" />
	<Message ID="Fenu::TuningMain::TuningAxis2" Content="Y軸 參數設定" />
	<Message ID="Fenu::TuningMain::TuningAxis3" Content="Z軸 參數設定" />
	<Message ID="Fenu::TuningMenu::LimitRegistration" Content="馬達正反運轉極限定位" />
	<Message ID="Fenu::TuningMenu::IEstimation" Content="自動慣量估測" />
	<Message ID="Fenu::TuningMenu::TuningPrms" Content="自動增益調整" />
	<Message ID="Fenu::TuningMenu::DrvPrmList" Content="驅動器參數瀏覽設定" />
	<Message ID="Fenu::TuningMenu::TuningFinish" Content="完成調機試加工" />
	<Message ID="Fenu::TuningJOGLimit::FRegistration" Content="馬達正向運轉極限定位" />
	<Message ID="Fenu::TuningJOGLimit::BRegistration" Content="馬達反向運轉極限定位" />
	<Message ID="Fenu::TuningEstimation::StartEstimate" Content="開始估測" />
	<Message ID="Fenu::TuningPrms::CalGain" Content="自動計算增益" />
	<Message ID="Fenu::TuningPrms::StartTuning" Content="開始調機" />	

	<!-- ================================Double Screen================================-->
	<Message ID="Fenu::MultiProgram::InsertCycle" Content="插入循環" />
	<Message ID="Fenu::MultiProgram::Delete Line" Content="刪除行" />
	<Message ID="Fenu::MultiProgram::Edit Cycle" Content="編輯循環" />
	<Message ID="Fenu::MultiProgram::Select Program" Content="程式選擇" />
	<Message ID="Fenu::MultiProgram::MultiScreen" Content="切換成全螢幕" />
	<Message ID="Fenu::MultiProgram::FullScreen" Content="切換成半螢幕" />
	<Message ID="Fenu::MultiProgramNext::MenuEdit" Content="檔案編輯子功能" />
	<Message ID="Fenu::MultiProgramNext::MenuSimulation" Content="圖形模擬" />
	<Message ID="Fenu::MultiProgramNext::ProgramFileMang" Content="檔案管理" />
	<Message ID="Fenu::CycleInputOk2::InputOk" Content="確定" />

	<!-- ================================Remote Server================================-->
	<Message ID="Fenu::ConnSet::TestConn" Content="測試IP連線" />
	<Message ID="Fenu::ConnSet::NetConn" Content="IP連線" />
	<Message ID="Fenu::ConnSet::LocalKernel" Content="本地核心" />
	<Message ID="Fenu::ConnSet::DockConnect" Content="對接連線" />
	<Message ID="Fenu::ConnSet::KeepConnect" Content="繼續自動連線" />
	<Message ID="Fenu::ConnSet::AutoConnect" Content="自動連線" />
	<Message ID="Fenu::ConnSet::Cancel" Content="取消" />

	<!-- ================================Kernel Server================================-->
	<Message ID="Fenu::KernelServSet::StartServ" Content="啟動伺服器" />
	<Message ID="Fenu::KernelServSet::OK" Content="確認" />
	<Message ID="Fenu::KernelServSet::Cancel" Content="取消" />
	<Message ID="Fenu::KernelServSet::DipoleLog" Content="Dipole Log" />

	<!-- ================================Serial Tunning================================-->
	<Message ID="Fenu::SerialTunning::SwitchYASKAWA" Content="安川Σ5
	常用/所有" />
	<Message ID="Fenu::SerialTunning::SwitchYASKAWA_Sigma7S" Content="安川Σ7S
	常用/所有" />
	<Message ID="Fenu::SerialTunning::SwitchSYNTEC" Content="新代
	常用/所有" />
	<Message ID="Fenu::SerialTunning::BackupTunningParam" Content="備份參數" />
	<Message ID="Fenu::SerialTunning::RestoreTunningParam" Content="回復參數" />
	<Message ID="Fenu::SerialTunning::DefaultParam" Content="參數初始化" />
	<Message ID="Fenu::SerialTunning::AutoTuning" Content="自動調機" />
	<Message ID="Fenu::SerialTunning::AbsoluteHomeSet" Content="絕對式原點設定" />
	<Message ID="Fenu::SerialTunning::HomeSet" Content="設定機械原點" />

	<!-- ================================Auto Tunning================================-->
	<Message ID="Fenu::ST_AutoTuning::Next" Content="下一步" />
	<Message ID="Fenu::ST_AutoTuning::Last" Content="上一步" />
	<Message ID="Fenu::ST_AutoTuning::SetLimit1" Content="設定第一極限" />
	<Message ID="Fenu::ST_AutoTuning::SetLimit2" Content="設定第二極限" />
	<Message ID="Fenu::ST_AutoTuning::Stop" Content="停止調機" />
	<Message ID="Fenu::ST_AutoTuning::AdvancedMode" Content="進階調機" />
	<Message ID="Fenu::ST_AutoTuning::Again" Content="再次調機" />
	<Message ID="Fenu::ST_AutoTuning::SelectAxis" Content="調整其他軸向" />
	<Message ID="Fenu::ST_AutoTuning::Cancel" Content="結束" />
	<Message ID="Fenu::ST_AutoTuning::ServoOn" Content="主軸啟動" />
	<Message ID="Fenu::ST_AutoTuning::ServoOff" Content="主軸關閉" />
	<Message ID="Fenu::ST_AutoTuning::StartMotor" Content="主軸轉動" />
	<Message ID="Fenu::ST_AutoTuning::StopMotor" Content="主軸停轉" />
	<Message ID="Fenu::ST_AutoTuning::CalGain" Content="增益計算" />

	<!-- ================================Serial Default Param================================-->
	<Message ID="Fenu::ST_DefaultParam::StartInit" Content="開始初始化" />
	<Message ID="Fenu::ST_DefaultParam::Select" Content="選擇" />

	<!-- ================================Update Boot Picture================================-->
	<Message ID="Fenu::UpdateBootPic::SelectBootPicture" Content="開機圖檔更新" />
	<Message ID="Fenu::UpdateBootPic::CancelUpdate" Content="取消更新" />

	<!-- ==========================LogInOut Fenu========================== -->
	<Message ID="Fenu::LogInOut::LogIn" Content="使用者登入" />
	<Message ID="Fenu::LogInOut::LogOut" Content="使用者登出" />
	<Message ID="Fenu::LogInOut::ForgetPassword" Content="忘記密碼" />

	<!-- ==========================AuthorityManager Fenu========================== -->
	<Message ID="Fenu::Maintain::AuthorityManager" Content="權限管理" />
	<Message ID="Fenu::Maintain::ResetPassword" Content="重置密碼" />
	<Message ID="Fenu::AuthorityManager::ViewEndUserRights" Content="檢視終端客戶最大權限" />
	<Message ID="Fenu::AuthorityManager::ChangePassword" Content="變更密碼" />
	<Message ID="Fenu::AuthorityManager::EditEndUserRights" Content="設定終端客戶最大權限" />
	<Message ID="Fenu::AuthorityManager::EditMultiUserRights" Content="設定其他使用者權限" />
	<Message ID="Fenu::AuthorityManager::EditDefaultRights" Content="設定未登入權限" />
	<Message ID="Fenu::MultiUserRights::Add" Content="新增" />
	<Message ID="Fenu::MultiUserRights::Copy" Content="複製" />
	<Message ID="Fenu::MultiUserRights::Find" Content="搜尋" />
	<Message ID="Fenu::MultiUserRights::Edit" Content="編輯" />
	<Message ID="Fenu::MultiUserRights::Delete" Content="刪除" />
	<Message ID="Fenu::SetValue::Close" Content="關閉" />
	<Message ID="Fenu::SetValue::Open" Content="開啟" />
	<Message ID="Fenu::SetValue::DisplayOnly" Content="僅顯示" />
	
	<!-- ==========================Serial PLC Axis========================== -->
	<Message ID="Fenu::SerialPLCAxis::Parameter" Content="串列PLC軸參數" />
	<Message ID="Fenu::SerialPLCAxis::Monitor" Content="串列PLC軸診斷" />
</ResMap>
