﻿<?xml version="1.0" encoding="UTF-8"?>
<!--Created by 'eHMI'version2.2.26-->
<ResMap>
  <Message ID="Browser::RestoreSerialDefault::Caption::Lab_AxesTitle::AxesTitle" Content="请选择初始化的轴向" />
  <Message ID="Browser::RestoreSerialDefault::Caption::Lab_SpindleTitle::SpindleTitle" Content="请选择初始化的主轴" />
  <Message ID="Browser::RestoreSerialDefault::Caption::Lab_Tipps::Notes" Content="初始化前系统需为未就绪，初始化后请将控制器与驱动器均断电重开。" />
  <Message ID="Browser::RestoreSerialDefault::Caption::Cbx_SelectAllAxes::AllAxes" Content="全选" />
  <Message ID="Browser::RestoreSerialDefault::Caption::Cbx_SelectAllSpindle::AllSpindle" Content="全选" />
  <Message ID="Browser::RestoreSerialDefault::Caption::Lab_TippsTitle::NoteTitle" Content="注意事项 :" />
  <Message ID="Browser::RestoreSerialDefault::RestoreSerialSuccess" Content="初始化已完成，请将控制器与驱动器均断电重开" />
  <Message ID="Browser::RestoreSerialDefault::RestoreSerialFail" Content="初始化动作失败，请再次进行还原" />
  <Message ID="Browser::RestoreSerialDefault::TransferNotReady" Content="初始化前系统需为未就绪" />
</ResMap>