﻿<?xml version="1.0" encoding="UTF-8"?>
<Screen>
	<Name>NetworkSettingScreen</Name>
	<Panel>
		<Name>Pan_BackBone</Name>
		<Top>0</Top>
		<Left>0</Left>
		<Width>800</Width>
		<Height>470</Height>
		<BorderStyle>1</BorderStyle>
		<ForeColor>0,0,0</ForeColor>
		<BackColor>205,215,222</BackColor>
	</Panel>
	<Label>
		<Caption>STR::NetSet::IPAddressParameter</Caption>
		<Name>Lab_IPParamTitle</Name>
		<Left>247</Left>
		<Top>21</Top>
		<Height>33</Height>
		<Width>247</Width>
		<Alignment>2</Alignment>
		<BorderStyle>0</BorderStyle>
		<FontSize>14</FontSize>
		<ForeColor>0,0,0</ForeColor>
		<BackColor>205,215,222</BackColor>
	</Label>
	<Label>
		<Caption>STR::NetSet::IPAddressSetting</Caption>
		<Name>Lab_DHCPTitle</Name>
		<Left>34</Left>
		<Top>60</Top>
		<Height>33</Height>
		<Width>206</Width>
		<Alignment>0</Alignment>
		<FontSize>14</FontSize>
		<ForeColor>0,0,0</ForeColor>
		<BackColor>205,215,222</BackColor>
	</Label>
	<ListInput>
		<Name>Inp_IsEnableDHCP</Name>
		<Left>247</Left>
		<Top>60</Top>
		<Height>33</Height>
		<Width>481</Width>
		<Alignment>2</Alignment>
		<FontSize>14</FontSize>
		<BorderStyle>1</BorderStyle>
		<BorderColor>128,128,128</BorderColor>
		<ForeColor>0,0,0</ForeColor>
		<BackColor>205,215,222</BackColor>
		<InputFormat>Long</InputFormat>
		<ListItems>
			<Item>
				<ItemCaption>STR::NetSet::SpecifyIP</ItemCaption>
				<ItemValue>0</ItemValue>
			</Item>
			<Item>
				<ItemCaption>STR::NetSet::GetByDHCP</ItemCaption>
				<ItemValue>1</ItemValue>
			</Item>
		</ListItems>
	</ListInput>
	<Label>
		<Caption>STR::NetSet::IPAddress</Caption>
		<Name>Lab_IPTitle</Name>
		<Left>34</Left>
		<Top>100</Top>
		<Height>33</Height>
		<Width>165</Width>
		<Alignment>0</Alignment>
		<FontSize>14</FontSize>
		<ForeColor>0,0,0</ForeColor>
		<BackColor>205,215,222</BackColor>
	</Label>
	<Input>
		<Name>Inp_IPAddress</Name>
		<Left>178</Left>
		<Top>100</Top>
		<Height>33</Height>
		<Width>178</Width>
		<Alignment>2</Alignment>
		<FontSize>14</FontSize>
		<BorderStyle>1</BorderStyle>
		<BorderColor>128,128,128</BorderColor>
		<ForeColor>0,0,0</ForeColor>
		<BackColor>205,215,222</BackColor>
		<InputFormat>String</InputFormat>
	</Input>
	<Label>
		<Caption>STR::NetSet::SubnetMask</Caption>
		<Name>Lab_NetMaskTitle</Name>
		<Left>34</Left>
		<Top>140</Top>
		<Height>33</Height>
		<Width>165</Width>
		<Alignment>0</Alignment>
		<FontSize>14</FontSize>
		<ForeColor>0,0,0</ForeColor>
		<BackColor>205,215,222</BackColor>
	</Label>
	<Input>
		<Name>Inp_SubnetMask</Name>
		<Left>178</Left>
		<Top>140</Top>
		<Height>33</Height>
		<Width>178</Width>
		<Alignment>2</Alignment>
		<FontSize>14</FontSize>
		<BorderStyle>1</BorderStyle>
		<BorderColor>128,128,128</BorderColor>
		<ForeColor>0,0,0</ForeColor>
		<BackColor>205,215,222</BackColor>
		<InputFormat>String</InputFormat>
	</Input>
	<Label>
		<Caption>STR::NetSet::DefGateway</Caption>
		<Name>Lab_GatewayTitle</Name>
		<Left>34</Left>
		<Top>180</Top>
		<Height>33</Height>
		<Width>165</Width>
		<Alignment>0</Alignment>
		<FontSize>14</FontSize>
		<ForeColor>0,0,0</ForeColor>
		<BackColor>205,215,222</BackColor>
	</Label>
	<Input>
		<Name>Inp_DefGateway</Name>
		<Left>178</Left>
		<Top>180</Top>
		<Height>33</Height>
		<Width>178</Width>
		<Alignment>2</Alignment>
		<FontSize>14</FontSize>
		<BorderStyle>1</BorderStyle>
		<BorderColor>128,128,128</BorderColor>
		<ForeColor>0,0,0</ForeColor>
		<BackColor>205,215,222</BackColor>
		<InputFormat>String</InputFormat>
	</Input>
	<Label>
		<Caption>STR::NetSet::NameServerParameter</Caption>
		<Name>Lab_NameServerTitle</Name>
		<Left>378</Left>
		<Top>100</Top>
		<Height>33</Height>
		<Width>343</Width>
		<Alignment>0</Alignment>
		<FontSize>14</FontSize>
		<ForeColor>0,0,0</ForeColor>
		<BackColor>205,215,222</BackColor>
	</Label>
	<Label>
		<Caption>STR::NetSet::PrimaryDNS</Caption>
		<Name>Lab_PriDNSTitle</Name>
		<Left>378</Left>
		<Top>140</Top>
		<Height>33</Height>
		<Width>165</Width>
		<Alignment>0</Alignment>
		<FontSize>14</FontSize>
		<ForeColor>0,0,0</ForeColor>
		<BackColor>205,215,222</BackColor>
	</Label>
	<Input>
		<Name>Inp_PriDNS</Name>
		<Left>550</Left>
		<Top>140</Top>
		<Height>33</Height>
		<Width>178</Width>
		<Alignment>2</Alignment>
		<FontSize>14</FontSize>
		<BorderStyle>1</BorderStyle>
		<BorderColor>128,128,128</BorderColor>
		<ForeColor>0,0,0</ForeColor>
		<BackColor>205,215,222</BackColor>
		<InputFormat>String</InputFormat>
	</Input>
	<Label>
		<Caption>STR::NetSet::PrimaryWINS</Caption>
		<Name>Lab_PriWINSTitle</Name>
		<Left>378</Left>
		<Top>180</Top>
		<Height>33</Height>
		<Width>165</Width>
		<Alignment>0</Alignment>
		<FontSize>14</FontSize>
		<ForeColor>0,0,0</ForeColor>
		<BackColor>205,215,222</BackColor>
	</Label>
	<Input>
		<Name>Inp_PriWINS</Name>
		<Left>550</Left>
		<Top>180</Top>
		<Height>33</Height>
		<Width>178</Width>
		<Alignment>2</Alignment>
		<FontSize>14</FontSize>
		<BorderStyle>1</BorderStyle>
		<BorderColor>128,128,128</BorderColor>
		<ForeColor>0,0,0</ForeColor>
		<BackColor>205,215,222</BackColor>
		<InputFormat>String</InputFormat>
	</Input>
	<Label>
		<Caption>STR::NetSet::NetworkDisk</Caption>
		<Name>Lab_NetDiskTitle</Name>
		<Left>99</Left>
		<Top>228</Top>
		<Height>33</Height>
		<Width>275</Width>
		<Alignment>1</Alignment>
		<BorderStyle>0</BorderStyle>
		<FontSize>14</FontSize>
		<ForeColor>0,0,0</ForeColor>
		<BackColor>205,215,222</BackColor>
	</Label>
	<Label>
		<Caption>STR::NetSet::RemoteHostPath</Caption>
		<Name>Lab_RemotePath</Name>
		<Left>374</Left>
		<Top>228</Top>
		<Height>33</Height>
		<Width>206</Width>
		<Alignment>0</Alignment>
		<FontSize>14</FontSize>
		<ForeColor>0,0,0</ForeColor>
		<BackColor>205,215,222</BackColor>
	</Label>
	<Label>
		<Caption>STR::NetSet::PCName</Caption>
		<Name>Lab_PCName</Name>
		<Left>34</Left>
		<Top>266</Top>
		<Height>33</Height>
		<Width>165</Width>
		<Alignment>0</Alignment>
		<FontSize>14</FontSize>
		<ForeColor>0,0,0</ForeColor>
		<BackColor>205,215,222</BackColor>
	</Label>
	<Input>
		<Name>Input_PCName</Name>
		<Left>178</Left>
		<Top>266</Top>
		<Height>33</Height>
		<Width>178</Width>
		<Alignment>2</Alignment>
		<FontSize>14</FontSize>
		<BorderStyle>1</BorderStyle>
		<BorderColor>128,128,128</BorderColor>
		<ForeColor>0,0,0</ForeColor>
		<BackColor>205,215,222</BackColor>
		<InputFormat>String</InputFormat>
	</Input>
	<Label>
		<Caption>STR::NetSet::DirName</Caption>
		<Name>Lab_DirName</Name>
		<Left>378</Left>
		<Top>266</Top>
		<Height>33</Height>
		<Width>165</Width>
		<Alignment>0</Alignment>
		<FontSize>14</FontSize>
		<ForeColor>0,0,0</ForeColor>
		<BackColor>205,215,222</BackColor>
	</Label>
	<Input>
		<Name>Input_DirName</Name>
		<Left>550</Left>
		<Top>266</Top>
		<Height>33</Height>
		<Width>178</Width>
		<Alignment>2</Alignment>
		<FontSize>14</FontSize>
		<BorderStyle>1</BorderStyle>
		<BorderColor>128,128,128</BorderColor>
		<ForeColor>0,0,0</ForeColor>
		<BackColor>205,215,222</BackColor>
		<InputFormat>String</InputFormat>
	</Input>
	<Label>
		<Caption>STR::NetSet::UserName</Caption>
		<Name>Lab_UserName</Name>
		<Left>34</Left>
		<Top>306</Top>
		<Height>33</Height>
		<Width>165</Width>
		<Alignment>0</Alignment>
		<FontSize>14</FontSize>
		<ForeColor>0,0,0</ForeColor>
		<BackColor>205,215,222</BackColor>
	</Label>
	<Input>
		<Name>Input_UserName</Name>
		<Left>178</Left>
		<Top>306</Top>
		<Height>33</Height>
		<Width>178</Width>
		<Alignment>2</Alignment>
		<FontSize>14</FontSize>
		<BorderStyle>1</BorderStyle>
		<BorderColor>128,128,128</BorderColor>
		<ForeColor>0,0,0</ForeColor>
		<BackColor>205,215,222</BackColor>
		<InputFormat>String</InputFormat>
	</Input>
	<Label>
		<Caption>STR::NetSet::DirPassword</Caption>
		<Name>Lab_DirPassword</Name>
		<Left>378</Left>
		<Top>306</Top>
		<Height>33</Height>
		<Width>165</Width>
		<Alignment>0</Alignment>
		<FontSize>14</FontSize>
		<ForeColor>0,0,0</ForeColor>
		<BackColor>205,215,222</BackColor>
	</Label>
	<Input>
		<Name>Input_DirPassword</Name>
		<Left>550</Left>
		<Top>306</Top>
		<Height>33</Height>
		<Width>178</Width>
		<Alignment>2</Alignment>
		<FontSize>14</FontSize>
		<BorderStyle>1</BorderStyle>
		<BorderColor>128,128,128</BorderColor>
		<ForeColor>0,0,0</ForeColor>
		<BackColor>205,215,222</BackColor>
		<InputFormat>String</InputFormat>
	</Input>
	<Label>
		<Caption>STR::NetSet::NetStatus</Caption>
		<Name>Lab_NetStatus</Name>
		<Left>34</Left>
		<Top>346</Top>
		<Height>33</Height>
		<Width>165</Width>
		<Alignment>0</Alignment>
		<FontSize>14</FontSize>
		<ForeColor>0,0,0</ForeColor>
		<BackColor>205,215,222</BackColor>
	</Label>
	<Label>
		<Caption></Caption>
		<Name>Lab_NetStatusValue</Name>
		<Left>178</Left>
		<Top>346</Top>
		<Height>33</Height>
		<Width>550</Width>
		<Alignment>0</Alignment>
		<FontSize>14</FontSize>
		<BorderStyle>1</BorderStyle>
		<BorderColor>128,128,128</BorderColor>
		<ForeColor>0,0,0</ForeColor>
		<BackColor>205,215,222</BackColor>
	</Label>
	<Label>
		<Caption>STR::NetSet::FTPServer</Caption>
		<Name>Lab_FTPTitle</Name>
		<Left>247</Left>
		<Top>385</Top>
		<Height>33</Height>
		<Width>275</Width>
		<Alignment>2</Alignment>
		<BorderStyle>0</BorderStyle>
		<FontSize>14</FontSize>
		<ForeColor>0,0,0</ForeColor>
		<BackColor>205,215,222</BackColor>
	</Label>
	<Label>
		<Caption>STR::NetSet::SharedFolderPath</Caption>
		<Name>Lab_SharedPath</Name>
		<Left>34</Left>
		<Top>420</Top>
		<Height>33</Height>
		<Width>206</Width>
		<Alignment>0</Alignment>
		<FontSize>14</FontSize>
		<ForeColor>0,0,0</ForeColor>
		<BackColor>205,215,222</BackColor>
	</Label>
	<Label>
		<Caption></Caption>
		<Name>Lab_SharedFolderPath</Name>
		<Left>247</Left>
		<Top>420</Top>
		<Height>33</Height>
		<Width>481</Width>
		<Alignment>0</Alignment>
		<FontSize>14</FontSize>
		<BorderStyle>1</BorderStyle>
		<BorderColor>128,128,128</BorderColor>
		<ForeColor>0,0,0</ForeColor>
		<BackColor>205,215,222</BackColor>
	</Label>
</Screen>
