﻿<?xml version="1.0" encoding="UTF-8"?>
<!--Created by 'eHMI'version2.0.0-->
<!--BROWSER SIZE|H:470|W:800-->
<Screen>
  <Name>G04</Name>
  <Picture>
    <Left>-6</Left>
    <Top>-1</Top>
    <Width>736</Width>
    <Height>392</Height>
    <Name>Picture1</Name>
    <FontSize>9</FontSize>
    <Alignment>5</Alignment>
    <BorderStyle>0</BorderStyle>
    <Visible>True</Visible>
    <Depth>4</Depth>
    <BorderColor>0,0,0</BorderColor>
    <ForeColor>0,0,0</ForeColor>
    <Picture Fit2Height="False" Fit2Width="False">Image\Back1.bmp</Picture>
  </Picture>
  <Label>
    <Left>404</Left>
    <Top>37</Top>
    <Width>151</Width>
    <Height>30</Height>
    <Name>Label2</Name>
    <FontSize>15</FontSize>
    <Alignment>1</Alignment>
    <BorderStyle>0</BorderStyle>
    <Visible>True</Visible>
    <Depth>3</Depth>
    <BorderColor>0,0,0</BorderColor>
    <ForeColor>247,239,97</ForeColor>
    <BackColor>159,145,124</BackColor>
    <Caption>STR::Browser::G04::Caption::Dwell_Time</Caption>
  </Label>
  <Input>
    <Left>567</Left>
    <Top>37</Top>
    <Width>120</Width>
    <Height>30</Height>
    <Name>Input1</Name>
    <FontSize>12</FontSize>
    <Alignment>1</Alignment>
    <BorderStyle>1</BorderStyle>
    <Visible>True</Visible>
    <Depth>2</Depth>
    <BorderColor>0,0,0</BorderColor>
    <ForeColor>0,0,0</ForeColor>
    <BackColor>235,235,235</BackColor>
    <InputFormat>Double</InputFormat>
    <MacroAddr>X</MacroAddr>
    <MappingToRegistry>0</MappingToRegistry>
    <HintLabel>STR::Browser::G04::HintLabel::Dwell_time_X</HintLabel>
  </Input>
  <Label>
    <Left>5</Left>
    <Top>22</Top>
    <Width>350</Width>
    <Height>25</Height>
    <Name>Label1</Name>
    <FontSize>15</FontSize>
    <Alignment>2</Alignment>
    <BorderStyle>0</BorderStyle>
    <Visible>True</Visible>
    <Depth>0</Depth>
    <BorderColor>0,0,0</BorderColor>
    <ForeColor>255,255,255</ForeColor>
    <BackColor>159,145,124</BackColor>
    <Caption>STR::Browser::G04::Caption::G04_Title</Caption>
  </Label>
</Screen>
