﻿<?xml version="1.0" encoding="UTF-8"?>
<ResMap>
	<Message ID="Browser::SPLCAMonitor::Title" Content="Serial PLC Axis Info." />
	
	<Message ID="Browser::SPLCAMonitor::Mode" Content="Mode" />
	<Message ID="Browser::SPLCAMonitor::Running" Content="Running(State)" />
	<Message ID="Browser::SPLCAMonitor::Feedhold" Content="Feedhold(State)" />
	<Message ID="Browser::SPLCAMonitor::Alarm" Content="Alarm(State)" />
	<Message ID="Browser::SPLCAMonitor::Ready" Content="Ready(State)" />
	<Message ID="Browser::SPLCAMonitor::InPosition" Content="InPosition(State)" />
	<Message ID="Browser::SPLCAMonitor::AbsMode" Content="AbsMode(State)" />
	<Message ID="Browser::SPLCAMonitor::ServoOn" Content="Servo On(State)" />
	<Message ID="Browser::SPLCAMonitor::TargetPosition" Content="Target Pos." />
	<Message ID="Browser::SPLCAMonitor::TargetVelocity" Content="Target Vel." />
	<Message ID="Browser::SPLCAMonitor::CurPosition" Content="Current Pos." />
	<Message ID="Browser::SPLCAMonitor::CurVelocity" Content="Current Vel." />
</ResMap>