﻿<?xml version="1.0" encoding="UTF-8"?>
<!--Created by 'eHMI'version2.2.3-->
<ResMap>
  <Message ID="Browser::NetworkSet::Caption::Lab_IPParamTitle::IPAddressParameter" Content="IP Address Parameter" />
  <Message ID="Browser::NetworkSet::Caption::Lab_DHCPTitle::IPAddressSetting" Content="IP Address Setting" />
  <Message ID="Browser::NetworkSet::ItemCaption::Inp_IsEnableDHCP::SpecifyIP" Content="Specify an IP Address" />
  <Message ID="Browser::NetworkSet::ItemCaption::Inp_IsEnableDHCP::GetByDHCP" Content="Obtain an IP Address via DHCP" />
  <Message ID="Browser::NetworkSet::Caption::Lab_IPTitle::IPAddress" Content="IP Address" />
  <Message ID="Browser::NetworkSet::Caption::Lab_NetMaskTitle::SubnetMask" Content="Subnet Mask" />
  <Message ID="Browser::NetworkSet::Caption::Lab_GatewayTitle::DefGateway" Content="Default Gateway" />
  <Message ID="Browser::NetworkSet::Caption::Lab_NameServerTitle::NameServerParameter" Content="Name Server Parameter" />
  <Message ID="Browser::NetworkSet::Caption::Lab_PriDNSTitle::PrimaryDNS" Content="Primary DNS" />
  <Message ID="Browser::NetworkSet::Caption::Lab_PriWINSTitle::PrimaryWINS" Content="Primary WINS" />
  <Message ID="Browser::NetworkSet::Caption::Lab_NetDiskTitle::NetworkDisk" Content="Network Disk" />
  <Message ID="Browser::NetworkSet::Caption::Lab_RemotePath::RemoteHostPath" Content="Remote Host Path" />
  <Message ID="Browser::NetworkSet::Caption::Lab_PCName::PCName" Content="PC Name" />
  <Message ID="Browser::NetworkSet::Caption::Lab_DirName::DirName" Content="Dir Name" />
  <Message ID="Browser::NetworkSet::Caption::Lab_UserName::UserName" Content="User Name" />
  <Message ID="Browser::NetworkSet::Caption::Lab_DirPassword::DirPassword" Content="Password" />
  <Message ID="Browser::NetworkSet::Caption::Lab_NetStatus::NetStatus" Content="Net Status" />
  <Message ID="Browser::NetworkSet::Caption::Lab_FTPTitle::FTPServer" Content="Resource Shared" />
  <Message ID="Browser::NetworkSet::Caption::Lab_SharedPath::SharedFolderPath" Content="Shared Folder Path" />
  <Message ID="Browser::NetworkSet::Caption::Label1::nextpage" Content="Set 2nd post (press pagedown)" />
</ResMap>