﻿<?xml version="1.0" encoding="utf-8" ?>
<ResMap>
	<!-- ================ YASKAWA Parameter ===================== -->
	<Message ID="MMI::DriverParameter::YASKAWA::Pn0" Content="功能選擇" />
	<Message ID="MMI::DriverParameter::YASKAWA::Pn0-00" Content="功能選擇基本開關0" />
	<Message ID="MMI::DriverParameter::YASKAWA::Pn0-01" Content="功能選擇應用開關1" />
	<Message ID="MMI::DriverParameter::YASKAWA::Pn0-02" Content="功能選擇應用開關2" />
	<Message ID="MMI::DriverParameter::YASKAWA::Pn0-06" Content="功能選擇應用開關6" />
	<Message ID="MMI::DriverParameter::YASKAWA::Pn0-07" Content="功能選擇應用開關7" />
	<Message ID="MMI::DriverParameter::YASKAWA::Pn0-08" Content="功能選擇應用開關8" />
	<Message ID="MMI::DriverParameter::YASKAWA::Pn0-09" Content="功能選擇應用開關9" />
	<Message ID="MMI::DriverParameter::YASKAWA::Pn0-0A" Content="功能選擇應用開關A" />
	<Message ID="MMI::DriverParameter::YASKAWA::Pn0-0B" Content="功能選擇應用開關B" />
	<Message ID="MMI::DriverParameter::YASKAWA::Pn0-0C" Content="功能選擇應用開關C" />
	<Message ID="MMI::DriverParameter::YASKAWA::Pn0-0D" Content="功能選擇應用開關D" />
	<Message ID="MMI::DriverParameter::YASKAWA::Pn0-0F" Content="功能選擇應用開關F" />
	<Message ID="MMI::DriverParameter::YASKAWA::Pn0-80" Content="功能選擇應用開關80" />
	<Message ID="MMI::DriverParameter::YASKAWA::Pn0-81" Content="功能選擇應用開關81" />
	<Message ID="MMI::DriverParameter::YASKAWA::Pn1" Content="增益參數" />
	<Message ID="MMI::DriverParameter::YASKAWA::Pn1-00" Content="速度回路增益" />
	<Message ID="MMI::DriverParameter::YASKAWA::Pn1-01" Content="速度回路積分時間常數" />
	<Message ID="MMI::DriverParameter::YASKAWA::Pn1-02" Content="位置回路增益" />
	<Message ID="MMI::DriverParameter::YASKAWA::Pn1-03" Content="轉動慣量比" />
	<Message ID="MMI::DriverParameter::YASKAWA::Pn1-04" Content="第2速度回路增益" />
	<Message ID="MMI::DriverParameter::YASKAWA::Pn1-05" Content="第2速度回路積分時間常數" />
	<Message ID="MMI::DriverParameter::YASKAWA::Pn1-06" Content="第2位置回路增益" />
	<Message ID="MMI::DriverParameter::YASKAWA::Pn1-09" Content="前饋" />
	<Message ID="MMI::DriverParameter::YASKAWA::Pn1-0A" Content="前饋濾波時間常數" />
	<Message ID="MMI::DriverParameter::YASKAWA::Pn1-0B" Content="增益類應用開關" />
	<Message ID="MMI::DriverParameter::YASKAWA::Pn1-0C" Content="模式開關（轉矩指令）" />
	<Message ID="MMI::DriverParameter::YASKAWA::Pn1-0D" Content="模式開關（速度指令）" />
	<Message ID="MMI::DriverParameter::YASKAWA::Pn1-0E" Content="模式開關（加速度）" />
	<Message ID="MMI::DriverParameter::YASKAWA::Pn1-0F" Content="模式開關（位置偏差）" />
	<Message ID="MMI::DriverParameter::YASKAWA::Pn1-1F" Content="位置積分時間參數" />
	<Message ID="MMI::DriverParameter::YASKAWA::Pn1-21" Content="摩擦補償增益" />
	<Message ID="MMI::DriverParameter::YASKAWA::Pn1-22" Content="第2摩擦補償增益" />
	<Message ID="MMI::DriverParameter::YASKAWA::Pn1-23" Content="摩擦補償係數" />
	<Message ID="MMI::DriverParameter::YASKAWA::Pn1-24" Content="摩擦補償頻率補正" />
	<Message ID="MMI::DriverParameter::YASKAWA::Pn1-25" Content="摩擦補償增益補正" />
	<Message ID="MMI::DriverParameter::YASKAWA::Pn1-31" Content="增益切換時間1" />
	<Message ID="MMI::DriverParameter::YASKAWA::Pn1-32" Content="增益切換時間2" />
	<Message ID="MMI::DriverParameter::YASKAWA::Pn1-35" Content="增益切換等待時間1" />
	<Message ID="MMI::DriverParameter::YASKAWA::Pn1-36" Content="增益切換等待時間2" />
	<Message ID="MMI::DriverParameter::YASKAWA::Pn1-39" Content="自動增益切換類開關1" />
	<Message ID="MMI::DriverParameter::YASKAWA::Pn1-3D" Content="電流增益值" />
	<Message ID="MMI::DriverParameter::YASKAWA::Pn1-40" Content="模式追蹤控制類開關" />
	<Message ID="MMI::DriverParameter::YASKAWA::Pn1-41" Content="模式追蹤控制增益" />
	<Message ID="MMI::DriverParameter::YASKAWA::Pn1-42" Content="模式追蹤控制增益補正" />
	<Message ID="MMI::DriverParameter::YASKAWA::Pn1-43" Content="模式追蹤控制偏置（正轉方向）" />
	<Message ID="MMI::DriverParameter::YASKAWA::Pn1-44" Content="模型追蹤控制偏置（反轉方向）" />
	<Message ID="MMI::DriverParameter::YASKAWA::Pn1-45" Content="振動抑制1頻率A" />
	<Message ID="MMI::DriverParameter::YASKAWA::Pn1-46" Content="振動抑制1頻率B" />
	<Message ID="MMI::DriverParameter::YASKAWA::Pn1-47" Content="模型追蹤控制速度前饋補償" />
	<Message ID="MMI::DriverParameter::YASKAWA::Pn1-48" Content="第2模型追蹤控制增益" />
	<Message ID="MMI::DriverParameter::YASKAWA::Pn1-49" Content="第2模型追蹤控制增益補正" />
	<Message ID="MMI::DriverParameter::YASKAWA::Pn1-4A" Content="振動抑制2頻率" />
	<Message ID="MMI::DriverParameter::YASKAWA::Pn1-4B" Content="振動抑制2補正" />
	<Message ID="MMI::DriverParameter::YASKAWA::Pn1-4F" Content="控制類開關" />
	<Message ID="MMI::DriverParameter::YASKAWA::Pn1-60" Content="防振控制類開關" />
	<Message ID="MMI::DriverParameter::YASKAWA::Pn1-61" Content="反共振頻率" />
	<Message ID="MMI::DriverParameter::YASKAWA::Pn1-62" Content="反共振增益補正" />
	<Message ID="MMI::DriverParameter::YASKAWA::Pn1-63" Content="反共振阻尼增益" />
	<Message ID="MMI::DriverParameter::YASKAWA::Pn1-64" Content="反共振濾波時間常數1補正" />
	<Message ID="MMI::DriverParameter::YASKAWA::Pn1-65" Content="反共振濾波時間常數2補正" />
	<Message ID="MMI::DriverParameter::YASKAWA::Pn1-66" Content="反共振阻尼增益2" />
	<Message ID="MMI::DriverParameter::YASKAWA::Pn1-70" Content="Tuning Less 類開關" />
	<Message ID="MMI::DriverParameter::YASKAWA::Pn1-81" Content="模式開關(速度)" />
	<Message ID="MMI::DriverParameter::YASKAWA::Pn1-82" Content="模式開關(加速度)" />
	<Message ID="MMI::DriverParameter::YASKAWA::Pn2" Content="位置模式參數" />
	<Message ID="MMI::DriverParameter::YASKAWA::Pn2-05" Content="多回轉圈數上限值" />
	<Message ID="MMI::DriverParameter::YASKAWA::Pn2-07" Content="位置控制功能開關" />
	<Message ID="MMI::DriverParameter::YASKAWA::Pn2-0A" Content="外部編碼器節距值" />
	<Message ID="MMI::DriverParameter::YASKAWA::Pn2-0E" Content="電子齒輪比（分子）" />
	<Message ID="MMI::DriverParameter::YASKAWA::Pn2-10" Content="電子齒輪比（分母）" />
	<Message ID="MMI::DriverParameter::YASKAWA::Pn2-12" Content="編碼器分周脈波數" />
	<Message ID="MMI::DriverParameter::YASKAWA::Pn2-2A" Content="全閉回路控制選擇開關" />
	<Message ID="MMI::DriverParameter::YASKAWA::Pn2-30" Content="位置控制擴充功能開關" />
	<Message ID="MMI::DriverParameter::YASKAWA::Pn2-31" Content="背隙補償" />
	<Message ID="MMI::DriverParameter::YASKAWA::Pn2-33" Content="背隙補償時間常數" />
	<Message ID="MMI::DriverParameter::YASKAWA::Pn2-81" Content="編碼器輸出解析度" />
	<Message ID="MMI::DriverParameter::YASKAWA::Pn2-82" Content="線性編碼器光柵尺節距" />
	<Message ID="MMI::DriverParameter::YASKAWA::Pn3" Content="速度模式參數" />
	<Message ID="MMI::DriverParameter::YASKAWA::Pn3-04" Content="寸動（JOG）速度" />
	<Message ID="MMI::DriverParameter::YASKAWA::Pn3-05" Content="緩起動加速時間" />
	<Message ID="MMI::DriverParameter::YASKAWA::Pn3-06" Content="緩起動減速時間" />
	<Message ID="MMI::DriverParameter::YASKAWA::Pn3-08" Content="速度回授濾波器時間常數" />
	<Message ID="MMI::DriverParameter::YASKAWA::Pn3-0A" Content="伺服Off及強制停止的減速時間" />
	<Message ID="MMI::DriverParameter::YASKAWA::Pn3-0C" Content="速度前饋移動平均時間" />
	<Message ID="MMI::DriverParameter::YASKAWA::Pn3-10" Content="振動檢出開關" />
	<Message ID="MMI::DriverParameter::YASKAWA::Pn3-11" Content="振動檢出靈敏度" />
	<Message ID="MMI::DriverParameter::YASKAWA::Pn3-12" Content="振動檢出值" />
	<Message ID="MMI::DriverParameter::YASKAWA::Pn3-16" Content="電機最高速度" />
	<Message ID="MMI::DriverParameter::YASKAWA::Pn3-24" Content="轉動慣量識別開始值" />
	<Message ID="MMI::DriverParameter::YASKAWA::Pn3-83" Content="JOG速度" />
	<Message ID="MMI::DriverParameter::YASKAWA::Pn3-84" Content="振動檢出值" />
	<Message ID="MMI::DriverParameter::YASKAWA::Pn3-85" Content="電機最高速度" />
	<Message ID="MMI::DriverParameter::YASKAWA::Pn4" Content="轉矩模式參數" />
	<Message ID="MMI::DriverParameter::YASKAWA::Pn4-01" Content="第1 段第1 轉矩指令濾波時間參數" />
	<Message ID="MMI::DriverParameter::YASKAWA::Pn4-02" Content="正轉轉矩限制" />
	<Message ID="MMI::DriverParameter::YASKAWA::Pn4-03" Content="反轉轉矩限制" />
	<Message ID="MMI::DriverParameter::YASKAWA::Pn4-04" Content="正轉外部轉矩限制" />
	<Message ID="MMI::DriverParameter::YASKAWA::Pn4-05" Content="反轉外部轉矩限制" />
	<Message ID="MMI::DriverParameter::YASKAWA::Pn4-06" Content="緊急停止轉矩" />
	<Message ID="MMI::DriverParameter::YASKAWA::Pn4-07" Content="轉矩控制時的速度限制" />
	<Message ID="MMI::DriverParameter::YASKAWA::Pn4-08" Content="轉矩類功能開關" />
	<Message ID="MMI::DriverParameter::YASKAWA::Pn4-09" Content="第1段Notch filter頻率" />
	<Message ID="MMI::DriverParameter::YASKAWA::Pn4-0A" Content="第1段Notch filter Q值" />
	<Message ID="MMI::DriverParameter::YASKAWA::Pn4-0B" Content="第1段Notch filter深度" />
	<Message ID="MMI::DriverParameter::YASKAWA::Pn4-0C" Content="第2段Notch filter頻率" />
	<Message ID="MMI::DriverParameter::YASKAWA::Pn4-0D" Content="第2段Notch filter Q值" />
	<Message ID="MMI::DriverParameter::YASKAWA::Pn4-0E" Content="第2段Notch filter深度" />
	<Message ID="MMI::DriverParameter::YASKAWA::Pn4-0F" Content="第2段第2 轉矩指令濾波器頻率" />
	<Message ID="MMI::DriverParameter::YASKAWA::Pn4-10" Content="第2段第2 轉矩指令濾波器Q值" />
	<Message ID="MMI::DriverParameter::YASKAWA::Pn4-12" Content="第1段第2 轉矩指令濾波時間常數" />
	<Message ID="MMI::DriverParameter::YASKAWA::Pn4-16" Content="轉矩類功能開關2" />
	<Message ID="MMI::DriverParameter::YASKAWA::Pn4-17" Content="第3段Notch filter頻率" />
	<Message ID="MMI::DriverParameter::YASKAWA::Pn4-18" Content="第3段Notch filter Q值" />
	<Message ID="MMI::DriverParameter::YASKAWA::Pn4-19" Content="第3段Notch filter深度" />
	<Message ID="MMI::DriverParameter::YASKAWA::Pn4-1A" Content="第4段Notch filter頻率" />
	<Message ID="MMI::DriverParameter::YASKAWA::Pn4-1B" Content="第4段Notch filter Q值" />
	<Message ID="MMI::DriverParameter::YASKAWA::Pn4-1C" Content="第4段Notch filter深度" />
	<Message ID="MMI::DriverParameter::YASKAWA::Pn4-1D" Content="第5段Notch filter頻率" />
	<Message ID="MMI::DriverParameter::YASKAWA::Pn4-1E" Content="第5段Notch filter Q值" />
	<Message ID="MMI::DriverParameter::YASKAWA::Pn4-1F" Content="第5段Notch filter深度" />
	<Message ID="MMI::DriverParameter::YASKAWA::Pn4-23" Content="速度脈動補償開關" />
	<Message ID="MMI::DriverParameter::YASKAWA::Pn4-24" Content="主回路電壓下降時轉矩限制" />
	<Message ID="MMI::DriverParameter::YASKAWA::Pn4-25" Content="主回路電壓下降時轉矩限制解除時間" />
	<Message ID="MMI::DriverParameter::YASKAWA::Pn4-26" Content="轉矩前饋移動平均時間" />
	<Message ID="MMI::DriverParameter::YASKAWA::Pn4-27" Content="速度脈動補償有效速度" />
	<Message ID="MMI::DriverParameter::YASKAWA::Pn4-56" Content="掃描轉矩指令振幅" />
	<Message ID="MMI::DriverParameter::YASKAWA::Pn4-60" Content="Notch filter調整開關" />
	<Message ID="MMI::DriverParameter::YASKAWA::Pn4-80" Content="力量控制時的速度限制" />
	<Message ID="MMI::DriverParameter::YASKAWA::Pn4-81" Content="磁極檢出速度增益" />
	<Message ID="MMI::DriverParameter::YASKAWA::Pn4-82" Content="磁極檢出速度積分時間" />
	<Message ID="MMI::DriverParameter::YASKAWA::Pn4-83" Content="正向推力限制" />
	<Message ID="MMI::DriverParameter::YASKAWA::Pn4-84" Content="反向推力限制" />
	<Message ID="MMI::DriverParameter::YASKAWA::Pn4-85" Content="磁極檢出指令速度" />
	<Message ID="MMI::DriverParameter::YASKAWA::Pn4-86" Content="磁極檢出指令加速度時間" />
	<Message ID="MMI::DriverParameter::YASKAWA::Pn4-87" Content="磁極檢出指令等速時間" />
	<Message ID="MMI::DriverParameter::YASKAWA::Pn4-88" Content="磁極檢出指令等待時間" />
	<Message ID="MMI::DriverParameter::YASKAWA::Pn4-8E" Content="磁極檢出活動範圍" />
	<Message ID="MMI::DriverParameter::YASKAWA::Pn4-90" Content="磁極檢出負載值" />
	<Message ID="MMI::DriverParameter::YASKAWA::Pn4-95" Content="磁極檢出確認推力指令" />
	<Message ID="MMI::DriverParameter::YASKAWA::Pn4-98" Content="磁極檢出誤差容許範圍" />
	<Message ID="MMI::DriverParameter::YASKAWA::Pn4-9F" Content="速度脈動補償啟動速度容許範圍" />
	<Message ID="MMI::DriverParameter::YASKAWA::Pn5" Content="序列" />
	<Message ID="MMI::DriverParameter::YASKAWA::Pn5-01" Content="零鎖定準位" />
	<Message ID="MMI::DriverParameter::YASKAWA::Pn5-02" Content="旋轉檢出值" />
	<Message ID="MMI::DriverParameter::YASKAWA::Pn5-03" Content="速度一致信號檢出寬度" />
	<Message ID="MMI::DriverParameter::YASKAWA::Pn5-06" Content="煞車指令-伺服OFF遲延時間" />
	<Message ID="MMI::DriverParameter::YASKAWA::Pn5-07" Content="煞車指令輸出速度值" />
	<Message ID="MMI::DriverParameter::YASKAWA::Pn5-08" Content="伺服OFF- 煞車指令等待時間" />
	<Message ID="MMI::DriverParameter::YASKAWA::Pn5-09" Content="瞬間停止保持時間" />
	<Message ID="MMI::DriverParameter::YASKAWA::Pn5-0A" Content="輸入信號選擇1" />
	<Message ID="MMI::DriverParameter::YASKAWA::Pn5-0B" Content="輸入信號選擇2" />
	<Message ID="MMI::DriverParameter::YASKAWA::Pn5-0E" Content="輸出信號選擇1" />
	<Message ID="MMI::DriverParameter::YASKAWA::Pn5-0F" Content="輸出信號選擇2" />
	<Message ID="MMI::DriverParameter::YASKAWA::Pn5-10" Content="輸出信號選擇3" />
	<Message ID="MMI::DriverParameter::YASKAWA::Pn5-11" Content="輸入信號選擇5" />
	<Message ID="MMI::DriverParameter::YASKAWA::Pn5-12" Content="輸出信號反轉設定" />
	<Message ID="MMI::DriverParameter::YASKAWA::Pn5-14" Content="輸出信號選擇4" />
	<Message ID="MMI::DriverParameter::YASKAWA::Pn5-16" Content="輸入信號選擇7" />
	<Message ID="MMI::DriverParameter::YASKAWA::Pn5-1B" Content="馬達−負載位置間偏差過大值" />
	<Message ID="MMI::DriverParameter::YASKAWA::Pn5-1E" Content="位置偏差過大警告值" />
	<Message ID="MMI::DriverParameter::YASKAWA::Pn5-20" Content="位置偏差過大警報值" />
	<Message ID="MMI::DriverParameter::YASKAWA::Pn5-22" Content="定位完成寬度" />
	<Message ID="MMI::DriverParameter::YASKAWA::Pn5-24" Content="NEAR 信號幅度" />
	<Message ID="MMI::DriverParameter::YASKAWA::Pn5-26" Content="伺服on時位置偏差過大警報值" />
	<Message ID="MMI::DriverParameter::YASKAWA::Pn5-28" Content="伺服on時位置偏差過大警告值" />
	<Message ID="MMI::DriverParameter::YASKAWA::Pn5-29" Content="伺服on時速度限制值" />
	<Message ID="MMI::DriverParameter::YASKAWA::Pn5-2A" Content="全閉環旋轉1圈的乘積值" />
	<Message ID="MMI::DriverParameter::YASKAWA::Pn5-2B" Content="過載警告值" />
	<Message ID="MMI::DriverParameter::YASKAWA::Pn5-2C" Content="馬達超載檢出基極電流下降" />
	<Message ID="MMI::DriverParameter::YASKAWA::Pn5-2F" Content="投入電源時的監視顯示" />
	<Message ID="MMI::DriverParameter::YASKAWA::Pn5-30" Content="程序Jog運轉類開關" />
	<Message ID="MMI::DriverParameter::YASKAWA::Pn5-31" Content="程序Jog移動距離" />
	<Message ID="MMI::DriverParameter::YASKAWA::Pn5-33" Content="程序Jog移動速度" />
	<Message ID="MMI::DriverParameter::YASKAWA::Pn5-34" Content="程序Jog加減速時間" />
	<Message ID="MMI::DriverParameter::YASKAWA::Pn5-35" Content="程序Jog等待時間" />
	<Message ID="MMI::DriverParameter::YASKAWA::Pn5-36" Content="程序Jog移動次數" />
	<Message ID="MMI::DriverParameter::YASKAWA::Pn5-48" Content="追蹤指定警報編號" />
	<Message ID="MMI::DriverParameter::YASKAWA::Pn5-50" Content="類比監視1 偏移量電壓" />
	<Message ID="MMI::DriverParameter::YASKAWA::Pn5-51" Content="類比監視2 偏移量電壓" />
	<Message ID="MMI::DriverParameter::YASKAWA::Pn5-52" Content="類比監視1 倍率" />
	<Message ID="MMI::DriverParameter::YASKAWA::Pn5-53" Content="類比監視2 倍率" />
	<Message ID="MMI::DriverParameter::YASKAWA::Pn5-5A" Content="功耗監視單位時間" />
	<Message ID="MMI::DriverParameter::YASKAWA::Pn5-60" Content="殘留振動檢出幅度" />
	<Message ID="MMI::DriverParameter::YASKAWA::Pn5-61" Content="Overshooting檢出值" />
	<Message ID="MMI::DriverParameter::YASKAWA::Pn5-81" Content="零速值" />
	<Message ID="MMI::DriverParameter::YASKAWA::Pn5-82" Content="速度一致信號輸出範圍" />
	<Message ID="MMI::DriverParameter::YASKAWA::Pn5-83" Content="剎車指令輸出速度值" />
	<Message ID="MMI::DriverParameter::YASKAWA::Pn5-84" Content="伺服on時速度限制" />
	<Message ID="MMI::DriverParameter::YASKAWA::Pn5-85" Content="程序Jog移動速度" />
	<Message ID="MMI::DriverParameter::YASKAWA::Pn5-86" Content="電機自轉冷卻率" />
	<Message ID="MMI::DriverParameter::YASKAWA::Pn5-87" Content="絕對編碼器極性偵測執行選擇" />
	<Message ID="MMI::DriverParameter::YASKAWA::Pn6" Content="回生電阻" />
	<Message ID="MMI::DriverParameter::YASKAWA::Pn6-00" Content="再生電阻容量" />
	<Message ID="MMI::DriverParameter::YASKAWA::Pn6-01" Content="DB電阻容量" />
	<Message ID="MMI::DriverParameter::YASKAWA::Pn6-03" Content="再生電阻值" />
	<Message ID="MMI::DriverParameter::YASKAWA::Pn6-04" Content="DB電阻值" />
	<Message ID="MMI::DriverParameter::YASKAWA::Pn8" Content="安川串列通訊參數" />
	<Message ID="MMI::DriverParameter::YASKAWA::Pn8-00" Content="串列控制" />
	<Message ID="MMI::DriverParameter::YASKAWA::Pn8-01" Content="應用功能選擇6（Solfware LS）" />
	<Message ID="MMI::DriverParameter::YASKAWA::Pn8-03" Content="起源範圍" />
	<Message ID="MMI::DriverParameter::YASKAWA::Pn8-04" Content="正向軟體極限" />
	<Message ID="MMI::DriverParameter::YASKAWA::Pn8-06" Content="反向軟體極限" />
	<Message ID="MMI::DriverParameter::YASKAWA::Pn8-08" Content="絕對式編碼器原點偏移" />
	<Message ID="MMI::DriverParameter::YASKAWA::Pn8-0A" Content="1st 線性加速常數值" />
	<Message ID="MMI::DriverParameter::YASKAWA::Pn8-0B" Content="2nd 線性加速常數值" />
	<Message ID="MMI::DriverParameter::YASKAWA::Pn8-0C" Content="加速常數值切換速度" />
	<Message ID="MMI::DriverParameter::YASKAWA::Pn8-0D" Content="1st 線性減速常數值" />
	<Message ID="MMI::DriverParameter::YASKAWA::Pn8-0E" Content="2nd 線性減速常數值" />
	<Message ID="MMI::DriverParameter::YASKAWA::Pn8-0F" Content="減速常數值切換速度" />
	<Message ID="MMI::DriverParameter::YASKAWA::Pn8-10" Content="指數函數加速/減速偏置" />
	<Message ID="MMI::DriverParameter::YASKAWA::Pn8-11" Content="指數函數加速/減速時間常數" />
	<Message ID="MMI::DriverParameter::YASKAWA::Pn8-12" Content="運動平均時間" />
	<Message ID="MMI::DriverParameter::YASKAWA::Pn8-14" Content="外部定位的最終行程" />
	<Message ID="MMI::DriverParameter::YASKAWA::Pn8-16" Content="原點復歸模式設置" />
	<Message ID="MMI::DriverParameter::YASKAWA::Pn8-17" Content="尋原點接近速度1" />
	<Message ID="MMI::DriverParameter::YASKAWA::Pn8-18" Content="尋原點接近速度2" />
	<Message ID="MMI::DriverParameter::YASKAWA::Pn8-19" Content="尋原點最後行程距離" />
	<Message ID="MMI::DriverParameter::YASKAWA::Pn8-1E" Content="輸入信號監視選擇" />
	<Message ID="MMI::DriverParameter::YASKAWA::Pn8-1F" Content="命令數據分配" />
	<Message ID="MMI::DriverParameter::YASKAWA::Pn8-20" Content="正向抓取允許區域" />
	<Message ID="MMI::DriverParameter::YASKAWA::Pn8-22" Content="反向抓取允許區域" />
	<Message ID="MMI::DriverParameter::YASKAWA::Pn8-24" Content="1號監視選擇" />
	<Message ID="MMI::DriverParameter::YASKAWA::Pn8-25" Content="2號監視選擇" />
	<Message ID="MMI::DriverParameter::YASKAWA::Pn8-27" Content="線性減速時間常數1(停止)" />
	<Message ID="MMI::DriverParameter::YASKAWA::Pn8-29" Content="SVOFF等待時間" />
	<Message ID="MMI::DriverParameter::YASKAWA::Pn8-2A" Content="選項區域分配1" />
	<Message ID="MMI::DriverParameter::YASKAWA::Pn8-2B" Content="選項區域分配2" />
	<Message ID="MMI::DriverParameter::YASKAWA::Pn8-2C" Content="選項區域分配3" />
	<Message ID="MMI::DriverParameter::YASKAWA::Pn8-2D" Content="選項區域分配4" />
	<Message ID="MMI::DriverParameter::YASKAWA::Pn8-2E" Content="選項區域分配5" />
	<Message ID="MMI::DriverParameter::YASKAWA::Pn8-33" Content="運動設定" />
	<Message ID="MMI::DriverParameter::YASKAWA::Pn8-34" Content="1st 線性加速常數值 2" />
	<Message ID="MMI::DriverParameter::YASKAWA::Pn8-36" Content="2nd 線性加速常數值 2" />
	<Message ID="MMI::DriverParameter::YASKAWA::Pn8-38" Content="加速常數值2切換速度" />
	<Message ID="MMI::DriverParameter::YASKAWA::Pn8-3A" Content="1st 線性減速常數值 2" />
	<Message ID="MMI::DriverParameter::YASKAWA::Pn8-3C" Content="2nd 線性減速常數值 2" />
	<Message ID="MMI::DriverParameter::YASKAWA::Pn8-3E" Content="減速常數值2切換速度" />
	<Message ID="MMI::DriverParameter::YASKAWA::Pn8-40" Content="線性減速時間常數2(停止)" />
	<Message ID="MMI::DriverParameter::YASKAWA::Pn8-42" Content="原點復位接近速度1" />
	<Message ID="MMI::DriverParameter::YASKAWA::Pn8-44" Content="原點復位接近速度2" />
	<Message ID="MMI::DriverParameter::YASKAWA::Pn8-50" Content="抓取序列號" />
	<Message ID="MMI::DriverParameter::YASKAWA::Pn8-51" Content="連續抓取計算" />
	<Message ID="MMI::DriverParameter::YASKAWA::Pn8-52" Content="抓取序列訊號1-4設定" />
	<Message ID="MMI::DriverParameter::YASKAWA::Pn8-53" Content="抓取序列訊號5-8設定" />
	<Message ID="MMI::DriverParameter::YASKAWA::Tunning" Content="功能" />
	<Message ID="MMI::DriverParameter::YASKAWA::Tunning-Adjustment Mode" Content="選擇調整過程中，如AAT，AAT參考，絕對編碼器重置" />
	<Message ID="MMI::DriverParameter::YASKAWA::Tunning-Operation" Content="選擇操作，如向前、獎勵、伺服開" />
	<Message ID="MMI::DriverParameter::YASKAWA::Tunning-Safety StopTime" Content="" />
	<Message ID="MMI::DriverParameter::YASKAWA::Tunning-Related_Mode" Content="高級的調機模式，如慣量的估計" />
	<Message ID="MMI::DriverParameter::YASKAWA::Tunning-Mode" Content="選擇更好的選轉模式" />
	<Message ID="MMI::DriverParameter::YASKAWA::Tunning-STROKE" Content="Travael距離設定" />
	<Message ID="MMI::DriverParameter::YASKAWA::Tunning-Monitor Sequence" Content="監視更好的自動調機，如初步、完成和失敗" />
	<Message ID="MMI::DriverParameter::YASKAWA::Tunning-Type" Content="根據機械元件選擇驅動類型" />
	<Message ID="MMI::DriverParameter::YASKAWA::Pn0-00-00" Content="旋轉方向選擇" />
	<Message ID="MMI::DriverParameter::YASKAWA::Pn0-00-01" Content="保留參數" />
	<Message ID="MMI::DriverParameter::YASKAWA::Pn0-00-02" Content="保留參數" />
	<Message ID="MMI::DriverParameter::YASKAWA::Pn0-00-03" Content="未連接編碼器時的旋轉型/線性馬達啟動選擇" />
	<Message ID="MMI::DriverParameter::YASKAWA::Pn0-01-00" Content="伺服OFF及發生Gr.1警報時的停止方法" />
	<Message ID="MMI::DriverParameter::YASKAWA::Pn0-01-01" Content="超行程（OT）時的停止方法" />
	<Message ID="MMI::DriverParameter::YASKAWA::Pn0-01-02" Content="AC/DC 電源輸入的選擇" />
	<Message ID="MMI::DriverParameter::YASKAWA::Pn0-01-03" Content="警告代碼輸出選擇" />
	<Message ID="MMI::DriverParameter::YASKAWA::Pn0-02-00" Content="速度／位置控制選擇" />
	<Message ID="MMI::DriverParameter::YASKAWA::Pn0-02-01" Content="轉矩控制選擇" />
	<Message ID="MMI::DriverParameter::YASKAWA::Pn0-02-02" Content="絕對值編碼器的使用方法" />
	<Message ID="MMI::DriverParameter::YASKAWA::Pn0-02-03" Content="外部編碼器的使用方法" />
	<Message ID="MMI::DriverParameter::YASKAWA::Pn0-06-00" Content="類比量監視1信號選擇" />
	<Message ID="MMI::DriverParameter::YASKAWA::Pn0-06-01" Content="保留參數" />
	<Message ID="MMI::DriverParameter::YASKAWA::Pn0-07-00" Content="類比量監視2信號選擇" />
	<Message ID="MMI::DriverParameter::YASKAWA::Pn0-07-01" Content="保留參數" />
	<Message ID="MMI::DriverParameter::YASKAWA::Pn0-08-00" Content="電池低電壓的警報／警告選擇" />
	<Message ID="MMI::DriverParameter::YASKAWA::Pn0-08-01" Content="主回路低電壓時的功能選擇" />
	<Message ID="MMI::DriverParameter::YASKAWA::Pn0-08-02" Content="警告檢出選擇" />
	<Message ID="MMI::DriverParameter::YASKAWA::Pn0-08-03" Content="保留參數" />
	<Message ID="MMI::DriverParameter::YASKAWA::Pn0-09-00" Content="保留參數" />
	<Message ID="MMI::DriverParameter::YASKAWA::Pn0-09-01" Content="電流控制模式選擇" />
	<Message ID="MMI::DriverParameter::YASKAWA::Pn0-09-02" Content="速度檢出方法選擇" />
	<Message ID="MMI::DriverParameter::YASKAWA::Pn0-09-03" Content="保留參數" />
	<Message ID="MMI::DriverParameter::YASKAWA::Pn0-0A-00" Content="Gr.2警報停止方法選擇" />
	<Message ID="MMI::DriverParameter::YASKAWA::Pn0-0A-01" Content="強制停止時的停止方法" />
	<Message ID="MMI::DriverParameter::YASKAWA::Pn0-0A-02" Content="保留參數" />
	<Message ID="MMI::DriverParameter::YASKAWA::Pn0-0A-03" Content="保留參數" />
	<Message ID="MMI::DriverParameter::YASKAWA::Pn0-0B-00" Content="操作器參數顯示選擇" />
	<Message ID="MMI::DriverParameter::YASKAWA::Pn0-0B-01" Content="Gr.2 警報停止方法選擇" />
	<Message ID="MMI::DriverParameter::YASKAWA::Pn0-0B-02" Content="三相輸入規格伺服驅動器的電源輸入選擇" />
	<Message ID="MMI::DriverParameter::YASKAWA::Pn0-0B-03" Content="保留參數" />
	<Message ID="MMI::DriverParameter::YASKAWA::Pn0-0C-00" Content="無馬達測試功能選擇" />
	<Message ID="MMI::DriverParameter::YASKAWA::Pn0-0C-01" Content="無馬達測試功能編碼器解析度選擇" />
	<Message ID="MMI::DriverParameter::YASKAWA::Pn0-0C-02" Content="無馬達測試功能編碼器類型選擇" />
	<Message ID="MMI::DriverParameter::YASKAWA::Pn0-0C-03" Content="保留參數" />
	<Message ID="MMI::DriverParameter::YASKAWA::Pn0-0D-00" Content="保留參數" />
	<Message ID="MMI::DriverParameter::YASKAWA::Pn0-0D-01" Content="保留參數" />
	<Message ID="MMI::DriverParameter::YASKAWA::Pn0-0D-02" Content="保留參數" />
	<Message ID="MMI::DriverParameter::YASKAWA::Pn0-0D-03" Content="超行程（OT）警告偵測選擇" />
	<Message ID="MMI::DriverParameter::YASKAWA::Pn0-0F-00" Content="預防維護警告選擇" />
	<Message ID="MMI::DriverParameter::YASKAWA::Pn0-0F-01" Content="保留參數" />
	<Message ID="MMI::DriverParameter::YASKAWA::Pn0-0F-02" Content="保留參數" />
	<Message ID="MMI::DriverParameter::YASKAWA::Pn0-0F-03" Content="保留參數" />
	<Message ID="MMI::DriverParameter::YASKAWA::Pn0-80-00" Content="磁極感測器開關" />
	<Message ID="MMI::DriverParameter::YASKAWA::Pn0-80-01" Content="電機相序選擇" />
	<Message ID="MMI::DriverParameter::YASKAWA::Pn0-80-02" Content="保留參數" />
	<Message ID="MMI::DriverParameter::YASKAWA::Pn0-80-03" Content="定速度分頻計算選擇" />
	<Message ID="MMI::DriverParameter::YASKAWA::Pn0-81-00" Content="分頻C相輸出選擇" />
	<Message ID="MMI::DriverParameter::YASKAWA::Pn0-81-01" Content="保留參數" />
	<Message ID="MMI::DriverParameter::YASKAWA::Pn0-81-02" Content="保留參數" />
	<Message ID="MMI::DriverParameter::YASKAWA::Pn0-81-03" Content="保留參數" />
	<Message ID="MMI::DriverParameter::YASKAWA::Pn1-0B-00" Content="模式開關選擇" />
	<Message ID="MMI::DriverParameter::YASKAWA::Pn1-0B-01" Content="速度環的控制方法" />
	<Message ID="MMI::DriverParameter::YASKAWA::Pn1-0B-02" Content="保留參數" />
	<Message ID="MMI::DriverParameter::YASKAWA::Pn1-39-00" Content="增益切換選擇開關" />
	<Message ID="MMI::DriverParameter::YASKAWA::Pn1-39-01" Content="切換條件A " />
	<Message ID="MMI::DriverParameter::YASKAWA::Pn1-39-02" Content="保留參數" />
	<Message ID="MMI::DriverParameter::YASKAWA::Pn1-40-00" Content="模型追蹤控制選擇" />
	<Message ID="MMI::DriverParameter::YASKAWA::Pn1-40-01" Content="振動抑制選擇" />
	<Message ID="MMI::DriverParameter::YASKAWA::Pn1-40-02" Content="振動抑制功能調整選擇" />
	<Message ID="MMI::DriverParameter::YASKAWA::Pn1-40-03" Content="速度前饋（VFF）/轉矩前饋選擇" />
	<Message ID="MMI::DriverParameter::YASKAWA::Pn1-4F-00" Content="模型追蹤控制類型選擇" />
	<Message ID="MMI::DriverParameter::YASKAWA::Pn1-4F-01" Content="Tuning Less類型選擇" />
	<Message ID="MMI::DriverParameter::YASKAWA::Pn1-4F-02" Content="保留參數" />
	<Message ID="MMI::DriverParameter::YASKAWA::Pn1-60-00" Content="反共振控制選擇" />
	<Message ID="MMI::DriverParameter::YASKAWA::Pn1-60-01" Content="反共振控制調整選擇" />
	<Message ID="MMI::DriverParameter::YASKAWA::Pn1-60-02" Content="保留參數" />
	<Message ID="MMI::DriverParameter::YASKAWA::Pn1-70-00" Content="Tuning Less選擇" />
	<Message ID="MMI::DriverParameter::YASKAWA::Pn1-70-01" Content="速度控制時的控制方法" />
	<Message ID="MMI::DriverParameter::YASKAWA::Pn1-70-02" Content="Tuning Less值" />
	<Message ID="MMI::DriverParameter::YASKAWA::Pn1-70-03" Content="Tuning Less負載值" />
	<Message ID="MMI::DriverParameter::YASKAWA::Pn2-07-00" Content="保留參數" />
	<Message ID="MMI::DriverParameter::YASKAWA::Pn2-07-01" Content="COIN 輸出時間" />
	<Message ID="MMI::DriverParameter::YASKAWA::Pn2-2A-00" Content="保留參數" />
	<Message ID="MMI::DriverParameter::YASKAWA::Pn2-2A-01" Content="全閉回路控制時的速度回授選擇" />
	<Message ID="MMI::DriverParameter::YASKAWA::Pn2-30-00" Content="背隙補償方向" />
	<Message ID="MMI::DriverParameter::YASKAWA::Pn2-30-01" Content="保留參數" />
	<Message ID="MMI::DriverParameter::YASKAWA::Pn3-10-00" Content="振動檢出選擇" />
	<Message ID="MMI::DriverParameter::YASKAWA::Pn3-10-01" Content="保留參數" />
	<Message ID="MMI::DriverParameter::YASKAWA::Pn4-08-00" Content="Notch filter的選擇1" />
	<Message ID="MMI::DriverParameter::YASKAWA::Pn4-08-01" Content="速度限制選擇" />
	<Message ID="MMI::DriverParameter::YASKAWA::Pn4-08-02" Content="Notch filter的選擇2 " />
	<Message ID="MMI::DriverParameter::YASKAWA::Pn4-08-03" Content="摩擦補償功能選擇" />
	<Message ID="MMI::DriverParameter::YASKAWA::Pn4-16-00" Content="Notch filter的選擇3" />
	<Message ID="MMI::DriverParameter::YASKAWA::Pn4-16-01" Content="Notch filter的選擇4" />
	<Message ID="MMI::DriverParameter::YASKAWA::Pn4-16-02" Content="Notch filter的選擇5 " />
	<Message ID="MMI::DriverParameter::YASKAWA::Pn4-16-03" Content="保留參數" />
	<Message ID="MMI::DriverParameter::YASKAWA::Pn4-23-00" Content="速度脈動補償功能選擇" />
	<Message ID="MMI::DriverParameter::YASKAWA::Pn4-23-01" Content="速度脈動補償訊息不一致警告選擇" />
	<Message ID="MMI::DriverParameter::YASKAWA::Pn4-23-02" Content="速度脈動補償有效選擇條件 " />
	<Message ID="MMI::DriverParameter::YASKAWA::Pn4-23-03" Content="保留參數" />
	<Message ID="MMI::DriverParameter::YASKAWA::Pn4-60-00" Content="Notch filter調整選擇1" />
	<Message ID="MMI::DriverParameter::YASKAWA::Pn4-60-01" Content="保留參數" />
	<Message ID="MMI::DriverParameter::YASKAWA::Pn4-60-02" Content="Notch filter調整選擇2" />
	<Message ID="MMI::DriverParameter::YASKAWA::Pn4-60-03" Content="保留參數" />
	<Message ID="MMI::DriverParameter::YASKAWA::Pn5-0A-00" Content="保留參數" />
	<Message ID="MMI::DriverParameter::YASKAWA::Pn5-0A-01" Content="P-OT 信號分配" />
	<Message ID="MMI::DriverParameter::YASKAWA::Pn5-0B-00" Content="N-OT 信號分配[OFF （H 電位）時禁止反轉側驅動]" />
	<Message ID="MMI::DriverParameter::YASKAWA::Pn5-0B-01" Content="保留參數" />
	<Message ID="MMI::DriverParameter::YASKAWA::Pn5-0B-02" Content="/P-CL 信號分配[ON（L電位）時轉矩限制]" />
	<Message ID="MMI::DriverParameter::YASKAWA::Pn5-0B-03" Content="/N-CL 信號分配[ON（L電位）時轉矩限制]" />
	<Message ID="MMI::DriverParameter::YASKAWA::Pn5-0E-00" Content="定位完成信號分配（/COIN）" />
	<Message ID="MMI::DriverParameter::YASKAWA::Pn5-0E-01" Content="速度一致檢出信號分配（/V-CMP）" />
	<Message ID="MMI::DriverParameter::YASKAWA::Pn5-0E-02" Content="旋轉檢出信號分配（/TGON）" />
	<Message ID="MMI::DriverParameter::YASKAWA::Pn5-0E-03" Content="伺服準備完成信號分配（/S-RDY）" />
	<Message ID="MMI::DriverParameter::YASKAWA::Pn5-0F-00" Content="轉矩限制中信號分配（/CLT）" />
	<Message ID="MMI::DriverParameter::YASKAWA::Pn5-0F-01" Content="速度限制檢出信號分配（/VLT）" />
	<Message ID="MMI::DriverParameter::YASKAWA::Pn5-0F-02" Content="煞車互鎖信號分配（/BK）" />
	<Message ID="MMI::DriverParameter::YASKAWA::Pn5-0F-03" Content="警告信號分配（/WARN）" />
	<Message ID="MMI::DriverParameter::YASKAWA::Pn5-10-00" Content="定位接近信號分配（/NEAR）" />
	<Message ID="MMI::DriverParameter::YASKAWA::Pn5-10-01" Content="保留參數" />
	<Message ID="MMI::DriverParameter::YASKAWA::Pn5-11-00" Content="原點復歸映射訊號 (/DEC)" />
	<Message ID="MMI::DriverParameter::YASKAWA::Pn5-11-01" Content="外部映射訊號1(/EXT1)" />
	<Message ID="MMI::DriverParameter::YASKAWA::Pn5-11-02" Content="外部映射訊號2 (/EXT2)" />
	<Message ID="MMI::DriverParameter::YASKAWA::Pn5-11-03" Content="外部映射訊號3 (/EXT3)" />
	<Message ID="MMI::DriverParameter::YASKAWA::Pn5-12-00" Content="CN1-25、26 端子輸出信號反轉" />
	<Message ID="MMI::DriverParameter::YASKAWA::Pn5-12-01" Content="CN1-27、28 端子輸出信號反轉" />
	<Message ID="MMI::DriverParameter::YASKAWA::Pn5-12-02" Content="CN1-29、30 端子輸出信號反轉" />
	<Message ID="MMI::DriverParameter::YASKAWA::Pn5-12-03" Content="保留參數" />
	<Message ID="MMI::DriverParameter::YASKAWA::Pn5-14-00" Content="保留參數" />
	<Message ID="MMI::DriverParameter::YASKAWA::Pn5-14-01" Content="保留參數" />
	<Message ID="MMI::DriverParameter::YASKAWA::Pn5-14-02" Content="/PM信號的分配" />
	<Message ID="MMI::DriverParameter::YASKAWA::Pn5-14-03" Content="保留參數" />
	<Message ID="MMI::DriverParameter::YASKAWA::Pn5-16-00" Content="FSTP信號的分配" />
	<Message ID="MMI::DriverParameter::YASKAWA::Pn5-16-01" Content="保留參數" />
	<Message ID="MMI::DriverParameter::YASKAWA::Pn5-16-02" Content="保留參數" />
	<Message ID="MMI::DriverParameter::YASKAWA::Pn5-16-03" Content="保留參數" />
	<Message ID="MMI::DriverParameter::YASKAWA::Pn5-30-00" Content="程序JOG 運轉模式" />
	<Message ID="MMI::DriverParameter::YASKAWA::Pn5-30-01" Content="保留參數" />
	<Message ID="MMI::DriverParameter::YASKAWA::Pn5-87-00" Content="絕對式光柵尺用磁極檢初選擇" />
	<Message ID="MMI::DriverParameter::YASKAWA::Pn5-87-01" Content="保留參數" />
	<Message ID="MMI::DriverParameter::YASKAWA::Pn8-00-00" Content="MECHATROLINK 通訊檢查遮罩(for debug)" />
	<Message ID="MMI::DriverParameter::YASKAWA::Pn8-00-01" Content="警報檢查遮罩" />
	<Message ID="MMI::DriverParameter::YASKAWA::Pn8-00-02" Content="保留參數" />
	<Message ID="MMI::DriverParameter::YASKAWA::Pn8-01-00" Content="軟體行程極限功能" />
	<Message ID="MMI::DriverParameter::YASKAWA::Pn8-01-01" Content="保留參數" />
	<Message ID="MMI::DriverParameter::YASKAWA::Pn8-01-02" Content="軟體行程極限參考點" />
	<Message ID="MMI::DriverParameter::YASKAWA::Pn8-01-03" Content="保留參數" />
	<Message ID="MMI::DriverParameter::YASKAWA::Pn8-16-00" Content="原點復歸方向" />
	<Message ID="MMI::DriverParameter::YASKAWA::Pn8-16-01" Content="保留參數" />
	<Message ID="MMI::DriverParameter::YASKAWA::Pn8-1E-00" Content="IO12 訊號映射" />
	<Message ID="MMI::DriverParameter::YASKAWA::Pn8-1E-01" Content="IO13 訊號映射" />
	<Message ID="MMI::DriverParameter::YASKAWA::Pn8-1E-02" Content="IO14 訊號映射" />
	<Message ID="MMI::DriverParameter::YASKAWA::Pn8-1E-03" Content="IO15 訊號映射" />
	<Message ID="MMI::DriverParameter::YASKAWA::Pn8-1F-00" Content="選項區域分配" />
	<Message ID="MMI::DriverParameter::YASKAWA::Pn8-1F-01" Content="位置控制命令 TFF/TLIM 功能配置" />
	<Message ID="MMI::DriverParameter::YASKAWA::Pn8-1F-02" Content="保留參數" />
	<Message ID="MMI::DriverParameter::YASKAWA::Pn8-2A-00" Content="ACCFIL配置" />
	<Message ID="MMI::DriverParameter::YASKAWA::Pn8-2A-01" Content="啟動/暫停ACCFIL配置" />
	<Message ID="MMI::DriverParameter::YASKAWA::Pn8-2A-02" Content="G_SEL配置" />
	<Message ID="MMI::DriverParameter::YASKAWA::Pn8-2A-03" Content="啟動/暫停G_SEL配置" />
	<Message ID="MMI::DriverParameter::YASKAWA::Pn8-2B-00" Content="V_PPI配置" />
	<Message ID="MMI::DriverParameter::YASKAWA::Pn8-2B-01" Content="啟動/暫停V_PPI配置" />
	<Message ID="MMI::DriverParameter::YASKAWA::Pn8-2B-02" Content="P_PI_CLR 配置" />
	<Message ID="MMI::DriverParameter::YASKAWA::Pn8-2B-03" Content="啟動/暫停P_PI_CLR 配置" />
	<Message ID="MMI::DriverParameter::YASKAWA::Pn8-2C-00" Content="P_CL配置" />
	<Message ID="MMI::DriverParameter::YASKAWA::Pn8-2C-01" Content="啟動/暫停P_CL配置" />
	<Message ID="MMI::DriverParameter::YASKAWA::Pn8-2C-02" Content="N_CL配置" />
	<Message ID="MMI::DriverParameter::YASKAWA::Pn8-2C-03" Content="啟動/暫停N_CL配置" />
	<Message ID="MMI::DriverParameter::YASKAWA::Pn8-2D-00" Content="BANK_SEL1配置" />
	<Message ID="MMI::DriverParameter::YASKAWA::Pn8-2D-01" Content="啟動/暫停BANK_SEL1配置" />
	<Message ID="MMI::DriverParameter::YASKAWA::Pn8-2D-02" Content="LT_DISABLE配置" />
	<Message ID="MMI::DriverParameter::YASKAWA::Pn8-2D-03" Content="啟動/暫停LT_DISABLE配置" />
	<Message ID="MMI::DriverParameter::YASKAWA::Pn8-2E-00" Content="保留參數" />
	<Message ID="MMI::DriverParameter::YASKAWA::Pn8-2E-01" Content="保留參數" />
	<Message ID="MMI::DriverParameter::YASKAWA::Pn8-2E-02" Content="保留參數" />
	<Message ID="MMI::DriverParameter::YASKAWA::Pn8-33-00" Content="線性加速/減速時間常數選擇" />
	<Message ID="MMI::DriverParameter::YASKAWA::Pn8-33-01" Content="保留參數" />
	<Message ID="MMI::DriverParameter::YASKAWA::Pn8-52-00" Content="擷取序列信號1" />
	<Message ID="MMI::DriverParameter::YASKAWA::Pn8-52-01" Content="擷取序列信號2" />
	<Message ID="MMI::DriverParameter::YASKAWA::Pn8-52-02" Content="擷取序列信號3" />
	<Message ID="MMI::DriverParameter::YASKAWA::Pn8-52-03" Content="擷取序列信號4" />
	<Message ID="MMI::DriverParameter::YASKAWA::Pn8-53-00" Content="擷取序列信號5" />
	<Message ID="MMI::DriverParameter::YASKAWA::Pn8-53-01" Content="擷取序列信號6" />
	<Message ID="MMI::DriverParameter::YASKAWA::Pn8-53-02" Content="擷取序列信號7" />
	<Message ID="MMI::DriverParameter::YASKAWA::Pn8-53-03" Content="擷取序列信號8" />
</ResMap>
