﻿<?xml version="1.0" encoding="UTF-8"?>
<!--Created by 'eHMI'version2.2.6-->
<ResMap>
  <Message ID="Browser::SerialDeviceInfo::Caption::SVPackModel" Content="驱动器型号" />
  <Message ID="Browser::SerialDeviceInfo::Caption::SVPackSoftVer" Content="驱动器韧体版本" />
  <Message ID="Browser::SerialDeviceInfo::Caption::SVPackSN" Content="驱动器序号" />
  <Message ID="Browser::SerialDeviceInfo::Caption::SVMotorModel" Content="马达型号" />
  <Message ID="Browser::SerialDeviceInfo::Caption::SVMotorSN" Content="马达序号" />
  <Message ID="Browser::SerialDeviceInfo::Caption::ENCSoftVer" Content="编码器韧体版本" />
  <Message ID="Browser::SerialDeviceInfo::Caption::ENCResolution" Content="编码器分辨率" />
  <Message ID="Browser::SerialDeviceInfo::Caption::ENCSensorType" Content="编码器感测类型" />
  <Message ID="Browser::SerialDeviceInfo::Caption::DeviceInfo" Content="伺服情报" />
  <Message ID="Browser::SerialDeviceInfo::Caption::SyntecEncType0" Content="新代-主磁式" />
  <Message ID="Browser::SerialDeviceInfo::Caption::SyntecEncType1" Content="新代-被磁式" />
</ResMap>