﻿<?xml version="1.0" encoding="utf-8" ?> 
<PLCSchema>
	<ExternalDLL>
		<DLL>PLC_COMM.DLL</DLL>
        	<DLL>PLC_EXT.DLL</DLL>
	</ExternalDLL>

	<!-- Cell Type Define                        -->
	<!--" NormalOpenContact"           -|  |-    -->
	<!--" NormalCloseContact"          -| /|-    -->
	<!--" TimerNormalOpenContact"      -|T |-    -->
	<!--" TimerNormalCloseContact"     -|T/|-    -->
	<!--" CounterNormalOpenContact"    -|C |-    -->
	<!--" CounterNormalCloseContact"   -|C/|-    -->
	<!--" NormalOpenCoil"              -(  )-    -->
	<!--" NormalCloseCoil"             -( /)-    -->
	<!--" PositiveEdgeTriggeredCoil"   -( ^)-    -->
	<!--" NegativeEdgeTriggeredCoil"   -( v)-    -->
	<!--" LatchCoil"                   -( L)-    -->
	<!--" UnLatchCoil"                 -(UL)-    -->
	<!-- "Horizontal"                  - - -     -->
	<!-- "Vertical"                       |      -->
	<!-- "Function"         two cell component   -->
	<!-- "TimerFunction"    timer component      -->
	<!-- "CounterFunction"  counter component    -->
	<!-- "Flow"                  -]          [-  -->

	<ArgumentFormat>
		<BitDevice    Title="BitDevice" Format="3d"/>
		<Timer    Title="TM" Format="3d"/>
		<Counter    Title="CT" Format="3d"/>
		<Register    Title="R" Format="4d"/>
		<ImmediateData    Title="#" Format="5d"/>
		<String    Format="s"/>
		<RS232    Title="RS"    Format="2d"/>
		<ExtFunc    Title="Fn"    Format="2d"/>
		<RS485    Title="S="    Format="3d"/>
                <Length    Title="N="    Format="1d"/>
		<SourceLen   Title="SL="    Format="3d"/>
		<AXID    Title="AX"    Format="2d"/>
	</ArgumentFormat>

	<ComponentTable>
		<!-- Contact component define              -->
		<Component Key="01" Group="0">
			<CellType>NormalOpenContact</CellType>
			<Hint>Obj: -|  |-</Hint>
			<Arguments    Number="1">
				<Argument Type="BitDevice"    InputTitle="OCRes::ContactInput"/>
			</Arguments>
		</Component>
		<Component Key="03" Group="0">
			<CellType>NormalCloseContact</CellType>
			<Hint>Obj: -| /|-</Hint>
			<Arguments    Number="1">
				<Argument Type="BitDevice"    InputTitle="OCRes::ContactInput"/>
			</Arguments>
		</Component>
		<Component Key="09" Group="0">
			<CellType>TimerNormalOpenContact</CellType>
			<Hint>Obj: -|  |-</Hint>
			<Arguments    Number="1">
				<Argument Type="Timer"    InputTitle="OCRes::TimerInput"/>
			</Arguments>
		</Component>
		<Component Key="0A" Group="0">
			<CellType>TimerNormalCloseContact</CellType>
			<Hint>Obj: -| /|-</Hint>
			<Arguments    Number="1">
				<Argument Type="Timer"    InputTitle="OCRes::TimerInput"/>
			</Arguments>
		</Component>
		<Component Key="0B" Group="0">
			<CellType>CounterNormalOpenContact</CellType>
			<Hint>Obj: -|  |-</Hint>
			<Arguments    Number="1">
				<Argument Type="Counter"    InputTitle="OCRes::CounterInput"/>
			</Arguments>
		</Component>
		<Component Key="0C" Group="0">
			<CellType>CounterNormalCloseContact</CellType>
			<Hint>Obj: -| /|-</Hint>
			<Arguments    Number="1">
				<Argument Type="Counter"    InputTitle="OCRes::CounterInput"/>
			</Arguments>
		</Component>
		<Component Key="0D" Group="0">
			<CellType>Horizontal</CellType>
			<Hint>Obj: ----</Hint>
			<Arguments    Number="0"/>
		</Component>
		<Component Key="FF" Group="0">
			<CellType>Vertical</CellType>
			<Hint>Obj: | </Hint>
			<Arguments    Number="0"/>
		</Component>

		<!-- Coil component define              -->
		<Component Key="0E" Group="1">
			<CellType>NormalOpenCoil</CellType>
			<Hint>Obj: -(  )-</Hint>
			<Arguments    Number="1">
				<Argument Type="BitDevice"    InputTitle="OCRes::ContactInput"/>
			</Arguments>
		</Component>
		<Component Key="10" Group="1">
			<CellType>NormalCloseCoil</CellType>
			<Hint>Obj: -( /)-</Hint>
			<Arguments    Number="1">
				<Argument Type="BitDevice"    InputTitle="OCRes::ContactInput"/>
			</Arguments>
		</Component>
		<Component Key="05" Group="1">
			<CellType>PositiveEdgeTriggeredCoil</CellType>
			<Hint>Obj: -( ^)-</Hint>
			<Arguments    Number="1">
				<Argument Type="BitDevice"    InputTitle="OCRes::ContactInput"/>
			</Arguments>
		</Component>
		<Component Key="07" Group="1">
			<CellType>NegativeEdgeTriggeredCoil</CellType>
			<Hint>Obj: -( v)-</Hint>
			<Arguments    Number="1">
				<Argument Type="BitDevice"    InputTitle="OCRes::ContactInput"/>
			</Arguments>
		</Component>
		<Component Key="12" Group="1">
			<CellType>LatchCoil</CellType>
			<Hint>Obj: -( L)-</Hint>
			<Arguments    Number="1">
				<Argument Type="BitDevice"    InputTitle="OCRes::ContactInput"/>
			</Arguments>
		</Component>
		<Component Key="14" Group="1">
			<CellType>UnLatchCoil</CellType>
			<Hint>Obj: -( ^)-</Hint>
			<Arguments    Number="1">
				<Argument Type="BitDevice"    InputTitle="OCRes::ContactInput"/>
			</Arguments>
		</Component>

		<!-- Arithmetic component define              -->
		<Component Key="21" Group="2">
			<CellType>Function</CellType>
			<Hint>Obj: add  R, R </Hint>
			<FunctionName>Add</FunctionName>
			<Arguments    Number="2">
				<Argument Type="Register"    InputTitle="OCRes::RegisterNo"/>
				<Argument Type="Register"    InputTitle="OCRes::RegisterNo"/>
			</Arguments>
		</Component>
		<Component Key="27" Group="2">
			<CellType>Function</CellType>
			<Hint>Obj: add  #, R </Hint>
			<FunctionName>Add</FunctionName>
			<Arguments    Number="2">
				<Argument Type="ImmediateData"    InputTitle="OCRes::ImmediateValue"/>
				<Argument Type="Register"    InputTitle="OCRes::RegisterNo"/>
			</Arguments>
		</Component>
		<Component Key="33" Group="2">
			<CellType>Function</CellType>
			<Hint>Obj: sub  R, R </Hint>
			<FunctionName>Sub</FunctionName>
			<Arguments    Number="2">
				<Argument Type="Register"    InputTitle="OCRes::RegisterNo"/>
				<Argument Type="Register"    InputTitle="OCRes::RegisterNo"/>
			</Arguments>
		</Component>
		<Component Key="39" Group="2">
			<CellType>Function</CellType>
			<Hint>Obj: sub  #, R </Hint>
			<FunctionName>Sub</FunctionName>
			<Arguments    Number="2">
				<Argument Type="ImmediateData"    InputTitle="OCRes::ImmediateValue"/>
				<Argument Type="Register"    InputTitle="OCRes::RegisterNo"/>
			</Arguments>
		</Component>
		<Component Key="45" Group="2">
			<CellType>Function</CellType>
			<Hint>Obj: mul  R, R </Hint>
			<FunctionName>Mul</FunctionName>
			<Arguments    Number="2">
				<Argument Type="Register"    InputTitle="OCRes::RegisterNo"/>
				<Argument Type="Register"    InputTitle="OCRes::RegisterNo"/>
			</Arguments>
		</Component>
		<Component Key="4B" Group="2">
			<CellType>Function</CellType>
			<Hint>Obj: mul  #, R </Hint>
			<FunctionName>Mul</FunctionName>
			<Arguments    Number="2">
				<Argument Type="ImmediateData"    InputTitle="OCRes::ImmediateValue"/>
				<Argument Type="Register"    InputTitle="OCRes::RegisterNo"/>
			</Arguments>
		</Component>
		<Component Key="57" Group="2">
			<CellType>Function</CellType>
			<Hint>Obj: div  R, R </Hint>
			<FunctionName>Div</FunctionName>
			<Arguments    Number="2">
				<Argument Type="Register"    InputTitle="OCRes::RegisterNo"/>
				<Argument Type="Register"    InputTitle="OCRes::RegisterNo"/>
			</Arguments>
		</Component>
		<Component Key="5D" Group="2">
			<CellType>Function</CellType>
			<Hint>Obj: div  #, R </Hint>
			<FunctionName>Div</FunctionName>
			<Arguments    Number="2">
				<Argument Type="ImmediateData"    InputTitle="OCRes::ImmediateValue"/>
				<Argument Type="Register"    InputTitle="OCRes::RegisterNo"/>
			</Arguments>
		</Component>

		<!--   Compare Function Define         -->
		<Component Key="5E" Group="3">
			<CellType>Function</CellType>
			<Hint>Obj: cmpg  R, R </Hint>
			<FunctionName>Cmpg</FunctionName>
			<Arguments    Number="2">
				<Argument Type="Register"    InputTitle="OCRes::RegisterNo"/>
				<Argument Type="Register"    InputTitle="OCRes::RegisterNo"/>
			</Arguments>
		</Component>
		<Component Key="62" Group="3">
			<CellType>Function</CellType>
			<Hint>Obj: cmpl  R, R </Hint>
			<FunctionName>Cmpl</FunctionName>
			<Arguments    Number="2">
				<Argument Type="Register"    InputTitle="OCRes::RegisterNo"/>
				<Argument Type="Register"    InputTitle="OCRes::RegisterNo"/>
			</Arguments>
		</Component>
		<Component Key="66" Group="3">
			<CellType>Function</CellType>
			<Hint>Obj: cmpe  R, R </Hint>
			<FunctionName>Cmpe = </FunctionName>
			<Arguments    Number="2">
				<Argument Type="Register"    InputTitle="OCRes::RegisterNo"/>
				<Argument Type="Register"    InputTitle="OCRes::RegisterNo"/>
			</Arguments>
		</Component>
		<Component Key="6A" Group="3">
			<CellType>Function</CellType>
			<Hint>Obj: cmpg  #, R </Hint>
			<FunctionName>Cmpg</FunctionName>
			<Arguments    Number="2">
				<Argument Type="ImmediateData"    InputTitle="OCRes::ImmediateValue"/>
				<Argument Type="Register"    InputTitle="OCRes::RegisterNo"/>
			</Arguments>
		</Component>
		<Component Key="6C" Group="3">
			<CellType>Function</CellType>
			<Hint>Obj: cmpl  #, R </Hint>
			<FunctionName>Cmpl</FunctionName>
			<Arguments    Number="2">
				<Argument Type="ImmediateData"    InputTitle="OCRes::ImmediateValue"/>
				<Argument Type="Register"    InputTitle="OCRes::RegisterNo"/>
			</Arguments>
		</Component>
		<Component Key="6E" Group="3">
			<CellType>Function</CellType>
			<Hint>Obj: cmpe  #, R </Hint>
			<FunctionName>Cmpe = </FunctionName>
			<Arguments    Number="2">
				<Argument Type="ImmediateData"    InputTitle="OCRes::ImmediateValue"/>
				<Argument Type="Register"    InputTitle="OCRes::RegisterNo"/>
			</Arguments>
		</Component>
		
		<!-- Move Function Define                 -->
		<Component Key="70" Group="4">
			<CellType>Function</CellType>
			<Hint>Obj: Move  #, R </Hint>
			<FunctionName>Mov</FunctionName>
			<Arguments    Number="2">
				<Argument Type="ImmediateData"    InputTitle="OCRes::ImmediateValue"/>
				<Argument Type="Register"    InputTitle="OCRes::RegisterNo"/>
			</Arguments>
		</Component>
		<Component Key="72" Group="4">
			<CellType>Function</CellType>
			<Hint>Obj: Move  R, R </Hint>
			<FunctionName>Mov</FunctionName>
			<Arguments    Number="2">
				<Argument Type="Register"    InputTitle="OCRes::RegisterNo"/>
				<Argument Type="Register"    InputTitle="OCRes::RegisterNo"/>
			</Arguments>
		</Component>

		<!-- Logic Function Define                 -->
		<Component Key="81" Group="5">
			<CellType>Function</CellType>
			<Hint>Obj: And  R, R </Hint>
			<FunctionName>And</FunctionName>
			<Arguments    Number="2">
				<Argument Type="Register"    InputTitle="OCRes::RegisterNo"/>
				<Argument Type="Register"    InputTitle="OCRes::RegisterNo"/>
			</Arguments>
		</Component>

		<Component Key="87" Group="5">
			<CellType>Function</CellType>
			<Hint>Obj: And  #, R </Hint>
			<FunctionName>And</FunctionName>
			<Arguments    Number="2">
				<Argument Type="ImmediateData"    InputTitle="OCRes::ImmediateValue"/>
				<Argument Type="Register"    InputTitle="OCRes::RegisterNo"/>
			</Arguments>
		</Component>

		<Component Key="93" Group="5">
			<CellType>Function</CellType>
			<Hint>Obj: Or  R, R </Hint>
			<FunctionName>Or</FunctionName>
			<Arguments    Number="2">
				<Argument Type="Register"    InputTitle="OCRes::RegisterNo"/>
				<Argument Type="Register"    InputTitle="OCRes::RegisterNo"/>
			</Arguments>
		</Component>

		<Component Key="99" Group="5">
			<CellType>Function</CellType>
			<Hint>Obj: Or  #, R </Hint>
			<FunctionName>Or</FunctionName>
			<Arguments    Number="2">
				<Argument Type="ImmediateData"    InputTitle="OCRes::ImmediateValue"/>
				<Argument Type="Register"    InputTitle="OCRes::RegisterNo"/>
			</Arguments>
		</Component>

		<Component Key="A5" Group="5">
			<CellType>Function</CellType>
			<Hint>Obj: Xor  R, R </Hint>
			<FunctionName>Xor</FunctionName>
			<Arguments    Number="2">
				<Argument Type="Register"    InputTitle="OCRes::RegisterNo"/>
				<Argument Type="Register"    InputTitle="OCRes::RegisterNo"/>
			</Arguments>
		</Component>

		<Component Key="AB" Group="5">
			<CellType>Function</CellType>
			<Hint>Obj: Xor  #, R </Hint>
			<FunctionName>Xor</FunctionName>
			<Arguments    Number="2">
				<Argument Type="ImmediateData"    InputTitle="OCRes::ImmediateValue"/>
				<Argument Type="Register"    InputTitle="OCRes::RegisterNo"/>
			</Arguments>
		</Component>

		<!-- Timer component define              -->
		<Component Key="C2" Group="6">
			<CellType>TimerFunction</CellType>
			<Hint>Obj: tim1ms  TIM, # </Hint>
			<FunctionName>TIM .001 sec</FunctionName>
			<Arguments    Number="2">
				<Argument Type="Timer"    InputTitle="OCRes::TimerInput"/>
				<Argument Type="ImmediateData"    InputTitle="OCRes::ImmediateValue"/>
			</Arguments>
		</Component>

		<Component Key="C3" Group="6">
			<CellType>TimerFunction</CellType>
			<Hint>Obj: tim10ms  TIM, # </Hint>
			<FunctionName>TIM .01 sec</FunctionName>
			<Arguments    Number="2">
				<Argument Type="Timer"    InputTitle="OCRes::TimerInput"/>
				<Argument Type="ImmediateData"    InputTitle="OCRes::ImmediateValue"/>
			</Arguments>
		</Component>

		<Component Key="C4" Group="6">
			<CellType>TimerFunction</CellType>
			<Hint>Obj: tim100ms  TIM, # </Hint>
			<FunctionName>TIM .1 sec</FunctionName>
			<Arguments    Number="2">
				<Argument Type="Timer"    InputTitle="OCRes::TimerInput"/>
				<Argument Type="ImmediateData"    InputTitle="OCRes::ImmediateValue"/>
			</Arguments>
		</Component>

		<Component Key="C5" Group="6">
			<CellType>TimerFunction</CellType>
			<Hint>Obj: tim1s  TIM, # </Hint>
			<FunctionName>TIM 1 sec</FunctionName>
			<Arguments    Number="2">
				<Argument Type="Timer"    InputTitle="OCRes::TimerInput"/>
				<Argument Type="ImmediateData"    InputTitle="OCRes::ImmediateValue"/>
			</Arguments>
		</Component>

		<Component Key="E7" Group="6">
			<CellType>TimerFunction</CellType>
			<Hint>Obj: tim1ms  TIM, R </Hint>
			<FunctionName>TIM .001 sec</FunctionName>
			<Arguments    Number="2">
				<Argument Type="Timer"    InputTitle="OCRes::TimerInput"/>
				<Argument Type="Register"    InputTitle="OCRes::RegisterNo"/>
			</Arguments>
		</Component>

		<Component Key="E2" Group="6">
			<CellType>TimerFunction</CellType>
			<Hint>Obj: tim10ms  TIM, R </Hint>
			<FunctionName>TIM .01 sec</FunctionName>
			<Arguments    Number="2">
				<Argument Type="Timer"    InputTitle="OCRes::TimerInput"/>
				<Argument Type="Register"    InputTitle="OCRes::RegisterNo"/>
			</Arguments>
		</Component>

		<Component Key="E3" Group="6">
			<CellType>TimerFunction</CellType>
			<Hint>Obj: tim100ms  TIM, R </Hint>
			<FunctionName>TIM .1 sec</FunctionName>
			<Arguments    Number="2">
				<Argument Type="Timer"    InputTitle="OCRes::TimerInput"/>
				<Argument Type="Register"    InputTitle="OCRes::RegisterNo"/>
			</Arguments>
		</Component>

		<Component Key="E4" Group="6">
			<CellType>TimerFunction</CellType>
			<Hint>Obj: tim1s  TIM, R </Hint>
			<FunctionName>TIM 1 sec</FunctionName>
			<Arguments    Number="2">
				<Argument Type="Timer"    InputTitle="OCRes::TimerInput"/>
				<Argument Type="Register"    InputTitle="OCRes::RegisterNo"/>
			</Arguments>
		</Component>

		<!-- Counter component define              -->
		<Component Key="C6" Group="7">
			<CellType>CounterFunction</CellType>
			<Hint>Obj: cntUp  CT, # </Hint>
			<FunctionName>Cnt Up</FunctionName>
			<Arguments    Number="2">
				<Argument Type="Counter"    InputTitle="OCRes::CounterInput"/>
				<Argument Type="ImmediateData"    InputTitle="OCRes::ImmediateValue"/>
			</Arguments>
		</Component>

		<Component Key="C7" Group="7">
			<CellType>CounterFunction</CellType>
			<Hint>Obj: cntDn  CT, # </Hint>
			<FunctionName>Cnt Dn</FunctionName>
			<Arguments    Number="2">
				<Argument Type="Counter"    InputTitle="OCRes::CounterInput"/>
				<Argument Type="ImmediateData"    InputTitle="OCRes::ImmediateValue"/>
			</Arguments>
		</Component>

		<Component Key="C8" Group="7">
			<CellType>CounterFunction</CellType>
			<Hint>Obj: cntUpDn  CT, # </Hint>
			<FunctionName>Cnt Up Dn</FunctionName>
			<Arguments    Number="2">
				<Argument Type="Counter"    InputTitle="OCRes::CounterInput"/>
				<Argument Type="ImmediateData"    InputTitle="OCRes::ImmediateValue"/>
			</Arguments>
		</Component>

		<Component Key="C9" Group="7">
			<CellType>CounterFunction</CellType>
			<Hint>Obj: cntReset  CT </Hint>
			<FunctionName>Cnt Reset</FunctionName>
			<Arguments    Number="1">
				<Argument Type="Counter"    InputTitle="OCRes::CounterInput"/>
			</Arguments>
		</Component>

		<Component Key="E0" Group="7">
			<CellType>CounterFunction</CellType>
			<Hint>Obj: cntRingUp  # </Hint>
			<FunctionName>Cnt Ring Up</FunctionName>
			<Arguments    Number="2">
				<Argument Type="Counter" InputTitle="OCRes::CounterInput"/>
				<Argument Type="ImmediateData"    InputTitle="OCRes::ImmediateValue"/>
			</Arguments>
		</Component>

		<Component Key="E1" Group="7">
			<CellType>CounterFunction</CellType>
			<Hint>Obj: cntRingDn  # </Hint>
			<FunctionName>Cnt Ring Dn</FunctionName>
			<Arguments    Number="2">
				<Argument Type="Counter" InputTitle="OCRes::CounterInput"/>
				<Argument Type="ImmediateData"    InputTitle="OCRes::ImmediateValue"/>
			</Arguments>
		</Component>

		<Component Key="E5" Group="7">
			<CellType>CounterFunction</CellType>
			<Hint>Obj: cntUp  R </Hint>
			<FunctionName>Cnt Up</FunctionName>
			<Arguments    Number="2">
				<Argument Type="Counter" InputTitle="OCRes::CounterInput"/>
				<Argument Type="Register" InputTitle="OCRes::RegisterNo"/>
			</Arguments>
		</Component>

		<Component Key="E6" Group="7">
			<CellType>CounterFunction</CellType>
			<Hint>Obj: cntDn  R </Hint>
			<FunctionName>Cnt Dn</FunctionName>
			<Arguments    Number="2">
				<Argument Type="Counter" InputTitle="OCRes::CounterInput"/>
				<Argument Type="Register"    InputTitle="OCRes::RegisterNo"/>
			</Arguments>
		</Component>

		<Component Key="E9" Group="7">
			<CellType>CounterFunction</CellType>
			<Hint>Obj: cntRingUp  R </Hint>
			<FunctionName>Cnt Ring Up</FunctionName>
			<Arguments    Number="2">
				<Argument Type="Counter" InputTitle="OCRes::CounterInput"/>
				<Argument Type="Register"    InputTitle="OCRes::RegisterNo"/>
			</Arguments>
		</Component>

		<Component Key="EA" Group="7">
			<CellType>CounterFunction</CellType>
			<Hint>Obj: cntRingDn  R </Hint>
			<FunctionName>Cnt Ring Dn</FunctionName>
			<Arguments    Number="2">
				<Argument Type="Counter" InputTitle="OCRes::CounterInput"/>
				<Argument Type="Register"    InputTitle="OCRes::RegisterNo"/>
			</Arguments>
		</Component>

		<!-- Flow component define              -->
		<Component Key="CA" Group="8">
			<CellType>Flow</CellType>
			<Hint>Obj: jmp </Hint>
			<FunctionName>Jmp</FunctionName>
			<Arguments    Number="1">
				<Argument Type="String"    InputTitle="OCRes::FlowTitle_jmp"/>
			</Arguments>
		</Component>

		<Component Key="CB" Group="8">
			<CellType>Flow</CellType>
			<Hint>Obj: jsr </Hint>
			<FunctionName>Jsr</FunctionName>
			<Arguments    Number="1">
				<Argument Type="String"    InputTitle="OCRes::FlowTitle_jsr"/>
			</Arguments>
		</Component>

		<Component Key="CF" Group="8">
			<CellType>Flow</CellType>
			<Hint>Obj: end </Hint>
			<FunctionName>End</FunctionName>
			<Arguments    Number="1">
				<Argument Type="String"    InputTitle="OCRes::FlowTitle_end"/>
			</Arguments>
		</Component>

		<Component Key="D0" Group="8">
			<CellType>Flow</CellType>
			<Hint>Obj: rts </Hint>
			<FunctionName>Rts</FunctionName>
			<Arguments    Number="1">
				<Argument Type="String"    InputTitle="OCRes::FlowTitle_rts"/>
			</Arguments>
		</Component>

		<Component Key="D5" Group="8">
			<CellType>Flow</CellType>
			<Hint>Obj: lab </Hint>
			<FunctionName>Lab</FunctionName>
			<Arguments    Number="1">
				<Argument Type="String"    InputTitle="OCRes::FlowTitle_lab"/>
			</Arguments>
		</Component>

		<Component Key="FD" Group="8">
			<CellType>Flow</CellType>
			<Hint>Obj: Fast PLC end </Hint>
			<FunctionName>Fast PLC End</FunctionName>
			<Arguments    Number="1">
				<Argument Type="String"    InputTitle="OCRes::FlowTitle_fastplcend"/>
			</Arguments>
		</Component>


		<!-- Device component define              -->
		<Component Key="B0"  Group="9">
			<CellType>Function</CellType>
			<Hint>rot R****, R****</Hint>
			<FunctionName>Rot Func</FunctionName>
			<Arguments    Number="2">
				<Argument Type="Register"    InputTitle="OCRes::RegisterNo"/>
				<Argument Type="Register"    InputTitle="OCRes::RegisterNo"/>
			</Arguments>
		</Component>

		<Component Key="B8"  Group="9">
			<CellType>Function</CellType>
			<Hint>Run Ax**, #****</Hint>
			<FunctionName>AX RUN</FunctionName>
			<Arguments    Number="2">
				<Argument Type="AXID"    InputTitle="OCRes::AxNo"/>
				<Argument Type="ImmediateData"    InputTitle="OCRes::ImmediateValue"/>
			</Arguments>
		</Component>

		<Component Key="B9"  Group="9">
			<CellType>Function</CellType>
			<Hint>Run Ax**, R****</Hint>
			<FunctionName>AX RUN</FunctionName>
			<Arguments    Number="2">
				<Argument Type="AXID"    InputTitle="OCRes::AxNo"/>
				<Argument Type="Register"    InputTitle="OCRes::RegisterNo"/>
			</Arguments>
		</Component>

		<Component Key="BB"  Group="9">
			<CellType>Function</CellType>
			<Hint>Stop Ax**, R****</Hint>
			<FunctionName>AX STOP</FunctionName>
			<Arguments    Number="1">
				<Argument Type="AXID"    InputTitle="OCRes::AxNo"/>
			</Arguments>
		</Component>

		<Component Key="BC"  Group="9">
			<CellType>Function</CellType>
			<Hint>MoveTo Ax**, R+0, .., R+3</Hint>
			<FunctionName>AX MOVE</FunctionName>
			<Arguments    Number="2">
				<Argument Type="AXID"    InputTitle="OCRes::AxNo"/>
				<Argument Type="Register"    InputTitle="OCRes::RegisterNo"/>
			</Arguments>
		</Component>

		<Component Key="BD"  Group="9">
			<CellType>Function</CellType>
			<Hint>matrixscan ID**, R+0, .., R+3</Hint>
			<FunctionName>Matrix Scan Func</FunctionName>
			<Arguments    Number="2">
				<Argument Type="MactixScanIDFunc"    InputTitle="OCRes::MatrixScanIDNo"/>
				<Argument Type="Register"    InputTitle="OCRes::RegisterNo"/>
			</Arguments>
		</Component>

		<Component Key="BE"  Group="9">
			<CellType>Function</CellType>
			<Hint>FileSys ID**, R+0, .., R+3</Hint>
			<FunctionName>File Sys Func</FunctionName>
			<Arguments    Number="2">
				<Argument Type="FileSysIDFunc"    InputTitle="OCRes::FileSysIDNo"/>
				<Argument Type="Register"    InputTitle="OCRes::RegisterNo"/>
			</Arguments>
		</Component>

		<Component Key="D7"  Group="9">
			<CellType>Function</CellType>
			<Hint>External  Function** Base****</Hint>
			<FunctionName>Ext Func</FunctionName>
			<Arguments    Number="2">
				<Argument Type="ExtFunc"    InputTitle="OCRes::FunctionIDNo"/>
				<Argument Type="Register"    InputTitle="OCRes::RegisterNo"/>
			</Arguments>
		</Component>

		<Component Key="D8"  Group="10">
			<CellType>Function</CellType>
			<Hint>Rs232Tx  Rs** R+0, .., R+7</Hint>
			<FunctionName>RS232 Func</FunctionName>
			<Arguments    Number="2">
				<Argument Type="RS232"    InputTitle="OCRes::Rs232PortNo"/>
				<Argument Type="Register"    InputTitle="OCRes::RegisterNo"/>
			</Arguments>
		</Component>

		<Component Key="D9"  Group="10">
			<CellType>Function</CellType>
			<Hint>RSASC2BIN  ID,R+0..R+3</Hint>
			<FunctionName>ASC 2 BIN</FunctionName>
			<Arguments    Number="2">
				<Argument Type="RS232ID"    InputTitle="OCRes::Rs232IDNo"/>
				<Argument Type="Register"    InputTitle="OCRes::RegisterNo"/>
			</Arguments>
		</Component>

		<Component Key="DA"  Group="10">
			<CellType>Function</CellType>
			<Hint>RSBIN2ASC  ID,R+0..R+3</Hint>
			<FunctionName>BIN 2 ASC</FunctionName>
			<Arguments    Number="2">
				<Argument Type="RS232ID"    InputTitle="OCRes::Rs232IDNo"/>
				<Argument Type="Register"    InputTitle="OCRes::RegisterNo"/>
			</Arguments>
		</Component>

		<Component Key="DB"  Group="10">
			<CellType>Function</CellType>
			<Hint>PutChar  #, R</Hint>
			<FunctionName>Put Char</FunctionName>
			<Arguments    Number="2">
				<Argument Type="ImmediateData"    InputTitle="OCRes::ImmediateValue"/>
				<Argument Type="Register"    InputTitle="OCRes::RegisterNo"/>
			</Arguments>
		</Component>

		<Component Key="DC"  Group="10">
			<CellType>Function</CellType>
			<Hint>GetChar  R, R</Hint>
			<FunctionName>Get Char</FunctionName>
			<Arguments    Number="2">
				<Argument Type="Register"    InputTitle="OCRes::RegisterNo"/>
				<Argument Type="Register"    InputTitle="OCRes::RegisterNo"/>
			</Arguments>
		</Component>

		<Component Key="DE"  Group="10">
			<CellType>Function</CellType>
			<Hint>ModBusRD R R # #</Hint>
			<FunctionName>MOD R</FunctionName>
			<Arguments    Number="4">
				<Argument Type="Register"    InputTitle="OCRes::ModbusStart"/>
				<Argument Type="Register"    InputTitle="OCRes::RegisterNo"/>
				<Argument Type="RS485"       InputTitle="OCRes::ModbusStation"/>
				<Argument Type="Length"      InputTitle="OCRes::ModbusLength"/>
			</Arguments>
		</Component>

		<Component Key="DF"  Group="10">
			<CellType>Function</CellType>
			<Hint>ModBusWR R R #</Hint>
			<FunctionName>MOD W</FunctionName>
			<Arguments    Number="3">
				<Argument Type="Register"    InputTitle="OCRes::ModbusStart"/>
				<Argument Type="Register"    InputTitle="OCRes::RegisterNo"/>
				<Argument Type="RS485"       InputTitle="OCRes::ModbusStation"/>
			</Arguments>
		</Component>

		<Component Key="EB"  Group="10">
			<CellType>Function</CellType>
			<Hint>ModBusRS R R #</Hint>
			<FunctionName>MOD RS</FunctionName>
			<Arguments    Number="3">
				<Argument Type="Register"    InputTitle="OCRes::ModbusStart"/>
				<Argument Type="Register"    InputTitle="OCRes::RegisterNo"/>
				<Argument Type="SourceLen"   InputTitle="OCRes::ModbusLength"/>
			</Arguments>
		</Component>
	</ComponentTable>
</PLCSchema>