﻿<?xml version="1.0" encoding="utf-8" ?>
<ResMap>
	<!-- ============Warning Message for param. sync. ============= -->
	<Message ID="MMI::ParamSync::SYNTEC::Save" Content="新代驱动器参数已同步，请在未就绪状态执行参数永久储存" />
	<!-- ================ SYNTEC Parameter ===================== -->
	<Message ID="MMI::DriverParameter::SYNTEC::P0" Content="通讯参数" />
	<Message ID="MMI::DriverParameter::SYNTEC::P0-00" Content="*上位控制器通讯接口" />
	<Message ID="MMI::DriverParameter::SYNTEC::P0-01" Content="*驱动器局号" />
	<Message ID="MMI::DriverParameter::SYNTEC::P0-02" Content="*UART传输速率" />
	<Message ID="MMI::DriverParameter::SYNTEC::P0-03" Content="*UART封包协定" />
	<Message ID="MMI::DriverParameter::SYNTEC::P0-04" Content="P0-04" />
	<Message ID="MMI::DriverParameter::SYNTEC::P0-05" Content="P0-05" />
	<Message ID="MMI::DriverParameter::SYNTEC::P0-06" Content="P0-06" />
	<Message ID="MMI::DriverParameter::SYNTEC::P0-07" Content="P0-07" />
	<Message ID="MMI::DriverParameter::SYNTEC::P0-08" Content="P0-08" />
	<Message ID="MMI::DriverParameter::SYNTEC::P0-09" Content="P0-09" />
	<Message ID="MMI::DriverParameter::SYNTEC::P1" Content="配机参数" />
	<Message ID="MMI::DriverParameter::SYNTEC::P1-00" Content="控制模式" />
	<Message ID="MMI::DriverParameter::SYNTEC::P1-01" Content="速度控制模式" />
	<Message ID="MMI::DriverParameter::SYNTEC::P1-02" Content="P1-02" />
	<Message ID="MMI::DriverParameter::SYNTEC::P1-03" Content="P1-03" />
	<Message ID="MMI::DriverParameter::SYNTEC::P1-04" Content="P1-04" />
	<Message ID="MMI::DriverParameter::SYNTEC::P1-05" Content="P1-05" />
	<Message ID="MMI::DriverParameter::SYNTEC::P1-06" Content="P1-06" />
	<Message ID="MMI::DriverParameter::SYNTEC::P1-07" Content="P1-07" />
	<Message ID="MMI::DriverParameter::SYNTEC::P1-08" Content="P1-08" />
	<Message ID="MMI::DriverParameter::SYNTEC::P1-09" Content="P1-09" />
	<Message ID="MMI::DriverParameter::SYNTEC::P1-20" Content="外接回生电阻奥姆数" />
	<Message ID="MMI::DriverParameter::SYNTEC::P1-21" Content="外接回生电阻瓦特数" />
	<Message ID="MMI::DriverParameter::SYNTEC::P1-22" Content="P1-22" />
	<Message ID="MMI::DriverParameter::SYNTEC::P1-23" Content="P1-23" />
	<Message ID="MMI::DriverParameter::SYNTEC::P1-24" Content="P1-24" />
	<Message ID="MMI::DriverParameter::SYNTEC::P1-25" Content="P1-25" />
	<Message ID="MMI::DriverParameter::SYNTEC::P1-26" Content="P1-26" />
	<Message ID="MMI::DriverParameter::SYNTEC::P1-27" Content="P1-27" />
	<Message ID="MMI::DriverParameter::SYNTEC::P1-28" Content="P1-28" />
	<Message ID="MMI::DriverParameter::SYNTEC::P1-29" Content="P1-29" />
	<Message ID="MMI::DriverParameter::SYNTEC::P1-30" Content="开启驱动器KTY84过温度保护功能" />
	<Message ID="MMI::DriverParameter::SYNTEC::P1-31" Content="驱动器KTY84过温度保护准位" />
	<Message ID="MMI::DriverParameter::SYNTEC::P1-32" Content="一回授新代编码器内部KTY84过温度准位" />
	<Message ID="MMI::DriverParameter::SYNTEC::P1-33" Content="一回授新代编码器外部一KTY84过温度准位" />
	<Message ID="MMI::DriverParameter::SYNTEC::P1-34" Content="一回授新代编码器外部二KTY84过温度准位" />
	<Message ID="MMI::DriverParameter::SYNTEC::P1-35" Content="P1-35" />
	<Message ID="MMI::DriverParameter::SYNTEC::P1-36" Content="二回授新代编码器内部KTY84过温度准位" />
	<Message ID="MMI::DriverParameter::SYNTEC::P1-37" Content="二回授新代编码器外部一KTY84过温度准位" />
	<Message ID="MMI::DriverParameter::SYNTEC::P1-38" Content="二回授新代编码器外部二KTY84过温度准位" />
	<Message ID="MMI::DriverParameter::SYNTEC::P1-39" Content="P1-39" />
	<Message ID="MMI::DriverParameter::SYNTEC::P1-40" Content="I0对应功能" />
	<Message ID="MMI::DriverParameter::SYNTEC::P1-41" Content="I1对应功能" />
	<Message ID="MMI::DriverParameter::SYNTEC::P1-42" Content="I2对应功能" />
	<Message ID="MMI::DriverParameter::SYNTEC::P1-43" Content="I3对应功能" />
	<Message ID="MMI::DriverParameter::SYNTEC::P1-44" Content="I4对应功能" />
	<Message ID="MMI::DriverParameter::SYNTEC::P1-45" Content="I5对应功能" />
	<Message ID="MMI::DriverParameter::SYNTEC::P1-46" Content="I6对应功能" />
	<Message ID="MMI::DriverParameter::SYNTEC::P1-47" Content="I7对应功能" />
	<Message ID="MMI::DriverParameter::SYNTEC::P1-48" Content="I8对应功能" />
	<Message ID="MMI::DriverParameter::SYNTEC::P1-49" Content="I9对应功能" />
	<Message ID="MMI::DriverParameter::SYNTEC::P1-50" Content="I10对应功能" />
	<Message ID="MMI::DriverParameter::SYNTEC::P1-51" Content="I11对应功能" />
	<Message ID="MMI::DriverParameter::SYNTEC::P1-52" Content="I12对应功能" />
	<Message ID="MMI::DriverParameter::SYNTEC::P1-53" Content="I13对应功能" />
	<Message ID="MMI::DriverParameter::SYNTEC::P1-54" Content="I14对应功能" />
	<Message ID="MMI::DriverParameter::SYNTEC::P1-55" Content="I15对应功能" />
	<Message ID="MMI::DriverParameter::SYNTEC::P1-56" Content="P1-56" />
	<Message ID="MMI::DriverParameter::SYNTEC::P1-57" Content="P1-57" />
	<Message ID="MMI::DriverParameter::SYNTEC::P1-58" Content="P1-58" />
	<Message ID="MMI::DriverParameter::SYNTEC::P1-59" Content="P1-59" />
	<Message ID="MMI::DriverParameter::SYNTEC::P1-60" Content="O0对应功能" />
	<Message ID="MMI::DriverParameter::SYNTEC::P1-61" Content="O1对应功能" />
	<Message ID="MMI::DriverParameter::SYNTEC::P1-62" Content="O2对应功能" />
	<Message ID="MMI::DriverParameter::SYNTEC::P1-63" Content="O3对应功能" />
	<Message ID="MMI::DriverParameter::SYNTEC::P1-64" Content="O4对应功能" />
	<Message ID="MMI::DriverParameter::SYNTEC::P1-65" Content="O5对应功能" />
	<Message ID="MMI::DriverParameter::SYNTEC::P1-66" Content="O6对应功能" />
	<Message ID="MMI::DriverParameter::SYNTEC::P1-67" Content="O7对应功能" />
	<Message ID="MMI::DriverParameter::SYNTEC::P1-68" Content="O8对应功能" />
	<Message ID="MMI::DriverParameter::SYNTEC::P1-69" Content="O9对应功能" />
	<Message ID="MMI::DriverParameter::SYNTEC::P1-70" Content="O10对应功能" />
	<Message ID="MMI::DriverParameter::SYNTEC::P1-71" Content="O11对应功能" />
	<Message ID="MMI::DriverParameter::SYNTEC::P1-72" Content="O12对应功能" />
	<Message ID="MMI::DriverParameter::SYNTEC::P1-73" Content="O13对应功能" />
	<Message ID="MMI::DriverParameter::SYNTEC::P1-74" Content="O14对应功能" />
	<Message ID="MMI::DriverParameter::SYNTEC::P1-75" Content="O15对应功能" />
	<Message ID="MMI::DriverParameter::SYNTEC::P1-76" Content="P1-76" />
	<Message ID="MMI::DriverParameter::SYNTEC::P1-77" Content="P1-77" />
	<Message ID="MMI::DriverParameter::SYNTEC::P1-78" Content="P1-78" />
	<Message ID="MMI::DriverParameter::SYNTEC::P1-79" Content="P1-79" />
	<Message ID="MMI::DriverParameter::SYNTEC::P2" Content="机电整合调机参数" />
	<Message ID="MMI::DriverParameter::SYNTEC::P2-00" Content="位置命令分辨率" />
	<Message ID="MMI::DriverParameter::SYNTEC::P2-01" Content="位置回路增益" />
	<Message ID="MMI::DriverParameter::SYNTEC::P2-02" Content="速度回路增益" />
	<Message ID="MMI::DriverParameter::SYNTEC::P2-03" Content="速度回路积分时间常数" />
	<Message ID="MMI::DriverParameter::SYNTEC::P2-04" Content="速度滤波带宽" />
	<Message ID="MMI::DriverParameter::SYNTEC::P2-05" Content="负载惯量比" />
	<Message ID="MMI::DriverParameter::SYNTEC::P2-06" Content="扭力命令滤波时间常数" />
	<Message ID="MMI::DriverParameter::SYNTEC::P2-07" Content="弱磁控制电压准位" />	
	<Message ID="MMI::DriverParameter::SYNTEC::P2-08" Content="位置模式下的IP控制比例" />
	<Message ID="MMI::DriverParameter::SYNTEC::P2-09" Content="P2-09" />
	<Message ID="MMI::DriverParameter::SYNTEC::P2-10" Content="P2-10" />
	<Message ID="MMI::DriverParameter::SYNTEC::P2-11" Content="P2-11" />
	<Message ID="MMI::DriverParameter::SYNTEC::P2-12" Content="P2-12" />
	<Message ID="MMI::DriverParameter::SYNTEC::P2-13" Content="P2-13" />
	<Message ID="MMI::DriverParameter::SYNTEC::P2-14" Content="P2-14" />
	<Message ID="MMI::DriverParameter::SYNTEC::P2-15" Content="P2-15" />
	<Message ID="MMI::DriverParameter::SYNTEC::P2-16" Content="P2-16" />
	<Message ID="MMI::DriverParameter::SYNTEC::P2-17" Content="P2-17" />
	<Message ID="MMI::DriverParameter::SYNTEC::P2-18" Content="P2-18" />
	<Message ID="MMI::DriverParameter::SYNTEC::P2-19" Content="P2-19" />
	<Message ID="MMI::DriverParameter::SYNTEC::P2-20" Content="扰动补偿功能(0:闭;1:开)" />
	<Message ID="MMI::DriverParameter::SYNTEC::P2-21" Content="速度估测器(0:闭;1:开)" />
	<Message ID="MMI::DriverParameter::SYNTEC::P2-22" Content="惯量估测命令来源" />
	<Message ID="MMI::DriverParameter::SYNTEC::P2-23" Content="机构耦合型态" />
	<Message ID="MMI::DriverParameter::SYNTEC::P2-24" Content="P2-24" />
	<Message ID="MMI::DriverParameter::SYNTEC::P2-25" Content="P2-25" />
	<Message ID="MMI::DriverParameter::SYNTEC::P2-26" Content="P2-26" />
	<Message ID="MMI::DriverParameter::SYNTEC::P2-27" Content="P2-27" />
	<Message ID="MMI::DriverParameter::SYNTEC::P2-28" Content="P2-28" />
	<Message ID="MMI::DriverParameter::SYNTEC::P2-29" Content="P2-29" />
	<Message ID="MMI::DriverParameter::SYNTEC::P2-30" Content="开启自定义V/f曲线(0:内定;1:自定义)" />
	<Message ID="MMI::DriverParameter::SYNTEC::P2-31" Content="V/f操作曲线第一输出频率" />
	<Message ID="MMI::DriverParameter::SYNTEC::P2-32" Content="V/f操作曲线第一输出电压" />
	<Message ID="MMI::DriverParameter::SYNTEC::P2-33" Content="V/f操作曲线第二输出频率" />
	<Message ID="MMI::DriverParameter::SYNTEC::P2-34" Content="V/f操作曲线第二输出电压" />
	<Message ID="MMI::DriverParameter::SYNTEC::P2-80" Content="第一段Notch Filter开关" />
	<Message ID="MMI::DriverParameter::SYNTEC::P2-81" Content="第一段Notch Filter频率" />
	<Message ID="MMI::DriverParameter::SYNTEC::P2-82" Content="第一段Notch Filter Q值" />
	<Message ID="MMI::DriverParameter::SYNTEC::P2-83" Content="第一段Notch Filter深度" />
	<Message ID="MMI::DriverParameter::SYNTEC::P2-84" Content="第二段Notch Filter开关" />
	<Message ID="MMI::DriverParameter::SYNTEC::P2-85" Content="第二段Notch Filter频率" />
	<Message ID="MMI::DriverParameter::SYNTEC::P2-86" Content="第二段Notch Filter Q值" />
	<Message ID="MMI::DriverParameter::SYNTEC::P2-87" Content="第二段Notch Filter深度" />
	<Message ID="MMI::DriverParameter::SYNTEC::P2-88" Content="第三段Notch Filter开关" />
	<Message ID="MMI::DriverParameter::SYNTEC::P2-89" Content="第三段Notch Filter频率" />
	<Message ID="MMI::DriverParameter::SYNTEC::P2-90" Content="第三段Notch Filter Q值" />
	<Message ID="MMI::DriverParameter::SYNTEC::P2-91" Content="第三段Notch Filter深度" />
	<Message ID="MMI::DriverParameter::SYNTEC::P3" Content="马达规格参数" />
	<Message ID="MMI::DriverParameter::SYNTEC::P3-00" Content="马达型态" />
	<Message ID="MMI::DriverParameter::SYNTEC::P3-01" Content="马达极数" />
	<Message ID="MMI::DriverParameter::SYNTEC::P3-02" Content="磁石极对间距(N-N)" />
	<Message ID="MMI::DriverParameter::SYNTEC::P3-03" Content="电机型号" />
	<Message ID="MMI::DriverParameter::SYNTEC::P3-04" Content="电机序号" />
	<Message ID="MMI::DriverParameter::SYNTEC::P3-05" Content="P3-05" />
	<Message ID="MMI::DriverParameter::SYNTEC::P3-06" Content="P3-06" />
	<Message ID="MMI::DriverParameter::SYNTEC::P3-07" Content="P3-07" />
	<Message ID="MMI::DriverParameter::SYNTEC::P3-08" Content="P3-08" />
	<Message ID="MMI::DriverParameter::SYNTEC::P3-09" Content="P3-09" />
	<Message ID="MMI::DriverParameter::SYNTEC::P3-10" Content="马达额定扭矩" />
	<Message ID="MMI::DriverParameter::SYNTEC::P3-11" Content="马达最大扭矩" />
	<Message ID="MMI::DriverParameter::SYNTEC::P3-12" Content="马达额定转速" />
	<Message ID="MMI::DriverParameter::SYNTEC::P3-13" Content="马达最高转速" />
	<Message ID="MMI::DriverParameter::SYNTEC::P3-14" Content="马达额定电流" />
	<Message ID="MMI::DriverParameter::SYNTEC::P3-15" Content="感应电机额定电压" />
	<Message ID="MMI::DriverParameter::SYNTEC::P3-16" Content="P3-16" />
	<Message ID="MMI::DriverParameter::SYNTEC::P3-17" Content="P3-17" />
	<Message ID="MMI::DriverParameter::SYNTEC::P3-18" Content="P3-18" />
	<Message ID="MMI::DriverParameter::SYNTEC::P3-19" Content="P3-19" />
	<Message ID="MMI::DriverParameter::SYNTEC::P3-20" Content="*编码器通讯接口型态" />
	<Message ID="MMI::DriverParameter::SYNTEC::P3-21" Content="*编码器分辨率" />
	<Message ID="MMI::DriverParameter::SYNTEC::P3-22" Content="*编码器回授方向极性" />
	<Message ID="MMI::DriverParameter::SYNTEC::P3-23" Content="*编码器增量/绝对型态" />
	<Message ID="MMI::DriverParameter::SYNTEC::P3-24" Content="启动ABZ编码器时间译码功能" />
	<Message ID="MMI::DriverParameter::SYNTEC::P3-25" Content="编码器SIN准位偏移量" />
	<Message ID="MMI::DriverParameter::SYNTEC::P3-26" Content="编码器COS准位偏移量" />
	<Message ID="MMI::DriverParameter::SYNTEC::P3-27" Content="编码器SIN振幅补正量" />
	<Message ID="MMI::DriverParameter::SYNTEC::P3-28" Content="编码器COS振幅补正量" />
	<Message ID="MMI::DriverParameter::SYNTEC::P3-29" Content="编码器正余弦相位角" />
	<Message ID="MMI::DriverParameter::SYNTEC::P3-30" Content="*编码器极数" />
	<Message ID="MMI::DriverParameter::SYNTEC::P3-31" Content="编码器节距补偿个数" />
	<Message ID="MMI::DriverParameter::SYNTEC::P3-32" Content="编码器参数储存保护" />
	<Message ID="MMI::DriverParameter::SYNTEC::P3-33" Content="編碼器感測版型態" />
	<Message ID="MMI::DriverParameter::SYNTEC::P3-34" Content="编码器失效次数" />
	<Message ID="MMI::DriverParameter::SYNTEC::P3-35" Content="编码器Zindex位置" />
	<Message ID="MMI::DriverParameter::SYNTEC::P3-36" Content="*编码器大波误差补偿开启" />
	<Message ID="MMI::DriverParameter::SYNTEC::P4" Content="马达调机参数" />
	<Message ID="MMI::DriverParameter::SYNTEC::P4-00" Content="电机激磁轴感抗" />
	<Message ID="MMI::DriverParameter::SYNTEC::P4-01" Content="电机扭力轴感抗" />
	<Message ID="MMI::DriverParameter::SYNTEC::P4-02" Content="电机阻抗" />
	<Message ID="MMI::DriverParameter::SYNTEC::P4-03" Content="感应电机漏感比" />
	<Message ID="MMI::DriverParameter::SYNTEC::P4-04" Content="感应电机激磁电流" />
	<Message ID="MMI::DriverParameter::SYNTEC::P4-05" Content="感应电机转子时间常数" />
	<Message ID="MMI::DriverParameter::SYNTEC::P4-06" Content="P4-06" />
	<Message ID="MMI::DriverParameter::SYNTEC::P4-07" Content="P4-07" />
	<Message ID="MMI::DriverParameter::SYNTEC::P4-08" Content="P4-08" />
	<Message ID="MMI::DriverParameter::SYNTEC::P4-09" Content="P4-09" />
	<Message ID="MMI::DriverParameter::SYNTEC::P4-10" Content="P4-10" />
	<Message ID="MMI::DriverParameter::SYNTEC::P4-11" Content="P4-11" />
	<Message ID="MMI::DriverParameter::SYNTEC::P4-12" Content="P4-12" />
	<Message ID="MMI::DriverParameter::SYNTEC::P4-13" Content="P4-13" />
	<Message ID="MMI::DriverParameter::SYNTEC::P4-14" Content="P4-14" />
	<Message ID="MMI::DriverParameter::SYNTEC::P4-15" Content="P4-15" />
	<Message ID="MMI::DriverParameter::SYNTEC::P4-16" Content="P4-16" />
	<Message ID="MMI::DriverParameter::SYNTEC::P4-17" Content="P4-17" />
	<Message ID="MMI::DriverParameter::SYNTEC::P4-18" Content="P4-18" />
	<Message ID="MMI::DriverParameter::SYNTEC::P4-19" Content="P4-19" />
	<Message ID="MMI::DriverParameter::SYNTEC::P4-20" Content="转子惯量" />
	<Message ID="MMI::DriverParameter::SYNTEC::P4-21" Content="机械常数" />
	<Message ID="MMI::DriverParameter::SYNTEC::P4-22" Content="编码器转子补正量" />
	<Message ID="MMI::DriverParameter::SYNTEC::P4-23" Content="P4-23" />
	<Message ID="MMI::DriverParameter::SYNTEC::P4-24" Content="P4-24" />
	<Message ID="MMI::DriverParameter::SYNTEC::P4-25" Content="P4-25" />
	<Message ID="MMI::DriverParameter::SYNTEC::P4-26" Content="P4-26" />
	<Message ID="MMI::DriverParameter::SYNTEC::P4-27" Content="P4-27" />
	<Message ID="MMI::DriverParameter::SYNTEC::P4-28" Content="P4-28" />
	<Message ID="MMI::DriverParameter::SYNTEC::P4-29" Content="P4-29" />
	<Message ID="MMI::DriverParameter::SYNTEC::P4-30" Content="电流回路增益" />
	<Message ID="MMI::DriverParameter::SYNTEC::P4-31" Content="电流回路积分时间常数" />
	<Message ID="MMI::DriverParameter::SYNTEC::P4-32" Content="P4-32" />
	<Message ID="MMI::DriverParameter::SYNTEC::P4-33" Content="P4-33" />
	<Message ID="MMI::DriverParameter::SYNTEC::P4-34" Content="P4-34" />
	<Message ID="MMI::DriverParameter::SYNTEC::P4-35" Content="P4-35" />
	<Message ID="MMI::DriverParameter::SYNTEC::P4-36" Content="P4-36" />
	<Message ID="MMI::DriverParameter::SYNTEC::P4-37" Content="P4-37" />
	<Message ID="MMI::DriverParameter::SYNTEC::P4-38" Content="P4-38" />
	<Message ID="MMI::DriverParameter::SYNTEC::P4-39" Content="P4-39" />
	<Message ID="MMI::DriverParameter::SYNTEC::P4-40" Content="弱磁控制功能(0:闭;1:开)" />
	<Message ID="MMI::DriverParameter::SYNTEC::P4-41" Content="顿转(Cogging)扭矩补偿(0:闭;1:开)" />
	<Message ID="MMI::DriverParameter::SYNTEC::P4-42" Content="摩擦力补偿力矩" />
	<Message ID="MMI::DriverParameter::SYNTEC::P4-43" Content="P4-43" />
	<Message ID="MMI::DriverParameter::SYNTEC::P4-44" Content="P4-44" />
	<Message ID="MMI::DriverParameter::SYNTEC::P4-45" Content="P4-45" />
	<Message ID="MMI::DriverParameter::SYNTEC::P4-46" Content="P4-46" />
	<Message ID="MMI::DriverParameter::SYNTEC::P4-47" Content="P4-47" />
	<Message ID="MMI::DriverParameter::SYNTEC::P4-48" Content="P4-48" />
	<Message ID="MMI::DriverParameter::SYNTEC::P4-49" Content="P4-49" />
	<Message ID="MMI::DriverParameter::SYNTEC::P4-50" Content="过负载150%的运转时间" />
	<Message ID="MMI::DriverParameter::SYNTEC::P5" Content="后级参数" />
	<Message ID="MMI::DriverParameter::SYNTEC::P5-00" Content="电源电压" />
	<Message ID="MMI::DriverParameter::SYNTEC::P5-01" Content="驱动器尖峰电流" />
	<Message ID="MMI::DriverParameter::SYNTEC::P5-02" Content="驱动器额定电流" />
	<Message ID="MMI::DriverParameter::SYNTEC::P5-03" Content="驱动器最高电流" />
	<Message ID="MMI::DriverParameter::SYNTEC::P5-04" Content="内部回生电阻奥姆数" />
	<Message ID="MMI::DriverParameter::SYNTEC::P5-05" Content="内部回生电阻瓦特数" />
	<Message ID="MMI::DriverParameter::SYNTEC::P5-06" Content="*PWM频率" />
	<Message ID="MMI::DriverParameter::SYNTEC::P5-07" Content="*后级ID" />
	<Message ID="MMI::DriverParameter::SYNTEC::P5-08" Content="死区时间" />
	<Message ID="MMI::DriverParameter::SYNTEC::P5-09" Content="PWM输出相序" />
	<Message ID="MMI::DriverParameter::SYNTEC::P5-10" Content="电流感测器数量" />
	<Message ID="MMI::DriverParameter::SYNTEC::P5-11" Content="电流回授Scale" />
	<Message ID="MMI::DriverParameter::SYNTEC::P5-12" Content="最大电压" />
	<Message ID="MMI::DriverParameter::SYNTEC::P5-13" Content="P5-13" />
	<Message ID="MMI::DriverParameter::SYNTEC::P5-14" Content="P5-14" />
	<Message ID="MMI::DriverParameter::SYNTEC::P5-15" Content="P5-15" />
	<Message ID="MMI::DriverParameter::SYNTEC::P5-16" Content="P5-16" />
	<Message ID="MMI::DriverParameter::SYNTEC::P5-17" Content="P5-17" />
	<Message ID="MMI::DriverParameter::SYNTEC::P5-18" Content="P5-18" />
	<Message ID="MMI::DriverParameter::SYNTEC::P5-19" Content="P5-19" />
	<Message ID="MMI::DriverParameter::SYNTEC::P5-20" Content="A相电流Offset" />
	<Message ID="MMI::DriverParameter::SYNTEC::P5-21" Content="B相电流Offset" />
	<Message ID="MMI::DriverParameter::SYNTEC::P5-22" Content="C相电流Offset" />
	<Message ID="MMI::DriverParameter::SYNTEC::P5-23" Content="A相电流Scale" />
	<Message ID="MMI::DriverParameter::SYNTEC::P5-24" Content="B相电流Scale" />
	<Message ID="MMI::DriverParameter::SYNTEC::P5-25" Content="C相电流Scale" />
	<Message ID="MMI::DriverParameter::SYNTEC::P5-26" Content="P5-26" />
	<Message ID="MMI::DriverParameter::SYNTEC::P5-27" Content="P5-27" />
	<Message ID="MMI::DriverParameter::SYNTEC::P5-28" Content="启动电压补偿功能" />
	<Message ID="MMI::DriverParameter::SYNTEC::P5-29" Content="电压补偿等效压降" />
	<Message ID="MMI::DriverParameter::SYNTEC::P5-30" Content="电压补偿电流命令1" />
	<Message ID="MMI::DriverParameter::SYNTEC::P5-31" Content="电压补偿电流命令2" />
	<Message ID="MMI::DriverParameter::SYNTEC::P5-32" Content="电压补偿电流命令3" />
	<Message ID="MMI::DriverParameter::SYNTEC::P5-33" Content="电压补偿电流命令4" />
	<Message ID="MMI::DriverParameter::SYNTEC::P5-34" Content="电压补偿电流命令5" />
	<Message ID="MMI::DriverParameter::SYNTEC::P5-35" Content="电压补偿电流命令6" />
	<Message ID="MMI::DriverParameter::SYNTEC::P5-36" Content="电压补偿电流命令7" />
	<Message ID="MMI::DriverParameter::SYNTEC::P5-37" Content="电压补偿电流命令8" />
	<Message ID="MMI::DriverParameter::SYNTEC::P5-38" Content="电压补偿电流命令9" />
	<Message ID="MMI::DriverParameter::SYNTEC::P5-39" Content="电压补偿电流命令10" />
	<Message ID="MMI::DriverParameter::SYNTEC::P5-40" Content="电压补偿电流命令11" />
	<Message ID="MMI::DriverParameter::SYNTEC::P5-41" Content="电压补偿电流命令12" />
	<Message ID="MMI::DriverParameter::SYNTEC::P5-42" Content="电压补偿电流命令13" />
	<Message ID="MMI::DriverParameter::SYNTEC::P5-43" Content="电压补偿电流命令14" />
	<Message ID="MMI::DriverParameter::SYNTEC::P5-44" Content="电压补偿电流命令15" />
	<Message ID="MMI::DriverParameter::SYNTEC::P5-45" Content="电压补偿时间值1" />
	<Message ID="MMI::DriverParameter::SYNTEC::P5-46" Content="电压补偿时间值2" />
	<Message ID="MMI::DriverParameter::SYNTEC::P5-47" Content="电压补偿时间值3" />
	<Message ID="MMI::DriverParameter::SYNTEC::P5-48" Content="电压补偿时间值4" />
	<Message ID="MMI::DriverParameter::SYNTEC::P5-49" Content="电压补偿时间值5" />
	<Message ID="MMI::DriverParameter::SYNTEC::P5-50" Content="电压补偿时间值6" />
	<Message ID="MMI::DriverParameter::SYNTEC::P5-51" Content="电压补偿时间值7" />
	<Message ID="MMI::DriverParameter::SYNTEC::P5-52" Content="电压补偿时间值8" />
	<Message ID="MMI::DriverParameter::SYNTEC::P5-53" Content="电压补偿时间值9" />
	<Message ID="MMI::DriverParameter::SYNTEC::P5-54" Content="电压补偿时间值10" />
	<Message ID="MMI::DriverParameter::SYNTEC::P5-55" Content="电压补偿时间值11" />
	<Message ID="MMI::DriverParameter::SYNTEC::P5-56" Content="电压补偿时间值12" />
	<Message ID="MMI::DriverParameter::SYNTEC::P5-57" Content="电压补偿时间值13" />
	<Message ID="MMI::DriverParameter::SYNTEC::P5-58" Content="电压补偿时间值14" />
	<Message ID="MMI::DriverParameter::SYNTEC::P5-59" Content="电压补偿时间值15" />
	<Message ID="MMI::DriverParameter::SYNTEC::P6" Content="特殊应用参数" />
	<Message ID="MMI::DriverParameter::SYNTEC::P6-03" Content="第二光学尺Index Mark型态" />
	<Message ID="MMI::DriverParameter::SYNTEC::P6-04" Content="马达侧齿数" />
	<Message ID="MMI::DriverParameter::SYNTEC::P6-05" Content="螺杆侧齿数" />
	<Message ID="MMI::DriverParameter::SYNTEC::P6-06" Content="节距" />
	<Message ID="MMI::DriverParameter::SYNTEC::P6-07" Content="P6-07" />
	<Message ID="MMI::DriverParameter::SYNTEC::P6-08" Content="P6-08" />
	<Message ID="MMI::DriverParameter::SYNTEC::P6-09" Content="P6-09" />
	<Message ID="MMI::DriverParameter::SYNTEC::P6-10" Content="最高加速度" />
	<Message ID="MMI::DriverParameter::SYNTEC::P6-11" Content="最高冲量(JERK)" />
	<Message ID="MMI::DriverParameter::SYNTEC::P6-12" Content="位置检查窗口范围" />
	<Message ID="MMI::DriverParameter::SYNTEC::P6-13" Content="上位控制器命令极性" />
	<Message ID="MMI::DriverParameter::SYNTEC::P6-14" Content="速度到达检查窗口范围" />
	<Message ID="MMI::DriverParameter::SYNTEC::P6-15" Content="零速到达检查窗口范围" />
	<Message ID="MMI::DriverParameter::SYNTEC::P6-16" Content="P6-16" />
	<Message ID="MMI::DriverParameter::SYNTEC::P6-17" Content="P6-17" />
	<Message ID="MMI::DriverParameter::SYNTEC::P6-18" Content="P6-18" />
	<Message ID="MMI::DriverParameter::SYNTEC::P6-19" Content="P6-19" />
	<Message ID="MMI::DriverParameter::SYNTEC::P6-20" Content="主轴定位角度" />
	<Message ID="MMI::DriverParameter::SYNTEC::P6-21" Content="主轴定位零速启动定位方式" />
	<Message ID="MMI::DriverParameter::SYNTEC::P6-22" Content="关闭Z相警报检查(0:开;1:关)" />
	<Message ID="MMI::DriverParameter::SYNTEC::P6-23" Content="开启位置控制时扭力限制功能" />
	<Message ID="MMI::DriverParameter::SYNTEC::P6-24" Content="关闭Mechatrolink同步警报检查(0:开;1:关)" />
	<Message ID="MMI::DriverParameter::SYNTEC::P6-25" Content="伺服关闭延迟时间" />
	<Message ID="MMI::DriverParameter::SYNTEC::P6-26" Content="煞车速度准位" />
	<Message ID="MMI::DriverParameter::SYNTEC::P6-27" Content="煞车等待时间" />
	<Message ID="MMI::DriverParameter::SYNTEC::P6-28" Content="编码器过Index前增益比例" />
	<Message ID="MMI::DriverParameter::SYNTEC::P6-29" Content="P6-29" />	
	<Message ID="MMI::DriverParameter::SYNTEC::P6-30" Content="过转矩1功能" />	
	<Message ID="MMI::DriverParameter::SYNTEC::P6-31" Content="过转矩1准位" />	
	<Message ID="MMI::DriverParameter::SYNTEC::P6-32" Content="过转矩1检出时间" />	
	<Message ID="MMI::DriverParameter::SYNTEC::P6-33" Content="过转矩2功能" />	
	<Message ID="MMI::DriverParameter::SYNTEC::P6-34" Content="过转矩2准位" />	
	<Message ID="MMI::DriverParameter::SYNTEC::P6-35" Content="过转矩2检出时间" />	
	<Message ID="MMI::DriverParameter::SYNTEC::P6-36" Content="P6-36" />
	<Message ID="MMI::DriverParameter::SYNTEC::P6-37" Content="P6-37" />
	<Message ID="MMI::DriverParameter::SYNTEC::P6-38" Content="P6-38" />
	<Message ID="MMI::DriverParameter::SYNTEC::P6-39" Content="P6-39" />	
	<Message ID="MMI::DriverParameter::SYNTEC::P6-40" Content="内外回授位置误差过大警报检查值" />	
	<Message ID="MMI::DriverParameter::SYNTEC::P6-41" Content="双回授位置滤波时间常数" />
	<Message ID="MMI::DriverParameter::SYNTEC::P6-42" Content="*开启双回授控制模式" />
	<Message ID="MMI::DriverParameter::SYNTEC::P6-80" Content="*第二编码器通讯接口型态" />
	<Message ID="MMI::DriverParameter::SYNTEC::P6-81" Content="*第二编码器分辨率" />
	<Message ID="MMI::DriverParameter::SYNTEC::P6-82" Content="*第二编码器回授方向极性" />
	<Message ID="MMI::DriverParameter::SYNTEC::P6-83" Content="*第二编码器增量/绝对型态" />
	<Message ID="MMI::DriverParameter::SYNTEC::P6-84" Content="启动第二ABZ编码器时间译码功能" />
	<Message ID="MMI::DriverParameter::SYNTEC::P6-85" Content="第二编码器SIN准位偏移量" />
	<Message ID="MMI::DriverParameter::SYNTEC::P6-86" Content="第二编码器COS准位偏移量" />
	<Message ID="MMI::DriverParameter::SYNTEC::P6-87" Content="第二编码器SIN振幅补正量" />
	<Message ID="MMI::DriverParameter::SYNTEC::P6-88" Content="第二编码器COS振幅补正量" />
	<Message ID="MMI::DriverParameter::SYNTEC::P6-89" Content="第二编码器正余弦相位角" />
	<Message ID="MMI::DriverParameter::SYNTEC::P6-90" Content="*第二编码器极数" />
	<Message ID="MMI::DriverParameter::SYNTEC::P6-91" Content="第二编码器节距补偿个数" />
	<Message ID="MMI::DriverParameter::SYNTEC::P6-92" Content="第二编码器参数储存保护" />
	<Message ID="MMI::DriverParameter::SYNTEC::P6-93" Content="第二编码器感测版型态" />
	<Message ID="MMI::DriverParameter::SYNTEC::P6-94" Content="第二编码器失效次数" />
	<Message ID="MMI::DriverParameter::SYNTEC::P6-95" Content="第二编码器Zindex位置" />
	<Message ID="MMI::DriverParameter::SYNTEC::P6-96" Content="*第二编码器大波误差补偿开启" />
	
	<Message ID="MMI::DriverParameter::SYNTEC::D0" Content="版本信息" />
	<Message ID="MMI::DriverParameter::SYNTEC::D0-00" Content="驱动器版本号码" />
	<Message ID="MMI::DriverParameter::SYNTEC::D0-01" Content="驱动器版本日期" />
	<Message ID="MMI::DriverParameter::SYNTEC::D0-02" Content="驱动器版本序号" />
	<Message ID="MMI::DriverParameter::SYNTEC::D0-03" Content="驱动器前级硬件版本" />
	<Message ID="MMI::DriverParameter::SYNTEC::D0-05" Content="编码器版本号码" />
	<Message ID="MMI::DriverParameter::SYNTEC::D0-06" Content="编码器软体种类" />
	<Message ID="MMI::DriverParameter::SYNTEC::D0-07" Content="第二编码器版本号码" />
	<Message ID="MMI::DriverParameter::SYNTEC::D0-08" Content="第二编码器软件种类" />
	<Message ID="MMI::DriverParameter::SYNTEC::D0-09" Content="第一编码器硬件版本" />
	<Message ID="MMI::DriverParameter::SYNTEC::D0-10" Content="第二编码器硬件版本" />
	
	<Message ID="MMI::DriverParameter::SYNTEC::D1" Content="使用者操作状态" />
	<Message ID="MMI::DriverParameter::SYNTEC::D1-00" Content="状态变量1" />	
	<Message ID="MMI::DriverParameter::SYNTEC::D1-01" Content="位置命令" />
	<Message ID="MMI::DriverParameter::SYNTEC::D1-02" Content="位置回授" />
	<Message ID="MMI::DriverParameter::SYNTEC::D1-03" Content="位置误差" />
	<Message ID="MMI::DriverParameter::SYNTEC::D1-04" Content="机械角" />	
	<Message ID="MMI::DriverParameter::SYNTEC::D1-05" Content="INDEX COUNTER" />
	<Message ID="MMI::DriverParameter::SYNTEC::D1-06" Content="速度命令" />
	<Message ID="MMI::DriverParameter::SYNTEC::D1-07" Content="速度回授" />
	<Message ID="MMI::DriverParameter::SYNTEC::D1-08" Content="速度误差(0.01RPM)" />
	<Message ID="MMI::DriverParameter::SYNTEC::D1-09" Content="转矩命令" />
	<Message ID="MMI::DriverParameter::SYNTEC::D1-10" Content="负载率" />
	<Message ID="MMI::DriverParameter::SYNTEC::D1-11" Content="Id电流命令" />
	<Message ID="MMI::DriverParameter::SYNTEC::D1-12" Content="Iq电流命令" />
	<Message ID="MMI::DriverParameter::SYNTEC::D1-13" Content="Id电流回授" />
	<Message ID="MMI::DriverParameter::SYNTEC::D1-14" Content="Iq电流回授" />	
	<Message ID="MMI::DriverParameter::SYNTEC::D1-15" Content="Idq 电流命令" />
	<Message ID="MMI::DriverParameter::SYNTEC::D1-16" Content="Idq 电流回授" />
	<Message ID="MMI::DriverParameter::SYNTEC::D1-17" Content="Ia电流回授" />
	<Message ID="MMI::DriverParameter::SYNTEC::D1-18" Content="Ib电流回授" />
	<Message ID="MMI::DriverParameter::SYNTEC::D1-19" Content="Ic电流回授" />
	<Message ID="MMI::DriverParameter::SYNTEC::D1-20" Content="0相电流回授" />
	<Message ID="MMI::DriverParameter::SYNTEC::D1-21" Content="I点状态" />	
	<Message ID="MMI::DriverParameter::SYNTEC::D1-22" Content="O点状态" />		
	<Message ID="MMI::DriverParameter::SYNTEC::D1-23" Content="IGBT温度" />
	<Message ID="MMI::DriverParameter::SYNTEC::D1-24" Content="DC bus 电压" />
	<Message ID="MMI::DriverParameter::SYNTEC::D1-25" Content="总开机时间" />
	<Message ID="MMI::DriverParameter::SYNTEC::D1-26" Content="转子惯量" />
	<Message ID="MMI::DriverParameter::SYNTEC::D1-27" Content="转子黏滞系数" />
	<Message ID="MMI::DriverParameter::SYNTEC::D1-28" Content="串行编码器CRC错误次数(硬件)" />
	<Message ID="MMI::DriverParameter::SYNTEC::D1-29" Content="串行编码器CRC错误次数(软件)" />
	<Message ID="MMI::DriverParameter::SYNTEC::D1-30" Content="V/f模式对低频电压补偿量" />
	<Message ID="MMI::DriverParameter::SYNTEC::D1-31" Content="侦测到的编码器Pulse数" />
	<Message ID="MMI::DriverParameter::SYNTEC::D1-32" Content="侦测到的马达极数" />
	<Message ID="MMI::DriverParameter::SYNTEC::D1-33" Content="第二回授机械角" />
	<Message ID="MMI::DriverParameter::SYNTEC::D1-34" Content="第二回授INDEX COUNTER" />
	<Message ID="MMI::DriverParameter::SYNTEC::D1-35" Content="主轴速度命令" />
	<Message ID="MMI::DriverParameter::SYNTEC::D1-36" Content="第二速度回授" />
	<Message ID="MMI::DriverParameter::SYNTEC::D1-37" Content="侦测到的第二编码器Pulse数" />
	<Message ID="MMI::DriverParameter::SYNTEC::D1-38" Content="主轴定位参考角度" />
	<Message ID="MMI::DriverParameter::SYNTEC::D1-39" Content="主轴定位完成状态" />
	<Message ID="MMI::DriverParameter::SYNTEC::D1-40" Content="主轴定位错误代码" />
	<Message ID="MMI::DriverParameter::SYNTEC::D1-41" Content="驱动器KTY84感测温度" />
	<Message ID="MMI::DriverParameter::SYNTEC::D1-42" Content="第二串行编码器CRC错误次数(硬件)" />
	<Message ID="MMI::DriverParameter::SYNTEC::D1-43" Content="第二串行编码器CRC错误次数(软件)" />
	<Message ID="MMI::DriverParameter::SYNTEC::D1-44" Content="第一编码器位置回授(双回授模式检测用)" />
	<Message ID="MMI::DriverParameter::SYNTEC::D1-45" Content="内外回授位置误差量(双回授模式检测用)" />
	<Message ID="MMI::DriverParameter::SYNTEC::D1-46" Content="串行编码器命令错误次数" />
	<Message ID="MMI::DriverParameter::SYNTEC::D1-47" Content="串行编码器逾时错误次数" />
	<Message ID="MMI::DriverParameter::SYNTEC::D1-48" Content="第一编码器Z相Index讯号警报" />
	<Message ID="MMI::DriverParameter::SYNTEC::D1-49" Content="第二编码器Z相Index讯号警报" />	
	<Message ID="MMI::DriverParameter::SYNTEC::D1-50" Content="第一回授新代编码器内部KTY84感测温度" />
	<Message ID="MMI::DriverParameter::SYNTEC::D1-51" Content="第一回授新代编码器外部一KTY84感测温度" />
	<Message ID="MMI::DriverParameter::SYNTEC::D1-52" Content="第一回授新代编码器外部二KTY84感测温度" />
	<Message ID="MMI::DriverParameter::SYNTEC::D1-54" Content="第二回授新代编码器内部KTY84感测温度" />
	<Message ID="MMI::DriverParameter::SYNTEC::D1-55" Content="第二回授新代编码器外部一KTY84感测温度" />
	<Message ID="MMI::DriverParameter::SYNTEC::D1-56" Content="第二回授新代编码器外部二KTY84感测温度" />
	<Message ID="MMI::DriverParameter::SYNTEC::D1-58" Content="编码器5V电压侦测" />
	<Message ID="MMI::DriverParameter::SYNTEC::D1-59" Content="第二串行编码器命令错误次数" />
	<Message ID="MMI::DriverParameter::SYNTEC::D1-60" Content="第二串行编码器逾时错误次数" />
	<Message ID="MMI::DriverParameter::SYNTEC::D1-70" Content="侦测到的后级ID" />
	<Message ID="MMI::DriverParameter::SYNTEC::D1-71" Content="位置控制下到达扭力限制" />
	<Message ID="MMI::DriverParameter::SYNTEC::D1-72" Content="弱磁控制起始转速" />
	<Message ID="MMI::DriverParameter::SYNTEC::D1-73" Content="当次开机时间" />
	<Message ID="MMI::DriverParameter::SYNTEC::D1-74" Content="第二位置回授" />

	<Message ID="MMI::DriverParameter::SYNTEC::D2" Content="工程操作状态" />
	<Message ID="MMI::DriverParameter::SYNTEC::D2-00" Content="状态变量2" />
	<Message ID="MMI::DriverParameter::SYNTEC::D2-01" Content="状态变量3" />
	<Message ID="MMI::DriverParameter::SYNTEC::D2-02" Content="电器角" />
	<Message ID="MMI::DriverParameter::SYNTEC::D2-03" Content="电器角命令" />
	<Message ID="MMI::DriverParameter::SYNTEC::D2-04" Content="速度命令(0.01RPM)" />
	<Message ID="MMI::DriverParameter::SYNTEC::D2-05" Content="速度回授(0.01RPM)" />	
	<Message ID="MMI::DriverParameter::SYNTEC::D2-06" Content="马达原始转速数据" />	
	<Message ID="MMI::DriverParameter::SYNTEC::D2-07" Content="感应马达滑差频率" />
	<Message ID="MMI::DriverParameter::SYNTEC::D2-08" Content="弱磁控制切换转速" />	
	<Message ID="MMI::DriverParameter::SYNTEC::D2-09" Content="额定电压" />	
	<Message ID="MMI::DriverParameter::SYNTEC::D2-10" Content="VD电压命令" />
	<Message ID="MMI::DriverParameter::SYNTEC::D2-11" Content="VQ电压命令" />
	<Message ID="MMI::DriverParameter::SYNTEC::D2-12" Content="Pre-saturated VD电压命令" />
	<Message ID="MMI::DriverParameter::SYNTEC::D2-13" Content="Pre-saturated VQ电压命令" />	
	<Message ID="MMI::DriverParameter::SYNTEC::D2-14" Content="Vd前馈命令" />
	<Message ID="MMI::DriverParameter::SYNTEC::D2-15" Content="Vq前馈命令" />		
	<Message ID="MMI::DriverParameter::SYNTEC::D2-16" Content="Vdq 电压命令" />
	<Message ID="MMI::DriverParameter::SYNTEC::D2-17" Content="Pre-saturated Vdq 电压命令" />	
	<Message ID="MMI::DriverParameter::SYNTEC::D2-18" Content="A相电压命令" />
	<Message ID="MMI::DriverParameter::SYNTEC::D2-19" Content="B相电压命令" />
	<Message ID="MMI::DriverParameter::SYNTEC::D2-20" Content="C相电压命令" />	
	<Message ID="MMI::DriverParameter::SYNTEC::D2-21" Content="磁通命令" />
	<Message ID="MMI::DriverParameter::SYNTEC::D2-22" Content="磁通回授" />
	<Message ID="MMI::DriverParameter::SYNTEC::D2-23" Content="目前位置的Cogging大小" />
	<Message ID="MMI::DriverParameter::SYNTEC::D2-24" Content="估测的扰动量" />
	<Message ID="MMI::DriverParameter::SYNTEC::D2-25" Content="扰动补偿后的扭力命令" />
	<Message ID="MMI::DriverParameter::SYNTEC::D2-26" Content="摩擦力补偿扭力" />
	<Message ID="MMI::DriverParameter::SYNTEC::D2-27" Content="速度回授均线滤波器时间常数" />	
	<Message ID="MMI::DriverParameter::SYNTEC::D2-28" Content="串行命令LEADTIME" />	
	<Message ID="MMI::DriverParameter::SYNTEC::D2-29" Content="回生电阻开关" />
	<Message ID="MMI::DriverParameter::SYNTEC::D2-30" Content="温度校正参考电流" />
	<Message ID="MMI::DriverParameter::SYNTEC::D2-33" Content="编码器ADC正弦值" />
	<Message ID="MMI::DriverParameter::SYNTEC::D2-34" Content="编码器ADC余弦值" />	
	<Message ID="MMI::DriverParameter::SYNTEC::D2-35" Content="编码器节距误差值" />	
	<Message ID="MMI::DriverParameter::SYNTEC::D2-36" Content="编码器节距表索引" />	
	<Message ID="MMI::DriverParameter::SYNTEC::D2-37" Content="数据纪录器信道一" />	
	<Message ID="MMI::DriverParameter::SYNTEC::D2-38" Content="数据纪录器信道二" />	
	<Message ID="MMI::DriverParameter::SYNTEC::D2-39" Content="数据纪录器信道三" />	
	<Message ID="MMI::DriverParameter::SYNTEC::D2-40" Content="数据纪录器信道四" />
	<Message ID="MMI::DriverParameter::SYNTEC::D2-41" Content="编码器Z INDEX值" />	
	<Message ID="MMI::DriverParameter::SYNTEC::D2-42" Content="编码器1与2的位置差值" />	
	<Message ID="MMI::DriverParameter::SYNTEC::D2-43" Content="弱磁电压控制命令" />	
	<Message ID="MMI::DriverParameter::SYNTEC::D2-44" Content="弱磁电压控制回授" />
	<Message ID="MMI::DriverParameter::SYNTEC::D2-45" Content="第二编码器ADC正弦值" />
	<Message ID="MMI::DriverParameter::SYNTEC::D2-46" Content="第二编码器ADC余弦值" />	
	<Message ID="MMI::DriverParameter::SYNTEC::D2-47" Content="第二编码器Z INDEX值" />
	<Message ID="MMI::DriverParameter::SYNTEC::D2-48" Content="串列编码器原始位置资讯" />	
	<Message ID="MMI::DriverParameter::SYNTEC::D2-49" Content="串列编码器内部状态" />
	<Message ID="MMI::DriverParameter::SYNTEC::D2-50" Content="ADC CH0资料" />
	<Message ID="MMI::DriverParameter::SYNTEC::D2-51" Content="ADC CH1资料" />
	<Message ID="MMI::DriverParameter::SYNTEC::D2-52" Content="ADC CH2资料" />
	<Message ID="MMI::DriverParameter::SYNTEC::D2-53" Content="ADC CH3资料" />
	<Message ID="MMI::DriverParameter::SYNTEC::D2-54" Content="ADC CH4资料" />
	<Message ID="MMI::DriverParameter::SYNTEC::D2-55" Content="ADC CH5资料" />
	<Message ID="MMI::DriverParameter::SYNTEC::D2-56" Content="ADC CH6资料" />
	<Message ID="MMI::DriverParameter::SYNTEC::D2-57" Content="ADC CH7资料" />
	<Message ID="MMI::DriverParameter::SYNTEC::D2-58" Content="ADC CH8资料" />
	<Message ID="MMI::DriverParameter::SYNTEC::D2-59" Content="ADC CH9资料" />
	<Message ID="MMI::DriverParameter::SYNTEC::D2-60" Content="ADC CH10资料" />
	<Message ID="MMI::DriverParameter::SYNTEC::D2-61" Content="ADC CH11资料" />
	<Message ID="MMI::DriverParameter::SYNTEC::D2-62" Content="ADC CH12资料" />
	<Message ID="MMI::DriverParameter::SYNTEC::D2-63" Content="ADC CH13资料" />
	<Message ID="MMI::DriverParameter::SYNTEC::D2-64" Content="ADC CH14资料" />
	<Message ID="MMI::DriverParameter::SYNTEC::D2-65" Content="ADC CH15资料" />
	<Message ID="MMI::DriverParameter::SYNTEC::D2-66" Content="DSP与FPGA通讯计数" />
	<Message ID="MMI::DriverParameter::SYNTEC::D2-67" Content="UART接收计数" />
	<Message ID="MMI::DriverParameter::SYNTEC::D2-68" Content="UART传送计数" />
	<Message ID="MMI::DriverParameter::SYNTEC::D2-69" Content="UART传送忙碌" />	
	<Message ID="MMI::DriverParameter::SYNTEC::D2-70" Content="电流回路平均运行时间" />
	<Message ID="MMI::DriverParameter::SYNTEC::D2-71" Content="电流回路最大运行时间" />
	<Message ID="MMI::DriverParameter::SYNTEC::D2-72" Content="速度回路平均运行时间" />
	<Message ID="MMI::DriverParameter::SYNTEC::D2-73" Content="速度回路最大运行时间" />
	<Message ID="MMI::DriverParameter::SYNTEC::D2-74" Content="位置回路平均运行时间" />
	<Message ID="MMI::DriverParameter::SYNTEC::D2-75" Content="位置回路最大运行时间" />
	<Message ID="MMI::DriverParameter::SYNTEC::D2-76" Content="PLC回路平均运行时间" />
	<Message ID="MMI::DriverParameter::SYNTEC::D2-77" Content="PLC回路最大运行时间" />
	<Message ID="MMI::DriverParameter::SYNTEC::D2-78" Content="CNC通讯中断平均运行时间" />
	<Message ID="MMI::DriverParameter::SYNTEC::D2-79" Content="CNC通讯中断最大运行时间" />	
	<Message ID="MMI::DriverParameter::SYNTEC::D2-80" Content="Debug scope 0" />
	<Message ID="MMI::DriverParameter::SYNTEC::D2-81" Content="Debug scope 1" />
	<Message ID="MMI::DriverParameter::SYNTEC::D2-82" Content="Debug scope 2" />
	<Message ID="MMI::DriverParameter::SYNTEC::D2-83" Content="Debug scope 3" />
	<Message ID="MMI::DriverParameter::SYNTEC::D2-84" Content="Debug scope 4" />
	<Message ID="MMI::DriverParameter::SYNTEC::D2-85" Content="Debug scope 5" />
	<Message ID="MMI::DriverParameter::SYNTEC::D2-86" Content="Debug scope 6" />
	<Message ID="MMI::DriverParameter::SYNTEC::D2-87" Content="Debug scope 7" />
	<Message ID="MMI::DriverParameter::SYNTEC::D2-88" Content="第一回授新代编码器节距补偿表ADC分辨率" />
	<Message ID="MMI::DriverParameter::SYNTEC::D2-89" Content="第一回授新代编码器补偿方式版本" />
	<Message ID="MMI::DriverParameter::SYNTEC::D2-90" Content="第二回授新代编码器节距补偿表ADC分辨率" />
	<Message ID="MMI::DriverParameter::SYNTEC::D2-91" Content="第二回授新代编码器补偿方式版本" />
	<Message ID="MMI::DriverParameter::SYNTEC::D2-92" Content="第一回授新代编码器原点偏移量" />
	
	<Message ID="MMI::DriverParameter::SYNTEC::P15" Content="Scope参数" />
	<Message ID="MMI::DriverParameter::SYNTEC::P15-01" Content="除频数(位置回路)" />
	<Message ID="MMI::DriverParameter::SYNTEC::P15-02" Content="开关(0:启动, 1:关闭)" />
	<Message ID="MMI::DriverParameter::SYNTEC::P15-03" Content="清除Watch Dog" />
	<Message ID="MMI::DriverParameter::SYNTEC::P15-16" Content="CH0 Enable(0:闭;1:开)" />
	<Message ID="MMI::DriverParameter::SYNTEC::P15-17" Content="CH1 Enable(0:闭;1:开)" />
	<Message ID="MMI::DriverParameter::SYNTEC::P15-18" Content="CH2 Enable(0:闭;1:开)" />
	<Message ID="MMI::DriverParameter::SYNTEC::P15-19" Content="CH3 Enable(0:闭;1:开)" />
	<Message ID="MMI::DriverParameter::SYNTEC::P15-32" Content="CH0,2 数据格式(0:16bit, 1:32bit)" />
	<Message ID="MMI::DriverParameter::SYNTEC::P15-33" Content="CH1,3 数据格式(0:16bit, 1:32bit)" />
	<Message ID="MMI::DriverParameter::SYNTEC::P15-48" Content="CH0 映射Index" />
	<Message ID="MMI::DriverParameter::SYNTEC::P15-49" Content="CH1 映射Index" />
	<Message ID="MMI::DriverParameter::SYNTEC::P15-50" Content="CH2 映射Index" />
	<Message ID="MMI::DriverParameter::SYNTEC::P15-51" Content="CH3 映射Index" />
	
	<Message ID="MMI::DriverParameter::SYNTEC::P17" Content="警报状态" />
	<Message ID="MMI::DriverParameter::SYNTEC::P17-00" Content="现在警报ID" />
	<Message ID="MMI::DriverParameter::SYNTEC::P17-01" Content="现在警报ID" />
	<Message ID="MMI::DriverParameter::SYNTEC::P17-02" Content="现在警报ID" />
	<Message ID="MMI::DriverParameter::SYNTEC::P17-03" Content="现在警报ID" />
	<Message ID="MMI::DriverParameter::SYNTEC::P17-04" Content="现在警报ID" />
	<Message ID="MMI::DriverParameter::SYNTEC::P17-05" Content="现在警报ID" />
	<Message ID="MMI::DriverParameter::SYNTEC::P17-06" Content="现在警报ID" />
	<Message ID="MMI::DriverParameter::SYNTEC::P17-07" Content="现在警报ID" />
	<Message ID="MMI::DriverParameter::SYNTEC::P17-08" Content="现在警报ID" />
	<Message ID="MMI::DriverParameter::SYNTEC::P17-09" Content="现在警报ID" />
	<Message ID="MMI::DriverParameter::SYNTEC::P17-10" Content="历来警报ID" />
	<Message ID="MMI::DriverParameter::SYNTEC::P17-11" Content="历来警报时间" />
	<Message ID="MMI::DriverParameter::SYNTEC::P17-12" Content="历来警报ID" />
	<Message ID="MMI::DriverParameter::SYNTEC::P17-13" Content="历来警报时间" />
	<Message ID="MMI::DriverParameter::SYNTEC::P17-14" Content="历来警报ID" />
	<Message ID="MMI::DriverParameter::SYNTEC::P17-15" Content="历来警报时间" />
	<Message ID="MMI::DriverParameter::SYNTEC::P17-16" Content="历来警报ID" />
	<Message ID="MMI::DriverParameter::SYNTEC::P17-17" Content="历来警报时间" />
	<Message ID="MMI::DriverParameter::SYNTEC::P17-18" Content="历来警报ID" />
	<Message ID="MMI::DriverParameter::SYNTEC::P17-19" Content="历来警报时间" />
	<Message ID="MMI::DriverParameter::SYNTEC::P17-20" Content="历来警报ID" />
	<Message ID="MMI::DriverParameter::SYNTEC::P17-21" Content="历来警报时间" />
	<Message ID="MMI::DriverParameter::SYNTEC::P17-22" Content="历来警报ID" />
	<Message ID="MMI::DriverParameter::SYNTEC::P17-23" Content="历来警报时间" />
	<Message ID="MMI::DriverParameter::SYNTEC::P17-24" Content="历来警报ID" />
	<Message ID="MMI::DriverParameter::SYNTEC::P17-25" Content="历来警报时间" />
	<Message ID="MMI::DriverParameter::SYNTEC::P17-26" Content="历来警报ID" />
	<Message ID="MMI::DriverParameter::SYNTEC::P17-27" Content="历来警报时间" />
	<Message ID="MMI::DriverParameter::SYNTEC::P17-28" Content="历来警报ID" />
	<Message ID="MMI::DriverParameter::SYNTEC::P17-29" Content="历来警报时间" />
	<Message ID="MMI::DriverParameter::SYNTEC::P17-30" Content="历来警报ID" />
	<Message ID="MMI::DriverParameter::SYNTEC::P17-31" Content="历来警报时间" />
	<Message ID="MMI::DriverParameter::SYNTEC::P17-32" Content="历来警报ID" />
	<Message ID="MMI::DriverParameter::SYNTEC::P17-33" Content="历来警报时间" />
	<Message ID="MMI::DriverParameter::SYNTEC::P17-34" Content="历来警报ID" />
	<Message ID="MMI::DriverParameter::SYNTEC::P17-35" Content="历来警报时间" />
	<Message ID="MMI::DriverParameter::SYNTEC::P17-36" Content="历来警报ID" />
	<Message ID="MMI::DriverParameter::SYNTEC::P17-37" Content="历来警报时间" />
	<Message ID="MMI::DriverParameter::SYNTEC::P17-38" Content="历来警报ID" />
	<Message ID="MMI::DriverParameter::SYNTEC::P17-39" Content="历来警报时间" />
	<Message ID="MMI::DriverParameter::SYNTEC::P17-40" Content="历来警报ID" />
	<Message ID="MMI::DriverParameter::SYNTEC::P17-41" Content="历来警报时间" />
	<Message ID="MMI::DriverParameter::SYNTEC::P17-42" Content="历来警报ID" />
	<Message ID="MMI::DriverParameter::SYNTEC::P17-43" Content="历来警报时间" />
	<Message ID="MMI::DriverParameter::SYNTEC::P17-44" Content="历来警报ID" />
	<Message ID="MMI::DriverParameter::SYNTEC::P17-45" Content="历来警报时间" />
	<Message ID="MMI::DriverParameter::SYNTEC::P17-46" Content="历来警报ID" />
	<Message ID="MMI::DriverParameter::SYNTEC::P17-47" Content="历来警报时间" />
	<Message ID="MMI::DriverParameter::SYNTEC::P17-48" Content="历来警报ID" />
	<Message ID="MMI::DriverParameter::SYNTEC::P17-49" Content="历来警报时间" />
	<Message ID="MMI::DriverParameter::SYNTEC::P17-50" Content="历来警报ID" />
	<Message ID="MMI::DriverParameter::SYNTEC::P17-51" Content="历来警报时间" />
	<Message ID="MMI::DriverParameter::SYNTEC::P17-52" Content="历来警报ID" />
	<Message ID="MMI::DriverParameter::SYNTEC::P17-53" Content="历来警报时间" />
	<Message ID="MMI::DriverParameter::SYNTEC::P17-54" Content="历来警报ID" />
	<Message ID="MMI::DriverParameter::SYNTEC::P17-55" Content="历来警报时间" />
	<Message ID="MMI::DriverParameter::SYNTEC::P17-56" Content="历来警报ID" />
	<Message ID="MMI::DriverParameter::SYNTEC::P17-57" Content="历来警报时间" />
	<Message ID="MMI::DriverParameter::SYNTEC::P17-58" Content="历来警报ID" />
	<Message ID="MMI::DriverParameter::SYNTEC::P17-59" Content="历来警报时间" />
	<Message ID="MMI::DriverParameter::SYNTEC::P17-60" Content="历来警报ID" />
	<Message ID="MMI::DriverParameter::SYNTEC::P17-61" Content="历来警报时间" />
	<Message ID="MMI::DriverParameter::SYNTEC::P17-62" Content="历来警报ID" />
	<Message ID="MMI::DriverParameter::SYNTEC::P17-63" Content="历来警报时间" />
	<Message ID="MMI::DriverParameter::SYNTEC::P17-64" Content="历来警报ID" />
	<Message ID="MMI::DriverParameter::SYNTEC::P17-65" Content="历来警报时间" />
	<Message ID="MMI::DriverParameter::SYNTEC::P17-66" Content="历来警报ID" />
	<Message ID="MMI::DriverParameter::SYNTEC::P17-67" Content="历来警报时间" />
	<Message ID="MMI::DriverParameter::SYNTEC::P17-68" Content="历来警报ID" />
	<Message ID="MMI::DriverParameter::SYNTEC::P17-69" Content="历来警报时间" />
	
	<Message ID="MMI::DriverParameter::SYNTEC::Fn" Content="辅助功能" />
	<Message ID="MMI::DriverParameter::SYNTEC::Fn-00" Content="辅助功能启动-停止" />
	<Message ID="MMI::DriverParameter::SYNTEC::Fn-01" Content="JOG方向" />
	<Message ID="MMI::DriverParameter::SYNTEC::Fn-02" Content="JOG速度" />
	<Message ID="MMI::DriverParameter::SYNTEC::Fn-03" Content="JOG模式" />
	<Message ID="MMI::DriverParameter::SYNTEC::Fn-04" Content="行程极限1" />
	<Message ID="MMI::DriverParameter::SYNTEC::Fn-05" Content="行程极限2" />
	<Message ID="MMI::DriverParameter::SYNTEC::Fn-06" Content="Fn-06" />
	<Message ID="MMI::DriverParameter::SYNTEC::Fn-07" Content="Fn-07" />
	<Message ID="MMI::DriverParameter::SYNTEC::Fn-08" Content="Fn-08" />
	<Message ID="MMI::DriverParameter::SYNTEC::Fn-09" Content="Fn-09" />
	<Message ID="MMI::DriverParameter::SYNTEC::Fn-10" Content="调机类型" />
	<Message ID="MMI::DriverParameter::SYNTEC::Fn-11" Content="电机调机类型" />
	<Message ID="MMI::DriverParameter::SYNTEC::Fn-12" Content="生产制造调机类型" />
	<Message ID="MMI::DriverParameter::SYNTEC::Fn-13" Content="研发专用调机类型" />
	<Message ID="MMI::DriverParameter::SYNTEC::Fn-18" Content="调机内定增益比" />
	<Message ID="MMI::DriverParameter::SYNTEC::Fn-20" Content="测试功能类型" />
	<Message ID="MMI::DriverParameter::SYNTEC::Fn-21" Content="Fn-21" />
	<Message ID="MMI::DriverParameter::SYNTEC::Fn-22" Content="测试模式扭力命令" />
	<Message ID="MMI::DriverParameter::SYNTEC::Fn-23" Content="测试模式电压命令" />
	<Message ID="MMI::DriverParameter::SYNTEC::Fn-24" Content="测试模式电流命令" />
	<Message ID="MMI::DriverParameter::SYNTEC::Fn-25" Content="测试模式频率" />
	<Message ID="MMI::DriverParameter::SYNTEC::Fn-26" Content="测试模式打开 SINE/COSINE讯号" />
	<Message ID="MMI::DriverParameter::SYNTEC::Fn-27" Content="测试模式电气角命令" />
	<Message ID="MMI::DriverParameter::SYNTEC::Fn-30" Content="参数永久储存" />
	<Message ID="MMI::DriverParameter::SYNTEC::Fn-31" Content="参数存取密码" />
	<Message ID="MMI::DriverParameter::SYNTEC::Fn-32" Content="警报重置" />
	<Message ID="MMI::DriverParameter::SYNTEC::Fn-33" Content="参数回复功能" />
	<Message ID="MMI::DriverParameter::SYNTEC::Fn-34" Content="*编码器位置遗失警报重置" />
	<Message ID="MMI::DriverParameter::SYNTEC::Fn-50" Content="除错参数 0" />
	<Message ID="MMI::DriverParameter::SYNTEC::Fn-51" Content="除错参数 1" />
	<Message ID="MMI::DriverParameter::SYNTEC::Fn-52" Content="除错参数 2" />
	<Message ID="MMI::DriverParameter::SYNTEC::Fn-53" Content="除错参数 3" />
	<Message ID="MMI::DriverParameter::SYNTEC::Fn-54" Content="除错参数 4" />
	<Message ID="MMI::DriverParameter::SYNTEC::Fn-55" Content="除错参数 5" />
	<Message ID="MMI::DriverParameter::SYNTEC::Fn-56" Content="除错参数 6" />
	<Message ID="MMI::DriverParameter::SYNTEC::Fn-57" Content="除错参数 7" />
	<Message ID="MMI::DriverParameter::SYNTEC::Fn-58" Content="Fn-58" />
	<Message ID="MMI::DriverParameter::SYNTEC::Fn-59" Content="Fn-59" />
	<Message ID="MMI::DriverParameter::SYNTEC::Fn-60" Content="0点软件触发" />
	<Message ID="MMI::DriverParameter::SYNTEC::Fn-96" Content="QC编码器读写位址" />
	<Message ID="MMI::DriverParameter::SYNTEC::Fn-97" Content="QC编码器读写数据" />
	<Message ID="MMI::DriverParameter::SYNTEC::Fn-98" Content="QC编码器读写命令" />
	<Message ID="MMI::DriverParameter::SYNTEC::P30" Content="CoggingTable[0-99]" />
	<Message ID="MMI::DriverParameter::SYNTEC::P30-00" Content="CoggingTable0" />
	<Message ID="MMI::DriverParameter::SYNTEC::P30-01" Content="CoggingTable1" />
	<Message ID="MMI::DriverParameter::SYNTEC::P30-02" Content="CoggingTable2" />
	<Message ID="MMI::DriverParameter::SYNTEC::P30-03" Content="CoggingTable3" />
	<Message ID="MMI::DriverParameter::SYNTEC::P30-04" Content="CoggingTable4" />
	<Message ID="MMI::DriverParameter::SYNTEC::P30-05" Content="CoggingTable5" />
	<Message ID="MMI::DriverParameter::SYNTEC::P30-06" Content="CoggingTable6" />
	<Message ID="MMI::DriverParameter::SYNTEC::P30-07" Content="CoggingTable7" />
	<Message ID="MMI::DriverParameter::SYNTEC::P30-08" Content="CoggingTable8" />
	<Message ID="MMI::DriverParameter::SYNTEC::P30-09" Content="CoggingTable9" />
	<Message ID="MMI::DriverParameter::SYNTEC::P30-10" Content="CoggingTable10" />
	<Message ID="MMI::DriverParameter::SYNTEC::P30-11" Content="CoggingTable11" />
	<Message ID="MMI::DriverParameter::SYNTEC::P30-12" Content="CoggingTable12" />
	<Message ID="MMI::DriverParameter::SYNTEC::P30-13" Content="CoggingTable13" />
	<Message ID="MMI::DriverParameter::SYNTEC::P30-14" Content="CoggingTable14" />
	<Message ID="MMI::DriverParameter::SYNTEC::P30-15" Content="CoggingTable15" />
	<Message ID="MMI::DriverParameter::SYNTEC::P30-16" Content="CoggingTable16" />
	<Message ID="MMI::DriverParameter::SYNTEC::P30-17" Content="CoggingTable17" />
	<Message ID="MMI::DriverParameter::SYNTEC::P30-18" Content="CoggingTable18" />
	<Message ID="MMI::DriverParameter::SYNTEC::P30-19" Content="CoggingTable19" />
	<Message ID="MMI::DriverParameter::SYNTEC::P30-20" Content="CoggingTable20" />
	<Message ID="MMI::DriverParameter::SYNTEC::P30-21" Content="CoggingTable21" />
	<Message ID="MMI::DriverParameter::SYNTEC::P30-22" Content="CoggingTable22" />
	<Message ID="MMI::DriverParameter::SYNTEC::P30-23" Content="CoggingTable23" />
	<Message ID="MMI::DriverParameter::SYNTEC::P30-24" Content="CoggingTable24" />
	<Message ID="MMI::DriverParameter::SYNTEC::P30-25" Content="CoggingTable25" />
	<Message ID="MMI::DriverParameter::SYNTEC::P30-26" Content="CoggingTable26" />
	<Message ID="MMI::DriverParameter::SYNTEC::P30-27" Content="CoggingTable27" />
	<Message ID="MMI::DriverParameter::SYNTEC::P30-28" Content="CoggingTable28" />
	<Message ID="MMI::DriverParameter::SYNTEC::P30-29" Content="CoggingTable29" />
	<Message ID="MMI::DriverParameter::SYNTEC::P30-30" Content="CoggingTable30" />
	<Message ID="MMI::DriverParameter::SYNTEC::P30-31" Content="CoggingTable31" />
	<Message ID="MMI::DriverParameter::SYNTEC::P30-32" Content="CoggingTable32" />
	<Message ID="MMI::DriverParameter::SYNTEC::P30-33" Content="CoggingTable33" />
	<Message ID="MMI::DriverParameter::SYNTEC::P30-34" Content="CoggingTable34" />
	<Message ID="MMI::DriverParameter::SYNTEC::P30-35" Content="CoggingTable35" />
	<Message ID="MMI::DriverParameter::SYNTEC::P30-36" Content="CoggingTable36" />
	<Message ID="MMI::DriverParameter::SYNTEC::P30-37" Content="CoggingTable37" />
	<Message ID="MMI::DriverParameter::SYNTEC::P30-38" Content="CoggingTable38" />
	<Message ID="MMI::DriverParameter::SYNTEC::P30-39" Content="CoggingTable39" />
	<Message ID="MMI::DriverParameter::SYNTEC::P30-40" Content="CoggingTable40" />
	<Message ID="MMI::DriverParameter::SYNTEC::P30-41" Content="CoggingTable41" />
	<Message ID="MMI::DriverParameter::SYNTEC::P30-42" Content="CoggingTable42" />
	<Message ID="MMI::DriverParameter::SYNTEC::P30-43" Content="CoggingTable43" />
	<Message ID="MMI::DriverParameter::SYNTEC::P30-44" Content="CoggingTable44" />
	<Message ID="MMI::DriverParameter::SYNTEC::P30-45" Content="CoggingTable45" />
	<Message ID="MMI::DriverParameter::SYNTEC::P30-46" Content="CoggingTable46" />
	<Message ID="MMI::DriverParameter::SYNTEC::P30-47" Content="CoggingTable47" />
	<Message ID="MMI::DriverParameter::SYNTEC::P30-48" Content="CoggingTable48" />
	<Message ID="MMI::DriverParameter::SYNTEC::P30-49" Content="CoggingTable49" />
	<Message ID="MMI::DriverParameter::SYNTEC::P30-50" Content="CoggingTable50" />
	<Message ID="MMI::DriverParameter::SYNTEC::P30-51" Content="CoggingTable51" />
	<Message ID="MMI::DriverParameter::SYNTEC::P30-52" Content="CoggingTable52" />
	<Message ID="MMI::DriverParameter::SYNTEC::P30-53" Content="CoggingTable53" />
	<Message ID="MMI::DriverParameter::SYNTEC::P30-54" Content="CoggingTable54" />
	<Message ID="MMI::DriverParameter::SYNTEC::P30-55" Content="CoggingTable55" />
	<Message ID="MMI::DriverParameter::SYNTEC::P30-56" Content="CoggingTable56" />
	<Message ID="MMI::DriverParameter::SYNTEC::P30-57" Content="CoggingTable57" />
	<Message ID="MMI::DriverParameter::SYNTEC::P30-58" Content="CoggingTable58" />
	<Message ID="MMI::DriverParameter::SYNTEC::P30-59" Content="CoggingTable59" />
	<Message ID="MMI::DriverParameter::SYNTEC::P30-60" Content="CoggingTable60" />
	<Message ID="MMI::DriverParameter::SYNTEC::P30-61" Content="CoggingTable61" />
	<Message ID="MMI::DriverParameter::SYNTEC::P30-62" Content="CoggingTable62" />
	<Message ID="MMI::DriverParameter::SYNTEC::P30-63" Content="CoggingTable63" />
	<Message ID="MMI::DriverParameter::SYNTEC::P30-64" Content="CoggingTable64" />
	<Message ID="MMI::DriverParameter::SYNTEC::P30-65" Content="CoggingTable65" />
	<Message ID="MMI::DriverParameter::SYNTEC::P30-66" Content="CoggingTable66" />
	<Message ID="MMI::DriverParameter::SYNTEC::P30-67" Content="CoggingTable67" />
	<Message ID="MMI::DriverParameter::SYNTEC::P30-68" Content="CoggingTable68" />
	<Message ID="MMI::DriverParameter::SYNTEC::P30-69" Content="CoggingTable69" />
	<Message ID="MMI::DriverParameter::SYNTEC::P30-70" Content="CoggingTable70" />
	<Message ID="MMI::DriverParameter::SYNTEC::P30-71" Content="CoggingTable71" />
	<Message ID="MMI::DriverParameter::SYNTEC::P30-72" Content="CoggingTable72" />
	<Message ID="MMI::DriverParameter::SYNTEC::P30-73" Content="CoggingTable73" />
	<Message ID="MMI::DriverParameter::SYNTEC::P30-74" Content="CoggingTable74" />
	<Message ID="MMI::DriverParameter::SYNTEC::P30-75" Content="CoggingTable75" />
	<Message ID="MMI::DriverParameter::SYNTEC::P30-76" Content="CoggingTable76" />
	<Message ID="MMI::DriverParameter::SYNTEC::P30-77" Content="CoggingTable77" />
	<Message ID="MMI::DriverParameter::SYNTEC::P30-78" Content="CoggingTable78" />
	<Message ID="MMI::DriverParameter::SYNTEC::P30-79" Content="CoggingTable79" />
	<Message ID="MMI::DriverParameter::SYNTEC::P30-80" Content="CoggingTable80" />
	<Message ID="MMI::DriverParameter::SYNTEC::P30-81" Content="CoggingTable81" />
	<Message ID="MMI::DriverParameter::SYNTEC::P30-82" Content="CoggingTable82" />
	<Message ID="MMI::DriverParameter::SYNTEC::P30-83" Content="CoggingTable83" />
	<Message ID="MMI::DriverParameter::SYNTEC::P30-84" Content="CoggingTable84" />
	<Message ID="MMI::DriverParameter::SYNTEC::P30-85" Content="CoggingTable85" />
	<Message ID="MMI::DriverParameter::SYNTEC::P30-86" Content="CoggingTable86" />
	<Message ID="MMI::DriverParameter::SYNTEC::P30-87" Content="CoggingTable87" />
	<Message ID="MMI::DriverParameter::SYNTEC::P30-88" Content="CoggingTable88" />
	<Message ID="MMI::DriverParameter::SYNTEC::P30-89" Content="CoggingTable89" />
	<Message ID="MMI::DriverParameter::SYNTEC::P30-90" Content="CoggingTable90" />
	<Message ID="MMI::DriverParameter::SYNTEC::P30-91" Content="CoggingTable91" />
	<Message ID="MMI::DriverParameter::SYNTEC::P30-92" Content="CoggingTable92" />
	<Message ID="MMI::DriverParameter::SYNTEC::P30-93" Content="CoggingTable93" />
	<Message ID="MMI::DriverParameter::SYNTEC::P30-94" Content="CoggingTable94" />
	<Message ID="MMI::DriverParameter::SYNTEC::P30-95" Content="CoggingTable95" />
	<Message ID="MMI::DriverParameter::SYNTEC::P30-96" Content="CoggingTable96" />
	<Message ID="MMI::DriverParameter::SYNTEC::P30-97" Content="CoggingTable97" />
	<Message ID="MMI::DriverParameter::SYNTEC::P30-98" Content="CoggingTable98" />
	<Message ID="MMI::DriverParameter::SYNTEC::P30-99" Content="CoggingTable99" />
	<Message ID="MMI::DriverParameter::SYNTEC::P31" Content="CoggingTable[100-199]" />
	<Message ID="MMI::DriverParameter::SYNTEC::P31-00" Content="CoggingTable100" />
	<Message ID="MMI::DriverParameter::SYNTEC::P31-01" Content="CoggingTable101" />
	<Message ID="MMI::DriverParameter::SYNTEC::P31-02" Content="CoggingTable102" />
	<Message ID="MMI::DriverParameter::SYNTEC::P31-03" Content="CoggingTable103" />
	<Message ID="MMI::DriverParameter::SYNTEC::P31-04" Content="CoggingTable104" />
	<Message ID="MMI::DriverParameter::SYNTEC::P31-05" Content="CoggingTable105" />
	<Message ID="MMI::DriverParameter::SYNTEC::P31-06" Content="CoggingTable106" />
	<Message ID="MMI::DriverParameter::SYNTEC::P31-07" Content="CoggingTable107" />
	<Message ID="MMI::DriverParameter::SYNTEC::P31-08" Content="CoggingTable108" />
	<Message ID="MMI::DriverParameter::SYNTEC::P31-09" Content="CoggingTable109" />
	<Message ID="MMI::DriverParameter::SYNTEC::P31-10" Content="CoggingTable110" />
	<Message ID="MMI::DriverParameter::SYNTEC::P31-11" Content="CoggingTable111" />
	<Message ID="MMI::DriverParameter::SYNTEC::P31-12" Content="CoggingTable112" />
	<Message ID="MMI::DriverParameter::SYNTEC::P31-13" Content="CoggingTable113" />
	<Message ID="MMI::DriverParameter::SYNTEC::P31-14" Content="CoggingTable114" />
	<Message ID="MMI::DriverParameter::SYNTEC::P31-15" Content="CoggingTable115" />
	<Message ID="MMI::DriverParameter::SYNTEC::P31-16" Content="CoggingTable116" />
	<Message ID="MMI::DriverParameter::SYNTEC::P31-17" Content="CoggingTable117" />
	<Message ID="MMI::DriverParameter::SYNTEC::P31-18" Content="CoggingTable118" />
	<Message ID="MMI::DriverParameter::SYNTEC::P31-19" Content="CoggingTable119" />
	<Message ID="MMI::DriverParameter::SYNTEC::P31-20" Content="CoggingTable120" />
	<Message ID="MMI::DriverParameter::SYNTEC::P31-21" Content="CoggingTable121" />
	<Message ID="MMI::DriverParameter::SYNTEC::P31-22" Content="CoggingTable122" />
	<Message ID="MMI::DriverParameter::SYNTEC::P31-23" Content="CoggingTable123" />
	<Message ID="MMI::DriverParameter::SYNTEC::P31-24" Content="CoggingTable124" />
	<Message ID="MMI::DriverParameter::SYNTEC::P31-25" Content="CoggingTable125" />
	<Message ID="MMI::DriverParameter::SYNTEC::P31-26" Content="CoggingTable126" />
	<Message ID="MMI::DriverParameter::SYNTEC::P31-27" Content="CoggingTable127" />
	<Message ID="MMI::DriverParameter::SYNTEC::P31-28" Content="CoggingTable128" />
	<Message ID="MMI::DriverParameter::SYNTEC::P31-29" Content="CoggingTable129" />
	<Message ID="MMI::DriverParameter::SYNTEC::P31-30" Content="CoggingTable130" />
	<Message ID="MMI::DriverParameter::SYNTEC::P31-31" Content="CoggingTable131" />
	<Message ID="MMI::DriverParameter::SYNTEC::P31-32" Content="CoggingTable132" />
	<Message ID="MMI::DriverParameter::SYNTEC::P31-33" Content="CoggingTable133" />
	<Message ID="MMI::DriverParameter::SYNTEC::P31-34" Content="CoggingTable134" />
	<Message ID="MMI::DriverParameter::SYNTEC::P31-35" Content="CoggingTable135" />
	<Message ID="MMI::DriverParameter::SYNTEC::P31-36" Content="CoggingTable136" />
	<Message ID="MMI::DriverParameter::SYNTEC::P31-37" Content="CoggingTable137" />
	<Message ID="MMI::DriverParameter::SYNTEC::P31-38" Content="CoggingTable138" />
	<Message ID="MMI::DriverParameter::SYNTEC::P31-39" Content="CoggingTable139" />
	<Message ID="MMI::DriverParameter::SYNTEC::P31-40" Content="CoggingTable140" />
	<Message ID="MMI::DriverParameter::SYNTEC::P31-41" Content="CoggingTable141" />
	<Message ID="MMI::DriverParameter::SYNTEC::P31-42" Content="CoggingTable142" />
	<Message ID="MMI::DriverParameter::SYNTEC::P31-43" Content="CoggingTable143" />
	<Message ID="MMI::DriverParameter::SYNTEC::P31-44" Content="CoggingTable144" />
	<Message ID="MMI::DriverParameter::SYNTEC::P31-45" Content="CoggingTable145" />
	<Message ID="MMI::DriverParameter::SYNTEC::P31-46" Content="CoggingTable146" />
	<Message ID="MMI::DriverParameter::SYNTEC::P31-47" Content="CoggingTable147" />
	<Message ID="MMI::DriverParameter::SYNTEC::P31-48" Content="CoggingTable148" />
	<Message ID="MMI::DriverParameter::SYNTEC::P31-49" Content="CoggingTable149" />
	<Message ID="MMI::DriverParameter::SYNTEC::P31-50" Content="CoggingTable150" />
	<Message ID="MMI::DriverParameter::SYNTEC::P31-51" Content="CoggingTable151" />
	<Message ID="MMI::DriverParameter::SYNTEC::P31-52" Content="CoggingTable152" />
	<Message ID="MMI::DriverParameter::SYNTEC::P31-53" Content="CoggingTable153" />
	<Message ID="MMI::DriverParameter::SYNTEC::P31-54" Content="CoggingTable154" />
	<Message ID="MMI::DriverParameter::SYNTEC::P31-55" Content="CoggingTable155" />
	<Message ID="MMI::DriverParameter::SYNTEC::P31-56" Content="CoggingTable156" />
	<Message ID="MMI::DriverParameter::SYNTEC::P31-57" Content="CoggingTable157" />
	<Message ID="MMI::DriverParameter::SYNTEC::P31-58" Content="CoggingTable158" />
	<Message ID="MMI::DriverParameter::SYNTEC::P31-59" Content="CoggingTable159" />
	<Message ID="MMI::DriverParameter::SYNTEC::P31-60" Content="CoggingTable160" />
	<Message ID="MMI::DriverParameter::SYNTEC::P31-61" Content="CoggingTable161" />
	<Message ID="MMI::DriverParameter::SYNTEC::P31-62" Content="CoggingTable162" />
	<Message ID="MMI::DriverParameter::SYNTEC::P31-63" Content="CoggingTable163" />
	<Message ID="MMI::DriverParameter::SYNTEC::P31-64" Content="CoggingTable164" />
	<Message ID="MMI::DriverParameter::SYNTEC::P31-65" Content="CoggingTable165" />
	<Message ID="MMI::DriverParameter::SYNTEC::P31-66" Content="CoggingTable166" />
	<Message ID="MMI::DriverParameter::SYNTEC::P31-67" Content="CoggingTable167" />
	<Message ID="MMI::DriverParameter::SYNTEC::P31-68" Content="CoggingTable168" />
	<Message ID="MMI::DriverParameter::SYNTEC::P31-69" Content="CoggingTable169" />
	<Message ID="MMI::DriverParameter::SYNTEC::P31-70" Content="CoggingTable170" />
	<Message ID="MMI::DriverParameter::SYNTEC::P31-71" Content="CoggingTable171" />
	<Message ID="MMI::DriverParameter::SYNTEC::P31-72" Content="CoggingTable172" />
	<Message ID="MMI::DriverParameter::SYNTEC::P31-73" Content="CoggingTable173" />
	<Message ID="MMI::DriverParameter::SYNTEC::P31-74" Content="CoggingTable174" />
	<Message ID="MMI::DriverParameter::SYNTEC::P31-75" Content="CoggingTable175" />
	<Message ID="MMI::DriverParameter::SYNTEC::P31-76" Content="CoggingTable176" />
	<Message ID="MMI::DriverParameter::SYNTEC::P31-77" Content="CoggingTable177" />
	<Message ID="MMI::DriverParameter::SYNTEC::P31-78" Content="CoggingTable178" />
	<Message ID="MMI::DriverParameter::SYNTEC::P31-79" Content="CoggingTable179" />
	<Message ID="MMI::DriverParameter::SYNTEC::P31-80" Content="CoggingTable180" />
	<Message ID="MMI::DriverParameter::SYNTEC::P31-81" Content="CoggingTable181" />
	<Message ID="MMI::DriverParameter::SYNTEC::P31-82" Content="CoggingTable182" />
	<Message ID="MMI::DriverParameter::SYNTEC::P31-83" Content="CoggingTable183" />
	<Message ID="MMI::DriverParameter::SYNTEC::P31-84" Content="CoggingTable184" />
	<Message ID="MMI::DriverParameter::SYNTEC::P31-85" Content="CoggingTable185" />
	<Message ID="MMI::DriverParameter::SYNTEC::P31-86" Content="CoggingTable186" />
	<Message ID="MMI::DriverParameter::SYNTEC::P31-87" Content="CoggingTable187" />
	<Message ID="MMI::DriverParameter::SYNTEC::P31-88" Content="CoggingTable188" />
	<Message ID="MMI::DriverParameter::SYNTEC::P31-89" Content="CoggingTable189" />
	<Message ID="MMI::DriverParameter::SYNTEC::P31-90" Content="CoggingTable190" />
	<Message ID="MMI::DriverParameter::SYNTEC::P31-91" Content="CoggingTable191" />
	<Message ID="MMI::DriverParameter::SYNTEC::P31-92" Content="CoggingTable192" />
	<Message ID="MMI::DriverParameter::SYNTEC::P31-93" Content="CoggingTable193" />
	<Message ID="MMI::DriverParameter::SYNTEC::P31-94" Content="CoggingTable194" />
	<Message ID="MMI::DriverParameter::SYNTEC::P31-95" Content="CoggingTable195" />
	<Message ID="MMI::DriverParameter::SYNTEC::P31-96" Content="CoggingTable196" />
	<Message ID="MMI::DriverParameter::SYNTEC::P31-97" Content="CoggingTable197" />
	<Message ID="MMI::DriverParameter::SYNTEC::P31-98" Content="CoggingTable198" />
	<Message ID="MMI::DriverParameter::SYNTEC::P31-99" Content="CoggingTable199" />
	<Message ID="MMI::DriverParameter::SYNTEC::P32" Content="CoggingTable[200-255] and OTHER" />
	<Message ID="MMI::DriverParameter::SYNTEC::P32-00" Content="CoggingTable200" />
	<Message ID="MMI::DriverParameter::SYNTEC::P32-01" Content="CoggingTable201" />
	<Message ID="MMI::DriverParameter::SYNTEC::P32-02" Content="CoggingTable202" />
	<Message ID="MMI::DriverParameter::SYNTEC::P32-03" Content="CoggingTable203" />
	<Message ID="MMI::DriverParameter::SYNTEC::P32-04" Content="CoggingTable204" />
	<Message ID="MMI::DriverParameter::SYNTEC::P32-05" Content="CoggingTable205" />
	<Message ID="MMI::DriverParameter::SYNTEC::P32-06" Content="CoggingTable206" />
	<Message ID="MMI::DriverParameter::SYNTEC::P32-07" Content="CoggingTable207" />
	<Message ID="MMI::DriverParameter::SYNTEC::P32-08" Content="CoggingTable208" />
	<Message ID="MMI::DriverParameter::SYNTEC::P32-09" Content="CoggingTable209" />
	<Message ID="MMI::DriverParameter::SYNTEC::P32-10" Content="CoggingTable210" />
	<Message ID="MMI::DriverParameter::SYNTEC::P32-11" Content="CoggingTable211" />
	<Message ID="MMI::DriverParameter::SYNTEC::P32-12" Content="CoggingTable212" />
	<Message ID="MMI::DriverParameter::SYNTEC::P32-13" Content="CoggingTable213" />
	<Message ID="MMI::DriverParameter::SYNTEC::P32-14" Content="CoggingTable214" />
	<Message ID="MMI::DriverParameter::SYNTEC::P32-15" Content="CoggingTable215" />
	<Message ID="MMI::DriverParameter::SYNTEC::P32-16" Content="CoggingTable216" />
	<Message ID="MMI::DriverParameter::SYNTEC::P32-17" Content="CoggingTable217" />
	<Message ID="MMI::DriverParameter::SYNTEC::P32-18" Content="CoggingTable218" />
	<Message ID="MMI::DriverParameter::SYNTEC::P32-19" Content="CoggingTable219" />
	<Message ID="MMI::DriverParameter::SYNTEC::P32-20" Content="CoggingTable220" />
	<Message ID="MMI::DriverParameter::SYNTEC::P32-21" Content="CoggingTable221" />
	<Message ID="MMI::DriverParameter::SYNTEC::P32-22" Content="CoggingTable222" />
	<Message ID="MMI::DriverParameter::SYNTEC::P32-23" Content="CoggingTable223" />
	<Message ID="MMI::DriverParameter::SYNTEC::P32-24" Content="CoggingTable224" />
	<Message ID="MMI::DriverParameter::SYNTEC::P32-25" Content="CoggingTable225" />
	<Message ID="MMI::DriverParameter::SYNTEC::P32-26" Content="CoggingTable226" />
	<Message ID="MMI::DriverParameter::SYNTEC::P32-27" Content="CoggingTable227" />
	<Message ID="MMI::DriverParameter::SYNTEC::P32-28" Content="CoggingTable228" />
	<Message ID="MMI::DriverParameter::SYNTEC::P32-29" Content="CoggingTable229" />
	<Message ID="MMI::DriverParameter::SYNTEC::P32-30" Content="CoggingTable230" />
	<Message ID="MMI::DriverParameter::SYNTEC::P32-31" Content="CoggingTable231" />
	<Message ID="MMI::DriverParameter::SYNTEC::P32-32" Content="CoggingTable232" />
	<Message ID="MMI::DriverParameter::SYNTEC::P32-33" Content="CoggingTable233" />
	<Message ID="MMI::DriverParameter::SYNTEC::P32-34" Content="CoggingTable234" />
	<Message ID="MMI::DriverParameter::SYNTEC::P32-35" Content="CoggingTable235" />
	<Message ID="MMI::DriverParameter::SYNTEC::P32-36" Content="CoggingTable236" />
	<Message ID="MMI::DriverParameter::SYNTEC::P32-37" Content="CoggingTable237" />
	<Message ID="MMI::DriverParameter::SYNTEC::P32-38" Content="CoggingTable238" />
	<Message ID="MMI::DriverParameter::SYNTEC::P32-39" Content="CoggingTable239" />
	<Message ID="MMI::DriverParameter::SYNTEC::P32-40" Content="CoggingTable240" />
	<Message ID="MMI::DriverParameter::SYNTEC::P32-41" Content="CoggingTable241" />
	<Message ID="MMI::DriverParameter::SYNTEC::P32-42" Content="CoggingTable242" />
	<Message ID="MMI::DriverParameter::SYNTEC::P32-43" Content="CoggingTable243" />
	<Message ID="MMI::DriverParameter::SYNTEC::P32-44" Content="CoggingTable244" />
	<Message ID="MMI::DriverParameter::SYNTEC::P32-45" Content="CoggingTable245" />
	<Message ID="MMI::DriverParameter::SYNTEC::P32-46" Content="CoggingTable246" />
	<Message ID="MMI::DriverParameter::SYNTEC::P32-47" Content="CoggingTable247" />
	<Message ID="MMI::DriverParameter::SYNTEC::P32-48" Content="CoggingTable248" />
	<Message ID="MMI::DriverParameter::SYNTEC::P32-49" Content="CoggingTable249" />
	<Message ID="MMI::DriverParameter::SYNTEC::P32-50" Content="CoggingTable250" />
	<Message ID="MMI::DriverParameter::SYNTEC::P32-51" Content="CoggingTable251" />
	<Message ID="MMI::DriverParameter::SYNTEC::P32-52" Content="CoggingTable252" />
	<Message ID="MMI::DriverParameter::SYNTEC::P32-53" Content="CoggingTable253" />
	<Message ID="MMI::DriverParameter::SYNTEC::P32-54" Content="CoggingTable254" />
	<Message ID="MMI::DriverParameter::SYNTEC::P32-55" Content="CoggingTable255" />
	<Message ID="MMI::DriverParameter::SYNTEC::P32-56" Content="ROTORINITPOS_TUNINGDATA_Magnitude" />
	<Message ID="MMI::DriverParameter::SYNTEC::P32-57" Content="ROTORINITPOS_TUNINGDATA_GainTable0" />
	<Message ID="MMI::DriverParameter::SYNTEC::P32-58" Content="ROTORINITPOS_TUNINGDATA_GainTable1" />
	<Message ID="MMI::DriverParameter::SYNTEC::P32-59" Content="ROTORINITPOS_TUNINGDATA_GainTable2" />
	<Message ID="MMI::DriverParameter::SYNTEC::P32-60" Content="ROTORINITPOS_TUNINGDATA_GainTable3" />
	<Message ID="MMI::DriverParameter::SYNTEC::P32-61" Content="ROTORINITPOS_TUNINGDATA_GainTable4" />
	<Message ID="MMI::DriverParameter::SYNTEC::P32-62" Content="ROTORINITPOS_TUNINGDATA_GainTable5" />
	<Message ID="MMI::DriverParameter::SYNTEC::P32-63" Content="ROTORINITPOS_TUNINGDATA_GainTable6" />
	<Message ID="MMI::DriverParameter::SYNTEC::P32-64" Content="ROTORINITPOS_TUNINGDATA_GainTable7" />
	<Message ID="MMI::DriverParameter::SYNTEC::P32-65" Content="ROTORINITPOS_TUNINGDATA_GainTable8" />
	<Message ID="MMI::DriverParameter::SYNTEC::P32-66" Content="ROTORINITPOS_TUNINGDATA_GainTable9" />
	<Message ID="MMI::DriverParameter::SYNTEC::P32-67" Content="ROTORINITPOS_TUNINGDATA_GainTable10" />
	<Message ID="MMI::DriverParameter::SYNTEC::P32-68" Content="ROTORINITPOS_TUNINGDATA_GainTable11" />
	<Message ID="MMI::DriverParameter::SYNTEC::P32-69" Content="ROTORINITPOS_TUNINGDATA_GainTable12" />
	<Message ID="MMI::DriverParameter::SYNTEC::P32-70" Content="ROTORINITPOS_TUNINGDATA_GainTable13" />
	<Message ID="MMI::DriverParameter::SYNTEC::P32-71" Content="ROTORINITPOS_TUNINGDATA_GainTable14" />
	<Message ID="MMI::DriverParameter::SYNTEC::P32-72" Content="ROTORINITPOS_TUNINGDATA_GainTable15" />
	<Message ID="MMI::DriverParameter::SYNTEC::P32-73" Content="ROTORINITPOS_TUNINGDATA_GainTable16" />
	<Message ID="MMI::DriverParameter::SYNTEC::P32-74" Content="ROTORINITPOS_TUNINGDATA_GainTable17" />
	<Message ID="MMI::DriverParameter::SYNTEC::P32-75" Content="ROTORINITPOS_TUNINGDATA_GainTable18" />
	<Message ID="MMI::DriverParameter::SYNTEC::P32-76" Content="ROTORINITPOS_TUNINGDATA_GainTable19" />
	<Message ID="MMI::DriverParameter::SYNTEC::P32-77" Content="ROTORINITPOS_TUNINGDATA_GainTable20" />
	<Message ID="MMI::DriverParameter::SYNTEC::P32-78" Content="ROTORINITPOS_TUNINGDATA_GainTable21" />
	<Message ID="MMI::DriverParameter::SYNTEC::P32-79" Content="ROTORINITPOS_TUNINGDATA_GainTable22" />
	<Message ID="MMI::DriverParameter::SYNTEC::P32-80" Content="ROTORINITPOS_TUNINGDATA_GainTable23" />
	<Message ID="MMI::DriverParameter::SYNTEC::Tunning" Content="功能" />
	<Message ID="MMI::DriverParameter::SYNTEC::Tunning-Type" Content="根据机械元件选择驱动类型" />
</ResMap>
