﻿<?xml version="1.0" encoding="UTF-8"?>
<!--Created by 'eHMI'version2.2.4-->
<ResMap>
  <Message ID="Browser::NetworkSet_2nd::Caption::Lab_IPParamTitle::IPAddressParameter" Content="IP Address Parameter" />
  <Message ID="Browser::NetworkSet_2nd::Caption::Lab_DHCPTitle::IPAddressSetting" Content="IP Address Setting" />
  <Message ID="Browser::NetworkSet_2nd::ItemCaption::Inp_IsEnableDHCP2nd::SpecifyIP" Content="Specify an IP Address" />
  <Message ID="Browser::NetworkSet_2nd::ItemCaption::Inp_IsEnableDHCP2nd::GetByDHCP" Content="Obtain an IP Address via DHCP" />
  <Message ID="Browser::NetworkSet_2nd::Caption::Lab_IPTitle::IPAddress" Content="IP Address" />
  <Message ID="Browser::NetworkSet_2nd::Caption::Lab_NetMaskTitle::SubnetMask" Content="Subnet Mask" />
  <Message ID="Browser::NetworkSet_2nd::Caption::Lab_GatewayTitle::DefGateway" Content="Default Gateway" />
  <Message ID="Browser::NetworkSet_2nd::Caption::Lab_NameServerTitle::NameServerParameter" Content="Name Server Parameter" />
  <Message ID="Browser::NetworkSet_2nd::Caption::Lab_PriDNSTitle::PrimaryDNS" Content="Primary DNS" />
  <Message ID="Browser::NetworkSet_2nd::Caption::Lab_PriWINSTitle::PrimaryWINS" Content="Primary WINS" />
  <Message ID="Browser::NetworkSet_2nd::Caption::Label1::prepage" Content="Set 1st post (press pageup)" />
  <Message ID="Browser::NetworkSet_2nd::Caption::Label2::nextpage" Content="Set remote (press pagedown)" />
</ResMap>