﻿<?xml version="1.0" encoding="UTF-8"?>
<ResMap>
	<!-- ========== Caned Cycle Common Main Menu String Define ===================== -->
	<Message ID="LATHECanCycle:G00" Content="快速定位 (G00)" />
	<Message ID="LATHECanCycle:G01" Content="直线切削 (G01)" />
	<Message ID="LATHECanCycle:Circular" Content="圆弧切削 (G02/G03)" />
	<Message ID="LATHECanCycle:Threading" Content="车牙" />
	<Message ID="LATHECanCycle:Drilling" Content="钻孔" />
	<Message ID="LATHECanCycle:GCodeList" Content="G Code杂项功能" />
	<Message ID="LATHECanCycle:MCodeList" Content="M Code杂项功能" />
	<Message ID="LATHECanCycle:DiameterCut" Content="横向切削循环" />
	<Message ID="LATHECanCycle:FacingCut" Content="端面切削循环" />
	<Message ID="LATHECanCycle:MultiCut" Content="复式切削循环" />
	<Message ID="LATHECanCycle:ToolChange" Content="换刀系统" />

	<!-- ========== Caned Cycle Circular Menu String Define ===================== -->
	<Message ID="LATHECanCycle:G02" Content="顺时针切削 (G02)" />
	<Message ID="LATHECanCycle:G03" Content="逆时针切削 (G03)" />

	<!-- ========== Caned Cycle GCodeList Menu String Define ===================== -->
	<Message ID="LATHECanCycle:G04" Content="暂停 (G04)" />
	<Message ID="LATHECanCycle:G10" Content="可程式资料输入 (G10)" />
	<Message ID="LATHECanCycle:G40" Content="刀具半径补偿消除 (G40)" />
	<Message ID="LATHECanCycle:G41" Content="刀具半径左补偿 (G41)" />
	<Message ID="LATHECanCycle:G42" Content="刀具半径右补偿 (G42)" />
	<Message ID="LATHECanCycle:G70" Content="英制单位加工" />
	<Message ID="LATHECanCycle:G71" Content="公制单位加工" />
	<Message ID="LATHECanCycle:G94" Content="每分钟进给量(mm/min) (G94)" />
	<Message ID="LATHECanCycle:G95" Content="每转进给量(mm/rev) (G95)" />
	<Message ID="LATHECanCycle:G96" Content="等表面切削速度 (G96)" />
	<Message ID="LATHECanCycle:G97" Content="等表面切削速度取消 (G97)" />
	<Message ID="LATHECanCycle:G98" Content="复归到初始点 (G98)" />
	<Message ID="LATHECanCycle:G99" Content="复归到 R点 (G99)" />
	<Message ID="LATHECanCycle:M98" Content="呼叫副程式 (M98)" />
	<Message ID="LATHECanCycle:M99" Content="副程式返回主程式 (M99)" />

	<!-- ========== Caned Cycle MCodeList Menu String Define ===================== -->
	<Message ID="LATHECanCycle:M00" Content="程式暂停 (M00)" />
	<Message ID="LATHECanCycle:M01" Content="选择性程式暂停(M01)" />
	<Message ID="LATHECanCycle:M02" Content="程式终了(M02)" />
	<Message ID="LATHECanCycle:M03" Content="主轴启动(顺时针)(M03)" />
	<Message ID="LATHECanCycle:M04" Content="主轴启动(逆时针)(M04)" />
	<Message ID="LATHECanCycle:M05" Content="主轴关闭 (M05)" />
	<Message ID="LATHECanCycle:M08" Content="加工液开启 (M08)" />
	<Message ID="LATHECanCycle:M09" Content="加工液关闭 (M09)" />
	<Message ID="LATHECanCycle:M10" Content="夹爪夹紧 (M10)" />
	<Message ID="LATHECanCycle:M11" Content="夹爪放松 (M11)" />
	<Message ID="LATHECanCycle:M13" Content="接料器ON (M13)" />
	<Message ID="LATHECanCycle:M14" Content="接料器OFF (M14)" />
	<Message ID="LATHECanCycle:M15" Content="排屑机ON (M15)" />
	<Message ID="LATHECanCycle:M16" Content="排屑机OFF (M16)" />
	<Message ID="LATHECanCycle:M17" Content="外接讯号ON (M17)" />
	<Message ID="LATHECanCycle:M18" Content="外接讯号OFF (M18)" />
	<Message ID="LATHECanCycle:M19" Content="主轴定位 (M19)" />
	<Message ID="LATHECanCycle:M20" Content="送料机进料ON (M20)" />
	<Message ID="LATHECanCycle:M21" Content="送料机进料OFF (M21)" />
	<Message ID="LATHECanCycle:M50" Content="C轴运动ON (M50)" />
	<Message ID="LATHECanCycle:M51" Content="C轴运动OFF (M51)" />
	<Message ID="LATHECanCycle:M30" Content="程式终了，回复到起点 (M30)" />
	
	<!-- ========== Caned Cycle Threading Menu String Define ===================== -->
	<Message ID="LATHECanCycle:G21" Content="螺纹切削循环" />
	<Message ID="LATHECanCycle:G33" Content="螺牙切削" />
	<Message ID="LATHECanCycle:G78" Content="复合螺纹切削循环" />
	
	<!-- ========== Caned Cycle Drilling Menu String Define ===================== -->
	<Message ID="LATHECanCycle:G80" Content="钻孔循环取消" />
	<Message ID="LATHECanCycle:G83" Content="端面钻孔循环" />
	<Message ID="LATHECanCycle:G84" Content="端面攻牙循环" />
	<Message ID="LATHECanCycle:G85" Content="端面鑚孔循环" />
	<Message ID="LATHECanCycle:G87" Content="侧面钻孔循环" />
	<Message ID="LATHECanCycle:G88" Content="侧面攻牙循环" />
	<Message ID="LATHECanCycle:G89" Content="侧面搪孔循环" />
	
	<!-- ========== Caned Cycle Facing Menu String Define ===================== -->
	<Message ID="LATHECanCycle:G20" Content="横向固定切削循环" />
	<Message ID="LATHECanCycle:G77" Content="横向啄式切削循环" />
	
	<!-- ========== Caned Cycle Pocketing Menu String Define ===================== -->
	<Message ID="LATHECanCycle:G24" Content="端面切削循环" />
	<Message ID="LATHECanCycle:G76" Content="端面啄式切削循环" />
	
	<!-- ========== Caned Cycle Pattern Position Menu String Define ===================== -->
	<Message ID="LATHECanCycle:G72" Content="精车削循环" />
	<Message ID="LATHECanCycle:G73" Content="复式横向加工循环" />
	<Message ID="LATHECanCycle:G74" Content="复式纵向加工循环" />
	<Message ID="LATHECanCycle:G75" Content="复式轮廓粗车循环" />
	
	<!-- ========== G00 String Define ===================== -->
	<Message ID="Browser::G00::Caption::X_End" Content="X 轴终点" />
	<Message ID="Browser::G00::Caption::Y_End" Content="Y 轴终点" />
	<Message ID="Browser::G00::Caption::Z_End" Content="Z 轴终点" />
	<Message ID="Browser::G00::Caption::Abs_X" Content="绝对(X)" />
	<Message ID="Browser::G00::Caption::Abs_Y" Content="绝对(Y)" />
	<Message ID="Browser::G00::Caption::Abs_Z" Content="绝对(Z)" />
	<Message ID="Browser::G00::Caption::Inc_U" Content="增量(U)" />
	<Message ID="Browser::G00::Caption::Inc_V" Content="增量(V)" />
	<Message ID="Browser::G00::Caption::Inc_W" Content="增量(W)" />
	<Message ID="Browser::G00::Caption::Lab_LineNo::LineNo" Content="行号(N)" />
	<Message ID="Browser::G00::HintLabel::Inc_U" Content="终点坐标增量值U" />
	<Message ID="Browser::G00::HintLabel::Inc_V" Content="终点坐标增量值V" />
	<Message ID="Browser::G00::HintLabel::Inc_W" Content="终点坐标增量值W" />
	<Message ID="Browser::G00::HintLabel::Inp_LineNo::LineNo_N" Content="程序行号N" />

	<!-- ========== G01 String Define ===================== -->
	<Message ID="G01::ChamferTitle" Content="转角倒角" />
	<Message ID="G01::Chamfer_C" Content="直线(C)" />
	<Message ID="G01_Hint::Chamfer_C" Content="在下一段加工路径中，自动插入长度 C 的直线倒角" />
	<Message ID="G01::Radius_R" Content="圆角(R)" />
	<Message ID="G01_Hint::Radius_R" Content="在下一段加工路径中，自动插入半径 R 的圆弧倒角" />
	<Message ID="Browser::G01::Caption::Lab_Angle_A::Angle_A" Content="直线角度(A)" />
    <Message ID="Browser::G01::HintLabel::Inp_AngleA::Angle_A" Content="直线角度" />
	<Message ID="Browser::G01::Caption::X_End" Content="X 轴终点" />
	<Message ID="Browser::G01::Caption::Y_End" Content="Y 轴终点" />
	<Message ID="Browser::G01::Caption::Z_End" Content="Z 轴终点" />
	<Message ID="Browser::G01::Caption::Abs_X" Content="绝对(X)" />
	<Message ID="Browser::G01::Caption::Abs_Y" Content="绝对(Y)" />
	<Message ID="Browser::G01::Caption::Abs_Z" Content="绝对(Z)" />
	<Message ID="Browser::G01::Caption::Inc_U" Content="增量(U)" />
	<Message ID="Browser::G01::Caption::Inc_V" Content="增量(V)" />
	<Message ID="Browser::G01::Caption::Inc_W" Content="增量(W)" />
	<Message ID="Browser::G01::Caption::LineNo" Content="程序行号N" />
	<Message ID="Browser::G01::HintLabel::Inc_U" Content="终点坐标增量值U" />
	<Message ID="Browser::G01::HintLabel::Inc_V" Content="终点坐标增量值V" />
	<Message ID="Browser::G01::HintLabel::Inc_W" Content="终点坐标增量值W" />
	<Message ID="Browser::G01::HintLabel::LineNo" Content="程序行号" />
	
	<!-- ========== G02/G03 String Define ===================== -->
	<Message ID="Browser::G02G03::Caption::Lab_LineNo::LineNo" Content="程序行号N" />
	<Message ID="Browser::G02G03::HintLabel::Inp_LineNo::LineNo" Content="程序行号N" />
	<Message ID="Browser::G02G03::Caption::CenterVector" Content="圆心向量" />
	<Message ID="Browser::G02G03::Caption::XAxisI" Content="X轴(I)" />
	<Message ID="Browser::G02G03::Caption::YAxisJ" Content="Y轴(J)" />
	<Message ID="Browser::G02G03::Caption::Chamfer" Content="转角倒角" />
	<Message ID="Browser::G02G03::Caption::Radius" Content="圆角(R)" />
	<Message ID="Browser::G02G03::HintLabel::XAxisI" Content="圆心相对于原弧起点在X方向之距离半径量" />
	<Message ID="Browser::G02G03::HintLabel::YAxisJ" Content="圆心相对于原弧起点在Y方向之距离半径量" />
	<Message ID="Browser::G02G03::HintLabel::Radius" Content="在下一段加工路径中，自动插入半径 R 的圆弧倒角" />	
	<Message ID="Browser::G02G03::Caption::X_End" Content="X 轴终点" />
	<Message ID="Browser::G02G03::Caption::Y_End" Content="Y 轴终点" />
	<Message ID="Browser::G02G03::Caption::Z_End" Content="Z 轴终点" />
	<Message ID="Browser::G02G03::Caption::Abs_X" Content="绝对(X)" />
	<Message ID="Browser::G02G03::Caption::Abs_Y" Content="绝对(Y)" />
	<Message ID="Browser::G02G03::Caption::Abs_Z" Content="绝对(Z)" />
	<Message ID="Browser::G02G03::Caption::Inc_U" Content="增量(U)" />
	<Message ID="Browser::G02G03::Caption::Inc_V" Content="增量(V)" />
	<Message ID="Browser::G02G03::Caption::Inc_W" Content="增量(W)" />
	<Message ID="Browser::G02G03::HintLabel::Inc_U" Content="终点坐标增量值U" />
	<Message ID="Browser::G02G03::HintLabel::Inc_V" Content="终点坐标增量值V" />
	<Message ID="Browser::G02G03::HintLabel::Inc_W" Content="终点坐标增量值W" />

	<!-- ========== G04 String Define ===================== -->
	<Message ID="Browser::G04::Caption::Dwell_Time" Content="暂停时间(X)" />
	<Message ID="Browser::G04::HintLabel::Dwell_time_X" Content="暂停时间以秒为单位" />
	<Message ID="Browser::G04::Caption::LineNo" Content="行号:" />
	<Message ID="Browser::G04::Caption::G04_Title" Content="暂停(G04)" />

	<!-- ========== G10 String Define ===================== -->
	<Message ID="Browser::G10::Caption::Record_NO_P" Content="刀具补正号码(P)" />
	<Message ID="Browser::G10::Caption::Record_Value_R" Content="刀具补正值(R)" />
	<Message ID="Browser::G10::Caption::Data_Type_L" Content="补正量选择(L)" />
	<Message ID="Browser::G10::HintLabel::Data_Type_L" Content="10长几何量11长磨耗量12径几何量13径磨耗量" />
	<Message ID="Browser::G10::Caption::LineNo" Content="行号:" />
	<Message ID="Browser::G10::Caption::G10_Title" Content="可程式资料输入(G10)" />	
	<Message ID="Browser::G10::HintLabel::Record_Value_R" Content="刀具补正值" />	
	<Message ID="Browser::G10::HintLabel::Record_NO_P" Content="刀具补正号码" />
	
	<!-- ========== G20 String Define ===================== -->
	<Message ID="Browser::G20::Caption::G20_Title" Content="横向固定切削循环" />
	  <Message ID="Browser::G20::Caption::Abs_X" Content="绝对(X)" />
	  <Message ID="Browser::G20::Caption::LineNo" Content="行号:" />
	  <Message ID="Browser::G20::Caption::G_Code_Type" Content="G 码种类  A：G90  B：G77  C：G20" />
	  <Message ID="Browser::G20::Caption::Taper_R" Content="X斜面高度(R)" />
	  <Message ID="Browser::G20::Caption::Inc_U" Content="增量(U)" />
	  <Message ID="Browser::G20::Caption::X_End" Content="X轴终点" />
	  <Message ID="Browser::G20::Caption::Abs_Z" Content="绝对(Z)" />
	  <Message ID="Browser::G20::Caption::Inc_W" Content="增量(W)" />
	  <Message ID="Browser::G20::Caption::Z_End" Content="Z轴终点" />
	  <Message ID="Browser::G20::Caption::Feedrate_F" Content="进给速率(F)" />
	  <Message ID="Browser::G20::HintLabel::Absolute_X" Content="终点X轴座标值" />
	  <Message ID="Browser::G20::HintLabel::Inc_U" Content="终点座标增量值U" />
	  <Message ID="Browser::G20::HintLabel::Abs_Z" Content="终点Z轴座标值" />
	  <Message ID="Browser::G20::HintLabel::Inc_W" Content="终点座标增量值W" />
	  <Message ID="Browser::G20::HintLabel::Taper_R" Content="X方向斜面高度" />
	  <Message ID="Browser::G20::HintLabel::Feedrate_F" Content="进给率" />
	
	<!-- ========== G21 String Define ===================== -->	
	  <Message ID="Browser::G21::Caption::Pitch Lead_L" Content="螺纹导程(L)" />
	  <Message ID="Browser::G21::Caption::Z_End" Content="Z轴终点" />
	  <Message ID="Browser::G21::Caption::X_End" Content="X轴终点" />
	  <Message ID="Browser::G21::Caption::Abs_X" Content="绝对(X)" />
	  <Message ID="Browser::G21::Caption::LineNo" Content="行号:" />
	  <Message ID="Browser::G21::HintLabel::Absolute_X" Content="终点X轴座标值" />
	  <Message ID="Browser::G21::Caption::Taper_R" Content="X斜面高度(R)" />
	  <Message ID="Browser::G21::Caption::G_Code_Type" Content="G 码种类  A：G92  B：G78  C：G21" />
	  <Message ID="Browser::G21::HintLabel::Inc_U" Content="终点座标增量值U" />
	  <Message ID="Browser::G21::Caption::Inc_U" Content="增量(U)" />
	  <Message ID="Browser::G21::HintLabel::Abs_Z" Content="终点Z轴座标值" />
	  <Message ID="Browser::G21::HintLabel::Inc_W" Content="终点座标增量值W" />
	  <Message ID="Browser::G21::HintLabel::Taper_R" Content="X方向斜面高度" />
	  <Message ID="Browser::G21::Caption::Speed_S" Content="主轴转速(S)" />
	  <Message ID="Browser::G21::HintLabel::Speed_S" Content="主轴转速" />
	  <Message ID="Browser::G21::HintLabel::Lead_L" Content="公制螺纹导程(mm/牙)" />
	  <Message ID="Browser::G21::HintLabel::Inch" Content="英制螺纹导程(牙/英寸)" />
	  <Message ID="Browser::G21::Caption::Lead" Content="公制(F)" />
	  <Message ID="Browser::G21::Caption::Per Inch_E" Content="英制(E)" />
	  <Message ID="Browser::G21::Caption::G21_Title" Content="螺纹切削循环" />
	  <Message ID="Browser::G21::Caption::Abs_Z" Content="绝对(Z)" />
	  <Message ID="Browser::G21::Caption::Inc_W" Content="增量(W)" />	
	  <Message ID="Browser::G21::Caption::Teeth" Content="多牙嘴个数(H)" />
	
	<!-- ========== G24 String Define ===================== --> 
	  <Message ID="Browser::G24::Caption::Abs_X" Content="绝对(X)" />
	  <Message ID="Browser::G24::Caption::LineNo" Content="行号:" />
	  <Message ID="Browser::G24::Caption::G_Code_Type" Content="G 码种类  A：G94  B：G79  C：G24" />
	  <Message ID="Browser::G24::Caption::Taper_R" Content="X斜面高度(R)" />
	  <Message ID="Browser::G24::Caption::Inc_U" Content="增量(U)" />
	  <Message ID="Browser::G24::Caption::X_End" Content="X轴终点" />
	  <Message ID="Browser::G24::Caption::Abs_Z" Content="绝对(Z)" />
	  <Message ID="Browser::G24::Caption::Inc_W" Content="增量(W)" />
	  <Message ID="Browser::G24::Caption::Z_End" Content="Z轴终点" />
	  <Message ID="Browser::G24::Caption::Feedrate_F" Content="进给速率(F)" />
	  <Message ID="Browser::G24::Caption::G24_Title" Content="端面切削循环" />
	  <Message ID="Browser::G24::HintLabel::Absolute_X" Content="终点X轴座标值" />
	  <Message ID="Browser::G24::HintLabel::Inc_U" Content="终点座标增量值U" />
	  <Message ID="Browser::G24::HintLabel::Abs_Z" Content="终点Z轴座标值" />
	  <Message ID="Browser::G24::HintLabel::Inc_W" Content="终点座标增量值W" />
	  <Message ID="Browser::G24::HintLabel::Taper_R" Content="X方向斜面高度" />
	  <Message ID="Browser::G24::HintLabel::Feedrate_F" Content="进给速率" />
	
	<!-- ========== G33 String Define ===================== -->	
	  <Message ID="Browser::G33::Caption::X_End" Content="X轴终点" />
	  <Message ID="Browser::G33::HintLabel::Absolute_X" Content="终点X轴座标值" />
	  <Message ID="Browser::G33::Caption::Pitch Lead_L" Content="螺纹导程(L)" />
	  <Message ID="Browser::G33::Caption::Z_End" Content="Z轴终点" />
	  <Message ID="Browser::G33::Caption::Abs_X" Content="绝对(X)" />
	  <Message ID="Browser::G33::Caption::LineNo" Content="行号:" />
	  <Message ID="Browser::G33::Caption::Taper_R" Content="X斜面高度(R)" />
	  <Message ID="Browser::G33::Caption::G_Code_Type" Content="G 码种类  A：G32  B：G33  C：G33" />
	  <Message ID="Browser::G33::Caption::Inc_U" Content="增量(U)" />
	  <Message ID="Browser::G33::Caption::Speed_S" Content="主轴转速(S)" />
	  <Message ID="Browser::G33::Caption::Lead" Content="公制(F)" />
	  <Message ID="Browser::G33::Caption::Per Inch_E" Content="英制(E)" />
	  <Message ID="Browser::G33::Caption::G33_Title" Content="螺牙切削" />
	  <Message ID="Browser::G33::Caption::Abs_Z" Content="绝对(Z)" />
	  <Message ID="Browser::G33::Caption::Inc_W" Content="增量(W)" />
	  <Message ID="Browser::G33::HintLabel::Absolute_X" Content="终点X轴座标值" />
	  <Message ID="Browser::G33::HintLabel::Inc_U" Content="终点座标增量值U" />
	  <Message ID="Browser::G33::HintLabel::Abs_Z" Content="终点Z轴座标值" />
	  <Message ID="Browser::G33::HintLabel::Inc_W" Content="终点座标增量值W" />
	  <Message ID="Browser::G33::HintLabel::Taper_R" Content="X方向斜面高度" />
	  <Message ID="Browser::G33::HintLabel::Speed_S" Content="主轴转速" />
	  <Message ID="Browser::G33::HintLabel::Lead_L" Content="公制螺纹导程(mm/牙)" />
	  <Message ID="Browser::G33::HintLabel::Inch" Content="英制螺纹导程(牙/英寸)" />
	
	<!-- ========== G72 String Define ===================== -->		  
	  <Message ID="Browser::G72::Caption::Start BLK NO." Content="循环开始序号(P)" />
	  <Message ID="Browser::G72::HintLabel::Start BLK NO." Content="循环开始序号" />
	  <Message ID="Browser::G72::HintLabel::End BLK NO." Content="循环结束序号" />
	  <Message ID="Browser::G72::Caption::End BLK NO." Content="循环结束序号(Q)" />
	  <Message ID="GG_Code_Type" Content="G 码种类  A：G70  B：G70  C：G72" />
	  <Message ID="Browser::G72::Caption::G72_Title" Content="精车削循环" />
	  <Message ID="Browser::G72::Caption::Label6::LineNo" Content="行号(N)" />
      <Message ID="Browser::G72::HintLabel::Input3::LineNo" Content="行号" />
	  
	<!-- ========== G73 String Define ===================== -->
	  <Message ID="Browser::G73::Caption::X_Allow" Content="X轴预留(U)" />
	  <Message ID="Browser::G73::Caption::Z_Allow" Content="Z轴预留(W)" />
	  <Message ID="Browser::G73::Caption::Residue" Content="精修预留量" />
	  <Message ID="Browser::G73::Caption::Speed_S" Content="主轴转速(S)" />
	  <Message ID="Browser::G73::Caption::X_Allow" Content="X轴预留(U)" />
	  <Message ID="Browser::G73::Caption::Z_Allow" Content="Z轴预留(W)" />
	  <Message ID="Browser::G73::Caption::Cut_Dep&amp;Esc" Content="进给退刀设定" />
	  <Message ID="Browser::G73::Caption::Cut_Dep" Content="X切削量(D)" />
	  <Message ID="Browser::G73::Caption::Escpae_E" Content="X退刀量(E)" />
	  <Message ID="Browser::G73::Caption::Start BLK NO." Content="循环开始序号(P)" />
	  <Message ID="Browser::G73::Caption::Feedrate_F" Content="进给速率(F)" />
	  <Message ID="Browser::G73::Caption::Tool_NO.T" Content="刀具号码(T)" />
	  <Message ID="Browser::G73::Caption::End BLK NO." Content="循环结束序号(Q)" />
	  <Message ID="Browser::G73::Caption::LineNo" Content="行号:" />
	  <Message ID="Browser::G73::Caption::G_Code_Type" Content="G 码种类  A：G71  B：G71  C：G73" />
	  <Message ID="Browser::G73::Caption::G73_Title" Content="复式横向加工循环" />
	  <Message ID="Browser::G73::HintLabel::Start BLK NO." Content="循环开始序号" />
	  <Message ID="Browser::G73::HintLabel::End BLK NO." Content="循环结束序号" />
	  <Message ID="Browser::G73::HintLabel::X_Allow" Content="X轴向的预留量" />
	  <Message ID="Browser::G73::HintLabel::Z_Allow" Content="Z轴向的预留量" />
	  <Message ID="Browser::G73::HintLabel::Depth_of_Cut" Content="X方向每次切削深度,半径指定" />
	  <Message ID="Browser::G73::HintLabel::Esc_Amount" Content="X方向每次退刀量" />
	  <Message ID="Browser::G73::HintLabel::Speed_S" Content="主轴转速" />
	  <Message ID="Browser::G73::HintLabel::Feedrate_F" Content="加工速率" />
	  <Message ID="Browser::G73::HintLabel::Tool_NO." Content="刀具号码" />
	  
	<!-- ========== G74 String Define ===================== -->
	  <Message ID="Browser::G74::Caption::Speed_S" Content="主轴转速(S)" />
	  <Message ID="Browser::G74::Caption::Residue" Content="精修预留量" />
	  <Message ID="Browser::G74::Caption::X_Allow" Content="X轴预留(U)" />
	  <Message ID="Browser::G74::Caption::Z_Allow" Content="Z轴预留(W)" />
	  <Message ID="Browser::G74::Caption::Tool_NO.T" Content="刀具号码(T)" />
	  <Message ID="Browser::G74::Caption::Feedrate_F" Content="进给速率(F)" />
	  <Message ID="Browser::G74::Caption::Start BLK NO." Content="循环开始序号(P)" />
	  <Message ID="Browser::G74::Caption::End BLK NO." Content="循环结束序号(Q)" />
	  <Message ID="Browser::G74::Caption::LineNo" Content="行号:" />
	  <Message ID="Browser::G74::Caption::G_Code_Type" Content="G 码种类  A：G72  B：G72  C：G74" />
	  <Message ID="Browser::G74::Caption::G74_Title" Content="复式纵向加工循环" />
	  <Message ID="Browser::G74::HintLabel::Start BLK NO." Content="循环开始序号" />
	  <Message ID="Browser::G74::HintLabel::End BLK NO." Content="循环结束序号" />
	  <Message ID="Browser::G74::HintLabel::X_Allow" Content="X轴向的预留量" />
	  <Message ID="Browser::G74::HintLabel::Inc_W" Content="终点座标增量值W" />
	  <Message ID="Browser::G74::HintLabel::Tool_NO." Content="刀具号码" />
	  <Message ID="Browser::G74::HintLabel::Speed_S" Content="主轴转速" />
	  <Message ID="Browser::G74::HintLabel::Feedrate_F" Content="加工速率" />
	  
	<!-- ========== G75 String Define ===================== -->
  <Message ID="Browser::G75::Caption::Speed_S" Content="主轴转速(S)" />
  <Message ID="Browser::G75::Caption::Residue" Content="精修预留量" />
  <Message ID="Browser::G75::Caption::X_Allow" Content="X轴预留(U)" />
  <Message ID="Browser::G75::Caption::Z_Allow" Content="Z轴预留(W)" />
  <Message ID="Browser::G75::Caption::Cut_Dep" Content="X方向切削量(I)" />
  <Message ID="Browser::G75::Caption::Escpae_E" Content="Z方向切削量(K)" />
  <Message ID="Browser::G75::Caption::Division" Content="切削次数(D)" />
  <Message ID="Browser::G75::Caption::Tool_NO.T" Content="刀具号码(T)" />
  <Message ID="Browser::G75::Caption::Feedrate_F" Content="进给速率(F)" />
  <Message ID="Browser::G75::HintLabel::Start BLK NO." Content="循环开始序号" />
  <Message ID="Browser::G75::Caption::Start BLK NO." Content="循环开始序号(P)" />
  <Message ID="Browser::G75::HintLabel::End BLK NO." Content="循环结束序号" />
  <Message ID="Browser::G75::Caption::End BLK NO." Content="循环结束序号(Q)" />
  <Message ID="Browser::G75::HintLabel::X_Allow" Content="X轴向的预留量" />
  <Message ID="Browser::G75::HintLabel::Inc_W" Content="终点座标增量值W" />
  <Message ID="Browser::G75::Caption::LineNo" Content="行号:" />
  <Message ID="Browser::G75::HintLabel::Depth_of_Cut" Content="X方向每次切削深度,半径指定" />
  <Message ID="Browser::G75::HintLabel::Division" Content="切削次数" />
  <Message ID="Browser::G75::HintLabel::Tool_NO." Content="刀具号码" />
  <Message ID="Browser::G75::Caption::G_Code_Type" Content="G 码种类  A：G73  B：G73  C：G75" />
  <Message ID="Browser::G75::HintLabel::Z_Relief" Content="Z方向切削量" />
  <Message ID="Browser::G75::HintLabel::Speed_S" Content="主轴转速" />
  <Message ID="Browser::G75::Caption::G75_Title" Content="复式轮廓粗车循环" />
  <Message ID="Browser::G75::HintLabel::Feedrate_F" Content="加工速率" />
	  
	<!-- ========== G76 String Define ===================== -->
	  <Message ID="Browser::G76::Caption::Z_End" Content="Z轴终点" />
	  <Message ID="Browser::G76::Caption::X_End" Content="X轴终点" />
	  <Message ID="Browser::G76::Caption::X_Depth" Content="X轴每次进给量(P)" />
	  <Message ID="Browser::G76::Caption::Z_Depth" Content="Z轴每次进给量(Q)" />
	  <Message ID="Browser::G76::Caption::Relief_Amount" Content="X轴退刀量(R)" />
	  <Message ID="Browser::G76::Caption::Return_Amount" Content="Z轴退刀量(E)" />
	  <Message ID="Browser::G76::Caption::Feedrate_F" Content="进给速率(F)" />
	  <Message ID="Browser::G76::Caption::Abs_X" Content="绝对(X)" />
	  <Message ID="Browser::G76::Caption::Inc_U" Content="增量(U)" />
	  <Message ID="Browser::G76::Caption::LineNo" Content="行号:" />
	  <Message ID="Browser::G76::Caption::G_Code_Type" Content="G 码种类  A：G74  B：G74  C：G76" />
	  <Message ID="Browser::G76::Caption::G76_Title" Content="端面啄式切削循环" />
	  <Message ID="Browser::G76::Caption::Abs_Z" Content="绝对(Z)" />
	  <Message ID="Browser::G76::Caption::Inc_W" Content="增量(W)" />
	  <Message ID="Browser::G76::HintLabel::Absolute_X" Content="终点X轴座标值" />
	  <Message ID="Browser::G76::HintLabel::Inc_U" Content="终点座标增量值U" />
	  <Message ID="Browser::G76::HintLabel::Abs_Z" Content="终点Z轴座标值" />
	  <Message ID="Browser::G76::HintLabel::Inc_W" Content="终点座标增量值W" />
	  <Message ID="Browser::G76::HintLabel::X_Depth" Content="X轴向每次进给量" />
	  <Message ID="Browser::G76::HintLabel::Z_Depth" Content="Z轴向每次进给量" />
	  <Message ID="Browser::G76::HintLabel::Relief_Amount" Content="X轴向的退刀量" />
	  <Message ID="Browser::G76::HintLabel::Return_Amount" Content="Z轴向的退刀量" />
	  <Message ID="Browser::G76::HintLabel::Feedrate_F" Content="进给速率" />

	  <!-- ========== G77 String Define ===================== -->
	  <Message ID="Browser::G77::Caption::Z_End" Content="Z轴终点" />
	  <Message ID="Browser::G77::Caption::X_End" Content="X轴终点" />
	  <Message ID="Browser::G77::Caption::X_Depth" Content="X轴每次进给量(P)" />
	  <Message ID="Browser::G77::Caption::Z_Depth" Content="Z轴每次进给量(Q)" />
	  <Message ID="Browser::G77::Caption::Relief_Amount" Content="X轴退刀量(R)" />
	  <Message ID="Browser::G77::Caption::Return_Amount" Content="Z轴退刀量(E)" />
	  <Message ID="Browser::G77::Caption::Feedrate_F" Content="进给速率(F)" />
	  <Message ID="Browser::G77::HintLabel::Absolute_X" Content="终点X轴座标值" />
	  <Message ID="Browser::G77::Caption::Abs_X" Content="绝对(X)" />
	  <Message ID="Browser::G77::HintLabel::Inc_U" Content="终点座标增量值U" />
	  <Message ID="Browser::G77::Caption::Inc_U" Content="增量(U)" />
	  <Message ID="Browser::G77::HintLabel::Abs_Z" Content="终点Z轴座标值" />
	  <Message ID="Browser::G77::HintLabel::Inc_W" Content="终点座标增量值W" />
	  <Message ID="Browser::G77::Caption::LineNo" Content="行号:" />
	  <Message ID="Browser::G77::HintLabel::X_Depth" Content="X轴向每次进给量" />
	  <Message ID="Browser::G77::Caption::G_Code_Type" Content="G 码种类  A：G75  B：G75  C：G77" />
	  <Message ID="Browser::G77::HintLabel::Z_Depth" Content="Z轴向每次进给量" />
	  <Message ID="Browser::G77::Caption::G77_Title" Content="横向啄式切削循环" />
	  <Message ID="Browser::G77::HintLabel::Relief_Amount" Content="X轴向的退刀量" />
	  <Message ID="Browser::G77::Caption::Abs_Z" Content="绝对(Z)" />
	  <Message ID="Browser::G77::HintLabel::Return_Amount" Content="Z轴向的退刀量" />
	  <Message ID="Browser::G77::Caption::Inc_W" Content="增量(W)" />
	  <Message ID="Browser::G77::HintLabel::Feedrate_F" Content="进给速率" />
	  
	  <!-- ========== G78 String Define ===================== -->
	  <Message ID="Browser::G78::Caption::Z_End" Content="Z轴终点" />
	  <Message ID="Browser::G78::Caption::X_End" Content="X轴终点" />
	  <Message ID="Browser::G78::Caption::Speed_S" Content="主轴转速(S)" />
	  <Message ID="Browser::G78::HintLabel::Absolute_X" Content="终点X轴座标值" />
	  <Message ID="Browser::G78::Caption::Depth_1st" Content="第一刀深度(Q)" />
	  <Message ID="Browser::G78::HintLabel::Inc_U" Content="终点座标增量值U" />
	  <Message ID="Browser::G78::Caption::Height" Content="螺牙高度(P)" />
	  <Message ID="Browser::G78::HintLabel::Abs_Z" Content="终点Z轴座标值" />
	  <Message ID="Browser::G78::Caption::Pitch Lead_L" Content="螺纹导程(L)" />
	  <Message ID="Browser::G78::HintLabel::Inc_W" Content="终点座标增量值W" />
	  <Message ID="Browser::G78::Caption::Taper_R" Content="斜螺牙高(R)" />
	  <Message ID="Browser::G78::Caption::Abs_X" Content="绝对(X)" />
	  <Message ID="Browser::G78::Caption::Inc_U" Content="增量(U)" />
	  <Message ID="Browser::G78::Caption::LineNo" Content="行号:" />
	  <Message ID="Browser::G78::HintLabel::Lead_L" Content="公制螺纹导程(mm/牙)" />
	  <Message ID="Browser::G78::HintLabel::Height" Content="螺牙高度" />
	  <Message ID="Browser::G78::HintLabel::Taper_R" Content="斜螺牙高" />
	  <Message ID="Browser::G78::Caption::Abs_Z" Content="绝对(Z)" />
	  <Message ID="Browser::G78::HintLabel::Inch" Content="英制螺纹导程(牙/英寸)" />
	  <Message ID="Browser::G78::HintLabel::Depth_1st" Content="第一刀深度" />
	  <Message ID="Browser::G78::Caption::Lead" Content="公制(F)" />
	  <Message ID="Browser::G78::Caption::Per Inch_E" Content="英制(E)" />
	  <Message ID="Browser::G78::Caption::G_Code_Type" Content="G 码种类  A：G76  B：G76  C：G78" />
	  <Message ID="Browser::G78::HintLabel::Speed_S" Content="主轴转速" />
	  <Message ID="Browser::G78::Caption::Inc_W" Content="增量(W)" />
	  <Message ID="Browser::G78::Caption::G78_Title" Content="复式螺纹切削循环" />
	  <Message ID="Browser::G78::Caption::Data_Remain" Content="尚有资料▼" />
	  
	<!-- ========== G78_next String Define ===================== -->
	  <Message ID="Browser::G78_next::Caption::Modal_Para" Content="车牙持续参数" />
	  <Message ID="Browser::G78_next::HintLabel::Repetitive_K" Content="精车次数" />
	  <Message ID="Browser::G78_next::Caption::Repetitive_K" Content="精车次数(K)" />
	  <Message ID="Browser::G78_next::Caption::Allowance_B" Content="精车预留(B)" />
	  <Message ID="Browser::G78_next::Caption::Min_Depth_D" Content="最小切削(D)" />
	  <Message ID="Browser::G78_next::Caption::Tip_Ang_A" Content="刀尖角度(A)" />
	  <Message ID="Browser::G78_next::Caption::Chamfer_C" Content="退刀导角(C)" />
	  <Message ID="Browser::G78_next::Caption::LineNo" Content="行号:" />
	  <Message ID="Browser::G78_next::Caption::G_Code_Type" Content="G 码种类  A：G76  B：G76  C：G78" />
	  <Message ID="Browser::G78_next::Caption::G78_Next_Title" Content="复合螺纹切削循环" />
	  <Message ID="Browser::G78_next::Caption::PrePage" Content="上一页▲" />
	  <Message ID="Browser::G78_next::HintLabel::Chamfer_C" Content="退刀导角" />
	  <Message ID="Browser::G78_next::HintLabel::Tip_Ang_A" Content="刀尖角度" />
	  <Message ID="Browser::G78_next::HintLabel::Min_Depth_D" Content="最小切削" />
	  <Message ID="Browser::G78_next::HintLabel::Allowance_B" Content="精车预留" />  
	
		<!-- ========== G83 String Define ===================== -->
	  <Message ID="Browser::G83::Caption::Z_End" Content="Z轴终点" />
	  <Message ID="Browser::G83::Caption::X_End" Content="X轴终点" />
	  <Message ID="Browser::G83::Caption::Dwell_Time_P" Content="孔底暂停时间(P)" />
	  <Message ID="Browser::G83::HintLabel::Absolute_X" Content="终点X轴座标值" />
	  <Message ID="Browser::G83::Caption::R_Level_R" Content="进刀平面(R)" />
	  <Message ID="Browser::G83::Caption::Depth_of_Cut" Content="每次进给深度(Q)" />
	  <Message ID="Browser::G83::HintLabel::Inc_U" Content="终点座标增量值U" />
	  <Message ID="Browser::G83::Caption::Repeat_K" Content="重复次数(K)" />
	  <Message ID="Browser::G83::Caption::Clamp_Code_M" Content="C轴M code(M)" />
	  <Message ID="Browser::G83::Caption::Feedrate_F" Content="进给速率(F)" />
	  <Message ID="Browser::G83::HintLabel::Abs_Z" Content="终点Z轴座标值" />
	  <Message ID="Browser::G83::HintLabel::R_Level_R" Content="初始点到R点的增值量(直径值, 符号无效)" />
	  <Message ID="Browser::G83::HintLabel::Dwell_Time_P" Content="孔底暂停时间(秒)" />
	  <Message ID="Browser::G83::HintLabel::Depth_of_Cut" Content="每次进给深度(半径量, 符号无效)" />
	  <Message ID="Browser::G83::Caption::Speed_S" Content="主轴转速(S)" />
	  <Message ID="Browser::G83::HintLabel::Inc_W" Content="终点座标增量值W" />
	  <Message ID="Browser::G83::Caption::Abs_X" Content="绝对(X)" />
	  <Message ID="Browser::G83::Caption::Inc_U" Content="增量(U)" />
	  <Message ID="Browser::G83::Caption::LineNo" Content="行号:" />
	  <Message ID="Browser::G83::Caption::G83_Title" Content="端面钻孔循环(G83)" />
	  <Message ID="Browser::G83::HintLabel::Speed_S" Content="主轴转速" />
	  <Message ID="Browser::G83::Caption::Abs_Z" Content="绝对(Z)" />
	  <Message ID="Browser::G83::HintLabel::Feedrate_F" Content="加工速率" />
	  <Message ID="Browser::G83::HintLabel::Repeat_K" Content="重复次数" />
	  <Message ID="Browser::G83::HintLabel::Clamp_Code_M" Content="C轴clam的M code, Clamp code加1为Unclamp code" />
	  <Message ID="Browser::G83::Caption::Inc_W" Content="增量(W)" />
	<!-- ========== G84 String Define ===================== -->
	  <Message ID="Browser::G84::Caption::Z_End" Content="Z轴终点" />
	  <Message ID="Browser::G84::Caption::X_End" Content="X轴终点" />
	  <Message ID="Browser::G84::Caption::Dwell_Time_P" Content="孔底暂停时间(P)" />
	  <Message ID="Browser::G84::HintLabel::Absolute_X" Content="终点X轴座标值" />
	  <Message ID="Browser::G84::Caption::R_Level_R" Content="进刀平面(R)" />
	  <Message ID="Browser::G84::Caption::Depth_of_Cut" Content="每次进给深度(Q)" />
	  <Message ID="Browser::G84::HintLabel::Inc_U" Content="终点座标增量值U" />
	  <Message ID="Browser::G84::Caption::Repeat_K" Content="重复次数(K)" />
	  <Message ID="Browser::G84::Caption::Clamp_Code_M" Content="C轴M code(M)" />
	  <Message ID="Browser::G84::Caption::Feedrate_F" Content="进给速率(F)" />
	  <Message ID="Browser::G84::HintLabel::Abs_Z" Content="终点Z轴座标值" />
	  <Message ID="Browser::G84::HintLabel::R_Level_R" Content="初始点到R点的增值量(直径值, 符号无效)" />
	  <Message ID="Browser::G84::HintLabel::Dwell_Time_P" Content="孔底暂停时间(秒)" />
	  <Message ID="Browser::G84::HintLabel::Depth_of_Cut" Content="每次进给深度(半径量, 符号无效)" />
	  <Message ID="Browser::G84::Caption::Speed_S" Content="主轴转速(S)" />
	  <Message ID="Browser::G84::HintLabel::Inc_W" Content="终点座标增量值W" />
	  <Message ID="Browser::G84::Caption::Abs_X" Content="绝对(X)" />
	  <Message ID="Browser::G84::Caption::Inc_U" Content="增量(U)" />
	  <Message ID="Browser::G84::Caption::LineNo" Content="行号:" />
	  <Message ID="Browser::G84::Caption::G84_Title" Content="端面攻牙循环(G84)" />
	  <Message ID="Browser::G84::HintLabel::Speed_S" Content="主轴转速" />
	  <Message ID="Browser::G84::Caption::Abs_Z" Content="绝对(Z)" />
	  <Message ID="Browser::G84::HintLabel::Feedrate_F" Content="加工速率" />
	  <Message ID="Browser::G84::HintLabel::Repeat_K" Content="重复次数" />
	  <Message ID="Browser::G84::HintLabel::Clamp_Code_M" Content="C轴clam的M code, Clamp code加1为Unclamp code" />
	  <Message ID="Browser::G84::Caption::Inc_W" Content="增量(W)" />
	<!-- ========== G85 String Define ===================== -->
	  <Message ID="Browser::G85::Caption::Z_End" Content="Z轴终点" />
	  <Message ID="Browser::G85::Caption::X_End" Content="X轴终点" />
	  <Message ID="Browser::G85::Caption::Dwell_Time_P" Content="孔底暂停时间(P)" />
	  <Message ID="Browser::G85::HintLabel::Absolute_X" Content="终点X轴座标值" />
	  <Message ID="Browser::G85::Caption::R_Level_R" Content="进刀平面(R)" />
	  <Message ID="Browser::G85::Caption::Depth_of_Cut" Content="每次进给深度(Q)" />
	  <Message ID="Browser::G85::HintLabel::Inc_U" Content="终点座标增量值U" />
	  <Message ID="Browser::G85::Caption::Repeat_K" Content="重复次数(K)" />
	  <Message ID="Browser::G85::Caption::Clamp_Code_M" Content="C轴M code(M)" />
	  <Message ID="Browser::G85::Caption::Feedrate_F" Content="进给速率(F)" />
	  <Message ID="Browser::G85::HintLabel::Abs_Z" Content="终点Z轴座标值" />
	  <Message ID="Browser::G85::HintLabel::R_Level_R" Content="初始点到R点的增值量(直径值, 符号无效)" />
	  <Message ID="Browser::G85::HintLabel::Dwell_Time_P" Content="孔底暂停时间(秒)" />
	  <Message ID="Browser::G85::HintLabel::Depth_of_Cut" Content="每次进给深度(半径量, 符号无效)" />
	  <Message ID="Browser::G85::Caption::Speed_S" Content="主轴转速(S)" />
	  <Message ID="Browser::G85::HintLabel::Inc_W" Content="终点座标增量值W" />
	  <Message ID="Browser::G85::Caption::Abs_X" Content="绝对(X)" />
	  <Message ID="Browser::G85::Caption::Inc_U" Content="增量(U)" />
	  <Message ID="Browser::G85::Caption::LineNo" Content="行号:" />
	  <Message ID="Browser::G85::Caption::G85_Title" Content="端面鑚孔循环(G85)" />
	  <Message ID="Browser::G85::HintLabel::Speed_S" Content="主轴转速" />
	  <Message ID="Browser::G85::Caption::Abs_Z" Content="绝对(Z)" />
	  <Message ID="Browser::G85::HintLabel::Feedrate_F" Content="加工速率" />
	  <Message ID="Browser::G85::HintLabel::Repeat_K" Content="重复次数" />
	  <Message ID="Browser::G85::HintLabel::Clamp_Code_M" Content="C轴clam的M code, Clamp code加1为Unclamp code" />
	  <Message ID="Browser::G85::Caption::Inc_W" Content="增量(W)" />
	 
	<!-- ========== G87 String Define ===================== --> 
	  <Message ID="Browser::G87::Caption::Z_End" Content="Z轴终点" />
	  <Message ID="Browser::G87::Caption::X_End" Content="X轴终点" />
	  <Message ID="Browser::G87::Caption::Dwell_Time_P" Content="孔底暂停时间(P)" />
	  <Message ID="Browser::G87::HintLabel::Absolute_X" Content="终点X轴座标值" />
	  <Message ID="Browser::G87::Caption::R_Level_R" Content="进刀平面(R)" />
	  <Message ID="Browser::G87::Caption::Depth_of_Cut" Content="每次进给深度(Q)" />
	  <Message ID="Browser::G87::HintLabel::Inc_U" Content="终点座标增量值U" />
	  <Message ID="Browser::G87::Caption::Repeat_K" Content="重复次数(K)" />
	  <Message ID="Browser::G87::Caption::Clamp_Code_M" Content="C轴M code(M)" />
	  <Message ID="Browser::G87::Caption::Feedrate_F" Content="进给速率(F)" />
	  <Message ID="Browser::G87::HintLabel::Abs_Z" Content="终点Z轴座标值" />
	  <Message ID="Browser::G87::HintLabel::R_Level_R" Content="初始点到R点的增值量(直径值, 符号无效)" />
	  <Message ID="Browser::G87::HintLabel::Dwell_Time_P" Content="孔底暂停时间(秒)" />
	  <Message ID="Browser::G87::HintLabel::Depth_of_Cut" Content="每次进给深度(半径量, 符号无效)" />
	  <Message ID="Browser::G87::Caption::Speed_S" Content="主轴转速(S)" />
	  <Message ID="Browser::G87::HintLabel::Inc_W" Content="终点座标增量值W" />
	  <Message ID="Browser::G87::Caption::Abs_X" Content="绝对(X)" />
	  <Message ID="Browser::G87::Caption::Inc_U" Content="增量(U)" />
	  <Message ID="Browser::G87::Caption::LineNo" Content="行号:" />
	  <Message ID="Browser::G87::Caption::G87_Title" Content="侧面钻孔循环(G87)" />
	  <Message ID="Browser::G87::HintLabel::Speed_S" Content="主轴转速" />
	  <Message ID="Browser::G87::Caption::Abs_Z" Content="绝对(Z)" />
	  <Message ID="Browser::G87::HintLabel::Feedrate_F" Content="加工速率" />
	  <Message ID="Browser::G87::HintLabel::Repeat_K" Content="重复次数" />
	  <Message ID="Browser::G87::HintLabel::Clamp_Code_M" Content="C轴clam的M code, Clamp code加1为Unclamp code" />
	  <Message ID="Browser::G87::Caption::Inc_W" Content="增量(W)" />

	<!-- ========== G88 String Define ===================== --> 
	  <Message ID="Browser::G88::Caption::Z_End" Content="Z轴终点" />
	  <Message ID="Browser::G88::Caption::X_End" Content="X轴终点" />
	  <Message ID="Browser::G88::Caption::Dwell_Time_P" Content="孔底暂停时间(P)" />
	  <Message ID="Browser::G88::HintLabel::Absolute_X" Content="终点X轴座标值" />
	  <Message ID="Browser::G88::Caption::R_Level_R" Content="进刀平面(R)" />
	  <Message ID="Browser::G88::Caption::Depth_of_Cut" Content="每次进给深度(Q)" />
	  <Message ID="Browser::G88::HintLabel::Inc_U" Content="终点座标增量值U" />
	  <Message ID="Browser::G88::Caption::Repeat_K" Content="重复次数(K)" />
	  <Message ID="Browser::G88::Caption::Clamp_Code_M" Content="C轴M code(M)" />
	  <Message ID="Browser::G88::Caption::Feedrate_F" Content="进给速率(F)" />
	  <Message ID="Browser::G88::HintLabel::Abs_Z" Content="终点Z轴座标值" />
	  <Message ID="Browser::G88::HintLabel::R_Level_R" Content="初始点到R点的增值量(直径值, 符号无效)" />
	  <Message ID="Browser::G88::HintLabel::Dwell_Time_P" Content="孔底暂停时间(秒)" />
	  <Message ID="Browser::G88::HintLabel::Depth_of_Cut" Content="每次进给深度(半径量, 符号无效)" />
	  <Message ID="Browser::G88::Caption::Speed_S" Content="主轴转速(S)" />
	  <Message ID="Browser::G88::HintLabel::Inc_W" Content="终点座标增量值W" />
	  <Message ID="Browser::G88::Caption::Abs_X" Content="绝对(X)" />
	  <Message ID="Browser::G88::Caption::Inc_U" Content="增量(U)" />
	  <Message ID="Browser::G88::Caption::LineNo" Content="行号:" />
	  <Message ID="Browser::G88::Caption::G88_Title" Content="侧面攻牙循环(G88)" />
	  <Message ID="Browser::G88::HintLabel::Speed_S" Content="主轴转速" />
	  <Message ID="Browser::G88::Caption::Abs_Z" Content="绝对(Z)" />
	  <Message ID="Browser::G88::HintLabel::Feedrate_F" Content="加工速率" />
	  <Message ID="Browser::G88::HintLabel::Repeat_K" Content="重复次数" />
	  <Message ID="Browser::G88::HintLabel::Clamp_Code_M" Content="C轴clam的M code, Clamp code加1为Unclamp code" />
	  <Message ID="Browser::G88::Caption::Inc_W" Content="增量(W)" />
	  
	  <!-- ========== G89 String Define ===================== -->
	  <Message ID="Browser::G89::Caption::Z_End" Content="Z轴终点" />
	  <Message ID="Browser::G89::Caption::X_End" Content="X轴终点" />
	  <Message ID="Browser::G89::Caption::Dwell_Time_P" Content="孔底暂停时间(P)" />
	  <Message ID="Browser::G89::HintLabel::Absolute_X" Content="终点X轴座标值" />
	  <Message ID="Browser::G89::Caption::R_Level_R" Content="进刀平面(R)" />
	  <Message ID="Browser::G89::Caption::Depth_of_Cut" Content="每次进给深度(Q)" />
	  <Message ID="Browser::G89::HintLabel::Inc_U" Content="终点座标增量值U" />
	  <Message ID="Browser::G89::Caption::Repeat_K" Content="重复次数(K)" />
	  <Message ID="Browser::G89::Caption::Clamp_Code_M" Content="C轴M code(M)" />
	  <Message ID="Browser::G89::Caption::Feedrate_F" Content="进给速率(F)" />
	  <Message ID="Browser::G89::HintLabel::Abs_Z" Content="终点Z轴座标值" />
	  <Message ID="Browser::G89::HintLabel::R_Level_R" Content="初始点到R点的增值量(直径值, 符号无效)" />
	  <Message ID="Browser::G89::HintLabel::Dwell_Time_P" Content="孔底暂停时间(秒)" />
	  <Message ID="Browser::G89::HintLabel::Depth_of_Cut" Content="每次进给深度(半径量, 符号无效)" />
	  <Message ID="Browser::G89::Caption::Speed_S" Content="主轴转速(S)" />
	  <Message ID="Browser::G89::HintLabel::Inc_W" Content="终点座标增量值W" />
	  <Message ID="Browser::G89::Caption::Abs_X" Content="绝对(X)" />
	  <Message ID="Browser::G89::Caption::Inc_U" Content="增量(U)" />
	  <Message ID="Browser::G89::Caption::LineNo" Content="行号:" />
	  <Message ID="Browser::G89::Caption::G89_Title" Content="侧面搪孔循环(G89)" />
	  <Message ID="Browser::G89::HintLabel::Speed_S" Content="主轴转速" />
	  <Message ID="Browser::G89::Caption::Abs_Z" Content="绝对(Z)" />
	  <Message ID="Browser::G89::HintLabel::Feedrate_F" Content="加工速率" />
	  <Message ID="Browser::G89::HintLabel::Repeat_K" Content="重复次数" />
	  <Message ID="Browser::G89::HintLabel::Clamp_Code_M" Content="C轴clam的M code, Clamp code加1为Unclamp code" />
	  <Message ID="Browser::G89::Caption::Inc_W" Content="增量(W)" />
	  
	<!-- ========== G96 String Define ===================== -->
	<Message ID="Browser::G96::Caption::Spindle_M" Content="主轴转向(M)" />
	<Message ID="Browser::G96::HintLabel::Spindle_M" Content="主轴转向M03(顺时针)M04(逆时针)" />
	<Message ID="Browser::G96::HintLabel::Spindle_S" Content="主轴转速" />
	<Message ID="Browser::G96::Caption::Spindle_S" Content="主轴转速(S)" />
	<Message ID="Browser::G96::Caption::LineNo" Content="行号:" />
	<Message ID="Browser::G96::Caption::Constant" Content="等表面切削速度(G96)" />
	  
	<!-- ========== G97 String Define ===================== -->
	<Message ID="Browser::G97::Caption::Spindle_M" Content="主轴转向(M)" />
	<Message ID="Browser::G97::HintLabel::Spindle_M" Content="主轴转向M03(顺时针)M04(逆时针)" />
	<Message ID="Browser::G97::HintLabel::Spindle_S" Content="主轴转速" />
	<Message ID="Browser::G97::Caption::Spindle_S" Content="主轴转速(S)" />
	<Message ID="Browser::G97::Caption::LineNo" Content="行号:" />
	<Message ID="Browser::G97::Caption::Constant_Cancel" Content="等表面切削速度(G97)" />
	  
	<!-- ========== M98 String Define ===================== -->
	<Message ID="Browser::M98::Caption::Program_Name" Content="副程式名称(P)" />
	<Message ID="Browser::M98::Caption::Count" Content="重覆次數(L)" />
	<Message ID="Browser::M98::Caption::Sequence_No" Content="序号(H)" />
	<Message ID="Browser::M98::HintLabel::Sequence_No" Content="序号" />
	<Message ID="Browser::M98::Caption::LineNo" Content="行号:" />
	<Message ID="Browser::M98::Caption::M98_Title" Content="呼叫副程式(M98)" />
	<Message ID="Browser::M98::HintLabel::Repetition" Content="重覆次数" />
	<Message ID="Browser::M98::HintLabel::Sub_Name" Content="副程式名称" />  
	<!-- ========== Tool Change String Define ===================== -->
	<Message ID="Browser::Tool_Change::Caption::Tool_No" Content="刀号：" />
	<Message ID="Browser::Tool_Change::HintLabel::Tool_No" Content="请输入刀具号码" />
	<Message ID="Browser::Tool_Change::Caption::LineNo" Content="行号:" />
	<Message ID="Browser::Tool_Change::Caption::Tool_Title" Content="刀具号码输入" />
</ResMap>
