﻿<?xml version="1.0" encoding="UTF-8"?>
<!--Created by 'eHMI'version2.2.6-->
<ResMap>
  <Message ID="MMI::SyntecServo::Caption::DriveModel1" Content="SVD-22A1-010" />
  <Message ID="MMI::SyntecServo::Caption::DriveModel2" Content="SVD-22A1-035" />
  <Message ID="MMI::SyntecServo::Caption::DriveModel3" Content="SPD-32A1-075" />
  <Message ID="MMI::SyntecServo::Caption::DriveModel5" Content="SPD-32A2-075" />
  <Message ID="MMI::SyntecServo::Caption::DriveModel6" Content="SPD-32A1-110" />
  <Message ID="MMI::SyntecServo::Caption::DriveModel8" Content="SPD-32A1-185" />
  <Message ID="MMI::SyntecServo::Caption::DriveModel9" Content="SPD-32A1-220" />
  <Message ID="MMI::SyntecServo::Caption::MotorModel2" Content="SP-M5.5-08A" />
  <Message ID="MMI::SyntecServo::Caption::MotorModel11" Content="SP-M5.5-12" />
  <Message ID="MMI::SyntecServo::Caption::MotorModel21" Content="SP-L5.5-12" />
  <Message ID="MMI::SyntecServo::Caption::MotorModel31" Content="SP-L5.5-18" />
  <Message ID="MMI::SyntecServo::Caption::MotorModel41" Content="SP-L5.5-24" />
  <Message ID="MMI::SyntecServo::Caption::MotorModel51" Content="SP-SL5.5-24" />
  <Message ID="MMI::SyntecServo::Caption::MotorModel62" Content="SP-M7.5-08A" />
  <Message ID="MMI::SyntecServo::Caption::MotorModel71" Content="SP-M7.5-12" />
  <Message ID="MMI::SyntecServo::Caption::MotorModel81" Content="SP-L7.5-18" />
  <Message ID="MMI::SyntecServo::Caption::MotorModel91" Content="SP-M11-08" />
  <Message ID="MMI::SyntecServo::Caption::MotorModel92" Content="SP-M11-08A" />
  <Message ID="MMI::SyntecServo::Caption::MotorModel102" Content="SP-M15-08A" />
  <Message ID="MMI::SyntecServo::Caption::MotorModel111" Content="SP-M15-07" />
  <Message ID="MMI::SyntecServo::Caption::MotorModel121" Content="SP-M18-07" />
  <Message ID="MMI::SyntecServo::Caption::MotorModel122" Content="SP-M18-07A" />
</ResMap>