<Configuration VendorName="SYNTEC">
	<Profile Version="">
		<SpecialParameters/>
		<Tuning>
			<FunctionItems>
				<FunctionItem Category="P1" Item="01" />
				<FunctionItem Category="P2" Item="01" />
				<FunctionItem Category="P2" Item="02" />
				<FunctionItem Category="P2" Item="03" />
				<FunctionItem Category="P2" Item="04" />
				<FunctionItem Category="P2" Item="23" />
				<FunctionItem Category="P2" Item="06" />
				<FunctionItem Category="P6" Item="10" />
				<FunctionItem Category="P6" Item="11" />
				<FunctionItem Category="P17" Item="00" />
				<FunctionItem Category="Fn" Item="00"/>
				<FunctionItem Category="Fn" Item="01"/>
				<FunctionItem Category="Fn" Item="02"/>
				<FunctionItem Category="Fn" Item="03"/>
				<FunctionItem Category="Fn" Item="10"/>
				<FunctionItem Category="Fn" Item="30"/>
				<FunctionItem Category="Tunning" Item="Type" />
			</FunctionItems>
			<TunedParameters>
				<FunctionItem Category="P2" Item="02"/>
				<FunctionItem Category="P2" Item="05"/>
				<FunctionItem Category="D1" Item="31"/>
				<FunctionItem Category="D1" Item="32"/>
			</TunedParameters>
		</Tuning>
		<Parameter Name="">
			<Category Name="P0" Description="MMI::DriverParameter::SYNTEC::P0">
				<Item Name="00" Permission="Writable" Level="1">
					<ItemDescription>MMI::DriverParameter::SYNTEC::P0-00</ItemDescription>
					<Index>8192</Index>
					<Subindex>4</Subindex>
					<Type>INT</Type>
					<BitSize>32</BitSize>
					<Unit>--</Unit>
					<Range>0~1</Range>
					<DisplayFormat>Decimal</DisplayFormat>
				</Item>
				<Item Name="01" Permission="Writable" Level="1">
					<ItemDescription>MMI::DriverParameter::SYNTEC::P0-01</ItemDescription>
					<Index>8193</Index>
					<Subindex>4</Subindex>
					<Type>INT</Type>
					<BitSize>32</BitSize>
					<Unit>--</Unit>
					<Range>1~16</Range>
					<DisplayFormat>Decimal</DisplayFormat>
				</Item>
				<Item Name="02" Permission="Writable" Level="0">
					<ItemDescription>MMI::DriverParameter::SYNTEC::P0-02</ItemDescription>
					<Index>8194</Index>
					<Subindex>4</Subindex>
					<Type>INT</Type>
					<BitSize>32</BitSize>
					<Unit>--</Unit>
					<Range>9600~921600</Range>
					<DisplayFormat>Decimal</DisplayFormat>
				</Item>
				<Item Name="03" Permission="Writable" Level="0">
					<ItemDescription>MMI::DriverParameter::SYNTEC::P0-03</ItemDescription>
					<Index>8195</Index>
					<Subindex>4</Subindex>
					<Type>INT</Type>
					<BitSize>32</BitSize>
					<Unit>--</Unit>
					<Range>0~2</Range>
					<DisplayFormat>Decimal</DisplayFormat>
				</Item>
			</Category>
			<Category Name="P1" Description="MMI::DriverParameter::SYNTEC::P1">
				<Item Name="00" Permission="Writable" Level="0">
					<ItemDescription>MMI::DriverParameter::SYNTEC::P1-00</ItemDescription>
					<Index>8292</Index>
					<Subindex>4</Subindex>
					<Type>INT</Type>
					<BitSize>32</BitSize>
					<Unit>--</Unit>
					<Range>0~3</Range>
					<DisplayFormat>Decimal</DisplayFormat>
				</Item>
				<Item Name="01" Permission="Writable" Level="0">
					<ItemDescription>MMI::DriverParameter::SYNTEC::P1-01</ItemDescription>
					<Index>8293</Index>
					<Subindex>4</Subindex>
					<Type>INT</Type>
					<BitSize>32</BitSize>
					<Unit>--</Unit>
					<Range>0~1</Range>
					<DisplayFormat>Decimal</DisplayFormat>
				</Item>
				<Item Name="20" Permission="Writable" Level="0">
					<ItemDescription>MMI::DriverParameter::SYNTEC::P1-20</ItemDescription>
					<Index>8312</Index>
					<Subindex>4</Subindex>
					<Type>INT</Type>
					<BitSize>32</BitSize>
					<Unit>ohm</Unit>
					<Range>0~300</Range>
					<DisplayFormat>Decimal</DisplayFormat>
				</Item>
				<Item Name="21" Permission="Writable" Level="0">
					<ItemDescription>MMI::DriverParameter::SYNTEC::P1-21</ItemDescription>
					<Index>8313</Index>
					<Subindex>4</Subindex>
					<Type>INT</Type>
					<BitSize>32</BitSize>
					<Unit>watt</Unit>
					<Range>0~20000</Range>
					<DisplayFormat>Decimal</DisplayFormat>
				</Item>
				<Item Name="30" Permission="Writable" Level="0">
					<ItemDescription>MMI::DriverParameter::SYNTEC::P1-30</ItemDescription>
					<Index>8322</Index>
					<Subindex>4</Subindex>
					<Type>INT</Type>
					<BitSize>32</BitSize>
					<Unit>--</Unit>
					<Range>0~1</Range>
					<DisplayFormat>Decimal</DisplayFormat>
				</Item>
				<Item Name="31" Permission="Writable" Level="0">
					<ItemDescription>MMI::DriverParameter::SYNTEC::P1-31</ItemDescription>
					<Index>8323</Index>
					<Subindex>4</Subindex>
					<Type>INT</Type>
					<BitSize>32</BitSize>
					<Unit>C</Unit>
					<Range>80~150</Range>
					<DisplayFormat>Decimal</DisplayFormat>
				</Item>
				<Item Name="32" Permission="Writable" Level="0">
					<ItemDescription>MMI::DriverParameter::SYNTEC::P1-32</ItemDescription>
					<Index>8324</Index>
					<Subindex>4</Subindex>
					<Type>INT</Type>
					<BitSize>32</BitSize>
					<Unit>C</Unit>
					<Range>0~145</Range>
					<DisplayFormat>Decimal</DisplayFormat>
				</Item>
				<Item Name="33" Permission="Writable" Level="0">
					<ItemDescription>MMI::DriverParameter::SYNTEC::P1-33</ItemDescription>
					<Index>8325</Index>
					<Subindex>4</Subindex>
					<Type>INT</Type>
					<BitSize>32</BitSize>
					<Unit>C</Unit>
					<Range>0~145</Range>
					<DisplayFormat>Decimal</DisplayFormat>
				</Item>
				<Item Name="34" Permission="Writable" Level="0">
					<ItemDescription>MMI::DriverParameter::SYNTEC::P1-34</ItemDescription>
					<Index>8326</Index>
					<Subindex>4</Subindex>
					<Type>INT</Type>
					<BitSize>32</BitSize>
					<Unit>C</Unit>
					<Range>0~145</Range>
					<DisplayFormat>Decimal</DisplayFormat>
				</Item>
				<Item Name="36" Permission="Writable" Level="0">
					<ItemDescription>MMI::DriverParameter::SYNTEC::P1-36</ItemDescription>
					<Index>8328</Index>
					<Subindex>4</Subindex>
					<Type>INT</Type>
					<BitSize>32</BitSize>
					<Unit>C</Unit>
					<Range>0~145</Range>
					<DisplayFormat>Decimal</DisplayFormat>
				</Item>
				<Item Name="37" Permission="Writable" Level="0">
					<ItemDescription>MMI::DriverParameter::SYNTEC::P1-37</ItemDescription>
					<Index>8329</Index>
					<Subindex>4</Subindex>
					<Type>INT</Type>
					<BitSize>32</BitSize>
					<Unit>C</Unit>
					<Range>0~145</Range>
					<DisplayFormat>Decimal</DisplayFormat>
				</Item>
				<Item Name="38" Permission="Writable" Level="0">
					<ItemDescription>MMI::DriverParameter::SYNTEC::P1-38</ItemDescription>
					<Index>8330</Index>
					<Subindex>4</Subindex>
					<Type>INT</Type>
					<BitSize>32</BitSize>
					<Unit>C</Unit>
					<Range>0~145</Range>
					<DisplayFormat>Decimal</DisplayFormat>
				</Item>
				<Item Name="40" Permission="Writable" Level="0">
					<ItemDescription>MMI::DriverParameter::SYNTEC::P1-40</ItemDescription>
					<Index>8332</Index>
					<Subindex>4</Subindex>
					<Type>INT</Type>
					<BitSize>32</BitSize>
					<Unit>--</Unit>
					<Range>0~199</Range>
					<DisplayFormat>Decimal</DisplayFormat>
				</Item>
				<Item Name="41" Permission="Writable" Level="0">
					<ItemDescription>MMI::DriverParameter::SYNTEC::P1-41</ItemDescription>
					<Index>8333</Index>
					<Subindex>4</Subindex>
					<Type>INT</Type>
					<BitSize>32</BitSize>
					<Unit>--</Unit>
					<Range>0~199</Range>
					<DisplayFormat>Decimal</DisplayFormat>
				</Item>
				<Item Name="42" Permission="Writable" Level="0">
					<ItemDescription>MMI::DriverParameter::SYNTEC::P1-42</ItemDescription>
					<Index>8334</Index>
					<Subindex>4</Subindex>
					<Type>INT</Type>
					<BitSize>32</BitSize>
					<Unit>--</Unit>
					<Range>0~199</Range>
					<DisplayFormat>Decimal</DisplayFormat>
				</Item>
				<Item Name="43" Permission="Writable" Level="0">
					<ItemDescription>MMI::DriverParameter::SYNTEC::P1-43</ItemDescription>
					<Index>8335</Index>
					<Subindex>4</Subindex>
					<Type>INT</Type>
					<BitSize>32</BitSize>
					<Unit>--</Unit>
					<Range>0~199</Range>
					<DisplayFormat>Decimal</DisplayFormat>
				</Item>
				<Item Name="60" Permission="Writable" Level="0">
					<ItemDescription>MMI::DriverParameter::SYNTEC::P1-60</ItemDescription>
					<Index>8352</Index>
					<Subindex>4</Subindex>
					<Type>INT</Type>
					<BitSize>32</BitSize>
					<Unit>--</Unit>
					<Range>0~199</Range>
					<DisplayFormat>Decimal</DisplayFormat>
				</Item>
				<Item Name="61" Permission="Writable" Level="0">
					<ItemDescription>MMI::DriverParameter::SYNTEC::P1-61</ItemDescription>
					<Index>8353</Index>
					<Subindex>4</Subindex>
					<Type>INT</Type>
					<BitSize>32</BitSize>
					<Unit>--</Unit>
					<Range>0~199</Range>
					<DisplayFormat>Decimal</DisplayFormat>
				</Item>
			</Category>
			<Category Name="P2" Description="MMI::DriverParameter::SYNTEC::P2">
				<Item Name="00" Permission="Writable" Level="0">
					<ItemDescription>MMI::DriverParameter::SYNTEC::P2-00</ItemDescription>
					<Index>8392</Index>
					<Subindex>4</Subindex>
					<Type>INT</Type>
					<BitSize>32</BitSize>
					<Unit>pulse/rev;pulse/mm</Unit>
					<Range>1~999999999</Range>
					<DisplayFormat>Decimal</DisplayFormat>
				</Item>
				<Item Name="01" Permission="Writable" Level="0">
					<ItemDescription>MMI::DriverParameter::SYNTEC::P2-01</ItemDescription>
					<Index>8393</Index>
					<Subindex>4</Subindex>
					<Type>INT</Type>
					<BitSize>32</BitSize>
					<Unit>0.1rad/s</Unit>
					<Range>10~20000</Range>
					<DisplayFormat>Decimal</DisplayFormat>
				</Item>
				<Item Name="02" Permission="Writable" Level="0">
					<ItemDescription>MMI::DriverParameter::SYNTEC::P2-02</ItemDescription>
					<Index>8394</Index>
					<Subindex>4</Subindex>
					<Type>INT</Type>
					<BitSize>32</BitSize>
					<Unit>0.1Hz</Unit>
					<Range>10~20000</Range>
					<DisplayFormat>Decimal</DisplayFormat>
				</Item>
				<Item Name="03" Permission="Writable" Level="0">
					<ItemDescription>MMI::DriverParameter::SYNTEC::P2-03</ItemDescription>
					<Index>8395</Index>
					<Subindex>4</Subindex>
					<Type>INT</Type>
					<BitSize>32</BitSize>
					<Unit>0.01ms</Unit>
					<Range>15~5120000</Range>
					<DisplayFormat>Decimal</DisplayFormat>
				</Item>
				<Item Name="04" Permission="Writable" Level="0">
					<ItemDescription>MMI::DriverParameter::SYNTEC::P2-04</ItemDescription>
					<Index>8396</Index>
					<Subindex>4</Subindex>
					<Type>INT</Type>
					<BitSize>32</BitSize>
					<Unit>0.01ms</Unit>
					<Range>1~10000</Range>
					<DisplayFormat>Decimal</DisplayFormat>
				</Item>
				<Item Name="05" Permission="Writable" Level="0">
					<ItemDescription>MMI::DriverParameter::SYNTEC::P2-05</ItemDescription>
					<Index>8397</Index>
					<Subindex>4</Subindex>
					<Type>INT</Type>
					<BitSize>32</BitSize>
					<Unit>%</Unit>
					<Range>0~20000</Range>
					<DisplayFormat>Decimal</DisplayFormat>
				</Item>
				<Item Name="06" Permission="Writable" Level="0">
					<ItemDescription>MMI::DriverParameter::SYNTEC::P2-06</ItemDescription>
					<Index>8398</Index>
					<Subindex>4</Subindex>
					<Type>INT</Type>
					<BitSize>32</BitSize>
					<Unit>0.01ms</Unit>
					<Range>1~10000</Range>
					<DisplayFormat>Decimal</DisplayFormat>
				</Item>
				<Item Name="07" Permission="Writable" Level="1">
					<ItemDescription>MMI::DriverParameter::SYNTEC::P2-07</ItemDescription>
					<Index>8399</Index>
					<Subindex>4</Subindex>
					<Type>INT</Type>
					<BitSize>32</BitSize>
					<Unit>%(MOT_V_NOM)</Unit>
					<Range>50~1000</Range>
					<DisplayFormat>Decimal</DisplayFormat>
				</Item>
				<Item Name="08" Permission="Writable" Level="1">
					<ItemDescription>MMI::DriverParameter::SYNTEC::P2-08</ItemDescription>
					<Index>8400</Index>
					<Subindex>4</Subindex>
					<Type>INT</Type>
					<BitSize>32</BitSize>
					<Unit>%</Unit>
					<Range>0~100</Range>
					<DisplayFormat>Decimal</DisplayFormat>
				</Item>
				<Item Name="20" Permission="Writable" Level="1">
					<ItemDescription>MMI::DriverParameter::SYNTEC::P2-20</ItemDescription>
					<Index>8412</Index>
					<Subindex>4</Subindex>
					<Type>INT</Type>
					<BitSize>32</BitSize>
					<Unit>--</Unit>
					<Range>0~1</Range>
					<DisplayFormat>Decimal</DisplayFormat>
				</Item>
				<Item Name="21" Permission="Writable" Level="1">
					<ItemDescription>MMI::DriverParameter::SYNTEC::P2-21</ItemDescription>
					<Index>8413</Index>
					<Subindex>4</Subindex>
					<Type>INT</Type>
					<BitSize>32</BitSize>
					<Unit>--</Unit>
					<Range>0~1</Range>
					<DisplayFormat>Decimal</DisplayFormat>
				</Item>
				<Item Name="22" Permission="Writable" Level="1">
					<ItemDescription>MMI::DriverParameter::SYNTEC::P2-22</ItemDescription>
					<Index>8414</Index>
					<Subindex>4</Subindex>
					<Type>INT</Type>
					<BitSize>32</BitSize>
					<Unit>--</Unit>
					<Range>0~1</Range>
					<DisplayFormat>Decimal</DisplayFormat>
				</Item>
				<Item Name="23" Permission="Writable" Level="0">
					<ItemDescription>MMI::DriverParameter::SYNTEC::P2-23</ItemDescription>
					<Index>8415</Index>
					<Subindex>4</Subindex>
					<Type>INT</Type>
					<BitSize>32</BitSize>
					<Unit>--</Unit>
					<Range>0~2</Range>
					<DisplayFormat>Decimal</DisplayFormat>
				</Item>
				<Item Name="30" Permission="Writable" Level="1">
					<ItemDescription>MMI::DriverParameter::SYNTEC::P2-30</ItemDescription>
					<Index>8422</Index>
					<Subindex>4</Subindex>
					<Type>INT</Type>
					<BitSize>32</BitSize>
					<Unit>--</Unit>
					<Range>0~1</Range>
					<DisplayFormat>Decimal</DisplayFormat>
				</Item>	
				<Item Name="31" Permission="Writable" Level="1">
					<ItemDescription>MMI::DriverParameter::SYNTEC::P2-31</ItemDescription>
					<Index>8423</Index>
					<Subindex>4</Subindex>
					<Type>INT</Type>
					<BitSize>32</BitSize>
					<Unit>0.1%(MOT_SPD_NOM)</Unit>
					<Range>0~1000</Range>
					<DisplayFormat>Decimal</DisplayFormat>
				</Item>	
				<Item Name="32" Permission="Writable" Level="1">
					<ItemDescription>MMI::DriverParameter::SYNTEC::P2-32</ItemDescription>
					<Index>8424</Index>
					<Subindex>4</Subindex>
					<Type>INT</Type>
					<BitSize>32</BitSize>
					<Unit>0.1%(MOT_V_NOM)</Unit>
					<Range>0~1000</Range>
					<DisplayFormat>Decimal</DisplayFormat>
				</Item>	
				<Item Name="33" Permission="Writable" Level="1">
					<ItemDescription>MMI::DriverParameter::SYNTEC::P2-33</ItemDescription>
					<Index>8425</Index>
					<Subindex>4</Subindex>
					<Type>INT</Type>
					<BitSize>32</BitSize>
					<Unit>0.1%(MOT_SPD_NOM)</Unit>
					<Range>0~1000</Range>
					<DisplayFormat>Decimal</DisplayFormat>
				</Item>	
				<Item Name="34" Permission="Writable" Level="1">
					<ItemDescription>MMI::DriverParameter::SYNTEC::P2-34</ItemDescription>
					<Index>8426</Index>
					<Subindex>4</Subindex>
					<Type>INT</Type>
					<BitSize>32</BitSize>
					<Unit>0.1%(MOT_V_NOM)</Unit>
					<Range>0~1000</Range>
					<DisplayFormat>Decimal</DisplayFormat>
				</Item>					
				<Item Name="80" Permission="Writable" Level="1">
					<ItemDescription>MMI::DriverParameter::SYNTEC::P2-80</ItemDescription>
					<Index>8472</Index>
					<Subindex>4</Subindex>
					<Type>INT</Type>
					<BitSize>32</BitSize>
					<Unit>--</Unit>
					<Range>0~1</Range>
					<DisplayFormat>Decimal</DisplayFormat>
				</Item>
				<Item Name="81" Permission="Writable" Level="1">
					<ItemDescription>MMI::DriverParameter::SYNTEC::P2-81</ItemDescription>
					<Index>8473</Index>
					<Subindex>4</Subindex>
					<Type>INT</Type>
					<BitSize>32</BitSize>
					<Unit>Hz</Unit>
					<Range>5~5000</Range>
					<DisplayFormat>Decimal</DisplayFormat>
				</Item>
				<Item Name="82" Permission="Writable" Level="1">
					<ItemDescription>MMI::DriverParameter::SYNTEC::P2-82</ItemDescription>
					<Index>8474</Index>
					<Subindex>4</Subindex>
					<Type>INT</Type>
					<BitSize>32</BitSize>
					<Unit>0.01</Unit>
					<Range>10~1000</Range>
					<DisplayFormat>Decimal</DisplayFormat>
				</Item>
				<Item Name="83" Permission="Writable" Level="1">
					<ItemDescription>MMI::DriverParameter::SYNTEC::P2-83</ItemDescription>
					<Index>8475</Index>
					<Subindex>4</Subindex>
					<Type>INT</Type>
					<BitSize>32</BitSize>
					<Unit>0.001</Unit>
					<Range>1~1000</Range>
					<DisplayFormat>Decimal</DisplayFormat>
				</Item>
				<Item Name="84" Permission="Writable" Level="1">
					<ItemDescription>MMI::DriverParameter::SYNTEC::P2-84</ItemDescription>
					<Index>8476</Index>
					<Subindex>4</Subindex>
					<Type>INT</Type>
					<BitSize>32</BitSize>
					<Unit>--</Unit>
					<Range>0~1</Range>
					<DisplayFormat>Decimal</DisplayFormat>
				</Item>
				<Item Name="85" Permission="Writable" Level="1">
					<ItemDescription>MMI::DriverParameter::SYNTEC::P2-85</ItemDescription>
					<Index>8477</Index>
					<Subindex>4</Subindex>
					<Type>INT</Type>
					<BitSize>32</BitSize>
					<Unit>Hz</Unit>
					<Range>5~5000</Range>
					<DisplayFormat>Decimal</DisplayFormat>
				</Item>
				<Item Name="86" Permission="Writable" Level="1">
					<ItemDescription>MMI::DriverParameter::SYNTEC::P2-86</ItemDescription>
					<Index>8478</Index>
					<Subindex>4</Subindex>
					<Type>INT</Type>
					<BitSize>32</BitSize>
					<Unit>0.01</Unit>
					<Range>10~1000</Range>
					<DisplayFormat>Decimal</DisplayFormat>
				</Item>
				<Item Name="87" Permission="Writable" Level="1">
					<ItemDescription>MMI::DriverParameter::SYNTEC::P2-87</ItemDescription>
					<Index>8479</Index>
					<Subindex>4</Subindex>
					<Type>INT</Type>
					<BitSize>32</BitSize>
					<Unit>0.001</Unit>
					<Range>1~1000</Range>
					<DisplayFormat>Decimal</DisplayFormat>
				</Item>
				<Item Name="88" Permission="Writable" Level="1">
					<ItemDescription>MMI::DriverParameter::SYNTEC::P2-88</ItemDescription>
					<Index>8480</Index>
					<Subindex>4</Subindex>
					<Type>INT</Type>
					<BitSize>32</BitSize>
					<Unit>--</Unit>
					<Range>0~1</Range>
					<DisplayFormat>Decimal</DisplayFormat>
				</Item>
				<Item Name="89" Permission="Writable" Level="1">
					<ItemDescription>MMI::DriverParameter::SYNTEC::P2-89</ItemDescription>
					<Index>8481</Index>
					<Subindex>4</Subindex>
					<Type>INT</Type>
					<BitSize>32</BitSize>
					<Unit>Hz</Unit>
					<Range>5~5000</Range>
					<DisplayFormat>Decimal</DisplayFormat>
				</Item>
				<Item Name="90" Permission="Writable" Level="1">
					<ItemDescription>MMI::DriverParameter::SYNTEC::P2-90</ItemDescription>
					<Index>8482</Index>
					<Subindex>4</Subindex>
					<Type>INT</Type>
					<BitSize>32</BitSize>
					<Unit>0.01</Unit>
					<Range>10~1000</Range>
					<DisplayFormat>Decimal</DisplayFormat>
				</Item>
				<Item Name="91" Permission="Writable" Level="1">
					<ItemDescription>MMI::DriverParameter::SYNTEC::P2-91</ItemDescription>
					<Index>8483</Index>
					<Subindex>4</Subindex>
					<Type>INT</Type>
					<BitSize>32</BitSize>
					<Unit>0.001</Unit>
					<Range>1~1000</Range>
					<DisplayFormat>Decimal</DisplayFormat>
				</Item>
			</Category>
			<Category Name="P3" Description="MMI::DriverParameter::SYNTEC::P3">
				<Item Name="00" Permission="Writable" Level="1">
					<ItemDescription>MMI::DriverParameter::SYNTEC::P3-00</ItemDescription>
					<Index>8492</Index>
					<Subindex>4</Subindex>
					<Type>INT</Type>
					<BitSize>32</BitSize>
					<Unit>--</Unit>
					<Range>0~2</Range>
					<DisplayFormat>Decimal</DisplayFormat>
				</Item>
				<Item Name="01" Permission="Writable" Level="1">
					<ItemDescription>MMI::DriverParameter::SYNTEC::P3-01</ItemDescription>
					<Index>8493</Index>
					<Subindex>4</Subindex>
					<Type>INT</Type>
					<BitSize>32</BitSize>
					<Unit>--</Unit>
					<Range>1~256</Range>
					<DisplayFormat>Decimal</DisplayFormat>
				</Item>
				<Item Name="02" Permission="Writable" Level="1">
					<ItemDescription>MMI::DriverParameter::SYNTEC::P3-02</ItemDescription>
					<Index>8494</Index>
					<Subindex>4</Subindex>
					<Type>INT</Type>
					<BitSize>32</BitSize>
					<Unit>0.1mm</Unit>
					<Range>10~100000</Range>
					<DisplayFormat>Decimal</DisplayFormat>
				</Item>
				<Item Name="03" Permission="Writable" Level="2">
					<ItemDescription>MMI::DriverParameter::SYNTEC::P3-03</ItemDescription>
					<Index>8495</Index>
					<Subindex>4</Subindex>
					<Type>INT</Type>
					<BitSize>32</BitSize>
					<Unit>--</Unit>
					<Range>0~999999999</Range>
					<DisplayFormat>Decimal</DisplayFormat>
				</Item>
				<Item Name="04" Permission="Writable" Level="2">
					<ItemDescription>MMI::DriverParameter::SYNTEC::P3-04</ItemDescription>
					<Index>8496</Index>
					<Subindex>4</Subindex>
					<Type>INT</Type>
					<BitSize>32</BitSize>
					<Unit>--</Unit>
					<Range>0~999999999</Range>
					<DisplayFormat>Decimal</DisplayFormat>
				</Item>
				<Item Name="10" Permission="Writable" Level="1">
					<ItemDescription>MMI::DriverParameter::SYNTEC::P3-10</ItemDescription>
					<Index>8502</Index>
					<Subindex>4</Subindex>
					<Type>INT</Type>
					<BitSize>32</BitSize>
					<Unit>0.1N-m</Unit>
					<Range>1~30000</Range>
					<DisplayFormat>Decimal</DisplayFormat>
				</Item>
				<Item Name="11" Permission="Writable" Level="1">
					<ItemDescription>MMI::DriverParameter::SYNTEC::P3-11</ItemDescription>
					<Index>8503</Index>
					<Subindex>4</Subindex>
					<Type>INT</Type>
					<BitSize>32</BitSize>
					<Unit>0.1%(MOT_T_NOM)</Unit>
					<Range>1000~5000</Range>
					<DisplayFormat>Decimal</DisplayFormat>
				</Item>
				<Item Name="12" Permission="Writable" Level="1">
					<ItemDescription>MMI::DriverParameter::SYNTEC::P3-12</ItemDescription>
					<Index>8504</Index>
					<Subindex>4</Subindex>
					<Type>INT</Type>
					<BitSize>32</BitSize>
					<Unit>rev/min;mm/s</Unit>
					<Range>50~120000</Range>
					<DisplayFormat>Decimal</DisplayFormat>
				</Item>
				<Item Name="13" Permission="Writable" Level="1">
					<ItemDescription>MMI::DriverParameter::SYNTEC::P3-13</ItemDescription>
					<Index>8505</Index>
					<Subindex>4</Subindex>
					<Type>INT</Type>
					<BitSize>32</BitSize>
					<Unit>rev/min;mm/s</Unit>
					<Range>50~120000</Range>
					<DisplayFormat>Decimal</DisplayFormat>
				</Item>
				<Item Name="14" Permission="Writable" Level="1">
					<ItemDescription>MMI::DriverParameter::SYNTEC::P3-14</ItemDescription>
					<Index>8506</Index>
					<Subindex>4</Subindex>
					<Type>INT</Type>
					<BitSize>32</BitSize>
					<Unit>0.1A(rms)</Unit>
					<Range>1~30000</Range>
					<DisplayFormat>Decimal</DisplayFormat>
				</Item>
				<Item Name="15" Permission="Writable" Level="1">
					<ItemDescription>MMI::DriverParameter::SYNTEC::P3-15</ItemDescription>
					<Index>8507</Index>
					<Subindex>4</Subindex>
					<Type>INT</Type>
					<BitSize>32</BitSize>
					<Unit>0.1Vrms</Unit>
					<Range>1000~10000</Range>
					<DisplayFormat>Decimal</DisplayFormat>
				</Item>
				<Item Name="20" Permission="Writable" Level="1">
					<ItemDescription>MMI::DriverParameter::SYNTEC::P3-20</ItemDescription>
					<Index>8512</Index>
					<Subindex>4</Subindex>
					<Type>INT</Type>
					<BitSize>32</BitSize>
					<Unit>--</Unit>
					<Range>0~30</Range>
					<DisplayFormat>Decimal</DisplayFormat>
				</Item>
				<Item Name="21" Permission="Writable" Level="1">
					<ItemDescription>MMI::DriverParameter::SYNTEC::P3-21</ItemDescription>
					<Index>8513</Index>
					<Subindex>4</Subindex>
					<Type>INT</Type>
					<BitSize>32</BitSize>
					<Unit>pulse/rev;pulse/mm</Unit>
					<Range>1~999999999</Range>
					<DisplayFormat>Decimal</DisplayFormat>
				</Item>
				<Item Name="22" Permission="Writable" Level="1">
					<ItemDescription>MMI::DriverParameter::SYNTEC::P3-22</ItemDescription>
					<Index>8514</Index>
					<Subindex>4</Subindex>
					<Type>INT</Type>
					<BitSize>32</BitSize>
					<Unit>--</Unit>
					<Range>0~1</Range>
					<DisplayFormat>Decimal</DisplayFormat>
				</Item>
				<Item Name="23" Permission="Writable" Level="1">
					<ItemDescription>MMI::DriverParameter::SYNTEC::P3-23</ItemDescription>
					<Index>8515</Index>
					<Subindex>4</Subindex>
					<Type>INT</Type>
					<BitSize>32</BitSize>
					<Unit>--</Unit>
					<Range>0~2</Range>
					<DisplayFormat>Decimal</DisplayFormat>
				</Item>
				<Item Name="24" Permission="Writable" Level="1">
					<ItemDescription>MMI::DriverParameter::SYNTEC::P3-24</ItemDescription>
					<Index>8516</Index>
					<Subindex>4</Subindex>
					<Type>INT</Type>
					<BitSize>32</BitSize>
					<Unit>--</Unit>
					<Range>0~1</Range>
					<DisplayFormat>Decimal</DisplayFormat>
				</Item>
				<Item Name="25" Permission="Writable" Level="1">
					<ItemDescription>MMI::DriverParameter::SYNTEC::P3-25</ItemDescription>
					<Index>8517</Index>
					<Subindex>4</Subindex>
					<Type>INT</Type>
					<BitSize>32</BitSize>
					<Unit>--</Unit>
					<Range>0~4095</Range>
					<DisplayFormat>Decimal</DisplayFormat>
				</Item>
				<Item Name="26" Permission="Writable" Level="1">
					<ItemDescription>MMI::DriverParameter::SYNTEC::P3-26</ItemDescription>
					<Index>8518</Index>
					<Subindex>4</Subindex>
					<Type>INT</Type>
					<BitSize>32</BitSize>
					<Unit>--</Unit>
					<Range>0~4095</Range>
					<DisplayFormat>Decimal</DisplayFormat>
				</Item>
				<Item Name="27" Permission="Writable" Level="1">
					<ItemDescription>MMI::DriverParameter::SYNTEC::P3-27</ItemDescription>
					<Index>8519</Index>
					<Subindex>4</Subindex>
					<Type>INT</Type>
					<BitSize>32</BitSize>
					<Unit>--</Unit>
					<Range>0~2000</Range>
					<DisplayFormat>Decimal</DisplayFormat>
				</Item>
				<Item Name="28" Permission="Writable" Level="1">
					<ItemDescription>MMI::DriverParameter::SYNTEC::P3-28</ItemDescription>
					<Index>8520</Index>
					<Subindex>4</Subindex>
					<Type>INT</Type>
					<BitSize>32</BitSize>
					<Unit>--</Unit>
					<Range>0~2000</Range>
					<DisplayFormat>Decimal</DisplayFormat>
				</Item>
				<Item Name="29" Permission="Writable" Level="1">
					<ItemDescription>MMI::DriverParameter::SYNTEC::P3-29</ItemDescription>
					<Index>8521</Index>
					<Subindex>4</Subindex>
					<Type>INT</Type>
					<BitSize>32</BitSize>
					<Unit>0.01deg</Unit>
					<Range>8000~10000</Range>
					<DisplayFormat>Decimal</DisplayFormat>
				</Item>
				<Item Name="30" Permission="Writable" Level="1">
					<ItemDescription>MMI::DriverParameter::SYNTEC::P3-30</ItemDescription>
					<Index>8522</Index>
					<Subindex>4</Subindex>
					<Type>INT</Type>
					<BitSize>32</BitSize>
					<Unit>--</Unit>
					<Range>1~4096</Range>
					<DisplayFormat>Decimal</DisplayFormat>
				</Item>
				<Item Name="31" Permission="Writable" Level="7">
					<ItemDescription>MMI::DriverParameter::SYNTEC::P3-31</ItemDescription>
					<Index>8523</Index>
					<Subindex>4</Subindex>
					<Type>INT</Type>
					<BitSize>32</BitSize>
					<Unit>--</Unit>
					<Range>0~8192</Range>
					<DisplayFormat>Decimal</DisplayFormat>
				</Item>
				<Item Name="32" Permission="Writable" Level="1">
					<ItemDescription>MMI::DriverParameter::SYNTEC::P3-32</ItemDescription>
					<Index>8524</Index>
					<Subindex>4</Subindex>
					<Type>INT</Type>
					<BitSize>32</BitSize>
					<Unit>--</Unit>
					<Range>0~1</Range>
					<DisplayFormat>Decimal</DisplayFormat>
				</Item>
				<Item Name="33" Permission="Writable" Level="2">
					<ItemDescription>MMI::DriverParameter::SYNTEC::P3-33</ItemDescription>
					<Index>8525</Index>
					<Subindex>4</Subindex>
					<Type>INT</Type>
					<BitSize>32</BitSize>
					<Unit>--</Unit>
					<Range>0~10</Range>
					<DisplayFormat>Decimal</DisplayFormat>
				</Item>
				<Item Name="34" Permission="Writable" Level="2">
					<ItemDescription>MMI::DriverParameter::SYNTEC::P3-34</ItemDescription>
					<Index>8526</Index>
					<Subindex>4</Subindex>
					<Type>INT</Type>
					<BitSize>32</BitSize>
					<Unit>--</Unit>
					<Range>0~5</Range>
					<DisplayFormat>Decimal</DisplayFormat>
				</Item>
				<Item Name="35" Permission="Writable" Level="2">
					<ItemDescription>MMI::DriverParameter::SYNTEC::P3-35</ItemDescription>
					<Index>8527</Index>
					<Subindex>4</Subindex>
					<Type>INT</Type>
					<BitSize>32</BitSize>
					<Unit>--</Unit>
					<Range>-1~3</Range>
					<DisplayFormat>Decimal</DisplayFormat>
				</Item>
				<Item Name="36" Permission="Writable" Level="2">
					<ItemDescription>MMI::DriverParameter::SYNTEC::P3-36</ItemDescription>
					<Index>8528</Index>
					<Subindex>4</Subindex>
					<Type>INT</Type>
					<BitSize>32</BitSize>
					<Unit>--</Unit>
					<Range>0~1</Range>
					<DisplayFormat>Decimal</DisplayFormat>
				</Item>
			</Category>
			<Category Name="P4" Description="MMI::DriverParameter::SYNTEC::P4">
				<Item Name="00" Permission="Writable" Level="1">
					<ItemDescription>MMI::DriverParameter::SYNTEC::P4-00</ItemDescription>
					<Index>8592</Index>
					<Subindex>4</Subindex>
					<Type>INT</Type>
					<BitSize>32</BitSize>
					<Unit>0.001mH</Unit>
					<Range>10~1000000</Range>
					<DisplayFormat>Decimal</DisplayFormat>
				</Item>
				<Item Name="01" Permission="Writable" Level="1">
					<ItemDescription>MMI::DriverParameter::SYNTEC::P4-01</ItemDescription>
					<Index>8593</Index>
					<Subindex>4</Subindex>
					<Type>INT</Type>
					<BitSize>32</BitSize>
					<Unit>0.001mH</Unit>
					<Range>10~1000000</Range>
					<DisplayFormat>Decimal</DisplayFormat>
				</Item>
				<Item Name="02" Permission="Writable" Level="1">
					<ItemDescription>MMI::DriverParameter::SYNTEC::P4-02</ItemDescription>
					<Index>8594</Index>
					<Subindex>4</Subindex>
					<Type>INT</Type>
					<BitSize>32</BitSize>
					<Unit>0.001Ohm</Unit>
					<Range>10~1000000</Range>
					<DisplayFormat>Decimal</DisplayFormat>
				</Item>
				<Item Name="03" Permission="Writable" Level="1">
					<ItemDescription>MMI::DriverParameter::SYNTEC::P4-03</ItemDescription>
					<Index>8595</Index>
					<Subindex>4</Subindex>
					<Type>INT</Type>
					<BitSize>32</BitSize>
					<Unit>0.1%(MOT_LS)</Unit>
					<Range>0~1000</Range>
					<DisplayFormat>Decimal</DisplayFormat>
				</Item>
				<Item Name="04" Permission="Writable" Level="1">
					<ItemDescription>MMI::DriverParameter::SYNTEC::P4-04</ItemDescription>
					<Index>8596</Index>
					<Subindex>4</Subindex>
					<Type>INT</Type>
					<BitSize>32</BitSize>
					<Unit>0.1%(MOT_I_NOM)</Unit>
					<Range>10~1000</Range>
					<DisplayFormat>Decimal</DisplayFormat>
				</Item>
				<Item Name="05" Permission="Writable" Level="1">
					<ItemDescription>MMI::DriverParameter::SYNTEC::P4-05</ItemDescription>
					<Index>8597</Index>
					<Subindex>4</Subindex>
					<Type>INT</Type>
					<BitSize>32</BitSize>
					<Unit>0.1ms</Unit>
					<Range>10~100000</Range>
					<DisplayFormat>Decimal</DisplayFormat>
				</Item>
				<Item Name="20" Permission="Writable" Level="1">
					<ItemDescription>MMI::DriverParameter::SYNTEC::P4-20</ItemDescription>
					<Index>8612</Index>
					<Subindex>4</Subindex>
					<Type>INT</Type>
					<BitSize>32</BitSize>
					<Unit>g-cm2</Unit>
					<Range>1~999999999</Range>
					<DisplayFormat>Decimal</DisplayFormat>
				</Item>
				<Item Name="21" Permission="Writable" Level="1">
					<ItemDescription>MMI::DriverParameter::SYNTEC::P4-21</ItemDescription>
					<Index>8613</Index>
					<Subindex>4</Subindex>
					<Type>INT</Type>
					<BitSize>32</BitSize>
					<Unit>0.01ms</Unit>
					<Range>1~100000000</Range>
					<DisplayFormat>Decimal</DisplayFormat>
				</Item>
				<Item Name="22" Permission="Writable" Level="1">
					<ItemDescription>MMI::DriverParameter::SYNTEC::P4-22</ItemDescription>
					<Index>8614</Index>
					<Subindex>4</Subindex>
					<Type>INT</Type>
					<BitSize>32</BitSize>
					<Unit>0.001deg</Unit>
					<Range>0~359999</Range>
					<DisplayFormat>Decimal</DisplayFormat>
				</Item>
				<Item Name="30" Permission="Writable" Level="1">
					<ItemDescription>MMI::DriverParameter::SYNTEC::P4-30</ItemDescription>
					<Index>8622</Index>
					<Subindex>4</Subindex>
					<Type>INT</Type>
					<BitSize>32</BitSize>
					<Unit>0.1Hz</Unit>
					<Range>500~100000</Range>
					<DisplayFormat>Decimal</DisplayFormat>
				</Item>
				<Item Name="31" Permission="Writable" Level="1">
					<ItemDescription>MMI::DriverParameter::SYNTEC::P4-31</ItemDescription>
					<Index>8623</Index>
					<Subindex>4</Subindex>
					<Type>INT</Type>
					<BitSize>32</BitSize>
					<Unit>0.01ms</Unit>
					<Range>1~10000</Range>
					<DisplayFormat>Decimal</DisplayFormat>
				</Item>
				<Item Name="40" Permission="Writable" Level="1">
					<ItemDescription>MMI::DriverParameter::SYNTEC::P4-40</ItemDescription>
					<Index>8632</Index>
					<Subindex>4</Subindex>
					<Type>INT</Type>
					<BitSize>32</BitSize>
					<Unit>--</Unit>
					<Range>0~1</Range>
					<DisplayFormat>Decimal</DisplayFormat>
				</Item>
				<Item Name="41" Permission="Writable" Level="1">
					<ItemDescription>MMI::DriverParameter::SYNTEC::P4-41</ItemDescription>
					<Index>8633</Index>
					<Subindex>4</Subindex>
					<Type>INT</Type>
					<BitSize>32</BitSize>
					<Unit>--</Unit>
					<Range>0~1</Range>
					<DisplayFormat>Decimal</DisplayFormat>
				</Item>
				<Item Name="42" Permission="Writable" Level="1">
					<ItemDescription>MMI::DriverParameter::SYNTEC::P4-42</ItemDescription>
					<Index>8634</Index>
					<Subindex>4</Subindex>
					<Type>INT</Type>
					<BitSize>32</BitSize>
					<Unit>0.1%</Unit>
					<Range>0~1000</Range>
					<DisplayFormat>Decimal</DisplayFormat>
				</Item>
				<Item Name="50" Permission="Writable" Level="1">
					<ItemDescription>MMI::DriverParameter::SYNTEC::P4-50</ItemDescription>
					<Index>8642</Index>
					<Subindex>4</Subindex>
					<Type>INT</Type>
					<BitSize>32</BitSize>
					<Unit>s</Unit>
					<Range>30~2400</Range>
					<DisplayFormat>Decimal</DisplayFormat>
				</Item>
			</Category>
			<Category Name="P5" Description="MMI::DriverParameter::SYNTEC::P5">
				<Item Name="00" Permission="Writable" Level="1">
					<ItemDescription>MMI::DriverParameter::SYNTEC::P5-00</ItemDescription>
					<Index>8692</Index>
					<Subindex>4</Subindex>
					<Type>INT</Type>
					<BitSize>32</BitSize>
					<Unit>0.1Vrms</Unit>
					<Range>1800~7800</Range>
					<DisplayFormat>Decimal</DisplayFormat>
				</Item>
				<Item Name="01" Permission="Read Only" Level="2">
					<ItemDescription>MMI::DriverParameter::SYNTEC::P5-01</ItemDescription>
					<Index>8693</Index>
					<Subindex>4</Subindex>
					<Type>INT</Type>
					<BitSize>32</BitSize>
					<Unit>0.1A(peak)</Unit>
					<Range>0~30000</Range>
					<DisplayFormat>Decimal</DisplayFormat>
				</Item>
				<Item Name="02" Permission="Read Only" Level="2">
					<ItemDescription>MMI::DriverParameter::SYNTEC::P5-02</ItemDescription>
					<Index>8694</Index>
					<Subindex>4</Subindex>
					<Type>INT</Type>
					<BitSize>32</BitSize>
					<Unit>0.1A(rms)</Unit>
					<Range>0~30000</Range>
					<DisplayFormat>Decimal</DisplayFormat>
				</Item>
				<Item Name="03" Permission="Read Only" Level="2">
					<ItemDescription>MMI::DriverParameter::SYNTEC::P5-03</ItemDescription>
					<Index>8695</Index>
					<Subindex>4</Subindex>
					<Type>INT</Type>
					<BitSize>32</BitSize>
					<Unit>0.1%(DRV_I_NOM)</Unit>
					<Range>0~8000</Range>
					<DisplayFormat>Decimal</DisplayFormat>
				</Item>
				<Item Name="04" Permission="Writable" Level="2">
					<ItemDescription>MMI::DriverParameter::SYNTEC::P5-04</ItemDescription>
					<Index>8696</Index>
					<Subindex>4</Subindex>
					<Type>INT</Type>
					<BitSize>32</BitSize>
					<Unit>ohm</Unit>
					<Range>1~100</Range>
					<DisplayFormat>Decimal</DisplayFormat>
				</Item>
				<Item Name="05" Permission="Writable" Level="2">
					<ItemDescription>MMI::DriverParameter::SYNTEC::P5-05</ItemDescription>
					<Index>8697</Index>
					<Subindex>4</Subindex>
					<Type>INT</Type>
					<BitSize>32</BitSize>
					<Unit>watt</Unit>
					<Range>10~2000</Range>
					<DisplayFormat>Decimal</DisplayFormat>
				</Item>
				<Item Name="06" Permission="Writable" Level="1">
					<ItemDescription>MMI::DriverParameter::SYNTEC::P5-06</ItemDescription>
					<Index>8698</Index>
					<Subindex>4</Subindex>
					<Type>INT</Type>
					<BitSize>32</BitSize>
					<Unit>Hz</Unit>
					<Range>5000~20000</Range>
					<DisplayFormat>Decimal</DisplayFormat>
				</Item>
				<Item Name="07" Permission="Writable" Level="2">
					<ItemDescription>MMI::DriverParameter::SYNTEC::P5-07</ItemDescription>
					<Index>8699</Index>
					<Subindex>4</Subindex>
					<Type>INT</Type>
					<BitSize>32</BitSize>
					<Unit>--</Unit>
					<Range>0~13</Range>
					<DisplayFormat>Decimal</DisplayFormat>
				</Item>
				<Item Name="08" Permission="Read Only" Level="5">
					<ItemDescription>MMI::DriverParameter::SYNTEC::P5-08</ItemDescription>
					<Index>8700</Index>
					<Subindex>4</Subindex>
					<Type>INT</Type>
					<BitSize>32</BitSize>
					<Unit>ns</Unit>
					<Range>0~10000</Range>
					<DisplayFormat>Decimal</DisplayFormat>
				</Item>
				<Item Name="09" Permission="Read Only" Level="5">
					<ItemDescription>MMI::DriverParameter::SYNTEC::P5-09</ItemDescription>
					<Index>8701</Index>
					<Subindex>4</Subindex>
					<Type>INT</Type>
					<BitSize>32</BitSize>
					<Unit>--</Unit>
					<Range>0~5</Range>
					<DisplayFormat>Decimal</DisplayFormat>
				</Item>
				<Item Name="10" Permission="Read Only" Level="5">
					<ItemDescription>MMI::DriverParameter::SYNTEC::P5-10</ItemDescription>
					<Index>8702</Index>
					<Subindex>4</Subindex>
					<Type>INT</Type>
					<BitSize>32</BitSize>
					<Unit>--</Unit>
					<Range>0~3</Range>
					<DisplayFormat>Decimal</DisplayFormat>
				</Item>
				<Item Name="11" Permission="Read Only" Level="5">
					<ItemDescription>MMI::DriverParameter::SYNTEC::P5-11</ItemDescription>
					<Index>8703</Index>
					<Subindex>4</Subindex>
					<Type>INT</Type>
					<BitSize>32</BitSize>
					<Unit>0.0001A/V</Unit>
					<Range>-999999~999999</Range>
					<DisplayFormat>Decimal</DisplayFormat>
				</Item>
				<Item Name="12" Permission="Read Only" Level="5">
					<ItemDescription>MMI::DriverParameter::SYNTEC::P5-12</ItemDescription>
					<Index>8704</Index>
					<Subindex>4</Subindex>
					<Type>INT</Type>
					<BitSize>32</BitSize>
					<Unit>0.1V</Unit>
					<Range>0~10000</Range>
					<DisplayFormat>Decimal</DisplayFormat>
				</Item>				
				<Item Name="20" Permission="Writable" Level="2">
					<ItemDescription>MMI::DriverParameter::SYNTEC::P5-20</ItemDescription>
					<Index>8712</Index>
					<Subindex>4</Subindex>
					<Type>INT</Type>
					<BitSize>32</BitSize>
					<Unit>0.01A</Unit>
					<Range>-3000~3000</Range>
					<DisplayFormat>Decimal</DisplayFormat>
				</Item>
				<Item Name="21" Permission="Writable" Level="2">
					<ItemDescription>MMI::DriverParameter::SYNTEC::P5-21</ItemDescription>
					<Index>8713</Index>
					<Subindex>4</Subindex>
					<Type>INT</Type>
					<BitSize>32</BitSize>
					<Unit>0.01A</Unit>
					<Range>-3000~3000</Range>
					<DisplayFormat>Decimal</DisplayFormat>
				</Item>
				<Item Name="22" Permission="Writable" Level="2">
					<ItemDescription>MMI::DriverParameter::SYNTEC::P5-22</ItemDescription>
					<Index>8714</Index>
					<Subindex>4</Subindex>
					<Type>INT</Type>
					<BitSize>32</BitSize>
					<Unit>0.01A</Unit>
					<Range>-3000~3000</Range>
					<DisplayFormat>Decimal</DisplayFormat>
				</Item>
				<Item Name="23" Permission="Writable" Level="2">
					<ItemDescription>MMI::DriverParameter::SYNTEC::P5-23</ItemDescription>
					<Index>8715</Index>
					<Subindex>4</Subindex>
					<Type>INT</Type>
					<BitSize>32</BitSize>
					<Unit>0.001</Unit>
					<Range>500~2000</Range>
					<DisplayFormat>Decimal</DisplayFormat>
				</Item>
				<Item Name="24" Permission="Writable" Level="2">
					<ItemDescription>MMI::DriverParameter::SYNTEC::P5-24</ItemDescription>
					<Index>8716</Index>
					<Subindex>4</Subindex>
					<Type>INT</Type>
					<BitSize>32</BitSize>
					<Unit>0.001</Unit>
					<Range>500~2000</Range>
					<DisplayFormat>Decimal</DisplayFormat>
				</Item>
				<Item Name="25" Permission="Writable" Level="2">
					<ItemDescription>MMI::DriverParameter::SYNTEC::P5-25</ItemDescription>
					<Index>8717</Index>
					<Subindex>4</Subindex>
					<Type>INT</Type>
					<BitSize>32</BitSize>
					<Unit>0.001</Unit>
					<Range>500~2000</Range>
					<DisplayFormat>Decimal</DisplayFormat>
				</Item>
				<Item Name="28" Permission="Writable" Level="2">
					<ItemDescription>MMI::DriverParameter::SYNTEC::P5-28</ItemDescription>
					<Index>8720</Index>
					<Subindex>4</Subindex>
					<Type>INT</Type>
					<BitSize>32</BitSize>
					<Unit>--</Unit>
					<Range>0~1</Range>
					<DisplayFormat>Decimal</DisplayFormat>
				</Item>
				<Item Name="29" Permission="Read Only" Level="5">
					<ItemDescription>MMI::DriverParameter::SYNTEC::P5-29</ItemDescription>
					<Index>8721</Index>
					<Subindex>4</Subindex>
					<Type>INT</Type>
					<BitSize>32</BitSize>
					<Unit>0.0001</Unit>
					<Range>0~10000</Range>
					<DisplayFormat>Decimal</DisplayFormat>
				</Item>
				<Item Name="30" Permission="Writable" Level="5">
					<ItemDescription>MMI::DriverParameter::SYNTEC::P5-30</ItemDescription>
					<Index>8722</Index>
					<Subindex>4</Subindex>
					<Type>INT</Type>
					<BitSize>32</BitSize>
					<Unit>0.001</Unit>
					<Range>0~3000000</Range>
					<DisplayFormat>Decimal</DisplayFormat>
				</Item>
				<Item Name="31" Permission="Read Only" Level="5">
					<ItemDescription>MMI::DriverParameter::SYNTEC::P5-31</ItemDescription>
					<Index>8723</Index>
					<Subindex>4</Subindex>
					<Type>INT</Type>
					<BitSize>32</BitSize>
					<Unit>0.001</Unit>
					<Range>0~3000000</Range>
					<DisplayFormat>Decimal</DisplayFormat>
				</Item>
				<Item Name="32" Permission="Read Only" Level="5">
					<ItemDescription>MMI::DriverParameter::SYNTEC::P5-32</ItemDescription>
					<Index>8724</Index>
					<Subindex>4</Subindex>
					<Type>INT</Type>
					<BitSize>32</BitSize>
					<Unit>0.001</Unit>
					<Range>0~3000000</Range>
					<DisplayFormat>Decimal</DisplayFormat>
				</Item>
				<Item Name="33" Permission="Read Only" Level="5">
					<ItemDescription>MMI::DriverParameter::SYNTEC::P5-33</ItemDescription>
					<Index>8725</Index>
					<Subindex>4</Subindex>
					<Type>INT</Type>
					<BitSize>32</BitSize>
					<Unit>0.001</Unit>
					<Range>0~3000000</Range>
					<DisplayFormat>Decimal</DisplayFormat>
				</Item>
				<Item Name="34" Permission="Read Only" Level="5">
					<ItemDescription>MMI::DriverParameter::SYNTEC::P5-34</ItemDescription>
					<Index>8726</Index>
					<Subindex>4</Subindex>
					<Type>INT</Type>
					<BitSize>32</BitSize>
					<Unit>0.001</Unit>
					<Range>0~3000000</Range>
					<DisplayFormat>Decimal</DisplayFormat>
				</Item>
				<Item Name="35" Permission="Read Only" Level="5">
					<ItemDescription>MMI::DriverParameter::SYNTEC::P5-35</ItemDescription>
					<Index>8727</Index>
					<Subindex>4</Subindex>
					<Type>INT</Type>
					<BitSize>32</BitSize>
					<Unit>0.001</Unit>
					<Range>0~3000000</Range>
					<DisplayFormat>Decimal</DisplayFormat>
				</Item>
				<Item Name="36" Permission="Read Only" Level="5">
					<ItemDescription>MMI::DriverParameter::SYNTEC::P5-36</ItemDescription>
					<Index>8728</Index>
					<Subindex>4</Subindex>
					<Type>INT</Type>
					<BitSize>32</BitSize>
					<Unit>0.001</Unit>
					<Range>0~3000000</Range>
					<DisplayFormat>Decimal</DisplayFormat>
				</Item>
				<Item Name="37" Permission="Read Only" Level="5">
					<ItemDescription>MMI::DriverParameter::SYNTEC::P5-37</ItemDescription>
					<Index>8729</Index>
					<Subindex>4</Subindex>
					<Type>INT</Type>
					<BitSize>32</BitSize>
					<Unit>0.001</Unit>
					<Range>0~3000000</Range>
					<DisplayFormat>Decimal</DisplayFormat>
				</Item>
				<Item Name="38" Permission="Read Only" Level="5">
					<ItemDescription>MMI::DriverParameter::SYNTEC::P5-38</ItemDescription>
					<Index>8730</Index>
					<Subindex>4</Subindex>
					<Type>INT</Type>
					<BitSize>32</BitSize>
					<Unit>0.001</Unit>
					<Range>0~3000000</Range>
					<DisplayFormat>Decimal</DisplayFormat>
				</Item>
				<Item Name="39" Permission="Read Only" Level="5">
					<ItemDescription>MMI::DriverParameter::SYNTEC::P5-39</ItemDescription>
					<Index>8731</Index>
					<Subindex>4</Subindex>
					<Type>INT</Type>
					<BitSize>32</BitSize>
					<Unit>0.001</Unit>
					<Range>0~3000000</Range>
					<DisplayFormat>Decimal</DisplayFormat>
				</Item>
				<Item Name="40" Permission="Read Only" Level="5">
					<ItemDescription>MMI::DriverParameter::SYNTEC::P5-40</ItemDescription>
					<Index>8732</Index>
					<Subindex>4</Subindex>
					<Type>INT</Type>
					<BitSize>32</BitSize>
					<Unit>0.001</Unit>
					<Range>0~3000000</Range>
					<DisplayFormat>Decimal</DisplayFormat>
				</Item>
				<Item Name="41" Permission="Read Only" Level="5">
					<ItemDescription>MMI::DriverParameter::SYNTEC::P5-41</ItemDescription>
					<Index>8733</Index>
					<Subindex>4</Subindex>
					<Type>INT</Type>
					<BitSize>32</BitSize>
					<Unit>0.001</Unit>
					<Range>0~3000000</Range>
					<DisplayFormat>Decimal</DisplayFormat>
				</Item>
				<Item Name="42" Permission="Read Only" Level="5">
					<ItemDescription>MMI::DriverParameter::SYNTEC::P5-42</ItemDescription>
					<Index>8734</Index>
					<Subindex>4</Subindex>
					<Type>INT</Type>
					<BitSize>32</BitSize>
					<Unit>0.001</Unit>
					<Range>0~3000000</Range>
					<DisplayFormat>Decimal</DisplayFormat>
				</Item>
				<Item Name="43" Permission="Read Only" Level="5">
					<ItemDescription>MMI::DriverParameter::SYNTEC::P5-43</ItemDescription>
					<Index>8735</Index>
					<Subindex>4</Subindex>
					<Type>INT</Type>
					<BitSize>32</BitSize>
					<Unit>0.001</Unit>
					<Range>0~3000000</Range>
					<DisplayFormat>Decimal</DisplayFormat>
				</Item>
				<Item Name="44" Permission="Read Only" Level="5">
					<ItemDescription>MMI::DriverParameter::SYNTEC::P5-44</ItemDescription>
					<Index>8736</Index>
					<Subindex>4</Subindex>
					<Type>INT</Type>
					<BitSize>32</BitSize>
					<Unit>0.001</Unit>
					<Range>0~3000000</Range>
					<DisplayFormat>Decimal</DisplayFormat>
				</Item>
				<Item Name="45" Permission="Read Only" Level="5">
					<ItemDescription>MMI::DriverParameter::SYNTEC::P5-45</ItemDescription>
					<Index>8737</Index>
					<Subindex>4</Subindex>
					<Type>INT</Type>
					<BitSize>32</BitSize>
					<Unit>ns</Unit>
					<Range>-200000~200000</Range>
					<DisplayFormat>Decimal</DisplayFormat>
				</Item>
				<Item Name="46" Permission="Read Only" Level="5">
					<ItemDescription>MMI::DriverParameter::SYNTEC::P5-46</ItemDescription>
					<Index>8738</Index>
					<Subindex>4</Subindex>
					<Type>INT</Type>
					<BitSize>32</BitSize>
					<Unit>ns</Unit>
					<Range>-200000~200000</Range>
					<DisplayFormat>Decimal</DisplayFormat>
				</Item>
				<Item Name="47" Permission="Read Only" Level="5">
					<ItemDescription>MMI::DriverParameter::SYNTEC::P5-47</ItemDescription>
					<Index>8739</Index>
					<Subindex>4</Subindex>
					<Type>INT</Type>
					<BitSize>32</BitSize>
					<Unit>ns</Unit>
					<Range>-200000~200000</Range>
					<DisplayFormat>Decimal</DisplayFormat>
				</Item>
				<Item Name="48" Permission="Read Only" Level="5">
					<ItemDescription>MMI::DriverParameter::SYNTEC::P5-48</ItemDescription>
					<Index>8740</Index>
					<Subindex>4</Subindex>
					<Type>INT</Type>
					<BitSize>32</BitSize>
					<Unit>ns</Unit>
					<Range>-200000~200000</Range>
					<DisplayFormat>Decimal</DisplayFormat>
				</Item>
				<Item Name="49" Permission="Read Only" Level="5">
					<ItemDescription>MMI::DriverParameter::SYNTEC::P5-49</ItemDescription>
					<Index>8741</Index>
					<Subindex>4</Subindex>
					<Type>INT</Type>
					<BitSize>32</BitSize>
					<Unit>ns</Unit>
					<Range>-200000~200000</Range>
					<DisplayFormat>Decimal</DisplayFormat>
				</Item>
				<Item Name="50" Permission="Read Only" Level="5">
					<ItemDescription>MMI::DriverParameter::SYNTEC::P5-50</ItemDescription>
					<Index>8742</Index>
					<Subindex>4</Subindex>
					<Type>INT</Type>
					<BitSize>32</BitSize>
					<Unit>ns</Unit>
					<Range>-200000~200000</Range>
					<DisplayFormat>Decimal</DisplayFormat>
				</Item>
				<Item Name="51" Permission="Read Only" Level="5">
					<ItemDescription>MMI::DriverParameter::SYNTEC::P5-51</ItemDescription>
					<Index>8743</Index>
					<Subindex>4</Subindex>
					<Type>INT</Type>
					<BitSize>32</BitSize>
					<Unit>ns</Unit>
					<Range>-200000~200000</Range>
					<DisplayFormat>Decimal</DisplayFormat>
				</Item>
				<Item Name="52" Permission="Read Only" Level="5">
					<ItemDescription>MMI::DriverParameter::SYNTEC::P5-52</ItemDescription>
					<Index>8744</Index>
					<Subindex>4</Subindex>
					<Type>INT</Type>
					<BitSize>32</BitSize>
					<Unit>ns</Unit>
					<Range>-200000~200000</Range>
					<DisplayFormat>Decimal</DisplayFormat>
				</Item>
				<Item Name="53" Permission="Read Only" Level="5">
					<ItemDescription>MMI::DriverParameter::SYNTEC::P5-53</ItemDescription>
					<Index>8745</Index>
					<Subindex>4</Subindex>
					<Type>INT</Type>
					<BitSize>32</BitSize>
					<Unit>ns</Unit>
					<Range>-200000~200000</Range>
					<DisplayFormat>Decimal</DisplayFormat>
				</Item>
				<Item Name="54" Permission="Read Only" Level="5">
					<ItemDescription>MMI::DriverParameter::SYNTEC::P5-54</ItemDescription>
					<Index>8746</Index>
					<Subindex>4</Subindex>
					<Type>INT</Type>
					<BitSize>32</BitSize>
					<Unit>ns</Unit>
					<Range>-200000~200000</Range>
					<DisplayFormat>Decimal</DisplayFormat>
				</Item>
				<Item Name="55" Permission="Read Only" Level="5">
					<ItemDescription>MMI::DriverParameter::SYNTEC::P5-55</ItemDescription>
					<Index>8747</Index>
					<Subindex>4</Subindex>
					<Type>INT</Type>
					<BitSize>32</BitSize>
					<Unit>ns</Unit>
					<Range>-200000~200000</Range>
					<DisplayFormat>Decimal</DisplayFormat>
				</Item>
				<Item Name="56" Permission="Read Only" Level="5">
					<ItemDescription>MMI::DriverParameter::SYNTEC::P5-56</ItemDescription>
					<Index>8748</Index>
					<Subindex>4</Subindex>
					<Type>INT</Type>
					<BitSize>32</BitSize>
					<Unit>ns</Unit>
					<Range>-200000~200000</Range>
					<DisplayFormat>Decimal</DisplayFormat>
				</Item>
				<Item Name="57" Permission="Read Only" Level="5">
					<ItemDescription>MMI::DriverParameter::SYNTEC::P5-57</ItemDescription>
					<Index>8749</Index>
					<Subindex>4</Subindex>
					<Type>INT</Type>
					<BitSize>32</BitSize>
					<Unit>ns</Unit>
					<Range>-200000~200000</Range>
					<DisplayFormat>Decimal</DisplayFormat>
				</Item>
				<Item Name="58" Permission="Read Only" Level="5">
					<ItemDescription>MMI::DriverParameter::SYNTEC::P5-58</ItemDescription>
					<Index>8750</Index>
					<Subindex>4</Subindex>
					<Type>INT</Type>
					<BitSize>32</BitSize>
					<Unit>ns</Unit>
					<Range>-200000~200000</Range>
					<DisplayFormat>Decimal</DisplayFormat>
				</Item>
				<Item Name="59" Permission="Read Only" Level="5">
					<ItemDescription>MMI::DriverParameter::SYNTEC::P5-59</ItemDescription>
					<Index>8751</Index>
					<Subindex>4</Subindex>
					<Type>INT</Type>
					<BitSize>32</BitSize>
					<Unit>ns</Unit>
					<Range>-200000~200000</Range>
					<DisplayFormat>Decimal</DisplayFormat>
				</Item>
			</Category>
			<Category Name="P6" Description="MMI::DriverParameter::SYNTEC::P6">
				<Item Name="04" Permission="Writable" Level="0">
					<ItemDescription>MMI::DriverParameter::SYNTEC::P6-04</ItemDescription>
					<Index>8796</Index>
					<Subindex>4</Subindex>
					<Type>INT</Type>
					<BitSize>32</BitSize>
					<Unit>--</Unit>
					<Range>1~999999999</Range>
					<DisplayFormat>Decimal</DisplayFormat>
				</Item>
				<Item Name="05" Permission="Writable" Level="0">
					<ItemDescription>MMI::DriverParameter::SYNTEC::P6-05</ItemDescription>
					<Index>8797</Index>
					<Subindex>4</Subindex>
					<Type>INT</Type>
					<BitSize>32</BitSize>
					<Unit>--</Unit>
					<Range>1~999999999</Range>
					<DisplayFormat>Decimal</DisplayFormat>
				</Item>
				<Item Name="10" Permission="Writable" Level="0">
					<ItemDescription>MMI::DriverParameter::SYNTEC::P6-10</ItemDescription>
					<Index>8802</Index>
					<Subindex>4</Subindex>
					<Type>INT</Type>
					<BitSize>32</BitSize>
					<Unit>ms</Unit>
					<Range>0~60000</Range>
					<DisplayFormat>Decimal</DisplayFormat>
				</Item>
				<Item Name="11" Permission="Writable" Level="0">
					<ItemDescription>MMI::DriverParameter::SYNTEC::P6-11</ItemDescription>
					<Index>8803</Index>
					<Subindex>4</Subindex>
					<Type>INT</Type>
					<BitSize>32</BitSize>
					<Unit>ms</Unit>
					<Range>0~60000</Range>
					<DisplayFormat>Decimal</DisplayFormat>
				</Item>
				<Item Name="12" Permission="Writable" Level="0">
					<ItemDescription>MMI::DriverParameter::SYNTEC::P6-12</ItemDescription>
					<Index>8804</Index>
					<Subindex>4</Subindex>
					<Type>INT</Type>
					<BitSize>32</BitSize>
					<Unit>0.001Deg</Unit>
					<Range>1~10000</Range>
					<DisplayFormat>Decimal</DisplayFormat>
				</Item>
				<Item Name="13" Permission="Writable" Level="0">
					<ItemDescription>MMI::DriverParameter::SYNTEC::P6-13</ItemDescription>
					<Index>8805</Index>
					<Subindex>4</Subindex>
					<Type>INT</Type>
					<BitSize>32</BitSize>
					<Unit>--</Unit>
					<Range>0~1</Range>
					<DisplayFormat>Decimal</DisplayFormat>
				</Item>
				<Item Name="14" Permission="Writable" Level="0">
					<ItemDescription>MMI::DriverParameter::SYNTEC::P6-14</ItemDescription>
					<Index>8806</Index>
					<Subindex>4</Subindex>
					<Type>INT</Type>
					<BitSize>32</BitSize>
					<Unit>%</Unit>
					<Range>0~100</Range>
					<DisplayFormat>Decimal</DisplayFormat>
				</Item>
				<Item Name="15" Permission="Writable" Level="0">
					<ItemDescription>MMI::DriverParameter::SYNTEC::P6-15</ItemDescription>
					<Index>8807</Index>
					<Subindex>4</Subindex>
					<Type>INT</Type>
					<BitSize>32</BitSize>
					<Unit>0.1rpm</Unit>
					<Range>0~1000</Range>
					<DisplayFormat>Decimal</DisplayFormat>
				</Item>
				<Item Name="20" Permission="Writable" Level="0">
					<ItemDescription>MMI::DriverParameter::SYNTEC::P6-20</ItemDescription>
					<Index>8812</Index>
					<Subindex>4</Subindex>
					<Type>INT</Type>
					<BitSize>32</BitSize>
					<Unit>0.001Deg</Unit>
					<Range>0~359999</Range>
					<DisplayFormat>Decimal</DisplayFormat>
				</Item>
				<Item Name="21" Permission="Writable" Level="0">
					<ItemDescription>MMI::DriverParameter::SYNTEC::P6-21</ItemDescription>
					<Index>8813</Index>
					<Subindex>4</Subindex>
					<Type>INT</Type>
					<BitSize>32</BitSize>
					<Unit>--</Unit>
					<Range>0~2</Range>
					<DisplayFormat>Decimal</DisplayFormat>
				</Item>
				<Item Name="22" Permission="Writable" Level="0">
					<ItemDescription>MMI::DriverParameter::SYNTEC::P6-22</ItemDescription>
					<Index>8814</Index>
					<Subindex>4</Subindex>
					<Type>INT</Type>
					<BitSize>32</BitSize>
					<Unit>--</Unit>
					<Range>0~1</Range>
					<DisplayFormat>Decimal</DisplayFormat>
				</Item>		
				<Item Name="23" Permission="Writable" Level="1">
					<ItemDescription>MMI::DriverParameter::SYNTEC::P6-23</ItemDescription>
					<Index>8815</Index>
					<Subindex>4</Subindex>
					<Type>INT</Type>
					<BitSize>32</BitSize>
					<Unit>--</Unit>
					<Range>0~1</Range>
					<DisplayFormat>Decimal</DisplayFormat>
				</Item>	
				<Item Name="24" Permission="Writable" Level="0">
					<ItemDescription>MMI::DriverParameter::SYNTEC::P6-24</ItemDescription>
					<Index>8816</Index>
					<Subindex>4</Subindex>
					<Type>INT</Type>
					<BitSize>32</BitSize>
					<Unit>--</Unit>
					<Range>0~1</Range>
					<DisplayFormat>Decimal</DisplayFormat>
				</Item>	
				<Item Name="25" Permission="Writable" Level="0">
					<ItemDescription>MMI::DriverParameter::SYNTEC::P6-25</ItemDescription>
					<Index>8817</Index>
					<Subindex>4</Subindex>
					<Type>INT</Type>
					<BitSize>32</BitSize>
					<Unit>10ms</Unit>
					<Range>0~50</Range>
					<DisplayFormat>Decimal</DisplayFormat>
				</Item>
				<Item Name="26" Permission="Writable" Level="0">
					<ItemDescription>MMI::DriverParameter::SYNTEC::P6-26</ItemDescription>
					<Index>8818</Index>
					<Subindex>4</Subindex>
					<Type>INT</Type>
					<BitSize>32</BitSize>
					<Unit>rpm</Unit>
					<Range>0~10000</Range>
					<DisplayFormat>Decimal</DisplayFormat>
				</Item>
				<Item Name="27" Permission="Writable" Level="0">
					<ItemDescription>MMI::DriverParameter::SYNTEC::P6-27</ItemDescription>
					<Index>8819</Index>
					<Subindex>4</Subindex>
					<Type>INT</Type>
					<BitSize>32</BitSize>
					<Unit>10ms</Unit>
					<Range>10~100</Range>
					<DisplayFormat>Decimal</DisplayFormat>
				</Item>
				<Item Name="28" Permission="Writable" Level="0">
					<ItemDescription>MMI::DriverParameter::SYNTEC::P6-28</ItemDescription>
					<Index>8820</Index>
					<Subindex>4</Subindex>
					<Type>INT</Type>
					<BitSize>32</BitSize>
					<Unit>%</Unit>
					<Range>10~100</Range>
					<DisplayFormat>Decimal</DisplayFormat>
				</Item>
				<Item Name="30" Permission="Writable" Level="0">
					<ItemDescription>MMI::DriverParameter::SYNTEC::P6-30</ItemDescription>
					<Index>8822</Index>
					<Subindex>4</Subindex>
					<Type>INT</Type>
					<BitSize>32</BitSize>
					<Unit>--</Unit>
					<Range>0~1</Range>
					<DisplayFormat>Decimal</DisplayFormat>
				</Item>
				<Item Name="31" Permission="Writable" Level="0">
					<ItemDescription>MMI::DriverParameter::SYNTEC::P6-31</ItemDescription>
					<Index>8823</Index>
					<Subindex>4</Subindex>
					<Type>INT</Type>
					<BitSize>32</BitSize>
					<Unit>%</Unit>
					<Range>10~250</Range>
					<DisplayFormat>Decimal</DisplayFormat>
				</Item>
				<Item Name="32" Permission="Writable" Level="0">
					<ItemDescription>MMI::DriverParameter::SYNTEC::P6-32</ItemDescription>
					<Index>8824</Index>
					<Subindex>4</Subindex>
					<Type>INT</Type>
					<BitSize>32</BitSize>
					<Unit>0.1s</Unit>
					<Range>0~6000</Range>
					<DisplayFormat>Decimal</DisplayFormat>
				</Item>
				<Item Name="33" Permission="Writable" Level="0">
					<ItemDescription>MMI::DriverParameter::SYNTEC::P6-33</ItemDescription>
					<Index>8825</Index>
					<Subindex>4</Subindex>
					<Type>INT</Type>
					<BitSize>32</BitSize>
					<Unit>--</Unit>
					<Range>0~1</Range>
					<DisplayFormat>Decimal</DisplayFormat>
				</Item>
				<Item Name="34" Permission="Writable" Level="0">
					<ItemDescription>MMI::DriverParameter::SYNTEC::P6-34</ItemDescription>
					<Index>8826</Index>
					<Subindex>4</Subindex>
					<Type>INT</Type>
					<BitSize>32</BitSize>
					<Unit>%</Unit>
					<Range>10~250</Range>
					<DisplayFormat>Decimal</DisplayFormat>
				</Item>
				<Item Name="35" Permission="Writable" Level="0">
					<ItemDescription>MMI::DriverParameter::SYNTEC::P6-35</ItemDescription>
					<Index>8827</Index>
					<Subindex>4</Subindex>
					<Type>INT</Type>
					<BitSize>32</BitSize>
					<Unit>0.1s</Unit>
					<Range>0~6000</Range>
					<DisplayFormat>Decimal</DisplayFormat>
				</Item>
				<Item Name="40" Permission="Writable" Level="0">
					<ItemDescription>MMI::DriverParameter::SYNTEC::P6-40</ItemDescription>
					<Index>8832</Index>
					<Subindex>4</Subindex>
					<Type>INT</Type>
					<BitSize>32</BitSize>
					<Unit>pulse</Unit>
					<Range>0~999999999</Range>
					<DisplayFormat>Decimal</DisplayFormat>
				</Item>		
				<Item Name="41" Permission="Writable" Level="0">
					<ItemDescription>MMI::DriverParameter::SYNTEC::P6-41</ItemDescription>
					<Index>8833</Index>
					<Subindex>4</Subindex>
					<Type>INT</Type>
					<BitSize>32</BitSize>
					<Unit>0.01ms</Unit>
					<Range>1~1000000</Range>
					<DisplayFormat>Decimal</DisplayFormat>
				</Item>		
				<Item Name="42" Permission="Writable" Level="0">
					<ItemDescription>MMI::DriverParameter::SYNTEC::P6-42</ItemDescription>
					<Index>8834</Index>
					<Subindex>4</Subindex>
					<Type>INT</Type>
					<BitSize>32</BitSize>
					<Unit>--</Unit>
					<Range>0~1</Range>
					<DisplayFormat>Decimal</DisplayFormat>
				</Item>		
				<Item Name="80" Permission="Writable" Level="1">
					<ItemDescription>MMI::DriverParameter::SYNTEC::P6-80</ItemDescription>
					<Index>8872</Index>
					<Subindex>4</Subindex>
					<Type>INT</Type>
					<BitSize>32</BitSize>
					<Unit>--</Unit>
					<Range>0~30</Range>
					<DisplayFormat>Decimal</DisplayFormat>
				</Item>
				<Item Name="81" Permission="Writable" Level="1">
					<ItemDescription>MMI::DriverParameter::SYNTEC::P6-81</ItemDescription>
					<Index>8873</Index>
					<Subindex>4</Subindex>
					<Type>INT</Type>
					<BitSize>32</BitSize>
					<Unit>pulse/rev;pulse/mm</Unit>
					<Range>1~999999999</Range>
					<DisplayFormat>Decimal</DisplayFormat>
				</Item>
				<Item Name="82" Permission="Writable" Level="1">
					<ItemDescription>MMI::DriverParameter::SYNTEC::P6-82</ItemDescription>
					<Index>8874</Index>
					<Subindex>4</Subindex>
					<Type>INT</Type>
					<BitSize>32</BitSize>
					<Unit>--</Unit>
					<Range>0~1</Range>
					<DisplayFormat>Decimal</DisplayFormat>
				</Item>		
				<Item Name="83" Permission="Writable" Level="1">
					<ItemDescription>MMI::DriverParameter::SYNTEC::P6-83</ItemDescription>
					<Index>8875</Index>
					<Subindex>4</Subindex>
					<Type>INT</Type>
					<BitSize>32</BitSize>
					<Unit>--</Unit>
					<Range>0~2</Range>
					<DisplayFormat>Decimal</DisplayFormat>
				</Item>
				<Item Name="84" Permission="Writable" Level="1">
					<ItemDescription>MMI::DriverParameter::SYNTEC::P6-84</ItemDescription>
					<Index>8876</Index>
					<Subindex>4</Subindex>
					<Type>INT</Type>
					<BitSize>32</BitSize>
					<Unit>--</Unit>
					<Range>0~1</Range>
					<DisplayFormat>Decimal</DisplayFormat>
				</Item>
				<Item Name="85" Permission="Writable" Level="1">
					<ItemDescription>MMI::DriverParameter::SYNTEC::P6-85</ItemDescription>
					<Index>8877</Index>
					<Subindex>4</Subindex>
					<Type>INT</Type>
					<BitSize>32</BitSize>
					<Unit>--</Unit>
					<Range>0~4095</Range>
					<DisplayFormat>Decimal</DisplayFormat>
				</Item>
				<Item Name="86" Permission="Writable" Level="1">
					<ItemDescription>MMI::DriverParameter::SYNTEC::P6-86</ItemDescription>
					<Index>8878</Index>
					<Subindex>4</Subindex>
					<Type>INT</Type>
					<BitSize>32</BitSize>
					<Unit>--</Unit>
					<Range>0~4095</Range>
					<DisplayFormat>Decimal</DisplayFormat>
				</Item>
				<Item Name="87" Permission="Writable" Level="1">
					<ItemDescription>MMI::DriverParameter::SYNTEC::P6-87</ItemDescription>
					<Index>8879</Index>
					<Subindex>4</Subindex>
					<Type>INT</Type>
					<BitSize>32</BitSize>
					<Unit>--</Unit>
					<Range>0~2000</Range>
					<DisplayFormat>Decimal</DisplayFormat>
				</Item>
				<Item Name="88" Permission="Writable" Level="1">
					<ItemDescription>MMI::DriverParameter::SYNTEC::P6-88</ItemDescription>
					<Index>8880</Index>
					<Subindex>4</Subindex>
					<Type>INT</Type>
					<BitSize>32</BitSize>
					<Unit>--</Unit>
					<Range>0~2000</Range>
					<DisplayFormat>Decimal</DisplayFormat>
				</Item>
				<Item Name="89" Permission="Writable" Level="1">
					<ItemDescription>MMI::DriverParameter::SYNTEC::P6-89</ItemDescription>
					<Index>8881</Index>
					<Subindex>4</Subindex>
					<Type>INT</Type>
					<BitSize>32</BitSize>
					<Unit>0.01deg</Unit>
					<Range>8000~10000</Range>
					<DisplayFormat>Decimal</DisplayFormat>
				</Item>
				<Item Name="90" Permission="Writable" Level="1">
					<ItemDescription>MMI::DriverParameter::SYNTEC::P6-90</ItemDescription>
					<Index>8882</Index>
					<Subindex>4</Subindex>
					<Type>INT</Type>
					<BitSize>32</BitSize>
					<Unit>--</Unit>
					<Range>1~4096</Range>
					<DisplayFormat>Decimal</DisplayFormat>
				</Item>
				<Item Name="91" Permission="Writable" Level="7">
					<ItemDescription>MMI::DriverParameter::SYNTEC::P6-91</ItemDescription>
					<Index>8883</Index>
					<Subindex>4</Subindex>
					<Type>INT</Type>
					<BitSize>32</BitSize>
					<Unit>--</Unit>
					<Range>0~8192</Range>
					<DisplayFormat>Decimal</DisplayFormat>
				</Item>
				<Item Name="92" Permission="Writable" Level="1">
					<ItemDescription>MMI::DriverParameter::SYNTEC::P6-92</ItemDescription>
					<Index>8884</Index>
					<Subindex>4</Subindex>
					<Type>INT</Type>
					<BitSize>32</BitSize>
					<Unit>--</Unit>
					<Range>0~1</Range>
					<DisplayFormat>Decimal</DisplayFormat>
				</Item>
				<Item Name="93" Permission="Writable" Level="2">
					<ItemDescription>MMI::DriverParameter::SYNTEC::P6-93</ItemDescription>
					<Index>8885</Index>
					<Subindex>4</Subindex>
					<Type>INT</Type>
					<BitSize>32</BitSize>
					<Unit>--</Unit>
					<Range>0~10</Range>
					<DisplayFormat>Decimal</DisplayFormat>
				</Item>
				<Item Name="94" Permission="Writable" Level="2">
					<ItemDescription>MMI::DriverParameter::SYNTEC::P6-94</ItemDescription>
					<Index>8886</Index>
					<Subindex>4</Subindex>
					<Type>INT</Type>
					<BitSize>32</BitSize>
					<Unit>--</Unit>
					<Range>0~5</Range>
					<DisplayFormat>Decimal</DisplayFormat>
				</Item>
				<Item Name="95" Permission="Writable" Level="2">
					<ItemDescription>MMI::DriverParameter::SYNTEC::P6-95</ItemDescription>
					<Index>8887</Index>
					<Subindex>4</Subindex>
					<Type>INT</Type>
					<BitSize>32</BitSize>
					<Unit>--</Unit>
					<Range>-1~3</Range>
					<DisplayFormat>Decimal</DisplayFormat>
				</Item>			
				<Item Name="96" Permission="Writable" Level="2">
					<ItemDescription>MMI::DriverParameter::SYNTEC::P6-96</ItemDescription>
					<Index>8888</Index>
					<Subindex>4</Subindex>
					<Type>INT</Type>
					<BitSize>32</BitSize>
					<Unit>--</Unit>
					<Range>0~1</Range>
					<DisplayFormat>Decimal</DisplayFormat>
				</Item>				
			</Category>
			<Category Name="D0" Description="MMI::DriverParameter::SYNTEC::D0">
				<Item Name="00" Permission="Read Only" Level="0">
					<ItemDescription>MMI::DriverParameter::SYNTEC::D0-00</ItemDescription>
					<Index>9192</Index>
					<Subindex>4</Subindex>
					<Type>INT</Type>
					<BitSize>32</BitSize>
					<Unit>#'.'##'.'##rc###</Unit>
					<Range>-999999999~999999999</Range>
					<DisplayFormat>Decimal</DisplayFormat>
				</Item>
				<Item Name="01" Permission="Read Only" Level="0">
					<ItemDescription>MMI::DriverParameter::SYNTEC::D0-01</ItemDescription>
					<Index>9193</Index>
					<Subindex>4</Subindex>
					<Type>INT</Type>
					<BitSize>32</BitSize>
					<Unit>####/##/##</Unit>
					<Range>-999999999~999999999</Range>
					<DisplayFormat>Decimal</DisplayFormat>
				</Item>
				<Item Name="02" Permission="Read Only" Level="0">
					<ItemDescription>MMI::DriverParameter::SYNTEC::D0-02</ItemDescription>
					<Index>9194</Index>
					<Subindex>4</Subindex>
					<Type>INT</Type>
					<BitSize>32</BitSize>
					<Unit>--</Unit>
					<Range>-999999999~999999999</Range>
					<DisplayFormat>Decimal</DisplayFormat>
				</Item>
				<Item Name="03" Permission="Read Only" Level="0">
					<ItemDescription>MMI::DriverParameter::SYNTEC::D0-03</ItemDescription>
					<Index>9195</Index>
					<Subindex>4</Subindex>
					<Type>INT</Type>
					<BitSize>32</BitSize>
					<Unit>--</Unit>
					<Range>-999999999~999999999</Range>
					<DisplayFormat>Decimal</DisplayFormat>
				</Item>
				<Item Name="05" Permission="Read Only" Level="0">
					<ItemDescription>MMI::DriverParameter::SYNTEC::D0-05</ItemDescription>
					<Index>9197</Index>
					<Subindex>4</Subindex>
					<Type>INT</Type>
					<BitSize>32</BitSize>
					<Unit>#'.'#rc##</Unit>
					<Range>-999999999~999999999</Range>
					<DisplayFormat>Decimal</DisplayFormat>
				</Item>
				<Item Name="06" Permission="Read Only" Level="0">
					<ItemDescription>MMI::DriverParameter::SYNTEC::D0-06</ItemDescription>
					<Index>9198</Index>
					<Subindex>4</Subindex>
					<Type>INT</Type>
					<BitSize>32</BitSize>
					<Unit>--</Unit>
					<Range>-999999999~999999999</Range>
					<DisplayFormat>Decimal</DisplayFormat>
				</Item>
				<Item Name="07" Permission="Read Only" Level="0">
					<ItemDescription>MMI::DriverParameter::SYNTEC::D0-07</ItemDescription>
					<Index>9199</Index>
					<Subindex>4</Subindex>
					<Type>INT</Type>
					<BitSize>32</BitSize>
					<Unit>#'.'#rc##</Unit>
					<Range>-999999999~999999999</Range>
					<DisplayFormat>Decimal</DisplayFormat>
				</Item>
				<Item Name="08" Permission="Read Only" Level="0">
					<ItemDescription>MMI::DriverParameter::SYNTEC::D0-08</ItemDescription>
					<Index>9200</Index>
					<Subindex>4</Subindex>
					<Type>INT</Type>
					<BitSize>32</BitSize>
					<Unit>--</Unit>
					<Range>-999999999~999999999</Range>
					<DisplayFormat>Decimal</DisplayFormat>
				</Item>
				<Item Name="09" Permission="Read Only" Level="0">
					<ItemDescription>MMI::DriverParameter::SYNTEC::D0-09</ItemDescription>
					<Index>9201</Index>
					<Subindex>4</Subindex>
					<Type>INT</Type>
					<BitSize>32</BitSize>
					<Unit>--</Unit>
					<Range>-999999999~999999999</Range>
					<DisplayFormat>Decimal</DisplayFormat>
				</Item>
				<Item Name="10" Permission="Read Only" Level="0">
					<ItemDescription>MMI::DriverParameter::SYNTEC::D0-10</ItemDescription>
					<Index>9202</Index>
					<Subindex>4</Subindex>
					<Type>INT</Type>
					<BitSize>32</BitSize>
					<Unit>--</Unit>
					<Range>-999999999~999999999</Range>
					<DisplayFormat>Decimal</DisplayFormat>
				</Item>
			</Category>
			<Category Name="D1" Description="MMI::DriverParameter::SYNTEC::D1">
				<Item Name="31" Permission="Read Only" Level="0">
					<ItemDescription>MMI::DriverParameter::SYNTEC::D1-31</ItemDescription>
					<Index>9323</Index>
					<Subindex>4</Subindex>
					<Type>INT</Type>
					<BitSize>32</BitSize>
					<Unit>pulse</Unit>
					<Range>-999999999~999999999</Range>
					<DisplayFormat>Decimal</DisplayFormat>
				</Item>
				<Item Name="32" Permission="Read Only" Level="0">
					<ItemDescription>MMI::DriverParameter::SYNTEC::D1-32</ItemDescription>
					<Index>9324</Index>
					<Subindex>4</Subindex>
					<Type>INT</Type>
					<BitSize>32</BitSize>
					<Unit>--</Unit>
					<Range>-999999999~999999999</Range>
					<DisplayFormat>Decimal</DisplayFormat>
				</Item>
				<Item Name="38" Permission="Read Only" Level="0">
					<ItemDescription>MMI::DriverParameter::SYNTEC::D1-38</ItemDescription>
					<Index>9330</Index>
					<Subindex>4</Subindex>
					<Type>INT</Type>
					<BitSize>32</BitSize>
					<Unit>0.001DEG</Unit>
					<Range>-999999999~999999999</Range>
					<DisplayFormat>Decimal</DisplayFormat>
				</Item>							
			</Category>
			<Category Name="P17" Description="MMI::DriverParameter::SYNTEC::P17">
				<Item Name="00" Permission="Read Only" Level="0">
					<ItemDescription>MMI::DriverParameter::SYNTEC::P17-00</ItemDescription>
					<Index>9892</Index>
					<Subindex>4</Subindex>
					<Type>INT</Type>
					<BitSize>32</BitSize>
					<Unit>--</Unit>
					<Range>0h~7FFFFFFFh</Range>
					<DisplayFormat>Decimal</DisplayFormat>
				</Item>						
			</Category>
			<Category Name="Fn" Description="MMI::DriverParameter::SYNTEC::Fn">
				<Item Name="00" Permission="Writable" Level="0">
					<ItemDescription>MMI::DriverParameter::SYNTEC::Fn-00</ItemDescription>
					<Index>10192</Index>
					<Subindex>4</Subindex>
					<Type>INT</Type>
					<BitSize>32</BitSize>
					<Unit>--</Unit>
					<Range>0~6</Range>
					<DisplayFormat>Decimal</DisplayFormat>
				</Item>
				<Item Name="01" Permission="Writable" Level="0">
					<ItemDescription>MMI::DriverParameter::SYNTEC::Fn-01</ItemDescription>
					<Index>10193</Index>
					<Subindex>4</Subindex>
					<Type>INT</Type>
					<BitSize>32</BitSize>
					<Unit>--</Unit>
					<Range>-1~1</Range>
					<DisplayFormat>Decimal</DisplayFormat>
				</Item>
				<Item Name="02" Permission="Writable" Level="0">
					<ItemDescription>MMI::DriverParameter::SYNTEC::Fn-02</ItemDescription>
					<Index>10194</Index>
					<Subindex>4</Subindex>
					<Type>INT</Type>
					<BitSize>32</BitSize>
					<Unit>RPM</Unit>
					<Range>0~999999999</Range>
					<DisplayFormat>Decimal</DisplayFormat>
				</Item>
				<Item Name="03" Permission="Writable" Level="0">
					<ItemDescription>MMI::DriverParameter::SYNTEC::Fn-03</ItemDescription>
					<Index>10195</Index>
					<Subindex>4</Subindex>
					<Type>INT</Type>
					<BitSize>32</BitSize>
					<Unit>--</Unit>
					<Range>0~1</Range>
					<DisplayFormat>Decimal</DisplayFormat>
				</Item>
				<Item Name="04" Permission="Writable" Level="0">
					<ItemDescription>MMI::DriverParameter::SYNTEC::Fn-04</ItemDescription>
					<Index>10196</Index>
					<Subindex>4</Subindex>
					<Type>INT</Type>
					<BitSize>32</BitSize>
					<Unit>pulse</Unit>
					<Range>-999999999~999999999</Range>
					<DisplayFormat>Decimal</DisplayFormat>
				</Item>
				<Item Name="05" Permission="Writable" Level="0">
					<ItemDescription>MMI::DriverParameter::SYNTEC::Fn-05</ItemDescription>
					<Index>10197</Index>
					<Subindex>4</Subindex>
					<Type>INT</Type>
					<BitSize>32</BitSize>
					<Unit>pulse</Unit>
					<Range>-999999999~999999999</Range>
					<DisplayFormat>Decimal</DisplayFormat>
				</Item>				
				<Item Name="10" Permission="Writable" Level="0">
					<ItemDescription>MMI::DriverParameter::SYNTEC::Fn-10</ItemDescription>
					<Index>10202</Index>
					<Subindex>4</Subindex>
					<Type>INT</Type>
					<BitSize>32</BitSize>
					<Unit>--</Unit>
					<Range>0~3</Range>
					<DisplayFormat>Decimal</DisplayFormat>
				</Item>
				<Item Name="11" Permission="Writable" Level="1">
					<ItemDescription>MMI::DriverParameter::SYNTEC::Fn-11</ItemDescription>
					<Index>10203</Index>
					<Subindex>4</Subindex>
					<Type>INT</Type>
					<BitSize>32</BitSize>
					<Unit>--</Unit>
					<Range>0~20</Range>
					<DisplayFormat>Decimal</DisplayFormat>
				</Item>
				<Item Name="12" Permission="Writable" Level="2">
					<ItemDescription>MMI::DriverParameter::SYNTEC::Fn-12</ItemDescription>
					<Index>10204</Index>
					<Subindex>4</Subindex>
					<Type>INT</Type>
					<BitSize>32</BitSize>
					<Unit>--</Unit>
					<Range>0~10</Range>
					<DisplayFormat>Decimal</DisplayFormat>
				</Item>
					<Item Name="13" Permission="Writable" Level="7">
					<ItemDescription>MMI::DriverParameter::SYNTEC::Fn-13</ItemDescription>
					<Index>10205</Index>
					<Subindex>4</Subindex>
					<Type>INT</Type>
					<BitSize>32</BitSize>
					<Unit>--</Unit>
					<Range>0~10</Range>
					<DisplayFormat>Decimal</DisplayFormat>
				</Item>
					<Item Name="18" Permission="Writable" Level="1">
					<ItemDescription>MMI::DriverParameter::SYNTEC::Fn-18</ItemDescription>
					<Index>10210</Index>
					<Subindex>4</Subindex>
					<Type>INT</Type>
					<BitSize>32</BitSize>
					<Unit>%</Unit>
					<Range>0~200</Range>
					<DisplayFormat>Decimal</DisplayFormat>
				</Item>
				<Item Name="20" Permission="Writable" Level="1">
					<ItemDescription>MMI::DriverParameter::SYNTEC::Fn-20</ItemDescription>
					<Index>10212</Index>
					<Subindex>4</Subindex>
					<Type>INT</Type>
					<BitSize>32</BitSize>
					<Unit>--</Unit>
					<Range>0~6</Range>
					<DisplayFormat>Decimal</DisplayFormat>
				</Item>
				<Item Name="22" Permission="Writable" Level="1">
					<ItemDescription>MMI::DriverParameter::SYNTEC::Fn-22</ItemDescription>
					<Index>10214</Index>
					<Subindex>4</Subindex>
					<Type>INT</Type>
					<BitSize>32</BitSize>
					<Unit>%(MOT_I_NOM)</Unit>
					<Range>0~100</Range>
					<DisplayFormat>Decimal</DisplayFormat>
				</Item>
				<Item Name="23" Permission="Writable" Level="1">
					<ItemDescription>MMI::DriverParameter::SYNTEC::Fn-23</ItemDescription>
					<Index>10215</Index>
					<Subindex>4</Subindex>
					<Type>INT</Type>
					<BitSize>32</BitSize>
					<Unit>%(MAIN_SUPPLY)</Unit>
					<Range>0~100</Range>
					<DisplayFormat>Decimal</DisplayFormat>
				</Item>
				<Item Name="24" Permission="Writable" Level="1">
					<ItemDescription>MMI::DriverParameter::SYNTEC::Fn-24</ItemDescription>
					<Index>10216</Index>
					<Subindex>4</Subindex>
					<Type>INT</Type>
					<BitSize>32</BitSize>
					<Unit>%(MOT_I_NOM)</Unit>
					<Range>0~100</Range>
					<DisplayFormat>Decimal</DisplayFormat>
				</Item>
				<Item Name="25" Permission="Writable" Level="1">
					<ItemDescription>MMI::DriverParameter::SYNTEC::Fn-25</ItemDescription>
					<Index>10217</Index>
					<Subindex>4</Subindex>
					<Type>INT</Type>
					<BitSize>32</BitSize>
					<Unit>%(MOT_SPD_NOM)</Unit>
					<Range>0~100</Range>
					<DisplayFormat>Decimal</DisplayFormat>
				</Item>
				<Item Name="26" Permission="Writable" Level="2">
					<ItemDescription>MMI::DriverParameter::SYNTEC::Fn-26</ItemDescription>
					<Index>10218</Index>
					<Subindex>4</Subindex>
					<Type>INT</Type>
					<BitSize>32</BitSize>
					<Unit>--</Unit>
					<Range>0~1</Range>
					<DisplayFormat>Decimal</DisplayFormat>
				</Item>
				<Item Name="27" Permission="Writable" Level="1">
					<ItemDescription>MMI::DriverParameter::SYNTEC::Fn-27</ItemDescription>
					<Index>10219</Index>
					<Subindex>4</Subindex>
					<Type>INT</Type>
					<BitSize>32</BitSize>
					<Unit>0.0001</Unit>
					<Range>0~10000</Range>
					<DisplayFormat>Decimal</DisplayFormat>
				</Item>
				<Item Name="30" Permission="Writable" Level="0">
					<ItemDescription>MMI::DriverParameter::SYNTEC::Fn-30</ItemDescription>
					<Index>10222</Index>
					<Subindex>4</Subindex>
					<Type>INT</Type>
					<BitSize>32</BitSize>
					<Unit>--</Unit>
					<Range>0~3</Range>
					<DisplayFormat>Decimal</DisplayFormat>
				</Item>
				<Item Name="31" Permission="Writable" Level="0">
					<ItemDescription>MMI::DriverParameter::SYNTEC::Fn-31</ItemDescription>
					<Index>10223</Index>
					<Subindex>4</Subindex>
					<Type>INT</Type>
					<BitSize>32</BitSize>
					<Unit>--</Unit>
					<Range>0~9999</Range>
					<DisplayFormat>Decimal</DisplayFormat>
				</Item>
				<Item Name="32" Permission="Writable" Level="0">
					<ItemDescription>MMI::DriverParameter::SYNTEC::Fn-32</ItemDescription>
					<Index>10224</Index>
					<Subindex>4</Subindex>
					<Type>INT</Type>
					<BitSize>32</BitSize>
					<Unit>--</Unit>
					<Range>0~1</Range>
					<DisplayFormat>Decimal</DisplayFormat>
				</Item>
				<Item Name="33" Permission="Writable" Level="1">
					<ItemDescription>MMI::DriverParameter::SYNTEC::Fn-33</ItemDescription>
					<Index>10225</Index>
					<Subindex>4</Subindex>
					<Type>INT</Type>
					<BitSize>32</BitSize>
					<Unit>--</Unit>
					<Range>-999999999~999999999</Range>
					<DisplayFormat>Decimal</DisplayFormat>
				</Item>
				<Item Name="34" Permission="Writable" Level="0">
					<ItemDescription>MMI::DriverParameter::SYNTEC::Fn-34</ItemDescription>
					<Index>10226</Index>
					<Subindex>4</Subindex>
					<Type>INT</Type>
					<BitSize>32</BitSize>
					<Unit>--</Unit>
					<Range>0~1</Range>
					<DisplayFormat>Decimal</DisplayFormat>
				</Item>					
			</Category>
			<Category Name="Tunning" Description="MMI::DriverParameter::SYNTEC::Tunning">
				<Item Name="Type" Permission="None Visible">
					<ItemDescription>MMI::DriverParameter::SYNTEC::Tunning-Type</ItemDescription>
					<Index>20629</Index>
					<Subindex>2</Subindex>
					<Type>INT</Type>
					<BitSize>16</BitSize>
					<Unit>--</Unit>
					<Range>0~2</Range>
					<DisplayFormat>Hexadecimal</DisplayFormat>
				</Item>
			</Category>
		</Parameter>
		<CommandTable>
			<Command Name="LoadingRate">
				<CommandDescription>Loading Rate</CommandDescription>
				<Index>24695</Index>
				<Subindex>0</Subindex>
				<Type>INT</Type>
				<BitSize>32</BitSize>
			</Command>
		</CommandTable>
	</Profile>
</Configuration>
