<?xml version="1.0" encoding="UTF-8"?>
<ResMap>
	<!-- ========== Netset String Define =============== -->
	<Message ID="NetSet::NetworkRemoteDiag" Content="Network RemoteTech" />
	<Message ID="NetSet::CncLocation" Content="CNCLocation" />
	<Message ID="NetSet::CncName" Content="CNCName" />
	<Message ID="NetSet::WebUrl" Content="WebUrl" />
	<Message ID="NetSet::PCName" Content="PC Name" />
	<Message ID="NetSet::DirName" Content="Dir Name" />
	<Message ID="NetSet::UserName" Content="User Name" />
	<Message ID="NetSet::DirPassword" Content="Password" />
	<Message ID="NetSet::NetStatus" Content="Net Status" />
	<Message ID="MMI::NetSet::FormTitle" Content="Network Setting"/>
	<Message ID="NetSet::IPAddressParameter" Content="IP Address Parameter"/>
	<Message ID="NetSet::IPAddressSetting" Content="IP Address Setting"/>
	<Message ID="NetSet::GetByDHCP" Content="Obtain an IP Address via DHCP"/>
	<Message ID="NetSet::SpecifyIP" Content="Specify an IP Address"/>
	<Message ID="NetSet::IPAddress" Content="IP Address"/>
	<Message ID="NetSet::SubnetMask" Content="Subnet Mask"/>
	<Message ID="NetSet::DefGateway" Content="Default Gateway"/>
	<Message ID="NetSet::NameServerParameter" Content="Name Server Parameter"/>
	<Message ID="NetSet::PrimaryDNS" Content="Primary DNS"/>
	<Message ID="NetSet::PrimaryWINS" Content="Primary WINS"/>
	<Message ID="NetSet::NetworkDisk" Content="Network Disk"/>
	<Message ID="NetSet::RemoteHostPath" Content="Remote Host Path"/>
	<Message ID="NetSet::FTPServer" Content="Resource Shared"/>
	<Message ID="NetSet::SharedFolderPath" Content="Shared Folder Path"/>
	<Message ID="NetSet::SetReboot" Content="Network setting change, please reboot controller!"/>
</ResMap>
