﻿<?xml version="1.0" encoding="utf-8" ?>
<ResMap>
	<Message ID="MMI::LogoPath" Content="\diskc\OCRes\CHT\Picture\SynLogo.bmp" />

	<!-- ========== Common String Define ===================== -->
	<Message ID="MMI::Common::InputTag" Content="Input:" />
	<Message ID="MMI::Common::HintTag" Content="Hint:" />
	<Message ID="MMI::Common::BtnOK" Content="Ok" />
	<Message ID="MMI::Common::BtnCancel" Content="Cancel" />
	<Message ID="MMI::Common::BtnYes" Content="Yes" />
	<Message ID="MMI::Common::BtnNo" Content="No" />
	<Message ID="MMI::Common::DialogHint" Content=" (F1: Ok, F2: Focus Switch, F8: Exit)" />
	<Message ID="MMI::Common::DialogHintKey5" Content=" (F1: Ok, F2: Focus Switch, F5: Exit)" />

	<Message ID="MMI::Common::SelectItemTitle" Content="Select Item" />
	<Message ID="MMI::Common::PLC" Content="Ladder" />
	<Message ID="MMI::Common::Parameter" Content="Parameter" />
	<Message ID="MMI::Common::ParameterExt" Content="ParameterEx" />
	<Message ID="MMI::Common::Macro" Content="Macro" />
	<Message ID="MMI::Common::MacroAlarm" Content="Macro Alarm" />
	<Message ID="MMI::Common::Registry" Content="Registry" />
	<Message ID="MMI::Common::OCRes" Content="OCRes Files" />
	<Message ID="MMI::Common::HistoryAlarm" Content="History Alarm" />
	<Message ID="MMI::Common::OpLogFile" Content="OP Log" />
	<Message ID="MMI::Common::DriverParameter" Content="Driver Parameter" />
	<Message ID="MMI::Common::DataLogFile" Content="Diagnosis Log" />
	<Message ID="MMI::Common::AuthorityData" Content="Authority Data" />
	<Message ID="MMI::Common::SerialPLCAxisParam" Content="SPLCA Parameter" />
	<Message ID="MMI::Common::ECamData" Content="ECam Data" />
	<Message ID="MMI::Common::SelectAll" Content="All" />
	<Message ID="MMI::Common::SYNTEC_Backup" Content="SYNTEC Backup" />
	<Message ID="MMI::Common::Spend" Content="Total spend" />
	<Message ID="MMI::Common::Minute" Content="minutes" />

	<Message ID="MMI::InvalidFile" Content="Invalid File" />
	<Message ID="MMI::InputCorrectName" Content="Please input correct file name!" />
	<Message ID="MMI::InvalidNameInput" Content="Detect invalid characters in input filename !
	(Invalid characters:「&quot;」,「&lt;」,「&gt;」,「|」,「:」,「*」,「?」,「\」,「/」,「 」)" />
	<Message ID="MMI::InvalidNameExtension" Content="Input filename extension is not supported!" />
	<Message ID="MMI::From" Content="From :" />
	<Message ID="MMI::To" Content="To :" />
	<Message ID="MMI::FileCopy" Content="File Copy" />
	<Message ID="MMI::FileCopy::FolderRecursive" Content="Destination folder is sub folder of source folder !" />
	<Message ID="MMI::FileCopy::SameFilePath" Content="Destination and source is same file !" />
	<Message ID="MMI::FileCopy::OverWriteAll" Content="Is over write all !" />
	<Message ID="MMI::Axis::Not_Home" Content="Axis not home yet!" />

	<Message ID="OCBrowser::ErrInvalidRange" Content="Input value out of range!" />
	<Message ID="OCBrowser::ErrNumberOnly" Content="Invalid format!" />
	<Message ID="OCBrowser::WarningMsgBoxTitle" Content="Waring!" />
	<Message ID="OCBrowser::QuestionMsgBoxTitle" Content="Question?" />
	<Message ID="OCBrowser::HSHPParamInpTitle" Content="Work Parameter" />
	<Message ID="OCBrowser::HSHPLevelInpTitle" Content="Level Parameter" />
	<Message ID="MMI::Common::RunnungCannotInp" Content="Running...Please don't input!" />

	<Message ID="MMI::Zip" Content="Compressing :" />
	<Message ID="MMI::UnZip" Content="Uncompressing :" />
	<Message ID="MMI::ZipFile" Content="Compress Files" />
	<Message ID="MMI::ZipFileFail" Content="Compress Fail!" />
	<Message ID="MMI::UnZipFile" Content="Uncompress Files" />
	<Message ID="MMI::UnZipFileFail" Content="Uncompress Fail!" />

	<Message ID="MMI::Common::LeakMemory" Content="the free space of Disk is not Enough" />
	<Message ID="MMI::Common::DiskCLeakMemory" Content="the free space of system disk is not Enough" />
	<Message ID="MMI::Common::LeakTempMemory" Content="Temporary storage disk space shortage, please clean user file first." />
	<Message ID="MMI::Common::NotSupportFile" Content=" The file doesn't support" />
	<Message ID="MMI::Common::NotSupport" Content="The structure of this file doesn't support" />
	<Message ID="MMI::Common::NotFindRegStr" Content="Can't be found at Registry" />
	<Message ID="MMI::Common::CRCFail" Content="Check CRC Fail." />
	<Message ID="MMI::Common::CalCRCFail" Content="Calculate CRC Fail." />


	<!-- ========== Message String Define ===================== -->
	<Message ID="MMI::Message::InvalidDataInput" Content="Invalid Data Input" />
	<Message ID="MMI::Message::ErrorMessage" Content="Error Message" />
	<Message ID="MMI::Message::HelpMessage" Content="Help Message" />
	<Message ID="MMI::Message::UnderConstruction" Content="This function is still under construction" />
	<Message ID="MMI::Message::ClearCurrentWorkPieceTable" Content="Do You Want to Clear Current WorkPiece Table Data" />

	<!-- ========== Status String Define ===================== -->
	<Message ID="MMI::Status::NotReady" Content="Not Ready" />
	<Message ID="MMI::Status::Ready" Content="●Ready" />
	<Message ID="MMI::Status::Busy" Content="Busy..." />
	<Message ID="MMI::Status::FeedHold" Content="FeedHold" />
	<Message ID="MMI::Status::B_Stop" Content="B Stop" />
	<Message ID="MMI::Status::Alarm" Content="Alarm" />

	<!-- ========== Mode String Define ====================== -->
	<Message ID="MMI::Mode::NotSelect" Content="Not Select" />
	<Message ID="MMI::Mode::Edit" Content="Edit" />
	<Message ID="MMI::Mode::Auto" Content="Auto" />
	<Message ID="MMI::Mode::Mdi" Content="MDI" />
	<Message ID="MMI::Mode::Jog" Content="Jog" />
	<Message ID="MMI::Mode::IncJog" Content="Inc Jog" />
	<Message ID="MMI::Mode::Mpg" Content="MPG" />
	<Message ID="MMI::Mode::Home" Content="Home" />

	<!-- ========== Axis name Define ====================== -->
	<Message ID="MMI::Axis1" Content="X" />
	<Message ID="MMI::Axis2" Content="Y" />
	<Message ID="MMI::Axis3" Content="Z" />
	<Message ID="MMI::Axis4" Content="A" />
	<Message ID="MMI::Axis5" Content="B" />
	<Message ID="MMI::Axis6" Content="C" />
	<Message ID="MMI::Axis7" Content="U" />
	<Message ID="MMI::Axis8" Content="V" />
	<Message ID="MMI::Axis9" Content="W" />

	<!-- ========== Custom Form String Define ============== -->
	<Message ID="MMI::DataInput::Title" Content="Custom Screen" />
	<Message ID="MMI::CustomXml::ClearData" Content="Do you want to clear this field?" />
	<Message ID="MMI::CustomAct::SaveConfirm" Content="Are you sure to save " />
	<Message ID="MMI::CustomAct::Title" Content="Custom Action" />

	<!-- ========== Machine Form String Define ============== -->
	<Message ID="MMI::Machine::Title" Content="Machine" />
	<Message ID="MMI::Machine::MachCoord" Content="Machine" />
	<Message ID="MMI::Machine::AbsCoord" Content="Absolute" />
	<Message ID="MMI::Machine::RelCoord" Content="Relative" />
	<Message ID="MMI::Machine::DistanceToGo" Content="Dist. To Go" />
	<Message ID="MMI::Machine::FeedRate" Content="Feedrate" />
	<Message ID="MMI::Machine::SpindleRate" Content="Spindle" />
	<Message ID="MMI::Machine::RapidFeedRateOverride" Content="Rapid FeedRate Override" />
	<Message ID="MMI::Machine::FeedRateOverride" Content="FeedRate Override" />
	<Message ID="MMI::Machine::SpindleOverride" Content="Spindle Override" />

	<Message ID="MMI::Machine::SetInhibit" Content="Workpiece value can not edit when machine busy!" />
	<Message ID="MMI::Machine::ExternalShift" Content="External Shift" />
	<Message ID="MMI::Machine::MPGShift" Content="MPG Shift" />
	<Message ID="MMI::Machine::WorkPieceDisabled" Content="Workpiece system was disabled!" />
	<Message ID="MMI::Machine::G54" Content="G54" />
	<Message ID="MMI::Machine::G55" Content="G55" />
	<Message ID="MMI::Machine::G56" Content="G56" />
	<Message ID="MMI::Machine::G57" Content="G57" />
	<Message ID="MMI::Machine::G58" Content="G58" />
	<Message ID="MMI::Machine::G59" Content="G59" />
	<Message ID="MMI::Machine::G59.1" Content="G59.1" />
	<Message ID="MMI::Machine::G59.2" Content="G59.2" />
	<Message ID="MMI::Machine::G59.3" Content="G59.3" />
	<Message ID="MMI::Machine::G59.4" Content="G59.4" />
	<Message ID="MMI::Machine::G59.5" Content="G59.5" />
	<Message ID="MMI::Machine::G59.6" Content="G59.6" />
	<Message ID="MMI::Machine::G59.7" Content="G59.7" />
	<Message ID="MMI::Machine::G59.8" Content="G59.8" />
	<Message ID="MMI::Machine::G59.9" Content="G59.9" />
	<Message ID="MMI::Machine::G54P16" Content="G54 P16" />
	<Message ID="MMI::Machine::G54P17" Content="G54 P17" />
	<Message ID="MMI::Machine::G54P18" Content="G54 P18" />
	<Message ID="MMI::Machine::G54P19" Content="G54 P19" />
	<Message ID="MMI::Machine::G54P20" Content="G54 P20" />
	<Message ID="MMI::Machine::G54P21" Content="G54 P21" />
	<Message ID="MMI::Machine::G54P22" Content="G54 P22" />
	<Message ID="MMI::Machine::G54P23" Content="G54 P23" />
	<Message ID="MMI::Machine::G54P24" Content="G54 P24" />
	<Message ID="MMI::Machine::G54P25" Content="G54 P25" />
	<Message ID="MMI::Machine::G54P26" Content="G54 P26" />
	<Message ID="MMI::Machine::G54P27" Content="G54 P27" />
	<Message ID="MMI::Machine::G54P28" Content="G54 P28" />
	<Message ID="MMI::Machine::G54P29" Content="G54 P29" />
	<Message ID="MMI::Machine::G54P30" Content="G54 P30" />
	<Message ID="MMI::Machine::G54P31" Content="G54 P31" />

	<Message ID="MMI::AuxCoord::Title" Content="Aux. Coord" />
	<Message ID="MMI::ZDelta::Value" Content="Delta Z" />
	<Message ID="MMI::ZDelta::STEP1" Content="Do tool tip measure before do Delta Z" />
	<Message ID="MMI::ZDelta::STEP2" Content="1:Take tool tip to top of good" />
	<Message ID="MMI::ZDelta::STEP3" Content="2:Press F3, Delta Z Set" />
	
	<Message ID="MMI::ManualCenter::Title" Content="Manual Center" />
	<Message ID="MMI::ManualCenter::ModeHint" Content="(0:Manual,1:Auto)" />
	<Message ID="MMI::ManualCenter::OUTINModeHint" Content="(0:4Pts, 1:3Pts)" />
	<Message ID="MMI::ManualCenter::OperationStep" Content="Manual Center Operation Step:" />
	<Message ID="MMI::ManualCenter::Step1" Content="Step1：take the tool to the point Px1 and press Px1 to set" />
	<Message ID="MMI::ManualCenter::Step2" Content="Step2：take the tool to the point Px2 and press Px2 to set" />
	<Message ID="MMI::ManualCenter::Step3" Content="Step3：take the tool to the point Py1 and press Py1 to set" />
	<Message ID="MMI::ManualCenter::Step4" Content="Step4：take the tool to the point Py2 and press Py2 to set" />
	<Message ID="MMI::ManualCenter::Step5_One" Content="Step5：back to Workpiece screen to do Auxiliary"/>
	<Message ID="MMI::ManualCenter::Step5_Two" Content="point set" />
	<Message ID="MMI::ManualCenter::MachineCoord" Content="Machine Coordinate" />
	<Message ID="MMI::ManualCenter::Px1" Content="Px1" />
	<Message ID="MMI::ManualCenter::Px2" Content="Px2" />
	<Message ID="MMI::ManualCenter::Pxm" Content="Pxm" />
	<Message ID="MMI::ManualCenter::Py1" Content="Py1" />
	<Message ID="MMI::ManualCenter::Py2" Content="Py2" />
	<Message ID="MMI::ManualCenter::Pym" Content="Pym" />

	<Message ID="Browser::ManualCenter::Caption::Lab_3PtsCenter::Title" Content="Manual 3Pts Center" />
	<Message ID="Browser::ManualCenter::Caption::Lab_3PtsStep::OperationStep" Content="Manual Center Operation Step:" />
	<Message ID="Browser::ManualCenter::Caption::Lab_3PtsStep1::Step1" Content="Step1: take the tool to the point P1 and press F1" />
	<Message ID="Browser::ManualCenter::Caption::Lab_3PtsStep2::Step2" Content="Step2: take the tool to the point P2 and press F2" />
	<Message ID="Browser::ManualCenter::Caption::Lab_3PtsStep3::Step3" Content="Step3: take the tool to the point P3 and press F3" />
	<Message ID="Browser::ManualCenter::Caption::Lab_3PtsStep4::Step4" Content="Step4: Press 'Calculate the Center'" />
	<Message ID="Browser::ManualCenter::Caption::Lab_3PtsStep5_One::Step5_One" Content="Step5: back to Workpiece screen to do Auxiliary" />
	<Message ID="Browser::ManualCenter::Caption::Lab_3PtsStep5_Two::Step5_Two" Content="Point set" />
	<Message ID="Browser::ManualCenter::Caption::Lab_MachineCoord::MachineCoord" Content="Machine Coordinate" />
	<Message ID="Browser::ManualCenter::Caption::Lab_AuxTitle::Title" Content="Aux. Coordinate" />
	<Message ID="Browser::ManualCenter::Caption::Lab_CoordPx1::Px1" Content="Px1" />
	<Message ID="Browser::ManualCenter::Caption::Lab_CoordPy1::Py1" Content="Py1" />
	<Message ID="Browser::ManualCenter::Caption::Lab_CoordPx2::Px2" Content="Px2" />
	<Message ID="Browser::ManualCenter::Caption::Lab_CoordPy2::Py2" Content="Py2" />
	<Message ID="Browser::ManualCenter::Caption::Lab_CoordPxm::Pxm" Content="Pxm" />
	<Message ID="Browser::ManualCenter::Caption::Lab_CoordPym::Pym" Content="Pym" />
	<Message ID="Browser::ManualCenter::Caption::Lab_CoordR::R" Content="R" />
	<Message ID="MMI::ManualCenter::PointInLine" Content="Choose the three points which are not in a line and recalculate." />
	
	<Message ID="MMI::AutoCenter::Title" Content="Auto Center" />
	<Message ID="MMI::AutoCenter::ModeHint" Content="(0:Manual,1:Auto)" />
	<Message ID="MMI::AutoCenter::OperationStep" Content="Auto Center Operation Step:" />
	<Message ID="MMI::AutoCenter::Step1" Content="Step1：Parameter Input" />
	<Message ID="MMI::AutoCenter::Step2" Content="Step2：take the tool to the P2 and set Z height" />
	<Message ID="MMI::AutoCenter::Step3" Content="Step3：take the tool to the start point P1" />
	<Message ID="MMI::AutoCenter::Step4" Content="Step4：press the start center button" />
	<Message ID="MMI::AutoCenter::Step5_One" Content="Step5：back to Workpiece screen to do" />
	<Message ID="MMI::AutoCenter::Step5_Two" Content="Auxiliary point set" />
	<Message ID="MMI::AutoCenter::MachineCoord" Content="Machine Coordinate" />
	<Message ID="MMI::AutoCenter::Px1" Content="Px1" />
	<Message ID="MMI::AutoCenter::Px2" Content="Px2" />
	<Message ID="MMI::AutoCenter::Pxm" Content="Pxm" />
	<Message ID="MMI::AutoCenter::Py1" Content="Py1" />
	<Message ID="MMI::AutoCenter::Py2" Content="Py2" />
	<Message ID="MMI::AutoCenter::Pym" Content="Pym" />
	<Message ID="MMI::AutoCenter::InputTitle" Content="Please Input Parameter" />
	<Message ID="MMI::AutoCenter::LengthI" Content="Lenght I" />
	<Message ID="MMI::AutoCenter::WidthJ" Content="Width J" />
	<Message ID="MMI::AutoCenter::DistanceH" Content="Safe Distance H" />
	<Message ID="MMI::AutoCenter::FeedrateF" Content="Feedrate F" />
	<Message ID="MMI::AutoCenter::ZCoord" Content="Z Coordinate P2" />
	<Message ID="MMI::AutoCenter::OUTINModeHint" Content="(0:OUTAutoCenter,1:INAutoCenter)" />
	<Message ID="MMI::AutoCenter::NotInAuto" Content="System not in Auto mode, can't start auto center function!" />
	<Message ID="MMI::AutoCenter::DoCoordSet" Content="Do you want to do z axis coordinate teach?" />

	<Message ID="MMI::Machine::SetMachCoord" Content="Do you want to do 『Mach. Coord. Teach』?" />
	<Message ID="MMI::Machine::SetRelCoord" Content="Do you want to do 『Rel. Coord. Teach』?" />
	<Message ID="MMI::Machine::SetAuxCoord" Content="Do you want to do 『Aux. Coord. Teach』?" />
	<Message ID="MMI::Machine::MachCoordTeach" Content="Do you want to do 『Mach. Coord. Inc. Teach』?" />
	<Message ID="MMI::Machine::CoordIncInput" Content="Do you want to do 『Inc. Input』?" />
	<Message ID="MMI::Machine::MPGTeachMsg" Content="Can't teach in MPG coordinate." />

	<!-- ========== Program Edit Form String Define ========= -->
	<Message ID="MMI::Program::Title" Content="Program Edit" />
	<Message ID="MMI::Program::BackEdit" Content="BackGround Edit" />
	<Message ID="MMI::Program::EditProhibit" Content="Can not edit executing part program!" />
	<Message ID="MMI::Program::RenFileInhibit" Content="Can not rename using file!" />
	<Message ID="MMI::Program::DelLine" Content="Delete this line?" />
	<Message ID="MMI::Program::SearchStr" Content="Input String:" />
	<Message ID="MMI::Program::SearchTitle1" Content="String Search" />
	<Message ID="MMI::Program::SearchTitle2" Content="Search Result" />
	<Message ID="MMI::Program::Research" Content="MMI has finished searching the file. Do you want to research from start?" />
	<Message ID="MMI::Program::SearchNotFound" Content="String Not Found!" />
	<Message ID="MMI::Program::SearchLine" Content="Input Line No." />
	<Message ID="MMI::Program::SearchLineT1" Content="Line Search" />
	<Message ID="MMI::Program::LineIncorrect" Content="Please input positive integer" />
	<Message ID="MMI::Program::ReplaceResult" Content="Replace Result" />
	<Message ID="MMI::Program::ReplaceSearch" Content="Search String：" />
	<Message ID="MMI::Program::ReplaceStr" Content="Replace String：" />
	<Message ID="MMI::Program::ReplaceOk" Content="All Replace Ok!" />
	<Message ID="MMI::Program::DelFileCheck" Content="Delete File?" />
	<Message ID="MMI::Program::DelAllFileCheck" Content="Do you want to delete all files? " />
	<Message ID="MMI::Program::DelReadOnlyFile" Content=" is Read-Only, are you sure to delete? " />
	<Message ID="MMI::Program::InputFile" Content="Input File Name:" />
	<Message ID="MMI::Program::FileTitle1" Content="Open File" />
	<Message ID="MMI::Program::FileTitle2" Content="Copy File" />
	<Message ID="MMI::Program::CopyFile" Content="Copy File Name:" />
	<Message ID="MMI::Program::OverWrite" Content="Target file exist, OverWrite?" />
	<Message ID="MMI::Program::BlockEditHint" Content="Move cursor to another line, then press 'End Line' to select block!" />
	<Message ID="MMI::Program::EditName" Content="Edit Program Name：" />
	<Message ID="MMI::Program::C89EditProhibit" Content="Edit function prohibit!" />
	<Message ID="MMI::Program::RestSpace" Content="Free Space" />
	<Message ID="MMI::Program::DelFileInhibit" Content="in use, can't be delete!" />
	<Message ID="MMI::Program::OverWriteInhibit" Content="in use, can't be over write!" />
	<Message ID="MMI::Program::BusyOverWriteInhibit" Content="Running file can't be overwritten!" />
	<Message ID="MMI::Program::OverWriteRequirement" Content="in use, sure to overwrite?" />
	<Message ID="MMI::Program::SaveFileInhibit" Content="in use, can't be saved!" />
	<Message ID="MMI::Program::BlockCopySizeError" Content="Warning: Can't copy more then 32KB into clipboard!" />
	<Message ID="MMI::Program::BlockCutSizeError" Content="Warning: Can't cut more then 32KB into clipboard!" />
	<Message ID="MMI::Program::BlockPasteSizeError" Content="Warning: Can't paste more then 32KB into clipboard!" />
	<Message ID="MMI::Program::SaveFileInquiry" Content="Do you want to save file?" />

	<Message ID="MMI::Teach::Title" Content="Teach" />
	<Message ID="MMI::Teach::CancelArc" Content="Cancel Arc Middle Point" />
	<Message ID="MMI::TeachArc::PlaneAxisError" Content=" work planel, axis not open!" />
	
	<Message ID="MMI::TeachArc::Title" Content="Arc Middle Point" />
	<Message ID="MMI::TeachArc::Parallel" Content="Parallel Lines" />
	<Message ID="MMI::TeachArc::XAxis" Content="X axis coord." />
	<Message ID="MMI::TeachArc::YAxis" Content="Y axis coord." />
	<Message ID="MMI::TeachArc::ZAxis" Content="Z axis coord." />

	<Message ID="MMI::FileMgr::Title" Content="File Manager" />
	<Message ID="MMI::FileMgr::Name" Content="Name" />
	<Message ID="MMI::FileMgr::Size" Content="Size" />
	<Message ID="MMI::FileMgr::Type" Content="Type" />
	<Message ID="MMI::FileMgr::Date" Content="Modified" />
	<Message ID="MMI::FileMgr::Comment" Content="Comment" />
	<Message ID="MMI::FileMgr::MultiPath" Content="MultiPath" />
	<Message ID="MMI::FileMgr::SrcFile" Content="Source File" />
	<Message ID="MMI::FileMgr::DesFile" Content="Destination File" />
	<Message ID="MMI::FileMgr::Copy" Content="Copy" />
	<Message ID="MMI::FileMgr::Select" Content="Select" />
	<Message ID="MMI::FileMgr::SelectAll" Content="Select All" />
	<Message ID="MMI::FileMgr::CancelSelect" Content="Cancel All Select" />
	<Message ID="MMI::FileMgr::DeviceChange" Content="Change Disk" />
	<Message ID="MMI::FileMgr::Eject" Content="Change Disk" />
	<Message ID="MMI::FileMgr::SetSrc" Content="Source Dir" />
	<Message ID="MMI::FileMgr::SetDes" Content="Destination Dir" />
	<Message ID="MMI::FileMgr::Exit" Content="Exit" />
	<Message ID="MMI::FileMgr::MsgEject" Content="Please eject diskette from floppy Driver, and insert another disk!" />
	<Message ID="MMI::FileMgr::CopyOk" Content="File Copy Ok!" />
	<Message ID="MMI::FileMgr::Status" Content="Status: " />
	<Message ID="MMI::FileMgr::DirPath" Content="Look In: " />
	<Message ID="MMI::FileMgr::Filter" Content="File Type: " />
	<Message ID="MMI::FileMgr::SubDirs" Content="SubDirs " />
	<Message ID="MMI::FileMgr::Files" Content="Files " />
	<Message ID="MMI::FileMgr::DirNotExist" Content="Directory not exist! " />
	<Message ID="MMI::FileMgr::USBNotExit" Content="USB not exist!" />

	<Message ID="MMI::DiskNotReady" Content=" device not ready!" />

	<!-- ========== Run Form String Define ================== -->
	<Message ID="MMI::AssignMain::FormTitle" Content="Assign Main Program" />
	<Message ID="MMI::AssignMain::Inhibit" Content="System busying, Inhibit select another main program!" />
	<Message ID="MMI::AssignMain::MDIInhibit" Content="In MDI mode, Inhibit select another main program!" />
	<Message ID="MMI::AssignMain::NCNameLimit" Content="Program name too long, max length 31!" />
	<Message ID="MMI::AssignMain::IsBinaryFile" Content="The contents of the file is corrupted, please choose another file!" />
	<Message ID="MMI::AssignMain::EncodingErr" Content="MainProgram assign fail, reset system and setlect again or check file name encoding!" />
	<Message ID="MMI::AssignMain::IsNotFirAxesGroup" Content="This file is not match with axes group number. Please select another main program!" />

	<Message ID="MMI::Run::CannotInput" Content="Can not modify in Busy state!" />
	<Message ID="MMI::Run::Title" Content="Run" />
	<Message ID="MMI::Run::StartBlockNo" Content="Start Line No(N,L)" />
	<Message ID="MMI::Run::Coordinate" Content="Coordinate" />
	<Message ID="MMI::Run::MachCord" Content="Machine" />
	<Message ID="MMI::Run::AbsCord" Content="Absolute" />
	<Message ID="MMI::Run::RelCord" Content="Relative" />
	<Message ID="MMI::Run::ResDist" Content="Resident" />
	<Message ID="MMI::Run::RunStatus" Content="Run Status" />
	<Message ID="MMI::Run::RunTime" Content="Run Time" />
	<Message ID="MMI::Run::Hour" Content="H" />
	<Message ID="MMI::Run::Min" Content="M" />
	<Message ID="MMI::Run::Sec" Content="S" />
	<Message ID="MMI::Run::G00_Override" Content="G00 Over" />
	<Message ID="MMI::Run::G01_Override" Content="G01 Over" />
	<Message ID="MMI::Run::Spd_Override" Content="Spd Over" />
	<Message ID="MMI::Run::PartNo" Content="Part No." />
	<Message ID="MMI::Run::FeedRate" Content="Feed Rate" />
	<Message ID="MMI::Run::ToolNo" Content="Too No." />
	<Message ID="MMI::Run::Spindle1Speed" Content="Spindle Spd" />
	<Message ID="MMI::Run::Spindle2Speed" Content="Spindle Spd" />
	<Message ID="MMI::Run::PartCountSet" Content="Part Count" />
	<Message ID="MMI::Run::AcumRunTime" Content="Accum Run Time" />
	<Message ID="MMI::Run::AcumHour" Content="H" />
	<Message ID="MMI::Run::AcumMin" Content="M" />
	<Message ID="MMI::Run::AcumPartCount" Content="Part Count" />
	<Message ID="MMI::Run::RequiredPartCount" Content="Required Part" />
	<Message ID="MMI::Run::ClearCycleTime" Content="Do you want to clear accumulation cycle time?" />
	<Message ID="MMI::Run::FeedrateOverride" Content="Cut" />
	<Message ID="MMI::Run::RapidFeedrateOverride" Content="Rapid" />
	<Message ID="MMI::Run::Override" Content="Override" />
	<Message ID="MMI::Run::InteruptLineNO" Content="Interupt Line NO." />
	<Message ID="MMI::Run::InteruptColNO" Content="Interupt Colum NO." />	
	<Message ID="MMI::Run::PartCountReach" Content="Required part count reach!" />

	<Message ID="MMI::Run::GCode" Content="G Code" />
	<Message ID="MMI::Run::Interpolation" Content="Interpolation" />
	<Message ID="MMI::Run::Unit" Content="Unit" />
	<Message ID="MMI::Run::FeedControl" Content="Feed Control" />
	<Message ID="MMI::Run::WorkPlane" Content="Work Plane" />
	<Message ID="MMI::Run::ToolDiaComp" Content="Tool Dia Comp" />
	<Message ID="MMI::Run::RotationMode" Content="Rotation Mode" />
	<Message ID="MMI::Run::AbsRelMode" Content="Abs/Rel Cord." />
	<Message ID="MMI::Run::TooLenComp" Content="Tool Len Comp" />
	<Message ID="MMI::Run::SpindleCheck" Content="Spindle Check" />
	<Message ID="MMI::Run::2ndStroke" Content="2nd Stroke" />
	<Message ID="MMI::Run::Scale" Content="Scale" />
	<Message ID="MMI::Run::PolarCord" Content="Polar Cord Intrp" />
	<Message ID="MMI::Run::FeedRate2" Content="Feed Rate" />
	<Message ID="MMI::Run::ConstSurfSpeed" Content="Const Surf SP" />
	<Message ID="MMI::Run::PolarCmd" Content="Polar Cord Cmd" />
	<Message ID="MMI::Run::FeedrateToless" Content="Feedrate input can't less then 1.0 mm/min!" />
	<Message ID="MMI::Run::BLU_FeedrateToless" Content="Feedrate input can't less then 0.001 mm/min!" />

	<Message ID="MMI::Run::TotalAcumPartCount" Content="TotalAcumPartCount" />
	<Message ID="MMI::Run::SpindleStatus" Content="SpindleStatus" />
	<Message ID="MMI::Run::SpindleInfo" Content="Spindle Info." />
	<Message ID="MMI::Run::SpindleStatus1" Content="1st Spindle Speed" />
	<Message ID="MMI::Run::SpindleStatus2" Content="2nd Spindle Speed" />
	<Message ID="MMI::Run::SpindleStatus3" Content="3rd Spindle Speed" />
	<Message ID="MMI::Run::SpindleStatus4" Content="4th Spindle Speed" />
	<Message ID="MMI::Run::SyncDeltaAngle" Content="Sy. Shift Angle" />
	<Message ID="MMI::Run::SyncDiffAngle" Content="Sy. Diff. Angle" />

	<Message ID="MMI::Run::LoadingRate" Content="Loading Rate" />
	<Message ID="MMI::Run::S1Laoding" Content="1st Loading Rate" />
 	<Message ID="MMI::Run::S2Laoding" Content="2nd Loading Rate" />
 	<Message ID="MMI::Run::S3Loading" Content="3rd Loading Rate" />
 	<Message ID="MMI::Run::S4Laoding" Content="4th Loading Rate" />

	<Message ID="MMI::WorkRecord::Title" Content="Work Record" />
	<Message ID="MMI::WorkRecord::CurFileName" Content="File Name" />
	<Message ID="MMI::WorkRecord::CurFileComment" Content="File Comment" />
	<Message ID="MMI::WorkRecord::RequirePart" Content="Require Part" />
	<Message ID="MMI::WorkRecord::StartDateTime" Content="Start DateTime" />
	<Message ID="MMI::WorkRecord::PartCount" Content="Part Count" />
	<Message ID="MMI::WorkRecord::TotalPartCount" Content="Total Part Count" />
	<Message ID="MMI::WorkRecord::SingleTime" Content="Cycle Time" />
	<Message ID="MMI::WorkRecord::TotalTime" Content="Total Time" />

	<Message ID="MMI::WorkRecord::No" Content="No." />
	<Message ID="MMI::WorkRecord::ProgramName" Content="Program" />
	<Message ID="MMI::WorkRecord::StartDate" Content="Start DateTime" />
	<Message ID="MMI::WorkRecord::AllTime" Content="Total Time" />
	<Message ID="MMI::WorkRecord::AllPart" Content="Total Part Count" />
	<Message ID="MMI::WorkRecord::ProgramComment" Content="Comment" />

	<Message ID="MMI::WorkRecord::TableEnd" Content="- End -" />
	<Message ID="MMI::WorkRecord::ExportTo" Content="Export work record to file" />

	<Message ID="MMI::ClearWorkRecord" Content="Make sure to clear work record?" />
	<Message ID="MMI::BreakPoint::SearchWait" Content="Press enter key to start line search, it need some time!" />
	<Message ID="MMI::BreakPoint::Title" Content="Break point scaning" />
	<Message ID="MMI::BreakPoint::InSearch" Content="Break point scaning, please wait...! percentage:  " />
	<Message ID="MMI::BreakPoint::Abort" Content="Break point scan cancel, please input again " />
	<Message ID="MMI::BreakPoint::Complete" Content="Break point scan finish, press cycle start to start program" />
	<Message ID="MMI::BreakPoint::InBusy" Content="Break point scaning, system in busy, please don't re-trigger! " />
	<Message ID="MMI::BreakPoint::SearchNoFind" Content="Start Sequence No. or Line No. Not Find" />
	<Message ID="MMI::BreakPoint::Prog1SearchNoFind" Content="Prog1 can't find start sequence No." />
	<Message ID="MMI::BreakPoint::Prog2SearchNoFind" Content="Prog2 can't find start sequence No." />
	<Message ID="MMI::BreakPoint::SearchNoFind::Title" Content="Warning" />

	<!-- ========== Alarm Form String Define ================ -->
	<Message ID="MMI::Alarm::Title" Content="Alarm" />
	<Message ID="MMI::Alarm::FileEnd" Content="=====   END   =====" />
	<Message ID="MMI::Alarm::Axis" Content="Axis" />
	<Message ID="MMI::Alarm::The" Content="The" />
	<Message ID="MMI::Alarm::NcProgram" Content="NcProgram" />
	<Message ID="MMI::Alarm::Simulator" Content="Simulator" />
	<Message ID="MMI::Alarm::PendingAlarmLoading" Content="Pending Alarm Loading ..." />
	<Message ID="MMI::Alarm::HistoryAlarmLoading" Content="History Alarm Loading ..." />
	<Message ID="MMI::Alarm::ID" Content="No." />
	<Message ID="MMI::Alarm::AlarmClass" Content="Module" />
	<Message ID="MMI::Alarm::AlarmID" Content="ID" />
	<Message ID="MMI::Alarm::AlarmTime" Content="Issue Time" />
	<Message ID="MMI::Alarm::AlarmContent" Content="Content" />
	<Message ID="MMI::Alarm::PendingSave" Content="Pending Alarm Save" />
	<Message ID="MMI::Alarm::HistorySave" Content="History Alarm Save" />

	<!-- ========== Parameter Form String Define ============ -->
	<Message ID="MMI::Parameter::NoParamGroup" Content="parameter group doesn't exist" />
	<Message ID="MMI::Parameter::ParamGroupLoadFail" Content="parameter group load failed." />
	<Message ID="MMI::Parameter::Title" Content="Parameter" />
	<Message ID="MMI::Parameter::InputNo." Content="Input Param No." />
	<Message ID="MMI::Parameter::GoToNo." Content="Goto Parameter" />
	<Message ID="MMI::Parameter::No.NotExist" Content="Input Parameter No. not exist!" />
	<Message ID="MMI::Parameter::AxisNotOpen" Content="The Axis of Parameter No. Not Open" />
	<Message ID="MMI::Parameter::ParamID" Content="Index" />
	<Message ID="MMI::Parameter::ParamItem" Content="Item" />
	<Message ID="MMI::Parameter::ModifyTime" Content="Modify Time" />
	<Message ID="MMI::Parameter::ParamVal" Content="Value" />
	<Message ID="MMI::Parameter::Loading" Content="Parameter Table is Loading ..." />
	<Message ID="MMI::Parameter::PassInputHint" Content="Please Input Password：" />
	<Message ID="MMI::Parameter::PasswordError" Content="Password Input Error!" />
	<Message ID="MMI::Parameter::NumerialOnly" Content="Numerial Input Only!" />
	<Message ID="MMI::Parameter::OutofRange" Content="Input value out of range!" />
	<Message ID="MMI::Parameter::HSHPParamDefault" Content="Table"/>
	<Message ID="MMI::Parameter::401Lv1.lt.lv9" Content="For Pr401, Lv1 can't less than Lv9!" />
	<Message ID="MMI::Parameter::404Lv1.gt.lv9" Content="For Pr404, Lv1 can't greater than Lv9!" />
	<Message ID="MMI::Parameter::408Lv1.gt.lv9" Content="For Pr408, Lv1 can't greater than Lv9!" />
	<Message ID="MMI::Parameter::TOL.Lv1.gt.lv9" Content="For TOL, Lv1 can't greater than Lv9!" />
	<Message ID="MMI::Parameter::AskRestartCNC" Content="Are you sure you want to restart the CNC?" />

	<Message ID="MMI::Parameter::OpMode" Content="Operator Mode Setting" />
	<Message ID="MMI::Parameter::InputUnit" Content="Input/Display Unit(0:mm, 1:inch)" />
	<Message ID="MMI::Parameter::CannotModifyOp" Content="Can't change mm/inch when system busying!" />

	<Message ID="MMI::Parameter::SysTimeSet" Content="System Time Setting" />
	<Message ID="MMI::Parameter::SysDate" Content="System Date Setting (YYYY/MM/DD)" />
	<Message ID="MMI::Parameter::DateInputError" Content="Date input format error!" />
	<Message ID="MMI::Parameter::SysTime" Content="System Time Setting (HH:MM:SS)" />
	<Message ID="MMI::Parameter::TimeInputError" Content="Time input format error!" />
	<Message ID="MMI::Parameter::LoadPitchFileError" Content="pitch file format error" />
	<Message ID="MMI::Parameter::TouchScreenChange" Content="Touch screen change, please reboot system" />
	<Message ID="MMI::Parameter::AdjustFail" Content="Touch screen adjust program open failure!" />
	<Message ID="MMI::Parameter::ProgFontSizeSet" Content="Program file font szie setting" />
	<Message ID="MMI::Parameter::ProgFontSize" Content="Size" />

	<Message ID="MMI::Parameter::MMITitle" Content="MMI Setting" />
	<Message ID="MMI::Parameter::InputNewValue" Content="Input New Value" />
	<Message ID="MMI::Parameter::SureToSetDefault" Content="Sure To Set This Default?" />
	<Message ID="MMI::Parameter::SureToSetDefaultAll" Content="Sure To Set Default All?" />
	
	<Message ID="MMI:NETSET::IP_FormatErr" Content="IP input format error!" />

	<Message ID="MMI::Password::Title" Content="Open PassWord Manager" />
	<Message ID="MMI::Password::Always" Content="No Use Time limit!" />
	<Message ID="MMI::Password::CheckNo" Content="Check No.：" />
	<Message ID="MMI::Password::PassNo" Content="Password ：" />
	<Message ID="MMI::Password::StartTime" Content="System Start Time：" />
	<Message ID="MMI::Password::EndTime" Content="System Can Use Time：" />
	<Message ID="MMI::Password::InputError" Content="Password Input error!" />
	<Message ID="MMI::Password::Error3Times" Content="Password Input error excess 3 times! Restart the controller!" />
	<Message ID="MMI::Password::InputOk" Content="Password Input correct" />
	<Message ID="MMI::Password::TimeOut" Content="Time Out，Input the password again!" />
	<Message ID="MMI::Password::TimeModify" Content="System time has been modified, Input the password again!" />
	<Message ID="MMI::Password::Daywarning" Content="System can use day remain " />
	<Message ID="MMI::Password::Day" Content="days" />
	<Message ID="MMI::Password::24hrwarning" Content="System can use time remain " />
	<Message ID="MMI::Password::Hour" Content="hours" />
	<Message ID="MMI::Password::HarewareNotMatch" Content="System hardware information not match!" />
	<Message ID="MMI::Password::NotInitial" Content="System not initial!" />
	<Message ID="MMI::Password::CncSerial" Content="Serial:" />
	<Message ID="MMI::Password::CncSerialCheck" Content="CK Sum:" />
	<Message ID="MMI::Password::InvalidUpgrade" Content="Invalid upgrade CNC version!" />

	<Message ID="MMI::OptionPassword::Title" Content="Software Option Manager" />
	<Message ID="MMI::SysInfo::SetOption" Content="Controller Option Setting" />
	<Message ID="MMI::SysInfo::SetSerial" Content="Controller Serial No. Setting" />
	<Message ID="MMI::SysInfo::SetRestore" Content="COntroller Serial NO., Model, Option Restore" />
	<Message ID="MMI::SysInfo::PassFormatErr" Content="Password format error!" />
	<Message ID="MMI::SysInfo::SerialErr" Content="Password Serial No. error!" />
	<Message ID="MMI::SysInfo::OptionStatus" Content="Option Status:" />
	<Message ID="MMI::SysInfo::CPUBoardName" Content="CPU Board:" />
	<Message ID="MMI::SysInfo::CNCModel" Content="Model Info:" />
	<Message ID="MMI::SysInfo::CNCSerial" Content="Serial NO.:" />
	<Message ID="MMI::SysInfo::MachineType" Content="Machine Type:" />
	<Message ID="MMI::SysInfo::CNCOption" Content="Software Option:" />
	<Message ID="MMI::SysInfo::OptionStatusOk" Content="Option stauts ordinary!" />
	<Message ID="MMI::SysInfo::OptionLeftTime" Content="Option left time: " />
	<Message ID="MMI::SysInfo::OptionTimeOut" Content="Option function time out!" />
	<Message ID="MMI::Password::InputOkReboot" Content="Password Input correct, please reboot system" />

	<Message ID="MMI::SysInfo::Option11" Content="High Precision Contouring Control" />
	<Message ID="MMI::SysInfo::Option12" Content="Rotation Tool Center Point Control (RTCP)" />
	<Message ID="MMI::SysInfo::Option13" Content="Feature Coordinate System" />
	<Message ID="MMI::SysInfo::Option15" Content="Tapping Learning" />
	<Message ID="MMI::SysInfo::Option16" Content="Vision System - 1 CCD" />
	<Message ID="MMI::SysInfo::Option17" Content="Vision System - 4 CCD" />
	<Message ID="MMI::SysInfo::Option18" Content="CAD/CAM" />
	<Message ID="MMI::SysInfo::Option19" Content="3D Arc Interpolation" />

	<!-- ========== Diagnostic Form String Define =========== -->
	<Message ID="MMI::Diagnostic::Title" Content="Diagnostic" />
	<Message ID="MMI::Diagnostic::InputSysDataNo." Content="SysData No.:" />
	<Message ID="MMI::Diagnostic::GoSysDataNo." Content="GoTo SysData" />
	<Message ID="MMI::Diagnostic::InputComVarNo." Content="Global No.:" />
	<Message ID="MMI::Diagnostic::GoComVarNo." Content="GoTo Global No." />
	<Message ID="MMI::Diagnostic::InputCoordVarNo." Content="Coord No.:" />
	<Message ID="MMI::Diagnostic::GoCoordVarNo." Content="GoTo Coord No." />
	<Message ID="MMI::Diagnostic::InputPLCRegNo." Content="Register No.:" />
	<Message ID="MMI::Diagnostic::GoPLCRegNo." Content="GoTo Register No." />
	<Message ID="MMI::Diagnostic::AcqProgress" Content="Data Acquistion Progress：" />
	<Message ID="MMI::Diagnostic::SampleTimeInput" Content="Sample time, Times of Interpolation time" />
	<Message ID="MMI::Diagnostic::AppAlreadyRuning" Content="Program is runing or loading" />

	<Message ID="MMI::Backup::MsgTitle" Content="System setting backup" />
	<Message ID="MMI::Restore::MsgTitle" Content="System setting restore" />
	<Message ID="MMI::Install::MsgTitle" Content="System Software Installer" />
	<Message ID="MMI::Install::MsgStep1" Content="Step1：Press F1 File Copy, copy install file to install directory." />
	<Message ID="MMI::Install::MsgStep2" Content="Step2：Press F2 File install, install file to assign location" />
	<Message ID="MMI::Install::MsgEnd" Content="Press Enter to close Message Box." />
	<Message ID="MMI::Install::InstallPrompt" Content="This function will install software, press Yes to continue!" />
	<Message ID="MMI::Install::RegistryError" Content="Set registry error! check the second item data of autorun!!" />
	<Message ID="MMI::Install::Reboot" Content="Please reboot the controller, software will be install on next boot up!" />
	<Message ID="MMI::Install::MacroFile" Content="Can you still want to install Macro?" />
	<Message ID="MMI::Install::ParamFile" Content="Can you still want to install Parameter?" />
	<Message ID="MMI::Install::RegistryFile" Content="Can you still want to install Registry?" />
	<Message ID="MMI::Install::PLCFile" Content="Can you still want to install Ladder?" />
	<Message ID="MMI::Install::CopyZipFail" Content="Fail to copy the file to DiskC" />
	<Message ID="MMI::Backup::EmptyItem" Content="Please verify you have been select items for backup" />
	<Message ID="MMI::Backup::BackupTitle" Content="Select Backup Item" />
	<Message ID="MMI::Backup::FailInHSHP" Content="Fail to read multi-HSHP" />
	<Message ID="MMI::Install::FailInHSHP" Content="Fail to write multi-HSHP" />
	<Message ID="MMI::Restore::EmptyItem" Content="Please verify you have been select items for install" />
	<Message ID="MMI::Restore::RestoreTitle" Content="Select Restore Item" />

	<Message ID="MMI::OCRemote::Title" Content="Remote Diagnosis" />
	<Message ID="MMI::OCRemote::ServerFail" Content="Remote diagnosis start fail, web address error or server not start, please check and try again!" />

	<!-- ========== Tool4M Form String Define =============== -->
	<Message ID="MMI::Tool4M::Title" Content="Run" />
	<Message ID="MMI::Tool4M::MachCoord" Content="Machine" />
	<Message ID="MMI::Tool4M::AbsCoord" Content="Absolute" />
	<Message ID="MMI::Tool4M::RelCoord" Content="Relative" />
	<Message ID="MMI::Tool4M::InputModeMsg" Content="Input Mode(A：Absolute；I：Increment)" />
	<Message ID="MMI::Tool4M::AbsInput" Content="Absolute" />
	<Message ID="MMI::Tool4M::IncInput" Content="Incremental" />
	<Message ID="MMI::Tool4M::MeasureInput" Content="(Z：Measure Input)" />
	<Message ID="MMI::Tool4M::ToolSetMode" Content="Tool Compensation" />
	<Message ID="MMI::Tool4M::ToolGeometry" Content="Geometry" />
	<Message ID="MMI::Tool4M::ToolWear" Content="Wear" />
	<Message ID="MMI::Tool4M::LengthGeometry" Content="Length Geometry" />
	<Message ID="MMI::Tool4M::LengthWear" Content="Length Wear" />
	<Message ID="MMI::Tool4M::ToolSetting" Content="Tool Setting" />
	<Message ID="MMI::Tool4M::Coordinate" Content="Coodinate" />
	<Message ID="MMI::Tool4M::SetToolLengthInthibit" Content="Can not edit Tool setting at run time!" />
	<Message ID="MMI::Tool4M::DoSetToolMachCoord" Content="Do you want to set tool from machine coordinate?" />
	<Message ID="MMI::Tool4M::DoSetToolRelCoord" Content="Do you want to set tool from relative coordinate?" />
	
	<Message ID="MMI::ToolNo::Title" Content="MG And Tool No. T Table" />
	<Message ID="MMI::ToolNo::TurrentNo" Content="Turrent No" />
	<Message ID="MMI::ToolNo::SpindleNo" Content="Spindle No" />

	<!-- ========== Tool4T Form String Define =============== -->
	<Message ID="MMI::Tool4T::Title" Content="Run" />
	<Message ID="MMI::Tool4T::AbsCoord" Content="Absolute" />
	<Message ID="MMI::Tool4T::MachCoord" Content="Machine" />
	<Message ID="MMI::Tool4T::InputModeMsg" Content="Input Mode(A：Absolute；I：Increment)" />
	<Message ID="MMI::Tool4T::AbsInput" Content="Absolute" />
	<Message ID="MMI::Tool4T::IncInput" Content="Incremental" />
	<Message ID="MMI::Tool4T::MeasureInput" Content="(X‥Z：Measure Input)" />
	<Message ID="MMI::Tool4T::ToolWear" Content="Tool Wear" />
	<Message ID="MMI::Tool4T::ToolAxisWear" Content=" Wear" />
	<Message ID="MMI::Tool4T::ToolLength" Content="Tool Length" />
	<Message ID="MMI::Tool4T::ToolAxisLength" Content=" Length" />
	<Message ID="MMI::Tool4T::ToolNose" Content="Tool Nose" />
	<Message ID="MMI::Tool4T::ToolAngle" Content="Tool Rotation Angle(X-Y Plan)" />
	<Message ID="MMI::Tool4T::ToolNoseRadius" Content="Radius" />
	<Message ID="MMI::Tool4T::ToolNoseWear" Content="R.Wear" />
	<Message ID="MMI::Tool4T::ToolNoseDir" Content="Nose" />
	<Message ID="MMI::Tool4T::ToolNoseDirRange" Content="Nose Directory Range：【0‥9】" />
	<Message ID="MMI::Tool4T::InputError" Content="Input Error" />
	<Message ID="MMI::Tool4T::ToolSetting" Content="Tool Setting" />
	<Message ID="MMI::Tool4T::Coordinate" Content="Coodinate" />
	<Message ID="MMI::Tool4T::SetToolLengthInthibit" Content="Can not edit Tool setting at run time!" />

	<!-- ========== Simulation Form String Define =============== -->
	<Message ID="MMI::Simu::SimuGraph" Content="Simulation Graph" />
	<Message ID="MMI::Simu::AbsCord" Content="Absoute Coordinate" />
	<Message ID="MMI::Simu::PartProg" Content="Part Program" />
	<Message ID="MMI::Simu::AlarmList" Content="Syntax Error" />
	<Message ID="MMI::Simu::ParamSet" Content="Parameter Setting" />
	<Message ID="MMI::Simu::ColorSet" Content="Color" />
	<Message ID="MMI::Simu::ColorIndex" Content="Index" />
	<Message ID="MMI::Simu::PathColor" Content="Path" />
	<Message ID="MMI::Simu::CursorColor" Content="Cursor" />
	<Message ID="MMI::Simu::ViewAngle" Content="View Angle" />
	<Message ID="MMI::Simu::VertAngle" Content="Vertical" />
	<Message ID="MMI::Simu::HoriAngle" Content="Horizontal" />
	<Message ID="MMI::Simu::Scope" Content="Scope" />
	<Message ID="MMI::Simu::XMin" Content="X Min." />
	<Message ID="MMI::Simu::XMax" Content="X Max." />
	<Message ID="MMI::Simu::YMin" Content="Y Min." />
	<Message ID="MMI::Simu::YMax" Content="Y Max." />
	<Message ID="MMI::Simu::ZMin" Content="Z Min." />
	<Message ID="MMI::Simu::ZMax" Content="Z Max." />
	<Message ID="MMI::Simu::DrawMode" Content="Draw Mode" />
	<Message ID="MMI::Simu::SimuMode" Content="Simu Mode" />
	<Message ID="MMI::Simu::Quadrant" Content="Quadrant" />
	<Message ID="MMI::Simu::Quadrant0" Content="Default" />
	<Message ID="MMI::Simu::Quadrant1" Content="1st Quadrant" />
	<Message ID="MMI::Simu::Quadrant2" Content="2nd Quadrant" />
	<Message ID="MMI::Simu::Quadrant3" Content="3rd Quadrant" />
	<Message ID="MMI::Simu::Quadrant4" Content="4th Quadrant" />
	<Message ID="MMI::Simu::SimuMode0" Content="Simulation" />
	<Message ID="MMI::Simu::SimuMode1" Content="Direct draw" />
	<Message ID="MMI::Simu::SimuMode2" Content="Not Simulation" />
	<Message ID="MMI::Simu::SimuMode3" Content="Instant Simulation" />
	<Message ID="MMI::Simu::SimuRange" Content="Range" />
	<Message ID="MMI::Simu::StartBlock" Content="Start No." />
	<Message ID="MMI::Simu::EndBlock" Content="End No." />
	<Message ID="MMI::Simu::HintStart" Content="Start No, can be line No. (ex. 1) or prog. No. (ex. N3)" />
	<Message ID="MMI::Simu::HintEnd" Content="End No, can be line No. (ex. 2) or prog. No (ex. N15)" />

	<!-- ========== File Setup Install String Define =============== -->
	<Message ID="MMI::Setup::Frm_PSetup" Content="System Manager" />
	<Message ID="MMI::Setup::InstallComfirm" Content="Press enter to install" />
	<Message ID="MMI::Setup::ReadInstallInfo" Content="Read Install Information ...., wait...." />
	<Message ID="MMI::Setup::InsertDisk" Content="Please Insert USB Device, then press OK" />
	<Message ID="MMI::Setup::USBNotExist" Content="Install/Backup Device Not Found!" />
	<Message ID="MMI::Setup::CNCSoftwareInstall" Content="Cnc Software Install / Backup" />
	<Message ID="MMI::Setup::CNCBackup" Content="Cnc System Backup " />
	<Message ID="MMI::Setup::SoftwareInstall" Content="System Software Install..." />
	<Message ID="MMI::Setup::Win32NotSupport" Content="Win32 System not support this install method!" />
	<Message ID="MMI::Setup::RemoteNotSupport" Content="Remote operation is not supported." />
	<Message ID="MMI::Setup::Software::GetCNCPlatformError" Content="Unable to retrieve CNC operation system information." />
	<Message ID="MMI::Setup::Software::IncorrectCPU" Content="The selected installation package differs from the CNC's cpu platform.
Please select the correct package that support CNC's cpu platform." />
	<Message ID="MMI::Setup::Software::IncorrectPlatform" Content="The selected installation package differs from the CNC's operation system.
Please select the correct package that support CNC's operation system." />
	<Message ID="MMI::Setup::Software::IncorrectProduct" Content="The selected installation package differs from the CNC's product type.
Please select the correct package that support CNC's product type." />
	<Message ID="MMI::Setup::Software::IncorrectWindowsVER" Content="The selected installation package differs from the CNC's WindowsCE version.
Please select the correct package that support CNC's WindowsCE version." />
	<Message ID="MMI::Setup::Software::IncorrectMachineModel" Content="The selected installation package differs from the CNC's Machine model.
Please select the correct package that support CNC's Machine model."/>
	<Message ID="MMI::Setup::Software::CurrentPlatform" Content="Current OS" />
	<Message ID="MMI::Setup::Software::InstallPlatform" Content="Package OS" />
	<Message ID="MMI::Setup::Software::RejectDowngradeKernel" Content="The kernel cannot downgrade individually.
If you want to downgrade the CNC software, you need to select the package that contains both MMI and kernel." />
	<Message ID="MMI::Setup::Software::ConfirmInstall" Content="Installation package is confirmed. Do you want to continue to install?" />
	<Message ID="MMI::Setup::Software::CurrentVersion" Content="Current version" />
	<Message ID="MMI::Setup::Software::InstallVersion" Content="Install version" />
	<Message ID="MMI::Setup::Software::Kernel" Content="Kernel" />
	<Message ID="MMI::Setup::Software::MMI" Content="MMI" />
	<Message ID="MMI::Setup::Image::DontRemoveDevice" Content="Image upgrade, please don't remove external disk until install success!" />
	<Message ID="MMI::Setup::InstallFileFound" Content="Install file check ok, Press (F1 Yes) to install!" />
	<Message ID="MMI::Setup::InstallFileNotFound" Content="Install file not found, Please copy again!" />
	<Message ID="MMI::Setup::DeleteAutoRun" Content="Delete auto run last item!" />
	<Message ID="MMI::Setup::AddAutoRun" Content="Add install procedure to auto run!" />
	<Message ID="MMI::Setup::FileError" Content=",install file error, please re-copy again!" />
	<Message ID="MMI::Setup::Lab_Title::PLCBackup" Content="PLC File Backup" />
	<Message ID="MMI::Setup::Lab_Title::PLCRestore" Content="PLC File Restore" />
	<Message ID="MMI::Setup::Lab_Title::MacroBackup" Content="Macro File Backup" />
	<Message ID="MMI::Setup::Lab_Title::MacroRestore" Content="Macro File Restore" />
	<Message ID="MMI::Setup::Lab_Title::ParamBackup" Content="Param File Backup" />
	<Message ID="MMI::Setup::Lab_Title::ParamRestore" Content="Param File Restore" />
	<Message ID="MMI::Setup::Lab_Title::RegistryBackup" Content="Registry File Backup" />
	<Message ID="MMI::Setup::Lab_Title::RegistryRestore" Content="Registry File Restore" />
	<Message ID="MMI::Setup::Lab_Title::NcFilesBackup" Content="NC Files backup" />
	<Message ID="MMI::Setup::Lab_Title::NcFilesRestore" Content="NC Files install" />
	<Message ID="MMI::Setup::Lab_DriverSelectSrc" Content="Restore Source Select" />
	<Message ID="MMI::Setup::Lab_DriverSelectDst" Content="Backup Destination Select" />
	<Message ID="MMI::Setup::CmdFloppy" Content="Floppy" />
	<Message ID="MMI::Setup::CmdNet" Content="NetWork" />
	<Message ID="MMI::Setup::CmdExit" Content="Exit" />
	<Message ID="MMI::Setup::CmdFinish" Content="Finish" />
	<Message ID="MMI::Setup::CmdCancel" Content="Cancel" />
	<Message ID="MMI::Setup::FraSource" Content="Source File" />
	<Message ID="MMI::Setup::FraDes" Content="Destination File" />
	<Message ID="MMI::Setup::LstMountFloppy" Content="Mounting Floppy.." />
	<Message ID="MMI::Setup::LstMountNet" Content="Mounting Net.." />
	<Message ID="MMI::Setup::LstFileCopy" Content="File Copy" />
	<Message ID="MMI::Setup::LstCopyOk" Content="File Copy Ok" />
	<Message ID="MMI::Setup::LstCopyFail" Content="Copy Fail" />
	<Message ID="MMI::Setup::Msg_FileNotFound" Content="File Not Exist!" />
	<Message ID="MMI::Setup::Lab_Inc" Content="Sytecn Inc." />
	<Message ID="MMI::Setup::Txt_Floppy" Content="Backup or restore file by Floppy, Floppy Path is \Floppy" />
	<Message ID="MMI::Setup::Txt_Net" Content="Backup or restore file by Floppy, Floppy Path is \Network\Syntec" />
	<Message ID="MMI::Setup::NetRestartCNC" Content="CNC will restart after one minute." />
	<Message ID="MMI::Setup::NetRestartHMI" Content="Client would be restart after two minits。" />
	<Message ID="MMI::Setup::LocalAskRestartCNC" Content="Please Restart HMI." />
	<Message ID="MMI::Setup::Software::Failed::Package" Content="Installation failed. Error occured while checking installation package." />
	<Message ID="MMI::Setup::Software::Failed::Copy" Content="Installation failed. Unable to copy installation package." />
	<Message ID="MMI::Setup::Software::Failed::AutorunSetup" Content="Installation failed. Fail to set Start Process" />
	<Message ID="MMI::Setup::Software::Version" Content="Version" />
	<Message ID="MMI::Setup::Software::InstallAfterReboot" Content="The system will continue to install after reboot." />
	<Message ID="MMI::Setup::Msg_Reboot" Content="Please reboot the system!" />
	<Message ID="MMI::Setup::CopyFail" Content=" failed, please check disk or network and execute the action again!" />
	<Message ID="MMI::Setup::BackupSuccess" Content=" successfully!" />
	<Message ID="MMI::Setup::InstallSuccess" Content=" successfully, please reboot the system!" />
	<Message ID="MMI::Setup::InstallCommonSuccess" Content="Installing System success!" />
	<Message ID="MMI::Setup::InstallSuccessHaveReset" Content="successfully, please wait reboot finish." />
	<Message ID="MMI::Setup::InstallSuccessManualHMI" Content="successfully, please reboot system manually." />
	<Message ID="MMI::Setup::InstallSuccessManualBoth" Content="successfully, please reboot HMI and CNC system manually." />
	<Message ID="MMI::Setup::Lab_Title::InstallMsg" Content="Install Message：" />
	<Message ID="MMI::Setup::Lab_Title::InstallData" Content="Install Data" />
	<Message ID="MMI::Setup::Lab_Title::InstallName" Content="Install Name" />
	<Message ID="MMI::Setup::Lab_Title::SysName" Content="System Name" />
	<Message ID="MMI::Setup::Lab_Title::SysVer" Content="System Version" />
	<Message ID="MMI::Setup::Lab_Title::SysFileBackup" Content="System File Backup" />
	<Message ID="MMI::Setup::Lab_Title::SourceFile" Content="Source File:" />
	<Message ID="MMI::Setup::Lab_Title::TargetFile" Content="Target File:" />
	<Message ID="MMI::Setup::DirNotExistent" Content="Direction not existent!" />
	<Message ID="MMI::Setup::Msg_CycleStarting" Content="Can't Install software、Restore System Settings files and Import files in Cycle Start!" />
	<Message ID="MMI::Setup::Msg_HadDone" Content="You didn't completed the late install. Please reboot the system." />
	<Message ID="MMI::Setup::WaitUntilSuccess" Content="Please don't move it." />
	<Message ID="MMI::Setup::Restarting" Content="Please shut down the system and restart it after system installation completely." />
	<Message ID="MMI::Setup::RestartFail" Content="Connecting Fail. Please re-assign the Cnc network setting." />
	<Message ID="MMI::Setup::LstBackFail" Content="Backup Fail" />
	<Message ID="MMI::Setup::LstInstallFail" Content="Install Fail" />
	<Message ID="MMI::Setup::HMIData" Content="Installing HMI..." />
	<Message ID="MMI::Setup::fetchBackupListFail" Content="Fetch Buakcup List Fail." />
	<Message ID="MMI::Setup::RecoverInfo" Content="Install procedure be interrupted, plase wait it to install finish." />
	<Message ID="MMI::Setup::Lab_Title::RecoverFail" Content="Re-install Fail" />
	<Message ID="MMI::Setup::Lab_Title::RecoverSuccess" Content="Re-intall Success" />	
	<Message ID="MMI::Setup::RecoverSuccess" Content="Re-install fail, please wait cnc execute." />
	<Message ID="MMI::Setup::Backup::CNCStateCheck" Content="Can't execute backup system data in Cycle Start" />
	<Message ID="MMI::Setup::Install::CNCStateCheck" Content="Can't execute install system data in Cycle Start" />
	<Message ID="MMI::Setup::CNCData" Content="Instal CNC Data" />
	<Message ID="MMI::Setup::UnkownFail" Content="Unexecept Error." />
	<Message ID="MMI::Setup::InstallPart" Content="Installing partial items" />
	<Message ID="MMI::Setup::InstallFailManualBoth" Content="please reboot HMI and CNC manually." />

	<Message ID="MMI::Setup::SB::NoInternalBackup" Content="Can't find SB Restore Files!" />
	<Message ID="MMI::Setup::SB::DoInternalBackup" Content="Please execute the Syntec Backup Function!" />
	<Message ID="MMI::Setup::SB::Restore" Content="Restore" />

	<Message ID="MMI::Setup::Caption::Lab_BackupTipsTitle::BackupTipsTitle" Content="System Data Backup" />
	<Message ID="MMI::Setup::Caption::Lab_BackupTips::BackupTips" Content="Starting to backup system files and compress these files. 
And Save it into external Disk." />
	<Message ID="MMI::Setup::Caption::Hint::Backup::AllSelect" Content="Hint：Backup all Items/Cancel all items" />
	<Message ID="MMI::Setup::Caption::Hint::Backup::SB" Content="Hint：Backup SB Files" />
	<Message ID="MMI::Setup::Caption::Hint::Backup::PLC" Content="Hint : Backup PLC(cnc.lad) and Mulit-Language String files of PLC(AlarmPLC_L.xml, L:COM, CHT, CHS.....)" />
	<Message ID="MMI::Setup::Caption::Hint::Backup::Parameter" Content="Hint : Backup Parameter file(param.dat)" />
	<Message ID="MMI::Setup::Caption::Hint::Backup::ParameterEx" Content="Hint：Backup Parameter EXtension file(paramext.pxt)、Multi-Language String files of Parameter Extension(ParamExt_L.xml)
and Bytes String files of ParameterExt(ParamExt_RBit_L.xml, L:COM, CHT, CHS.....)" />
	<Message ID="MMI::Setup::Caption::Hint::Backup::Macro" Content="Hint：Backup MACRO Files and Alarm String file of Macro(AlarmMacro_L.xml, L:Common, CHT, CHS.....)" />
	<Message ID="MMI::Setup::Caption::Hint::Backup::Registry" Content="Hint：Backup Registry.dat，Include Tool Information/Coordinate Records/Measure Parameter/Run Records....." />
	<Message ID="MMI::Setup::Caption::Hint::Backup::OCRes" Content="Hint：Backup Only Custom HMI Screen files（OCRes), include &quot;My Favorite Setting&quot;
Expect below files(AlarmPLC_L.xml/AlarmMacro_L.xml/ParamExt_L.xml/ParamExt_RBit_L.xml, L:COM, CHT, CHS.....)" />
	<Message ID="MMI::Setup::Caption::Hint::Backup::DriverParameter" Content="Hint：Backup Driver Parameter and Layout Schema(TunningParam.dat...)" />
	<Message ID="MMI::Setup::Caption::Hint::Backup::HistoryAlarm" Content="Hint：Backup Current Alarm(Actalm.txt)and History Alarm(Histalm.txt)" />
	<Message ID="MMI::Setup::Caption::Hint::Backup::OpLogFile" Content="Hint：Bakcup Operate History files(OPLog.*)" />
	<Message ID="MMI::Setup::Caption::Hint::Backup::DataLogFile" Content="Hint：Backup machine status files (DataLog*.dat)" />
	<Message ID="MMI::Setup::Caption::Hint::Backup::AuthoData" Content="Hint：Bakcup Authority Data(Autho.xml)" />
	<Message ID="MMI::Setup::Caption::Hint::Backup::SerialPLCAxisParam" Content="Hint：Bakcup Serial PLC Axis Parameter(SerialParam.dat)" />
	<Message ID="MMI::Setup::Caption::Hint::Backup::ECamData" Content="Hint：Bakcup ECam Data(ECam.xml)" />
	<Message ID="MMI::Setup::Caption::Hint::Restore::AllSelect" Content="Hint：Restore all Items/Cancel all items" />
	<Message ID="MMI::Setup::Caption::Hint::Restore::SB" Content="Hint：Restore SB Files" />
	<Message ID="MMI::Setup::Caption::Hint::Restore::PLC" Content="Hint : Restore PLC(cnc.lad) and Mulit-Language String files of PLC(AlarmPLC_L.xml, L:COM, CHT, CHS.....)" />
	<Message ID="MMI::Setup::Caption::Hint::Restore::Parameter" Content="Hint : Restore Parameter file(param.dat)" />
	<Message ID="MMI::Setup::Caption::Hint::Restore::ParamExeterExt" Content="Hint：Restore Parameter EXtension file(paramext.pxt)、Multi-Language String files of Parameter Extension(ParamExt_L.xml)
and Bytes String files of ParameterExt(ParamExt_RBit_L.xml, L:COM, CHT, CHS.....)" />
	<Message ID="MMI::Setup::Caption::Hint::Restore::Macro" Content="Hint：Restore MACRO Files and Alarm String files of Macro(AlarmMacro_L.xml, L:Common, CHT, CHS.....)" />
	<Message ID="MMI::Setup::Caption::Hint::Restore::Registry" Content="Hint：Restore Registry.dat，Include Tool Information/Coordinate Records/Measure Parameter/Run Records....." />
	<Message ID="MMI::Setup::Caption::Hint::Restore::OCRes" Content="Hint：Restore Only Custom HMI Screen files（OCRes), Expect below files
(AlarmPLC_L.xml/AlarmMacro_L.xml/ParamExt_L.xml/ParamExt_RBit_L.xml, L:Common, CHT, CHS.....)" />
	<Message ID="MMI::Setup::Caption::Hint::Restore::DriverParameter" Content="Hint：Restore Driver Parameter and Layout Schema(TunningParam.dat...)" />
	<Message ID="MMI::Setup::Caption::Hint::Restore::AuthoData" Content="Hint：Restore Authority Data" />
	<Message ID="MMI::Setup::Caption::Hint::Restore::SerialPLCAxisParam" Content="Hint：Restore Serial PLC Axis Parameter(SerialParam.dat)" />
	<Message ID="MMI::Setup::Caption::Hint::Restore::ECamData" Content="Hint：Restore ECam Data(ECam.xml)" />
	<Message ID="MMI::Setup::Caption::SelectItem::FilePath" Content="File Path" />
	<Message ID="MMI::Setup::Caption::SelectItem::Backup::FileComment" Content="File Comment
(Max : 30 words)" />
	<Message ID="MMI::Setup::Caption::SelectItem::Restore::FileComment" Content="Please Write File Comment
(Max : 30 words)" />
	<Message ID="MMI::Setup::Caption::SelectItem::QueryBackup" Content="Compelete Backup Settings，
Do you swant to start backup?" />
	<Message ID="MMI::Setup::Caption::SelectItem::QueryRestore" Content="Compelete Restore Settings，
Do you want to start restore?" />
	<Message ID="MMI::Setup::HaveInstall" Content="Last Install didn't restart cnc, please restart cnc to finish it." />

	<Message ID="MMI::Setup::ImgUpgrade::Serious" Content="Are you want to upgrade this Image?" />
	<Message ID="MMI::Setup::ImgUpgrade::ShutDownRestart" Content="Warn: Critical update, please shut down and restart to initialize system." />
	<Message ID="MMI::Setup::ImgUpgrade::DontTouch" Content="Image Upgrading, please don't operate machine." />
	<Message ID="MMI::Setup::ImgUpgrade::UpgradeFail" Content="Image upgrade fail." />
	<Message ID="MMI::Setup::ImgUpgrade::ImageSettingsTilte" Content="Image Settings" />
	<Message ID="MMI::Setup::ImgUpgrade::ImageSettings" Content="Set Image settings..." />

	<!-- ========== Cnc PLCNet String Define =============== -->
	<Message ID="MMI::PLCNet::ConnectError" Content="Connect error! Please check client IP address." />
	
	<!-- =============== DriverTuning String Define =============== -->
	<Message ID="MMI::Tuning::UploadDenied" Content="Access Denied, please Reset CNC" />
	<Message ID="MMI::Tuning::LimitNotDesideYet" Content="The Forward and Backward Limit haven't decide yet." />
	<Message ID="MMI::Tuning::EstimateDone" Content="Press OK to finish estimation until the value of Moment Of Inertia converge." />
	<Message ID="MMI::Tuning::NoiseQuestion1" Content="Any Noise or Vibration?" />
	<Message ID="MMI::Tuning::NoiseQuestionTitle" Content="Question" />
	<Message ID="MMI::Tuning::VibrationSuppressON" Content="Automatic Resonance Vibration Suppression ON, press OK to continue driver tuning." />
	<Message ID="MMI::Tuning::NoiseQuestion2" Content="Automatic Resonance Vibration Suppression ON, still any Noise or Vibration?" />
	<Message ID="MMI::Tuning::ResultDownBW" Content="Decrease the value of Band-Width and run driver tuning again." />
	<Message ID="MMI::Tuning::ObserveSystem" Content="Observe the response of the motor whether as espect or not, and press OK after complete observing" />
	<Message ID="MMI::Tuning::TuningDone" Content="Driver Tuning complete, increase the value of Band-Width if you need faster response" />
	<Message ID="MMI::FinishTuning::FinishTuning" Content="Press OK to stop jogging and complete Driver Tuning." />
	
	<!-- ========== Scr_History =============== -->
	<Message ID="Scr_His_DateTime" Content="Date Time" />
	<Message ID="Scr_His_CompName" Content="Name" />
	<Message ID="Scr_His_XmlName" Content="XML File Name" />
	<Message ID="Scr_His_Storage" Content="Storage" />
	<Message ID="Scr_His_OldValue" Content="Old Value" />
	<Message ID="Scr_His_NewValue" Content="New Value" />

	<!-- ========== Feature Coordinate =============== -->
	<Message ID="Browser::FeatureCoord::Mode3PTS" Content="3 Points" />
	<Message ID="Browser::FeatureCoord::ModeTOOL" Content="Tool Direction" />
	<Message ID="Browser::FeatureCoord::ModeEULER" Content="Euler Angle" />
	<Message ID="Browser::FeatureCoord::Mode2VECS" Content="2 Vectors" />
	<Message ID="Browser::FeatureCoord::Caption::Mode_Select" Content="Guidance Mode:" />
	<Message ID="Browser::FeatureCoord::Caption::Feature_Origin" Content="ORIGIN P1" />
	<Message id="Browser::FeatureCoord::ModeSelectHint" Content="Key in the number to change guidance mode" />
	<Message ID="Browser::FeatureCoord::Caption::OriginXHint" Content="X Component of ORIGIN in G54 Coordinate System" />
	<Message ID="Browser::FeatureCoord::Caption::OriginYHint" Content="Y Component of ORIGIN in G54 Coordinate System" />
	<Message ID="Browser::FeatureCoord::Caption::OriginZHint" Content="Z Component of ORIGIN in G54 Coordinate System" />
	<Message ID="MMI::FeatureCoordinate::PostureNotReady" Content="The angle of rotary axis should be zero." />
	<Message ID="MMI::FeatureCoordinate::ChooseTool" Content="Choose the tool by using G43, G44 or G43.4" />
	<Message ID="MMI::FeatureCoordinate::PointsCoLinear" Content="Vectors are co-linear, please set the points again." />
	<Message ID="MMI::FeatureCoordinate::ConfirmTransform" Content="Ready to switch to G68.2 State?" />
	<Message ID="MMI::FeatureCoordinate::ConfirmTitle" Content="Confirm" />
	<Message ID="MMI::FeatureCoordinate::BackToG69" Content="Switch to G69 state to Run Guidance." />
	<Message ID="MMI::FeatureCoordinate::VectorsCantBeZero" Content="Axis vector can't be Null Vector." />
	<Message ID="Browser::FeatureCoord::Caption::ToolLengthState" Content="Tool Length:" />
	<Message ID="Browser::FeatureCoord::Caption::CoordState" Content="Coord." />
	<Message ID="FeatureCoord_3PTS::2ndPointXHint" Content="X Component of 2ND POINT in G54 Coordinate System" />
	<Message ID="FeatureCoord_3PTS::2ndPointYHint" Content="Y Component of 2ND POINT in G54 Coordinate System" />
	<Message ID="FeatureCoord_3PTS::2ndPointZHint" Content="Z Component of 2ND POINT in G54 Coordinate System" />
	<Message ID="FeatureCoord_3PTS::Caption::Feature_Point2" Content="2ND Point  P2" />
	<Message ID="FeatureCoord_3PTS::3rdPointXHint" Content="X Component of 3RD POINT in G54 Coordinate System" />
	<Message ID="FeatureCoord_3PTS::3rdPointZHint" Content="Z Component of 3RD POINT in G54 Coordinate System" />
	<Message ID="FeatureCoord_3PTS::3rdPointYHint" Content="Y Component of 3RD POINT in G54 Coordinate System" />
	<Message ID="FeatureCoord_3PTS::Caption::Feature_Point3" Content="3RD Point P3" />
	<Message ID="FeatureCoord_3PTS::Step1" Content="1. Confirm the state of Tool length compensation:" />
	<Message ID="FeatureCoord_3PTS::Step2" Content="　G43, G44 or G43.4" />
	<Message ID="FeatureCoord_3PTS::Step3" Content="2. Confirm the state of coord.: G69" />
	<Message ID="FeatureCoord_3PTS::Step4" Content="3. Set the points below relative to G54:" />
	<Message ID="FeatureCoord_3PTS::Step5" Content="　Origin, 2ND Point, and 3RD Point" />
	<Message ID="FeatureCoord_3PTS::Step6" Content="4. Origin and 2ND Point define X+" />
	<Message ID="FeatureCoord_3PTS::Step7" Content="5. 3RD Point define Y+" />
	<Message ID="FeatureCoord_3PTS::Step8" Content="6. Complete guidance." />
	<Message ID="FeatureCoord_TOOL::RotateAngle" Content="ToolAxis" />
	<Message ID="FeatureCoord_TOOL::RotateAngleHint" Content="Rotate an angle about tool axis." />
	<Message ID="FeatureCoord_TOOL::Step1" Content="1. Confirm the state of Tool length compensation:" />
	<Message ID="FeatureCoord_TOOL::Step2" Content="　G43, G44 or G43.4" />
	<Message ID="FeatureCoord_TOOL::Step3" Content="2. Confirm the state of coord.: G69" />
	<Message ID="FeatureCoord_TOOL::Step4" Content="3. Rotate I degree about tool axis" />
	<Message ID="FeatureCoord_TOOL::Step5" Content="4. Get the feature coord. after rotating" />
	<Message ID="FeatureCoord_TOOL::Step6" Content="5. Complete guidance." />
	<Message ID="FeatureCoord_TOOL::Step7" Content=" " />
	<Message ID="FeatureCoord_TOOL::Step8" Content=" " />
	<Message ID="FeatureCoord_EULER::Caption::EulerAngle" Content="Euler Angle" />
	<Message ID="FeatureCoord_EULER::Euler1" Content="Rotate about Z axis of G54 and get a new coordinate." />
	<Message ID="FeatureCoord_EULER::Euler2" Content="After rotating about Z axis, rotate about the new X axis." />
	<Message ID="FeatureCoord_EULER::Euler3" Content="After rotating about the new X axis, rotate about the latest Z." />
	<Message ID="FeatureCoord_EULER::Step1" Content="1. Confirm the state of Tool length compensation:" />
	<Message ID="FeatureCoord_EULER::Step2" Content="　G43, G44 or G43.4" />
	<Message ID="FeatureCoord_EULER::Step3" Content="2. Confirm the state of coord.: G69" />
	<Message ID="FeatureCoord_EULER::Step4" Content="3. Get X' Y' Z by rotating I degree about Z." />
	<Message ID="FeatureCoord_EULER::Step5" Content="4. Get X' Y'' Z' by rotating J degree about X'." />
	<Message ID="FeatureCoord_EULER::Step6" Content="5. Get feature coord. by rotating K degree about Z'." />
	<Message ID="FeatureCoord_EULER::Step7" Content="6. Complete guidance." />
	<Message ID="FeatureCoord_EULER::Step8" Content="" />
	<Message ID="FeatureCoord_2VECS::VECXx" Content="X Component of X axis in G54 Coordinate System." />
	<Message ID="FeatureCoord_2VECS::VECXy" Content="Y Component of X axis in G54 Coordinate System." />
	<Message ID="FeatureCoord_2VECS::VECXz" Content="Z Component of X axis in G54 Coordinate System." />
	<Message ID="FeatureCoord_2VECS::VECZx" Content="X Component of Z axis in G54 Coordinate System." />
	<Message ID="FeatureCoord_2VECS::VECZy" Content="Y Component of Z axis in G54 Coordinate System." />
	<Message ID="FeatureCoord_2VECS::VECZz" Content="Z Component of Z axis in G54 Coordinate System." />
	<Message ID="FeatureCoord_2VECS::Feature_VecX" Content="X Axis" />
	<Message ID="FeatureCoord_2VECS::Feature_VecZ" Content="Z Axis" />
	<Message ID="FeatureCoord_2VECS::Step1" Content="1. Confirm the state of Tool length compensation:" />
	<Message ID="FeatureCoord_2VECS::Step2" Content="　G43, G44 or G43.4" />
	<Message ID="FeatureCoord_2VECS::Step3" Content="2. Confirm the state of coord.: G69" />
	<Message ID="FeatureCoord_2VECS::Step4" Content="3. Set axis relative G54 Coord.:" />
	<Message ID="FeatureCoord_2VECS::Step5" Content="　X Axis of feature coordinate." />
	<Message ID="FeatureCoord_2VECS::Step6" Content="　Z Axis of feature coordinate." />
	<Message ID="FeatureCoord_2VECS::Step7" Content="4. Complete guidance." />
	<Message ID="FeatureCoord_2VECS::Step8" Content="" />
	<Message ID="MMI::FeatureCoordinate::VectorsNotVertical" Content="The two vectors are not perpendicular" />
	<Message ID="ModeSelect::Mode3PTS" Content="Thread Point Teach" />

	<!-- ========== Lathe Workpiece Shift =============== -->
	<Message ID="MMI::WorkPieceLathe::Label_InputMode" Content="Input Mode:" />
	<Message ID="MMI::WorkPieceLathe::Label_OffsetTitle1" Content="Shift Amount" />
	<Message ID="MMI::WorkPieceLathe::Label_Warning" Content="Can't set in busying, execute G92 will change shift amount!" />
	<Message ID="MMI::WorkPieceLathe::Label_IncHint1" Content="1. Move cursor to X or Z field" />
	<Message ID="MMI::WorkPieceLathe::Label_IncHint2" Content="2. Input increment value" />
	<Message ID="MMI::WorkPieceLathe::Label_AbsHint1" Content="1. Input X*** to set X absolute position" />
	<Message ID="MMI::WorkPieceLathe::Label_AbsHint2" Content="2. Input Z*** to set Z absolute position" />	
	<Message ID="MMI::WorkPieceLathe::ConfirmShift" Content="Do you want to set workpiece coordinate system shift?" />
	<Message ID="MMI::WorkPieceLathe::ConfirmTitle" Content="Warning" />	
	
	<!-- ========== Operation Logger =============== -->
	<Message ID="MMI::OPLog::Export" Content="Select folder to export operation log" />
	<Message ID="MMI::OPLog::ExportSuccess" Content="Export operation log success" />
	<Message ID="MMI::OPLog::ExportFail" Content="Export operation log fail" />
	<Message ID="MMI::OPLog::OverWrite" Content="File exists, Overwrite?"/>
	<Message ID="MMI::OPLog::FindDateTimeHint" Content="Input Ex.:20121005 or 201210051400" />
	<Message ID="MMI::OPLog::FindAlarmHint" Content="Input Example:PLC66" />
	<Message ID="MMI::OPLog::FindIBitHint" Content="Input Example:I100" />
	<Message ID="MMI::OPLog::SearchNotFound" Content=" Not Found!" />
	<Message ID="MMI::OPLog::SearchNextNotFound" Content="This is the latest!" />
	<Message ID="MMI::OPLog::SearchPrevNotFound" Content="This is the most previous!" />

	<!-- ========== MPG Shift Popup =============== -->
	<Message ID="MMI::MPGShift::MPGTitle" Content="MPG coordinate system" />

	<!-- ========== Serial Servo =============== -->	
	<Message ID="MMI::SerialServo::WriteCommandWarning" Content="Somthing Data can't be restored!" />
	<Message ID="MMI::SerialServo::Title::WriteCommandWarning" Content="Write Parameter" />
	<Message ID="MMI::SerialServo::CheckDefault" Content="Do you want to reload default Layout!" />
	<Message ID="MMI::SerialServo::Title::Check" Content="Check" />	
	<Message ID="MMI::SerialServo::CheckDelete" Content="Do you want to delete a row!" />
	<Message ID="MMI::SerialServo::CheckEmergency" Content="Please press Emergency button." />	
	<Message ID="MMI::SerialServo::CheckRecoverDefault" Content="Axis setting didn't match with servo data, please recover default layout." />	
	<Message ID="MMI::SerialServo::Spindle" Content="Spindle" />
	<Message ID="MMI::SerialServo::Axes" Content="Axes Group" />
	<Message ID="MMI::SerialServo::Category" Content="Category" />
	<Message ID="MMI::SerialServo::Item" Content="Item" />
	<Message ID="MMI::SerialServo::NO" Content="No" />
	<Message ID="MMI::SerialServo::Description" Content="Description" />
	<Message ID="MMI::SerialServo::Value" Content="Value" />
	<Message ID="MMI::SerialServo::Axis" Content="Axis" />
	<Message ID="MMI::SerialServo::BackupFail" Content="Backup Fail. Can't read data from serial servo." />
	<Message ID="MMI::SerialServo::RestoreFail" Content="Restore Fail. Can't write data to serial servo." />	
	<Message ID="MMI::Common::Progress" Content="Progress" />
	<Message ID="MMI::SerialServo::BackupInfo" Content="Total Backup" />
	<Message ID="MMI::SerialServo::RestoreInfo" Content="Total Restore" />
	<Message ID="MMI::SerialServo::ProgressInfo" Content="items" />
	<Message ID="MMI::SerialServo::DecimalType" Content="Decimal Type(Press F1 to Confirm Data)" />
	<Message ID="MMI::SerialServo::HexadecimalType" Content="Hexadecimal Type(Press F1 to Confirm Data)" />
	<Message ID="MMI::SerialServo::ItemSelect" Content="Select No" />
	<Message ID="MMI::SerialServo::ItemSelectHint" Content="Press F1 to confirm updated" />
	<Message ID="MMI::SerialServo::InputPanel" Content="Input Panel" />
	<Message ID="MMI::SerialServo::UpdateSerialData" Content="Lodaing Servo data, please wait few seconds..." />
	<Message ID="MMI::SerialServo::UpdateSerialTable" Content="Updating Parameter Table" />
	<Message ID="MMI::SerialServo::FinishUpdateSerialTable" Content="Parameter Table updtaing completed!" />
	<Message ID="MMI::SerialSpindleAdjust::SpindleSelect" Content="Spindle Selection" />
	<Message ID="MMI::SerialSpindleAdjust::TestProg" Content="Test Program" />
	<Message ID="MMI::SerialSpindleAdjust::AdjustParameter" Content="Adjustment Parameters" />
	<Message ID="MMI::AdjustApplication::Warnning" Content="Warning"/>
	<Message ID="MMI::AdjustApplication::WarnningDescripotion" Content="1. Make sure the machine is stable and test program is correct?
2. Do not move machine during adjustment"/>
	<Message ID="MMI::AdjustApplication::DisconnectBeforeESC" Content="Adjusting! Please press [Abort Adjustment] before leaving."/>
	<Message ID="MMI::AdjustApplication::ConfirmSetPosition" Content="Are you sure to input spindle POSING_DEGREE?"/>
	<Message ID="MMI::AdjustApplication::WarningStopAdjustment" Content="Are you sure to abort adjustment?"/>
	<Message ID="MMI::AdjustApplication::X_TIME" Content="Time(ms)"/>
	<Message ID="MMI::AdjustApplication::Y_VELOCITY" Content="Velocity(RPM)"/>
	<Message ID="MMI::AdjustApplication::Y_SYNCERR" Content="Syncronized Error(um)"/>
	<Message ID="MMI::AdjustApplication::UserAbort" Content="User Abort, please reset the state of ladder!"/>
	<Message ID="MMI::AdjustApplication::UnExpectedFail" Content="Adjustment is unexpectedly failed, please make sure the ladder is correct"/>
	<Message ID="MMI::AdjustApplication::ModeNotSupport" Content="Operation NOT supports in AUTO.MPG.MDI mode!"/>
	<Message ID="MMI::AdjustApplication::NcCodeEmpty" Content="Please generate NC code first, before process adjustment!"/>
	<Message ID="MMI::AdjustApplication::SetSpindleAngleSuccess" Content="Spindle Postioning Angle set successfully!"/>
	<Message ID="MMI::AdjustApplication::SetSpindleAngleFail" Content="Spindle Postioning Angle set failed!"/>
	<Message ID="MMI::AdjustApplication::AxisGroupIncorrect" Content="Active axis group setting for multi-axis groups(R21) is not match with current selected axis group"/>

	<!-- ========== System Files Inport and Export =============== -->
	<Message ID="MMI::SysFile::SysFileName" Content="System Settings Files" />
	<Message ID="MMI::SysFile::MacroName" Content="Macro Files" />
	<Message ID="MMI::SysFile::OCResName" Content="OCRes Files" />
	<Message ID="MMI::SysFile::Export::QuerySysFileExport" Content="Do you want to export System Settings file?" />
	<Message ID="MMI::SysFile::Export::QueryOCResExport" Content="Do you want to export OCRes files?" />
	<Message ID="MMI::SysFile::Export::QueryMacroExport" Content="Do you want to export Macro Files?" />
	<Message ID="MMI::SysFile::Expoert::SysFileTitle" Content="Select the Location to export System Settings files" />
	<Message ID="MMI::SysFile::Expoert::MacroTitle" Content="Select the Location to export Macro files" />
	<Message ID="MMI::SysFile::Expoert::OCResTitle" Content="Select the Location to export OCRes files" />
	<Message ID="MMI::SysFile::Export::EmptyItem" Content="Didn't select any item to export, please select item" />
	<Message ID="MMI::SysFile::ExportTitle" Content="Please select items to export" />
	<Message ID="MMI::SysFile::Export::AllSelect" Content="Hint：Export all items/Cancel all items" />
	<Message ID="MMI::SysFile::Export::PLC" Content="Hint : Export PLC(cnc.lad) and Mulit-Language String files of PLC(AlarmPLC_L.xml, L:COM, CHT, CHS.....)" />
	<Message ID="MMI::SysFile::Export::Parameter" Content="Hint : Export Parameter file(param.dat)" />
	<Message ID="MMI::SysFile::Export::ParameterEx" Content="Hint：Export Parameter EXtension file(paramext.pxt)、Multi-Language String files of Parameter Extension(ParamExt_L.xml)
and Bytes String files of PLC Parameter(ParamExt_RBit_L.xml, L:COM, CHT, CHS.....)" />
	<Message ID="MMI::SysFile::Export::MacroAlarm" Content="Hint：Restore MACRO Files and Alarm String file of Macro(AlarmMacro_L.xml, L:Common, CHT, CHS.....)" />
	<Message ID="MMI::SysFile::Export::Registry" Content="Hint：Restore Registry.dat，Include Tool Information/Coordinate Records/Measure Parameter/Run Records....." />
	<Message ID="MMI::SysFile::Export::SerialPLCAxisParam" Content="Hint：Restore Serial PLC Axis Parameter(SerialParam.dat)" />
	<Message ID="MMI::SysFile::Export::ECamData" Content="Hint：Restore ECam Data(ECam.xml)" />
	<Message ID="MMI::SysFile::Export::Lab_ExportTipsTitle" Content="Export/Import System Settings、Macro" />
	<Message ID="MMI::SysFile::Export::Lab_ExportTips" Content="Export/Import System Settings files、Macro files to given location" />
	<Message ID="MMI::SysFile::Export::MultiLanguage" Content="=Multi-Language" />
	<Message ID="MMI::SysFile::Export::FilePath" Content="Export Path" />
	<Message ID="MMI::SysFile::Export::Success" Content="Export Success." />
	<Message ID="MMI::SysFile::Import::FileList" Content="File List for Import" />
	<Message ID="MMI::SysFile::Import::FilePath" Content="Source Location of Import" />
	<Message ID="MMI::SysFile::Import::SysFileTitle" Content="Select System Setting files for Import" />
	<Message ID="MMI::SysFile::Import::MacroTitle" Content="Select Macro files for Import" />
	<Message ID="MMI::SysFile::Import::OCResTitle" Content="Select the directory of OCRes for Import" />
	<Message ID="MMI::SysFile::Import::QuerySysFileImport" Content="Do you want to import System Settings files?" />
	<Message ID="MMI::SysFile::Import::QueryOCResImport" Content="Do you want to import OCRes files?" />
	<Message ID="MMI::SysFile::Import::QueryMacroImport" Content="Do you want to import Macro files?" />
	<Message ID="MMI::SysFile::Import::RebootSuccess" Content="Import Success, Please restart CNC to make the files work." />
	<Message ID="MMI::SysFile::Import::Success" Content="Import Success." />
	<Message ID="MMI::SysFile::Import::EmptyItem" Content="Didn't select any item to import, please select item" />

	<!-- ================================Update Boot Picture================================-->
	<Message ID="MMI::UpdateBootPic::SelectBMPTitle" Content="Select Picture Location" />
	<Message ID="MMI::UpdateBootPic::QueryUpdateBootPic" Content="Checked this picture success, Do you want to update it?" />
	<Message ID="MMI::UpdateBootPic::BMPFormatError" Content="Picture Format Error. Please re-select the picture." />
	<Message ID="MMI::UpdateBootPic::BMPFormatErrorList" Content="Error List, Please refer CNCHelp :" />
	<Message ID="MMI::UpdateBootPic::OpenOrReadFail" Content="Open/Read the picture fail" />
	<Message ID="MMI::UpdateBootPic::BMPFormatFail" Content="None Bitmap format" />
	<Message ID="MMI::UpdateBootPic::FileBroken" Content="File is broken" />
	<Message ID="MMI::UpdateBootPic::WidthPixelFail" Content="Picture size error, width must equal 800 pixel" />
	<Message ID="MMI::UpdateBootPic::HeightPixelFail" Content="Picture size error, height must equal 600 pixel" />
	<Message ID="MMI::UpdateBootPic::PixelFormatFail" Content="Bitmap format don't 24 bits" />
	<Message ID="MMI::UpdateBootPic::DataSizeFail" Content="the data size of header is incorrect" />
	<Message ID="MMI::UpdateBootPic::UnknownBMPFail" Content="Unknown Bitmap format" />
	<Message ID="MMI::UpdateBootPic::ImageTooOld1" Content="This WinCE image is too old, it can't support update picture." />
	<Message ID="MMI::UpdateBootPic::ImageTooOld2" Content="Current version is WinCE6.0, Image version is" />
	<Message ID="MMI::UpdateBootPic::ImageTooOld3" Content="Please update to WinCE6.0, Image version is" />
	<Message ID="MMI::UpdateBootPic::ImageTooOld4" Content="1.16" />
	<Message ID="MMI::UpdateBootPic::ImageTooOld5" Content="and newer." />
	<Message ID="MMI::UpdateBootPic::UpdateSuccess" Content="Update Successs. Please re-power on to check it is right." />
	<Message ID="MMI::UpdateBootPic::FailInBootSector" Content="Update Fail, please check it is ARM Base." />
	<Message ID="MMI::UpdateBootPic::FailInBMPTooBig" Content="Update Fail, Picture is too big." />
	<Message ID="MMI::UpdateBootPic::WriteFail" Content="Update Fail, Write data fail.。" />
	<Message ID="MMI::UpdateBootPic::FileReadFail" Content="Update Fail, Read data fail." />
	<Message ID="MMI::UpdateBootPic::UnknownFail" Content="Update Fail, Unknown update fail." />

	<!-- ========== Absolute Setting =============== -->
	<Message ID="MMI::AbsoluteSetting::SelectAxis" Content="Axes" />
  	<Message ID="MMI::AbsoluteSetting::AxisStatus" Content="Status" />
  	<Message ID="MMI::AbsoluteSetting::TippsTitle" Content="***Warn!&#xD;&#xA;Changed those setting value would update the machine coordinate.If you don't understand it, please don't change those value.Avoid the serial result." />
  	<Message ID="MMI::AbsoluteSetting::TippsStepExplain" Content="Explain the step of reset machine home：" />
  	<Message ID="MMI::AbsoluteSetting::TippsStep1" Content="Step1 Please move the axis to the target position which you want &#xD;&#xA;            to reset home." />
  	<Message ID="MMI::AbsoluteSetting::TippsStep2" Content="Step2 Verify the pos is the target. Then move the focus on the axis." />
  	<Message ID="MMI::AbsoluteSetting::TippsStep3" Content="Step3 Press F1 to reset the machine home. In this moment, cnc &#xD;&#xA;            would record the status that become                  ." />
  	<Message ID="MMI::AbsoluteSetting::TippsCommentA" Content="P.S.     A.If Axes are over one page, then you can use &#xD;&#xA;                 PageDown/PageUp to change it." />
  	<Message ID="MMI::AbsoluteSetting::TippsCommentB" Content="B.The explain of status row:" />
  	<Message ID="MMI::AbsoluteSetting::TippsSetExplain" Content="Set = You have been set it。" />
  	<Message ID="MMI::AbsoluteSetting::TippsUnsetExplain" Content="Unset = You never set it" />
  	<Message ID="MMI::AbsoluteSetting::TippsSettingExplain" Content="Set Success = You have been update it Success." />
	<Message ID="MMI::AbsoluteSetting::TippsUnsetContext" Content="Unset" />
  	<Message ID="MMI::AbsoluteSetting::TippsWaitSetContext" Content="Set OK" />
	<Message ID="MMI::AbsoluteSetting::TippsSetContext" Content="Set" />
	<Message ID="MMI::AbsoluteSetting::AbsUpdateTitle" Content="Update machine coordinate" />
	<Message ID="MMI::AbsoluteSetting::QueryUpdateSet" Content="Machine coordinate would be change. Do you want to continue it?" />
	
	<Message ID="MMI::Common::DelFileOK" Content="Success!" />
	<Message ID="MMI::Common::DelFileFail" Content="Fail!" />
	<Message ID="MMI::Common::RenameOK" Content="Success!" />
	<Message ID="MMI::Common::RenameFail" Content="Fail!" />

	<!-- ========== Spindle Adjust Setting =============== -->
	<Message ID="MMI::Common::FeedBack" Content="FeedBack" />
	<Message ID="MMI::Common::ServoCommand" Content="ServoCmd" />
	<Message ID="MMI::Common::ADjust::BallBar" Content="BallBar" />
</ResMap>
