﻿<?xml version="1.0" encoding="UTF-8"?>
<Screen>
  <Name>SetMMIConfig</Name>
  <Panel>
    <Left>0</Left>
    <Top>0</Top>
    <Width>800</Width>
    <Height>470</Height>
    <Name>Panel1</Name>
    <BorderStyle>0</BorderStyle>
    <Depth>24</Depth>
    <BackColor>192,192,192</BackColor>
  </Panel>
  <Label>
    <Left>5</Left>
    <Top>5</Top>
    <Height>35</Height>
    <Width>520</Width>
    <Name>lbl_Item</Name>
    <FontSize>16</FontSize>
    <BorderStyle>0</BorderStyle>
    <Depth>23</Depth>
    <ForeColor>0,128,0</ForeColor>
    <BackColor>192,192,192</BackColor>
    <Caption>STR::Browser::SetMMIConfig::Caption::lbl_Item::Item</Caption>
  </Label>
  <Label>
    <Left>525</Left>
    <Top>5</Top>
    <Height>35</Height>
    <Width>270</Width>
    <Name>lbl_value</Name>
    <FontSize>16</FontSize>
    <BorderStyle>0</BorderStyle>
    <Depth>22</Depth>
    <ForeColor>0,128,0</ForeColor>
    <BackColor>192,192,192</BackColor>
    <Caption>STR::Browser::SetMMIConfig::Caption::lbl_value::value</Caption>
  </Label>
  <Label>
    <Left>735</Left>
    <Top>5</Top>
    <Height>35</Height>
    <Width>60</Width>
    <Name>lbl_PageNo</Name>
    <FontSize>14</FontSize>
    <BorderStyle>0</BorderStyle>
    <Depth>21</Depth>
    <BackColor>192,192,192</BackColor>
    <Caption>STR::Browser::SetMMIConfig::Caption::lbl_PageNo::Page</Caption>
  </Label>
  <Grid Name="MMIGrid" Height="35" Repeat="10">
	  <Label>
		<Left>5</Left>
		<Top>40</Top>
		<Height>36</Height>
		<Width>520</Width>
		<Name>Lab_Item</Name>
		<Caption></Caption>
		<FontSize>16</FontSize>
		<BorderStyle>1</BorderStyle>
		<Depth>20</Depth>
		<ForeColor>255,255,0</ForeColor>
		<BackColor>50,50,50</BackColor>
	  </Label>
	  <Input>
		<Left>525</Left>
		<Top>40</Top>
		<Height>36</Height>
		<Width>270</Width>
		<Name>Inp_Value</Name>
		<FontSize>16</FontSize>
		<BorderStyle>1</BorderStyle>
		<Depth>10</Depth>
		<ForeColor>255,255,255</ForeColor>
		<BackColor>0,0,255</BackColor>
		<InputFormat>String</InputFormat>
	  </Input>
  </Grid>
  <Label>
    <Left>10</Left>
    <Top>400</Top>
    <Height>30</Height>
    <Width>380</Width>
    <Name>lbl_Hint</Name>
    <FontSize>16</FontSize>
    <Alignment>2</Alignment>
    <BorderStyle>0</BorderStyle>
    <Depth>0</Depth>
    <ForeColor>255,0,0</ForeColor>
    <BackColor>255,255,0</BackColor>
    <Caption>STR::Browser::SetMMIConfig::Caption::lbl_Hint::Hint</Caption>
  </Label>
  <Label>
    <Left>10</Left>
    <Top>435</Top>
    <Height>20</Height>
    <Width>780</Width>
    <Name>lbl_FocusedItemValue</Name>
    <FontSize>10</FontSize>
    <Alignment>0</Alignment>
    <BorderStyle>0</BorderStyle>
    <Depth>0</Depth>
    <ForeColor>0,0,0</ForeColor>
    <BackColor>192,192,192</BackColor>
    <Caption></Caption>
  </Label>
</Screen>