﻿<?xml version="1.0" encoding="utf-8" ?>
<ResMap>
	<Message ID="MMI::SerialSpindleAdjust::Tapping::Section2_1" Content="Tapping Acc. Acced." />
	<Message ID="MMI::SerialSpindleAdjust::Tapping::Unit::Section2_1" Content="(ms)" />
	<Message ID="MMI::SerialSpindleAdjust::Tapping::Section2_2" Content="Tapping Acc." />
	<Message ID="MMI::SerialSpindleAdjust::Tapping::Unit::Section2_2" Content="(ms)" />
	<Message ID="MMI::SerialSpindleAdjust::Tapping::Section3_2" Content="Pitch" />
	<Message ID="MMI::SerialSpindleAdjust::Tapping::Section3_3" Content="Coor." />
	<Message ID="MMI::SerialSpindleAdjust::Tapping::Section3_4" Content="R point" />
	<Message ID="MMI::SerialSpindleAdjust::Tapping::Section3_5" Content="Depth" />
	<Message ID="MMI::SerialSpindleAdjust::Tapping::Section3_6" Content="ClockWise M" />
	<Message ID="MMI::SerialSpindleAdjust::Tapping::Section3_7" Content="Stop M" />
	<Message ID="MMI::SerialSpindleAdjust::Tapping::Section3_8" Content="Valid Spindle M" />
	<Message ID="MMI::SerialSpindleAdjust::Tapping::Section3_9" Content="Axis Group" />
	<Message ID="MMI::SerialSpindleAdjust::Tapping::Section3_10" Content="FeedRate S" />
	<Message ID="MMI::SerialSpindleAdjust::Tapping::Section3_11" Content="Feed-Axis" />
	<Message ID="MMI::SerialSpindleAdjust::Tapping::Lab_DebugTitle_1" Content="Max Error of Feed-Axis Following Spindle" />
</ResMap>
