<?xml version="1.0" encoding="utf-8" ?>
<ResMap>
	<Message ID="AlarmMsg::Coordinate::ID=1" Content="陣列指數不能是浮點或空的" />
	<Message ID="AlarmMsg::Coordinate::ID=2" Content="檔案不存在" />
	<Message ID="AlarmMsg::Coordinate::ID=3" Content="除零錯誤 " />
	<Message ID="AlarmMsg::Coordinate::ID=4" Content="運算域錯誤" />
	<Message ID="AlarmMsg::Coordinate::ID=5" Content="程式載入失敗" />
	<Message ID="AlarmMsg::Coordinate::ID=6" Content="圓弧不在工作平面上" />
	<Message ID="AlarmMsg::Coordinate::ID=7" Content="圓弧半徑太短" />
	<Message ID="AlarmMsg::Coordinate::ID=8" Content="圓弧終點不在圓弧上" />
	<Message ID="AlarmMsg::Coordinate::ID=9" Content="巨集呼叫層次太深" />
	<Message ID="AlarmMsg::Coordinate::ID=10" Content="固定形式巨集呼叫層次太深" />
	<Message ID="AlarmMsg::Coordinate::ID=11" Content="副程式呼叫層次太深" />
	<Message ID="AlarmMsg::Coordinate::ID=12" Content="太多模組取消指令,G67" />
	<Message ID="AlarmMsg::Coordinate::ID=13" Content="G65,G66必須是所有G碼中最後一個G碼" />
	<Message ID="AlarmMsg::Coordinate::ID=14" Content="沒有程式號碼" />
	<Message ID="AlarmMsg::Coordinate::ID=15" Content="M 碼太多" />
	<Message ID="AlarmMsg::Coordinate::ID=16" Content="不合法的變數存取" />
	<Message ID="AlarmMsg::Coordinate::ID=17" Content="找不到標籤" />
	<Message ID="AlarmMsg::Coordinate::ID=18" Content="找不到行數" />
	<Message ID="AlarmMsg::Coordinate::ID=19" Content="副程式無M99" />
	<Message ID="AlarmMsg::Coordinate::ID=20" Content="G 碼太多" />
	<Message ID="AlarmMsg::Coordinate::ID=21" Content="太多IJK參數" />
	<Message ID="AlarmMsg::Coordinate::ID=22" Content="沒有定義的工作平面座標" />
	<Message ID="AlarmMsg::Coordinate::ID=23" Content="語義錯誤" />
	<Message ID="AlarmMsg::Coordinate::ID=24" Content="圓弧半徑錯誤" />
	<Message ID="AlarmMsg::Coordinate::ID=25" Content="巨集堆疊資料已滿或取出錯誤" />
	<Message ID="AlarmMsg::Coordinate::ID=26" Content="巨集堆疊資料為空" />
	<Message ID="AlarmMsg::Coordinate::ID=27" Content="巨集程式發出警告" />
	<Message ID="AlarmMsg::Coordinate::ID=28" Content="系統程式錯誤" />
	<Message ID="AlarmMsg::Coordinate::ID=29" Content="在圓弧時變更刀長補償" />
	<Message ID="AlarmMsg::Coordinate::ID=30" Content="切削速度命令為零" />
	<Message ID="AlarmMsg::Coordinate::ID=31" Content="在圓弧時取消半徑補償" />
	<Message ID="AlarmMsg::Coordinate::ID=32" Content="在圓弧時啟動半徑補償" />
	<Message ID="AlarmMsg::Coordinate::ID=33" Content=",A,R或,C命令用法不當" />
	<Message ID="AlarmMsg::Coordinate::ID=34" Content="命令語意相衝突" />
	<Message ID="AlarmMsg::Coordinate::ID=35" Content="角隅太小無法插入圓角或倒角" />
	<Message ID="AlarmMsg::Coordinate::ID=36" Content="不適當的,A角度命令" />
	<Message ID="AlarmMsg::Coordinate::ID=37" Content="倒角值超過前後單節長度" />
	<Message ID="AlarmMsg::Coordinate::ID=38" Content="不正確的單節跳躍開關號碼" />
	<Message ID="AlarmMsg::Coordinate::ID=39" Content="使用量測功能不可以啟動刀具半徑補償" />
	<Message ID="AlarmMsg::Coordinate::ID=40" Content="超過軟體或硬體行程極限" />
	<Message ID="AlarmMsg::Coordinate::ID=41" Content="Goto標籤必須是整數" />
	<Message ID="AlarmMsg::Coordinate::ID=42" Content="邏輯運算元必須是整數或空的" />
	<Message ID="AlarmMsg::Coordinate::ID=43" Content="ASIN()/ACOS()運算元必須介於-1.0和1.0" />
	<Message ID="AlarmMsg::Coordinate::ID=44" Content="SQRT()運算元不可為負數" />
	<Message ID="AlarmMsg::Coordinate::ID=45" Content="L碼必須是整數" />
	<Message ID="AlarmMsg::Coordinate::ID=46" Content="O碼必須是整數" />
	<Message ID="AlarmMsg::Coordinate::ID=47" Content="M碼必須是整數" />
	<Message ID="AlarmMsg::Coordinate::ID=48" Content="主軸速度,S,必須是整數" />
	<Message ID="AlarmMsg::Coordinate::ID=49" Content="刀長補正號碼,H,必須是整數" />
	<Message ID="AlarmMsg::Coordinate::ID=50" Content="刀徑補正號碼,D,必須是整數" />
	<Message ID="AlarmMsg::Coordinate::ID=51" Content="刀號,T,必須是整數" />
	<Message ID="AlarmMsg::Coordinate::ID=52" Content="副程式號碼,P,必須是整數" />
	<Message ID="AlarmMsg::Coordinate::ID=53" Content="重複次數,L,必須是整數" />
	<Message ID="AlarmMsg::Coordinate::ID=54" Content="資料型別不相容" />
	<Message ID="AlarmMsg::Coordinate::ID=55" Content="刀長補正號碼,H,超出範圍" />
	<Message ID="AlarmMsg::Coordinate::ID=56" Content="G10資料表位址,P,超出範圍" />
	<Message ID="AlarmMsg::Coordinate::ID=57" Content="刀徑補正號碼,D,超出範圍" />
	<Message ID="AlarmMsg::Coordinate::ID=58" Content="刀鼻補償號碼超出範圍" />
	<Message ID="AlarmMsg::Coordinate::ID=59" Content="副程式呼叫序號,H,必須是整數" />
	<Message ID="AlarmMsg::Coordinate::ID=60" Content="M99返回序號,P,必須是整數" />
	<Message ID="AlarmMsg::Coordinate::ID=61" Content="工件座標號碼超出範圍" />
	<Message ID="AlarmMsg::Coordinate::ID=62" Content="暫停跳躍來源,Q,必須是整數" />
	<Message ID="AlarmMsg::Coordinate::ID=63" Content="暫停跳躍來源,Q,超出範圍" />
	<Message ID="AlarmMsg::Coordinate::ID=64" Content="P碼必須是整數" />
	<Message ID="AlarmMsg::Coordinate::ID=65" Content=",A命令與軸位移命令相衝" />
	<Message ID="AlarmMsg::Coordinate::ID=66" Content="增量命令與絕對命令相衝" />
	<Message ID="AlarmMsg::Coordinate::ID=67" Content="圓弧圓心向量與圓半徑相衝" />
	<Message ID="AlarmMsg::Coordinate::ID=68" Content="公英制轉換不可以在Quiet模式下使用" />
	<Message ID="AlarmMsg::Coordinate::ID=69" Content="倒角與圓角命令相衝" />
	<Message ID="AlarmMsg::Coordinate::ID=70" Content="不合法G碼指令" />
	<Message ID="AlarmMsg::Coordinate::ID=71" Content="未指定主程式名稱" />
	<Message ID="AlarmMsg::Coordinate::ID=72" Content="車牙超出最高切削速度" />
	<Message ID="AlarmMsg::Coordinate::ID=73" Content="攻牙超出最高切削速度" />
	<Message ID="AlarmMsg::Coordinate::ID=74" Content="刀具半徑太大造成補償路徑過切" />
	<Message ID="AlarmMsg::Coordinate::ID=75" Content="準確停止(Exact Stop)等待過久" />
	<Message ID="AlarmMsg::Coordinate::ID=76" Content="G04暫停時間不可為負數" />
	<Message ID="AlarmMsg::Coordinate::ID=77" Content="Nurbs曲線格式錯誤" />
	<Message ID="AlarmMsg::Coordinate::ID=78" Content="Nurbs系統記憶體不足" />
	<Message ID="AlarmMsg::Coordinate::ID=79" Content="Nurbs曲線控制點數超過上限值" />
	<Message ID="AlarmMsg::Coordinate::ID=80" Content="車牙牙距不可為負數" />
	<Message ID="AlarmMsg::Coordinate::ID=81" Content="在G45~G48下，G02/G03只能是90度或270度" />
	<Message ID="AlarmMsg::Coordinate::ID=82" Content="G41/G42不能與G45~G48同時使用" />
	<Message ID="AlarmMsg::Coordinate::ID=84" Content="使用快鑽沒有下P引數" />
	<Message ID="AlarmMsg::Coordinate::ID=85" Content="在 G93 模式下 F 引數不對" />
	<Message ID="AlarmMsg::Coordinate::ID=86" Content="在 G10 L1501模式下,引數R和引數I不可單獨存在" />
	<Message ID="AlarmMsg::Coordinate::ID=87" Content="在 G10 L1501模式下,引數P和引數Q不能為相同值" />
	<Message ID="AlarmMsg::Coordinate::ID=88" Content="在 G10 L1501模式,下了引數I後加工程式不能有時間軸指令" />
	<Message ID="AlarmMsg::Coordinate::ID=89" Content="在 G10 L1501模式,主軸必須是增量指令" />
	<Message ID="AlarmMsg::Coordinate::ID=90" Content="開啟極座標插值時，C軸零速檢查失敗" />
	<Message ID="AlarmMsg::Coordinate::ID=91" Content="主軸同步, 基礎主軸號碼錯誤" />
	<Message ID="AlarmMsg::Coordinate::ID=92" Content="主軸同步, 同步主軸號碼錯誤" />
	<Message ID="AlarmMsg::Coordinate::ID=93" Content="主軸同步, 主軸型態錯誤" />
	<Message ID="AlarmMsg::Coordinate::ID=94" Content="主軸承載期間剛攻指令主軸轉速超過" />
	<Message ID="AlarmMsg::Coordinate::ID=95" Content="主軸同步, 基礎主軸轉速比率錯誤" />
	<Message ID="AlarmMsg::Coordinate::ID=96" Content="主軸同步, 同步主軸轉速比率錯誤" />
	<Message ID="AlarmMsg::Coordinate::ID=97" Content="軸偶合功能啟用或解除失敗" />
	<Message ID="AlarmMsg::Coordinate::ID=98" Content="參數學習引數錯誤" />
	<Message ID="AlarmMsg::Coordinate::ID=99" Content="學習條件不符合" />
	<Message ID="AlarmMsg::Coordinate::ID=100" Content="控制器機型不支援此G碼指令" />
	<Message ID="AlarmMsg::Coordinate::ID=101" Content="主軸同步, 基礎主軸與同步主軸螺距(Pitch)設定不一致" />
	<Message ID="AlarmMsg::Coordinate::ID=102" Content="主軸同步, 重複的G51.2或G114.1指令" />
	<Message ID="AlarmMsg::Coordinate::ID=103" Content="高速高精參數設置不當" />
	<Message ID="AlarmMsg::Coordinate::ID=104" Content="虛擬軸功能啟用失敗" />
	<Message ID="AlarmMsg::Coordinate::ID=105" Content="軸耦合功能設定錯誤" />
	<Message ID="AlarmMsg::Coordinate::ID=106" Content="在G61、G63、放電加工模式下禁止使用G5.1路徑平滑" />
	<Message ID="AlarmMsg::Coordinate::ID=107" Content="G5.1/G05指令格式錯誤" />
	<Message ID="AlarmMsg::Coordinate::ID=108" Content="G10 L1501/L1502指令格式錯誤" />
	<Message ID="AlarmMsg::Coordinate::ID=109" Content="G22指令錯誤, 啟動失敗" />
	<Message ID="AlarmMsg::Coordinate::ID=110" Content="加工檔對於彈簧機動程而言過大" />
	<Message ID="AlarmMsg::Coordinate::ID=111" Content="軸交換功能, 軸向設定錯誤" />
	<Message ID="AlarmMsg::Coordinate::ID=112" Content="軸交換功能, 直徑軸、半徑軸設定錯誤" />
	<Message ID="AlarmMsg::Coordinate::ID=113" Content="軸交換功能, 啟用或解除時機錯誤" />
	<Message ID="AlarmMsg::Coordinate::ID=114" Content="軸交換功能, 軸群設定錯誤" />
	<Message ID="AlarmMsg::Coordinate::ID=115" Content="G92.1功能軸向參數設定錯誤" />
	<Message ID="AlarmMsg::Coordinate::ID=116" Content="暫停點回歸偏移量同步失敗" />
	<Message ID="AlarmMsg::Coordinate::ID=117" Content="中斷型副程式未下M97" />
	<Message ID="AlarmMsg::Coordinate::ID=118" Content="G43.4模式下不可使用G53指令" />
	<Message ID="AlarmMsg::Coordinate::ID=119" Content="G10 L16指令格式錯誤" />
	<Message ID="AlarmMsg::Coordinate::ID=120" Content="超過最大切削同動軸數錯誤" />
	<Message ID="AlarmMsg::Coordinate::ID=121" Content="LN()運算元必須為正數" />
	<Message ID="AlarmMsg::Coordinate::ID=122" Content="POW(,)第一個運算元不可為負數" />
	<Message ID="AlarmMsg::Coordinate::ID=123" Content="STR2INT()不合法的輸入或字串長度太長" />
	<Message ID="AlarmMsg::Coordinate::ID=124" Content="控制器機型不支援此S碼指令" />
	<Message ID="AlarmMsg::Coordinate::ID=125" Content="控制器機型不支援此T碼指令" />
	<Message ID="AlarmMsg::Coordinate::ID=126" Content="控制器機型不支援此H碼指令" />
	<Message ID="AlarmMsg::Coordinate::ID=127" Content="控制器機型不支援此D碼指令" />
	<Message ID="AlarmMsg::Coordinate::ID=131" Content="M/T 碼副程式和巨集太多" />
	<Message ID="AlarmMsg::Coordinate::ID=132" Content="程式名稱含有不合法字元" />
	<Message ID="AlarmMsg::Coordinate::ID=133" Content="G02.4/G03.4插補模式下不支援此命令" />
	<Message ID="AlarmMsg::Coordinate::ID=134" Content="G02.4/G03.4指令格式錯誤" />
	<Message ID="AlarmMsg::Coordinate::ID=136" Content="軸向調機失敗後請先重啟控制器再進行CycleStart" />
	<Message ID="AlarmMsg::Coordinate::ID=137" Content="G04.1 P引數的順序錯誤" />
	<Message ID="AlarmMsg::Coordinate::ID=140" Content="在G43.4模式下禁止使用G05高精軌跡控制模式" />
	<Message ID="AlarmMsg::Coordinate::ID=143" Content="G10 L1501,P引數所指定的軸向不存在" />
	<Message ID="AlarmMsg::Coordinate::ID=151" Content="第一旋轉軸進入不合法範圍" />
	<Message ID="AlarmMsg::Coordinate::ID=152" Content="第二旋轉軸進入不合法範圍" />
	<Message ID="AlarmMsg::Coordinate::ID=153" Content="此刀具方向無解" />
	<Message ID="AlarmMsg::Coordinate::ID=154" Content="無五軸功能" />
	<Message ID="AlarmMsg::Coordinate::ID=155" Content="五軸刀具方向未設定" />
	<Message ID="AlarmMsg::Coordinate::ID=156" Content="五軸軸向設定錯誤" />
	<Message ID="AlarmMsg::Coordinate::ID=157" Content="五軸刀具方向與旋轉軸方向不相容" />
	<Message ID="AlarmMsg::Coordinate::ID=201" Content="程式不存在" />
	<Message ID="AlarmMsg::Coordinate::ID=202" Content="傳檔通訊線路錯誤" />
	<Message ID="AlarmMsg::Coordinate::ID=203" Content="加工程序格式不符，請查閱警報說明" />
	<Message ID="AlarmMsg::Coordinate::ID=204" Content="檔案太大" />
	<Message ID="AlarmMsg::Coordinate::ID=205" Content="檔案是空的" />
	<Message ID="AlarmMsg::Coordinate::ID=206" Content="工作頁無法取得寫入權利" />
	<Message ID="AlarmMsg::Coordinate::ID=207" Content="指定序號不存在" />
	<Message ID="AlarmMsg::Coordinate::ID=208" Content="順序檔不可使用跳躍指令" />
	<Message ID="AlarmMsg::Coordinate::ID=471" Content="加工程式1" />
	<Message ID="AlarmMsg::Coordinate::ID=472" Content="加工程式2" />
	<Message ID="AlarmMsg::Coordinate::ID=473" Content="加工程式3" />
	<Message ID="AlarmMsg::Coordinate::ID=474" Content="加工程式4" />
	<Message ID="AlarmMsg::Coordinate::ID=475" Content="加工程式5" />
	<Message ID="AlarmMsg::Coordinate::ID=476" Content="加工程式6" />
	<Message ID="AlarmMsg::Coordinate::ID=491" Content="模擬程式" />
	<Message ID="AlarmMsg::Motion::ID=1" Content="A,B編碼器回饋訊號錯誤" />
	<Message ID="AlarmMsg::Motion::ID=2" Content="錯誤計數器溢位" />
	<Message ID="AlarmMsg::Motion::ID=3" Content="編碼器模組錯誤" />
	<Message ID="AlarmMsg::Motion::ID=4" Content="無索引中斷信號" />
	<Message ID="AlarmMsg::Motion::ID=5" Content="DDA指令超過額定值" />
	<Message ID="AlarmMsg::Motion::ID=6" Content="索引狀態無法清除" />
	<Message ID="AlarmMsg::Motion::ID=8" Content="遺失位置命令" />
	<Message ID="AlarmMsg::Motion::ID=9" Content="驅動器警報" />
	<Message ID="AlarmMsg::Motion::ID=10" Content="軸向位置命令通訊異常" />
	<Message ID="AlarmMsg::Motion::ID=11" Content="驅動器通訊異常" />
	<Message ID="AlarmMsg::Motion::ID=12" Content="驅動器尋原點失敗" />
	<Message ID="AlarmMsg::Motion::ID=13" Content="軸向調機失敗後請先重啟控制器再進行JOG, MPG, 尋原點等操作" />
	<Message ID="AlarmMsg::Motion::ID=14" Content="超過系統串列軸向數量上限, 請放大插補時間或關閉此軸" />
	<Message ID="AlarmMsg::Motion::ID=17" Content="超過正向第一軟體行程極限" />
	<Message ID="AlarmMsg::Motion::ID=18" Content="超過負向第一軟體行程極限" />
	<Message ID="AlarmMsg::Motion::ID=19" Content="追隨誤差超過" />
	<Message ID="AlarmMsg::Motion::ID=20" Content="不能在移動中切回控制模式" />
	<Message ID="AlarmMsg::Motion::ID=21" Content="必須重新尋原點" />
	<Message ID="AlarmMsg::Motion::ID=22" Content="原點位置不準確" />
	<Message ID="AlarmMsg::Motion::ID=23" Content="嚴重追隨誤差超過" />
	<Message ID="AlarmMsg::Motion::ID=24" Content="嚴重雙迴路位置誤差超過" />
	<Message ID="AlarmMsg::Motion::ID=25" Content="超過正向硬體行程極限" />
	<Message ID="AlarmMsg::Motion::ID=26" Content="超過負向硬體行程極限" />
	<Message ID="AlarmMsg::Motion::ID=27" Content="PLC軸程式錯誤" />
	<Message ID="AlarmMsg::Motion::ID=28" Content="系統記憶體太低" />
	<Message ID="AlarmMsg::Motion::ID=29" Content="尋原點找不到原點Index訊號" />
	<Message ID="AlarmMsg::Motion::ID=30" Content="尋原點零速檢查失敗" />
	<Message ID="AlarmMsg::Motion::ID=31" Content="靜態雙迴路位置誤差超過" />
	<Message ID="AlarmMsg::Motion::ID=32" Content="(Z軸)追隨主軸誤差超過" />
	<Message ID="AlarmMsg::Motion::ID=33" Content="絕對位置讀取失敗" />
	<Message ID="AlarmMsg::Motion::ID=34" Content="未完成第一次原點設定，絕對位置無法運作" />
	<Message ID="AlarmMsg::Motion::ID=35" Content="絕對位置電池失效,請更換電池並重新設定原點" />
	<Message ID="AlarmMsg::Motion::ID=36" Content="尋原點離不開原點開關" />
	<Message ID="AlarmMsg::Motion::ID=37" Content="超過正向第二軟體行程極限" />
	<Message ID="AlarmMsg::Motion::ID=38" Content="超過負向第二軟體行程極限" />
	<Message ID="AlarmMsg::Motion::ID=39" Content="攻牙嚴重過行程" />
	<Message ID="AlarmMsg::Motion::ID=40" Content="雙迴授自我檢測誤差超過" />
	<Message ID="AlarmMsg::Motion::ID=41" Content="超過正向第三軟體行程極限" />
	<Message ID="AlarmMsg::Motion::ID=42" Content="超過負向第三軟體行程極限" />
	<Message ID="AlarmMsg::Motion::ID=43" Content="進入第一軟體行程極限保護範圍" />
	<Message ID="AlarmMsg::Motion::ID=44" Content="進入第二軟體行程極限保護範圍" />
	<Message ID="AlarmMsg::Motion::ID=45" Content="進入第三軟體行程極限保護範圍" />
	<Message ID="AlarmMsg::Motion::ID=46" Content="原點開關訊號異常" />
	<Message ID="AlarmMsg::Motion::ID=50" Content="不能在速度控制模式切成扭力控制模式" />
	<Message ID="AlarmMsg::Motion::ID=51" Content="移動中禁止啟動加工" />
	<Message ID="AlarmMsg::Motion::ID=52" Content="驅動器後級電未投入，請檢查電源連接線路" />
	<Message ID="AlarmMsg::Motion::ID=55" Content="絕對式編碼器相關參數設定錯誤" />
	<Message ID="AlarmMsg::Motion::ID=57" Content="驅動器無法進入伺服ON" />
	<Message ID="AlarmMsg::Spindle::ID=17" Content="主軸定位位置檢查錯誤" />
	<Message ID="AlarmMsg::Spindle::ID=18" Content="主軸定位索引信號沒有找到" />
	<Message ID="AlarmMsg::Spindle::ID=20" Content="主軸無參考點，齒輪比、編碼器位置、或軸型態設定錯誤" />
	<Message ID="AlarmMsg::Spindle::ID=21" Content="空檔下進行攻牙" />
	<Message ID="AlarmMsg::Spindle::ID=22" Content="設定的主軸馬達型態僅支援新代變頻器" />
	<Message ID="AlarmMsg::Spindle::ID=23" Content="主軸轉速未到達，請檢查Pr1991~與Pr1831~設定是否合理" />
	<Message ID="AlarmMsg::Compiler::ID=1" Content="在註解中遇到檔案結束的符號" />
	<Message ID="AlarmMsg::Compiler::ID=2" Content="沒有字串符號結尾的字串" />
	<Message ID="AlarmMsg::Compiler::ID=3" Content="句法錯誤" />
	<Message ID="AlarmMsg::Compiler::ID=4" Content="無效的變數" />
	<Message ID="AlarmMsg::Compiler::ID=5" Content="數學式太複雜" />
	<Message ID="AlarmMsg::Compiler::ID=6" Content="EXIT子句在重覆迴圈之外" />
	<Message ID="AlarmMsg::Compiler::ID=7" Content="重覆迴圈太深" />
	<Message ID="AlarmMsg::Compiler::ID=8" Content="子句中沒有結束的符號';'" />
	<Message ID="AlarmMsg::Compiler::ID=9" Content="錯誤的給值符號':='" />
	<Message ID="AlarmMsg::Compiler::ID=10" Content="沒有右邊的')' " />
	<Message ID="AlarmMsg::Compiler::ID=11" Content="沒有右邊的']' " />
	<Message ID="AlarmMsg::Compiler::ID=12" Content="關鍵字是FOR的子句中，找不到'FOR' " />
	<Message ID="AlarmMsg::Compiler::ID=13" Content="關鍵字是FOR的子句中，找不到'DO' " />
	<Message ID="AlarmMsg::Compiler::ID=14" Content="關鍵字是FOR的子句中，找不到'END_FOR' " />
	<Message ID="AlarmMsg::Compiler::ID=15" Content="關鍵字是REPEAT的子句中，找不到'UNTIL' " />
	<Message ID="AlarmMsg::Compiler::ID=16" Content="關鍵字是REPEAT的子句中，找不到'END_REPEAT' " />
	<Message ID="AlarmMsg::Compiler::ID=17" Content="關鍵字是WHILE的子句中，找不到'DO' " />
	<Message ID="AlarmMsg::Compiler::ID=18" Content="關鍵字是WHILE的子句中，找不到'END_WHILE' " />
	<Message ID="AlarmMsg::Compiler::ID=19" Content="關鍵字是IF的子句中，找不到'THEN' " />
	<Message ID="AlarmMsg::Compiler::ID=20" Content="關鍵字是IF的子句中，找不到'ELSE'或'END_IF' " />
	<Message ID="AlarmMsg::Compiler::ID=21" Content="關鍵字是IF的子句中，找不到'END_IF' " />
	<Message ID="AlarmMsg::Compiler::ID=22" Content="關鍵字是CASE的子句中，找不到'OF' " />
	<Message ID="AlarmMsg::Compiler::ID=23" Content="關鍵字是CASE的子句中，找不到'ELSE'或'END_CASE' " />
	<Message ID="AlarmMsg::Compiler::ID=24" Content="關鍵字是CASE的子句中，找不到'END_CASE' " />
	<Message ID="AlarmMsg::Compiler::ID=25" Content="關鍵字是CASE的子句中，找不到':'或',' " />
	<Message ID="AlarmMsg::Compiler::ID=27" Content="無效的字元 " />
	<Message ID="AlarmMsg::Operation::ID=1" Content="軸板設定錯誤,I/O功能無法正常啟動" />
	<Message ID="AlarmMsg::Operation::ID=2" Content="系統參數檔存取失敗，系統無法運作" />
	<Message ID="AlarmMsg::Operation::ID=3" Content="加工資料檔存取失敗，系統無法運作" />
	<Message ID="AlarmMsg::Operation::ID=4" Content="加工資料遺失,加工前請重校加工資料" />
	<Message ID="AlarmMsg::Operation::ID=5" Content="I/O傳輸錯誤" />
	<Message ID="AlarmMsg::Operation::ID=6" Content="永久記憶體資料檢查錯誤, 加工前請重校加工資料" />
	<Message ID="AlarmMsg::Operation::ID=7" Content="記憶體空間不足，小於1M" />
	<Message ID="AlarmMsg::Operation::ID=8" Content="記憶體空間嚴重不足，小於100K" />
	<Message ID="AlarmMsg::Operation::ID=9" Content="差值逾時次數超過100" />
	<Message ID="AlarmMsg::Operation::ID=10" Content="軸群編號參數設定錯誤" />
	<Message ID="AlarmMsg::Operation::ID=11" Content="暫停點偏移量錯誤" />
	<Message ID="AlarmMsg::Operation::ID=13" Content="此軟體版本與機型無法驅動此款控制器硬體, 請聯絡供應商!" />
	<Message ID="AlarmMsg::Operation::ID=15" Content="輸出接點過載，請斷電確認配線是否異常。" />
	<Message ID="AlarmMsg::Operation::ID=16" Content="直線度補償功能參數設定錯誤" />
	<Message ID="AlarmMsg::Operation::ID=18" Content="軸向或主軸的端口號碼設定錯誤" />
	<Message ID="AlarmMsg::Operation::ID=19" Content="系統加工中或未就緒時不可經由人機操作切換公英制" />
	<Message ID="AlarmMsg::Operation::ID=20" Content="加工檔名與備份檔名不一致, 請檢查加工資料設定值" />
	<Message ID="AlarmMsg::Operation::ID=21" Content="使用前一次加工資料檔,請檢查加工資料設定值" />
	<Message ID="AlarmMsg::Operation::ID=22" Content="加工資料檔重建,加工前請重校加工資料" />
	<Message ID="AlarmMsg::Operation::ID=23" Content="加工中斷電, 加工前請重校加工資料" />
	<Message ID="AlarmMsg::Operation::ID=24" Content="加工資料檔寫入失敗,加工前請重校加工資料" />
	<Message ID="AlarmMsg::Operation::ID=25" Content="加工資料檔多次寫入失敗,加工前請重校加工資料" />
	<Message ID="AlarmMsg::Operation::ID=26" Content="加工資料檔嚴重寫入失敗,加工前請重校加工資料並做磁碟機掃瞄" />
	<Message ID="AlarmMsg::Operation::ID=41" Content="加工檔載入失敗，請檢查加工程式是否放於指定路徑" />
	<Message ID="AlarmMsg::Operation::ID=42" Content="加工程式資料錯誤，請檢查加工檔案" />
	<Message ID="AlarmMsg::Operation::ID=43" Content="電子凸輪組數過多&lt;最多8組&gt;，請修改加工程式減少組數" />
	<Message ID="AlarmMsg::Operation::ID=44" Content="凸輪曲線數量過多&lt;最多32條&gt;，請修改加工程式減少曲線數量" />
	<Message ID="AlarmMsg::Operation::ID=45" Content="路徑規畫失敗，請檢查馬達運動參數或修改凸輪曲線" />
	<Message ID="AlarmMsg::Operation::ID=46" Content="找不到軸名稱，請檢查參數321到參數340的設定" />
	<Message ID="AlarmMsg::Operation::ID=47" Content="工件計數用的R值不在可用的範圍內，請選擇使用者自行定義的號碼" />
	<Message ID="AlarmMsg::Macro::ID=300" Content="自動分中,起始點錯誤" />
	<Message ID="AlarmMsg::Macro::ID=301" Content="自動分中,&lt;長度&gt;或&lt;安全距離&gt;輸入錯誤" />
	<Message ID="AlarmMsg::Macro::ID=302" Content="自動分中,&lt;寬度&gt;或&lt;安全距離&gt;輸入錯誤" />
	<Message ID="AlarmMsg::Macro::ID=303" Content="自動分中,&lt;安全高度&gt;輸入錯誤" />
	<Message ID="AlarmMsg::Macro::ID=304" Content="自動分中,&lt;速度&gt;輸入錯誤" />
	<Message ID="AlarmMsg::Macro::ID=305" Content="自動分中,&lt;安全距離&gt;輸入錯誤" />
	<Message ID="AlarmMsg::Macro::ID=306" Content="自動分中,&lt;長度&gt;或&lt;寬度&gt;輸入錯誤" />
	<Message ID="AlarmMsg::Macro::ID=307" Content="自動分中時發生錯誤" />
	<Message ID="AlarmMsg::Macro::ID=320" Content="主軸至對刀儀距離輸入錯誤" />
	<Message ID="AlarmMsg::Macro::ID=321" Content="預估刀長輸入錯誤" />
	<Message ID="AlarmMsg::Macro::ID=322" Content="主軸至對刀儀距離或預估刀長輸入錯誤" />
	<Message ID="AlarmMsg::Macro::ID=323" Content="第一次與第二次探測的誤差超過容許範圍" />
	<Message ID="AlarmMsg::Macro::ID=324" Content="刀具量測時發生錯誤" />
	<Message ID="AlarmMsg::Macro::ID=330" Content="Z軸最低點錯誤警報" />
	<Message ID="AlarmMsg::Macro::ID=331" Content="刀具量測時發生錯誤警報" />
	<Message ID="AlarmMsg::Macro::ID=332" Content="第二次與第三次探測誤差超過設定範圍" />
	<Message ID="AlarmMsg::Macro::ID=333" Content="Z方向起始點錯誤警報" />
	<Message ID="AlarmMsg::Macro::ID=334" Content="執行G碼對刀指令前沒有下過H碼" />
	<Message ID="AlarmMsg::Macro::ID=335" Content="量測位置設定錯誤，刀長量測訊號已被觸發" />
	<Message ID="AlarmMsg::Macro::ID=336" Content="量測位置設定錯誤，刀長量測訊號未被觸發" />
	<Message ID="AlarmMsg::Macro::ID=401" Content="輸入錯誤的工件座標系設定" />
	<Message ID="AlarmMsg::Macro::ID=402" Content="輸入錯誤的刀具設定" />
	<Message ID="AlarmMsg::Macro::ID=403" Content="輸入錯誤的對刀模式" />
	<Message ID="AlarmMsg::Macro::ID=404" Content="是否使用參考點設定錯誤" />
	<Message ID="AlarmMsg::Macro::ID=451" Content="主軸刀號與斷刀點的刀號不一致" />
	<Message ID="AlarmMsg::Macro::ID=452" Content="刀具回退功能,刀具收回軸向必須為X Y Z" />
	<Message ID="AlarmMsg::Macro::ID=453" Content="O888800斷點回歸程式不支援G91增量模式" />
	<Message ID="AlarmMsg::Servo::ID=10h" Content="電源電壓不足(AL.10)" />
	<Message ID="AlarmMsg::Servo::ID=12h" Content="記憶體異常1(RAM)(AL.12)" />
	<Message ID="AlarmMsg::Servo::ID=13h" Content="列印基版異常(AL.13)" />
	<Message ID="AlarmMsg::Servo::ID=15h" Content="記憶體異常2(EEP-ROM)(AL.15)" />
	<Message ID="AlarmMsg::Servo::ID=16h" Content="編碼器通信異常1(AL.16)" />
	<Message ID="AlarmMsg::Servo::ID=17h" Content="CPU異常(AL.17)" />
	<Message ID="AlarmMsg::Servo::ID=19h" Content="記憶體異常3(Flash ROM)(AL.19)" />
	<Message ID="AlarmMsg::Servo::ID=1Ah" Content="馬達組合異常(AL.1A)" />
	<Message ID="AlarmMsg::Servo::ID=20h" Content="編碼器通信異常2(AL.20)" />
	<Message ID="AlarmMsg::Servo::ID=24h" Content="馬達輸出接地(AL.24)" />
	<Message ID="AlarmMsg::Servo::ID=25h" Content="絕對位置資料異常(AL.25)" />
	<Message ID="AlarmMsg::Servo::ID=30h" Content="回生異常(AL.30)" />
	<Message ID="AlarmMsg::Servo::ID=31h" Content="迴轉速度超過瞬間容許值(AL.31)" />
	<Message ID="AlarmMsg::Servo::ID=32h" Content="電流超過容許值(AL.32)" />
	<Message ID="AlarmMsg::Servo::ID=33h" Content="電壓超過容許值(AL.33)" />
	<Message ID="AlarmMsg::Servo::ID=35h" Content="指令脈衝周波數過高(AL.35)" />
	<Message ID="AlarmMsg::Servo::ID=37h" Content="參數設定異常(AL.37)" />
	<Message ID="AlarmMsg::Servo::ID=45h" Content="主迴路元件過熱(AL.45)" />
	<Message ID="AlarmMsg::Servo::ID=46h" Content="馬達過熱(AL.46)" />
	<Message ID="AlarmMsg::Servo::ID=47h" Content="冷卻風扇異常(AL.47)" />
	<Message ID="AlarmMsg::Servo::ID=50h" Content="過負載1(AL.50)" />
	<Message ID="AlarmMsg::Servo::ID=51h" Content="過負載2(AL.51)" />
	<Message ID="AlarmMsg::Servo::ID=52h" Content="誤差過大(AL.52)" />
	<Message ID="AlarmMsg::Servo::ID=8Ah" Content="串列通信逾時(AL.8A)" />
	<Message ID="AlarmMsg::Servo::ID=8Eh" Content="串列通信異常(AL.8E)" />
	<Message ID="AlarmMsg::Servo::ID=92h" Content="絕對位置編碼器電池斷線(AL.92)" />
	<Message ID="AlarmMsg::Servo::ID=96h" Content="原點設定錯誤(AL.96)" />
	<Message ID="AlarmMsg::Servo::ID=99h" Content="衝程極限警告(AL.99)" />
	<Message ID="AlarmMsg::Servo::ID=9Fh" Content="絕對位置編碼器電池電壓過低(AL.9F)" />
	<Message ID="AlarmMsg::Servo::ID=E0h" Content="過回生警告(AL.E0)" />
	<Message ID="AlarmMsg::Servo::ID=E1h" Content="過負載警告(AL.E1)" />
	<Message ID="AlarmMsg::Servo::ID=E3h" Content="絕對位置計數器警告(AL.E3)" />
	<Message ID="AlarmMsg::Servo::ID=E5h" Content="ABS逾時警告(AL.E5)" />
	<Message ID="AlarmMsg::Servo::ID=E6h" Content="緊急停止(AL.E6)" />
	<Message ID="AlarmMsg::Servo::ID=E8h" Content="冷卻風扇速度異常警告(AL.E8)" />
	<Message ID="AlarmMsg::Servo::ID=E9h" Content="主迴路OFF警告(AL.E9)" />
	<Message ID="AlarmMsg::Servo::ID=EAh" Content="ABS SV ON警告(AL.EA)" />
	<Message ID="AlarmMsg::Servo::ID=ECh" Content="過負載警告2(AL.EC)" />
	<Message ID="AlarmMsg::Servo::ID=EDh" Content="輸出過大警告(AL.ED)" />
	<Message ID="AlarmMsg::MLC::ID=1" Content="X軸超過正向硬體行程極限" />
	<Message ID="AlarmMsg::MLC::ID=2" Content="X軸超過負向硬體行程極限" />
	<Message ID="AlarmMsg::MLC::ID=3" Content="X軸尚未原點復歸" />
	<Message ID="AlarmMsg::MLC::ID=4" Content="X軸伺服驅動器警報" />
	<Message ID="AlarmMsg::MLC::ID=9" Content="Y軸超過正向硬體行程極限" />
	<Message ID="AlarmMsg::MLC::ID=10" Content="Y軸超過負向硬體行程極限" />
	<Message ID="AlarmMsg::MLC::ID=11" Content="Y軸尚未原點復歸" />
	<Message ID="AlarmMsg::MLC::ID=12" Content="Y軸伺服驅動器警報" />
	<Message ID="AlarmMsg::MLC::ID=17" Content="Z軸超過正向硬體行程極限" />
	<Message ID="AlarmMsg::MLC::ID=18" Content="Z軸超過負向硬體行程極限" />
	<Message ID="AlarmMsg::MLC::ID=19" Content="Z軸尚未原點復歸" />
	<Message ID="AlarmMsg::MLC::ID=20" Content="Z軸伺服驅動器警報" />
	<Message ID="AlarmMsg::MLC::ID=25" Content="A軸超過正向硬體行程極限" />
	<Message ID="AlarmMsg::MLC::ID=26" Content="A軸超過負向硬體行程極限" />
	<Message ID="AlarmMsg::MLC::ID=27" Content="A軸尚未原點復歸" />
	<Message ID="AlarmMsg::MLC::ID=28" Content="A軸伺服驅動器警報" />
	<Message ID="AlarmMsg::MLC::ID=33" Content="B軸超過正向硬體行程極限" />
	<Message ID="AlarmMsg::MLC::ID=34" Content="B軸超過負向硬體行程極限" />
	<Message ID="AlarmMsg::MLC::ID=35" Content="B軸尚未原點復歸" />
	<Message ID="AlarmMsg::MLC::ID=36" Content="B軸伺服驅動器警報" />
	<Message ID="AlarmMsg::MLC::ID=41" Content="C軸超過正向硬體行程極限" />
	<Message ID="AlarmMsg::MLC::ID=42" Content="C軸超過負向硬體行程極限" />
	<Message ID="AlarmMsg::MLC::ID=43" Content="C軸尚未原點復歸" />
	<Message ID="AlarmMsg::MLC::ID=44" Content="C軸伺服驅動器警報" />
	<Message ID="AlarmMsg::MLC::ID=49" Content="主軸伺服驅動器警報" />
	<Message ID="AlarmMsg::MLC::ID=50" Content="加工液馬達過載" />
	<Message ID="AlarmMsg::MLC::ID=51" Content="油壓系統警報" />
	<Message ID="AlarmMsg::MLC::ID=52" Content="風壓不足" />
	<Message ID="AlarmMsg::MLC::ID=53" Content="潤滑油不足" />
	<Message ID="AlarmMsg::MLC::ID=54" Content="加工液液位不足" />
	<Message ID="AlarmMsg::MLC::ID=55" Content="夾爪未關" />
	<Message ID="AlarmMsg::MLC::ID=56" Content="刀庫系統警報" />
	<Message ID="AlarmMsg::MLC::ID=57" Content="CPU溫度過高, 超過80度" />
	<Message ID="AlarmMsg::Drv_YASKAWA::ID=20h" Content="參數Checksum異常。"/>
	<Message ID="AlarmMsg::Drv_YASKAWA::ID=21h" Content="參數格式異常。"/>
	<Message ID="AlarmMsg::Drv_YASKAWA::ID=22h" Content="系統Checksum異常。"/>
	<Message ID="AlarmMsg::Drv_YASKAWA::ID=23h" Content="參數密碼異常。"/>
	<Message ID="AlarmMsg::Drv_YASKAWA::ID=24h" Content="系統警報"/>
	<Message ID="AlarmMsg::Drv_YASKAWA::ID=25h" Content="系統警報"/>
	<Message ID="AlarmMsg::Drv_YASKAWA::ID=30h" Content="主回路檢出部故障。"/>
	<Message ID="AlarmMsg::Drv_YASKAWA::ID=40h" Content="參數設定錯誤1。"/>
	<Message ID="AlarmMsg::Drv_YASKAWA::ID=41h" Content="分周脈波輸出設定故障。"/>
	<Message ID="AlarmMsg::Drv_YASKAWA::ID=42h" Content="參數組合故障。"/>
	<Message ID="AlarmMsg::Drv_YASKAWA::ID=44h" Content="半閉回路/全閉回路參數設定故障。"/>
	<Message ID="AlarmMsg::Drv_YASKAWA::ID=4Ah" Content="參數設定錯誤2。"/>
	<Message ID="AlarmMsg::Drv_YASKAWA::ID=50h" Content="容量選配錯誤。"/>
	<Message ID="AlarmMsg::Drv_YASKAWA::ID=51h" Content="產品不支援警報。"/>
	<Message ID="AlarmMsg::Drv_YASKAWA::ID=70h" Content="偵測到馬達類型改變"/>
	<Message ID="AlarmMsg::Drv_YASKAWA::ID=80h" Content="線性編碼器pitch設定錯誤"/>
	<Message ID="AlarmMsg::Drv_YASKAWA::ID=B0h" Content="伺服ON指令無效警報。"/>
	<Message ID="AlarmMsg::Drv_YASKAWA::ID=100h" Content="過電流或過熱檢出。"/>
	<Message ID="AlarmMsg::Drv_YASKAWA::ID=101h" Content="電機過電流檢出。"/>
	<Message ID="AlarmMsg::Drv_YASKAWA::ID=300h" Content="回生故障。"/>
	<Message ID="AlarmMsg::Drv_YASKAWA::ID=320h" Content="回生過載。"/>
	<Message ID="AlarmMsg::Drv_YASKAWA::ID=330h" Content="主回路電源接線故障。"/>
	<Message ID="AlarmMsg::Drv_YASKAWA::ID=400h" Content="電壓過大。"/>
	<Message ID="AlarmMsg::Drv_YASKAWA::ID=410h" Content="低電壓。"/>
	<Message ID="AlarmMsg::Drv_YASKAWA::ID=450h" Content="主電路電容過電壓。"/>
	<Message ID="AlarmMsg::Drv_YASKAWA::ID=510h" Content="速度過大。"/>
	<Message ID="AlarmMsg::Drv_YASKAWA::ID=511h" Content="編碼器脈波輸出過速度"/>
	<Message ID="AlarmMsg::Drv_YASKAWA::ID=520h" Content="振動警報。"/>
	<Message ID="AlarmMsg::Drv_YASKAWA::ID=521h" Content="Autotuning警報。"/>
	<Message ID="AlarmMsg::Drv_YASKAWA::ID=710h" Content="過載（瞬間最大負載）。"/>
	<Message ID="AlarmMsg::Drv_YASKAWA::ID=720h" Content="過載（連續最大負載）。"/>
	<Message ID="AlarmMsg::Drv_YASKAWA::ID=730h" Content="動態制動（DB）過載。"/>
	<Message ID="AlarmMsg::Drv_YASKAWA::ID=731h" Content="動態制動（DB） 過載。"/>
	<Message ID="AlarmMsg::Drv_YASKAWA::ID=740h" Content="衝擊電流限制電阻過載。"/>
	<Message ID="AlarmMsg::Drv_YASKAWA::ID=7A0h" Content="散熱片過熱。"/>
	<Message ID="AlarmMsg::Drv_YASKAWA::ID=7A1h" Content="內部溫度異常(控制板溫度異常)。"/>
	<Message ID="AlarmMsg::Drv_YASKAWA::ID=7A2h" Content="內部溫度異常(電源板溫度異常)。"/>
	<Message ID="AlarmMsg::Drv_YASKAWA::ID=7A3h" Content="內部溫度感應器異常。"/>
	<Message ID="AlarmMsg::Drv_YASKAWA::ID=7ABh" Content="伺服驅動器內部風扇停止。"/>
	<Message ID="AlarmMsg::Drv_YASKAWA::ID=810h" Content="絕對式資料遺失，請參考絕對式電池保養須知，更換電池，並重開系統。"/>
	<Message ID="AlarmMsg::Drv_YASKAWA::ID=820h" Content="編碼器Checksum警報。"/>
	<Message ID="AlarmMsg::Drv_YASKAWA::ID=830h" Content="編碼器電池警報。"/>
	<Message ID="AlarmMsg::Drv_YASKAWA::ID=840h" Content="編碼器資料錯誤。"/>
	<Message ID="AlarmMsg::Drv_YASKAWA::ID=850h" Content="編碼器過速。"/>
	<Message ID="AlarmMsg::Drv_YASKAWA::ID=860h" Content="編碼器過熱。"/>
	<Message ID="AlarmMsg::Drv_YASKAWA::ID=861h" Content="馬達過熱。"/>
	<Message ID="AlarmMsg::Drv_YASKAWA::ID=890h" Content="編碼器Scale錯誤。"/>
	<Message ID="AlarmMsg::Drv_YASKAWA::ID=891h" Content="編碼器模組錯誤。"/>
	<Message ID="AlarmMsg::Drv_YASKAWA::ID=8A0h" Content="外部編碼器Scale錯誤。"/>
	<Message ID="AlarmMsg::Drv_YASKAWA::ID=8A1h" Content="外部編碼器模組故障。"/>
	<Message ID="AlarmMsg::Drv_YASKAWA::ID=8A2h" Content="外部編碼器感測器故障（增量型）。"/>
	<Message ID="AlarmMsg::Drv_YASKAWA::ID=8A3h" Content="外部編碼器位置錯誤（絕對值）。"/>
	<Message ID="AlarmMsg::Drv_YASKAWA::ID=8A5h" Content="編碼器過速度。"/>
	<Message ID="AlarmMsg::Drv_YASKAWA::ID=8A6h" Content="編碼器過熱錯誤。"/>
	<Message ID="AlarmMsg::Drv_YASKAWA::ID=900h" Content="位置偏差過大。"/>
	<Message ID="AlarmMsg::Drv_YASKAWA::ID=901h" Content="伺服ON 時位置偏差過大。"/>
	<Message ID="AlarmMsg::Drv_YASKAWA::ID=910h" Content="過載。"/>
	<Message ID="AlarmMsg::Drv_YASKAWA::ID=911h" Content="振動。"/>
	<Message ID="AlarmMsg::Drv_YASKAWA::ID=912h" Content="內部溫度異常警告1 （控制板溫度異常）"/>
	<Message ID="AlarmMsg::Drv_YASKAWA::ID=913h" Content="內部溫度異常警告2  （電源板溫度異常）"/>
	<Message ID="AlarmMsg::Drv_YASKAWA::ID=920h" Content="回生超載。"/>
	<Message ID="AlarmMsg::Drv_YASKAWA::ID=921h" Content="動態煞車(DB) 過載。"/>
	<Message ID="AlarmMsg::Drv_YASKAWA::ID=923h" Content="SERVOPACK內建風扇停止轉動。"/>
	<Message ID="AlarmMsg::Drv_YASKAWA::ID=930h" Content="絕對值編碼器的電池異常。"/>
	<Message ID="AlarmMsg::Drv_YASKAWA::ID=941h" Content="需要重新接通電源的參數變更。"/>
	<Message ID="AlarmMsg::Drv_YASKAWA::ID=942h" Content="速度波紋補償異常。"/>
	<Message ID="AlarmMsg::Drv_YASKAWA::ID=94Ah" Content="數據設置警告1（參數數目錯誤）。"/>
	<Message ID="AlarmMsg::Drv_YASKAWA::ID=94Bh" Content="數據設置警告2（超出範圍）。"/>
	<Message ID="AlarmMsg::Drv_YASKAWA::ID=94Ch" Content="數據設置警告3（計算錯誤）。"/>
	<Message ID="AlarmMsg::Drv_YASKAWA::ID=94Dh" Content="數據設置警告4（參數尺寸）。"/>
	<Message ID="AlarmMsg::Drv_YASKAWA::ID=94Eh" Content="數據設置警告5（鎖存模式錯誤）。"/>
	<Message ID="AlarmMsg::Drv_YASKAWA::ID=95Ah" Content="命令警告1（驅動器無法執行當前命令）。"/>
	<Message ID="AlarmMsg::Drv_YASKAWA::ID=95Bh" Content="命令警告2（不支持的命令）。"/>
	<Message ID="AlarmMsg::Drv_YASKAWA::ID=95Dh" Content="命令警告4（命令干擾）。"/>
	<Message ID="AlarmMsg::Drv_YASKAWA::ID=95Eh" Content="命令警告5（子命令禁用）。"/>
	<Message ID="AlarmMsg::Drv_YASKAWA::ID=95Fh" Content="命令警告6（未定義的命令）。"/>
	<Message ID="AlarmMsg::Drv_YASKAWA::ID=960h" Content="MECHATROLINK通訊警告。"/>
	<Message ID="AlarmMsg::Drv_YASKAWA::ID=971h" Content="低電壓警告。"/>
	<Message ID="AlarmMsg::Drv_YASKAWA::ID=9A0h" Content="過行程"/>
	<Message ID="AlarmMsg::Drv_YASKAWA::ID=9B0h" Content="預防性維護警告"/>
	<Message ID="AlarmMsg::Drv_YASKAWA::ID=B10h" Content="速度指令 A/D 錯誤。"/>
	<Message ID="AlarmMsg::Drv_YASKAWA::ID=B11h" Content="速度指令 A/D 轉換異常。"/>
	<Message ID="AlarmMsg::Drv_YASKAWA::ID=B20h" Content="轉矩指令讀取錯誤。"/>
	<Message ID="AlarmMsg::Drv_YASKAWA::ID=B31h" Content="電流檢出故障1。（U 相）"/>
	<Message ID="AlarmMsg::Drv_YASKAWA::ID=B32h" Content="電流檢出故障2。（V相）"/>
	<Message ID="AlarmMsg::Drv_YASKAWA::ID=B33h" Content="電流檢出錯誤3。（電流檢測）"/>
	<Message ID="AlarmMsg::Drv_YASKAWA::ID=B6Ah" Content="MECHATROLINK通信ASIC錯誤 1。"/>
	<Message ID="AlarmMsg::Drv_YASKAWA::ID=B6Bh" Content="MECHATROLINK通信ASIC錯誤 2。"/>
	<Message ID="AlarmMsg::Drv_YASKAWA::ID=BF0h" Content="系統警報0。"/>
	<Message ID="AlarmMsg::Drv_YASKAWA::ID=BF1h" Content="系統警報1。"/>
	<Message ID="AlarmMsg::Drv_YASKAWA::ID=BF2h" Content="系統警報2。"/>
	<Message ID="AlarmMsg::Drv_YASKAWA::ID=BF3h" Content="系統警報3。"/>
	<Message ID="AlarmMsg::Drv_YASKAWA::ID=BF4h" Content="系統警報4。"/>
	<Message ID="AlarmMsg::Drv_YASKAWA::ID=C10h" Content="伺服暴走。"/>
	<Message ID="AlarmMsg::Drv_YASKAWA::ID=C20h" Content="相位檢測錯誤。"/>
	<Message ID="AlarmMsg::Drv_YASKAWA::ID=C21h" Content="霍爾感測器錯誤。"/>
	<Message ID="AlarmMsg::Drv_YASKAWA::ID=C22h" Content="相位資料不匹配。"/>
	<Message ID="AlarmMsg::Drv_YASKAWA::ID=C50h" Content="極性檢測失敗1。"/>
	<Message ID="AlarmMsg::Drv_YASKAWA::ID=C51h" Content="在極性檢測時發生過行程。"/>
	<Message ID="AlarmMsg::Drv_YASKAWA::ID=C52h" Content="極性檢測未完成。"/>
	<Message ID="AlarmMsg::Drv_YASKAWA::ID=C53h" Content="極性檢測超出範圍。"/>
	<Message ID="AlarmMsg::Drv_YASKAWA::ID=C54h" Content="極性檢測失敗2。"/>
	<Message ID="AlarmMsg::Drv_YASKAWA::ID=C80h" Content="編碼器清除錯誤（多回轉圈數上限值設定錯誤）。"/>
	<Message ID="AlarmMsg::Drv_YASKAWA::ID=C90h" Content="編碼器通信錯誤。"/>
	<Message ID="AlarmMsg::Drv_YASKAWA::ID=C91h" Content="編碼器通信位置資料加速度異常。"/>
	<Message ID="AlarmMsg::Drv_YASKAWA::ID=C92h" Content="編碼器通信計時器錯誤。"/>
	<Message ID="AlarmMsg::Drv_YASKAWA::ID=CA0h" Content="編碼器參數錯誤。"/>
	<Message ID="AlarmMsg::Drv_YASKAWA::ID=CB0h" Content="編碼器回波錯誤。"/>
	<Message ID="AlarmMsg::Drv_YASKAWA::ID=CC0h" Content="多回轉圈數上限值不一致。"/>
	<Message ID="AlarmMsg::Drv_YASKAWA::ID=CF1h" Content="回授選購卡通信故障*1（接收失敗）。"/>
	<Message ID="AlarmMsg::Drv_YASKAWA::ID=CF2h" Content="回授選購卡通信故障*1（計時器停止）。"/>
	<Message ID="AlarmMsg::Drv_YASKAWA::ID=D00h" Content="位置偏差過大。"/>
	<Message ID="AlarmMsg::Drv_YASKAWA::ID=D01h" Content="伺服ON 時位置偏差過大警報。"/>
	<Message ID="AlarmMsg::Drv_YASKAWA::ID=D02h" Content="伺服ON 時速度限制引起的位置偏差過大警報。"/>
	<Message ID="AlarmMsg::Drv_YASKAWA::ID=D10h" Content="馬達-負載位置間偏差過大。"/>
	<Message ID="AlarmMsg::Drv_YASKAWA::ID=D30h" Content="位置資料溢位。"/>
	<Message ID="AlarmMsg::Drv_YASKAWA::ID=E02h" Content="MECHATROLINK- II 內同步錯誤 1。"/>
	<Message ID="AlarmMsg::Drv_YASKAWA::ID=E40h" Content="MECHATROLINK- II 傳輸週期設定錯誤。"/>
	<Message ID="AlarmMsg::Drv_YASKAWA::ID=E50h" Content="MECHATROLINK- II 同步錯誤 1。"/>
	<Message ID="AlarmMsg::Drv_YASKAWA::ID=E51h" Content="MECHATROLINK- II 同步失敗。"/>
	<Message ID="AlarmMsg::Drv_YASKAWA::ID=E60h" Content="MECHATROLINK- II 通訊錯誤（接收錯誤）。"/>
	<Message ID="AlarmMsg::Drv_YASKAWA::ID=E61h" Content="MECHATROLINK- II 傳輸週期錯誤（同步間隔誤差）。"/>
	<Message ID="AlarmMsg::Drv_YASKAWA::ID=E71h" Content="安全選項模組檢測故障。"/>
	<Message ID="AlarmMsg::Drv_YASKAWA::ID=E72h" Content="回饋選項模組檢測故障。"/>
	<Message ID="AlarmMsg::Drv_YASKAWA::ID=E74h" Content="不支援的安全選項的模組。"/>
	<Message ID="AlarmMsg::Drv_YASKAWA::ID=EA2h" Content="DRV報警 2（SERVOPACK WDT錯誤）。"/>
	<Message ID="AlarmMsg::Drv_YASKAWA::ID=EB1h" Content="SERVOPACK: 安全模組報警。"/>
	<Message ID="AlarmMsg::Drv_YASKAWA::ID=EC8h" Content="Gate Drive錯誤 1。"/>
	<Message ID="AlarmMsg::Drv_YASKAWA::ID=EC9h" Content="Gate Drive錯誤 2。"/>
	<Message ID="AlarmMsg::Drv_YASKAWA::ID=ED1h" Content="命令執行超時。"/>
	<Message ID="AlarmMsg::Drv_YASKAWA::ID=F10h" Content="電源線欠相。"/>
	<Message ID="AlarmMsg::Drv_YASKAWA::ID=F50h" Content="馬達動力線斷線或毀損。"/>
</ResMap>
