<?xml version="1.0" encoding="utf-8" ?>
<ResMap>
	<Message ID="AlarmMsg::SERIALPLCAXIS::ID=1" Content="串行PLC轴 驱动器局号设定 与系统轴重复。"/>
	<Message ID="AlarmMsg::SERIALPLCAXIS::ID=2" Content="起始 R 缓存器位于系统保护区内或设置非可bitR值，请重新指定。"/>
	<Message ID="AlarmMsg::SERIALPLCAXIS::ID=3" Content="串行PLC轴定位加减速设定错误，请重新指定。"/>
	<Message ID="AlarmMsg::SERIALPLCAXIS::ID=4" Content="串行PLC轴位置检查窗口设定错误，请重新指定。"/>
	<Message ID="AlarmMsg::SERIALPLCAXIS::ID=5" Content="串行PLC轴第一段寻原点速度设定错误，请重新指定。"/>
	<Message ID="AlarmMsg::SERIALPLCAXIS::ID=6" Content="串行PLC轴第二段寻原点速度设定错误，请重新指定。"/>
	<Message ID="AlarmMsg::SERIALPLCAXIS::ID=7" Content="串行PLC轴寻原点偏移量设定错误，请重新指定。"/>
	<Message ID="AlarmMsg::SERIALPLCAXIS::ID=8" Content="绝对式电机无法使用寻原点功能。"/>
	<Message ID="AlarmMsg::SERIALPLCAXIS::ID=9" Content="绝对式电机第一次需要重新设定原点。"/>
	<Message ID="AlarmMsg::SERIALPLCAXIS::ID=10" Content="重要性参数被修改，请断电重开，并重新设定原点。"/>
	<Message ID="AlarmMsg::SERIALPLCAXIS::ID=11" Content="轴向或主轴的端口号码设定错误。"/>
	<Message ID="AlarmMsg::SERIALPLCAXIS::ID=12" Content="串行PLC轴向目标超过正软件行程极限。"/>
	<Message ID="AlarmMsg::SERIALPLCAXIS::ID=13" Content="串行PLC轴向目标超过负软件行程极限。"/>
</ResMap>
