﻿<?xml version="1.0" encoding="utf-8" ?>
<ResMap>
	<Message ID="MMI::LogoPath" Content="\diskc\OCRes\CHT\Picture\SynLogo.bmp" />

	<!-- ========== Common String Define ===================== -->
	<Message ID="MMI::Common::InputTag" Content="输入 :" />
	<Message ID="MMI::Common::HintTag" Content="提示 :" />
	<Message ID="MMI::Common::BtnOK" Content="确定" />
	<Message ID="MMI::Common::BtnCancel" Content="取消" />
	<Message ID="MMI::Common::BtnYes" Content="是" />
	<Message ID="MMI::Common::BtnNo" Content="否" />
	<Message ID="MMI::Common::DialogHint" Content=" (F1: 确定, F2: 切换字段, F8: 取消)" />
	<Message ID="MMI::Common::DialogHintKey5" Content=" (F1: 确定, F2: 切换栏位, F5: 取消)" />

	<Message ID="MMI::Common::SelectItemTitle" Content="选择项目" />
	<Message ID="MMI::Common::PLC" Content="阶梯图" />
	<Message ID="MMI::Common::Parameter" Content="参数档" />
	<Message ID="MMI::Common::ParameterExt" Content="扩充参数档" />
	<Message ID="MMI::Common::Macro" Content="巨集程式" />
	<Message ID="MMI::Common::MacroAlarm" Content="巨集警报" />
	<Message ID="MMI::Common::Registry" Content="登录档" />
	<Message ID="MMI::Common::OCRes" Content="客制人机画面档" />
	<Message ID="MMI::Common::HistoryAlarm" Content="历来警报" />
	<Message ID="MMI::Common::OpLogFile" Content="操作纪录器" />
	<Message ID="MMI::Common::DriverParameter" Content="驱动器参数" />
	<Message ID="MMI::Common::DataLogFile" Content="诊断纪录" />
	<Message ID="MMI::Common::AuthorityData" Content="权限数据" />
	<Message ID="MMI::Common::SerialPLCAxisParam" Content="串列PLC轴参数" />
	<Message ID="MMI::Common::ECamData" Content="电子凸轮数据" />
	<Message ID="MMI::Common::SelectAll" Content="全选" />
	<Message ID="MMI::Common::SYNTEC_Backup" Content="原厂备份" />
	<Message ID="MMI::Common::Spend" Content="预估共需花费" />
	<Message ID="MMI::Common::Minute" Content="分钟" />

	<Message ID="MMI::InvalidFile" Content="档案不合法" />
	<Message ID="MMI::InputCorrectName" Content="请输入正确档名!" />
	<Message ID="MMI::InvalidNameInput" Content="输入文件名包含不合法字符 !
	(不合法字符 :「&quot;」,「&lt;」,「&gt;」,「|」,「:」,「*」,「?」,「\」,「/」,「 」)" />
	<Message ID="MMI::InvalidNameExtension" Content="输入之扩展名不支持!" />
	<Message ID="MMI::From" Content="从 :" />
	<Message ID="MMI::To" Content="到 :" />
	<Message ID="MMI::FileCopy" Content="档案拷贝" />
	<Message ID="MMI::FileCopy::FolderRecursive" Content="目标数据夹是来源数据夹的子目录 !" />
	<Message ID="MMI::FileCopy::SameFilePath" Content="目标档案与来源档案同一路径 !" />
	<Message ID="MMI::FileCopy::OverWriteAll" Content="接下来是否全部覆盖 !" />
	<Message ID="MMI::Axis::Not_Home" Content="轴尚未寻原点!" />

	<Message ID="OCBrowser::ErrInvalidRange" Content="輸入值超過範圍!" />
	<Message ID="OCBrowser::ErrNumberOnly" Content="輸入值不合法" />
	<Message ID="OCBrowser::WarningMsgBoxTitle" Content="警告!" />
	<Message ID="OCBrowser::QuestionMsgBoxTitle" Content="問題?" />
	<Message ID="OCBrowser::HSHPParamInpTitle" Content="加工参数输入" />
	<Message ID="OCBrowser::HSHPLevelInpTitle" Content="加工等级输入"/>
	<Message ID="MMI::Common::RunnungCannotInp" Content="加工中, 修改无效" />

	<Message ID="MMI::Zip" Content="目前正在压缩档案 :" />
	<Message ID="MMI::UnZip" Content="目前正在解压缩档案 :" />
	<Message ID="MMI::ZipFile" Content="压缩档案" />
	<Message ID="MMI::ZipFileFail" Content="压缩档案档案失败!" />
	<Message ID="MMI::UnZipFile" Content="解压缩档案" />
	<Message ID="MMI::UnZipFileFail" Content="解压缩档案失败!" />

	<Message ID="MMI::Common::LeakMemory" Content="目标磁碟空间不足" />
	<Message ID="MMI::Common::DiskCLeakMemory" Content="系統磁碟空间不足" />
	<Message ID="MMI::Common::LeakTempMemory" Content="暂存磁碟空间不足 请先清理磁碟档案" />
	<Message ID="MMI::Common::NotSupportFile" Content=" 不支援的副档名" />
	<Message ID="MMI::Common::NotSupport" Content=" 不支援的档案结构" />
	<Message ID="MMI::Common::NotFindRegStr" Content=" 无法在注册表中找到" />
	<Message ID="MMI::Common::CRCFail" Content="CRC确认失败" />
	<Message ID="MMI::Common::CalCRCFail" Content="计算CRC失败" />

	<!-- ========== Message String Define ===================== -->
	<Message ID="MMI::Message::InvalidDataInput" Content="输入值不正确" />
	<Message ID="MMI::Message::ErrorMessage" Content="错误讯息" />
	<Message ID="MMI::Message::HelpMessage" Content="辅助说明讯息" />
	<Message ID="MMI::Message::UnderConstruction" Content="此项功能仍在开发中" />

	<!-- ========== Status String Define ==================== -->
	<Message ID="MMI::Status::NotReady" Content="未就绪" />
	<Message ID="MMI::Status::Ready" Content="●就绪" />
	<Message ID="MMI::Status::Busy" Content="加工中.." />
	<Message ID="MMI::Status::FeedHold" Content="暂停" />
	<Message ID="MMI::Status::B_Stop" Content="单节停止" />
	<Message ID="MMI::Status::Alarm" Content="警报" />

	<!-- ========== Mode String Define ====================== -->
	<Message ID="MMI::Mode::NotSelect" Content="未选择" />
	<Message ID="MMI::Mode::Edit" Content="程序编辑" />
	<Message ID="MMI::Mode::Auto" Content="自动执行" />
	<Message ID="MMI::Mode::Mdi" Content="单节执行" />
	<Message ID="MMI::Mode::Jog" Content="连续寸动" />
	<Message ID="MMI::Mode::IncJog" Content="增量寸动" />
	<Message ID="MMI::Mode::Mpg" Content="手轮" />
	<Message ID="MMI::Mode::Home" Content="寻原点" />

	<!-- ========== Axis name Define ====================== -->
	<Message ID="MMI::Axis1" Content="X" />
	<Message ID="MMI::Axis2" Content="Y" />
	<Message ID="MMI::Axis3" Content="Z" />
	<Message ID="MMI::Axis4" Content="A" />
	<Message ID="MMI::Axis5" Content="B" />
	<Message ID="MMI::Axis6" Content="C" />
	<Message ID="MMI::Axis7" Content="U" />
	<Message ID="MMI::Axis8" Content="V" />
	<Message ID="MMI::Axis9" Content="W" />

	<!-- ========== Custom Form String Define ============== -->
	<Message ID="MMI::DataInput::Title" Content="数据输入" />
	<Message ID="MMI::CustomXml::ClearData" Content="确定要清除这个字段?" />
	<Message ID="MMI::CustomAct::SaveConfirm" Content="是否储存设定至 " />
	<Message ID="MMI::CustomAct::Title" Content="客制动作" />

	<!-- ========== Machine Form String Define ============== -->
	<Message ID="MMI::Machine::Title" Content="机台设定" />
	<Message ID="MMI::Machine::MachCoord" Content="机械座标" />
	<Message ID="MMI::Machine::AbsCoord" Content="绝对座标" />
	<Message ID="MMI::Machine::RelCoord" Content="相对座标" />
	<Message ID="MMI::Machine::DistanceToGo" Content="剩余距离" />
	<Message ID="MMI::Machine::FeedRate" Content="进给速率" />
	<Message ID="MMI::Machine::SpindleRate" Content="主轴转速" />
	<Message ID="MMI::Machine::RapidFeedRateOverride" Content="快速倍率" />
	<Message ID="MMI::Machine::FeedRateOverride" Content="切削倍率" />
	<Message ID="MMI::Machine::SpindleOverride" Content="主轴倍率" />

	<Message ID="MMI::Machine::SetInhibit" Content="加工中不可编辑工件座标相关设定!" />
	<Message ID="MMI::Machine::ExternalShift" Content="外部座标偏移" />
	<Message ID="MMI::Machine::MPGShift" Content="手轮偏置" />
	<Message ID="MMI::Machine::WorkPieceDisabled" Content="工件座标系已关闭!" />
	<Message ID="MMI::Machine::G54" Content="G54 设定" />
	<Message ID="MMI::Machine::G55" Content="G55 设定" />
	<Message ID="MMI::Machine::G56" Content="G56 设定" />
	<Message ID="MMI::Machine::G57" Content="G57 设定" />
	<Message ID="MMI::Machine::G58" Content="G58 设定" />
	<Message ID="MMI::Machine::G59" Content="G59 设定" />
	<Message ID="MMI::Machine::G59.1" Content="G59.1 设定" />
	<Message ID="MMI::Machine::G59.2" Content="G59.2 设定" />
	<Message ID="MMI::Machine::G59.3" Content="G59.3 设定" />
	<Message ID="MMI::Machine::G59.4" Content="G59.4 设定" />
	<Message ID="MMI::Machine::G59.5" Content="G59.5 设定" />
	<Message ID="MMI::Machine::G59.6" Content="G59.6 设定" />
	<Message ID="MMI::Machine::G59.7" Content="G59.7 设定" />
	<Message ID="MMI::Machine::G59.8" Content="G59.8 设定" />
	<Message ID="MMI::Machine::G59.9" Content="G59.9 设定" />
	<Message ID="MMI::Machine::G54P16" Content="G54 P16 设定" />
	<Message ID="MMI::Machine::G54P17" Content="G54 P17 设定" />
	<Message ID="MMI::Machine::G54P18" Content="G54 P18 设定" />
	<Message ID="MMI::Machine::G54P19" Content="G54 P19 设定" />
	<Message ID="MMI::Machine::G54P20" Content="G54 P20 设定" />
	<Message ID="MMI::Machine::G54P21" Content="G54 P21 设定" />
	<Message ID="MMI::Machine::G54P22" Content="G54 P22 设定" />
	<Message ID="MMI::Machine::G54P23" Content="G54 P23 设定" />
	<Message ID="MMI::Machine::G54P24" Content="G54 P24 设定" />
	<Message ID="MMI::Machine::G54P25" Content="G54 P25 设定" />
	<Message ID="MMI::Machine::G54P26" Content="G54 P26 设定" />
	<Message ID="MMI::Machine::G54P27" Content="G54 P27 设定" />
	<Message ID="MMI::Machine::G54P28" Content="G54 P28 设定" />
	<Message ID="MMI::Machine::G54P29" Content="G54 P29 设定" />
	<Message ID="MMI::Machine::G54P30" Content="G54 P30 设定" />
	<Message ID="MMI::Machine::G54P31" Content="G54 P31 设定" />
	
	<Message ID="MMI::AuxCoord::Title" Content="辅助点座标" />
	
	<Message ID="MMI::ZDelta::Value" Content="Z轴落差值" />
	<Message ID="MMI::ZDelta::STEP1" Content="设定落差前请先做刀长量测" />
	<Message ID="MMI::ZDelta::STEP2" Content="步骤1:将刀尖带到工件表面" />
	<Message ID="MMI::ZDelta::STEP3" Content="步骤2:按F3 Z轴落差设定" />

	<Message ID="MMI::ManualCenter::Title" Content="手动分中" />
	<Message ID="MMI::ManualCenter::ModeHint" Content="(0:手動,1:自動)" />
	<Message ID="MMI::ManualCenter::OUTINModeHint" Content="(0:四点分中,1:三点定心)" />
	<Message ID="MMI::ManualCenter::OperationStep" Content="手动分中操作步骤:" />
	<Message ID="MMI::ManualCenter::Step1" Content="步骤1：将刀具带到Px1点按Px1设定" />
	<Message ID="MMI::ManualCenter::Step2" Content="步骤2：将刀具带到Px2点按Px2设定" />
	<Message ID="MMI::ManualCenter::Step3" Content="步骤3：将刀具带到Py1点按Py1设定" />
	<Message ID="MMI::ManualCenter::Step4" Content="步骤4：将刀具带到Py2点按Py2设定" />
	<Message ID="MMI::ManualCenter::Step5_One" Content="步骤5：回工件座标设定画面做辅助" />
	<Message ID="MMI::ManualCenter::Step5_Two" Content="点设定" />
	<Message ID="MMI::ManualCenter::MachineCoord" Content="机械座标" />
	<Message ID="MMI::ManualCenter::Px1" Content="Px1" />
	<Message ID="MMI::ManualCenter::Px2" Content="Px2" />
	<Message ID="MMI::ManualCenter::Pxm" Content="Pxm" />
	<Message ID="MMI::ManualCenter::Py1" Content="Py1" />
	<Message ID="MMI::ManualCenter::Py2" Content="Py2" />
	<Message ID="MMI::ManualCenter::Pym" Content="Pym" />
	
	<Message ID="Browser::ManualCenter::Caption::Lab_3PtsCenter::Title" Content="手动三点定心" />
	<Message ID="Browser::ManualCenter::Caption::Lab_3PtsStep::OperationStep" Content="三点定心操作步骤:" />
	<Message ID="Browser::ManualCenter::Caption::Lab_3PtsStep1::Step1" Content="步骤1：将刀具带到P1点按P1设定" />
	<Message ID="Browser::ManualCenter::Caption::Lab_3PtsStep2::Step2" Content="步骤2：将刀具带到P2点按P2设定" />
	<Message ID="Browser::ManualCenter::Caption::Lab_3PtsStep3::Step3" Content="步骤3：将刀具带到P3点按P3设定" />
	<Message ID="Browser::ManualCenter::Caption::Lab_3PtsStep4::Step4" Content="步骤4：按下「计算中心座标」" />
	<Message ID="Browser::ManualCenter::Caption::Lab_3PtsStep5_One::Step5_One" Content="步骤5：回工件座标设定画面做辅助" />
	<Message ID="Browser::ManualCenter::Caption::Lab_3PtsStep5_Two::Step5_Two" Content="点设定" />
	<Message ID="Browser::ManualCenter::Caption::Lab_MachineCoord::MachineCoord" Content="机械座标" />
	<Message ID="Browser::ManualCenter::Caption::Lab_AuxTitle::Title" Content="辅助点座标" />
	<Message ID="Browser::ManualCenter::Caption::Lab_CoordPx1::Px1" Content="Px1" />
	<Message ID="Browser::ManualCenter::Caption::Lab_CoordPy1::Py1" Content="Py1" />
	<Message ID="Browser::ManualCenter::Caption::Lab_CoordPx2::Px2" Content="Px2" />
	<Message ID="Browser::ManualCenter::Caption::Lab_CoordPy2::Py2" Content="Py2" />
	<Message ID="Browser::ManualCenter::Caption::Lab_CoordPxm::Pxm" Content="Pxm" />
	<Message ID="Browser::ManualCenter::Caption::Lab_CoordPym::Pym" Content="Pym" />
	<Message ID="Browser::ManualCenter::Caption::Lab_CoordR::R" Content="R" />
	<Message ID="MMI::ManualCenter::PointInLine" Content="三点共线！请选择不共线之三点再执行计算" />

	<Message ID="MMI::AutoCenter::Title" Content="自动分中" />
	<Message ID="MMI::AutoCenter::ModeHint" Content="(0:手动,1:自动)" />
	<Message ID="MMI::AutoCenter::OperationStep" Content="自动分中操作步骤:" />
	<Message ID="MMI::AutoCenter::Step1" Content="步骤1：填入工件资料" />
	<Message ID="MMI::AutoCenter::Step2" Content="步骤2：将刀具带到P2做Z轴高度教导" />
	<Message ID="MMI::AutoCenter::Step3" Content="步骤3：将刀具带到工件大致中心点P1" />
	<Message ID="MMI::AutoCenter::Step4" Content="步骤4：按自动分中启动" />
	<Message ID="MMI::AutoCenter::Step5_One" Content="步骤5：回工件座标设定画面做辅助" />
	<Message ID="MMI::AutoCenter::Step5_Two" Content="点设定" />
	<Message ID="MMI::AutoCenter::MachineCoord" Content="机械座标" />
	<Message ID="MMI::AutoCenter::Px1" Content="Px1" />
	<Message ID="MMI::AutoCenter::Px2" Content="Px2" />
	<Message ID="MMI::AutoCenter::Pxm" Content="Pxm" />
	<Message ID="MMI::AutoCenter::Py1" Content="Py1" />
	<Message ID="MMI::AutoCenter::Py2" Content="Py2" />
	<Message ID="MMI::AutoCenter::Pym" Content="Pym" />
	<Message ID="MMI::AutoCenter::InputTitle" Content="请输入工件资料" />
	<Message ID="MMI::AutoCenter::LengthI" Content="工件长度I" />
	<Message ID="MMI::AutoCenter::WidthJ" Content="工件宽度J" />
	<Message ID="MMI::AutoCenter::DistanceH" Content="安全距离H" />
	<Message ID="MMI::AutoCenter::FeedrateF" Content="进给速率F" />
	<Message ID="MMI::AutoCenter::ZCoord" Content="Z轴座标P2" />
	<Message ID="MMI::AutoCenter::OUTINModeHint" Content="(0:外分中,1:内分中)" />
	<Message ID="MMI::AutoCenter::NotInAuto" Content="系统不是在自动模式, 不能启动自动分中功能!" />
	<Message ID="MMI::AutoCenter::DoCoordSet" Content="是否要做Z轴坐标教导?" />

	<Message ID="MMI::Machine::SetMachCoord" Content="是否『教导机械座标』?" />
	<Message ID="MMI::Machine::SetRelCoord" Content="是否『教导相对座标』?" />
	<Message ID="MMI::Machine::SetAuxCoord" Content="是否『教导辅助座标』?" />
	<Message ID="MMI::Machine::MachCoordTeach" Content="是否『增量教导机械座标』?" />
	<Message ID="MMI::Machine::CoordIncInput" Content="是否『增量输入』?" />
	<Message ID="MMI::Machine::MPGTeachMsg" Content="手轮座标不可使用座标教导" />

	<!-- ========== Program Edit Form String Define ========= -->
	<Message ID="MMI::Program::Title" Content="程序编辑" />
	<Message ID="MMI::Program::BackEdit" Content="背景编辑" />
	<Message ID="MMI::Program::EditProhibit" Content="不可编辑加工中的程序!" />
	<Message ID="MMI::Program::RenFileInhibit" Content="档案使用中不可更名!" />
	<Message ID="MMI::Program::DelLine" Content="是否删除资料行" />
	<Message ID="MMI::Program::SearchStr" Content="请输入字符串" />
	<Message ID="MMI::Program::SearchTitle1" Content="搜寻字符串" />
	<Message ID="MMI::Program::SearchTitle2" Content="搜寻结果" />
	<Message ID="MMI::Program::Research" Content="已搜寻到程序结尾，是否从头搜寻?" />
	<Message ID="MMI::Program::SearchNotFound" Content="找不到搜寻字符串!" />
	<Message ID="MMI::Program::SearchLine" Content="请输入行数" />
	<Message ID="MMI::Program::SearchLineT1" Content="行数搜寻" />
	<Message ID="MMI::Program::LineIncorrect" Content="请输入正整数" />
	<Message ID="MMI::Program::ReplaceSearch" Content="搜寻字符串：" />
	<Message ID="MMI::Program::ReplaceStr" Content="取代成：" />
	<Message ID="MMI::Program::ReplaceResult" Content="取代结果" />
	<Message ID="MMI::Program::ReplaceOk" Content="已全部取代完毕。" />
	<Message ID="MMI::Program::DelFileCheck" Content="是否确定要删除档案: " />
	<Message ID="MMI::Program::DelAllFileCheck" Content="是否确定要删除全部档案? " />
	<Message ID="MMI::Program::DelReadOnlyFile" Content=" 为只读档案，是否确定要删除档案? " />
	<Message ID="MMI::Program::InputFile" Content="请输入文件名：" />
	<Message ID="MMI::Program::FileTitle1" Content="开启文件" />
	<Message ID="MMI::Program::FileTitle2" Content="拷贝文件" />
	<Message ID="MMI::Program::CopyFile" Content="请输入拷贝后之文件名" />
	<Message ID="MMI::Program::OverWrite" Content="文件已存在，是否要覆写?" />
	<Message ID="MMI::Program::BlockEditHint" Content="把光标移到要复制的区块结尾, 按下'结束行'以选择整个区块!" />
	<Message ID="MMI::Program::EditName" Content="编辑程序名称：" />
	<Message ID="MMI::Program::C89EditProhibit" Content="编辑程序功能禁止!" />
	<Message ID="MMI::Program::RestSpace" Content="剩余空间" />
	<Message ID="MMI::Program::DelFileInhibit" Content="使用中, 不能被删除!" />
	<Message ID="MMI::Program::OverWriteInhibit" Content="使用中, 不能被覆盖!" />
	<Message ID="MMI::Program::BusyOverWriteInhibit" Content="不能覆盖加工中档案!" />
	<Message ID="MMI::Program::OverWriteRequirement" Content="使用中, 确定强制覆写?" />
	<Message ID="MMI::Program::SaveFileInhibit" Content="使用中, 无法存档!" />
	<Message ID="MMI::Program::BlockCopySizeError" Content="注意: 不能复制超过32KB区块!" />
	<Message ID="MMI::Program::BlockCutSizeError" Content="注意: 不能剪下超过32KB区块!" />
	<Message ID="MMI::Program::BlockPasteSizeError" Content="注意: 不能贴上超过32KB区块!" />
	<Message ID="MMI::Program::SaveFileInquiry" Content="是否确定要储存档案" />

	<Message ID="MMI::Teach::Title" Content="教导" />
	<Message ID="MMI::Teach::CancelArc" Content="取消输入的中间点" />
	<Message ID="MMI::TeachArc::PlaneAxisError" Content="加工平面, 轴未全部开启!" />
	
	<Message ID="MMI::TeachArc::Title" Content="圆弧中间点座标" />
	<Message ID="MMI::TeachArc::Parallel" Content="两线平行" />
	<Message ID="MMI::TeachArc::XAxis" Content="X轴座标" />
	<Message ID="MMI::TeachArc::YAxis" Content="Y轴座标" />
	<Message ID="MMI::TeachArc::ZAxis" Content="Z轴座标" />

	<Message ID="MMI::FileMgr::Title" Content="档案管理" />
	<Message ID="MMI::FileMgr::Name" Content="文件名称" />
	<Message ID="MMI::FileMgr::Size" Content="文件大小" />
	<Message ID="MMI::FileMgr::Type" Content="类型" />
	<Message ID="MMI::FileMgr::Date" Content="修改时间" />
	<Message ID="MMI::FileMgr::Comment" Content="档案批注" />
	<Message ID="MMI::FileMgr::MultiPath" Content="多轴群" />
	<Message ID="MMI::FileMgr::SrcFile" Content="来源文件" />
	<Message ID="MMI::FileMgr::DesFile" Content="目的文件" />
	<Message ID="MMI::FileMgr::Copy" Content="拷贝" />
	<Message ID="MMI::FileMgr::Select" Content="选择" />
	<Message ID="MMI::FileMgr::CancelSelect" Content="取消选择" />
	<Message ID="MMI::FileMgr::CancelSelect" Content="取消全部选择" />
	<Message ID="MMI::FileMgr::DeviceChange" Content="更换磁盘驱动器" />
	<Message ID="MMI::FileMgr::Eject" Content="更换磁盘" />
	<Message ID="MMI::FileMgr::SetSrc" Content="来源目录" />
	<Message ID="MMI::FileMgr::SetDes" Content="目的目录" />
	<Message ID="MMI::FileMgr::Exit" Content="离开" />
	<Message ID="MMI::FileMgr::MsgEject" Content="请将磁盘退出磁盘驱动器, 并放入要更换的磁盘!" />
	<Message ID="MMI::FileMgr::CopyOk" Content="文件拷贝完成!" />
	<Message ID="MMI::FileMgr::Status" Content="状态: " />
	<Message ID="MMI::FileMgr::DirPath" Content="查询: " />
	<Message ID="MMI::FileMgr::Filter" Content="文件类型: " />
	<Message ID="MMI::FileMgr::SubDirs" Content="子目录 " />
	<Message ID="MMI::FileMgr::Files" Content="档案 " />
	<Message ID="MMI::FileMgr::DirNotExist" Content="目录不存在! " />
	<Message ID="MMI::FileMgr::USBNotExit" Content="USB磁盘装置不存在!" />

	<Message ID="MMI::DiskNotReady" Content=" 磁盘装置未就绪!" />

	<!-- ========== Run Form String Define ================== -->
	<Message ID="MMI::AssignMain::FormTitle" Content="选择加工文件" />
	<Message ID="MMI::AssignMain::Inhibit" Content="系统加工中, 禁止选择加工文件!" />
	<Message ID="MMI::AssignMain::MDIInhibit" Content="在MDI模式中, 禁止选择加工文件!" />
	<Message ID="MMI::AssignMain::NCNameLimit" Content="加工档名太长, 最长31个字!" />
	<Message ID="MMI::AssignMain::IsBinaryFile" Content="檔案內容毀損，請選擇其他檔案!" />
	<Message ID="MMI::AssignMain::EncodingErr" Content="加工程序指定失败, 请重置后再重新选取, 或检查加工文件名编码是否正确!" />
	<Message ID="MMI::AssignMain::IsNotFirAxesGroup" Content="档案内容与轴群数不符，请选择其他档案!" />

	<Message ID="MMI::Run::CannotInput" Content="加工中不得修改!" />
	<Message ID="MMI::Run::Title" Content="执行加工" />
	<Message ID="MMI::Run::StartBlockNo" Content="起始单节行号(N,L)" />
	<Message ID="MMI::Run::Coordinate" Content="座标显示" />
	<Message ID="MMI::Run::MachCord" Content="机械座标" />
	<Message ID="MMI::Run::AbsCord" Content="绝对座标" />
	<Message ID="MMI::Run::RelCord" Content="相对座标" />
	<Message ID="MMI::Run::ResDist" Content="剩余距离" />
	<Message ID="MMI::Run::RunStatus" Content="加工状态" />
	<Message ID="MMI::Run::RunTime" Content="加工时间" />
	<Message ID="MMI::Run::Hour" Content="时" />
	<Message ID="MMI::Run::Min" Content="分" />
	<Message ID="MMI::Run::Sec" Content="秒" />
	<Message ID="MMI::Run::G00_Override" Content="G00 倍率" />
	<Message ID="MMI::Run::G01_Override" Content="G01 倍率" />
	<Message ID="MMI::Run::Spd_Override" Content="主轴倍率" />
	<Message ID="MMI::Run::PartNo" Content="工件数" />
	<Message ID="MMI::Run::FeedRate" Content="进给速率" />
	<Message ID="MMI::Run::ToolNo" Content="刀具号码" />
	<Message ID="MMI::Run::Spindle1Speed" Content="第一主轴转速" />
	<Message ID="MMI::Run::Spindle2Speed" Content="第二主轴转速" />
	<Message ID="MMI::Run::PartCountSet" Content="工件数设定" />
	<Message ID="MMI::Run::AcumRunTime" Content="累计加工时间" />
	<Message ID="MMI::Run::AcumHour" Content="时" />
	<Message ID="MMI::Run::AcumMin" Content="分" />
	<Message ID="MMI::Run::AcumPartCount" Content="工件数" />
	<Message ID="MMI::Run::RequiredPartCount" Content="需求工件数" />
	<Message ID="MMI::Run::ClearCycleTime" Content="确定要清除累计加工时间吗?" />
	<Message ID="MMI::Run::FeedrateOverride" Content="切削" />
	<Message ID="MMI::Run::RapidFeedrateOverride" Content="快速" />
	<Message ID="MMI::Run::Override" Content="倍率" />
	<Message ID="MMI::Run::InteruptLineNO" Content="断点行号" />
	<Message ID="MMI::Run::InteruptColNO" Content="断点序号" />	
	<Message ID="MMI::Run::PartCountReach" Content="需求工件数己加工完成!" />

	<Message ID="MMI::Run::GCode" Content="G码状态" />
	<Message ID="MMI::Run::Interpolation" Content="插值模式" />
	<Message ID="MMI::Run::Unit" Content="公/英制" />
	<Message ID="MMI::Run::FeedControl" Content="进给控制" />
	<Message ID="MMI::Run::WorkPlane" Content="工作平面" />
	<Message ID="MMI::Run::ToolDiaComp" Content="刀径补偿" />
	<Message ID="MMI::Run::RotationMode" Content="旋转模式" />
	<Message ID="MMI::Run::AbsRelMode" Content="绝/相对" />
	<Message ID="MMI::Run::TooLenComp" Content="刀长补偿" />
	<Message ID="MMI::Run::SpindleCheck" Content="主轴速检查" />
	<Message ID="MMI::Run::2ndStroke" Content="第二行程" />
	<Message ID="MMI::Run::Scale" Content="放大缩小" />
	<Message ID="MMI::Run::PolarCord" Content="极座标插值" />
	<Message ID="MMI::Run::FeedRate2" Content="进给速率" />
	<Message ID="MMI::Run::ConstSurfSpeed" Content="等表面速度" />
	<Message ID="MMI::Run::PolarCmd" Content="极座标命令" />
	<Message ID="MMI::Run::FeedrateToless" Content="进给速度输入不得小于 1.0 mm/min!" />
	<Message ID="MMI::Run::BLU_FeedrateToless" Content="进给速度输入不得小于 0.001 mm/min!" />

	<Message ID="MMI::Run::TotalAcumPartCount" Content="总工件数" />
	<Message ID="MMI::Run::SpindleStatus" Content="主轴状态" />
	<Message ID="MMI::Run::SpindleInfo" Content="主轴信息" />
	<Message ID="MMI::Run::SpindleStatus1" Content="第一主轴转速" />
	<Message ID="MMI::Run::SpindleStatus2" Content="第二主轴转速" />
	<Message ID="MMI::Run::SpindleStatus3" Content="第三主轴转速" />
	<Message ID="MMI::Run::SpindleStatus4" Content="第四主轴转速" />
	<Message ID="MMI::Run::SyncDeltaAngle" Content="同期基准差" />
	<Message ID="MMI::Run::SyncDiffAngle" Content="同期角度差" />

	<Message ID="MMI::Run::LoadingRate" Content="负载率" />
	<Message ID="MMI::Run::S1Laoding" Content="第一主轴负载率" />
	<Message ID="MMI::Run::S2Laoding" Content="第二主轴负载率" />
	<Message ID="MMI::Run::S3Loading" Content="第三主轴负载率" />
	<Message ID="MMI::Run::S4Laoding" Content="第四主轴负载率" />

	<Message ID="MMI::WorkRecord::Title" Content="加工记录窗体" />
	<Message ID="MMI::WorkRecord::CurFileName" Content="现在加工程序" />
	<Message ID="MMI::WorkRecord::CurFileComment" Content="加工程序批注" />
	<Message ID="MMI::WorkRecord::RequirePart" Content="预计加工件数" />
	<Message ID="MMI::WorkRecord::StartDateTime" Content="开始日期时间" />
	<Message ID="MMI::WorkRecord::PartCount" Content="已加工件数" />
	<Message ID="MMI::WorkRecord::TotalPartCount" Content="总加工件数" />
	<Message ID="MMI::WorkRecord::SingleTime" Content="单件加工时间" />
	<Message ID="MMI::WorkRecord::TotalTime" Content="总加工时间" />

	<Message ID="MMI::WorkRecord::No" Content="序号" />
	<Message ID="MMI::WorkRecord::ProgramName" Content="程序名称" />
	<Message ID="MMI::WorkRecord::StartDate" Content="开始日期时间" />
	<Message ID="MMI::WorkRecord::AllTime" Content="总时间" />
	<Message ID="MMI::WorkRecord::AllPart" Content="工件数" />
	<Message ID="MMI::WorkRecord::ProgramComment" Content="程序批注" />

	<Message ID="MMI::WorkRecord::TableEnd" Content="-檔尾-" />
	<Message ID="MMI::WorkRecord::ExportTo" Content="加工记录窗体输出到" />

	<Message ID="MMI::ClearWorkRecord" Content="确定要清除加工记录表?" />
	<Message ID="MMI::BreakPoint::SearchWait" Content="请按enter键开始做断点行号寻找, 这需要一些时间!" />
	<Message ID="MMI::BreakPoint::Title" Content="断点行号扫瞄" />
	<Message ID="MMI::BreakPoint::InSearch" Content="断点行号扫瞄中, 请等待...! 执行百分比： " />
	<Message ID="MMI::BreakPoint::Abort" Content="断点行号扫瞄中断, 请重新输入行号 " />
	<Message ID="MMI::BreakPoint::Complete" Content="断点行号扫瞄完毕, 请启动加工进行断点回归 " />
	<Message ID="MMI::BreakPoint::InBusy" Content="断点行号扫瞄中, 请勿重复触发!" />
	<Message ID="MMI::BreakPoint::SearchNoFind" Content="找不到起始序号或行号" />
	<Message ID="MMI::BreakPoint::Prog1SearchNoFind" Content="第一程序找不到起始序号" />
	<Message ID="MMI::BreakPoint::Prog2SearchNoFind" Content="第二程序找不到起始序号" />
	<Message ID="MMI::BreakPoint::SearchNoFind::Title" Content="警告" />

	<!-- ========== Alarm Form String Define ================ -->
	<Message ID="MMI::Alarm::Title" Content="警报显示" />
	<Message ID="MMI::Alarm::FileEnd" Content="===== 檔     尾 =====" />
	<Message ID="MMI::Alarm::Axis" Content="轴" />
	<Message ID="MMI::Alarm::The" Content="第" />
	<Message ID="MMI::Alarm::NcProgram" Content="加工程序" />
	<Message ID="MMI::Alarm::Simulator" Content="仿真器" />
	<Message ID="MMI::Alarm::PendingAlarmLoading" Content="现在警报加载中，请稍待…" />
	<Message ID="MMI::Alarm::HistoryAlarmLoading" Content="历来警报加载中，请稍待…" />
	<Message ID="MMI::Alarm::ID" Content="序号" />
	<Message ID="MMI::Alarm::AlarmClass" Content="模块" />
	<Message ID="MMI::Alarm::AlarmID" Content="号码" />
	<Message ID="MMI::Alarm::AlarmTime" Content="发生时间" />
	<Message ID="MMI::Alarm::AlarmContent" Content="警报内容" />
	<Message ID="MMI::Alarm::PendingSave" Content="现存警报储存" />
	<Message ID="MMI::Alarm::HistorySave" Content="历来警报储存" />

	<!-- ========== Parameter Form String Define ============ -->
	<Message ID="MMI::Parameter::NoParamGroup" Content="参数群组不存在" />
	<Message ID="MMI::Parameter::ParamGroupLoadFail" Content="参数群组读取失败" />
	<Message ID="MMI::Parameter::Title" Content="参数设定" />
	<Message ID="MMI::Parameter::InputNo." Content="输入参数号码" />
	<Message ID="MMI::Parameter::GoToNo." Content="跳至参数号码" />
	<Message ID="MMI::Parameter::No.NotExist" Content="输入参数号码不存在" />
	<Message ID="MMI::Parameter::AxisNotOpen" Content="输入参数号码对应之轴未开启" />
	<Message ID="MMI::Parameter::ParamID" Content="编号" />
	<Message ID="MMI::Parameter::ParamItem" Content="说明" />
	<Message ID="MMI::Parameter::ModifyTime" Content="修改时间" />
	<Message ID="MMI::Parameter::ParamVal" Content="数值" />
	<Message ID="MMI::Parameter::Loading" Content="参数表加载中，请稍待…" />
	<Message ID="MMI::Parameter::PassInputHint" Content="请输入密码：" />
	<Message ID="MMI::Parameter::PasswordError" Content="密码输入错误!" />
	<Message ID="MMI::Parameter::NumerialOnly" Content="参数只能输入数字!" />
	<Message ID="MMI::Parameter::OutofRange" Content="输入超过范围!" />
	<Message ID="MMI::Parameter::HSHPParamDefault" Content="参数总表" />
	<Message ID="MMI::Parameter::401Lv1.lt.lv9" Content="对应Pr401的参数值，等级1不可小于等级9！" />
	<Message ID="MMI::Parameter::404Lv1.gt.lv9" Content="对应Pr404的参数值，等级1不可大于等级9！" />
	<Message ID="MMI::Parameter::408Lv1.gt.lv9" Content="对应Pr408的参数值，等级1不可大于等级9！" />
	<Message ID="MMI::Parameter::TOL.Lv1.gt.lv9" Content="对应TOL的参数值，等级1不可大于等级9！" />
	<Message ID="MMI::Parameter::AskRestartCNC" Content="确定要重新启动CNC吗?" />

	<Message ID="MMI::Parameter::OpMode" Content="操作模式设定" />
	<Message ID="MMI::Parameter::InputUnit" Content="输入/显示单位(0:公制, 1:英制)" />
	<Message ID="MMI::Parameter::CannotModifyOp" Content="加工中不可以修改公英制!" />

	<Message ID="MMI::Parameter::SysTimeSet" Content="系统时间设定" />
	<Message ID="MMI::Parameter::SysDate" Content="系统日期设定 (YYYY/MM/DD)" />
	<Message ID="MMI::Parameter::DateInputError" Content="日期格式输入错误!" />
	<Message ID="MMI::Parameter::SysTime" Content="系统时间设定 (HH:MM:SS)" />
	<Message ID="MMI::Parameter::TimeInputError" Content="时间格式输入错误!" />
	<Message ID="MMI::Parameter::LoadPitchFileError" Content="节距补偿文件格式错误" />
	<Message ID="MMI::Parameter::TouchScreenChange" Content="触控屏幕更改,请重新启动" />
	<Message ID="MMI::Parameter::AdjustFail" Content="触控屏幕校正程序开启错误!" />
	<Message ID="MMI::Parameter::ProgFontSizeSet" Content="加工程序字体设定" />
	<Message ID="MMI::Parameter::ProgFontSize" Content="大小" />
	
	<Message ID="MMI::Parameter::MMITitle" Content="人机参数" />
	<Message ID="MMI::Parameter::InputNewValue" Content="输入新设定值" />
	<Message ID="MMI::Parameter::SureToSetDefault" Content="确定单项回复原厂设定?" />
	<Message ID="MMI::Parameter::SureToSetDefaultAll" Content="确定全项回复原厂设定?" />

    <Message ID="MMI:NETSET::IP_FormatErr" Content="IP输入格式错误!" />  
	
	<Message ID="MMI::Password::Title" Content="系统启用密码管理" />
	<Message ID="MMI::Password::Always" Content="无使用期限限制!" />
	<Message ID="MMI::Password::CheckNo" Content="检查代码：" />
	<Message ID="MMI::Password::PassNo" Content="启用密码：" />
	<Message ID="MMI::Password::StartTime" Content="系统启用时间：" />
	<Message ID="MMI::Password::EndTime" Content="系统使用期限：" />
	<Message ID="MMI::Password::InputError" Content="密码输入错误!" />
	<Message ID="MMI::Password::Error3Times" Content="密码输入错误次数超过三次, 请重新开机!" />
	<Message ID="MMI::Password::InputOk" Content="密码输入正确" />
	<Message ID="MMI::Password::TimeOut" Content="已超过使用期限，请重新输入密码!" />
	<Message ID="MMI::Password::TimeModify" Content="系统时间已被修改，请重新输入密码!" />
	<Message ID="MMI::Password::Daywarning" Content="系统可使用剩余天数" />
	<Message ID="MMI::Password::Day" Content="天" />
	<Message ID="MMI::Password::24hrwarning" Content="系统可使用剩余时间" />
	<Message ID="MMI::Password::Hour" Content="小时" />
	<Message ID="MMI::Password::HarewareNotMatch" Content="系统硬件信息不符合!" />
	<Message ID="MMI::Password::NotInitial" Content="系统尚未初始化!" />
	<Message ID="MMI::Password::CncSerial" Content="控制器序号" />
	<Message ID="MMI::Password::CncSerialCheck" Content="检查码:" />
	<Message ID="MMI::Password::InvalidUpgrade" Content="不合法版本升级!" />
	<Message ID="MMI::OptionPassword::Title" Content="软件功能选项设定管理" />
	<Message ID="MMI::SysInfo::SetOption" Content="软件功能选项设定" />
	<Message ID="MMI::SysInfo::SetSerial" Content="控制器序号设定" />
	<Message ID="MMI::SysInfo::SetRestore" Content="控制器序号, 机型, 软件功能选项还原" />
	<Message ID="MMI::SysInfo::PassFormatErr" Content="密码格式版本错误!" />
	<Message ID="MMI::SysInfo::SerialErr" Content="密码控制器序号错误!" />
	<Message ID="MMI::SysInfo::OptionStatus" Content="软件选项信息：" />
	<Message ID="MMI::SysInfo::CPUBoardName" Content="主机板型号：" />
	<Message ID="MMI::SysInfo::CNCModel" Content="机型代码:" />
	<Message ID="MMI::SysInfo::CNCSerial" Content="控制器序号:" />
	<Message ID="MMI::SysInfo::MachineType" Content="机床属性:" />
	<Message ID="MMI::SysInfo::CNCOption" Content="软件功能选项:" />
	<Message ID="MMI::SysInfo::OptionStatusOk" Content="软件功能选项可正常使用!" />
	<Message ID="MMI::SysInfo::OptionLeftTime" Content="功能选项剩余时间 : " />
	<Message ID="MMI::SysInfo::OptionTimeOut" Content="软件功能选项可用时间已结束!" />
	<Message ID="MMI::Password::InputOkReboot" Content="密码输入正确, 请重新开机" />

	<Message ID="MMI::SysInfo::Option11" Content="高精轨迹控制模式" />
	<Message ID="MMI::SysInfo::Option12" Content="刀尖点控制功能(RTCP)" />
	<Message ID="MMI::SysInfo::Option13" Content="特征座标系功能" />
	<Message ID="MMI::SysInfo::Option15" Content="学习攻牙功能" />
	<Message ID="MMI::SysInfo::Option16" Content="视觉功能单相机" />
	<Message ID="MMI::SysInfo::Option17" Content="视觉功能多相机" />
	<Message ID="MMI::SysInfo::Option18" Content="CAD/CAM功能" />
	<Message ID="MMI::SysInfo::Option19" Content="三维空间圆弧插补功能" />

	<Message ID="MMI::PitchError::LoadFileError" Content="文件格式错误" />

	<!-- ========== Diagnostic Form String Define =========== -->
	<Message ID="MMI::Diagnostic::Title" Content="诊断功能" />
	<Message ID="MMI::Diagnostic::InputSysDataNo." Content="输入系统资料号码" />
	<Message ID="MMI::Diagnostic::GoSysDataNo." Content="跳至系统资料号码" />
	<Message ID="MMI::Diagnostic::InputComVarNo." Content="输入共享变量号码" />
	<Message ID="MMI::Diagnostic::GoComVarNo." Content="跳至共享变量号码" />
	<Message ID="MMI::Diagnostic::InputCoordVarNo." Content="输入程序变量号码" />
	<Message ID="MMI::Diagnostic::GoCoordVarNo." Content="跳至程序变量号码" />
	<Message ID="MMI::Diagnostic::InputPLCRegNo." Content="输入Register号码" />
	<Message ID="MMI::Diagnostic::GoPLCRegNo." Content="跳至Register号码" />
	<Message ID="MMI::Diagnostic::AcqProgress" Content="资料撷取进度：" />
	<Message ID="MMI::Diagnostic::SampleTimeInput" Content="输入取样时间, 为补间时间的倍数" />
	<Message ID="MMI::Diagnostic::AppAlreadyRuning" Content="程序已执行或加载中" />

	<Message ID="MMI::Backup::MsgTitle" Content="系统数据备份" />
	<Message ID="MMI::Restore::MsgTitle" Content="系统资料还原" />
	<Message ID="MMI::Install::MsgTitle" Content="系统软件安装" />
	<Message ID="MMI::Install::MsgStep1" Content="步骤1：请执行 F1 安装档复制, 将要安装的档案复制到安装目录" />
	<Message ID="MMI::Install::MsgStep2" Content="步骤2：再执行 F2 档案安装, 将系统档案安装到指定位置" />
	<Message ID="MMI::Install::MsgEnd" Content="请按Enter键关闭此讯息." />
	<Message ID="MMI::Install::InstallPrompt" Content="即将进行软件安装, 确定的话请选择 Yes" />
	<Message ID="MMI::Install::RegistryError" Content="登录档设定错误, 请检查autorun第二项是否有资料!" />
	<Message ID="MMI::Install::Reboot" Content="请将控制器重新开机, 系统将于下次开机时先进行软件的安装" />
	<Message ID="MMI::Install::MacroFile" Content="选择Macro程式要继续安装吗?" />
	<Message ID="MMI::Install::ParamFile" Content="选择参数档要继续安装吗?" />
	<Message ID="MMI::Install::RegistryFile" Content="选择安装档要继续安装吗?" />
	<Message ID="MMI::Install::PLCFile" Content="选择阶梯图要继续安装吗?" />
	<Message ID="MMI::Install::CopyZipFail" Content="拷贝安装档至第一片CF卡时发生错误" />
	<Message ID="MMI::Backup::EmptyItem" Content="未选择任何备份项目，请重新选择" />
	<Message ID="MMI::Backup::BackupTitle" Content="请选择备份项目" />
	<Message ID="MMI::Backup::FailInHSHP" Content="读取多组高速高精资料失败" />
	<Message ID="MMI::Install::FailInHSHP" Content="写入多组高速高精资料失败" />
	<Message ID="MMI::Restore::EmptyItem" Content="未选择任何还原项目，请重新选择" />
	<Message ID="MMI::Restore::RestoreTitle" Content="请选择还原项目" />

	<Message ID="MMI::OCRemote::Title" Content="远程诊断功能" />
	<Message ID="MMI::OCRemote::ServerFail" Content="远程诊断启动失败, 服务器网址错误或服务器未开启, 请检查后再重新启动!" />

	<!-- ========== Tool4M Form String Define =============== -->
	<Message ID="MMI::Tool4M::Title" Content="执行加工" />
	<Message ID="MMI::Tool4M::MachCoord" Content="机械座标" />
	<Message ID="MMI::Tool4M::AbsCoord" Content="绝对座标" />
	<Message ID="MMI::Tool4M::RelCoord" Content="相对座标" />
	<Message ID="MMI::Tool4M::InputModeMsg" Content="输入模式(A：绝对；I：增量)" />
	<Message ID="MMI::Tool4M::AbsInput" Content="绝对输入" />
	<Message ID="MMI::Tool4M::IncInput" Content="增量输入" />
	<Message ID="MMI::Tool4M::MeasureInput" Content="(Z：量测输入)" />
	<Message ID="MMI::Tool4M::ToolSetMode" Content="刀具补正" />
	<Message ID="MMI::Tool4M::ToolGeometry" Content="刀径补偿" />
	<Message ID="MMI::Tool4M::ToolWear" Content="刀径磨耗" />
	<Message ID="MMI::Tool4M::LengthGeometry" Content="刀长补偿" />
	<Message ID="MMI::Tool4M::LengthWear" Content="刀长磨耗" />
	<Message ID="MMI::Tool4M::ToolSetting" Content="刀具设定" />
	<Message ID="MMI::Tool4M::Coordinate" Content="座标显示" />
	<Message ID="MMI::Tool4M::SetToolLengthInthibit" Content="加工中不可编辑刀具设定!" />
	<Message ID="MMI::Tool4M::DoSetToolMachCoord" Content="是否要做刀长机械坐标设定?" />
	<Message ID="MMI::Tool4M::DoSetToolRelCoord" Content="是否要做刀长相对坐标设定?" />
	
	<Message ID="MMI::ToolNo::Title" Content="刀套MG与刀号T关系表" />
	<Message ID="MMI::ToolNo::TurrentNo" Content="刀盘刀号" />
	<Message ID="MMI::ToolNo::SpindleNo" Content="主轴刀号" />

	<!-- ========== Tool4T Form String Define =============== -->
	<Message ID="MMI::Tool4T::Title" Content="执行加工" />
	<Message ID="MMI::Tool4T::AbsCoord" Content="绝对座标" />
	<Message ID="MMI::Tool4T::MachCoord" Content="机械座标" />
	<Message ID="MMI::Tool4T::InputModeMsg" Content="输入模式(A：绝对；I：增量)" />
	<Message ID="MMI::Tool4T::AbsInput" Content="绝对输入" />
	<Message ID="MMI::Tool4T::IncInput" Content="增量输入" />
	<Message ID="MMI::Tool4T::MeasureInput" Content="(X‥Z：量测输入)" />
	<Message ID="MMI::Tool4T::ToolWear" Content="磨耗设定" />
	<Message ID="MMI::Tool4T::ToolAxisWear" Content="轴磨耗" />
	<Message ID="MMI::Tool4T::ToolLength" Content="刀长设定" />
	<Message ID="MMI::Tool4T::ToolAxisLength" Content="轴刀长" />
	<Message ID="MMI::Tool4T::ToolNose" Content="刀尖设定" />
	<Message ID="MMI::Tool4T::ToolAngle" Content="斜刀轴角度设定(X-Y平面)" />
	<Message ID="MMI::Tool4T::ToolNoseRadius" Content="刀尖半径" />
	<Message ID="MMI::Tool4T::ToolNoseWear" Content="刀尖磨耗" />
	<Message ID="MMI::Tool4T::ToolNoseDir" Content="刀尖方向" />
	<Message ID="MMI::Tool4T::ToolNoseDirRange" Content="刀尖方向正确值范围：【0‥9】" />
	<Message ID="MMI::Tool4T::InputError" Content="输入值错误" />
	<Message ID="MMI::Tool4T::ToolSetting" Content="刀具设定" />
	<Message ID="MMI::Tool4T::Coordinate" Content="座标显示" />
	<Message ID="MMI::Tool4T::SetToolLengthInthibit" Content="加工中不可编辑刀具设定!" />

	<!-- ========== Simulation Form String Define =============== -->
	<Message ID="MMI::Simu::SimuGraph" Content="仿真图形" />
	<Message ID="MMI::Simu::AbsCord" Content="绝对座标" />
	<Message ID="MMI::Simu::PartProg" Content="工件程序" />
	<Message ID="MMI::Simu::AlarmList" Content="警报讯息" />
	<Message ID="MMI::Simu::ParamSet" Content="仿真参数设定" />
	<Message ID="MMI::Simu::ColorSet" Content="颜色设定" />
	<Message ID="MMI::Simu::ColorIndex" Content="颜色编号：" />
	<Message ID="MMI::Simu::PathColor" Content="路径颜色：" />
	<Message ID="MMI::Simu::CursorColor" Content="光标颜色：" />
	<Message ID="MMI::Simu::ViewAngle" Content="视角设定" />
	<Message ID="MMI::Simu::VertAngle" Content="垂直角度：" />
	<Message ID="MMI::Simu::HoriAngle" Content="水平角度：" />
	<Message ID="MMI::Simu::Scope" Content="范围设定" />
	<Message ID="MMI::Simu::XMin" Content="X 最小值：" />
	<Message ID="MMI::Simu::XMax" Content="X 最大值：" />
	<Message ID="MMI::Simu::YMin" Content="Y 最小值：" />
	<Message ID="MMI::Simu::YMax" Content="Y 最大值：" />
	<Message ID="MMI::Simu::ZMin" Content="Z 最小值：" />
	<Message ID="MMI::Simu::ZMax" Content="Z 最大值：" />
	<Message ID="MMI::Simu::DrawMode" Content="绘图模式：" />
	<Message ID="MMI::Simu::SimuMode" Content="仿真方式：" />
	<Message ID="MMI::Simu::Quadrant" Content="象限设定：" />
	<Message ID="MMI::Simu::Quadrant0" Content="预设值" />
	<Message ID="MMI::Simu::Quadrant1" Content="第一象限" />
	<Message ID="MMI::Simu::Quadrant2" Content="第二象限" />
	<Message ID="MMI::Simu::Quadrant3" Content="第三象限" />
	<Message ID="MMI::Simu::Quadrant4" Content="第四象限" />
	<Message ID="MMI::Simu::SimuMode0" Content="模拟" />
	<Message ID="MMI::Simu::SimuMode1" Content="邊走邊畫" />
	<Message ID="MMI::Simu::SimuMode2" Content="不模拟" />
	<Message ID="MMI::Simu::SimuMode3" Content="即时模拟" />
	<Message ID="MMI::Simu::SimuRange" Content="模拟范围" />
	<Message ID="MMI::Simu::StartBlock" Content="起始单节：" />
	<Message ID="MMI::Simu::EndBlock" Content="结束单节：" />
	<Message ID="MMI::Simu::HintStart" Content="起始单节号码，可以为行号 (例. 1) 或程式序号 (例. N3)" />
	<Message ID="MMI::Simu::HintEnd" Content="结束单节号码，可以为行号 (例. 2) 或程式序号 (例. N15)" />

	<!-- ========== File Setup Install String Define =============== -->
	<Message ID="MMI::Setup::Frm_PSetup" Content="系统管理" />
	<Message ID="MMI::Setup::InstallComfirm" Content="确定要安装" />
	<Message ID="MMI::Setup::CNCSoftwareInstall" Content="Cnc软件安装备份" />
	<Message ID="MMI::Setup::CNCBackup" Content="Cnc 系统备份" />
	<Message ID="MMI::Setup::InsertDisk" Content="请插入USB磁盘装置, 确定后按Ok" />
	<Message ID="MMI::Setup::SoftwareInstall" Content="系统软件安装..." />
	<Message ID="MMI::Setup::ReadInstallInfo" Content="读取安装资料...., 请稍待...." />
	<Message ID="MMI::Setup::USBNotExist" Content="未发现安装备份使用的磁盘驱动器!" />
	<Message ID="MMI::Setup::Win32NotSupport" Content="Win32系统不支持这种安装方式!" />
	<Message ID="MMI::Setup::RemoteNotSupport" Content="不支援远端操作." />
	<Message ID="MMI::Setup::Software::GetCNCPlatformError" Content="无法取得控制器操作系统信息." />
	<Message ID="MMI::Setup::Software::IncorrectCPU" Content="安装档的硬体平台与控制器不符. 请选择正确硬体平台的安装档." />
	<Message ID="MMI::Setup::Software::IncorrectPlatform" Content="安装文件的操作系统与控制器不符. 请选择正确操作系统的安装文件." />
	<Message ID="MMI::Setup::Software::IncorrectProduct" Content="安装档的产品资讯与控制器不符. 请选择正确产品资讯的安装档." />
	<Message ID="MMI::Setup::Software::IncorrectWindowsVER" Content="安装档的WinCE版本与控制器不符. 请选择正确WinCE版本的安装档." />
	<Message ID="MMI::Setup::Software::IncorrectMachineModel" Content="安装档的机型代码与控制器不符. 请选择正确机型代码的安装档."/>
	<Message ID="MMI::Setup::Software::CurrentPlatform" Content="控制器操作系统" />
	<Message ID="MMI::Setup::Software::InstallPlatform" Content="安装档操作系统" />
	<Message ID="MMI::Setup::Software::RejectDowngradeKernel" Content="核心无法单独降版.
若要降版, 请选择同时包含人机及核心的安装档." />
	<Message ID="MMI::Setup::Software::ConfirmInstall" Content="安装档检查完成, 请问是否继续安装?" />
	<Message ID="MMI::Setup::Software::CurrentVersion" Content="目前版本" />
	<Message ID="MMI::Setup::Software::InstallVersion" Content="安装版本" />
	<Message ID="MMI::Setup::Software::Kernel" Content="核心" />
	<Message ID="MMI::Setup::Software::MMI" Content="人机" />
	<Message ID="MMI::Setup::Image::DontRemoveDevice" Content="映像档更新中，请不要移除安装完成!" />
	<Message ID="MMI::Setup::InstallFileFound" Content="安装文件检查完成, 请按(F1 确定)进行安装!" />
	<Message ID="MMI::Setup::InstallFileNotFound" Content="未发现安装文件, 请重新拷贝再进行安装!" />
	<Message ID="MMI::Setup::DeleteAutoRun" Content="删除自动执行文件最后一个动作!" />
	<Message ID="MMI::Setup::AddAutoRun" Content="已将安装步骤加到自动执行文件!" />
	<Message ID="MMI::Setup::FileError" Content=",安装文件检查发现错误, 请重新拷贝文件!" />
	<Message ID="MMI::Setup::Lab_Title::PLCBackup" Content="PLC文件备份" />
	<Message ID="MMI::Setup::Lab_Title::PLCRestore" Content="PLC文件安装" />
	<Message ID="MMI::Setup::Lab_Title::MacroBackup" Content="Macro文件备份" />
	<Message ID="MMI::Setup::Lab_Title::MacroRestore" Content="Macro文件安装" />
	<Message ID="MMI::Setup::Lab_Title::ParamBackup" Content="参数文件备份" />
	<Message ID="MMI::Setup::Lab_Title::ParamRestore" Content="参数文件安装" />
	<Message ID="MMI::Setup::Lab_Title::RegistryBackup" Content="登录文件备份" />
	<Message ID="MMI::Setup::Lab_Title::RegistryRestore" Content="登录文件安装" />
	<Message ID="MMI::Setup::Lab_Title::NcFilesBackup" Content="NC档案备份" />
	<Message ID="MMI::Setup::Lab_Title::NcFilesRestore" Content="NC档案安装" />
	<Message ID="MMI::Setup::Lab_DriverSelectSrc" Content="安装来源选择" />
	<Message ID="MMI::Setup::Lab_DriverSelectDst" Content="备份目的选择" />
	<Message ID="MMI::Setup::CmdFloppy" Content="磁盘驱动器" />
	<Message ID="MMI::Setup::CmdNet" Content="网络" />
	<Message ID="MMI::Setup::CmdExit" Content="离开" />
	<Message ID="MMI::Setup::CmdFinish" Content="完成" />
	<Message ID="MMI::Setup::CmdCancel" Content="取消" />
	<Message ID="MMI::Setup::FraSource" Content="来源文件" />
	<Message ID="MMI::Setup::FraDes" Content="目的文件" />
	<Message ID="MMI::Setup::LstMountFloppy" Content="连结磁盘驱动器.." />
	<Message ID="MMI::Setup::LstMountNet" Content="连结网络.." />
	<Message ID="MMI::Setup::LstFileCopy" Content="文件拷贝" />
	<Message ID="MMI::Setup::LstCopyOk" Content="文件拷贝完成" />
	<Message ID="MMI::Setup::LstCopyFail" Content="拷贝失败" />
	<Message ID="MMI::Setup::Msg_FileNotFound" Content="文件不存在" />
	<Message ID="MMI::Setup::Lab_Inc" Content="新代科技" />
	<Message ID="MMI::Setup::Txt_Floppy" Content="透过磁盘驱动器来备份或安装文件, 磁盘驱动器路径为\Floppy" />
	<Message ID="MMI::Setup::Txt_Net" Content="透过网络来备份或安装文件, 网络路径为\Network\Syntec" />
	<Message ID="MMI::Setup::NetRestartCNC" Content="CNC将于一分钟后重新启动。" />
	<Message ID="MMI::Setup::NetRestartHMI" Content="人机将于两分钟后重新启动。" />
	<Message ID="MMI::Setup::LocalAskRestartCNC" Content="是否立即重启人机。" />
	<Message ID="MMI::Setup::Software::Failed::Package" Content="安装失败，检查安装档发生错误。" />
	<Message ID="MMI::Setup::Software::Failed::Copy" Content="安装失败，无法复制安装档。" />
	<Message ID="MMI::Setup::Software::Failed::AutorunSetup" Content="安装失败，开机程序设置失败。" />
	<Message ID="MMI::Setup::Software::Version" Content="版本" />
	<Message ID="MMI::Setup::Software::InstallAfterReboot" Content="系统将于重新启动后继续更新。" />
	<Message ID="MMI::Setup::Msg_Reboot" Content="请重新开机, 进行软件安装!" />
	<Message ID="MMI::Setup::CopyFail" Content="失败, 请检查磁盘或网络装置后重新执行" />
	<Message ID="MMI::Setup::BackupSuccess" Content="成功!" />
	<Message ID="MMI::Setup::InstallSuccess" Content="成功, 请重新开机, 安装文件才会生效!" />
	<Message ID="MMI::Setup::InstallCommonSuccess" Content="安装档案成功!" />
	<Message ID="MMI::Setup::InstallSuccessHaveReset" Content="成功, 请等待重新启动完成, 安装档案才会生效!" />
	<Message ID="MMI::Setup::InstallSuccessManualHMI" Content="成功, 请手动启动人机, 安装档案才会生效!" />
	<Message ID="MMI::Setup::InstallSuccessManualBoth" Content="成功, 请手动启动Cnc以及人机, 安装档案才会生效!" />
	<Message ID="MMI::Setup::Lab_Title::InstallMsg" Content="安装信息：" />
	<Message ID="MMI::Setup::Lab_Title::InstallData" Content="安装文件资料" />
	<Message ID="MMI::Setup::Lab_Title::InstallName" Content="安装档名：" />
	<Message ID="MMI::Setup::Lab_Title::SysName" Content="系统名称：" />
	<Message ID="MMI::Setup::Lab_Title::SysVer" Content="系统版本：" />
	<Message ID="MMI::Setup::Lab_Title::SysFileBackup" Content="系统文件安裝备份" />
	<Message ID="MMI::Setup::Lab_Title::SourceFile" Content="来源文件：" />
	<Message ID="MMI::Setup::Lab_Title::TargetFile" Content="目的文件：" />
	<Message ID="MMI::Setup::DirNotExistent" Content="目录不存在!" />
	<Message ID="MMI::Setup::Msg_CycleStarting" Content="执行加工中无法进行软体安装、系统还原及汇入等动作" />
	<Message ID="MMI::Setup::Msg_HadDone" Content="无法重覆安装软体，请重新开机, 进行前次软体安装!" />
	<Message ID="MMI::Setup::WaitUntilSuccess" Content="请等待安装完成再进行操作。" />
	<Message ID="MMI::Setup::Restarting" Content="请关闭模拟器后，待安装完成后再重新启动。" />
	<Message ID="MMI::Setup::RestartFail" Content="系统重新连线失败，请重新指定CNC设定。" />
	<Message ID="MMI::Setup::LstBackFail" Content="备份失败" />
	<Message ID="MMI::Setup::LstInstallFail" Content="安装失败" />
	<Message ID="MMI::Setup::HMIData" Content="人机档案安装" />
	<Message ID="MMI::Setup::fetchBackupListFail" Content="取得备份列表失败" />
	<Message ID="MMI::Setup::RecoverInfo" Content="安装系统资料不正常结束，请等待系统资料安装完成" />
	<Message ID="MMI::Setup::Lab_Title::RecoverFail" Content="重新安装失败" />
	<Message ID="MMI::Setup::Lab_Title::RecoverSuccess" Content="重新安装成功" />	
	<Message ID="MMI::Setup::RecoverSuccess" Content="重新安装失败，请等待CNC正常启动" />
	<Message ID="MMI::Setup::Backup::CNCStateCheck" Content="加工中不可以系统资料备份" />
	<Message ID="MMI::Setup::Install::CNCStateCheck" Content="加工中不可以系统资料还原" />
	<Message ID="MMI::Setup::CNCData" Content="CNC档案安装" />
	<Message ID="MMI::Setup::UnkownFail" Content="不预期的安装失败" />
	<Message ID="MMI::Setup::InstallPart" Content="部份档案安装完成" />
	<Message ID="MMI::Setup::InstallFailManualBoth" Content="请手动启动Cnc以及人机, 安装档案才会生效!" />

	<Message ID="MMI::Setup::SB::NoInternalBackup" Content="找不到原厂备份档案!" />
	<Message ID="MMI::Setup::SB::DoInternalBackup" Content="请执行原厂备份功能!" />
	<Message ID="MMI::Setup::SB::Restore" Content="还原" />

	<Message ID="MMI::Setup::Caption::Lab_BackupTipsTitle::BackupTipsTitle" Content="系统资料备份" />
	<Message ID="MMI::Setup::Caption::Lab_BackupTips::BackupTips" Content="将系统资料备份成压缩格式，并存储于
指定之外部磁碟" />
	<Message ID="MMI::Setup::Caption::Hint::Backup::AllSelect" Content="提示：备份所有可勾选项目/取消所有可勾选项目" />
	<Message ID="MMI::Setup::Caption::Hint::Backup::SB" Content="提示：备份原厂系统资料" />
    <Message ID="MMI::Setup::Caption::Hint::Backup::PLC" Content="提示：备份PLC 及PLC警报多国语言字符串文件(AlarmPLC_L.xml, L:COM、CHT、CHS.....)" />
	<Message ID="MMI::Setup::Caption::Hint::Backup::Parameter" Content="提示：备份参数档(param.dat)" />
	<Message ID="MMI::Setup::Caption::Hint::Backup::ParameterExt" Content="提示：备份扩充参数定义档(paramext.pxt)、扩充参数多国语言字串档(ParamExt_L.xml)
及扩充参数字节字符串文件(ParamExt_RBit_L.xml, L:COM、CHT、CHS....)" />
	<Message ID="MMI::Setup::Caption::Hint::Backup::Macro" Content="提示：备份MACRO及MACRO警报字串档(AlarmMacro_L.xml, L:COM、CHT、CHS....)" />
	<Message ID="MMI::Setup::Caption::Hint::Backup::Registry" Content="提示：备份Registry.dat，内含刀长资料/座标系纪录/自动对刀参数/加工纪录/…" />
	<Message ID="MMI::Setup::Caption::Hint::Backup::OCRes" Content="提示：备份客制人机资料夹（OCRes）包含我的最爱设定
不含以下档案(AlarmPLC_L.xml/AlarmMacro_L.xml/ParamExt_L.xml/ParamExt_RBit_L.xml, L:Common、CHT、CHS.....)" />
	<Message ID="MMI::Setup::Caption::Hint::Backup::DriverParameter" Content="提示：备份驱动器参数和串列参数画面(TunningParam.dat...)" />
	<Message ID="MMI::Setup::Caption::Hint::Backup::HistoryAlarm" Content="提示：备份现存警报(Actalm.txt)及历来警报(Histalm.txt)" />
	<Message ID="MMI::Setup::Caption::Hint::Backup::OpLogFile" Content="提示：备份操作纪录器纪录(OPLog.*)" />
	<Message ID="MMI::Setup::Caption::Hint::Backup::DataLogFile" Content="提示：备份诊断纪录(DataLog*.dat)" />
	<Message ID="MMI::Setup::Caption::Hint::Backup::AuthoData" Content="提示：备份权限数据(Autho.xml)" />
	<Message ID="MMI::Setup::Caption::Hint::Backup::SerialPLCAxisParam" Content="提示：备份串列PLC轴参数(SerialParam.dat)" />
	<Message ID="MMI::Setup::Caption::Hint::Backup::ECamData" Content="提示：备份电子凸轮数据(ECam.xml)" />
	<Message ID="MMI::Setup::Caption::Hint::Restore::AllSelect" Content="提示：还原所有可勾选项目/取消所有可勾选项目" />
	<Message ID="MMI::Setup::Caption::Hint::Restore::SB" Content="提示：还原原厂系统资料" />
	<Message ID="MMI::Setup::Caption::Hint::Restore::PLC" Content="提示：还原PLC 及PLC警报多国语言字符串文件(AlarmPLC_L.xml, L:COM、CHT、CHS.....)" />
	<Message ID="MMI::Setup::Caption::Hint::Restore::Parameter" Content="提示：还原参数档(param.dat)" />
	<Message ID="MMI::Setup::Caption::Hint::Restore::ParameterExt" Content="提示：还原扩充参数定义档(paramext.pxt)、扩充参数多国语言字串档(ParamExt_L.xml)
及扩充参数字节字符串文件(ParamExt_RBit_L.xml, L:COM、CHT、CHS....)" />
	<Message ID="MMI::Setup::Caption::Hint::Restore::Macro" Content="提示：还原MACRO及MACRO警报字串档(AlarmMacro_L.xml)" />
	<Message ID="MMI::Setup::Caption::Hint::Restore::Registry" Content="提示：还原Registry.dat，内含刀长资料/座标系纪录/自动对刀参数/加工纪录/…" />
	<Message ID="MMI::Setup::Caption::Hint::Restore::OCRes" Content="提示：还原客制人机资料夹（OCRes）内，除了以下档案以外之所有档案
(AlarmPLC_L.xml/AlarmMacro_L.xml/ParamExt_L.xml/ParamExt_RBit_L.xml, L:Common、CHT、CHS.....)" />
	<Message ID="MMI::Setup::Caption::Hint::Restore::DriverParameter" Content="提示：还原驱动器参数和串列参数画面(TunningParam.dat...)" />
	<Message ID="MMI::Setup::Caption::Hint::Restore::AuthoData" Content="提示：还原权限数据" />
	<Message ID="MMI::Setup::Caption::Hint::Restore::SerialPLCAxisParam" Content="提示：还原串列PLC轴参数(SerialParam.dat)" />
	<Message ID="MMI::Setup::Caption::Hint::Restore::ECamData" Content="提示：还原电子凸轮数据(ECam.xml)" />
	<Message ID="MMI::Setup::Caption::SelectItem::FilePath" Content="档案路径" />
	<Message ID="MMI::Setup::Caption::SelectItem::Backup::FileComment" Content="注解内容
(字数上限 : 30字)" />
	<Message ID="MMI::Setup::Caption::SelectItem::Restore::FileComment" Content="请输入注解内容
(字数上限 : 30字)" />
	<Message ID="MMI::Setup::Caption::SelectItem::QueryBackup" Content="备份设定完成，
确定执行备份功能?" />
	<Message ID="MMI::Setup::Caption::SelectItem::QueryRestore" Content="还原设定完成，
确定执行还原功能?" />
	<Message ID="MMI::Setup::HaveInstall" Content="前次安装档案尚未完成，请重新启动控制器才能再次进行安装" />

	<Message ID="MMI::Setup::ImgUpgrade::Serious" Content="档案已选择完成，继续进行NK映像档更新?" />
	<Message ID="MMI::Setup::ImgUpgrade::ShutDownRestart" Content="警告：系统重大更新，请断电重新启动系统进行初始化。" />
	<Message ID="MMI::Setup::ImgUpgrade::DontTouch" Content="软件重大更新中，请勿对机台进行操作!" />
	<Message ID="MMI::Setup::ImgUpgrade::UpgradeFail" Content="软件重大更新失败" />
	<Message ID="MMI::Setup::ImgUpgrade::ImageSettingsTilte" Content="NK映像档设定" />
	<Message ID="MMI::Setup::ImgUpgrade::ImageSettings" Content="正在设定映像档..." />

	<!-- ========== Cnc PLCNet String Define =============== -->
	<Message ID="MMI::PLCNet::ConnectError" Content="联机错误! 请检查Client端IP位置." />

	<!-- =============== DriverTuning String Define =============== -->
	<Message ID="MMI::Tuning::UploadDenied" Content="加工中请勿进行驱动器参数调整" />
	<Message ID="MMI::Tuning::LimitNotDesideYet" Content="请执行马达正负极限的定位" />
	<Message ID="MMI::Tuning::EstimateDone" Content="待负载惯量比变动趋缓，请按「OK」以完成估测" />
	<Message ID="MMI::Tuning::NoiseQuestion1" Content="系统是否产生异音或抖动？" />
	<Message ID="MMI::Tuning::NoiseQuestionTitle" Content="注意" />
	<Message ID="MMI::Tuning::VibrationSuppressON" Content="开启共振抑制，请按「OK」以继续执行调机" />
	<Message ID="MMI::Tuning::NoiseQuestion2" Content="共振抑制已开启，是否依旧产生异音或抖动？" />
	<Message ID="MMI::Tuning::ResultDownBW" Content="请降低速度响应带宽再重新执行调机" />
	<Message ID="MMI::Tuning::ObserveSystem" Content="请观察马达响应是否符合预期，观察完毕请按「OK」" />
	<Message ID="MMI::Tuning::TuningDone" Content="调机完成请执行试加工，如希望响应更好，请提高速度响应带宽再重新执行调机" />
	<Message ID="MMI::FinishTuning::FinishTuning" Content="请按「OK」以完成调机" />


	<!-- ========== Scr_History label =============== -->
	<Message ID="Scr_His_DateTime" Content="日期时间" />
	<Message ID="Scr_His_CompName" Content="组件名称" />
	<Message ID="Scr_His_XmlName" Content="XML 文件名" />
	<Message ID="Scr_His_Storage" Content="储存地址" />
	<Message ID="Scr_His_OldValue" Content="原始数值" />
	<Message ID="Scr_His_NewValue" Content="输入数值" />
	
	<!-- ========== Feature Coordinate =============== -->
	<Message ID="Browser::FeatureCoord::Mode3PTS" Content="三点教导" />
	<Message ID="Browser::FeatureCoord::ModeTOOL" Content="刀具方向教导" />
	<Message ID="Browser::FeatureCoord::ModeEULER" Content="尤拉角教导" />
	<Message ID="Browser::FeatureCoord::Mode2VECS" Content="两向量教导" />
	<Message ID="Browser::FeatureCoord::Caption::Mode_Select" Content="教导模式选择：" />
	<Message ID="Browser::FeatureCoord::Caption::Feature_Origin" Content="原点 P1" />
	<Message id="Browser::FeatureCoord::ModeSelectHint" Content="输入数值以改变教导模式" />
	<Message ID="Browser::FeatureCoord::Caption::OriginXHint" Content="斜平面原点在 G54 座标系下的 X 分量" />
	<Message ID="Browser::FeatureCoord::Caption::OriginYHint" Content="斜平面原点在 G54 座标系下的 Y 分量" />
	<Message ID="Browser::FeatureCoord::Caption::OriginZHint" Content="斜平面原点在 G54 座标系下的 Z 分量" />
	<Message ID="MMI::FeatureCoordinate::PostureNotReady" Content="请将刀具旋转轴角度归零" />
	<Message ID="MMI::FeatureCoordinate::ChooseTool" Content="请利用指令 G43、G44 或 G43.4 选取刀具" />
	<Message ID="MMI::FeatureCoordinate::PointsCoLinear" Content="三点共线无法成功教导，请重新输入点座标" />
	<Message ID="MMI::FeatureCoordinate::ConfirmTransform" Content="确定要切换至斜平面状态？" />
	<Message ID="MMI::FeatureCoordinate::ConfirmTitle" Content="确认" />
	<Message ID="MMI::FeatureCoordinate::BackToG69" Content="请在 G69 状态下执行座标教导" />
	<Message ID="MMI::FeatureCoordinate::VectorsCantBeZero" Content="轴向量不可为零向量" />
	<Message ID="Browser::FeatureCoord::Caption::ToolLengthState" Content="刀长补偿：" />
	<Message ID="Browser::FeatureCoord::Caption::CoordState" Content="座标系状态：" />
	<Message ID="FeatureCoord_3PTS::2ndPointXHint" Content="斜平面第二点在 G54 座标系下的 X 分量" />
	<Message ID="FeatureCoord_3PTS::2ndPointYHint" Content="斜平面第二点在 G54 座标系下的 Y 分量" />
	<Message ID="FeatureCoord_3PTS::2ndPointZHint" Content="斜平面第二点在 G54 座标系下的 Z 分量" />
	<Message ID="FeatureCoord_3PTS::Caption::Feature_Point2" Content="第二点 P2" />
	<Message ID="FeatureCoord_3PTS::3rdPointXHint" Content="斜平面第三点在 G54 座标系下的 X 分量" />
	<Message ID="FeatureCoord_3PTS::3rdPointZHint" Content="斜平面第三点在 G54 座标系下的 Z 分量" />
	<Message ID="FeatureCoord_3PTS::3rdPointYHint" Content="斜平面第三点在 G54 座标系下的 Y 分量" />
	<Message ID="FeatureCoord_3PTS::Caption::Feature_Point3" Content="第三点 P3" />
	<Message ID="FeatureCoord_3PTS::Step1" Content="1. 确认刀补状态在 G43.4、G43 或 G44" />
	<Message ID="FeatureCoord_3PTS::Step2" Content="　手动输入则不受此限。" />
	<Message ID="FeatureCoord_3PTS::Step3" Content="2. 确认座标系在 G69 状态。" />
	<Message ID="FeatureCoord_3PTS::Step4" Content="3. 相对 G54 座标系设定以下各点：" />
	<Message ID="FeatureCoord_3PTS::Step5" Content="　原点、第二点、第三点。" />
	<Message ID="FeatureCoord_3PTS::Step6" Content="4. 原点与第二点将决定 X+ 方向。" />
	<Message ID="FeatureCoord_3PTS::Step7" Content="5. 第三点将决定 Y+ 方向。" />
	<Message ID="FeatureCoord_3PTS::Step8" Content="6. 教导完成。" />
	<Message ID="FeatureCoord_TOOL::RotateAngle" Content="刀轴旋转角" />
	<Message ID="FeatureCoord_TOOL::RotateAngleHint" Content="刀具轴为旋转轴，依据右手定则旋转之角度。" />
	<Message ID="FeatureCoord_TOOL::Step1" Content="1. 确认刀补状态在 G43.4、G43 或 G44" />
	<Message ID="FeatureCoord_TOOL::Step2" Content="　手动输入则不受此限。" />
	<Message ID="FeatureCoord_TOOL::Step3" Content="2. 确认座标系在 G69 状态。" />
	<Message ID="FeatureCoord_TOOL::Step4" Content="3. 以刀具轴为旋转轴，旋转 I 角" />
	<Message ID="FeatureCoord_TOOL::Step5" Content="4. 旋转后即得到斜平面座标系" />
	<Message ID="FeatureCoord_TOOL::Step6" Content="5. 教导完成。" />
	<Message ID="FeatureCoord_TOOL::Step7" Content=" " />
	<Message ID="FeatureCoord_TOOL::Step8" Content=" " />
	<Message ID="FeatureCoord_EULER::Caption::EulerAngle" Content="尤拉角" />
	<Message ID="FeatureCoord_EULER::Euler1" Content="输入沿着 G54 Z 轴旋转之旋转角，将得一新的座标系。" />
	<Message ID="FeatureCoord_EULER::Euler2" Content="输入经上述步骤旋转后的座标系，沿其 X 轴旋转之旋转角。" />
	<Message ID="FeatureCoord_EULER::Euler3" Content="输入经上述步骤旋转后的座标系，沿其 Z 轴旋转之旋转角。" />
	<Message ID="FeatureCoord_EULER::Step1" Content="1. 确认刀补状态在 G43.4、G43 或 G44" />
	<Message ID="FeatureCoord_EULER::Step2" Content="　手动输入则不受此限。" />
	<Message ID="FeatureCoord_EULER::Step3" Content="2. 确认座标系在 G69 状态。" />
	<Message ID="FeatureCoord_EULER::Step4" Content="3. 沿 G54 Z轴旋转 I 得一座标系 X' Y' Z" />
	<Message ID="FeatureCoord_EULER::Step5" Content="4. 沿 X' 轴旋转 J 得一座标系 X' Y'' Z'" />
	<Message ID="FeatureCoord_EULER::Step6" Content="5. 沿 Z' 轴旋转 K 得到斜平面座标系" />
	<Message ID="FeatureCoord_EULER::Step7" Content="6. 教导完成。" />
	<Message ID="FeatureCoord_EULER::Step8" Content="" />
	<Message ID="FeatureCoord_2VECS::VECXx" Content="斜平面 X 轴在 G54 座标系中的 X 分量" />
	<Message ID="FeatureCoord_2VECS::VECXy" Content="斜平面 X 轴在 G54 座标系中的 Y 分量" />
	<Message ID="FeatureCoord_2VECS::VECXz" Content="斜平面 X 轴在 G54 座标系中的 Z 分量" />
	<Message ID="FeatureCoord_2VECS::VECZx" Content="斜平面 Z 轴在 G54 座标系中的 X 分量" />
	<Message ID="FeatureCoord_2VECS::VECZy" Content="斜平面 Z 轴在 G54 座标系中的 Y 分量" />
	<Message ID="FeatureCoord_2VECS::VECZz" Content="斜平面 Z 轴在 G54 座标系中的 Z 分量" />
	<Message ID="FeatureCoord_2VECS::Feature_VecX" Content="X 轴" />
	<Message ID="FeatureCoord_2VECS::Feature_VecZ" Content="Z 轴" />
	<Message ID="FeatureCoord_2VECS::Step1" Content="1. 确认刀补状态在 G43.4、G43 或 G44" />
	<Message ID="FeatureCoord_2VECS::Step2" Content="　手动输入则不受此限。" />
	<Message ID="FeatureCoord_2VECS::Step3" Content="2. 确认座标系在 G69 状态。" />
	<Message ID="FeatureCoord_2VECS::Step4" Content="3. 相对 G54 座标系设定以下：" />
	<Message ID="FeatureCoord_2VECS::Step5" Content="　斜平面 X 轴" />
	<Message ID="FeatureCoord_2VECS::Step6" Content="　斜平面 Z 轴" />
	<Message ID="FeatureCoord_2VECS::Step7" Content="4. 教导完成" />
	<Message ID="FeatureCoord_2VECS::Step8" Content="" />
	<Message ID="MMI::FeatureCoordinate::VectorsNotVertical" Content="两向量未垂直。" />
	
	<!-- ========== Lathe Workpiece Shift =============== -->
	<Message ID="MMI::WorkPieceLathe::Label_InputMode" Content="输入模式：" />
	<Message ID="MMI::WorkPieceLathe::Label_OffsetTitle1" Content="偏移量" />
	<Message ID="MMI::WorkPieceLathe::Label_Warning" Content="加工中不可以设定，执行G92会改变偏移量" />
	<Message ID="MMI::WorkPieceLathe::Label_IncHint1" Content="1. 将光标移到要设定的轴向" />
	<Message ID="MMI::WorkPieceLathe::Label_IncHint2" Content="2. 输入增加的偏移量" />
	<Message ID="MMI::WorkPieceLathe::Label_AbsHint1" Content="1. 输入X***设定X轴绝对座标" />
	<Message ID="MMI::WorkPieceLathe::Label_AbsHint2" Content="2. 输入Z***设定Z轴绝对座标" />
	<Message ID="MMI::WorkPieceLathe::ConfirmShift" Content="确定要设定工件系统偏移量？" />
	<Message ID="MMI::WorkPieceLathe::ConfirmTitle" Content="警告" />
	
	<!-- ========== Operation Logger =============== -->
	<Message ID="MMI::OPLog::Export" Content="选取导出操作纪录位置" />
	<Message ID="MMI::OPLog::ExportSuccess" Content="操作纪录导出成功" />
	<Message ID="MMI::OPLog::ExportFail" Content="操作纪录导出失败" />
	<Message ID="MMI::OPLog::FindDateTimeHint" Content="输入范例:20121005或201210051400" />
	<Message ID="MMI::OPLog::FindAlarmHint" Content="搜寻警报输入范例:PLC66" />
	<Message ID="MMI::OPLog::FindIBitHint" Content="搜寻I点输入范例:I100" />
	<Message ID="MMI::OPLog::SearchNotFound" Content="找不到!" />
	<Message ID="MMI::OPLog::SearchNextNotFound" Content="这是最新一笔纪录!" />
	<Message ID="MMI::OPLog::SearchPrevNotFound" Content="这是最后一笔纪录!" />	
	<Message ID="MMI::OPLog::OverWrite" Content="档案已存在, 是否覆写?"/>


	<!-- ========== MPG Shift Popup =============== -->
	<Message ID="MMI::MPGShift::MPGTitle" Content="手轮偏置座标系资讯" />

	<!-- ========== Serial Servo =============== -->	
	<Message ID="MMI::SerialServo::WriteCommandWarning" Content="某些资料无法复原回去!" />
	<Message ID="MMI::SerialServo::Title::WriteCommandWarning" Content="写入参数" />	
	<Message ID="MMI::SerialServo::CheckDefault" Content="确定要回复预设选单!" />
	<Message ID="MMI::SerialServo::Title::CheckDefault" Content="确认" />
	<Message ID="MMI::SerialServo::CheckDelete" Content="确定要删除此项参数!" />
	<Message ID="MMI::SerialServo::CheckEmergency" Content="请确认系统在急停状态" />	
	<Message ID="MMI::SerialServo::CheckRecoverDefault" Content="轴向设定与现存资料不一致,请回复预设选单" />	
	<Message ID="MMI::SerialServo::Spindle" Content="主轴" />
	<Message ID="MMI::SerialServo::Axes" Content="轴向轴群" />
	<Message ID="MMI::SerialServo::Category" Content="分类" />
	<Message ID="MMI::SerialServo::Item" Content="项目" />
	<Message ID="MMI::SerialServo::NO" Content="编号" />
	<Message ID="MMI::SerialServo::Description" Content="说明" />
	<Message ID="MMI::SerialServo::Value" Content="参数值" />
	<Message ID="MMI::SerialServo::Axis" Content="轴向" />
	<Message ID="MMI::SerialServo::BackupFail" Content="备份失败，无法读取串列资料" />
	<Message ID="MMI::SerialServo::RestoreFail" Content="回复失败，无法写入串列资料" />
	<Message ID="MMI::Common::Progress" Content="进度" />
	<Message ID="MMI::SerialServo::BackupInfo" Content="总共备份" />
	<Message ID="MMI::SerialServo::RestoreInfo" Content="总共回复" />
	<Message ID="MMI::SerialServo::ProgressInfo" Content="个项目" />
	<Message ID="MMI::SerialServo::DecimalType" Content="十进制(输入完成按F1确定)" />
	<Message ID="MMI::SerialServo::HexadecimalType" Content="十六进制(输入完成按F1确定)" />
	<Message ID="MMI::SerialServo::ItemSelect" Content="编号选择" />
	<Message ID="MMI::SerialServo::ItemSelectHint" Content="完成后按F1确定" />
	<Message ID="MMI::SerialServo::InputPanel" Content="输入面板" />
	<Message ID="MMI::SerialServo::UpdateSerialData" Content="驱动器参数读取中，请稍候..." />
	<Message ID="MMI::SerialServo::UpdateSerialTable" Content="更新参数表格" />
	<Message ID="MMI::SerialServo::FinishUpdateSerialTable" Content="参数表格更新完成!" />
	<Message ID="MMI::SerialSpindleAdjust::SpindleSelect" Content="主轴选择" />
	<Message ID="MMI::SerialSpindleAdjust::TestProg" Content="测试程序" />
	<Message ID="MMI::SerialSpindleAdjust::AdjustParameter" Content="调适参数" />
	<Message ID="MMI::AdjustApplication::Warnning" Content="注意"/>
	<Message ID="MMI::AdjustApplication::WarnningDescripotion" Content="1. 确认机台处于静止且测试程序输入正确?
2. 测试过程请勿移动机台"/>
	<Message ID="MMI::AdjustApplication::DisconnectBeforeESC" Content="正在调适中，须先执行[中断调适]才可离开此页面"/>
	<Message ID="MMI::AdjustApplication::ConfirmSetPosition" Content="确认是否输入主轴定位角度?"/>
	<Message ID="MMI::AdjustApplication::WarningStopAdjustment" Content="确认是否停止调适功能?"/>
	<Message ID="MMI::AdjustApplication::X_TIME" Content="时间(ms)"/>
	<Message ID="MMI::AdjustApplication::Y_VELOCITY" Content="速度(RPM)"/>
	<Message ID="MMI::AdjustApplication::Y_SYNCERR" Content="同动误差(um)"/>
	<Message ID="MMI::AdjustApplication::UserAbort" Content="中断执行，请确认PLC状态正确!"/>
	<Message ID="MMI::AdjustApplication::UnExpectedFail" Content="调试失败，请确认阶梯图撰写正确!"/>
	<Message ID="MMI::AdjustApplication::ModeNotSupport" Content="调适功能不支援在自动，手轮.MDI模式下进行!"/>
	<Message ID="MMI::AdjustApplication::NcCodeEmpty" Content="请先执行程式生成再进行调适!"/>
	<Message ID="MMI::AdjustApplication::SetSpindleAngleSuccess" Content="主轴定位角度设定成功!"/>
	<Message ID="MMI::AdjustApplication::SetSpindleAngleFail" Content="主轴定位角度设定失败!"/>
	<Message ID="MMI::AdjustApplication::AxisGroupIncorrect" Content="多轴群执行模式设定(R21)与指定轴群不吻合"/>
	<Message ID="MMI::OPLog::OverWrite" Content="档案已存在, 是否覆写?"/>

	<!-- ========== System Files Inport and Export =============== -->
	<Message ID="MMI::SysFile::SysFileName" Content="系统资料档案" />
	<Message ID="MMI::SysFile::MacroName" Content="Macro档案" />
	<Message ID="MMI::SysFile::OCResName" Content="客制人机档案" />
	<Message ID="MMI::SysFile::Export::QuerySysFileExport" Content="确定执行系统资料汇出功能?" />
	<Message ID="MMI::SysFile::Export::QueryOCResExport" Content="确定执行客制人机汇出功能?" />
	<Message ID="MMI::SysFile::Export::QueryMacroExport" Content="确定执行Macro汇出功能?" />
	<Message ID="MMI::SysFile::Expoert::SysFileTitle" Content="系统资料汇出位置选择" />
	<Message ID="MMI::SysFile::Expoert::MacroTitle" Content="Macro汇出档案及位置选择" />
	<Message ID="MMI::SysFile::Expoert::OCResTitle" Content="客制人机汇出位置选择" />
	<Message ID="MMI::SysFile::Export::EmptyItem" Content="未选择任何选择导出项目，请重新选择" />
	<Message ID="MMI::SysFile::ExportTitle" Content="请选择汇出项目" />
	<Message ID="MMI::SysFile::Export::AllSelect" Content="提示：汇出所有可勾选项目/取消所有可勾选项目" />
	<Message ID="MMI::SysFile::Export::PLC" Content="提示：汇出PLC (cnc.lad)及PLC 多国语言警报字串档(AlarmPLC_L.xml, L:COM、CHT、CHS....)" />
	<Message ID="MMI::SysFile::Export::Parameter" Content="提示：汇出参数档(param.dat)" />
	<Message ID="MMI::SysFile::Export::ParameterExt" Content="提示：汇出扩充参数定义档(paramext.pxt)、扩充参数多国语言字串档(ParamExt_L.xml)
及扩充参数字节字符串文件(ParamExt_RBit_L.xml, L:COM、CHT、CHS....)" />
	<Message ID="MMI::SysFile::Export::MacroAlarm" Content="提示：汇出MACRO 警报字串档(AlarmMacro_L.xml)" />
	<Message ID="MMI::SysFile::Export::Registry" Content="提示：汇出Registry.dat，内含刀长资料/座标系纪录/自动对刀参数/加工纪录/…" />
	<Message ID="MMI::SysFile::Export::SerialPLCAxisParam" Content="提示：汇出串列PLC轴参数设定(SerialParam.dat)" />
	<Message ID="MMI::SysFile::Export::ECamData" Content="提示：汇出电子凸轮数据(ECam.xml)" />
	<Message ID="MMI::SysFile::Export::Lab_ExportTipsTitle" Content="系统资料、Macro汇入/汇出" />
	<Message ID="MMI::SysFile::Export::Lab_ExportTips" Content="将系统资料档案、Macro档案
汇入/汇出，于指定之位置" />
	<Message ID="MMI::SysFile::Export::MultiLanguage" Content="=多国语系" />
	<Message ID="MMI::SysFile::Export::FilePath" Content="汇出路径" />
	<Message ID="MMI::SysFile::Export::Success" Content="汇出完成" />
	<Message ID="MMI::SysFile::Import::FileList" Content="汇入档案清单" />
	<Message ID="MMI::SysFile::Import::FilePath" Content="档案汇入来源" />
	<Message ID="MMI::SysFile::Import::SysFileTitle" Content="系统资料汇入档案选择" />
	<Message ID="MMI::SysFile::Import::MacroTitle" Content="Macro汇入档案选择" />
	<Message ID="MMI::SysFile::Import::OCResTitle" Content="客制人机汇入资料夹选择" />
	<Message ID="MMI::SysFile::Import::QuerySysFileImport" Content="确定执行系统资料汇入功能?" />
	<Message ID="MMI::SysFile::Import::QueryOCResImport" Content="确定执行客制人机汇入功能?" />
	<Message ID="MMI::SysFile::Import::QueryMacroImport" Content="确定执行Macro汇入功能?" />
	<Message ID="MMI::SysFile::Import::RebootSuccess" Content="汇入成功, 请重新开机, 汇入档案才会生效!" />
	<Message ID="MMI::SysFile::Import::Success" Content="汇入成功" />
	<Message ID="MMI::SysFile::Import::EmptyItem" Content="未选择任何汇入项目，请重新选择" />

	<!-- ================================Update Boot Picture================================-->
	<Message ID="MMI::UpdateBootPic::SelectBMPTitle" Content="选择图档位置" />
	<Message ID="MMI::UpdateBootPic::QueryUpdateBootPic" Content="系统检查完成，是否继续进行开机图档更新?" />
	<Message ID="MMI::UpdateBootPic::BMPFormatError" Content="图档格式检查错误，请重新确认档案再执行。" />
	<Message ID="MMI::UpdateBootPic::BMPFormatErrorList" Content="错误问题如下，请参考CncHelp进行错误排除：" />
	<Message ID="MMI::UpdateBootPic::OpenOrReadFail" Content="开启/读取图档失败" />
	<Message ID="MMI::UpdateBootPic::BMPFormatFail" Content="非Bitmap图档" />
	<Message ID="MMI::UpdateBootPic::FileBroken" Content="档案已毁损" />
	<Message ID="MMI::UpdateBootPic::WidthPixelFail" Content="图片尺寸错误, 宽度必须是 800 pixel" />
	<Message ID="MMI::UpdateBootPic::HeightPixelFail" Content="图片尺寸错误, 长度必须是 600 pixel" />
	<Message ID="MMI::UpdateBootPic::PixelFormatFail" Content="图档格式非24位元全彩" />
	<Message ID="MMI::UpdateBootPic::DataSizeFail" Content="档头所记录的档案大小错误" />
	<Message ID="MMI::UpdateBootPic::UnknownBMPFail" Content="未知的图档错误" />
	<Message ID="MMI::UpdateBootPic::ImageTooOld1" Content="此WinCE映像档版本太旧，无法支援开机图档更新功能。" />
	<Message ID="MMI::UpdateBootPic::ImageTooOld2" Content="目前版本为WinCE6.0,映像档" />
	<Message ID="MMI::UpdateBootPic::ImageTooOld3" Content="请更新至WinCE6.0,映像档" />
	<Message ID="MMI::UpdateBootPic::ImageTooOld4" Content="1.16" />
	<Message ID="MMI::UpdateBootPic::ImageTooOld5" Content="(含)以后版本" />
	<Message ID="MMI::UpdateBootPic::UpdateSuccess" Content="已更新开机图档，请断电重开，确认档案是否正确无误。" />
	<Message ID="MMI::UpdateBootPic::FailInBootSector" Content="图档更新失败，请确认此系统为ARM架构。" />
	<Message ID="MMI::UpdateBootPic::FailInBMPTooBig" Content="图档更新失败，图档太大无法更新。" />
	<Message ID="MMI::UpdateBootPic::WriteFail" Content="图档更新失败，写入图档资料失败。" />
	<Message ID="MMI::UpdateBootPic::FileReadFail" Content="图档更新失败，图档读取失败。" />
	<Message ID="MMI::UpdateBootPic::UnknownFail" Content="图档更新失败，未知的图档更新失败。" />

	<!-- ========== Absolute Setting =============== -->
	<Message ID="MMI::AbsoluteSetting::SelectAxis" Content="轴向" />
  	<Message ID="MMI::AbsoluteSetting::AxisStatus" Content="状态" />
  	<Message ID="MMI::AbsoluteSetting::TippsTitle" Content="***注意!&#xD;&#xA;变更此页面的设定值会更新定义机器的机械座&#xD;&#xA;标，若对此设定目的不了解者请勿任意变更，&#xD;&#xA;避免造成严重后果" />
  	<Message ID="MMI::AbsoluteSetting::TippsStepExplain" Content="重新设定机械原点步骤说明：" />
  	<Message ID="MMI::AbsoluteSetting::TippsStep1" Content="Step1.   请将要重新设定机械原点的轴向移动到机械原点之&#xD;&#xA;              目标位置。" />
  	<Message ID="MMI::AbsoluteSetting::TippsStep2" Content="Step2.   确认该轴向在目的位置后，将游标移至该轴向的状态栏。" />
  	<Message ID="MMI::AbsoluteSetting::TippsStep3" Content="Step3.   按下F1(设定机械原点)后，控制器会纪录目前该轴向&#xD;&#xA;              机械位置，该轴向状态栏会变更为&quot;                 &quot;，&#xD;&#xA;              即机械原点设定完成。" />
  	<Message ID="MMI::AbsoluteSetting::TippsCommentA" Content="备注:     A.当轴数超过一个页面时，可使用PageUp/PageDown&#xD;&#xA;                  做切换" />
  	<Message ID="MMI::AbsoluteSetting::TippsCommentB" Content="B.轴向状态解释：" />
  	<Message ID="MMI::AbsoluteSetting::TippsSetExplain" Content="已设定 = 已有纪录机械原点。" />
  	<Message ID="MMI::AbsoluteSetting::TippsUnsetExplain" Content="未设定 = 尚未设定过机械原点，或机械原点已遗失。" />
  	<Message ID="MMI::AbsoluteSetting::TippsSettingExplain" Content="设定完成 = 成功设定机械原点。" />
	<Message ID="MMI::AbsoluteSetting::TippsUnsetContext" Content="未设定" />
  	<Message ID="MMI::AbsoluteSetting::TippsWaitSetContext" Content="设定完成" />
	<Message ID="MMI::AbsoluteSetting::TippsSetContext" Content="已设定" />
	<Message ID="MMI::AbsoluteSetting::AbsUpdateTitle" Content="机械原点更新" />
	<Message ID="MMI::AbsoluteSetting::QueryUpdateSet" Content="机械原点坐标位置即将修改，请问是否确定进行变更?" />
	
	<Message ID="MMI::Common::DelFileOK" Content="删档成功!" />
	<Message ID="MMI::Common::DelFileFail" Content="删档失败!" />
	<Message ID="MMI::Common::RenameOK" Content="更名成功!" />
	<Message ID="MMI::Common::RenameFail" Content="更名失败!" />

	<!-- ========== Spindle Adjust Setting =============== -->
	<Message ID="MMI::Common::FeedBack" Content="速度回授" />
	<Message ID="MMI::Common::ServoCommand" Content="伺服命令" />
	<Message ID="MMI::Common::ADjust::BallBar" Content="循圆诊断" />
</ResMap>
