﻿<?xml version="1.0" encoding="UTF-8"?>
<!--Created by 'eHMI'version2.1.0-->
<!--BROWSER SIZE|H:600|W:800-->
<Screen>
  <Name>RemoteConnSet</Name>
  <Panel>
    <Left>0</Left>
    <Top>0</Top>
    <Width>800</Width>
    <Height>470</Height>
    <Name>Pan_Back</Name>
    <FontSize>9</FontSize>
    <Alignment>2</Alignment>
    <BorderStyle>0</BorderStyle>
    <Visible>True</Visible>
    <Depth>10</Depth>
    <BorderColor>0,0,0</BorderColor>
    <ForeColor>0,0,0</ForeColor>
    <BackColor>0,0,0</BackColor>
  </Panel>
  <Label>
    <Left>20</Left>
    <Top>416</Top>
    <Width>585</Width>
    <Height>31</Height>
    <Name>Lab_Status</Name>
    <FontSize>12</FontSize>
    <Alignment>0</Alignment>
    <BorderStyle>1</BorderStyle>
    <Visible>True</Visible>
    <Depth>9</Depth>
    <BorderColor>0,0,0</BorderColor>
    <ForeColor>0,0,0</ForeColor>
    <BackColor>205,215,222</BackColor>
    <Caption>
    </Caption>
  </Label>
  <Label>
    <Left>239</Left>
    <Top>25</Top>
    <Width>353</Width>
    <Height>31</Height>
    <Name>Lab_RemoteParamSettingTitle</Name>
    <FontSize>14</FontSize>
    <Alignment>2</Alignment>
    <BorderStyle>0</BorderStyle>
    <Visible>True</Visible>
    <Depth>8</Depth>
    <BorderColor>0,0,0</BorderColor>
    <ForeColor>0,255,0</ForeColor>
    <BackColor>0,0,0</BackColor>
    <Caption>STR::Browser::RemoteConnSet::Caption::Lab_RemoteParamSettingTitle::RemoteConnSet</Caption>
  </Label>
  <Label>
    <Left>113</Left>
    <Top>92</Top>
    <Width>111</Width>
    <Height>31</Height>
    <Name>Lab_ServerIPTitle</Name>
    <FontSize>12</FontSize>
    <Alignment>0</Alignment>
    <BorderStyle>0</BorderStyle>
    <Visible>True</Visible>
    <Depth>7</Depth>
    <BorderColor>0,0,0</BorderColor>
    <ForeColor>0,255,0</ForeColor>
    <BackColor>0,0,0</BackColor>
    <Caption>STR::Browser::RemoteConnSet::Caption::Lab_ServerIPTitle::ServerIP</Caption>
  </Label>
  <Input>
    <Left>370</Left>
    <Top>92</Top>
    <Width>179</Width>
    <Height>31</Height>
    <Name>Inp_ServerIP</Name>
    <FontSize>9</FontSize>
    <Alignment>2</Alignment>
    <BorderStyle>1</BorderStyle>
    <Visible>True</Visible>
    <Depth>6</Depth>
    <BorderColor>0,0,0</BorderColor>
    <ForeColor>0,0,0</ForeColor>
    <BackColor>205,215,222</BackColor>
    <InputFormat>String</InputFormat>
  </Input>
  <Label>
    <Left>112</Left>
    <Top>141</Top>
    <Width>139</Width>
    <Height>31</Height>
    <Name>Lab_ErrRetryTitle</Name>
    <FontSize>12</FontSize>
    <Alignment>0</Alignment>
    <BorderStyle>0</BorderStyle>
    <Visible>True</Visible>
    <Depth>5</Depth>
    <BorderColor>0,0,0</BorderColor>
    <ForeColor>0,255,0</ForeColor>
    <BackColor>0,0,0</BackColor>
    <Caption>STR::Browser::RemoteConnSet::Caption::Lab_ErrRetryTitle::ErrorRetry</Caption>
  </Label>
  <Input>
    <Left>370</Left>
    <Top>139</Top>
    <Width>179</Width>
    <Height>31</Height>
    <Name>Inp_ErrRetry</Name>
    <FontSize>9</FontSize>
    <Alignment>2</Alignment>
    <BorderStyle>1</BorderStyle>
    <Visible>True</Visible>
    <Depth>4</Depth>
    <BorderColor>0,0,0</BorderColor>
    <ForeColor>0,0,0</ForeColor>
    <BackColor>205,215,222</BackColor>
    <InputFormat>String</InputFormat>
	<HintLabel>0~100</HintLabel>
  </Input>
  <Label>
    <Left>112</Left>
    <Top>186</Top>
    <Width>250</Width>
    <Height>31</Height>
    <Name>Lab_RetryWaitTitle</Name>
    <FontSize>12</FontSize>
    <Alignment>0</Alignment>
    <BorderStyle>0</BorderStyle>
    <Visible>True</Visible>
    <Depth>3</Depth>
    <BorderColor>0,0,0</BorderColor>
    <ForeColor>0,255,0</ForeColor>
    <BackColor>0,0,0</BackColor>
    <Caption>STR::Browser::RemoteConnSet::Caption::Lab_RetryWaitTitle::RetryGapTime</Caption>
  </Label>
  <Input>
    <Left>370</Left>
    <Top>186</Top>
    <Width>179</Width>
    <Height>31</Height>
    <Name>Inp_RetryWait</Name>
    <FontSize>9</FontSize>
    <Alignment>2</Alignment>
    <BorderStyle>1</BorderStyle>
    <Visible>True</Visible>
    <Depth>2</Depth>
    <BorderColor>0,0,0</BorderColor>
    <ForeColor>0,0,0</ForeColor>
    <BackColor>205,215,222</BackColor>
    <InputFormat>String</InputFormat>
	<HintLabel>0~100000</HintLabel>
  </Input>
  <Label>
    <Left>111</Left>
    <Top>230</Top>
    <Width>216</Width>
    <Height>31</Height>
    <Name>Lab_TimeOut</Name>
    <FontSize>12</FontSize>
    <Alignment>0</Alignment>
    <BorderStyle>0</BorderStyle>
    <Visible>True</Visible>
    <Depth>1</Depth>
    <BorderColor>0,0,0</BorderColor>
    <ForeColor>0,255,0</ForeColor>
    <BackColor>0,0,0</BackColor>
    <Caption>STR::Browser::RemoteConnSet::Caption::Lab_TimeOut::TimeOut</Caption>
  </Label>
  <Input>
    <Left>370</Left>
    <Top>230</Top>
    <Width>179</Width>
    <Height>31</Height>
    <Name>Inp_TimeOut</Name>
    <FontSize>9</FontSize>
    <Alignment>2</Alignment>
    <BorderStyle>1</BorderStyle>
    <Visible>True</Visible>
    <Depth>0</Depth>
    <BorderColor>0,0,0</BorderColor>
    <ForeColor>0,0,0</ForeColor>
    <BackColor>205,215,222</BackColor>
    <InputFormat>String</InputFormat>
	<HintLabel>0~100000,0=Disable Timeout</HintLabel>
  </Input>
</Screen>
