<?xml version="1.0" encoding="utf-8" ?>
<ResMap>
	<Message ID="MMI::NoParamGroup" Content="parameter group doesn't exist!" />
	<Message ID="SPLCAParam::1" Content="Start R Register for 1st axis" />
	<Message ID="SPLCAParam::2" Content="Start R Register for 2nd axis" />
	<Message ID="SPLCAParam::3" Content="Start R Register for 3rd axis" />
	<Message ID="SPLCAParam::4" Content="Start R Register for 4th axis" />
	<Message ID="SPLCAParam::5" Content="Start R Register for 5th axis" />
	<Message ID="SPLCAParam::6" Content="Start R Register for 6th axis" />
	<Message ID="SPLCAParam::7" Content="Start R Register for 7th axis" />
	<Message ID="SPLCAParam::8" Content="Start R Register for 8th axis" />
	<Message ID="SPLCAParam::9" Content="Start R Register for 9th axis" />
	<Message ID="SPLCAParam::10" Content="Start R Register for 10th axis" />
	<Message ID="SPLCAParam::11" Content="Start R Register for 11th axis" />
	<Message ID="SPLCAParam::12" Content="Start R Register for 12th axis" />
	<Message ID="SPLCAParam::13" Content="Start R Register for 13th axis" />
	<Message ID="SPLCAParam::14" Content="Start R Register for 14th axis" />
	<Message ID="SPLCAParam::15" Content="Start R Register for 15th axis" />
	<Message ID="SPLCAParam::16" Content="Start R Register for 16th axis" />
	<Message ID="SPLCAParam::21" Content="*Port no. for 1st axis" />
	<Message ID="SPLCAParam::22" Content="*Port no. for 2nd axis" />
	<Message ID="SPLCAParam::23" Content="*Port no. for 3rd axis" />
	<Message ID="SPLCAParam::24" Content="*Port no. for 4th axis" />
	<Message ID="SPLCAParam::25" Content="*Port no. for 5th axis" />
	<Message ID="SPLCAParam::26" Content="*Port no. for 6th axis" />
	<Message ID="SPLCAParam::27" Content="*Port no. for 7th axis" />
	<Message ID="SPLCAParam::28" Content="*Port no. for 8th axis" />
	<Message ID="SPLCAParam::29" Content="*Port no. for 9th axis" />
	<Message ID="SPLCAParam::30" Content="*Port no. for 10th axis" />
	<Message ID="SPLCAParam::31" Content="*Port no. for 11th axis" />
	<Message ID="SPLCAParam::32" Content="*Port no. for 12th axis" />
	<Message ID="SPLCAParam::33" Content="*Port no. for 13th axis" />
	<Message ID="SPLCAParam::34" Content="*Port no. for 14th axis" />
	<Message ID="SPLCAParam::35" Content="*Port no. for 15th axis" />
	<Message ID="SPLCAParam::36" Content="*Port no. for 16th axis" />
	<Message ID="SPLCAParam::61" Content="*1st axis encoder resolution(p/rev)" />
	<Message ID="SPLCAParam::62" Content="*2nd axis encoder resolution(p/rev)" />
	<Message ID="SPLCAParam::63" Content="*3rd axis encoder resolution(p/rev)" />
	<Message ID="SPLCAParam::64" Content="*4th axis encoder resolution(p/rev)" />
	<Message ID="SPLCAParam::65" Content="*5th axis encoder resolution(p/rev)" />
	<Message ID="SPLCAParam::66" Content="*6th axis encoder resolution(p/rev)" />
	<Message ID="SPLCAParam::67" Content="*7th axis encoder resolution(p/rev)" />
	<Message ID="SPLCAParam::68" Content="*8th axis encoder resolution(p/rev)" />
	<Message ID="SPLCAParam::69" Content="*9th axis encoder resolution(p/rev)" />
	<Message ID="SPLCAParam::70" Content="*10th axis encoder resolution(p/rev)" />
	<Message ID="SPLCAParam::71" Content="*11th axis encoder resolution(p/rev)" />
	<Message ID="SPLCAParam::72" Content="*12th axis encoder resolution(p/rev)" />
	<Message ID="SPLCAParam::73" Content="*13th axis encoder resolution(p/rev)" />
	<Message ID="SPLCAParam::74" Content="*14th axis encoder resolution(p/rev)" />
	<Message ID="SPLCAParam::75" Content="*15th axis encoder resolution(p/rev)" />
	<Message ID="SPLCAParam::76" Content="*16th axis encoder resolution(p/rev)" />
	<Message ID="SPLCAParam::121" Content="*1st axis gear number at screw side" />
	<Message ID="SPLCAParam::122" Content="*1st axis gear number at motor side" />
	<Message ID="SPLCAParam::123" Content="*2nd axis gear number at screw side" />
	<Message ID="SPLCAParam::124" Content="*2nd axis gear number at motor side" />
	<Message ID="SPLCAParam::125" Content="*3rd axis gear number at screw side" />
	<Message ID="SPLCAParam::126" Content="*3rd axis gear number at motor side" />
	<Message ID="SPLCAParam::127" Content="*4th axis gear number at screw side" />
	<Message ID="SPLCAParam::128" Content="*4th axis gear number at motor side" />
	<Message ID="SPLCAParam::129" Content="*5th axis gear number at screw side" />
	<Message ID="SPLCAParam::130" Content="*5th axis gear number at motor side" />
	<Message ID="SPLCAParam::131" Content="*6th axis gear number at screw side" />
	<Message ID="SPLCAParam::132" Content="*6th axis gear number at motor side" />
	<Message ID="SPLCAParam::133" Content="*7th axis gear number at screw side" />
	<Message ID="SPLCAParam::134" Content="*7th axis gear number at motor side" />
	<Message ID="SPLCAParam::135" Content="*8th axis gear number at screw side" />
	<Message ID="SPLCAParam::136" Content="*8th axis gear number at motor side" />
	<Message ID="SPLCAParam::137" Content="*9th axis gear number at screw side" />
	<Message ID="SPLCAParam::138" Content="*9th axis gear number at motor side" />
	<Message ID="SPLCAParam::139" Content="*10th axis gear number at screw side" />
	<Message ID="SPLCAParam::140" Content="*10th axis gear number at motor side" />
	<Message ID="SPLCAParam::141" Content="*11th axis gear number at screw side" />
	<Message ID="SPLCAParam::142" Content="*11th axis gear number at motor side" />
	<Message ID="SPLCAParam::143" Content="*12th axis gear number at screw side" />
	<Message ID="SPLCAParam::144" Content="*12th axis gear number at motor side" />
	<Message ID="SPLCAParam::145" Content="*13th axis gear number at screw side" />
	<Message ID="SPLCAParam::146" Content="*13th axis gear number at motor side" />
	<Message ID="SPLCAParam::147" Content="*14th axis gear number at screw side" />
	<Message ID="SPLCAParam::148" Content="*14th axis gear number at motor side" />
	<Message ID="SPLCAParam::149" Content="*15th axis gear number at screw side" />
	<Message ID="SPLCAParam::150" Content="*15th axis gear number at motor side" />
	<Message ID="SPLCAParam::151" Content="*16th axis gear number at screw side" />
	<Message ID="SPLCAParam::152" Content="*16th axis gear number at motor side" />
	<Message ID="SPLCAParam::161" Content="*1st axis pitch amount(um)" />
	<Message ID="SPLCAParam::162" Content="*2nd axis pitch amount(um)" />
	<Message ID="SPLCAParam::163" Content="*3rd axis pitch amount(um)" />
	<Message ID="SPLCAParam::164" Content="*4th axis pitch amount(um)" />
	<Message ID="SPLCAParam::165" Content="*5th axis pitch amount(um)" />
	<Message ID="SPLCAParam::166" Content="*6th axis pitch amount(um)" />
	<Message ID="SPLCAParam::167" Content="*7th axis pitch amount(um)" />
	<Message ID="SPLCAParam::168" Content="*8th axis pitch amount(um)" />
	<Message ID="SPLCAParam::169" Content="*9th axis pitch amount(um)" />
	<Message ID="SPLCAParam::170" Content="*10th axis pitch amount(um)" />
	<Message ID="SPLCAParam::171" Content="*11th axis pitch amount(um)" />
	<Message ID="SPLCAParam::172" Content="*12th axis pitch amount(um)" />
	<Message ID="SPLCAParam::173" Content="*13th axis pitch amount(um)" />
	<Message ID="SPLCAParam::174" Content="*14th axis pitch amount(um)" />
	<Message ID="SPLCAParam::175" Content="*15th axis pitch amount(um)" />
	<Message ID="SPLCAParam::176" Content="*16th axis pitch amount(um)" />
	<Message ID="SPLCAParam::221" Content="1st Axis Type(0:Linear;1:Rotation)" />
	<Message ID="SPLCAParam::222" Content="2nd Axis Type(0:Linear;1:Rotation)" />
	<Message ID="SPLCAParam::223" Content="3rd Axis Type(0:Linear;1:Rotation)" />
	<Message ID="SPLCAParam::224" Content="4th Axis Type(0:Linear;1:Rotation)" />
	<Message ID="SPLCAParam::225" Content="5th Axis Type(0:Linear;1:Rotation)" />
	<Message ID="SPLCAParam::226" Content="6th Axis Type(0:Linear;1:Rotation)" />
	<Message ID="SPLCAParam::227" Content="7th Axis Type(0:Linear;1:Rotation)" />
	<Message ID="SPLCAParam::228" Content="8th Axis Type(0:Linear;1:Rotation)" />
	<Message ID="SPLCAParam::229" Content="9th Axis Type(0:Linear;1:Rotation)" />
	<Message ID="SPLCAParam::230" Content="10th Axis Type(0:Linear;1:Rotation)" />
	<Message ID="SPLCAParam::231" Content="11th Axis Type(0:Linear;1:Rotation)" />
	<Message ID="SPLCAParam::232" Content="12th 頠睪xis Type(0:Linear;1:Rotation)" />
	<Message ID="SPLCAParam::233" Content="13th Axis Type(0:Linear;1:Rotation)" />
	<Message ID="SPLCAParam::234" Content="14th Axis Type(0:Linear;1:Rotation)" />
	<Message ID="SPLCAParam::235" Content="15th Axis Type(0:Linear;1:Rotation)" />
	<Message ID="SPLCAParam::236" Content="16th Axis Type(0:Linear;1:Rotation)" />
	<Message ID="SPLCAParam::401" Content="Start bit R Register for 1st axis" />
	<Message ID="SPLCAParam::402" Content="Start bit R Register for 2nd axis" />
	<Message ID="SPLCAParam::403" Content="Start bit R Register for 3rd axis" />
	<Message ID="SPLCAParam::404" Content="Start bit R Register for 4th axis" />
	<Message ID="SPLCAParam::405" Content="Start bit R Register for 5th axis" />
	<Message ID="SPLCAParam::406" Content="Start bit R Register for 6th axis" />
	<Message ID="SPLCAParam::407" Content="Start bit R Register for 7th axis" />
	<Message ID="SPLCAParam::408" Content="Start bit R Register for 8th axis" />
	<Message ID="SPLCAParam::409" Content="Start bit R Register for 9th axis" />
	<Message ID="SPLCAParam::410" Content="Start bit R Register for 10th axis" />
	<Message ID="SPLCAParam::411" Content="Start bit R Register for 11th axis" />
	<Message ID="SPLCAParam::412" Content="Start bit R Register for 12th axis" />
	<Message ID="SPLCAParam::413" Content="Start bit R Register for 13th axis" />
	<Message ID="SPLCAParam::414" Content="Start bit R Register for 14th axis" />
	<Message ID="SPLCAParam::415" Content="Start bit R Register for 15th axis" />
	<Message ID="SPLCAParam::416" Content="Start bit R Register for 16th axis" />
	<Message ID="SPLCAParam::461" Content="1st axis max. feedrate(mm/min)" />
	<Message ID="SPLCAParam::462" Content="2nd axis max. feedrate(mm/min)" />
	<Message ID="SPLCAParam::463" Content="3rd axis max. feedrate(mm/min)" />
	<Message ID="SPLCAParam::464" Content="4th axis max. feedrate(mm/min)" />
	<Message ID="SPLCAParam::465" Content="5th axis max. feedrate(mm/min)" />
	<Message ID="SPLCAParam::466" Content="6th axis max. feedrate(mm/min)" />
	<Message ID="SPLCAParam::467" Content="7th axis max. feedrate(mm/min)" />
	<Message ID="SPLCAParam::468" Content="8th axis max. feedrate(mm/min)" />
	<Message ID="SPLCAParam::469" Content="9th axis max. feedrate(mm/min)" />
	<Message ID="SPLCAParam::470" Content="10th axis max. feedrate(mm/min)" />
	<Message ID="SPLCAParam::471" Content="11th axis max. feedrate(mm/min)" />
	<Message ID="SPLCAParam::472" Content="12th axis max. feedrate(mm/min)" />
	<Message ID="SPLCAParam::473" Content="13th axis max. feedrate(mm/min)" />
	<Message ID="SPLCAParam::474" Content="14th axis max. feedrate(mm/min)" />
	<Message ID="SPLCAParam::475" Content="15th axis max. feedrate(mm/min)" />
	<Message ID="SPLCAParam::476" Content="16th axis max. feedrate(mm/min)" />
	<Message ID="SPLCAParam::481" Content="1st axis in-pos. window(um)" />
	<Message ID="SPLCAParam::482" Content="2nd axis in-pos. window(um)" />
	<Message ID="SPLCAParam::483" Content="3rd axis in-pos. window(um)" />
	<Message ID="SPLCAParam::484" Content="4th axis in-pos. window(um)" />
	<Message ID="SPLCAParam::485" Content="5th axis in-pos. window(um)" />
	<Message ID="SPLCAParam::486" Content="6th axis in-pos. window(um)" />
	<Message ID="SPLCAParam::487" Content="7th axis in-pos. window(um)" />
	<Message ID="SPLCAParam::488" Content="8th axis in-pos. window(um)" />
	<Message ID="SPLCAParam::489" Content="9th axis in-pos. window(um)" />
	<Message ID="SPLCAParam::490" Content="10th axis in-pos. window(um)" />
	<Message ID="SPLCAParam::491" Content="11th axis in-pos. window(um)" />
	<Message ID="SPLCAParam::492" Content="12th axis in-pos. window(um)" />
	<Message ID="SPLCAParam::493" Content="13th axis in-pos. window(um)" />
	<Message ID="SPLCAParam::494" Content="14th axis in-pos. window(um)" />
	<Message ID="SPLCAParam::495" Content="15th axis in-pos. window(um)" />
	<Message ID="SPLCAParam::496" Content="16th axis in-pos. window(um)" />
	<Message ID="SPLCAParam::821" Content="1st axis homing feedrate(mm/min)" />
	<Message ID="SPLCAParam::822" Content="2nd axis homing feedrate(mm/min)" />
	<Message ID="SPLCAParam::823" Content="3rd axis homing feedrate(mm/min)" />
	<Message ID="SPLCAParam::824" Content="4th axis homing feedrate(mm/min)" />
	<Message ID="SPLCAParam::825" Content="5th axis homing feedrate(mm/min)" />
	<Message ID="SPLCAParam::826" Content="6th axis homing feedrate(mm/min)" />
	<Message ID="SPLCAParam::827" Content="7th axis homing feedrate(mm/min)" />
	<Message ID="SPLCAParam::828" Content="8th axis homing feedrate(mm/min)" />
	<Message ID="SPLCAParam::829" Content="9th axis homing feedrate(mm/min)" />
	<Message ID="SPLCAParam::830" Content="10th axis homing feedrate(mm/min)" />
	<Message ID="SPLCAParam::831" Content="11th axis homing feedrate(mm/min)" />
	<Message ID="SPLCAParam::832" Content="12th axis homing feedrate(mm/min)" />
	<Message ID="SPLCAParam::833" Content="13th axis homing feedrate(mm/min)" />
	<Message ID="SPLCAParam::834" Content="14th axis homing feedrate(mm/min)" />
	<Message ID="SPLCAParam::835" Content="15th axis homing feedrate(mm/min)" />
	<Message ID="SPLCAParam::836" Content="16th axis homing feedrate(mm/min)" />
	<Message ID="SPLCAParam::841" Content="1st axis homing 2nd travel feedrate(mm/min)" />
	<Message ID="SPLCAParam::842" Content="2nd axis homing 2nd travel feedrate(mm/min)" />
	<Message ID="SPLCAParam::843" Content="3rd axis homing 2nd travel feedrate(mm/min)" />
	<Message ID="SPLCAParam::844" Content="4th axis homing 2nd travel feedrate(mm/min)" />
	<Message ID="SPLCAParam::845" Content="5th axis homing 2nd travel feedrate(mm/min)" />
	<Message ID="SPLCAParam::846" Content="6th axis homing 2nd travel feedrate(mm/min)" />
	<Message ID="SPLCAParam::847" Content="7th axis homing 2nd travel feedrate(mm/min)" />
	<Message ID="SPLCAParam::848" Content="8th axis homing 2nd travel feedrate(mm/min)" />
	<Message ID="SPLCAParam::849" Content="9th axis homing 2nd travel feedrate(mm/min)" />
	<Message ID="SPLCAParam::850" Content="10th axis homing 2nd travel feedrate(mm/min)" />
	<Message ID="SPLCAParam::851" Content="11th axis homing 2nd travel feedrate(mm/min)" />
	<Message ID="SPLCAParam::852" Content="12th axis homing 2nd travel feedrate(mm/min)" />
	<Message ID="SPLCAParam::853" Content="13th axis homing 2nd travel feedrate(mm/min)" />
	<Message ID="SPLCAParam::854" Content="14th axis homing 2nd travel feedrate(mm/min)" />
	<Message ID="SPLCAParam::855" Content="15th axis homing 2nd travel feedrate(mm/min)" />
	<Message ID="SPLCAParam::856" Content="16th axis homing 2nd travel feedrate(mm/min)" />
	<Message ID="SPLCAParam::861" Content="1st axis homing direction(0:pos;1:neg)" />
	<Message ID="SPLCAParam::862" Content="2nd axis homing direction(0:pos;1:neg)" />
	<Message ID="SPLCAParam::863" Content="3rd axis homing direction(0:pos;1:neg)" />
	<Message ID="SPLCAParam::864" Content="4th axis homing direction(0:pos;1:neg)" />
	<Message ID="SPLCAParam::865" Content="5th axis homing direction(0:pos;1:neg)" />
	<Message ID="SPLCAParam::866" Content="6th axis homing direction(0:pos;1:neg)" />
	<Message ID="SPLCAParam::867" Content="7th axis homing direction(0:pos;1:neg)" />
	<Message ID="SPLCAParam::868" Content="8th axis homing direction(0:pos;1:neg)" />
	<Message ID="SPLCAParam::869" Content="9th axis homing direction(0:pos;1:neg)" />
	<Message ID="SPLCAParam::870" Content="10th axis homing direction(0:pos;1:neg)" />
	<Message ID="SPLCAParam::871" Content="11th axis homing direction(0:pos;1:neg)" />
	<Message ID="SPLCAParam::872" Content="12th axis homing direction(0:pos;1:neg)" />
	<Message ID="SPLCAParam::873" Content="13th axis homing direction(0:pos;1:neg)" />
	<Message ID="SPLCAParam::874" Content="14th axis homing direction(0:pos;1:neg)" />
	<Message ID="SPLCAParam::875" Content="15th axis homing direction(0:pos;1:neg)" />
	<Message ID="SPLCAParam::876" Content="16th axis homing direction(0:pos;1:neg)" />
	<Message ID="SPLCAParam::881" Content="1st axis home offset(um)" />
	<Message ID="SPLCAParam::882" Content="2nd axis home offset(um)" />
	<Message ID="SPLCAParam::883" Content="3rd axis home offset(um)" />
	<Message ID="SPLCAParam::884" Content="4th axis home offset(um)" />
	<Message ID="SPLCAParam::885" Content="5th axis home offset(um)" />
	<Message ID="SPLCAParam::886" Content="6th axis home offset(um)" />
	<Message ID="SPLCAParam::887" Content="7th axis home offset(um)" />
	<Message ID="SPLCAParam::888" Content="8th axis home offset(um)" />
	<Message ID="SPLCAParam::889" Content="9th axis home offset(um)" />
	<Message ID="SPLCAParam::890" Content="10th axis home offset(um)" />
	<Message ID="SPLCAParam::891" Content="11th axis home offset(um)" />
	<Message ID="SPLCAParam::892" Content="12th axis home offset(um)" />
	<Message ID="SPLCAParam::893" Content="13th axis home offset(um)" />
	<Message ID="SPLCAParam::894" Content="14th axis home offset(um)" />
	<Message ID="SPLCAParam::895" Content="15th axis home offset(um)" />
	<Message ID="SPLCAParam::896" Content="16th axis home offset(um)" />
	<Message ID="SPLCAParam::961" Content="1st axis home serach method(0:Dog;1:Index;2:Dog+Preset;3:DogWithoutIndex)" />
	<Message ID="SPLCAParam::962" Content="2nd axis home serach method(0:Dog;1:Index;2:Dog+Preset;3:DogWithoutIndex)" />
	<Message ID="SPLCAParam::963" Content="3rd axis home serach method(0:Dog;1:Index;2:Dog+Preset;3:DogWithoutIndex)" />
	<Message ID="SPLCAParam::964" Content="4th axis home serach method(0:Dog;1:Index;2:Dog+Preset;3:DogWithoutIndex)" />
	<Message ID="SPLCAParam::965" Content="5th axis home serach method(0:Dog;1:Index;2:Dog+Preset;3:DogWithoutIndex)" />
	<Message ID="SPLCAParam::966" Content="6th axis home serach method(0:Dog;1:Index;2:Dog+Preset;3:DogWithoutIndex)" />
	<Message ID="SPLCAParam::967" Content="7th axis home serach method(0:Dog;1:Index;2:Dog+Preset;3:DogWithoutIndex)" />
	<Message ID="SPLCAParam::968" Content="8th axis home serach method(0:Dog;1:Index;2:Dog+Preset;3:DogWithoutIndex)" />
	<Message ID="SPLCAParam::969" Content="9th axis home serach method(0:Dog;1:Index;2:Dog+Preset;3:DogWithoutIndex)" />
	<Message ID="SPLCAParam::970" Content="10th axis home serach method(0:Dog;1:Index;2:Dog+Preset;3:DogWithoutIndex)" />
	<Message ID="SPLCAParam::971" Content="11th axis home serach method(0:Dog;1:Index;2:Dog+Preset;3:DogWithoutIndex)" />
	<Message ID="SPLCAParam::972" Content="12th axis home serach method(0:Dog;1:Index;2:Dog+Preset;3:DogWithoutIndex)" />
	<Message ID="SPLCAParam::973" Content="13th axis home serach method(0:Dog;1:Index;2:Dog+Preset;3:DogWithoutIndex)" />
	<Message ID="SPLCAParam::974" Content="14th axis home serach method(0:Dog;1:Index;2:Dog+Preset;3:DogWithoutIndex)" />
	<Message ID="SPLCAParam::975" Content="15th axis home serach method(0:Dog;1:Index;2:Dog+Preset;3:DogWithoutIndex)" />
	<Message ID="SPLCAParam::976" Content="16th axis home serach method(0:Dog;1:Index;2:Dog+Preset;3:DogWithoutIndex)" />
	<Message ID="SPLCAParam::2401" Content="1st axis pos. coordinate of stroke limit 1(um)" />
	<Message ID="SPLCAParam::2402" Content="1st axis neg. coordinate of stroke limit 1(um)" />
	<Message ID="SPLCAParam::2403" Content="2nd axis pos. coordinate of stroke limit 1(um)" />
	<Message ID="SPLCAParam::2404" Content="2nd axis neg. coordinate of stroke limit 1(um)" />
	<Message ID="SPLCAParam::2405" Content="3rd axis pos. coordinate of stroke limit 1(um)" />
	<Message ID="SPLCAParam::2406" Content="3rd axis neg. coordinate of stroke limit 1(um)" />
	<Message ID="SPLCAParam::2407" Content="4th axis pos. coordinate of stroke limit 1(um)" />
	<Message ID="SPLCAParam::2408" Content="4th axis neg. coordinate of stroke limit 1(um)" />
	<Message ID="SPLCAParam::2409" Content="5th axis pos. coordinate of stroke limit 1(um)" />
	<Message ID="SPLCAParam::2410" Content="5th axis neg. coordinate of stroke limit 1(um)" />
	<Message ID="SPLCAParam::2411" Content="6th axis pos. coordinate of stroke limit 1(um)" />
	<Message ID="SPLCAParam::2412" Content="6th axis neg. coordinate of stroke limit 1(um)" />
	<Message ID="SPLCAParam::2413" Content="7th axis pos. coordinate of stroke limit 1(um)" />
	<Message ID="SPLCAParam::2414" Content="7th axis neg. coordinate of stroke limit 1(um)" />
	<Message ID="SPLCAParam::2415" Content="8th axis pos. coordinate of stroke limit 1(um)" />
	<Message ID="SPLCAParam::2416" Content="8th axis neg. coordinate of stroke limit 1(um)" />
	<Message ID="SPLCAParam::2417" Content="9th axis pos. coordinate of stroke limit 1(um)" />
	<Message ID="SPLCAParam::2418" Content="9th axis neg. coordinate of stroke limit 1(um)" />
	<Message ID="SPLCAParam::2419" Content="10th axis pos. coordinate of stroke limit 1(um)" />
	<Message ID="SPLCAParam::2420" Content="10th axis neg. coordinate of stroke limit 1(um)" />
	<Message ID="SPLCAParam::2421" Content="11th axis pos. coordinate of stroke limit 1(um)" />
	<Message ID="SPLCAParam::2422" Content="11th axis neg. coordinate of stroke limit 1(um)" />
	<Message ID="SPLCAParam::2423" Content="12th axis pos. coordinate of stroke limit 1(um)" />
	<Message ID="SPLCAParam::2424" Content="12th axis neg. coordinate of stroke limit 1(um)" />
	<Message ID="SPLCAParam::2425" Content="13th axis pos. coordinate of stroke limit 1(um)" />
	<Message ID="SPLCAParam::2426" Content="13th axis neg. coordinate of stroke limit 1(um)" />
	<Message ID="SPLCAParam::2427" Content="14th axis pos. coordinate of stroke limit 1(um)" />
	<Message ID="SPLCAParam::2428" Content="14th axis neg. coordinate of stroke limit 1(um)" />
	<Message ID="SPLCAParam::2429" Content="15th axis pos. coordinate of stroke limit 1(um)" />
	<Message ID="SPLCAParam::2430" Content="15th axis neg. coordinate of stroke limit 1(um)" />
	<Message ID="SPLCAParam::2431" Content="16th axis pos. coordinate of stroke limit 1(um)" />
	<Message ID="SPLCAParam::2432" Content="16th axis neg. coordinate of stroke limit 1(um)" />
</ResMap>
