﻿<?xml version="1.0" encoding="UTF-8"?>
<!--Created by 'eHMI'version2.2.16-->
<!--BROWSER SIZE|H:600|W:800-->
<Screen>
	<Name>AuthoSetting</Name>
	<Label>
		<Left>12</Left>
		<Top>15</Top>
		<Height>25</Height>
		<Width>248</Width>
		<Name>Lab_Title</Name>
		<FontSize>12</FontSize>
		<Alignment>0</Alignment>
		<BorderStyle>0</BorderStyle>
		<Depth>1</Depth>
		<ForeColor>51,51,51</ForeColor>
		<BackColor>192,192,192</BackColor>
	</Label>
	<Label>
		<Left>50</Left>
		<Top>15</Top>
		<Height>25</Height>
		<Width>40</Width>
		<Name>Lab_Name</Name>
		<FontSize>12</FontSize>
		<Alignment>0</Alignment>
		<BorderStyle>0</BorderStyle>
		<Depth>45</Depth>
		<ForeColor>51,51,51</ForeColor>
		<BackColor>192,192,192</BackColor>
		<Caption>STR::Autho::Lab_Name</Caption>
	</Label>
	<Input>
		<Left>100</Left>
		<Top>15</Top>
		<Height>26</Height>
		<Width>140</Width>
		<Name>Inp_UserName</Name>
		<BorderStyle>1</BorderStyle>
		<Depth>44</Depth>
		<FontSize>12</FontSize>
		<ForeColor>0,255,0</ForeColor>
		<BackColor>70,70,70</BackColor>
		<InputFormat>String</InputFormat>
		<EmptyVal>ignor</EmptyVal>
	</Input>
	<Label>
		<Left>280</Left>
		<Top>15</Top>
		<Height>25</Height>
		<Width>40</Width>
		<Name>Lab_Password</Name>
		<FontSize>12</FontSize>
		<Alignment>0</Alignment>
		<BorderStyle>0</BorderStyle>
		<Depth>43</Depth>
		<ForeColor>51,51,51</ForeColor>
		<BackColor>192,192,192</BackColor>
		<Caption>STR::Autho::Lab_Password</Caption>
	</Label>
	<Input>
		<Left>330</Left>
		<Top>15</Top>
		<Height>26</Height>
		<Width>140</Width>
		<Name>Inp_UserPassword</Name>
		<BorderStyle>1</BorderStyle>
		<Depth>42</Depth>
		<FontSize>12</FontSize>
		<ForeColor>0,255,0</ForeColor>
		<BackColor>70,70,70</BackColor>
		<EmptyVal>ignor</EmptyVal>
	</Input>
	<Grid Name="AuthoGrid" Height="34" Repeat="12">
		<Label>
			<Name>Lab_ItemNo</Name>
			<Caption></Caption>
			<Left>10</Left>
			<Top>50</Top>
			<Width>28</Width>
			<Height>34</Height>
			<Alignment>0</Alignment>
			<FontSize>12</FontSize>
			<BorderStyle>1</BorderStyle>
			<BorderColor>0,0,0</BorderColor>
			<ForeColor>0,255,0</ForeColor>
			<BackColor>50,50,50</BackColor>
		</Label>
		<Label>
			<Name>Lab_ItemTitle</Name>
			<Caption></Caption>
			<Left>40</Left>
			<Top>50</Top>
			<Width>528</Width>
			<Height>34</Height>
			<Alignment>0</Alignment>
			<FontSize>12</FontSize>
			<BorderStyle>1</BorderStyle>
			<BorderColor>0,0,0</BorderColor>
			<ForeColor>255,255,0</ForeColor>
			<BackColor>50,50,50</BackColor>
		</Label>
		<Input>
			<Name>Inp_ItemValue</Name>
			<Left>570</Left>
			<Top>50</Top>
			<Width>100</Width>
			<Height>34</Height>
			<Alignment>2</Alignment>
			<FontSize>12</FontSize>
			<BorderStyle>1</BorderStyle>
			<BorderColor>128,128,128</BorderColor>
			<ForeColor>255,255,255</ForeColor>
			<BackColor>20,20,255</BackColor>
			<InputFormat>String</InputFormat>
			<Wrap>True</Wrap>
		</Input>
	</Grid>
	<Label>
		<Left>580</Left>
		<Top>15</Top>
		<Height>25</Height>
		<Width>35</Width>
		<Name>Lab_Page</Name>
		<BorderStyle>0</BorderStyle>
		<Visible>true</Visible>
		<Depth>1</Depth>
		<FontSize>12</FontSize>
		<ForeColor>51,51,51</ForeColor>
		<BackColor>192,192,192</BackColor>
		<Caption>STR::Autho::Lab_Page</Caption>
	</Label>
	<Label>
		<Left>620</Left>
		<Top>15</Top>
		<Height>25</Height>
		<Width>10</Width>
		<Name>lbl_PageIndex</Name>
		<Visible>true</Visible>
		<BorderStyle>0</BorderStyle>
		<Depth>0</Depth>
		<FontSize>12</FontSize>
		<ForeColor>51,51,51</ForeColor>
		<BackColor>192,192,192</BackColor>
		<Caption>1</Caption>
		<Wrap>True</Wrap>
	</Label>
	<Label>
		<Left>630</Left>
		<Top>15</Top>
		<Height>25</Height>
		<Width>10</Width>
		<Name>lbl_PageDivision</Name>
		<Visible>true</Visible>
		<BorderStyle>0</BorderStyle>
		<Depth>0</Depth>
		<FontSize>12</FontSize>
		<ForeColor>51,51,51</ForeColor>
		<BackColor>192,192,192</BackColor>
		<Caption>/</Caption>
	</Label>
	<Label>
		<Left>640</Left>
		<Top>15</Top>
		<Height>25</Height>
		<Width>10</Width>
		<Name>lbl_TotalPages</Name>
		<Visible>true</Visible>
		<BorderStyle>0</BorderStyle>
		<Depth>0</Depth>
		<FontSize>12</FontSize>
		<ForeColor>51,51,51</ForeColor>
		<BackColor>192,192,192</BackColor>
		<Caption>1</Caption>
		<Wrap>True</Wrap>
	</Label>
</Screen>