﻿<?xml version="1.0" encoding="UTF-8"?>
<!--Created by 'eHMI'version2.2.24-->
<!--BROWSER SIZE|H:470|W:800-->
<Screen>
  <Name>AdjustApplication</Name>
  <Panel>
    <Left>0</Left>
    <Top>0</Top>
    <Width>800</Width>
    <Height>470</Height>
    <Name>Pan_Bak</Name>
    <BackColor>0,0,0</BackColor>
    <Caption>
    </Caption>
  </Panel>
  <Label>
    <Left>10</Left>
    <Top>12</Top>
    <Height>50</Height>
    <Width>240</Width>
    <Name>Lab_MenuTitle1</Name>
    <FontSize>14</FontSize>
    <Alignment>0</Alignment>
    <ForeColor>0,255,0</ForeColor>
    <BackColor>0,0,0</BackColor>
    <Caption>STR::MMI::AdjustTuningApplication::AutoTuning</Caption>
  </Label>
  <Label>
    <Left>250</Left>
    <Top>12</Top>
    <Height>50</Height>
    <Width>240</Width>
    <Name>Lab_MenuTitle2</Name>
    <FontSize>14</FontSize>
    <Alignment>0</Alignment>
    <ForeColor>0,255,0</ForeColor>
    <BackColor>0,0,0</BackColor>
    <Caption>STR::MMI::AdjustTuningApplication::SpindleAdjustApplication</Caption>
  </Label>
  <Label>
    <Left>500</Left>
    <Top>12</Top>
    <Height>50</Height>
    <Width>240</Width>
    <Name>Lab_MenuTitle3</Name>
    <FontSize>14</FontSize>
    <Alignment>0</Alignment>
    <ForeColor>0,255,0</ForeColor>
    <BackColor>0,0,0</BackColor>
    <Caption>STR::MMI::AdjustTuningApplication::Ballbar</Caption>
  </Label>
  <Label>
    <Left>250</Left>
    <Top>70</Top>
    <Height>30</Height>
    <Width>280</Width>
    <Name>Lab_F1</Name>
    <FontSize>12</FontSize>
    <Alignment>0</Alignment>
    <ForeColor>0,255,0</ForeColor>
    <BackColor>0,0,0</BackColor>
    <Caption>STR::MMI::AdjustTuningApplication::SpindleAccDeceleration</Caption>
  </Label>
  <Label>
    <Left>250</Left>
    <Top>100</Top>
    <Height>30</Height>
    <Width>240</Width>
    <Name>Lab_F2</Name>
    <FontSize>12</FontSize>
    <Alignment>0</Alignment>
    <ForeColor>0,255,0</ForeColor>
    <BackColor>0,0,0</BackColor>
    <Caption>STR::MMI::AdjustTuningApplication::Positioning</Caption>
  </Label>
  <Label>
    <Left>250</Left>
    <Top>130</Top>
    <Height>30</Height>
    <Width>240</Width>
    <Name>Lab_F3</Name>
    <FontSize>12</FontSize>
    <Alignment>0</Alignment>
    <ForeColor>0,255,0</ForeColor>
    <BackColor>0,0,0</BackColor>
    <Caption>STR::MMI::AdjustTuningApplication::Tapping</Caption>
  </Label>
</Screen>
