﻿<?xml version="1.0" encoding="UTF-8"?>
<!--Created by 'eHMI'version2.2.6-->
<ResMap>
  <Message ID="Browser::SysParam_Axes::Caption::1301" Content="Pitch err. comp. type (0:Off, 1:Uni, 2:Bi)" />
  <Message ID="Browser::SysParam_Axes::Caption::1321" Content="Pitch err. comp. interval (BLU)" />
  <Message ID="Browser::SysParam_Axes::Caption::1341" Content="Table index for reference(Home)" />
  <Message ID="Browser::SysParam_Axes::Caption::1221" Content="Backlash comp. type (0:Off, 1:Linear guildway, 2:Box guildway)" />
  <Message ID="Browser::SysParam_Axes::Caption::1241" Content="G00 backlash comp.(BLU)" />
  <Message ID="Browser::SysParam_Axes::Caption::1261" Content="G01 backlash comp.(BLU)" />
  <Message ID="Browser::SysParam_Axes::Caption::1281" Content="Backlash critical velocity (mm/min)" />
  <Message ID="Browser::SysParam_Axes::Caption::1401" Content="Mechanical comp. time constant (ms)" />
  <Message ID="Browser::SysParam_Axes::Caption::1361" Content="Positive quad-peak err. comp.(BLU)" />
  <Message ID="Browser::SysParam_Axes::Caption::1441" Content="Negative quad-peak err. comp.(BLU)" />
  <Message ID="Browser::SysParam_Axes::Caption::1461" Content="quad-peak err. 1st hold time constant (ms)" />
  <Message ID="Browser::SysParam_Axes::Caption::1381" Content="quad-peak err. 2nd hold time constant (ms)" />
  
  <Message ID="Browser::SysParam_PitchError::Caption::Location" Content="loca." />
  <Message ID="Browser::SysParam_PitchError::Caption::Positive" Content="pos." />
  <Message ID="Browser::SysParam_PitchError::Caption::Negative" Content="neg." />
</ResMap>