<?xml version="1.0" encoding="utf-8" ?>
<ResMap>
	<Message ID="AlarmMsg::SERIALPLCAXIS::ID=1" Content="串列PLC軸 驅動器局號設定 與系統軸重複。"/>
	<Message ID="AlarmMsg::SERIALPLCAXIS::ID=2" Content="起始 R 暫存器位於系統保護區內或設置非可bitR值，請重新指定。"/>
	<Message ID="AlarmMsg::SERIALPLCAXIS::ID=3" Content="串列PLC軸定位加減速設定錯誤，請重新指定。"/>
	<Message ID="AlarmMsg::SERIALPLCAXIS::ID=4" Content="串列PLC軸位置檢查視窗設定錯誤，請重新指定。"/>
	<Message ID="AlarmMsg::SERIALPLCAXIS::ID=5" Content="串列PLC軸第一段尋原點速度設定錯誤，請重新指定。"/>
	<Message ID="AlarmMsg::SERIALPLCAXIS::ID=6" Content="串列PLC軸第二段尋原點速度設定錯誤，請重新指定。"/>
	<Message ID="AlarmMsg::SERIALPLCAXIS::ID=7" Content="串列PLC軸尋原點偏移量設定錯誤，請重新指定。"/>
	<Message ID="AlarmMsg::SERIALPLCAXIS::ID=8" Content="絕對式電機無法使用尋原點功能。"/>
	<Message ID="AlarmMsg::SERIALPLCAXIS::ID=9" Content="絕對式電機第一次需要重新設定原點。"/>
	<Message ID="AlarmMsg::SERIALPLCAXIS::ID=10" Content="重要性參數被修改，請斷電重開，並重新設定原點。"/>
	<Message ID="AlarmMsg::SERIALPLCAXIS::ID=11" Content="軸向或主軸的端口號碼設定錯誤。"/>
	<Message ID="AlarmMsg::SERIALPLCAXIS::ID=12" Content="串列PLC軸向目標超過正軟體行程極限。"/>
	<Message ID="AlarmMsg::SERIALPLCAXIS::ID=13" Content="串列PLC軸向目標超過負軟體行程極限。"/>
</ResMap>
