﻿<?xml version="1.0" encoding="utf-8" ?>
<ResMap>
	<!-- ============Warning Message for param. sync. ============= -->
	<Message ID="MMI::ParamSync::SYNTEC::Save" Content="Servo Drive Param. has been Synchronized.
	Please Save Param. under Not Ready Status." />
	
	<!-- ================ SYNTEC Parameter ===================== -->
	<Message ID="MMI::DriverParameter::SYNTEC::P0" Content="Communication" />
	<Message ID="MMI::DriverParameter::SYNTEC::P0-00" Content="*Host Interface" />
	<Message ID="MMI::DriverParameter::SYNTEC::P0-01" Content="*Driver Station Number" />
	<Message ID="MMI::DriverParameter::SYNTEC::P0-02" Content="*UART Baudrate" />
	<Message ID="MMI::DriverParameter::SYNTEC::P0-03" Content="*UART Protocol" />
	<Message ID="MMI::DriverParameter::SYNTEC::P0-04" Content="P0-04" />
	<Message ID="MMI::DriverParameter::SYNTEC::P0-05" Content="P0-05" />
	<Message ID="MMI::DriverParameter::SYNTEC::P0-06" Content="P0-06" />
	<Message ID="MMI::DriverParameter::SYNTEC::P0-07" Content="P0-07" />
	<Message ID="MMI::DriverParameter::SYNTEC::P0-08" Content="P0-08" />
	<Message ID="MMI::DriverParameter::SYNTEC::P0-09" Content="P0-09" />
	<Message ID="MMI::DriverParameter::SYNTEC::P1" Content="I/O" />
	<Message ID="MMI::DriverParameter::SYNTEC::P1-00" Content="Control Mode" />
	<Message ID="MMI::DriverParameter::SYNTEC::P1-01" Content="Velocity Control Mode" />
	<Message ID="MMI::DriverParameter::SYNTEC::P1-02" Content="P1-02" />
	<Message ID="MMI::DriverParameter::SYNTEC::P1-03" Content="P1-03" />
	<Message ID="MMI::DriverParameter::SYNTEC::P1-04" Content="P1-04" />
	<Message ID="MMI::DriverParameter::SYNTEC::P1-05" Content="P1-05" />
	<Message ID="MMI::DriverParameter::SYNTEC::P1-06" Content="P1-06" />
	<Message ID="MMI::DriverParameter::SYNTEC::P1-07" Content="P1-07" />
	<Message ID="MMI::DriverParameter::SYNTEC::P1-08" Content="P1-08" />
	<Message ID="MMI::DriverParameter::SYNTEC::P1-09" Content="P1-09" />
	<Message ID="MMI::DriverParameter::SYNTEC::P1-20" Content="External Regenerator Resistance Value" />
	<Message ID="MMI::DriverParameter::SYNTEC::P1-21" Content="External Regenerator Resistance Power" />
	<Message ID="MMI::DriverParameter::SYNTEC::P1-22" Content="P1-22" />
	<Message ID="MMI::DriverParameter::SYNTEC::P1-23" Content="P1-23" />
	<Message ID="MMI::DriverParameter::SYNTEC::P1-24" Content="P1-24" />
	<Message ID="MMI::DriverParameter::SYNTEC::P1-25" Content="P1-25" />
	<Message ID="MMI::DriverParameter::SYNTEC::P1-26" Content="P1-26" />
	<Message ID="MMI::DriverParameter::SYNTEC::P1-27" Content="P1-27" />
	<Message ID="MMI::DriverParameter::SYNTEC::P1-28" Content="P1-28" />
	<Message ID="MMI::DriverParameter::SYNTEC::P1-29" Content="P1-29" />
	<Message ID="MMI::DriverParameter::SYNTEC::P1-30" Content="Enable KTY84 Thermal Protection" />
	<Message ID="MMI::DriverParameter::SYNTEC::P1-31" Content="KTY84 Thermal Protection Level" />
	<Message ID="MMI::DriverParameter::SYNTEC::P1-32" Content="1st Internal KTY84 Protection Level" />
	<Message ID="MMI::DriverParameter::SYNTEC::P1-33" Content="1st External(1) KTY84 Protection Level" />
	<Message ID="MMI::DriverParameter::SYNTEC::P1-34" Content="1st External(2) KTY84 Protection Level" />
	<Message ID="MMI::DriverParameter::SYNTEC::P1-35" Content="P1-35" />
	<Message ID="MMI::DriverParameter::SYNTEC::P1-36" Content="2nd Internal KTY84 Protection Level" />
	<Message ID="MMI::DriverParameter::SYNTEC::P1-37" Content="2nd External(1) KTY84 Protection Level" />
	<Message ID="MMI::DriverParameter::SYNTEC::P1-38" Content="2nd External(2) KTY84 Protection Level" />
	<Message ID="MMI::DriverParameter::SYNTEC::P1-39" Content="P1-39" />
	<Message ID="MMI::DriverParameter::SYNTEC::P1-40" Content="I0 Function" />
	<Message ID="MMI::DriverParameter::SYNTEC::P1-41" Content="I1 Function" />
	<Message ID="MMI::DriverParameter::SYNTEC::P1-42" Content="I2 Function" />
	<Message ID="MMI::DriverParameter::SYNTEC::P1-43" Content="I3 Function" />
	<Message ID="MMI::DriverParameter::SYNTEC::P1-44" Content="I4 Function" />
	<Message ID="MMI::DriverParameter::SYNTEC::P1-45" Content="I5 Function" />
	<Message ID="MMI::DriverParameter::SYNTEC::P1-46" Content="I6 Function" />
	<Message ID="MMI::DriverParameter::SYNTEC::P1-47" Content="I7 Function" />
	<Message ID="MMI::DriverParameter::SYNTEC::P1-48" Content="I8 Function" />
	<Message ID="MMI::DriverParameter::SYNTEC::P1-49" Content="I9 Function" />
	<Message ID="MMI::DriverParameter::SYNTEC::P1-50" Content="I10 Function" />
	<Message ID="MMI::DriverParameter::SYNTEC::P1-51" Content="I11 Function" />
	<Message ID="MMI::DriverParameter::SYNTEC::P1-52" Content="I12 Function" />
	<Message ID="MMI::DriverParameter::SYNTEC::P1-53" Content="I13 Function" />
	<Message ID="MMI::DriverParameter::SYNTEC::P1-54" Content="I14 Function" />
	<Message ID="MMI::DriverParameter::SYNTEC::P1-55" Content="I15 Function" />
	<Message ID="MMI::DriverParameter::SYNTEC::P1-56" Content="P1-56" />
	<Message ID="MMI::DriverParameter::SYNTEC::P1-57" Content="P1-57" />
	<Message ID="MMI::DriverParameter::SYNTEC::P1-58" Content="P1-58" />
	<Message ID="MMI::DriverParameter::SYNTEC::P1-59" Content="P1-59" />
	<Message ID="MMI::DriverParameter::SYNTEC::P1-60" Content="O0 Function" />
	<Message ID="MMI::DriverParameter::SYNTEC::P1-61" Content="O1 Function" />
	<Message ID="MMI::DriverParameter::SYNTEC::P1-62" Content="O2 Function" />
	<Message ID="MMI::DriverParameter::SYNTEC::P1-63" Content="O3 Function" />
	<Message ID="MMI::DriverParameter::SYNTEC::P1-64" Content="O4 Function" />
	<Message ID="MMI::DriverParameter::SYNTEC::P1-65" Content="O5 Function" />
	<Message ID="MMI::DriverParameter::SYNTEC::P1-66" Content="O6 Function" />
	<Message ID="MMI::DriverParameter::SYNTEC::P1-67" Content="O7 Function" />
	<Message ID="MMI::DriverParameter::SYNTEC::P1-68" Content="O8 Function" />
	<Message ID="MMI::DriverParameter::SYNTEC::P1-69" Content="O9 Function" />
	<Message ID="MMI::DriverParameter::SYNTEC::P1-70" Content="O10 Function" />
	<Message ID="MMI::DriverParameter::SYNTEC::P1-71" Content="O11 Function" />
	<Message ID="MMI::DriverParameter::SYNTEC::P1-72" Content="O12 Function" />
	<Message ID="MMI::DriverParameter::SYNTEC::P1-73" Content="O13 Function" />
	<Message ID="MMI::DriverParameter::SYNTEC::P1-74" Content="O14 Function" />
	<Message ID="MMI::DriverParameter::SYNTEC::P1-75" Content="O15 Function" />
	<Message ID="MMI::DriverParameter::SYNTEC::P1-76" Content="P1-76" />
	<Message ID="MMI::DriverParameter::SYNTEC::P1-77" Content="P1-77" />
	<Message ID="MMI::DriverParameter::SYNTEC::P1-78" Content="P1-78" />
	<Message ID="MMI::DriverParameter::SYNTEC::P1-79" Content="P1-79" />
	<Message ID="MMI::DriverParameter::SYNTEC::P2" Content="Mechatronics Tuning" />
	<Message ID="MMI::DriverParameter::SYNTEC::P2-00" Content="Position Resolution" />
	<Message ID="MMI::DriverParameter::SYNTEC::P2-01" Content="Proportional Position Loop Gain" />
	<Message ID="MMI::DriverParameter::SYNTEC::P2-02" Content="Proportional Speed Loop Gain" />
	<Message ID="MMI::DriverParameter::SYNTEC::P2-03" Content="Speed Loop Integration Time Constant" />
	<Message ID="MMI::DriverParameter::SYNTEC::P2-04" Content="Speed Filter Bandwidth" />
	<Message ID="MMI::DriverParameter::SYNTEC::P2-05" Content="Ratio of Load Inertia" />
	<Message ID="MMI::DriverParameter::SYNTEC::P2-06" Content="Torque Command Integration Time Const" />
	<Message ID="MMI::DriverParameter::SYNTEC::P2-07" Content="Flux Weakening Control Voltage Ratio" />	
	<Message ID="MMI::DriverParameter::SYNTEC::P2-08" Content="IP Control Percentage in Position Mode" />
	<Message ID="MMI::DriverParameter::SYNTEC::P2-09" Content="P2-09" />
	<Message ID="MMI::DriverParameter::SYNTEC::P2-10" Content="P2-10" />
	<Message ID="MMI::DriverParameter::SYNTEC::P2-11" Content="P2-11" />
	<Message ID="MMI::DriverParameter::SYNTEC::P2-12" Content="P2-12" />
	<Message ID="MMI::DriverParameter::SYNTEC::P2-13" Content="P2-13" />
	<Message ID="MMI::DriverParameter::SYNTEC::P2-14" Content="P2-14" />
	<Message ID="MMI::DriverParameter::SYNTEC::P2-15" Content="P2-15" />
	<Message ID="MMI::DriverParameter::SYNTEC::P2-16" Content="P2-16" />
	<Message ID="MMI::DriverParameter::SYNTEC::P2-17" Content="P2-17" />
	<Message ID="MMI::DriverParameter::SYNTEC::P2-18" Content="P2-18" />
	<Message ID="MMI::DriverParameter::SYNTEC::P2-19" Content="P2-19" />
	<Message ID="MMI::DriverParameter::SYNTEC::P2-20" Content="Enable Disturbance Compensation" />
	<Message ID="MMI::DriverParameter::SYNTEC::P2-21" Content="Enable Speed Estimator" />
	<Message ID="MMI::DriverParameter::SYNTEC::P2-22" Content="Inertia Estimation Command Sources" />
	<Message ID="MMI::DriverParameter::SYNTEC::P2-23" Content="Mechanical Couple Type" />
	<Message ID="MMI::DriverParameter::SYNTEC::P2-24" Content="P2-24" />
	<Message ID="MMI::DriverParameter::SYNTEC::P2-25" Content="P2-25" />
	<Message ID="MMI::DriverParameter::SYNTEC::P2-26" Content="P2-26" />
	<Message ID="MMI::DriverParameter::SYNTEC::P2-27" Content="P2-27" />
	<Message ID="MMI::DriverParameter::SYNTEC::P2-28" Content="P2-28" />
	<Message ID="MMI::DriverParameter::SYNTEC::P2-29" Content="P2-29" />
	<Message ID="MMI::DriverParameter::SYNTEC::P2-30" Content="Enable Customize V/f Curve" />
	<Message ID="MMI::DriverParameter::SYNTEC::P2-31" Content="1st V/f Frequency" />
	<Message ID="MMI::DriverParameter::SYNTEC::P2-32" Content="1st V/f Voltage" />
	<Message ID="MMI::DriverParameter::SYNTEC::P2-33" Content="2nd V/f Frequency" />
	<Message ID="MMI::DriverParameter::SYNTEC::P2-34" Content="2nd V/f Voltage" />
	<Message ID="MMI::DriverParameter::SYNTEC::P2-80" Content="Enable 1st Notch Filter" />
	<Message ID="MMI::DriverParameter::SYNTEC::P2-81" Content="1st Notch Frequency" />
	<Message ID="MMI::DriverParameter::SYNTEC::P2-82" Content="1st Notch Bandwidth" />
	<Message ID="MMI::DriverParameter::SYNTEC::P2-83" Content="1st Notch Depth" />
	<Message ID="MMI::DriverParameter::SYNTEC::P2-84" Content="Enable 2nd Notch Filter" />
	<Message ID="MMI::DriverParameter::SYNTEC::P2-85" Content="2nd Notch Frequency" />
	<Message ID="MMI::DriverParameter::SYNTEC::P2-86" Content="2nd Notch Bandwidth" />
	<Message ID="MMI::DriverParameter::SYNTEC::P2-87" Content="2nd Notch Depth" />
	<Message ID="MMI::DriverParameter::SYNTEC::P2-88" Content="Enable 3rd Notch Filter" />
	<Message ID="MMI::DriverParameter::SYNTEC::P2-89" Content="3rd Notch Frequency" />
	<Message ID="MMI::DriverParameter::SYNTEC::P2-90" Content="3rd Notch Bandwidth" />
	<Message ID="MMI::DriverParameter::SYNTEC::P2-91" Content="3rd Notch Depth" />
	<Message ID="MMI::DriverParameter::SYNTEC::P3" Content="Motor Specification" />
	<Message ID="MMI::DriverParameter::SYNTEC::P3-00" Content="Motor Type" />
	<Message ID="MMI::DriverParameter::SYNTEC::P3-01" Content="Motor Pole number" />
	<Message ID="MMI::DriverParameter::SYNTEC::P3-02" Content="Magnetic Pitch Distance(N-N)" />
	<Message ID="MMI::DriverParameter::SYNTEC::P3-03" Content="Motor Model Number" />
	<Message ID="MMI::DriverParameter::SYNTEC::P3-04" Content="Motor Serial Number" />
	<Message ID="MMI::DriverParameter::SYNTEC::P3-05" Content="P3-05" />
	<Message ID="MMI::DriverParameter::SYNTEC::P3-06" Content="P3-06" />
	<Message ID="MMI::DriverParameter::SYNTEC::P3-07" Content="P3-07" />
	<Message ID="MMI::DriverParameter::SYNTEC::P3-08" Content="P3-08" />
	<Message ID="MMI::DriverParameter::SYNTEC::P3-09" Content="P3-09" />
	<Message ID="MMI::DriverParameter::SYNTEC::P3-10" Content="Rated Torque" />
	<Message ID="MMI::DriverParameter::SYNTEC::P3-11" Content="Maximum Torque Ratio" />
	<Message ID="MMI::DriverParameter::SYNTEC::P3-12" Content="Rated Speed" />
	<Message ID="MMI::DriverParameter::SYNTEC::P3-13" Content="Maximum Speed" />
	<Message ID="MMI::DriverParameter::SYNTEC::P3-14" Content="Rated Current" />
	<Message ID="MMI::DriverParameter::SYNTEC::P3-15" Content="Rated Voltage for Induction Motor" />
	<Message ID="MMI::DriverParameter::SYNTEC::P3-16" Content="P3-16" />
	<Message ID="MMI::DriverParameter::SYNTEC::P3-17" Content="P3-17" />
	<Message ID="MMI::DriverParameter::SYNTEC::P3-18" Content="P3-18" />
	<Message ID="MMI::DriverParameter::SYNTEC::P3-19" Content="P3-19" />
	<Message ID="MMI::DriverParameter::SYNTEC::P3-20" Content="*Encoder Communication Type" />
	<Message ID="MMI::DriverParameter::SYNTEC::P3-21" Content="*Encoder Resolution" />
	<Message ID="MMI::DriverParameter::SYNTEC::P3-22" Content="*Encoder Polarity" />
	<Message ID="MMI::DriverParameter::SYNTEC::P3-23" Content="*Encoder Type" />
	<Message ID="MMI::DriverParameter::SYNTEC::P3-24" Content="Enable M/T Method in QEP Encoder" />
	<Message ID="MMI::DriverParameter::SYNTEC::P3-25" Content="Encoder Sin Offset" />
	<Message ID="MMI::DriverParameter::SYNTEC::P3-26" Content="Encoder Cos Offset" />
	<Message ID="MMI::DriverParameter::SYNTEC::P3-27" Content="Encoder Sin Scale" />
	<Message ID="MMI::DriverParameter::SYNTEC::P3-28" Content="Encoder Cos Scale" />
	<Message ID="MMI::DriverParameter::SYNTEC::P3-29" Content="Encoder Phase Angle" />
	<Message ID="MMI::DriverParameter::SYNTEC::P3-30" Content="*Encoder Pole Pairs" />	
	<Message ID="MMI::DriverParameter::SYNTEC::P3-31" Content="Encoder Pitch Compensation Number" />	
	<Message ID="MMI::DriverParameter::SYNTEC::P3-32" Content="Enable Encoder Parameter Protection" />
	<Message ID="MMI::DriverParameter::SYNTEC::P3-33" Content="Encoder Sensor Type" />
	<Message ID="MMI::DriverParameter::SYNTEC::P3-34" Content="Encoder Reset Counter" />
	<Message ID="MMI::DriverParameter::SYNTEC::P3-35" Content="Encoder Z Index Position" />
	<Message ID="MMI::DriverParameter::SYNTEC::P3-36" Content="*Encoder Auto compensation enable" />
	<Message ID="MMI::DriverParameter::SYNTEC::P4" Content="Motor Tuning" />
	<Message ID="MMI::DriverParameter::SYNTEC::P4-00" Content="d-axis Inductance" />
	<Message ID="MMI::DriverParameter::SYNTEC::P4-01" Content="q-axis Inductance" />
	<Message ID="MMI::DriverParameter::SYNTEC::P4-02" Content="Resistance" />
	<Message ID="MMI::DriverParameter::SYNTEC::P4-03" Content="Leakage Inductance Ratio" />
	<Message ID="MMI::DriverParameter::SYNTEC::P4-04" Content="Exciting Current Ratio" />
	<Message ID="MMI::DriverParameter::SYNTEC::P4-05" Content="Rotor Time Constant" />
	<Message ID="MMI::DriverParameter::SYNTEC::P4-06" Content="P4-06" />
	<Message ID="MMI::DriverParameter::SYNTEC::P4-07" Content="P4-07" />
	<Message ID="MMI::DriverParameter::SYNTEC::P4-08" Content="P4-08" />
	<Message ID="MMI::DriverParameter::SYNTEC::P4-09" Content="P4-09" />
	<Message ID="MMI::DriverParameter::SYNTEC::P4-10" Content="P4-10" />
	<Message ID="MMI::DriverParameter::SYNTEC::P4-11" Content="P4-11" />
	<Message ID="MMI::DriverParameter::SYNTEC::P4-12" Content="P4-12" />
	<Message ID="MMI::DriverParameter::SYNTEC::P4-13" Content="P4-13" />
	<Message ID="MMI::DriverParameter::SYNTEC::P4-14" Content="P4-14" />
	<Message ID="MMI::DriverParameter::SYNTEC::P4-15" Content="P4-15" />
	<Message ID="MMI::DriverParameter::SYNTEC::P4-16" Content="P4-16" />
	<Message ID="MMI::DriverParameter::SYNTEC::P4-17" Content="P4-17" />
	<Message ID="MMI::DriverParameter::SYNTEC::P4-18" Content="P4-18" />
	<Message ID="MMI::DriverParameter::SYNTEC::P4-19" Content="P4-19" />
	<Message ID="MMI::DriverParameter::SYNTEC::P4-20" Content="Rotor Inertia" />
	<Message ID="MMI::DriverParameter::SYNTEC::P4-21" Content="Mechanical Time Constant" />
	<Message ID="MMI::DriverParameter::SYNTEC::P4-22" Content="Offset of Encoder and Rotor " />
	<Message ID="MMI::DriverParameter::SYNTEC::P4-23" Content="P4-23" />
	<Message ID="MMI::DriverParameter::SYNTEC::P4-24" Content="P4-24" />
	<Message ID="MMI::DriverParameter::SYNTEC::P4-25" Content="P4-25" />
	<Message ID="MMI::DriverParameter::SYNTEC::P4-26" Content="P4-26" />
	<Message ID="MMI::DriverParameter::SYNTEC::P4-27" Content="P4-27" />
	<Message ID="MMI::DriverParameter::SYNTEC::P4-28" Content="P4-28" />
	<Message ID="MMI::DriverParameter::SYNTEC::P4-29" Content="P4-29" />
	<Message ID="MMI::DriverParameter::SYNTEC::P4-30" Content="Proportional Current Loop Gain" />
	<Message ID="MMI::DriverParameter::SYNTEC::P4-31" Content="Current Loop Integration Time Constant" />
	<Message ID="MMI::DriverParameter::SYNTEC::P4-32" Content="P4-32" />
	<Message ID="MMI::DriverParameter::SYNTEC::P4-33" Content="P4-33" />
	<Message ID="MMI::DriverParameter::SYNTEC::P4-34" Content="P4-34" />
	<Message ID="MMI::DriverParameter::SYNTEC::P4-35" Content="P4-35" />
	<Message ID="MMI::DriverParameter::SYNTEC::P4-36" Content="P4-36" />
	<Message ID="MMI::DriverParameter::SYNTEC::P4-37" Content="P4-37" />
	<Message ID="MMI::DriverParameter::SYNTEC::P4-38" Content="P4-38" />
	<Message ID="MMI::DriverParameter::SYNTEC::P4-39" Content="P4-39" />
	<Message ID="MMI::DriverParameter::SYNTEC::P4-40" Content="Enable Flux Weakening Control" />
	<Message ID="MMI::DriverParameter::SYNTEC::P4-41" Content="Enable Cogging Compensation" />
	<Message ID="MMI::DriverParameter::SYNTEC::P4-42" Content="Friction Torque Compensation Ratio" />
	<Message ID="MMI::DriverParameter::SYNTEC::P4-43" Content="P4-43" />
	<Message ID="MMI::DriverParameter::SYNTEC::P4-44" Content="P4-44" />
	<Message ID="MMI::DriverParameter::SYNTEC::P4-45" Content="P4-45" />
	<Message ID="MMI::DriverParameter::SYNTEC::P4-46" Content="P4-46" />
	<Message ID="MMI::DriverParameter::SYNTEC::P4-47" Content="P4-47" />
	<Message ID="MMI::DriverParameter::SYNTEC::P4-48" Content="P4-48" />
	<Message ID="MMI::DriverParameter::SYNTEC::P4-49" Content="P4-49" />
	<Message ID="MMI::DriverParameter::SYNTEC::P4-50" Content="150% Over Load Duration" />
	<Message ID="MMI::DriverParameter::SYNTEC::P5" Content="Power Stage" />
	<Message ID="MMI::DriverParameter::SYNTEC::P5-00" Content="Main Supply" />
	<Message ID="MMI::DriverParameter::SYNTEC::P5-01" Content="Driver Peak Current" />
	<Message ID="MMI::DriverParameter::SYNTEC::P5-02" Content="Driver Rated Current" />
	<Message ID="MMI::DriverParameter::SYNTEC::P5-03" Content="Driver Maximum Current Ratio" />
	<Message ID="MMI::DriverParameter::SYNTEC::P5-04" Content="Internal Regenerator Resistance Value" />
	<Message ID="MMI::DriverParameter::SYNTEC::P5-05" Content="Internal Regenerator Resistance Power" />
	<Message ID="MMI::DriverParameter::SYNTEC::P5-06" Content="*PWM Frequency" />
	<Message ID="MMI::DriverParameter::SYNTEC::P5-07" Content="*Inverter ID" />
	<Message ID="MMI::DriverParameter::SYNTEC::P5-08" Content="Dead time" />
	<Message ID="MMI::DriverParameter::SYNTEC::P5-09" Content="PWM Output Module" />
	<Message ID="MMI::DriverParameter::SYNTEC::P5-10" Content="Number of Current Sensors" />
	<Message ID="MMI::DriverParameter::SYNTEC::P5-11" Content="Current Feedback Scale" />
	<Message ID="MMI::DriverParameter::SYNTEC::P5-12" Content="Drive Volt Maximum" />
	<Message ID="MMI::DriverParameter::SYNTEC::P5-13" Content="P5-13" />
	<Message ID="MMI::DriverParameter::SYNTEC::P5-14" Content="P5-14" />
	<Message ID="MMI::DriverParameter::SYNTEC::P5-15" Content="P5-15" />
	<Message ID="MMI::DriverParameter::SYNTEC::P5-16" Content="P5-16" />
	<Message ID="MMI::DriverParameter::SYNTEC::P5-17" Content="P5-17" />
	<Message ID="MMI::DriverParameter::SYNTEC::P5-18" Content="P5-18" />
	<Message ID="MMI::DriverParameter::SYNTEC::P5-19" Content="P5-19" />
	<Message ID="MMI::DriverParameter::SYNTEC::P5-20" Content="Phase A Offset" />
	<Message ID="MMI::DriverParameter::SYNTEC::P5-21" Content="Phase B Offset" />
	<Message ID="MMI::DriverParameter::SYNTEC::P5-22" Content="Phase C Offset" />
	<Message ID="MMI::DriverParameter::SYNTEC::P5-23" Content="Phase A Scale" />
	<Message ID="MMI::DriverParameter::SYNTEC::P5-24" Content="Phase B Scale" />
	<Message ID="MMI::DriverParameter::SYNTEC::P5-25" Content="Phase C Scale" />
	<Message ID="MMI::DriverParameter::SYNTEC::P5-26" Content="P5-26" />
	<Message ID="MMI::DriverParameter::SYNTEC::P5-27" Content="P5-27" />
	<Message ID="MMI::DriverParameter::SYNTEC::P5-28" Content="Enable voltage compensate" />
	<Message ID="MMI::DriverParameter::SYNTEC::P5-29" Content="DTC voltage drop" />
	<Message ID="MMI::DriverParameter::SYNTEC::P5-30" Content="DTC current command 1" />
	<Message ID="MMI::DriverParameter::SYNTEC::P5-31" Content="DTC current command 2" />
	<Message ID="MMI::DriverParameter::SYNTEC::P5-32" Content="DTC current command 3" />
	<Message ID="MMI::DriverParameter::SYNTEC::P5-33" Content="DTC current command 4" />
	<Message ID="MMI::DriverParameter::SYNTEC::P5-34" Content="DTC current command 5" />
	<Message ID="MMI::DriverParameter::SYNTEC::P5-35" Content="DTC current command 6" />
	<Message ID="MMI::DriverParameter::SYNTEC::P5-36" Content="DTC current command 7" />
	<Message ID="MMI::DriverParameter::SYNTEC::P5-37" Content="DTC current command 8" />
	<Message ID="MMI::DriverParameter::SYNTEC::P5-38" Content="DTC current command 9" />
	<Message ID="MMI::DriverParameter::SYNTEC::P5-39" Content="DTC current command 10" />
	<Message ID="MMI::DriverParameter::SYNTEC::P5-40" Content="DTC current command 11" />
	<Message ID="MMI::DriverParameter::SYNTEC::P5-41" Content="DTC current command 12" />
	<Message ID="MMI::DriverParameter::SYNTEC::P5-42" Content="DTC current command 13" />
	<Message ID="MMI::DriverParameter::SYNTEC::P5-43" Content="DTC current command 14" />
	<Message ID="MMI::DriverParameter::SYNTEC::P5-44" Content="DTC current command 15" />
	<Message ID="MMI::DriverParameter::SYNTEC::P5-45" Content="DTC delay time 1" />
	<Message ID="MMI::DriverParameter::SYNTEC::P5-46" Content="DTC delay time 2" />
	<Message ID="MMI::DriverParameter::SYNTEC::P5-47" Content="DTC delay time 3" />
	<Message ID="MMI::DriverParameter::SYNTEC::P5-48" Content="DTC delay time 4" />
	<Message ID="MMI::DriverParameter::SYNTEC::P5-49" Content="DTC delay time 5" />
	<Message ID="MMI::DriverParameter::SYNTEC::P5-50" Content="DTC delay time 6" />
	<Message ID="MMI::DriverParameter::SYNTEC::P5-51" Content="DTC delay time 7" />
	<Message ID="MMI::DriverParameter::SYNTEC::P5-52" Content="DTC delay time 8" />
	<Message ID="MMI::DriverParameter::SYNTEC::P5-53" Content="DTC delay time 9" />
	<Message ID="MMI::DriverParameter::SYNTEC::P5-54" Content="DTC delay time 10" />
	<Message ID="MMI::DriverParameter::SYNTEC::P5-55" Content="DTC delay time 11" />
	<Message ID="MMI::DriverParameter::SYNTEC::P5-56" Content="DTC delay time 12" />
	<Message ID="MMI::DriverParameter::SYNTEC::P5-57" Content="DTC delay time 13" />
	<Message ID="MMI::DriverParameter::SYNTEC::P5-58" Content="DTC delay time 14" />
	<Message ID="MMI::DriverParameter::SYNTEC::P5-59" Content="DTC delay time 15" />
	<Message ID="MMI::DriverParameter::SYNTEC::P6" Content="Special Application" />
	<Message ID="MMI::DriverParameter::SYNTEC::P6-03" Content="2nd Encoder Index Mark Type" />
	<Message ID="MMI::DriverParameter::SYNTEC::P6-04" Content="Gear Number at Motor Side" />
	<Message ID="MMI::DriverParameter::SYNTEC::P6-05" Content="Gear Number at Screw Side" />
	<Message ID="MMI::DriverParameter::SYNTEC::P6-06" Content="2nd Encoder Pitch" />
	<Message ID="MMI::DriverParameter::SYNTEC::P6-07" Content="P6-07" />
	<Message ID="MMI::DriverParameter::SYNTEC::P6-08" Content="P6-08" />
	<Message ID="MMI::DriverParameter::SYNTEC::P6-09" Content="P6-09" />
	<Message ID="MMI::DriverParameter::SYNTEC::P6-10" Content="Maximum Acceleration Time" />
	<Message ID="MMI::DriverParameter::SYNTEC::P6-11" Content="Maximum Jerk Time" />
	<Message ID="MMI::DriverParameter::SYNTEC::P6-12" Content="In Position Window" />
	<Message ID="MMI::DriverParameter::SYNTEC::P6-13" Content="Host Command Polarity" />
	<Message ID="MMI::DriverParameter::SYNTEC::P6-14" Content="In Velocity Window" />
	<Message ID="MMI::DriverParameter::SYNTEC::P6-15" Content="Zero Velocity Window" />
	<Message ID="MMI::DriverParameter::SYNTEC::P6-16" Content="P6-16" />
	<Message ID="MMI::DriverParameter::SYNTEC::P6-17" Content="P6-17" />
	<Message ID="MMI::DriverParameter::SYNTEC::P6-18" Content="P6-18" />
	<Message ID="MMI::DriverParameter::SYNTEC::P6-19" Content="P6-19" />
	<Message ID="MMI::DriverParameter::SYNTEC::P6-20" Content="Posing degree" />
	<Message ID="MMI::DriverParameter::SYNTEC::P6-21" Content="Posing type" />
	<Message ID="MMI::DriverParameter::SYNTEC::P6-22" Content="Disable Z index alarm check(0:enable)" />
	<Message ID="MMI::DriverParameter::SYNTEC::P6-23" Content="Enable Torque Limit during Position Control" />	
	<Message ID="MMI::DriverParameter::SYNTEC::P6-24" Content="Disable Mechatrolink Sync alarm check(0:enable)" />
	<Message ID="MMI::DriverParameter::SYNTEC::P6-25" Content="Servo OFF delay time" />
	<Message ID="MMI::DriverParameter::SYNTEC::P6-26" Content="Brake reference output speed level" />
	<Message ID="MMI::DriverParameter::SYNTEC::P6-27" Content="Waiting time for brake signal" />
	<Message ID="MMI::DriverParameter::SYNTEC::P6-28" Content="Gain ratio for encoder index not appear" />
	<Message ID="MMI::DriverParameter::SYNTEC::P6-29" Content="P6-29" />
	<Message ID="MMI::DriverParameter::SYNTEC::P6-30" Content="Over Torque 1 Function" />
	<Message ID="MMI::DriverParameter::SYNTEC::P6-31" Content="Over Torque 1 Threshold" />
	<Message ID="MMI::DriverParameter::SYNTEC::P6-32" Content="Over Torque 1 Time" />
	<Message ID="MMI::DriverParameter::SYNTEC::P6-33" Content="Over Torque 2 Function" />
	<Message ID="MMI::DriverParameter::SYNTEC::P6-34" Content="Over Torque 2 Threshold" />
	<Message ID="MMI::DriverParameter::SYNTEC::P6-35" Content="Over Torque 2 Time" />
	<Message ID="MMI::DriverParameter::SYNTEC::P6-36" Content="P6-36" />
	<Message ID="MMI::DriverParameter::SYNTEC::P6-37" Content="P6-37" />
	<Message ID="MMI::DriverParameter::SYNTEC::P6-38" Content="P6-38" />
	<Message ID="MMI::DriverParameter::SYNTEC::P6-39" Content="P6-39" />
	<Message ID="MMI::DriverParameter::SYNTEC::P6-40" Content="Dual Feedback Position Error Bound" />	
	<Message ID="MMI::DriverParameter::SYNTEC::P6-41" Content="Dual Feedback Position Filter Time Const" />
	<Message ID="MMI::DriverParameter::SYNTEC::P6-42" Content="*Enable Dual Feedback Control" />
	<Message ID="MMI::DriverParameter::SYNTEC::P6-80" Content="*2nd Encoder Communication Type" />
	<Message ID="MMI::DriverParameter::SYNTEC::P6-81" Content="*2nd Encoder Resolution" />
	<Message ID="MMI::DriverParameter::SYNTEC::P6-82" Content="*2nd Encoder Polarity" />
	<Message ID="MMI::DriverParameter::SYNTEC::P6-83" Content="*2nd Encoder Type" />
	<Message ID="MMI::DriverParameter::SYNTEC::P6-84" Content="Enable M/T Method in 2nd QEP Encoder" />
	<Message ID="MMI::DriverParameter::SYNTEC::P6-85" Content="2nd Encoder Sin Offset" />
	<Message ID="MMI::DriverParameter::SYNTEC::P6-86" Content="2nd Encoder Cos Offset" />
	<Message ID="MMI::DriverParameter::SYNTEC::P6-87" Content="2nd Encoder Sin Scale" />
	<Message ID="MMI::DriverParameter::SYNTEC::P6-88" Content="2nd Encoder Cos Scale" />
	<Message ID="MMI::DriverParameter::SYNTEC::P6-89" Content="2nd Encoder Phase Angle" />
	<Message ID="MMI::DriverParameter::SYNTEC::P6-90" Content="*2nd Encoder Pole Pairs" />	
	<Message ID="MMI::DriverParameter::SYNTEC::P6-91" Content="2nd Encoder Pitch Compensation Number" />
	<Message ID="MMI::DriverParameter::SYNTEC::P6-92" Content="Enable 2nd Encoder Parameter Protection" />
	<Message ID="MMI::DriverParameter::SYNTEC::P6-93" Content="2nd Encoder Sensor Type" />
	<Message ID="MMI::DriverParameter::SYNTEC::P6-94" Content="2nd Encoder Reset Counter" />
	<Message ID="MMI::DriverParameter::SYNTEC::P6-95" Content="2nd Encoder Z Index Position" />	
	<Message ID="MMI::DriverParameter::SYNTEC::P6-96" Content="*2nd Encoder Auto compensation enable" />
	
	<Message ID="MMI::DriverParameter::SYNTEC::D0" Content="Version Information" />
	<Message ID="MMI::DriverParameter::SYNTEC::D0-00" Content="Drive Version" />
	<Message ID="MMI::DriverParameter::SYNTEC::D0-01" Content="Drive Commit Date" />
	<Message ID="MMI::DriverParameter::SYNTEC::D0-02" Content="Drive Revision" />
	<Message ID="MMI::DriverParameter::SYNTEC::D0-03" Content="Drive Hardware ID" />
	<Message ID="MMI::DriverParameter::SYNTEC::D0-05" Content="Encoder Version" />
	<Message ID="MMI::DriverParameter::SYNTEC::D0-06" Content="Encoder Software ID" />
	<Message ID="MMI::DriverParameter::SYNTEC::D0-07" Content="2nd Encoder2 version" />
	<Message ID="MMI::DriverParameter::SYNTEC::D0-08" Content="2nd Encoder Software ID" />
	<Message ID="MMI::DriverParameter::SYNTEC::D0-09" Content="Encoder Hardware ID" />
	<Message ID="MMI::DriverParameter::SYNTEC::D0-10" Content="2nd Encoder Hardware ID" />
	
	<Message ID="MMI::DriverParameter::SYNTEC::D1" Content="Operation Status for user" />	
	<Message ID="MMI::DriverParameter::SYNTEC::D1-00" Content="status word 1" />
	<Message ID="MMI::DriverParameter::SYNTEC::D1-01" Content="Position command" />
	<Message ID="MMI::DriverParameter::SYNTEC::D1-02" Content="Positon feedback" />
	<Message ID="MMI::DriverParameter::SYNTEC::D1-03" Content="Position error" />
	<Message ID="MMI::DriverParameter::SYNTEC::D1-04" Content="Mechanical angle" />		
	<Message ID="MMI::DriverParameter::SYNTEC::D1-05" Content="Index counter" />
	<Message ID="MMI::DriverParameter::SYNTEC::D1-06" Content="Speed command" />
	<Message ID="MMI::DriverParameter::SYNTEC::D1-07" Content="Speed feedback" />
	<Message ID="MMI::DriverParameter::SYNTEC::D1-08" Content="speed error(0.01RPM)" />
	<Message ID="MMI::DriverParameter::SYNTEC::D1-09" Content="Torque command" />	
	<Message ID="MMI::DriverParameter::SYNTEC::D1-10" Content="Load ratio" />
	<Message ID="MMI::DriverParameter::SYNTEC::D1-11" Content="Id current command" />
	<Message ID="MMI::DriverParameter::SYNTEC::D1-12" Content="Iq current command" />
	<Message ID="MMI::DriverParameter::SYNTEC::D1-13" Content="Id current feedback" />
	<Message ID="MMI::DriverParameter::SYNTEC::D1-14" Content="Iq current feedback" />	
	<Message ID="MMI::DriverParameter::SYNTEC::D1-15" Content="Idq current command" />
	<Message ID="MMI::DriverParameter::SYNTEC::D1-16" Content="Idq current fedback" />
	<Message ID="MMI::DriverParameter::SYNTEC::D1-17" Content="Ia current feedback" />
	<Message ID="MMI::DriverParameter::SYNTEC::D1-18" Content="Ib current feedback" />
	<Message ID="MMI::DriverParameter::SYNTEC::D1-19" Content="Ic current feedback" />
	<Message ID="MMI::DriverParameter::SYNTEC::D1-20" Content="Zero phase current feedback" />
	<Message ID="MMI::DriverParameter::SYNTEC::D1-21" Content="I bits status" />	
	<Message ID="MMI::DriverParameter::SYNTEC::D1-22" Content="O bits status" />
	<Message ID="MMI::DriverParameter::SYNTEC::D1-23" Content="IGBT temperature" />
	<Message ID="MMI::DriverParameter::SYNTEC::D1-24" Content="DC bus voltage" />	
	<Message ID="MMI::DriverParameter::SYNTEC::D1-25" Content="Power on time" />
	<Message ID="MMI::DriverParameter::SYNTEC::D1-26" Content="Rotor inertia" />	
	<Message ID="MMI::DriverParameter::SYNTEC::D1-27" Content="Rotor viscosity" />	
	<Message ID="MMI::DriverParameter::SYNTEC::D1-28" Content="Serial encoder CRC error counter (Hardware)" />
	<Message ID="MMI::DriverParameter::SYNTEC::D1-29" Content="Serial encoder CRC error counter (Software)" />	
	<Message ID="MMI::DriverParameter::SYNTEC::D1-30" Content="STATUS_VF_VOLT_MIN" />	
	<Message ID="MMI::DriverParameter::SYNTEC::D1-31" Content="Tuning encoder pulse" />
	<Message ID="MMI::DriverParameter::SYNTEC::D1-32" Content="Tuning pole number" />	
	<Message ID="MMI::DriverParameter::SYNTEC::D1-33" Content="Mechanical angle 2" />	
	<Message ID="MMI::DriverParameter::SYNTEC::D1-34" Content="Index counter 2" />	
	<Message ID="MMI::DriverParameter::SYNTEC::D1-35" Content="Spindle speed command" />
	<Message ID="MMI::DriverParameter::SYNTEC::D1-36" Content="Speed feedback 2" />
	<Message ID="MMI::DriverParameter::SYNTEC::D1-37" Content="Tuning encoder2 pulse" />
	<Message ID="MMI::DriverParameter::SYNTEC::D1-38" Content="Posing reference angle" />
	<Message ID="MMI::DriverParameter::SYNTEC::D1-39" Content="Posing complete state" />
	<Message ID="MMI::DriverParameter::SYNTEC::D1-40" Content="Posing error code" />
	<Message ID="MMI::DriverParameter::SYNTEC::D1-41" Content="Measured temperature via KTY84 with Syntec driver" />
	<Message ID="MMI::DriverParameter::SYNTEC::D1-42" Content="Second serial encoder CRC error counter (Hardware)" />
	<Message ID="MMI::DriverParameter::SYNTEC::D1-43" Content="Second serial encoder CRC error counter (Software)" />	
	<Message ID="MMI::DriverParameter::SYNTEC::D1-44" Content="1st encoder position feedback(for dual-feedback mode monitor)" />
	<Message ID="MMI::DriverParameter::SYNTEC::D1-45" Content="Position error between 1st and 2nd encoder(for dual-feedback mode monitor)" />
	<Message ID="MMI::DriverParameter::SYNTEC::D1-46" Content="Serial encoder command error counter" />
	<Message ID="MMI::DriverParameter::SYNTEC::D1-47" Content="Serial encoder time out counter" />
	<Message ID="MMI::DriverParameter::SYNTEC::D1-48" Content="1st encoder Z index alarm" />
	<Message ID="MMI::DriverParameter::SYNTEC::D1-49" Content="2nd encoder Z index alarm" />
	<Message ID="MMI::DriverParameter::SYNTEC::D1-50" Content="Measured temperature via 1st Feedback Syntec encoder internal KTY84" />
	<Message ID="MMI::DriverParameter::SYNTEC::D1-51" Content="Measured temperature via 1st Feedback Syntec encoder external(1) KTY84" />
	<Message ID="MMI::DriverParameter::SYNTEC::D1-52" Content="Measured temperature via 1st Feedback Syntec encoder external(2) KTY84" />
	<Message ID="MMI::DriverParameter::SYNTEC::D1-54" Content="Measured temperature via 2nd Feedback Syntec encoder internal KTY84" />
	<Message ID="MMI::DriverParameter::SYNTEC::D1-55" Content="Measured temperature via 2nd Feedback Syntec encoder external(1) KTY84" />
	<Message ID="MMI::DriverParameter::SYNTEC::D1-56" Content="Measured temperature via 2nd Feedback Syntec encoder external(2) KTY84" />
	<Message ID="MMI::DriverParameter::SYNTEC::D1-58" Content="The 5V detect of encoder" />	
	<Message ID="MMI::DriverParameter::SYNTEC::D1-59" Content="Second encoder command error counter" />
	<Message ID="MMI::DriverParameter::SYNTEC::D1-60" Content="Second encoder time out counter" />
	<Message ID="MMI::DriverParameter::SYNTEC::D1-70" Content="Inverter ID read" />
	<Message ID="MMI::DriverParameter::SYNTEC::D1-71" Content="During Torque Limit at Position Control Mode" />
	<Message ID="MMI::DriverParameter::SYNTEC::D1-72" Content="Base Speed of Flux Weakening Control" />
	<Message ID="MMI::DriverParameter::SYNTEC::D1-73" Content="This Time Power On Duration" />
	<Message ID="MMI::DriverParameter::SYNTEC::D1-74" Content="Second encoder positon feedback" />
	
	<Message ID="MMI::DriverParameter::SYNTEC::D2" Content="Operation Status for Development" />	
	<Message ID="MMI::DriverParameter::SYNTEC::D2-00" Content="State Variable 2" />
	<Message ID="MMI::DriverParameter::SYNTEC::D2-01" Content="State Variable 3" />
	<Message ID="MMI::DriverParameter::SYNTEC::D2-02" Content="Electric Angle" />	
	<Message ID="MMI::DriverParameter::SYNTEC::D2-03" Content="Electric Angle Command" />	
	<Message ID="MMI::DriverParameter::SYNTEC::D2-04" Content="Speed Command(0.01RPM)" />
	<Message ID="MMI::DriverParameter::SYNTEC::D2-05" Content="Speed Feedback(0.01RPM)" />	
	<Message ID="MMI::DriverParameter::SYNTEC::D2-06" Content="Raw Speed Feedback" />	
	<Message ID="MMI::DriverParameter::SYNTEC::D2-07" Content="Slip Frequency" />
	<Message ID="MMI::DriverParameter::SYNTEC::D2-08" Content="Field Weakening Speed" />
	<Message ID="MMI::DriverParameter::SYNTEC::D2-09" Content="Rated Voltage" />
	<Message ID="MMI::DriverParameter::SYNTEC::D2-10" Content="Vd Voltage Command" />
	<Message ID="MMI::DriverParameter::SYNTEC::D2-11" Content="Vq Voltage Command" />
	<Message ID="MMI::DriverParameter::SYNTEC::D2-12" Content="Pre-saturated Vd Voltage Command" />
	<Message ID="MMI::DriverParameter::SYNTEC::D2-13" Content="Pre-saturated Vq Voltage Command" />	
	<Message ID="MMI::DriverParameter::SYNTEC::D2-14" Content="Feedforward Vd Voltage Command" />
	<Message ID="MMI::DriverParameter::SYNTEC::D2-15" Content="Feedforward Vq Voltage Command" />
	<Message ID="MMI::DriverParameter::SYNTEC::D2-16" Content="Vdq Voltage Command" />
	<Message ID="MMI::DriverParameter::SYNTEC::D2-17" Content="Pre-saturated Vdq Voltage Command" />
	<Message ID="MMI::DriverParameter::SYNTEC::D2-18" Content="Va Voltage Command" />
	<Message ID="MMI::DriverParameter::SYNTEC::D2-19" Content="Vb Voltage Command" />
	<Message ID="MMI::DriverParameter::SYNTEC::D2-20" Content="Vc Voltage Command" />
	<Message ID="MMI::DriverParameter::SYNTEC::D2-21" Content="Flux Command" />
	<Message ID="MMI::DriverParameter::SYNTEC::D2-22" Content="Flux Feedback" />
	<Message ID="MMI::DriverParameter::SYNTEC::D2-23" Content="Cogging Compensation Value(By Position)" />
	<Message ID="MMI::DriverParameter::SYNTEC::D2-24" Content="Estimated Disturbance" />
	<Message ID="MMI::DriverParameter::SYNTEC::D2-25" Content="Plant Torque Command" />
	<Message ID="MMI::DriverParameter::SYNTEC::D2-26" Content="Friction Compensation Torque" />
	<Message ID="MMI::DriverParameter::SYNTEC::D2-27" Content="Speed Moving Average Time Constant" />
	<Message ID="MMI::DriverParameter::SYNTEC::D2-28" Content="Leading Time" />
	<Message ID="MMI::DriverParameter::SYNTEC::D2-29" Content="Regenerate PWM" />
	<Message ID="MMI::DriverParameter::SYNTEC::D2-30" Content="Thermal Drift Reference" />
	<Message ID="MMI::DriverParameter::SYNTEC::D2-33" Content="Encoder ADC Sin Value" />
	<Message ID="MMI::DriverParameter::SYNTEC::D2-34" Content="Encoder ADC Cos Value" />
	<Message ID="MMI::DriverParameter::SYNTEC::D2-35" Content="Pitch Error" />
	<Message ID="MMI::DriverParameter::SYNTEC::D2-36" Content="Pitch Error Table Index" />
	<Message ID="MMI::DriverParameter::SYNTEC::D2-37" Content="Data Recorder Channel 1" />
	<Message ID="MMI::DriverParameter::SYNTEC::D2-38" Content="Data Recorder Channel 2" />
	<Message ID="MMI::DriverParameter::SYNTEC::D2-39" Content="Data Recorder Channel 3" />
	<Message ID="MMI::DriverParameter::SYNTEC::D2-40" Content="Data Recorder Channel 4" />
	<Message ID="MMI::DriverParameter::SYNTEC::D2-41" Content="Encoder Z Index" />
	<Message ID="MMI::DriverParameter::SYNTEC::D2-42" Content="Difference Between 1st and 2nd Encoder" />
	<Message ID="MMI::DriverParameter::SYNTEC::D2-43" Content="Flux Weakening Voltage Control Reference" />
	<Message ID="MMI::DriverParameter::SYNTEC::D2-44" Content="Flux Weakening Voltage Control Feedback" />
	<Message ID="MMI::DriverParameter::SYNTEC::D2-45" Content="2nd Encoder ADC Sin Value" />
	<Message ID="MMI::DriverParameter::SYNTEC::D2-46" Content="2nd Encoder ADC Cos Value" />
	<Message ID="MMI::DriverParameter::SYNTEC::D2-47" Content="2nd Encoder Z Index" />
	<Message ID="MMI::DriverParameter::SYNTEC::D2-48" Content="Serial Encoder Position Data" />
	<Message ID="MMI::DriverParameter::SYNTEC::D2-49" Content="Serial Encoder State" />
	<Message ID="MMI::DriverParameter::SYNTEC::D2-50" Content="ADC CH0" />
	<Message ID="MMI::DriverParameter::SYNTEC::D2-51" Content="ADC CH1" />
	<Message ID="MMI::DriverParameter::SYNTEC::D2-52" Content="ADC CH2" />
	<Message ID="MMI::DriverParameter::SYNTEC::D2-53" Content="ADC CH3" />
	<Message ID="MMI::DriverParameter::SYNTEC::D2-54" Content="ADC CH4" />
	<Message ID="MMI::DriverParameter::SYNTEC::D2-55" Content="ADC CH5" />
	<Message ID="MMI::DriverParameter::SYNTEC::D2-56" Content="ADC CH6" />
	<Message ID="MMI::DriverParameter::SYNTEC::D2-57" Content="ADC CH7" />
	<Message ID="MMI::DriverParameter::SYNTEC::D2-58" Content="ADC CH8" />
	<Message ID="MMI::DriverParameter::SYNTEC::D2-59" Content="ADC CH9" />
	<Message ID="MMI::DriverParameter::SYNTEC::D2-60" Content="ADC CH10" />
	<Message ID="MMI::DriverParameter::SYNTEC::D2-61" Content="ADC CH11" />
	<Message ID="MMI::DriverParameter::SYNTEC::D2-62" Content="ADC CH12" />
	<Message ID="MMI::DriverParameter::SYNTEC::D2-63" Content="ADC CH13" />
	<Message ID="MMI::DriverParameter::SYNTEC::D2-64" Content="ADC CH14" />
	<Message ID="MMI::DriverParameter::SYNTEC::D2-65" Content="ADC CH15" />
	<Message ID="MMI::DriverParameter::SYNTEC::D2-66" Content="DSP to FPGA Communication Count" />
	<Message ID="MMI::DriverParameter::SYNTEC::D2-67" Content="UART Receive Count" />
	<Message ID="MMI::DriverParameter::SYNTEC::D2-68" Content="UART Transmit Count" />
	<Message ID="MMI::DriverParameter::SYNTEC::D2-69" Content="UART Transmit Busy" />
	<Message ID="MMI::DriverParameter::SYNTEC::D2-70" Content="Average Current Loop Operating Time" />
	<Message ID="MMI::DriverParameter::SYNTEC::D2-71" Content="Maximum Current Loop Operating Time" />
	<Message ID="MMI::DriverParameter::SYNTEC::D2-72" Content="Average Speed Loop Operating Time" />
	<Message ID="MMI::DriverParameter::SYNTEC::D2-73" Content="Maximum Speed Loop Operating Time" />
	<Message ID="MMI::DriverParameter::SYNTEC::D2-74" Content="Average Position Loop Operating Time" />
	<Message ID="MMI::DriverParameter::SYNTEC::D2-75" Content="Maximum Position Loop Operating Time" />
	<Message ID="MMI::DriverParameter::SYNTEC::D2-76" Content="Average PLC Loop Operating Time" />
	<Message ID="MMI::DriverParameter::SYNTEC::D2-77" Content="Maximum PLC Loop Operating Time" />
	<Message ID="MMI::DriverParameter::SYNTEC::D2-78" Content="Average GPIO Loop Operating Time" />
	<Message ID="MMI::DriverParameter::SYNTEC::D2-79" Content="Maximum GPIO Loop Operating Time" />
	<Message ID="MMI::DriverParameter::SYNTEC::D2-80" Content="Debug scope 0" />
	<Message ID="MMI::DriverParameter::SYNTEC::D2-81" Content="Debug scope 1" />
	<Message ID="MMI::DriverParameter::SYNTEC::D2-82" Content="Debug scope 2" />
	<Message ID="MMI::DriverParameter::SYNTEC::D2-83" Content="Debug scope 3" />
	<Message ID="MMI::DriverParameter::SYNTEC::D2-84" Content="Debug scope 4" />
	<Message ID="MMI::DriverParameter::SYNTEC::D2-85" Content="Debug scope 5" />
	<Message ID="MMI::DriverParameter::SYNTEC::D2-86" Content="Debug scope 6" />
	<Message ID="MMI::DriverParameter::SYNTEC::D2-87" Content="Debug scope 7" />
	<Message ID="MMI::DriverParameter::SYNTEC::D2-88" Content="Syntec 1st Encoder ADC Interpolation Resolution of Compensation Table" />
	<Message ID="MMI::DriverParameter::SYNTEC::D2-89" Content="Syntec 1st Encoder Compensation Method Version" />
	<Message ID="MMI::DriverParameter::SYNTEC::D2-90" Content="Syntec 2nd Encoder ADC Interpolation Resolution of Compensation Table" />
	<Message ID="MMI::DriverParameter::SYNTEC::D2-91" Content="Syntec 2nd Encoder Compensation Method Version" />
	<Message ID="MMI::DriverParameter::SYNTEC::D2-92" Content="Syntec 1st Encoder Zero Offset" />

	<Message ID="MMI::DriverParameter::SYNTEC::P15" Content="Scope parameters" />
	<Message ID="MMI::DriverParameter::SYNTEC::P15-01" Content="Scope divider" />
	<Message ID="MMI::DriverParameter::SYNTEC::P15-02" Content="Scope switch" />
	<Message ID="MMI::DriverParameter::SYNTEC::P15-03" Content="Clear watch dog" />
	<Message ID="MMI::DriverParameter::SYNTEC::P15-16" Content="CH0 enable" />
	<Message ID="MMI::DriverParameter::SYNTEC::P15-17" Content="CH1 enable" />
	<Message ID="MMI::DriverParameter::SYNTEC::P15-18" Content="CH2 enable" />
	<Message ID="MMI::DriverParameter::SYNTEC::P15-19" Content="CH3 enable" />
	<Message ID="MMI::DriverParameter::SYNTEC::P15-32" Content="CH0,2 data type" />
	<Message ID="MMI::DriverParameter::SYNTEC::P15-33" Content="CH1,3 data type" />
	<Message ID="MMI::DriverParameter::SYNTEC::P15-48" Content="CH0 mapping index" />
	<Message ID="MMI::DriverParameter::SYNTEC::P15-49" Content="CH1 mapping index" />
	<Message ID="MMI::DriverParameter::SYNTEC::P15-50" Content="CH2 mapping index" />
	<Message ID="MMI::DriverParameter::SYNTEC::P15-51" Content="CH3 mapping index" />
	
	<Message ID="MMI::DriverParameter::SYNTEC::P17" Content="Alarm status" />
	<Message ID="MMI::DriverParameter::SYNTEC::P17-00" Content="Pending alarm ID" />
	<Message ID="MMI::DriverParameter::SYNTEC::P17-01" Content="Pending alarm ID" />
	<Message ID="MMI::DriverParameter::SYNTEC::P17-02" Content="Pending alarm ID" />
	<Message ID="MMI::DriverParameter::SYNTEC::P17-03" Content="Pending alarm ID" />
	<Message ID="MMI::DriverParameter::SYNTEC::P17-04" Content="Pending alarm ID" />
	<Message ID="MMI::DriverParameter::SYNTEC::P17-05" Content="Pending alarm ID" />
	<Message ID="MMI::DriverParameter::SYNTEC::P17-06" Content="Pending alarm ID" />
	<Message ID="MMI::DriverParameter::SYNTEC::P17-07" Content="Pending alarm ID" />
	<Message ID="MMI::DriverParameter::SYNTEC::P17-08" Content="Pending alarm ID" />
	<Message ID="MMI::DriverParameter::SYNTEC::P17-09" Content="Pending alarm ID" />
	<Message ID="MMI::DriverParameter::SYNTEC::P17-10" Content="History alarm ID" />
	<Message ID="MMI::DriverParameter::SYNTEC::P17-11" Content="History alarm time" />
	<Message ID="MMI::DriverParameter::SYNTEC::P17-12" Content="History alarm ID" />
	<Message ID="MMI::DriverParameter::SYNTEC::P17-13" Content="History alarm time" />
	<Message ID="MMI::DriverParameter::SYNTEC::P17-14" Content="History alarm ID" />
	<Message ID="MMI::DriverParameter::SYNTEC::P17-15" Content="History alarm time" />
	<Message ID="MMI::DriverParameter::SYNTEC::P17-16" Content="History alarm ID" />
	<Message ID="MMI::DriverParameter::SYNTEC::P17-17" Content="History alarm time" />
	<Message ID="MMI::DriverParameter::SYNTEC::P17-18" Content="History alarm ID" />
	<Message ID="MMI::DriverParameter::SYNTEC::P17-19" Content="History alarm time" />
	<Message ID="MMI::DriverParameter::SYNTEC::P17-20" Content="History alarm ID" />
	<Message ID="MMI::DriverParameter::SYNTEC::P17-21" Content="History alarm time" />
	<Message ID="MMI::DriverParameter::SYNTEC::P17-22" Content="History alarm ID" />
	<Message ID="MMI::DriverParameter::SYNTEC::P17-23" Content="History alarm time" />
	<Message ID="MMI::DriverParameter::SYNTEC::P17-24" Content="History alarm ID" />
	<Message ID="MMI::DriverParameter::SYNTEC::P17-25" Content="History alarm time" />
	<Message ID="MMI::DriverParameter::SYNTEC::P17-26" Content="History alarm ID" />
	<Message ID="MMI::DriverParameter::SYNTEC::P17-27" Content="History alarm time" />
	<Message ID="MMI::DriverParameter::SYNTEC::P17-28" Content="History alarm ID" />
	<Message ID="MMI::DriverParameter::SYNTEC::P17-29" Content="History alarm time" />
	<Message ID="MMI::DriverParameter::SYNTEC::P17-30" Content="History alarm ID" />
	<Message ID="MMI::DriverParameter::SYNTEC::P17-31" Content="History alarm time" />
	<Message ID="MMI::DriverParameter::SYNTEC::P17-32" Content="History alarm ID" />
	<Message ID="MMI::DriverParameter::SYNTEC::P17-33" Content="History alarm time" />
	<Message ID="MMI::DriverParameter::SYNTEC::P17-34" Content="History alarm ID" />
	<Message ID="MMI::DriverParameter::SYNTEC::P17-35" Content="History alarm time" />
	<Message ID="MMI::DriverParameter::SYNTEC::P17-36" Content="History alarm ID" />
	<Message ID="MMI::DriverParameter::SYNTEC::P17-37" Content="History alarm time" />
	<Message ID="MMI::DriverParameter::SYNTEC::P17-38" Content="History alarm ID" />
	<Message ID="MMI::DriverParameter::SYNTEC::P17-39" Content="History alarm time" />
	<Message ID="MMI::DriverParameter::SYNTEC::P17-40" Content="History alarm ID" />
	<Message ID="MMI::DriverParameter::SYNTEC::P17-41" Content="History alarm time" />
	<Message ID="MMI::DriverParameter::SYNTEC::P17-42" Content="History alarm ID" />
	<Message ID="MMI::DriverParameter::SYNTEC::P17-43" Content="History alarm time" />
	<Message ID="MMI::DriverParameter::SYNTEC::P17-44" Content="History alarm ID" />
	<Message ID="MMI::DriverParameter::SYNTEC::P17-45" Content="History alarm time" />
	<Message ID="MMI::DriverParameter::SYNTEC::P17-46" Content="History alarm ID" />
	<Message ID="MMI::DriverParameter::SYNTEC::P17-47" Content="History alarm time" />
	<Message ID="MMI::DriverParameter::SYNTEC::P17-48" Content="History alarm ID" />
	<Message ID="MMI::DriverParameter::SYNTEC::P17-49" Content="History alarm time" />
	<Message ID="MMI::DriverParameter::SYNTEC::P17-50" Content="History alarm ID" />
	<Message ID="MMI::DriverParameter::SYNTEC::P17-51" Content="History alarm time" />
	<Message ID="MMI::DriverParameter::SYNTEC::P17-52" Content="History alarm ID" />
	<Message ID="MMI::DriverParameter::SYNTEC::P17-53" Content="History alarm time" />
	<Message ID="MMI::DriverParameter::SYNTEC::P17-54" Content="History alarm ID" />
	<Message ID="MMI::DriverParameter::SYNTEC::P17-55" Content="History alarm time" />
	<Message ID="MMI::DriverParameter::SYNTEC::P17-56" Content="History alarm ID" />
	<Message ID="MMI::DriverParameter::SYNTEC::P17-57" Content="History alarm time" />
	<Message ID="MMI::DriverParameter::SYNTEC::P17-58" Content="History alarm ID" />
	<Message ID="MMI::DriverParameter::SYNTEC::P17-59" Content="History alarm time" />
	<Message ID="MMI::DriverParameter::SYNTEC::P17-60" Content="History alarm ID" />
	<Message ID="MMI::DriverParameter::SYNTEC::P17-61" Content="History alarm time" />
	<Message ID="MMI::DriverParameter::SYNTEC::P17-62" Content="History alarm ID" />
	<Message ID="MMI::DriverParameter::SYNTEC::P17-63" Content="History alarm time" />
	<Message ID="MMI::DriverParameter::SYNTEC::P17-64" Content="History alarm ID" />
	<Message ID="MMI::DriverParameter::SYNTEC::P17-65" Content="History alarm time" />
	<Message ID="MMI::DriverParameter::SYNTEC::P17-66" Content="History alarm ID" />
	<Message ID="MMI::DriverParameter::SYNTEC::P17-67" Content="History alarm time" />
	<Message ID="MMI::DriverParameter::SYNTEC::P17-68" Content="History alarm ID" />
	<Message ID="MMI::DriverParameter::SYNTEC::P17-69" Content="History alarm time" />
	
	<Message ID="MMI::DriverParameter::SYNTEC::Fn" Content="Special Function" />
	<Message ID="MMI::DriverParameter::SYNTEC::Fn-00" Content="Enable Auxiliary Functions" />
	<Message ID="MMI::DriverParameter::SYNTEC::Fn-01" Content="JOG Direction" />
	<Message ID="MMI::DriverParameter::SYNTEC::Fn-02" Content="JOG Speed" />
	<Message ID="MMI::DriverParameter::SYNTEC::Fn-03" Content="JOG Mode" />
	<Message ID="MMI::DriverParameter::SYNTEC::Fn-04" Content="Motion Limit 1" />
	<Message ID="MMI::DriverParameter::SYNTEC::Fn-05" Content="Motion Limit 2" />
	<Message ID="MMI::DriverParameter::SYNTEC::Fn-06" Content="Fn-06" />
	<Message ID="MMI::DriverParameter::SYNTEC::Fn-07" Content="Fn-07" />
	<Message ID="MMI::DriverParameter::SYNTEC::Fn-08" Content="Fn-08" />
	<Message ID="MMI::DriverParameter::SYNTEC::Fn-09" Content="Fn-09" />
	<Message ID="MMI::DriverParameter::SYNTEC::Fn-10" Content="Tuning Type" />
	<Message ID="MMI::DriverParameter::SYNTEC::Fn-11" Content="Motor Tuning Type" />
	<Message ID="MMI::DriverParameter::SYNTEC::Fn-12" Content="Producing Tuning Type" />
	<Message ID="MMI::DriverParameter::SYNTEC::Fn-13" Content="Research and Development Tuning Type" />
	<Message ID="MMI::DriverParameter::SYNTEC::Fn-18" Content="Tuning gain ratio" />
	<Message ID="MMI::DriverParameter::SYNTEC::Fn-20" Content="Test Function Type" />
	<Message ID="MMI::DriverParameter::SYNTEC::Fn-21" Content="Fn-21" />
	<Message ID="MMI::DriverParameter::SYNTEC::Fn-22" Content="Torque Command in Test Mode" />
	<Message ID="MMI::DriverParameter::SYNTEC::Fn-23" Content="Voltage Command in Test Mode" />
	<Message ID="MMI::DriverParameter::SYNTEC::Fn-24" Content="Current Command in Test Mode" />
	<Message ID="MMI::DriverParameter::SYNTEC::Fn-25" Content="Frequency Command in Test Mode" />
	<Message ID="MMI::DriverParameter::SYNTEC::Fn-26" Content="Encoder ADC Value in Test Mode" />
	<Message ID="MMI::DriverParameter::SYNTEC::Fn-27" Content="Electric angle command in Test Mode" />
	<Message ID="MMI::DriverParameter::SYNTEC::Fn-30" Content="Save Parameters" />
	<Message ID="MMI::DriverParameter::SYNTEC::Fn-31" Content="Password" />
	<Message ID="MMI::DriverParameter::SYNTEC::Fn-32" Content="Reset Alarm" />
	<Message ID="MMI::DriverParameter::SYNTEC::Fn-33" Content="Load Default Parameter" />
	<Message ID="MMI::DriverParameter::SYNTEC::Fn-34" Content="*Reset Battery Error of Abs. Encoder" />
	<Message ID="MMI::DriverParameter::SYNTEC::Fn-50" Content="Debug parameter 0" />
	<Message ID="MMI::DriverParameter::SYNTEC::Fn-51" Content="Debug parameter 1" />
	<Message ID="MMI::DriverParameter::SYNTEC::Fn-52" Content="Debug parameter 2" />
	<Message ID="MMI::DriverParameter::SYNTEC::Fn-53" Content="Debug parameter 3" />
	<Message ID="MMI::DriverParameter::SYNTEC::Fn-54" Content="Debug parameter 4" />
	<Message ID="MMI::DriverParameter::SYNTEC::Fn-55" Content="Debug parameter 5" />
	<Message ID="MMI::DriverParameter::SYNTEC::Fn-56" Content="Debug parameter 6" />
	<Message ID="MMI::DriverParameter::SYNTEC::Fn-57" Content="Debug parameter 7" />
	<Message ID="MMI::DriverParameter::SYNTEC::Fn-58" Content="Fn-58" />
	<Message ID="MMI::DriverParameter::SYNTEC::Fn-59" Content="Fn-59" />
	<Message ID="MMI::DriverParameter::SYNTEC::Fn-60" Content="Io output software trigger" />
	<Message ID="MMI::DriverParameter::SYNTEC::Fn-96" Content="QC Encoder ReadWrite Address" />
	<Message ID="MMI::DriverParameter::SYNTEC::Fn-97" Content="QC Encoder ReadWrite Data" />
	<Message ID="MMI::DriverParameter::SYNTEC::Fn-98" Content="QC Encoder ReadWrite Command" />
	<Message ID="MMI::DriverParameter::SYNTEC::P30" Content="CoggingTable[0-99]" />
	<Message ID="MMI::DriverParameter::SYNTEC::P30-00" Content="CoggingTable0" />
	<Message ID="MMI::DriverParameter::SYNTEC::P30-01" Content="CoggingTable1" />
	<Message ID="MMI::DriverParameter::SYNTEC::P30-02" Content="CoggingTable2" />
	<Message ID="MMI::DriverParameter::SYNTEC::P30-03" Content="CoggingTable3" />
	<Message ID="MMI::DriverParameter::SYNTEC::P30-04" Content="CoggingTable4" />
	<Message ID="MMI::DriverParameter::SYNTEC::P30-05" Content="CoggingTable5" />
	<Message ID="MMI::DriverParameter::SYNTEC::P30-06" Content="CoggingTable6" />
	<Message ID="MMI::DriverParameter::SYNTEC::P30-07" Content="CoggingTable7" />
	<Message ID="MMI::DriverParameter::SYNTEC::P30-08" Content="CoggingTable8" />
	<Message ID="MMI::DriverParameter::SYNTEC::P30-09" Content="CoggingTable9" />
	<Message ID="MMI::DriverParameter::SYNTEC::P30-10" Content="CoggingTable10" />
	<Message ID="MMI::DriverParameter::SYNTEC::P30-11" Content="CoggingTable11" />
	<Message ID="MMI::DriverParameter::SYNTEC::P30-12" Content="CoggingTable12" />
	<Message ID="MMI::DriverParameter::SYNTEC::P30-13" Content="CoggingTable13" />
	<Message ID="MMI::DriverParameter::SYNTEC::P30-14" Content="CoggingTable14" />
	<Message ID="MMI::DriverParameter::SYNTEC::P30-15" Content="CoggingTable15" />
	<Message ID="MMI::DriverParameter::SYNTEC::P30-16" Content="CoggingTable16" />
	<Message ID="MMI::DriverParameter::SYNTEC::P30-17" Content="CoggingTable17" />
	<Message ID="MMI::DriverParameter::SYNTEC::P30-18" Content="CoggingTable18" />
	<Message ID="MMI::DriverParameter::SYNTEC::P30-19" Content="CoggingTable19" />
	<Message ID="MMI::DriverParameter::SYNTEC::P30-20" Content="CoggingTable20" />
	<Message ID="MMI::DriverParameter::SYNTEC::P30-21" Content="CoggingTable21" />
	<Message ID="MMI::DriverParameter::SYNTEC::P30-22" Content="CoggingTable22" />
	<Message ID="MMI::DriverParameter::SYNTEC::P30-23" Content="CoggingTable23" />
	<Message ID="MMI::DriverParameter::SYNTEC::P30-24" Content="CoggingTable24" />
	<Message ID="MMI::DriverParameter::SYNTEC::P30-25" Content="CoggingTable25" />
	<Message ID="MMI::DriverParameter::SYNTEC::P30-26" Content="CoggingTable26" />
	<Message ID="MMI::DriverParameter::SYNTEC::P30-27" Content="CoggingTable27" />
	<Message ID="MMI::DriverParameter::SYNTEC::P30-28" Content="CoggingTable28" />
	<Message ID="MMI::DriverParameter::SYNTEC::P30-29" Content="CoggingTable29" />
	<Message ID="MMI::DriverParameter::SYNTEC::P30-30" Content="CoggingTable30" />
	<Message ID="MMI::DriverParameter::SYNTEC::P30-31" Content="CoggingTable31" />
	<Message ID="MMI::DriverParameter::SYNTEC::P30-32" Content="CoggingTable32" />
	<Message ID="MMI::DriverParameter::SYNTEC::P30-33" Content="CoggingTable33" />
	<Message ID="MMI::DriverParameter::SYNTEC::P30-34" Content="CoggingTable34" />
	<Message ID="MMI::DriverParameter::SYNTEC::P30-35" Content="CoggingTable35" />
	<Message ID="MMI::DriverParameter::SYNTEC::P30-36" Content="CoggingTable36" />
	<Message ID="MMI::DriverParameter::SYNTEC::P30-37" Content="CoggingTable37" />
	<Message ID="MMI::DriverParameter::SYNTEC::P30-38" Content="CoggingTable38" />
	<Message ID="MMI::DriverParameter::SYNTEC::P30-39" Content="CoggingTable39" />
	<Message ID="MMI::DriverParameter::SYNTEC::P30-40" Content="CoggingTable40" />
	<Message ID="MMI::DriverParameter::SYNTEC::P30-41" Content="CoggingTable41" />
	<Message ID="MMI::DriverParameter::SYNTEC::P30-42" Content="CoggingTable42" />
	<Message ID="MMI::DriverParameter::SYNTEC::P30-43" Content="CoggingTable43" />
	<Message ID="MMI::DriverParameter::SYNTEC::P30-44" Content="CoggingTable44" />
	<Message ID="MMI::DriverParameter::SYNTEC::P30-45" Content="CoggingTable45" />
	<Message ID="MMI::DriverParameter::SYNTEC::P30-46" Content="CoggingTable46" />
	<Message ID="MMI::DriverParameter::SYNTEC::P30-47" Content="CoggingTable47" />
	<Message ID="MMI::DriverParameter::SYNTEC::P30-48" Content="CoggingTable48" />
	<Message ID="MMI::DriverParameter::SYNTEC::P30-49" Content="CoggingTable49" />
	<Message ID="MMI::DriverParameter::SYNTEC::P30-50" Content="CoggingTable50" />
	<Message ID="MMI::DriverParameter::SYNTEC::P30-51" Content="CoggingTable51" />
	<Message ID="MMI::DriverParameter::SYNTEC::P30-52" Content="CoggingTable52" />
	<Message ID="MMI::DriverParameter::SYNTEC::P30-53" Content="CoggingTable53" />
	<Message ID="MMI::DriverParameter::SYNTEC::P30-54" Content="CoggingTable54" />
	<Message ID="MMI::DriverParameter::SYNTEC::P30-55" Content="CoggingTable55" />
	<Message ID="MMI::DriverParameter::SYNTEC::P30-56" Content="CoggingTable56" />
	<Message ID="MMI::DriverParameter::SYNTEC::P30-57" Content="CoggingTable57" />
	<Message ID="MMI::DriverParameter::SYNTEC::P30-58" Content="CoggingTable58" />
	<Message ID="MMI::DriverParameter::SYNTEC::P30-59" Content="CoggingTable59" />
	<Message ID="MMI::DriverParameter::SYNTEC::P30-60" Content="CoggingTable60" />
	<Message ID="MMI::DriverParameter::SYNTEC::P30-61" Content="CoggingTable61" />
	<Message ID="MMI::DriverParameter::SYNTEC::P30-62" Content="CoggingTable62" />
	<Message ID="MMI::DriverParameter::SYNTEC::P30-63" Content="CoggingTable63" />
	<Message ID="MMI::DriverParameter::SYNTEC::P30-64" Content="CoggingTable64" />
	<Message ID="MMI::DriverParameter::SYNTEC::P30-65" Content="CoggingTable65" />
	<Message ID="MMI::DriverParameter::SYNTEC::P30-66" Content="CoggingTable66" />
	<Message ID="MMI::DriverParameter::SYNTEC::P30-67" Content="CoggingTable67" />
	<Message ID="MMI::DriverParameter::SYNTEC::P30-68" Content="CoggingTable68" />
	<Message ID="MMI::DriverParameter::SYNTEC::P30-69" Content="CoggingTable69" />
	<Message ID="MMI::DriverParameter::SYNTEC::P30-70" Content="CoggingTable70" />
	<Message ID="MMI::DriverParameter::SYNTEC::P30-71" Content="CoggingTable71" />
	<Message ID="MMI::DriverParameter::SYNTEC::P30-72" Content="CoggingTable72" />
	<Message ID="MMI::DriverParameter::SYNTEC::P30-73" Content="CoggingTable73" />
	<Message ID="MMI::DriverParameter::SYNTEC::P30-74" Content="CoggingTable74" />
	<Message ID="MMI::DriverParameter::SYNTEC::P30-75" Content="CoggingTable75" />
	<Message ID="MMI::DriverParameter::SYNTEC::P30-76" Content="CoggingTable76" />
	<Message ID="MMI::DriverParameter::SYNTEC::P30-77" Content="CoggingTable77" />
	<Message ID="MMI::DriverParameter::SYNTEC::P30-78" Content="CoggingTable78" />
	<Message ID="MMI::DriverParameter::SYNTEC::P30-79" Content="CoggingTable79" />
	<Message ID="MMI::DriverParameter::SYNTEC::P30-80" Content="CoggingTable80" />
	<Message ID="MMI::DriverParameter::SYNTEC::P30-81" Content="CoggingTable81" />
	<Message ID="MMI::DriverParameter::SYNTEC::P30-82" Content="CoggingTable82" />
	<Message ID="MMI::DriverParameter::SYNTEC::P30-83" Content="CoggingTable83" />
	<Message ID="MMI::DriverParameter::SYNTEC::P30-84" Content="CoggingTable84" />
	<Message ID="MMI::DriverParameter::SYNTEC::P30-85" Content="CoggingTable85" />
	<Message ID="MMI::DriverParameter::SYNTEC::P30-86" Content="CoggingTable86" />
	<Message ID="MMI::DriverParameter::SYNTEC::P30-87" Content="CoggingTable87" />
	<Message ID="MMI::DriverParameter::SYNTEC::P30-88" Content="CoggingTable88" />
	<Message ID="MMI::DriverParameter::SYNTEC::P30-89" Content="CoggingTable89" />
	<Message ID="MMI::DriverParameter::SYNTEC::P30-90" Content="CoggingTable90" />
	<Message ID="MMI::DriverParameter::SYNTEC::P30-91" Content="CoggingTable91" />
	<Message ID="MMI::DriverParameter::SYNTEC::P30-92" Content="CoggingTable92" />
	<Message ID="MMI::DriverParameter::SYNTEC::P30-93" Content="CoggingTable93" />
	<Message ID="MMI::DriverParameter::SYNTEC::P30-94" Content="CoggingTable94" />
	<Message ID="MMI::DriverParameter::SYNTEC::P30-95" Content="CoggingTable95" />
	<Message ID="MMI::DriverParameter::SYNTEC::P30-96" Content="CoggingTable96" />
	<Message ID="MMI::DriverParameter::SYNTEC::P30-97" Content="CoggingTable97" />
	<Message ID="MMI::DriverParameter::SYNTEC::P30-98" Content="CoggingTable98" />
	<Message ID="MMI::DriverParameter::SYNTEC::P30-99" Content="CoggingTable99" />
	<Message ID="MMI::DriverParameter::SYNTEC::P31" Content="CoggingTable[100-199]" />
	<Message ID="MMI::DriverParameter::SYNTEC::P31-00" Content="CoggingTable100" />
	<Message ID="MMI::DriverParameter::SYNTEC::P31-01" Content="CoggingTable101" />
	<Message ID="MMI::DriverParameter::SYNTEC::P31-02" Content="CoggingTable102" />
	<Message ID="MMI::DriverParameter::SYNTEC::P31-03" Content="CoggingTable103" />
	<Message ID="MMI::DriverParameter::SYNTEC::P31-04" Content="CoggingTable104" />
	<Message ID="MMI::DriverParameter::SYNTEC::P31-05" Content="CoggingTable105" />
	<Message ID="MMI::DriverParameter::SYNTEC::P31-06" Content="CoggingTable106" />
	<Message ID="MMI::DriverParameter::SYNTEC::P31-07" Content="CoggingTable107" />
	<Message ID="MMI::DriverParameter::SYNTEC::P31-08" Content="CoggingTable108" />
	<Message ID="MMI::DriverParameter::SYNTEC::P31-09" Content="CoggingTable109" />
	<Message ID="MMI::DriverParameter::SYNTEC::P31-10" Content="CoggingTable110" />
	<Message ID="MMI::DriverParameter::SYNTEC::P31-11" Content="CoggingTable111" />
	<Message ID="MMI::DriverParameter::SYNTEC::P31-12" Content="CoggingTable112" />
	<Message ID="MMI::DriverParameter::SYNTEC::P31-13" Content="CoggingTable113" />
	<Message ID="MMI::DriverParameter::SYNTEC::P31-14" Content="CoggingTable114" />
	<Message ID="MMI::DriverParameter::SYNTEC::P31-15" Content="CoggingTable115" />
	<Message ID="MMI::DriverParameter::SYNTEC::P31-16" Content="CoggingTable116" />
	<Message ID="MMI::DriverParameter::SYNTEC::P31-17" Content="CoggingTable117" />
	<Message ID="MMI::DriverParameter::SYNTEC::P31-18" Content="CoggingTable118" />
	<Message ID="MMI::DriverParameter::SYNTEC::P31-19" Content="CoggingTable119" />
	<Message ID="MMI::DriverParameter::SYNTEC::P31-20" Content="CoggingTable120" />
	<Message ID="MMI::DriverParameter::SYNTEC::P31-21" Content="CoggingTable121" />
	<Message ID="MMI::DriverParameter::SYNTEC::P31-22" Content="CoggingTable122" />
	<Message ID="MMI::DriverParameter::SYNTEC::P31-23" Content="CoggingTable123" />
	<Message ID="MMI::DriverParameter::SYNTEC::P31-24" Content="CoggingTable124" />
	<Message ID="MMI::DriverParameter::SYNTEC::P31-25" Content="CoggingTable125" />
	<Message ID="MMI::DriverParameter::SYNTEC::P31-26" Content="CoggingTable126" />
	<Message ID="MMI::DriverParameter::SYNTEC::P31-27" Content="CoggingTable127" />
	<Message ID="MMI::DriverParameter::SYNTEC::P31-28" Content="CoggingTable128" />
	<Message ID="MMI::DriverParameter::SYNTEC::P31-29" Content="CoggingTable129" />
	<Message ID="MMI::DriverParameter::SYNTEC::P31-30" Content="CoggingTable130" />
	<Message ID="MMI::DriverParameter::SYNTEC::P31-31" Content="CoggingTable131" />
	<Message ID="MMI::DriverParameter::SYNTEC::P31-32" Content="CoggingTable132" />
	<Message ID="MMI::DriverParameter::SYNTEC::P31-33" Content="CoggingTable133" />
	<Message ID="MMI::DriverParameter::SYNTEC::P31-34" Content="CoggingTable134" />
	<Message ID="MMI::DriverParameter::SYNTEC::P31-35" Content="CoggingTable135" />
	<Message ID="MMI::DriverParameter::SYNTEC::P31-36" Content="CoggingTable136" />
	<Message ID="MMI::DriverParameter::SYNTEC::P31-37" Content="CoggingTable137" />
	<Message ID="MMI::DriverParameter::SYNTEC::P31-38" Content="CoggingTable138" />
	<Message ID="MMI::DriverParameter::SYNTEC::P31-39" Content="CoggingTable139" />
	<Message ID="MMI::DriverParameter::SYNTEC::P31-40" Content="CoggingTable140" />
	<Message ID="MMI::DriverParameter::SYNTEC::P31-41" Content="CoggingTable141" />
	<Message ID="MMI::DriverParameter::SYNTEC::P31-42" Content="CoggingTable142" />
	<Message ID="MMI::DriverParameter::SYNTEC::P31-43" Content="CoggingTable143" />
	<Message ID="MMI::DriverParameter::SYNTEC::P31-44" Content="CoggingTable144" />
	<Message ID="MMI::DriverParameter::SYNTEC::P31-45" Content="CoggingTable145" />
	<Message ID="MMI::DriverParameter::SYNTEC::P31-46" Content="CoggingTable146" />
	<Message ID="MMI::DriverParameter::SYNTEC::P31-47" Content="CoggingTable147" />
	<Message ID="MMI::DriverParameter::SYNTEC::P31-48" Content="CoggingTable148" />
	<Message ID="MMI::DriverParameter::SYNTEC::P31-49" Content="CoggingTable149" />
	<Message ID="MMI::DriverParameter::SYNTEC::P31-50" Content="CoggingTable150" />
	<Message ID="MMI::DriverParameter::SYNTEC::P31-51" Content="CoggingTable151" />
	<Message ID="MMI::DriverParameter::SYNTEC::P31-52" Content="CoggingTable152" />
	<Message ID="MMI::DriverParameter::SYNTEC::P31-53" Content="CoggingTable153" />
	<Message ID="MMI::DriverParameter::SYNTEC::P31-54" Content="CoggingTable154" />
	<Message ID="MMI::DriverParameter::SYNTEC::P31-55" Content="CoggingTable155" />
	<Message ID="MMI::DriverParameter::SYNTEC::P31-56" Content="CoggingTable156" />
	<Message ID="MMI::DriverParameter::SYNTEC::P31-57" Content="CoggingTable157" />
	<Message ID="MMI::DriverParameter::SYNTEC::P31-58" Content="CoggingTable158" />
	<Message ID="MMI::DriverParameter::SYNTEC::P31-59" Content="CoggingTable159" />
	<Message ID="MMI::DriverParameter::SYNTEC::P31-60" Content="CoggingTable160" />
	<Message ID="MMI::DriverParameter::SYNTEC::P31-61" Content="CoggingTable161" />
	<Message ID="MMI::DriverParameter::SYNTEC::P31-62" Content="CoggingTable162" />
	<Message ID="MMI::DriverParameter::SYNTEC::P31-63" Content="CoggingTable163" />
	<Message ID="MMI::DriverParameter::SYNTEC::P31-64" Content="CoggingTable164" />
	<Message ID="MMI::DriverParameter::SYNTEC::P31-65" Content="CoggingTable165" />
	<Message ID="MMI::DriverParameter::SYNTEC::P31-66" Content="CoggingTable166" />
	<Message ID="MMI::DriverParameter::SYNTEC::P31-67" Content="CoggingTable167" />
	<Message ID="MMI::DriverParameter::SYNTEC::P31-68" Content="CoggingTable168" />
	<Message ID="MMI::DriverParameter::SYNTEC::P31-69" Content="CoggingTable169" />
	<Message ID="MMI::DriverParameter::SYNTEC::P31-70" Content="CoggingTable170" />
	<Message ID="MMI::DriverParameter::SYNTEC::P31-71" Content="CoggingTable171" />
	<Message ID="MMI::DriverParameter::SYNTEC::P31-72" Content="CoggingTable172" />
	<Message ID="MMI::DriverParameter::SYNTEC::P31-73" Content="CoggingTable173" />
	<Message ID="MMI::DriverParameter::SYNTEC::P31-74" Content="CoggingTable174" />
	<Message ID="MMI::DriverParameter::SYNTEC::P31-75" Content="CoggingTable175" />
	<Message ID="MMI::DriverParameter::SYNTEC::P31-76" Content="CoggingTable176" />
	<Message ID="MMI::DriverParameter::SYNTEC::P31-77" Content="CoggingTable177" />
	<Message ID="MMI::DriverParameter::SYNTEC::P31-78" Content="CoggingTable178" />
	<Message ID="MMI::DriverParameter::SYNTEC::P31-79" Content="CoggingTable179" />
	<Message ID="MMI::DriverParameter::SYNTEC::P31-80" Content="CoggingTable180" />
	<Message ID="MMI::DriverParameter::SYNTEC::P31-81" Content="CoggingTable181" />
	<Message ID="MMI::DriverParameter::SYNTEC::P31-82" Content="CoggingTable182" />
	<Message ID="MMI::DriverParameter::SYNTEC::P31-83" Content="CoggingTable183" />
	<Message ID="MMI::DriverParameter::SYNTEC::P31-84" Content="CoggingTable184" />
	<Message ID="MMI::DriverParameter::SYNTEC::P31-85" Content="CoggingTable185" />
	<Message ID="MMI::DriverParameter::SYNTEC::P31-86" Content="CoggingTable186" />
	<Message ID="MMI::DriverParameter::SYNTEC::P31-87" Content="CoggingTable187" />
	<Message ID="MMI::DriverParameter::SYNTEC::P31-88" Content="CoggingTable188" />
	<Message ID="MMI::DriverParameter::SYNTEC::P31-89" Content="CoggingTable189" />
	<Message ID="MMI::DriverParameter::SYNTEC::P31-90" Content="CoggingTable190" />
	<Message ID="MMI::DriverParameter::SYNTEC::P31-91" Content="CoggingTable191" />
	<Message ID="MMI::DriverParameter::SYNTEC::P31-92" Content="CoggingTable192" />
	<Message ID="MMI::DriverParameter::SYNTEC::P31-93" Content="CoggingTable193" />
	<Message ID="MMI::DriverParameter::SYNTEC::P31-94" Content="CoggingTable194" />
	<Message ID="MMI::DriverParameter::SYNTEC::P31-95" Content="CoggingTable195" />
	<Message ID="MMI::DriverParameter::SYNTEC::P31-96" Content="CoggingTable196" />
	<Message ID="MMI::DriverParameter::SYNTEC::P31-97" Content="CoggingTable197" />
	<Message ID="MMI::DriverParameter::SYNTEC::P31-98" Content="CoggingTable198" />
	<Message ID="MMI::DriverParameter::SYNTEC::P31-99" Content="CoggingTable199" />
	<Message ID="MMI::DriverParameter::SYNTEC::P32" Content="CoggingTable[200-255] and OTHER" />
	<Message ID="MMI::DriverParameter::SYNTEC::P32-00" Content="CoggingTable200" />
	<Message ID="MMI::DriverParameter::SYNTEC::P32-01" Content="CoggingTable201" />
	<Message ID="MMI::DriverParameter::SYNTEC::P32-02" Content="CoggingTable202" />
	<Message ID="MMI::DriverParameter::SYNTEC::P32-03" Content="CoggingTable203" />
	<Message ID="MMI::DriverParameter::SYNTEC::P32-04" Content="CoggingTable204" />
	<Message ID="MMI::DriverParameter::SYNTEC::P32-05" Content="CoggingTable205" />
	<Message ID="MMI::DriverParameter::SYNTEC::P32-06" Content="CoggingTable206" />
	<Message ID="MMI::DriverParameter::SYNTEC::P32-07" Content="CoggingTable207" />
	<Message ID="MMI::DriverParameter::SYNTEC::P32-08" Content="CoggingTable208" />
	<Message ID="MMI::DriverParameter::SYNTEC::P32-09" Content="CoggingTable209" />
	<Message ID="MMI::DriverParameter::SYNTEC::P32-10" Content="CoggingTable210" />
	<Message ID="MMI::DriverParameter::SYNTEC::P32-11" Content="CoggingTable211" />
	<Message ID="MMI::DriverParameter::SYNTEC::P32-12" Content="CoggingTable212" />
	<Message ID="MMI::DriverParameter::SYNTEC::P32-13" Content="CoggingTable213" />
	<Message ID="MMI::DriverParameter::SYNTEC::P32-14" Content="CoggingTable214" />
	<Message ID="MMI::DriverParameter::SYNTEC::P32-15" Content="CoggingTable215" />
	<Message ID="MMI::DriverParameter::SYNTEC::P32-16" Content="CoggingTable216" />
	<Message ID="MMI::DriverParameter::SYNTEC::P32-17" Content="CoggingTable217" />
	<Message ID="MMI::DriverParameter::SYNTEC::P32-18" Content="CoggingTable218" />
	<Message ID="MMI::DriverParameter::SYNTEC::P32-19" Content="CoggingTable219" />
	<Message ID="MMI::DriverParameter::SYNTEC::P32-20" Content="CoggingTable220" />
	<Message ID="MMI::DriverParameter::SYNTEC::P32-21" Content="CoggingTable221" />
	<Message ID="MMI::DriverParameter::SYNTEC::P32-22" Content="CoggingTable222" />
	<Message ID="MMI::DriverParameter::SYNTEC::P32-23" Content="CoggingTable223" />
	<Message ID="MMI::DriverParameter::SYNTEC::P32-24" Content="CoggingTable224" />
	<Message ID="MMI::DriverParameter::SYNTEC::P32-25" Content="CoggingTable225" />
	<Message ID="MMI::DriverParameter::SYNTEC::P32-26" Content="CoggingTable226" />
	<Message ID="MMI::DriverParameter::SYNTEC::P32-27" Content="CoggingTable227" />
	<Message ID="MMI::DriverParameter::SYNTEC::P32-28" Content="CoggingTable228" />
	<Message ID="MMI::DriverParameter::SYNTEC::P32-29" Content="CoggingTable229" />
	<Message ID="MMI::DriverParameter::SYNTEC::P32-30" Content="CoggingTable230" />
	<Message ID="MMI::DriverParameter::SYNTEC::P32-31" Content="CoggingTable231" />
	<Message ID="MMI::DriverParameter::SYNTEC::P32-32" Content="CoggingTable232" />
	<Message ID="MMI::DriverParameter::SYNTEC::P32-33" Content="CoggingTable233" />
	<Message ID="MMI::DriverParameter::SYNTEC::P32-34" Content="CoggingTable234" />
	<Message ID="MMI::DriverParameter::SYNTEC::P32-35" Content="CoggingTable235" />
	<Message ID="MMI::DriverParameter::SYNTEC::P32-36" Content="CoggingTable236" />
	<Message ID="MMI::DriverParameter::SYNTEC::P32-37" Content="CoggingTable237" />
	<Message ID="MMI::DriverParameter::SYNTEC::P32-38" Content="CoggingTable238" />
	<Message ID="MMI::DriverParameter::SYNTEC::P32-39" Content="CoggingTable239" />
	<Message ID="MMI::DriverParameter::SYNTEC::P32-40" Content="CoggingTable240" />
	<Message ID="MMI::DriverParameter::SYNTEC::P32-41" Content="CoggingTable241" />
	<Message ID="MMI::DriverParameter::SYNTEC::P32-42" Content="CoggingTable242" />
	<Message ID="MMI::DriverParameter::SYNTEC::P32-43" Content="CoggingTable243" />
	<Message ID="MMI::DriverParameter::SYNTEC::P32-44" Content="CoggingTable244" />
	<Message ID="MMI::DriverParameter::SYNTEC::P32-45" Content="CoggingTable245" />
	<Message ID="MMI::DriverParameter::SYNTEC::P32-46" Content="CoggingTable246" />
	<Message ID="MMI::DriverParameter::SYNTEC::P32-47" Content="CoggingTable247" />
	<Message ID="MMI::DriverParameter::SYNTEC::P32-48" Content="CoggingTable248" />
	<Message ID="MMI::DriverParameter::SYNTEC::P32-49" Content="CoggingTable249" />
	<Message ID="MMI::DriverParameter::SYNTEC::P32-50" Content="CoggingTable250" />
	<Message ID="MMI::DriverParameter::SYNTEC::P32-51" Content="CoggingTable251" />
	<Message ID="MMI::DriverParameter::SYNTEC::P32-52" Content="CoggingTable252" />
	<Message ID="MMI::DriverParameter::SYNTEC::P32-53" Content="CoggingTable253" />
	<Message ID="MMI::DriverParameter::SYNTEC::P32-54" Content="CoggingTable254" />
	<Message ID="MMI::DriverParameter::SYNTEC::P32-55" Content="CoggingTable255" />
	<Message ID="MMI::DriverParameter::SYNTEC::P32-56" Content="ROTORINITPOS_TUNINGDATA_Magnitude" />
	<Message ID="MMI::DriverParameter::SYNTEC::P32-57" Content="ROTORINITPOS_TUNINGDATA_GainTable0" />
	<Message ID="MMI::DriverParameter::SYNTEC::P32-58" Content="ROTORINITPOS_TUNINGDATA_GainTable1" />
	<Message ID="MMI::DriverParameter::SYNTEC::P32-59" Content="ROTORINITPOS_TUNINGDATA_GainTable2" />
	<Message ID="MMI::DriverParameter::SYNTEC::P32-60" Content="ROTORINITPOS_TUNINGDATA_GainTable3" />
	<Message ID="MMI::DriverParameter::SYNTEC::P32-61" Content="ROTORINITPOS_TUNINGDATA_GainTable4" />
	<Message ID="MMI::DriverParameter::SYNTEC::P32-62" Content="ROTORINITPOS_TUNINGDATA_GainTable5" />
	<Message ID="MMI::DriverParameter::SYNTEC::P32-63" Content="ROTORINITPOS_TUNINGDATA_GainTable6" />
	<Message ID="MMI::DriverParameter::SYNTEC::P32-64" Content="ROTORINITPOS_TUNINGDATA_GainTable7" />
	<Message ID="MMI::DriverParameter::SYNTEC::P32-65" Content="ROTORINITPOS_TUNINGDATA_GainTable8" />
	<Message ID="MMI::DriverParameter::SYNTEC::P32-66" Content="ROTORINITPOS_TUNINGDATA_GainTable9" />
	<Message ID="MMI::DriverParameter::SYNTEC::P32-67" Content="ROTORINITPOS_TUNINGDATA_GainTable10" />
	<Message ID="MMI::DriverParameter::SYNTEC::P32-68" Content="ROTORINITPOS_TUNINGDATA_GainTable11" />
	<Message ID="MMI::DriverParameter::SYNTEC::P32-69" Content="ROTORINITPOS_TUNINGDATA_GainTable12" />
	<Message ID="MMI::DriverParameter::SYNTEC::P32-70" Content="ROTORINITPOS_TUNINGDATA_GainTable13" />
	<Message ID="MMI::DriverParameter::SYNTEC::P32-71" Content="ROTORINITPOS_TUNINGDATA_GainTable14" />
	<Message ID="MMI::DriverParameter::SYNTEC::P32-72" Content="ROTORINITPOS_TUNINGDATA_GainTable15" />
	<Message ID="MMI::DriverParameter::SYNTEC::P32-73" Content="ROTORINITPOS_TUNINGDATA_GainTable16" />
	<Message ID="MMI::DriverParameter::SYNTEC::P32-74" Content="ROTORINITPOS_TUNINGDATA_GainTable17" />
	<Message ID="MMI::DriverParameter::SYNTEC::P32-75" Content="ROTORINITPOS_TUNINGDATA_GainTable18" />
	<Message ID="MMI::DriverParameter::SYNTEC::P32-76" Content="ROTORINITPOS_TUNINGDATA_GainTable19" />
	<Message ID="MMI::DriverParameter::SYNTEC::P32-77" Content="ROTORINITPOS_TUNINGDATA_GainTable20" />
	<Message ID="MMI::DriverParameter::SYNTEC::P32-78" Content="ROTORINITPOS_TUNINGDATA_GainTable21" />
	<Message ID="MMI::DriverParameter::SYNTEC::P32-79" Content="ROTORINITPOS_TUNINGDATA_GainTable22" />
	<Message ID="MMI::DriverParameter::SYNTEC::P32-80" Content="ROTORINITPOS_TUNINGDATA_GainTable23" />
	<Message ID="MMI::DriverParameter::SYNTEC::Tunning" Content="" />
	<Message ID="MMI::DriverParameter::SYNTEC::Tunning-Type" Content="Select type accourding to machine element to be driven." />
</ResMap>

