﻿<?xml version="1.0" encoding="UTF-8"?>
<!--Created by 'eHMI'version2.2.10-->
<!--BROWSER SIZE|H:400|W:350-->
<Screen>
  <Name>SerialTunning_Input2</Name>
  <Panel>
    <Name>Pan_Backgnd</Name>
    <Left>0</Left>
    <Top>0</Top>
    <Width>450</Width>
    <Height>400</Height>
    <BorderStyle>1</BorderStyle>
    <BackColor>213,213,213</BackColor>
  </Panel>
  <Grid Name="CoordDataTable1" Height="70" Repeat="4"> 
	  <Label>
	    <Left>50</Left>
	    <Top>10</Top>
	    <Height>30</Height>
	    <Width>400</Width>
	    <Name>Lab_Item</Name>
	    <FontSize>12</FontSize>
	    <BorderStyle>0</BorderStyle>
	    <Visible>False</Visible>
	    <Depth>1</Depth>
	    <ForeColor>0,0,0</ForeColor>
	    <BackColor>213,213,213</BackColor>
            <Alignment>0</Alignment>
	    <Caption>
	    </Caption>
	  </Label>
	</Grid>
  <Grid Name="CoordDataTable2" Height="70" Repeat="4"> 
	  <Input>
	    <Left>50</Left>
	    <Top>40</Top>
	    <Height>30</Height>
	    <Width>96</Width>
	    <Name>Inp_Value</Name>
	    <BorderStyle>1</BorderStyle>
	    <Depth>1</Depth>
	    <FontSize>12</FontSize>
            <BackColor>128,128,128</BackColor>
	</Input>
	</Grid>
</Screen>
