<SerialParameter>
	<Subject name="SYNTECAll">
		<Category>P0</Category>
		<Category>P1</Category>
		<Category>P2</Category>
		<Category>P3</Category>
		<Category>P4</Category>
		<Category>P5</Category>
		<Category>P6</Category>
		<Category>Fn</Category>
	</Subject>
	<Subject name="SYNTECCom">
		<Parameter>Fn-30</Parameter>
		<Parameter>P0-01</Parameter>
		<Parameter>P1-20</Parameter>
		<Parameter>P1-21</Parameter>
		<Parameter>P1-32</Parameter>
		<Parameter>P1-33</Parameter>
		<Parameter>P2-01</Parameter>
		<Parameter>P2-02</Parameter>
		<Parameter>P2-03</Parameter>
		<Parameter>P2-04</Parameter>
		<Parameter>P2-05</Parameter>
		<Parameter>P2-06</Parameter>
		<Parameter>P2-07</Parameter>
		<Parameter>P3-20</Parameter>
		<Parameter>P3-21</Parameter>
		<Parameter>P3-22</Parameter>
		<Parameter>P3-32</Parameter>
		<Parameter>P6-10</Parameter>
		<Parameter>P6-11</Parameter>
		<Parameter>P6-12</Parameter>
		<Parameter>P6-13</Parameter>
		<Parameter>P6-20</Parameter>
		<Parameter>P6-21</Parameter>
		<Parameter>P6-24</Parameter>
		<Parameter>Fn-31</Parameter>
	</Subject>
	<Subject name="YASKAWACom">
		<Parameter>Pn0-02</Parameter>
		<Parameter>Pn0-08</Parameter>
		<Parameter>Pn0-0B</Parameter>
		<Parameter>Pn1-00</Parameter>
		<Parameter>Pn1-01</Parameter>
		<Parameter>Pn1-02</Parameter>
		<Parameter>Pn1-03</Parameter>
		<Parameter>Pn1-1F</Parameter>
		<Parameter>Pn1-40</Parameter>
		<Parameter>Pn1-60</Parameter>
		<Parameter>Pn1-70</Parameter>
		<Parameter>Pn2-0E</Parameter>
		<Parameter>Pn2-10</Parameter>
		<Parameter>Pn2-12</Parameter>
		<Parameter>Pn4-01</Parameter>
		<Parameter>Pn4-08</Parameter>
		<Parameter>Pn4-09</Parameter>
		<Parameter>Pn4-0C</Parameter>
		<Parameter>Pn4-60</Parameter>
		<Parameter>Pn5-06</Parameter>
		<Parameter>Pn5-0A</Parameter>
		<Parameter>Pn5-0B</Parameter>
		<Parameter>Pn5-0F</Parameter>
		<Parameter>Pn5-20</Parameter>
		<Parameter>Pn5-22</Parameter>
		<Parameter>Pn6-00</Parameter>
		<Parameter>Pn8-00</Parameter>
		<Parameter>Pn8-1F</Parameter>
	</Subject>
</SerialParameter>