﻿<?xml version="1.0" encoding="UTF-8"?>
<Screen>
	<Name>SimuParam</Name>
	<Panel>
		<Name>Pan_BackBone</Name>
		<Top>0</Top>
		<Left>0</Left>
		<Width>640</Width>
		<Height>425</Height>
		<BorderStyle>1</BorderStyle>
		<ForeColor>0,0,0</ForeColor>
		<BackColor>205,215,222</BackColor>
	</Panel>
	<Label>
		<Caption>STR::MMI::Simu::ColorSet</Caption>
		<Name>Lab_ColorSet</Name>
		<Left>25</Left>
		<Top>10</Top>
		<Width>100</Width>
		<Height>25</Height>
		<Alignment>2</Alignment>
		<BorderStyle>2</BorderStyle>
		<FontSize>14</FontSize>
		<BorderColor>0,0,0</BorderColor>
		<ForeColor>0,0,255</ForeColor>
		<BackColor>205,215,222</BackColor>
	</Label>
	<Picture>
		<Name>Pic_ColorMap</Name>
		<BorderStyle>0</BorderStyle>
		<Left>25</Left>
		<Top>40</Top>
		<Width>525</Width>
		<Height>26</Height>
		<Picture>..\Image\SimuColor.bmp</Picture>
	</Picture>
	<Label>
		<Caption>STR::MMI::Simu::PathColor</Caption>
		<Name>Lab_PathColor</Name>
		<Left>65</Left>
		<Top>75</Top>
		<Width>90</Width>
		<Height>20</Height>
		<Alignment>0</Alignment>
		<BorderStyle>0</BorderStyle>
		<FontSize>12</FontSize>
		<ForeColor>0,0,0</ForeColor>
		<BackColor>205,215,222</BackColor>
	</Label>
	<Input>
		<Name>Inp_PathColor</Name>
		<Left>155</Left>
		<Top>75</Top>
		<Width>30</Width>
		<Height>20</Height>
		<Alignment>1</Alignment>
		<FontSize>12</FontSize>
		<BorderStyle>1</BorderStyle>
		<ForeColor>0,0,0</ForeColor>
		<BackColor>255,255,255</BackColor>
		<InputRange>0~15</InputRange>
		<InputFormat>Long</InputFormat>
		<HintLabel>Set Path Color</HintLabel>
	</Input>
	<Label>
		<Caption></Caption>
		<Name>Dis_PathColor</Name>
		<Left>200</Left>
		<Top>80</Top>
		<Width>60</Width>
		<Height>10</Height>
		<Alignment>0</Alignment>
		<BorderStyle>0</BorderStyle>
		<FontSize>12</FontSize>
		<ForeColor>0,0,0</ForeColor>
		<BackColor>255,0,255</BackColor>
	</Label>
	<Label>
		<Caption>R</Caption>
		<Name>Lab_PathR</Name>
		<Left>65</Left>
		<Top>100</Top>
		<Width>20</Width>
		<Height>20</Height>
		<Alignment>0</Alignment>
		<BorderStyle>0</BorderStyle>
		<FontSize>12</FontSize>
		<ForeColor>255,0,0</ForeColor>
		<BackColor>205,215,222</BackColor>
	</Label>
	<Input>
		<Name>Inp_PathR</Name>
		<Left>85</Left>
		<Top>100</Top>
		<Width>30</Width>
		<Height>20</Height>
		<Alignment>1</Alignment>
		<FontSize>12</FontSize>
		<BorderStyle>1</BorderStyle>
		<ForeColor>0,0,0</ForeColor>
		<BackColor>255,255,255</BackColor>
		<InputRange>0~255</InputRange>
		<InputFormat>Long</InputFormat>
		<HintLabel>Path Red Color Set</HintLabel>
	</Input>
	<Label>
		<Caption>G</Caption>
		<Name>Lab_PathG</Name>
		<Left>135</Left>
		<Top>100</Top>
		<Width>20</Width>
		<Height>20</Height>
		<Alignment>0</Alignment>
		<BorderStyle>0</BorderStyle>
		<FontSize>12</FontSize>
		<ForeColor>0,128,0</ForeColor>
		<BackColor>205,215,222</BackColor>
	</Label>
	<Input>
		<Name>Inp_PathG</Name>
		<Left>155</Left>
		<Top>100</Top>
		<Width>30</Width>
		<Height>20</Height>
		<Alignment>1</Alignment>
		<FontSize>12</FontSize>
		<BorderStyle>1</BorderStyle>
		<ForeColor>0,0,0</ForeColor>
		<BackColor>255,255,255</BackColor>
		<InputRange>0~255</InputRange>
		<InputFormat>Long</InputFormat>
		<HintLabel>Path Green Color Set</HintLabel>
	</Input>
	<Label>
		<Caption>B</Caption>
		<Name>Lab_PathB</Name>
		<Left>200</Left>
		<Top>100</Top>
		<Width>20</Width>
		<Height>20</Height>
		<Alignment>0</Alignment>
		<BorderStyle>0</BorderStyle>
		<FontSize>12</FontSize>
		<ForeColor>0,0,255</ForeColor>
		<BackColor>205,215,222</BackColor>
	</Label>
	<Input>
		<Name>Inp_PathB</Name>
		<Left>220</Left>
		<Top>100</Top>
		<Width>30</Width>
		<Height>20</Height>
		<Alignment>1</Alignment>
		<FontSize>12</FontSize>
		<BorderStyle>1</BorderStyle>
		<ForeColor>0,0,0</ForeColor>
		<BackColor>255,255,255</BackColor>
		<InputRange>0~255</InputRange>
		<InputFormat>Long</InputFormat>
		<HintLabel>Path Blue Color Set</HintLabel>
	</Input>
	<Label>
		<Caption>STR::MMI::Simu::CursorColor</Caption>
		<Name>Lab_CursorColor</Name>
		<Left>330</Left>
		<Top>75</Top>
		<Width>90</Width>
		<Height>20</Height>
		<Alignment>0</Alignment>
		<BorderStyle>0</BorderStyle>
		<FontSize>12</FontSize>
		<ForeColor>0,0,0</ForeColor>
		<BackColor>205,215,222</BackColor>
	</Label>
	<Input>
		<Name>Inp_CursorColor</Name>
		<Left>420</Left>
		<Top>75</Top>
		<Width>30</Width>
		<Height>20</Height>
		<Alignment>1</Alignment>
		<FontSize>12</FontSize>
		<BorderStyle>1</BorderStyle>
		<ForeColor>0,0,0</ForeColor>
		<BackColor>255,255,255</BackColor>
		<InputRange>0~15</InputRange>
		<InputFormat>Long</InputFormat>
		<HintLabel>Cursor Color Set</HintLabel>
	</Input>
	<Label>
		<Caption></Caption>
		<Name>Dis_CursorColor</Name>
		<Left>465</Left>
		<Top>80</Top>
		<Width>10</Width>
		<Height>10</Height>
		<Alignment>0</Alignment>
		<BorderStyle>0</BorderStyle>
		<FontSize>12</FontSize>
		<ForeColor>0,0,0</ForeColor>
		<BackColor>205,215,222</BackColor>
	</Label>
	<Label>
		<Caption>R</Caption>
		<Name>Lab_CursorR</Name>
		<Left>330</Left>
		<Top>100</Top>
		<Width>20</Width>
		<Height>20</Height>
		<Alignment>0</Alignment>
		<BorderStyle>0</BorderStyle>
		<FontSize>12</FontSize>
		<ForeColor>255,0,0</ForeColor>
		<BackColor>205,215,222</BackColor>
	</Label>
	<Input>
		<Name>Inp_CursorR</Name>
		<Left>350</Left>
		<Top>100</Top>
		<Width>30</Width>
		<Height>20</Height>
		<Alignment>1</Alignment>
		<FontSize>12</FontSize>
		<BorderStyle>1</BorderStyle>
		<ForeColor>0,0,0</ForeColor>
		<BackColor>255,255,255</BackColor>
		<InputRange>0~255</InputRange>
		<InputFormat>Long</InputFormat>
		<HintLabel>Cursor Red Color Set</HintLabel>
	</Input>
	<Label>
		<Caption>G</Caption>
		<Name>Lab_CursorG</Name>
		<Left>400</Left>
		<Top>100</Top>
		<Width>20</Width>
		<Height>20</Height>
		<Alignment>0</Alignment>
		<BorderStyle>0</BorderStyle>
		<FontSize>12</FontSize>
		<ForeColor>0,128,0</ForeColor>
		<BackColor>205,215,222</BackColor>
	</Label>
	<Input>
		<Name>Inp_CursorG</Name>
		<Left>420</Left>
		<Top>100</Top>
		<Width>30</Width>
		<Height>20</Height>
		<Alignment>1</Alignment>
		<FontSize>12</FontSize>
		<BorderStyle>1</BorderStyle>
		<ForeColor>0,0,0</ForeColor>
		<BackColor>255,255,255</BackColor>
		<InputRange>0~255</InputRange>
		<InputFormat>Long</InputFormat>
		<HintLabel>Cursor Green Color Set</HintLabel>
	</Input>
	<Label>
		<Caption>B</Caption>
		<Name>Lab_CursorB</Name>
		<Left>465</Left>
		<Top>100</Top>
		<Width>20</Width>
		<Height>20</Height>
		<Alignment>0</Alignment>
		<BorderStyle>0</BorderStyle>
		<FontSize>12</FontSize>
		<ForeColor>0,0,255</ForeColor>
		<BackColor>205,215,222</BackColor>
	</Label>
	<Input>
		<Name>Inp_CursorB</Name>
		<Left>485</Left>
		<Top>100</Top>
		<Width>30</Width>
		<Height>20</Height>
		<Alignment>1</Alignment>
		<FontSize>12</FontSize>
		<BorderStyle>1</BorderStyle>
		<ForeColor>0,0,0</ForeColor>
		<BackColor>255,255,255</BackColor>
		<InputRange>0~255</InputRange>
		<InputFormat>Long</InputFormat>
		<HintLabel>Cursor Blue Color Set</HintLabel>
	</Input>
	<Label>
		<Caption>STR::MMI::Simu::DrawMode</Caption>
		<Name>Lab_DrawMode</Name>
		<Left>65</Left>
		<Top>130</Top>
		<Width>80</Width>
		<Height>20</Height>
		<Alignment>0</Alignment>
		<BorderStyle>0</BorderStyle>
		<FontSize>12</FontSize>
		<ForeColor>0,0,0</ForeColor>
		<BackColor>205,215,222</BackColor>
	</Label>
	<ListInput>
		<Name>Inp_DrawMode</Name>
		<Left>150</Left>
		<Top>130</Top>
		<Width>120</Width>
		<Height>20</Height>
		<Alignment>1</Alignment>
		<FontSize>12</FontSize>
		<BorderStyle>1</BorderStyle>
		<ForeColor>0,0,0</ForeColor>
		<BackColor>255,255,255</BackColor>
		<InputFormat>Long</InputFormat>
		<ListItems>
			<Item>
				<ItemCaption>XYZ</ItemCaption>
				<ItemValue>0</ItemValue>
			</Item>
			<Item>
				<ItemCaption>XY</ItemCaption>
				<ItemValue>1</ItemValue>
			</Item>
			<Item>
				<ItemCaption>YZ</ItemCaption>
				<ItemValue>2</ItemValue>
			</Item>
			<Item>
				<ItemCaption>ZX</ItemCaption>
				<ItemValue>3</ItemValue>
			</Item>
			<Item>
				<ItemCaption>YX</ItemCaption>
				<ItemValue>4</ItemValue>
			</Item>
			<Item>
				<ItemCaption>ZY</ItemCaption>
				<ItemValue>5</ItemValue>
			</Item>
			<Item>
				<ItemCaption>XZ</ItemCaption>
				<ItemValue>6</ItemValue>
			</Item>
		</ListItems>
	</ListInput>
	<Label>
		<Caption>STR::MMI::Simu::Quadrant</Caption>
		<Name>Lab_Quadrant</Name>
		<Left>330</Left>
		<Top>130</Top>
		<Width>80</Width>
		<Height>20</Height>
		<Alignment>0</Alignment>
		<BorderStyle>0</BorderStyle>
		<FontSize>12</FontSize>
		<ForeColor>0,0,0</ForeColor>
		<BackColor>205,215,222</BackColor>
	</Label>
	<ListInput>
		<Name>Inp_Quadrant</Name>
		<Left>415</Left>
		<Top>130</Top>
		<Width>120</Width>
		<Height>20</Height>
		<Alignment>1</Alignment>
		<FontSize>12</FontSize>
		<BorderStyle>1</BorderStyle>
		<ForeColor>0,0,0</ForeColor>
		<BackColor>255,255,255</BackColor>
		<InputFormat>Long</InputFormat>
		<ListItems>
			<Item>
				<ItemCaption>STR::MMI::Simu::Quadrant0</ItemCaption>
				<ItemValue>0</ItemValue>
			</Item>
			<Item>
				<ItemCaption>STR::MMI::Simu::Quadrant1</ItemCaption>
				<ItemValue>1</ItemValue>
			</Item>
			<Item>
				<ItemCaption>STR::MMI::Simu::Quadrant2</ItemCaption>
				<ItemValue>2</ItemValue>
			</Item>
			<Item>
				<ItemCaption>STR::MMI::Simu::Quadrant3</ItemCaption>
				<ItemValue>3</ItemValue>
			</Item>
			<Item>
				<ItemCaption>STR::MMI::Simu::Quadrant4</ItemCaption>
				<ItemValue>4</ItemValue>
			</Item>
		</ListItems>
	</ListInput>
	<Label>
		<Caption>STR::MMI::Simu::SimuMode</Caption>
		<Name>Lab_SimuMode</Name>
		<Left>65</Left>
		<Top>155</Top>
		<Width>80</Width>
		<Height>20</Height>
		<Alignment>0</Alignment>
		<BorderStyle>0</BorderStyle>
		<FontSize>12</FontSize>
		<ForeColor>0,0,0</ForeColor>
		<BackColor>205,215,222</BackColor>
	</Label>
	<ListInput>
		<Name>Inp_SimuMode</Name>
		<Left>150</Left>
		<Top>155</Top>
		<Width>120</Width>
		<Height>20</Height>
		<Alignment>1</Alignment>
		<FontSize>12</FontSize>
		<BorderStyle>1</BorderStyle>
		<ForeColor>0,0,0</ForeColor>
		<BackColor>255,255,255</BackColor>
		<InputFormat>Long</InputFormat>
		<ListItems>
			<Item>
				<ItemCaption>STR::MMI::Simu::SimuMode0</ItemCaption>
				<ItemValue>0</ItemValue>
			</Item>
			<Item>
				<ItemCaption>STR::MMI::Simu::SimuMode1</ItemCaption>
				<ItemValue>1</ItemValue>
			</Item>
			<Item>
				<ItemCaption>STR::MMI::Simu::SimuMode2</ItemCaption>
				<ItemValue>2</ItemValue>
			</Item>
			<Item>
				<ItemCaption>STR::MMI::Simu::SimuMode3</ItemCaption>
				<ItemValue>3</ItemValue>
			</Item>
		</ListItems>
	</ListInput>
	<Label>
		<Caption>STR::MMI::Simu::ViewAngle</Caption>
		<Name>Lab_ViewTitle</Name>
		<Left>25</Left>
		<Top>185</Top>
		<Width>100</Width>
		<Height>25</Height>
		<Alignment>2</Alignment>
		<BorderStyle>2</BorderStyle>
		<FontSize>14</FontSize>
		<BorderColor>0,0,0</BorderColor>
		<ForeColor>0,0,255</ForeColor>
		<BackColor>205,215,222</BackColor>
	</Label>
	<Label>
		<Caption>STR::MMI::Simu::VertAngle</Caption>
		<Name>Lab_VertAngle</Name>
		<Left>65</Left>
		<Top>215</Top>
		<Width>80</Width>
		<Height>20</Height>
		<Alignment>0</Alignment>
		<BorderStyle>0</BorderStyle>
		<FontSize>12</FontSize>
		<ForeColor>0,0,0</ForeColor>
		<BackColor>205,215,222</BackColor>
	</Label>
	<Input>
		<Name>Inp_VertAngle</Name>
		<Left>150</Left>
		<Top>215</Top>
		<Width>120</Width>
		<Height>20</Height>
		<Alignment>1</Alignment>
		<FontSize>12</FontSize>
		<BorderStyle>1</BorderStyle>
		<ForeColor>0,0,0</ForeColor>
		<BackColor>255,255,255</BackColor>
		<InputFormat>Long:3F</InputFormat>
	</Input>
	<Label>
		<Caption>STR::MMI::Simu::HoriAngle</Caption>
		<Name>Lab_HoriAngle</Name>
		<Left>330</Left>
		<Top>215</Top>
		<Width>80</Width>
		<Height>20</Height>
		<Alignment>0</Alignment>
		<BorderStyle>0</BorderStyle>
		<FontSize>12</FontSize>
		<ForeColor>0,0,0</ForeColor>
		<BackColor>205,215,222</BackColor>
	</Label>
	<Input>
		<Name>Inp_HoriAngle</Name>
		<Left>415</Left>
		<Top>215</Top>
		<Width>120</Width>
		<Height>20</Height>
		<Alignment>1</Alignment>
		<FontSize>12</FontSize>
		<BorderStyle>1</BorderStyle>
		<ForeColor>0,0,0</ForeColor>
		<BackColor>255,255,255</BackColor>
		<InputFormat>Long:3F</InputFormat>
	</Input>
	<Label>
		<Caption>STR::MMI::Simu::Scope</Caption>
		<Name>Lab_MarginSetTitle</Name>
		<Left>25</Left>
		<Top>245</Top>
		<Width>100</Width>
		<Height>25</Height>
		<Alignment>2</Alignment>
		<BorderStyle>2</BorderStyle>
		<BorderColor>0,0,0</BorderColor>
		<FontSize>14</FontSize>
		<ForeColor>0,0,255</ForeColor>
		<BackColor>205,215,222</BackColor>
	</Label>
	<Label>
		<Caption>STR::MMI::Simu::XMin</Caption>
		<Name>Lab_XMin</Name>
		<Left>65</Left>
		<Top>275</Top>
		<Width>80</Width>
		<Height>20</Height>
		<Alignment>0</Alignment>
		<BorderStyle>0</BorderStyle>
		<FontSize>12</FontSize>
		<ForeColor>0,0,0</ForeColor>
		<BackColor>205,215,222</BackColor>
	</Label>
	<Input>
		<Name>Inp_XMin</Name>
		<Left>150</Left>
		<Top>275</Top>
		<Width>120</Width>
		<Height>20</Height>
		<Alignment>1</Alignment>
		<FontSize>12</FontSize>
		<BorderStyle>1</BorderStyle>
		<ForeColor>0,0,0</ForeColor>
		<BackColor>255,255,255</BackColor>
		<InputFormat>Long:3F</InputFormat>
	</Input>
	<Label>
		<Caption>STR::MMI::Simu::YMin</Caption>
		<Name>Lab_YMin</Name>
		<Left>65</Left>
		<Top>300</Top>
		<Width>80</Width>
		<Height>20</Height>
		<Alignment>0</Alignment>
		<BorderStyle>0</BorderStyle>
		<FontSize>12</FontSize>
		<ForeColor>0,0,0</ForeColor>
		<BackColor>205,215,222</BackColor>
	</Label>
	<Input>
		<Name>Inp_YMin</Name>
		<Left>150</Left>
		<Top>300</Top>
		<Width>120</Width>
		<Height>20</Height>
		<Alignment>1</Alignment>
		<FontSize>12</FontSize>
		<BorderStyle>1</BorderStyle>
		<ForeColor>0,0,0</ForeColor>
		<BackColor>255,255,255</BackColor>
		<InputFormat>Long:3F</InputFormat>
	</Input>
	<Label>
		<Caption>STR::MMI::Simu::ZMin</Caption>
		<Name>Lab_ZMin</Name>
		<Left>65</Left>
		<Top>325</Top>
		<Width>80</Width>
		<Height>20</Height>
		<Alignment>0</Alignment>
		<BorderStyle>0</BorderStyle>
		<FontSize>12</FontSize>
		<ForeColor>0,0,0</ForeColor>
		<BackColor>205,215,222</BackColor>
	</Label>
	<Input>
		<Name>Inp_ZMin</Name>
		<Left>150</Left>
		<Top>325</Top>
		<Width>120</Width>
		<Height>20</Height>
		<Alignment>1</Alignment>
		<FontSize>12</FontSize>
		<BorderStyle>1</BorderStyle>
		<ForeColor>0,0,0</ForeColor>
		<BackColor>255,255,255</BackColor>
		<InputFormat>Long:3F</InputFormat>
	</Input>
	<Label>
		<Caption>STR::MMI::Simu::XMax</Caption>
		<Name>Lab_XMax</Name>
		<Left>330</Left>
		<Top>275</Top>
		<Width>80</Width>
		<Height>20</Height>
		<Alignment>0</Alignment>
		<BorderStyle>0</BorderStyle>
		<FontSize>12</FontSize>
		<ForeColor>0,0,0</ForeColor>
		<BackColor>205,215,222</BackColor>
	</Label>
	<Input>
		<Name>Inp_XMax</Name>
		<Left>415</Left>
		<Top>275</Top>
		<Width>120</Width>
		<Height>20</Height>
		<Alignment>1</Alignment>
		<FontSize>12</FontSize>
		<BorderStyle>1</BorderStyle>
		<ForeColor>0,0,0</ForeColor>
		<BackColor>255,255,255</BackColor>
		<InputFormat>Long:3F</InputFormat>
	</Input>
	<Label>
		<Caption>STR::MMI::Simu::YMax</Caption>
		<Name>Lab_YMax</Name>
		<Left>330</Left>
		<Top>300</Top>
		<Width>80</Width>
		<Height>20</Height>
		<Alignment>0</Alignment>
		<BorderStyle>0</BorderStyle>
		<FontSize>12</FontSize>
		<ForeColor>0,0,0</ForeColor>
		<BackColor>205,215,222</BackColor>
	</Label>
	<Input>
		<Name>Inp_YMax</Name>
		<Left>415</Left>
		<Top>300</Top>
		<Width>120</Width>
		<Height>20</Height>
		<Alignment>1</Alignment>
		<FontSize>12</FontSize>
		<BorderStyle>1</BorderStyle>
		<ForeColor>0,0,0</ForeColor>
		<BackColor>255,255,255</BackColor>
		<InputFormat>Long:3F</InputFormat>
	</Input>
	<Label>
		<Caption>STR::MMI::Simu::ZMax</Caption>
		<Name>Lab_ZMax</Name>
		<Left>330</Left>
		<Top>325</Top>
		<Width>80</Width>
		<Height>20</Height>
		<Alignment>0</Alignment>
		<BorderStyle>0</BorderStyle>
		<FontSize>12</FontSize>
		<ForeColor>0,0,0</ForeColor>
		<BackColor>205,215,222</BackColor>
	</Label>
	<Input>
		<Name>Inp_ZMax</Name>
		<Left>415</Left>
		<Top>325</Top>
		<Width>120</Width>
		<Height>20</Height>
		<Alignment>1</Alignment>
		<FontSize>12</FontSize>
		<BorderStyle>1</BorderStyle>
		<ForeColor>0,0,0</ForeColor>
		<BackColor>255,255,255</BackColor>
		<InputFormat>Long:3F</InputFormat>
	</Input>
	<Label>
		<Left>25</Left>
		<Top>355</Top>
		<Height>25</Height>
		<Width>100</Width>
		<Name>Lab_SimuScope</Name>
		<FontSize>14</FontSize>
		<BorderStyle>2</BorderStyle>
		<BorderColor>0,0,0</BorderColor>
		<ForeColor>0,0,255</ForeColor>
		<BackColor>205,215,222</BackColor>
		<Caption>STR::MMI::Simu::SimuRange</Caption>
	</Label>
	<Label>
		<Left>65</Left>
		<Top>385</Top>
		<Width>80</Width>
		<Height>20</Height>
		<Name>Lab_StartBlock</Name>
		<FontSize>12</FontSize>
		<Alignment>0</Alignment>
		<ForeColor>0,0,0</ForeColor>
		<BackColor>205,215,222</BackColor>
		<Caption>STR::MMI::Simu::StartBlock</Caption>
	</Label>
	<Input>
		<Left>150</Left>
		<Top>385</Top>
		<Width>120</Width>
		<Height>20</Height>
		<Name>Inp_Start</Name>
		<FontSize>12</FontSize>
		<Alignment>1</Alignment>
		<BorderStyle>1</BorderStyle>
		<ForeColor>0,0,0</ForeColor>
		<BackColor>255,255,255</BackColor>
		<InputFormat>String</InputFormat>
		<HintLabel>STR::MMI::Simu::HintStart</HintLabel>
	</Input>
	<Label>
		<Left>330</Left>
		<Top>385</Top>
		<Width>80</Width>
		<Height>20</Height>
		<Name>Lab_End</Name>
		<FontSize>12</FontSize>
		<Alignment>0</Alignment>
		<ForeColor>0,0,0</ForeColor>
		<BackColor>205,215,222</BackColor>
		<Caption>STR::MMI::Simu::EndBlock</Caption>
	</Label>
	<Input>
		<Left>415</Left>
		<Top>385</Top>
		<Width>120</Width>
		<Height>20</Height>
		<Name>Inp_End</Name>
		<FontSize>12</FontSize>
		<Alignment>1</Alignment>
		<BorderStyle>1</BorderStyle>
		<ForeColor>0,0,0</ForeColor>
		<BackColor>255,255,255</BackColor>
		<InputFormat>String</InputFormat>
		<HintLabel>STR::MMI::Simu::HintEnd</HintLabel>
	</Input>
</Screen>
