﻿<?xml version="1.0" encoding="UTF-8"?>
<Screen>
	<Name>G137.2_1</Name>
	<Picture>
		<Name>Back_Picture</Name>
		<Picture>Image\Back1.bmp</Picture>
		<Left>0</Left>
		<Top>0</Top>
		<Height>392</Height>
		<Width>736</Width>
		<BorderStyle>0</BorderStyle>
	</Picture>
	<Picture>
		<Name>Picture_G137.2</Name>
		<Picture>Image\G1371.bmp</Picture>
		<Left>18</Left>
		<Top>108</Top>
		<Height>250</Height>
		<Width>337</Width>
		<BorderStyle>1</BorderStyle>
	</Picture>
	<Label>
		<Name>G137.2_Title</Name>
		<Caption>STR::G137.2::G137.2_Title</Caption>
		<Left>11</Left>
		<Top>19</Top>
		<Height>25</Height>
		<Width>350</Width>
		<ForeColor>255,255,255</ForeColor>
		<BorderStyle>0</BorderStyle>
		<BackColor>159,145,124</BackColor>
		<Alignment>2</Alignment>
		<FontSize>15</FontSize>
		<BackColor>159,145,124</BackColor>
	</Label>
	<Label>
		<Name>XY_Arg</Name>
		<Caption>STR::G173::XY_Arg</Caption>
		<Left>421</Left>
		<Top>12</Top>
		<Height>30</Height>
		<Width>250</Width>
		<ForeColor>255,255,255</ForeColor>
		<BorderStyle>0</BorderStyle>
		<Alignment>2</Alignment>
		<FontSize>15</FontSize>
		<BackColor>159,145,124</BackColor>
	</Label>
	<Label>
		<Name>Center_X</Name>
		<Caption>STR::G135.1::Center_X</Caption>
		<Left>500</Left>
		<Top>43</Top>
		<Height>30</Height>
		<Width>80</Width>
		<ForeColor>247,239,97</ForeColor>
		<BorderStyle>0</BorderStyle>
		<Alignment>1</Alignment>
		<FontSize>15</FontSize>
		<BackColor>159,145,124</BackColor>
	</Label>
	<Input>
		<Name>Inp_CX</Name>
		<MacroAddr>X</MacroAddr>
		<Left>590</Left>
		<Top>43</Top>
		<Height>30</Height>
		<Width>120</Width>
		<BackColor>235,235,235</BackColor>
		<ForeColor>0,0,0</ForeColor>
		<BorderStyle>1</BorderStyle>
		<Alignment>1</Alignment>
		<FontSize>12</FontSize>
		<InputFormat>Double:3F</InputFormat>
		<HintLabel>STR::G135.1::Hint::Center_X</HintLabel>
	</Input>
	<Label>
		<Name>Center_Y</Name>
		<Caption>STR::G135.1::Center_Y</Caption>
		<Left>500</Left>
		<Top>74</Top>
		<Height>30</Height>
		<Width>80</Width>
		<ForeColor>247,239,97</ForeColor>
		<BorderStyle>0</BorderStyle>
		<Alignment>1</Alignment>
		<FontSize>15</FontSize>
		<BackColor>159,145,124</BackColor>
	</Label>
	<Input>
		<Name>Inp_CY</Name>
		<MacroAddr>Y</MacroAddr>
		<Left>590</Left>
		<Top>74</Top>
		<Height>30</Height>
		<Width>120</Width>
		<BackColor>235,235,235</BackColor>
		<ForeColor>0,0,0</ForeColor>
		<BorderStyle>1</BorderStyle>
		<Alignment>1</Alignment>
		<FontSize>12</FontSize>
		<InputFormat>Double:3F</InputFormat>
		<HintLabel>STR::G135.1::Hint::Center_Y</HintLabel>
	</Input>
	<Label>
		<Name>X_Arg</Name>
		<Caption>STR::G137.2::X_Arg</Caption>
		<Left>421</Left>
		<Top>105</Top>
		<Height>30</Height>
		<Width>250</Width>
		<ForeColor>255,255,255</ForeColor>
		<BorderStyle>0</BorderStyle>
		<Alignment>2</Alignment>
		<FontSize>15</FontSize>
		<BackColor>159,145,124</BackColor>
	</Label>
	<Label>
		<Name>Horizontal_Pitch</Name>
		<Caption>STR::G137.2::Horizontal_Pitch</Caption>
		<Left>480</Left>
		<Top>136</Top>
		<Height>30</Height>
		<Width>100</Width>
		<ForeColor>247,239,97</ForeColor>
		<BorderStyle>0</BorderStyle>
		<Alignment>1</Alignment>
		<FontSize>15</FontSize>
		<BackColor>159,145,124</BackColor>
	</Label>
	<Input>
		<Name>Inp_HP</Name>
		<MacroAddr>I</MacroAddr>
		<Left>590</Left>
		<Top>136</Top>
		<Height>30</Height>
		<Width>120</Width>
		<BackColor>235,235,235</BackColor>
		<ForeColor>0,0,0</ForeColor>
		<BorderStyle>1</BorderStyle>
		<Alignment>1</Alignment>
		<FontSize>12</FontSize>
		<InputFormat>Double:3F</InputFormat>
		<HintLabel>STR::G137.2::Hint::Horizontal_Pitch</HintLabel>
	</Input>
	<Label>
		<Name>Number_Horizontal_Holes</Name>
		<Caption>STR::G137.2::Number_Horizontal_Holes</Caption>
		<Left>480</Left>
		<Top>167</Top>
		<Height>30</Height>
		<Width>100</Width>
		<ForeColor>247,239,97</ForeColor>
		<BorderStyle>0</BorderStyle>
		<Alignment>1</Alignment>
		<FontSize>15</FontSize>
		<BackColor>159,145,124</BackColor>
	</Label>
	<Input>
		<Name>Inp_NHH</Name>
		<MacroAddr>A</MacroAddr>
		<Left>590</Left>
		<Top>167</Top>
		<Height>30</Height>
		<Width>120</Width>
		<BackColor>235,235,235</BackColor>
		<ForeColor>0,0,0</ForeColor>
		<BorderStyle>1</BorderStyle>
		<Alignment>1</Alignment>
		<FontSize>12</FontSize>
		<InputFormat>Double:3F</InputFormat>
		<HintLabel>STR::G137.2::Hint::Number_Horizontal_Holes</HintLabel>
	</Input>
	<Label>
		<Name>Y_Arg</Name>
		<Caption>STR::G137.2::Y_Arg</Caption>
		<Left>421</Left>
		<Top>198</Top>
		<Height>30</Height>
		<Width>250</Width>
		<ForeColor>255,255,255</ForeColor>
		<BorderStyle>0</BorderStyle>
		<Alignment>2</Alignment>
		<FontSize>15</FontSize>
		<BackColor>159,145,124</BackColor>
	</Label>
	<Label>
		<Name>Vertical_Pitch</Name>
		<Caption>STR::G137.2::Vertical_Pitch</Caption>
		<Left>480</Left>
		<Top>229</Top>
		<Height>30</Height>
		<Width>100</Width>
		<ForeColor>247,239,97</ForeColor>
		<BorderStyle>0</BorderStyle>
		<Alignment>1</Alignment>
		<FontSize>15</FontSize>
		<BackColor>159,145,124</BackColor>
	</Label>
	<Input>
		<Name>Inp_VP</Name>
		<MacroAddr>J</MacroAddr>
		<Left>590</Left>
		<Top>229</Top>
		<Height>30</Height>
		<Width>120</Width>
		<BackColor>235,235,235</BackColor>
		<ForeColor>0,0,0</ForeColor>
		<BorderStyle>1</BorderStyle>
		<Alignment>1</Alignment>
		<FontSize>12</FontSize>
		<InputFormat>Double:3F</InputFormat>
		<HintLabel>STR::G137.2::Hint::Vertical_Pitch</HintLabel>
	</Input>
	<Label>
		<Name>Number_Vertical_Holes</Name>
		<Caption>STR::G137.2::Number_Vertical_Holes</Caption>
		<Left>480</Left>
		<Top>260</Top>
		<Height>30</Height>
		<Width>100</Width>
		<ForeColor>247,239,97</ForeColor>
		<BorderStyle>0</BorderStyle>
		<Alignment>1</Alignment>
		<FontSize>15</FontSize>
		<BackColor>159,145,124</BackColor>
	</Label>
	<Input>
		<Name>Inp_NVH</Name>
		<MacroAddr>K</MacroAddr>
		<Left>590</Left>
		<Top>260</Top>
		<Height>30</Height>
		<Width>120</Width>
		<BackColor>235,235,235</BackColor>
		<ForeColor>0,0,0</ForeColor>
		<BorderStyle>1</BorderStyle>
		<Alignment>1</Alignment>
		<FontSize>12</FontSize>
		<InputFormat>Double:3F</InputFormat>
		<HintLabel>STR::G137.2::Hint::Number_Vertical_Holes</HintLabel>
	</Input>
	<Label>
		<Name>Number_Xstart</Name>
		<Caption>STR::G137.2::Xstart</Caption>
		<Left>430</Left>
		<Top>291</Top>
		<Height>30</Height>
		<Width>150</Width>
		<ForeColor>247,239,97</ForeColor>
		<BorderStyle>0</BorderStyle>
		<Alignment>1</Alignment>
		<FontSize>15</FontSize>
		<BackColor>159,145,124</BackColor>
	</Label>
	<Input>
		<Name>Inp_G137.2Xstart</Name>
		<MacroAddr>B</MacroAddr>
		<Left>590</Left>
		<Top>291</Top>
		<Height>30</Height>
		<Width>120</Width>
		<BackColor>235,235,235</BackColor>
		<ForeColor>0,0,0</ForeColor>
		<BorderStyle>1</BorderStyle>
		<Alignment>1</Alignment>
		<FontSize>12</FontSize>
		<InputFormat>Long</InputFormat>
		<HintLabel>STR::G137.2::Hint::Xstart</HintLabel>
	</Input>
	<Label>
		<Name>Number_Ystart</Name>
		<Caption>STR::G137.2::Ystart</Caption>
		<Left>430</Left>
		<Top>322</Top>
		<Height>30</Height>
		<Width>150</Width>
		<ForeColor>247,239,97</ForeColor>
		<BorderStyle>0</BorderStyle>
		<Alignment>1</Alignment>
		<FontSize>15</FontSize>
		<BackColor>159,145,124</BackColor>
	</Label>
	<Input>
		<Name>Inp_G137.2Ystart</Name>
		<MacroAddr>C</MacroAddr>
		<Left>590</Left>
		<Top>322</Top>
		<Height>30</Height>
		<Width>120</Width>
		<BackColor>235,235,235</BackColor>
		<ForeColor>0,0,0</ForeColor>
		<BorderStyle>1</BorderStyle>
		<Alignment>1</Alignment>
		<FontSize>12</FontSize>
		<InputFormat>Long</InputFormat>
		<HintLabel>STR::G137.2::Hint::Ystart</HintLabel>
	</Input>
	<Label>
		<Name>Data_Remain</Name>
		<Caption>STR::PControl::Data_Remain</Caption>
		<Left>540</Left>
		<Top>352</Top>
		<Height>20</Height>
		<Width>160</Width>
		<ForeColor>255,255,255</ForeColor>
		<BorderStyle>0</BorderStyle>
		<Alignment>1</Alignment>
		<FontSize>13</FontSize>
		<BackColor>159,145,124</BackColor>
	</Label>
    <Link>
	<Name>NextPage</Name>
        <PageUrl>G137.2_next.xml</PageUrl>
				
    </Link>

</Screen>
