<?xml version="1.0" encoding="UTF-8"?>
<ResMap>
  <Message ID="MLCRBitCmt::R81.0" Content="Extension Parameter Bit R81.0" />
  <Message ID="MLCRBitCmt::R81.1" Content="Extension Parameter Bit R81.1" />
  <Message ID="MLCRBitCmt::R81.2" Content="Extension Parameter Bit R81.2" />
  <Message ID="MLCRBitCmt::R81.3" Content="Extension Parameter Bit R81.3" />
  <Message ID="MLCRBitCmt::R81.4" Content="Extension Parameter Bit R81.4" />
  <Message ID="MLCRBitCmt::R81.5" Content="Extension Parameter Bit R81.5" />
  <Message ID="MLCRBitCmt::R81.6" Content="Extension Parameter Bit R81.6" />
  <Message ID="MLCRBitCmt::R81.7" Content="Extension Parameter Bit R81.7" />
  <Message ID="MLCRBitCmt::R81.8" Content="Extension Parameter Bit R81.8" />
  <Message ID="MLCRBitCmt::R81.9" Content="Extension Parameter Bit R81.9" />
  <Message ID="MLCRBitCmt::R81.10" Content="Extension Parameter Bit R81.10" />
  <Message ID="MLCRBitCmt::R81.11" Content="Extension Parameter Bit R81.11" />
  <Message ID="MLCRBitCmt::R81.12" Content="Extension Parameter Bit R81.12" />
  <Message ID="MLCRBitCmt::R81.13" Content="Extension Parameter Bit R81.13" />
  <Message ID="MLCRBitCmt::R81.14" Content="Extension Parameter Bit R81.14" />
  <Message ID="MLCRBitCmt::R81.15" Content="Extension Parameter Bit R81.15" />
  <Message ID="MLCRBitCmt::R82.0" Content="Extension Parameter Bit R82.0" />
  <Message ID="MLCRBitCmt::R82.1" Content="Extension Parameter Bit R82.1" />
  <Message ID="MLCRBitCmt::R82.2" Content="Extension Parameter Bit R82.2" />
  <Message ID="MLCRBitCmt::R82.3" Content="Extension Parameter Bit R82.3" />
  <Message ID="MLCRBitCmt::R82.4" Content="Extension Parameter Bit R82.4" />
  <Message ID="MLCRBitCmt::R82.5" Content="Extension Parameter Bit R82.5" />
  <Message ID="MLCRBitCmt::R82.6" Content="Extension Parameter Bit R82.6" />
  <Message ID="MLCRBitCmt::R82.7" Content="Extension Parameter Bit R82.7" />
  <Message ID="MLCRBitCmt::R82.8" Content="Extension Parameter Bit R82.8" />
  <Message ID="MLCRBitCmt::R82.9" Content="Extension Parameter Bit R82.9" />
  <Message ID="MLCRBitCmt::R82.10" Content="Extension Parameter Bit R82.10" />
  <Message ID="MLCRBitCmt::R82.11" Content="Extension Parameter Bit R82.11" />
  <Message ID="MLCRBitCmt::R82.12" Content="Extension Parameter Bit R82.12" />
  <Message ID="MLCRBitCmt::R82.13" Content="Extension Parameter Bit R82.13" />
  <Message ID="MLCRBitCmt::R82.14" Content="Extension Parameter Bit R82.14" />
  <Message ID="MLCRBitCmt::R82.15" Content="Extension Parameter Bit R82.15" />
  <Message ID="MLCRBitCmt::R83.0" Content="Extension Parameter Bit R83.0" />
  <Message ID="MLCRBitCmt::R83.1" Content="Extension Parameter Bit R83.1" />
  <Message ID="MLCRBitCmt::R83.2" Content="Extension Parameter Bit R83.2" />
  <Message ID="MLCRBitCmt::R83.3" Content="Extension Parameter Bit R83.3" />
  <Message ID="MLCRBitCmt::R83.4" Content="Extension Parameter Bit R83.4" />
  <Message ID="MLCRBitCmt::R83.5" Content="Extension Parameter Bit R83.5" />
  <Message ID="MLCRBitCmt::R83.6" Content="Extension Parameter Bit R83.6" />
  <Message ID="MLCRBitCmt::R83.7" Content="Extension Parameter Bit R83.7" />
  <Message ID="MLCRBitCmt::R83.8" Content="Extension Parameter Bit R83.8" />
  <Message ID="MLCRBitCmt::R83.9" Content="Extension Parameter Bit R83.9" />
  <Message ID="MLCRBitCmt::R83.10" Content="Extension Parameter Bit R83.10" />
  <Message ID="MLCRBitCmt::R83.11" Content="Extension Parameter Bit R83.11" />
  <Message ID="MLCRBitCmt::R83.12" Content="Extension Parameter Bit R83.12" />
  <Message ID="MLCRBitCmt::R83.13" Content="Extension Parameter Bit R83.13" />
  <Message ID="MLCRBitCmt::R83.14" Content="Extension Parameter Bit R83.14" />
  <Message ID="MLCRBitCmt::R83.15" Content="Extension Parameter Bit R83.15" />
  <Message ID="MLCRBitCmt::R84.0" Content="Extension Parameter Bit R84.0" />
  <Message ID="MLCRBitCmt::R84.1" Content="Extension Parameter Bit R84.1" />
  <Message ID="MLCRBitCmt::R84.2" Content="Extension Parameter Bit R84.2" />
  <Message ID="MLCRBitCmt::R84.3" Content="Extension Parameter Bit R84.3" />
  <Message ID="MLCRBitCmt::R84.4" Content="Extension Parameter Bit R84.4" />
  <Message ID="MLCRBitCmt::R84.5" Content="Extension Parameter Bit R84.5" />
  <Message ID="MLCRBitCmt::R84.6" Content="Extension Parameter Bit R84.6" />
  <Message ID="MLCRBitCmt::R84.7" Content="Extension Parameter Bit R84.7" />
  <Message ID="MLCRBitCmt::R84.8" Content="Extension Parameter Bit R84.8" />
  <Message ID="MLCRBitCmt::R84.9" Content="Extension Parameter Bit R84.9" />
  <Message ID="MLCRBitCmt::R84.10" Content="Extension Parameter Bit R84.10" />
  <Message ID="MLCRBitCmt::R84.11" Content="Extension Parameter Bit R84.11" />
  <Message ID="MLCRBitCmt::R84.12" Content="Extension Parameter Bit R84.12" />
  <Message ID="MLCRBitCmt::R84.13" Content="Extension Parameter Bit R84.13" />
  <Message ID="MLCRBitCmt::R84.14" Content="Extension Parameter Bit R84.14" />
  <Message ID="MLCRBitCmt::R84.15" Content="Extension Parameter Bit R84.15" />
  <Message ID="MLCRBitCmt::R85.0" Content="Extension Parameter Bit R85.0" />
  <Message ID="MLCRBitCmt::R85.1" Content="Extension Parameter Bit R85.1" />
  <Message ID="MLCRBitCmt::R85.2" Content="Extension Parameter Bit R85.2" />
  <Message ID="MLCRBitCmt::R85.3" Content="Extension Parameter Bit R85.3" />
  <Message ID="MLCRBitCmt::R85.4" Content="Extension Parameter Bit R85.4" />
  <Message ID="MLCRBitCmt::R85.5" Content="Extension Parameter Bit R85.5" />
  <Message ID="MLCRBitCmt::R85.6" Content="Extension Parameter Bit R85.6" />
  <Message ID="MLCRBitCmt::R85.7" Content="Extension Parameter Bit R85.7" />
  <Message ID="MLCRBitCmt::R85.8" Content="Extension Parameter Bit R85.8" />
  <Message ID="MLCRBitCmt::R85.9" Content="Extension Parameter Bit R85.9" />
  <Message ID="MLCRBitCmt::R85.10" Content="Extension Parameter Bit R85.10" />
  <Message ID="MLCRBitCmt::R85.11" Content="Extension Parameter Bit R85.11" />
  <Message ID="MLCRBitCmt::R85.12" Content="Extension Parameter Bit R85.12" />
  <Message ID="MLCRBitCmt::R85.13" Content="Extension Parameter Bit R85.13" />
  <Message ID="MLCRBitCmt::R85.14" Content="Extension Parameter Bit R85.14" />
  <Message ID="MLCRBitCmt::R85.15" Content="Extension Parameter Bit R85.15" />
  <Message ID="MLCRBitCmt::R86.0" Content="Extension Parameter Bit R86.0" />
  <Message ID="MLCRBitCmt::R86.1" Content="Extension Parameter Bit R86.1" />
  <Message ID="MLCRBitCmt::R86.2" Content="Extension Parameter Bit R86.2" />
  <Message ID="MLCRBitCmt::R86.3" Content="Extension Parameter Bit R86.3" />
  <Message ID="MLCRBitCmt::R86.4" Content="Extension Parameter Bit R86.4" />
  <Message ID="MLCRBitCmt::R86.5" Content="Extension Parameter Bit R86.5" />
  <Message ID="MLCRBitCmt::R86.6" Content="Extension Parameter Bit R86.6" />
  <Message ID="MLCRBitCmt::R86.7" Content="Extension Parameter Bit R86.7" />
  <Message ID="MLCRBitCmt::R86.8" Content="Extension Parameter Bit R86.8" />
  <Message ID="MLCRBitCmt::R86.9" Content="Extension Parameter Bit R86.9" />
  <Message ID="MLCRBitCmt::R86.10" Content="Extension Parameter Bit R86.10" />
  <Message ID="MLCRBitCmt::R86.11" Content="Extension Parameter Bit R86.11" />
  <Message ID="MLCRBitCmt::R86.12" Content="Extension Parameter Bit R86.12" />
  <Message ID="MLCRBitCmt::R86.13" Content="Extension Parameter Bit R86.13" />
  <Message ID="MLCRBitCmt::R86.14" Content="Extension Parameter Bit R86.14" />
  <Message ID="MLCRBitCmt::R86.15" Content="Extension Parameter Bit R86.15" />
  <Message ID="MLCRBitCmt::R87.0" Content="Extension Parameter Bit R87.0" />
  <Message ID="MLCRBitCmt::R87.1" Content="Extension Parameter Bit R87.1" />
  <Message ID="MLCRBitCmt::R87.2" Content="Extension Parameter Bit R87.2" />
  <Message ID="MLCRBitCmt::R87.3" Content="Extension Parameter Bit R87.3" />
  <Message ID="MLCRBitCmt::R87.4" Content="Extension Parameter Bit R87.4" />
  <Message ID="MLCRBitCmt::R87.5" Content="Extension Parameter Bit R87.5" />
  <Message ID="MLCRBitCmt::R87.6" Content="Extension Parameter Bit R87.6" />
  <Message ID="MLCRBitCmt::R87.7" Content="Extension Parameter Bit R87.7" />
  <Message ID="MLCRBitCmt::R87.8" Content="Extension Parameter Bit R87.8" />
  <Message ID="MLCRBitCmt::R87.9" Content="Extension Parameter Bit R87.9" />
  <Message ID="MLCRBitCmt::R87.10" Content="Extension Parameter Bit R87.10" />
  <Message ID="MLCRBitCmt::R87.11" Content="Extension Parameter Bit R87.11" />
  <Message ID="MLCRBitCmt::R87.12" Content="Extension Parameter Bit R87.12" />
  <Message ID="MLCRBitCmt::R87.13" Content="Extension Parameter Bit R87.13" />
  <Message ID="MLCRBitCmt::R87.14" Content="Extension Parameter Bit R87.14" />
  <Message ID="MLCRBitCmt::R87.15" Content="Extension Parameter Bit R87.15" />
  <Message ID="MLCRBitCmt::R88.0" Content="Extension Parameter Bit R88.0" />
  <Message ID="MLCRBitCmt::R88.1" Content="Extension Parameter Bit R88.1" />
  <Message ID="MLCRBitCmt::R88.2" Content="Extension Parameter Bit R88.2" />
  <Message ID="MLCRBitCmt::R88.3" Content="Extension Parameter Bit R88.3" />
  <Message ID="MLCRBitCmt::R88.4" Content="Extension Parameter Bit R88.4" />
  <Message ID="MLCRBitCmt::R88.5" Content="Extension Parameter Bit R88.5" />
  <Message ID="MLCRBitCmt::R88.6" Content="Extension Parameter Bit R88.6" />
  <Message ID="MLCRBitCmt::R88.7" Content="Extension Parameter Bit R88.7" />
  <Message ID="MLCRBitCmt::R88.8" Content="Extension Parameter Bit R88.8" />
  <Message ID="MLCRBitCmt::R88.9" Content="Extension Parameter Bit R88.9" />
  <Message ID="MLCRBitCmt::R88.10" Content="Extension Parameter Bit R88.10" />
  <Message ID="MLCRBitCmt::R88.11" Content="Extension Parameter Bit R88.11" />
  <Message ID="MLCRBitCmt::R88.12" Content="Extension Parameter Bit R88.12" />
  <Message ID="MLCRBitCmt::R88.13" Content="Extension Parameter Bit R88.13" />
  <Message ID="MLCRBitCmt::R88.14" Content="Extension Parameter Bit R88.14" />
  <Message ID="MLCRBitCmt::R88.15" Content="Extension Parameter Bit R88.15" />
  <Message ID="MLCRBitCmt::R89.0" Content="Extension Parameter Bit R89.0" />
  <Message ID="MLCRBitCmt::R89.1" Content="Extension Parameter Bit R89.1" />
  <Message ID="MLCRBitCmt::R89.2" Content="Extension Parameter Bit R89.2" />
  <Message ID="MLCRBitCmt::R89.3" Content="Extension Parameter Bit R89.3" />
  <Message ID="MLCRBitCmt::R89.4" Content="Extension Parameter Bit R89.4" />
  <Message ID="MLCRBitCmt::R89.5" Content="Extension Parameter Bit R89.5" />
  <Message ID="MLCRBitCmt::R89.6" Content="Extension Parameter Bit R89.6" />
  <Message ID="MLCRBitCmt::R89.7" Content="Extension Parameter Bit R89.7" />
  <Message ID="MLCRBitCmt::R89.8" Content="Extension Parameter Bit R89.8" />
  <Message ID="MLCRBitCmt::R89.9" Content="Extension Parameter Bit R89.9" />
  <Message ID="MLCRBitCmt::R89.10" Content="Extension Parameter Bit R89.10" />
  <Message ID="MLCRBitCmt::R89.11" Content="Extension Parameter Bit R89.11" />
  <Message ID="MLCRBitCmt::R89.12" Content="Extension Parameter Bit R89.12" />
  <Message ID="MLCRBitCmt::R89.13" Content="Extension Parameter Bit R89.13" />
  <Message ID="MLCRBitCmt::R89.14" Content="Extension Parameter Bit R89.14" />
  <Message ID="MLCRBitCmt::R89.15" Content="Extension Parameter Bit R89.15" />
  <Message ID="MLCRBitCmt::R90.0" Content="Extension Parameter Bit R90.0" />
  <Message ID="MLCRBitCmt::R90.1" Content="Extension Parameter Bit R90.1" />
  <Message ID="MLCRBitCmt::R90.2" Content="Extension Parameter Bit R90.2" />
  <Message ID="MLCRBitCmt::R90.3" Content="Extension Parameter Bit R90.3" />
  <Message ID="MLCRBitCmt::R90.4" Content="Extension Parameter Bit R90.4" />
  <Message ID="MLCRBitCmt::R90.5" Content="Extension Parameter Bit R90.5" />
  <Message ID="MLCRBitCmt::R90.6" Content="Extension Parameter Bit R90.6" />
  <Message ID="MLCRBitCmt::R90.7" Content="Extension Parameter Bit R90.7" />
  <Message ID="MLCRBitCmt::R90.8" Content="Extension Parameter Bit R90.8" />
  <Message ID="MLCRBitCmt::R90.9" Content="Extension Parameter Bit R90.9" />
  <Message ID="MLCRBitCmt::R90.10" Content="Extension Parameter Bit R90.10" />
  <Message ID="MLCRBitCmt::R90.11" Content="Extension Parameter Bit R90.11" />
  <Message ID="MLCRBitCmt::R90.12" Content="Extension Parameter Bit R90.12" />
  <Message ID="MLCRBitCmt::R90.13" Content="Extension Parameter Bit R90.13" />
  <Message ID="MLCRBitCmt::R90.14" Content="Extension Parameter Bit R90.14" />
  <Message ID="MLCRBitCmt::R90.15" Content="Extension Parameter Bit R90.15" />
  <Message ID="MLCRBitCmt::R91.0" Content="Extension Parameter Bit R91.0" />
  <Message ID="MLCRBitCmt::R91.1" Content="Extension Parameter Bit R91.1" />
  <Message ID="MLCRBitCmt::R91.2" Content="Extension Parameter Bit R91.2" />
  <Message ID="MLCRBitCmt::R91.3" Content="Extension Parameter Bit R91.3" />
  <Message ID="MLCRBitCmt::R91.4" Content="Extension Parameter Bit R91.4" />
  <Message ID="MLCRBitCmt::R91.5" Content="Extension Parameter Bit R91.5" />
  <Message ID="MLCRBitCmt::R91.6" Content="Extension Parameter Bit R91.6" />
  <Message ID="MLCRBitCmt::R91.7" Content="Extension Parameter Bit R91.7" />
  <Message ID="MLCRBitCmt::R91.8" Content="Extension Parameter Bit R91.8" />
  <Message ID="MLCRBitCmt::R91.9" Content="Extension Parameter Bit R91.9" />
  <Message ID="MLCRBitCmt::R91.10" Content="Extension Parameter Bit R91.10" />
  <Message ID="MLCRBitCmt::R91.11" Content="Extension Parameter Bit R91.11" />
  <Message ID="MLCRBitCmt::R91.12" Content="Extension Parameter Bit R91.12" />
  <Message ID="MLCRBitCmt::R91.13" Content="Extension Parameter Bit R91.13" />
  <Message ID="MLCRBitCmt::R91.14" Content="Extension Parameter Bit R91.14" />
  <Message ID="MLCRBitCmt::R91.15" Content="Extension Parameter Bit R91.15" />
  <Message ID="MLCRBitCmt::R92.0" Content="Extension Parameter Bit R92.0" />
  <Message ID="MLCRBitCmt::R92.1" Content="Extension Parameter Bit R92.1" />
  <Message ID="MLCRBitCmt::R92.2" Content="Extension Parameter Bit R92.2" />
  <Message ID="MLCRBitCmt::R92.3" Content="Extension Parameter Bit R92.3" />
  <Message ID="MLCRBitCmt::R92.4" Content="Extension Parameter Bit R92.4" />
  <Message ID="MLCRBitCmt::R92.5" Content="Extension Parameter Bit R92.5" />
  <Message ID="MLCRBitCmt::R92.6" Content="Extension Parameter Bit R92.6" />
  <Message ID="MLCRBitCmt::R92.7" Content="Extension Parameter Bit R92.7" />
  <Message ID="MLCRBitCmt::R92.8" Content="Extension Parameter Bit R92.8" />
  <Message ID="MLCRBitCmt::R92.9" Content="Extension Parameter Bit R92.9" />
  <Message ID="MLCRBitCmt::R92.10" Content="Extension Parameter Bit R92.10" />
  <Message ID="MLCRBitCmt::R92.11" Content="Extension Parameter Bit R92.11" />
  <Message ID="MLCRBitCmt::R92.12" Content="Extension Parameter Bit R92.12" />
  <Message ID="MLCRBitCmt::R92.13" Content="Extension Parameter Bit R92.13" />
  <Message ID="MLCRBitCmt::R92.14" Content="Extension Parameter Bit R92.14" />
  <Message ID="MLCRBitCmt::R92.15" Content="Extension Parameter Bit R92.15" />
  <Message ID="MLCRBitCmt::R93.0" Content="Extension Parameter Bit R93.0" />
  <Message ID="MLCRBitCmt::R93.1" Content="Extension Parameter Bit R93.1" />
  <Message ID="MLCRBitCmt::R93.2" Content="Extension Parameter Bit R93.2" />
  <Message ID="MLCRBitCmt::R93.3" Content="Extension Parameter Bit R93.3" />
  <Message ID="MLCRBitCmt::R93.4" Content="Extension Parameter Bit R93.4" />
  <Message ID="MLCRBitCmt::R93.5" Content="Extension Parameter Bit R93.5" />
  <Message ID="MLCRBitCmt::R93.6" Content="Extension Parameter Bit R93.6" />
  <Message ID="MLCRBitCmt::R93.7" Content="Extension Parameter Bit R93.7" />
  <Message ID="MLCRBitCmt::R93.8" Content="Extension Parameter Bit R93.8" />
  <Message ID="MLCRBitCmt::R93.9" Content="Extension Parameter Bit R93.9" />
  <Message ID="MLCRBitCmt::R93.10" Content="Extension Parameter Bit R93.10" />
  <Message ID="MLCRBitCmt::R93.11" Content="Extension Parameter Bit R93.11" />
  <Message ID="MLCRBitCmt::R93.12" Content="Extension Parameter Bit R93.12" />
  <Message ID="MLCRBitCmt::R93.13" Content="Extension Parameter Bit R93.13" />
  <Message ID="MLCRBitCmt::R93.14" Content="Extension Parameter Bit R93.14" />
  <Message ID="MLCRBitCmt::R93.15" Content="Extension Parameter Bit R93.15" />
  <Message ID="MLCRBitCmt::R94.0" Content="Extension Parameter Bit R94.0" />
  <Message ID="MLCRBitCmt::R94.1" Content="Extension Parameter Bit R94.1" />
  <Message ID="MLCRBitCmt::R94.2" Content="Extension Parameter Bit R94.2" />
  <Message ID="MLCRBitCmt::R94.3" Content="Extension Parameter Bit R94.3" />
  <Message ID="MLCRBitCmt::R94.4" Content="Extension Parameter Bit R94.4" />
  <Message ID="MLCRBitCmt::R94.5" Content="Extension Parameter Bit R94.5" />
  <Message ID="MLCRBitCmt::R94.6" Content="Extension Parameter Bit R94.6" />
  <Message ID="MLCRBitCmt::R94.7" Content="Extension Parameter Bit R94.7" />
  <Message ID="MLCRBitCmt::R94.8" Content="Extension Parameter Bit R94.8" />
  <Message ID="MLCRBitCmt::R94.9" Content="Extension Parameter Bit R94.9" />
  <Message ID="MLCRBitCmt::R94.10" Content="Extension Parameter Bit R94.10" />
  <Message ID="MLCRBitCmt::R94.11" Content="Extension Parameter Bit R94.11" />
  <Message ID="MLCRBitCmt::R94.12" Content="Extension Parameter Bit R94.12" />
  <Message ID="MLCRBitCmt::R94.13" Content="Extension Parameter Bit R94.13" />
  <Message ID="MLCRBitCmt::R94.14" Content="Extension Parameter Bit R94.14" />
  <Message ID="MLCRBitCmt::R94.15" Content="Extension Parameter Bit R94.15" />
  <Message ID="MLCRBitCmt::R95.0" Content="Extension Parameter Bit R95.0" />
  <Message ID="MLCRBitCmt::R95.1" Content="Extension Parameter Bit R95.1" />
  <Message ID="MLCRBitCmt::R95.2" Content="Extension Parameter Bit R95.2" />
  <Message ID="MLCRBitCmt::R95.3" Content="Extension Parameter Bit R95.3" />
  <Message ID="MLCRBitCmt::R95.4" Content="Extension Parameter Bit R95.4" />
  <Message ID="MLCRBitCmt::R95.5" Content="Extension Parameter Bit R95.5" />
  <Message ID="MLCRBitCmt::R95.6" Content="Extension Parameter Bit R95.6" />
  <Message ID="MLCRBitCmt::R95.7" Content="Extension Parameter Bit R95.7" />
  <Message ID="MLCRBitCmt::R95.8" Content="Extension Parameter Bit R95.8" />
  <Message ID="MLCRBitCmt::R95.9" Content="Extension Parameter Bit R95.9" />
  <Message ID="MLCRBitCmt::R95.10" Content="Extension Parameter Bit R95.10" />
  <Message ID="MLCRBitCmt::R95.11" Content="Extension Parameter Bit R95.11" />
  <Message ID="MLCRBitCmt::R95.12" Content="Extension Parameter Bit R95.12" />
  <Message ID="MLCRBitCmt::R95.13" Content="Extension Parameter Bit R95.13" />
  <Message ID="MLCRBitCmt::R95.14" Content="Extension Parameter Bit R95.14" />
  <Message ID="MLCRBitCmt::R95.15" Content="Extension Parameter Bit R95.15" />
  <Message ID="MLCRBitCmt::R96.0" Content="Extension Parameter Bit R96.0" />
  <Message ID="MLCRBitCmt::R96.1" Content="Extension Parameter Bit R96.1" />
  <Message ID="MLCRBitCmt::R96.2" Content="Extension Parameter Bit R96.2" />
  <Message ID="MLCRBitCmt::R96.3" Content="Extension Parameter Bit R96.3" />
  <Message ID="MLCRBitCmt::R96.4" Content="Extension Parameter Bit R96.4" />
  <Message ID="MLCRBitCmt::R96.5" Content="Extension Parameter Bit R96.5" />
  <Message ID="MLCRBitCmt::R96.6" Content="Extension Parameter Bit R96.6" />
  <Message ID="MLCRBitCmt::R96.7" Content="Extension Parameter Bit R96.7" />
  <Message ID="MLCRBitCmt::R96.8" Content="Extension Parameter Bit R96.8" />
  <Message ID="MLCRBitCmt::R96.9" Content="Extension Parameter Bit R96.9" />
  <Message ID="MLCRBitCmt::R96.10" Content="Extension Parameter Bit R96.10" />
  <Message ID="MLCRBitCmt::R96.11" Content="Extension Parameter Bit R96.11" />
  <Message ID="MLCRBitCmt::R96.12" Content="Extension Parameter Bit R96.12" />
  <Message ID="MLCRBitCmt::R96.13" Content="Extension Parameter Bit R96.13" />
  <Message ID="MLCRBitCmt::R96.14" Content="Extension Parameter Bit R96.14" />
  <Message ID="MLCRBitCmt::R96.15" Content="Extension Parameter Bit R96.15" />
  <Message ID="MLCRBitCmt::R97.0" Content="Extension Parameter Bit R97.0" />
  <Message ID="MLCRBitCmt::R97.1" Content="Extension Parameter Bit R97.1" />
  <Message ID="MLCRBitCmt::R97.2" Content="Extension Parameter Bit R97.2" />
  <Message ID="MLCRBitCmt::R97.3" Content="Extension Parameter Bit R97.3" />
  <Message ID="MLCRBitCmt::R97.4" Content="Extension Parameter Bit R97.4" />
  <Message ID="MLCRBitCmt::R97.5" Content="Extension Parameter Bit R97.5" />
  <Message ID="MLCRBitCmt::R97.6" Content="Extension Parameter Bit R97.6" />
  <Message ID="MLCRBitCmt::R97.7" Content="Extension Parameter Bit R97.7" />
  <Message ID="MLCRBitCmt::R97.8" Content="Extension Parameter Bit R97.8" />
  <Message ID="MLCRBitCmt::R97.9" Content="Extension Parameter Bit R97.9" />
  <Message ID="MLCRBitCmt::R97.10" Content="Extension Parameter Bit R97.10" />
  <Message ID="MLCRBitCmt::R97.11" Content="Extension Parameter Bit R97.11" />
  <Message ID="MLCRBitCmt::R97.12" Content="Extension Parameter Bit R97.12" />
  <Message ID="MLCRBitCmt::R97.13" Content="Extension Parameter Bit R97.13" />
  <Message ID="MLCRBitCmt::R97.14" Content="Extension Parameter Bit R97.14" />
  <Message ID="MLCRBitCmt::R97.15" Content="Extension Parameter Bit R97.15" />
  <Message ID="MLCRBitCmt::R98.0" Content="Extension Parameter Bit R98.0" />
  <Message ID="MLCRBitCmt::R98.1" Content="Extension Parameter Bit R98.1" />
  <Message ID="MLCRBitCmt::R98.2" Content="Extension Parameter Bit R98.2" />
  <Message ID="MLCRBitCmt::R98.3" Content="Extension Parameter Bit R98.3" />
  <Message ID="MLCRBitCmt::R98.4" Content="Extension Parameter Bit R98.4" />
  <Message ID="MLCRBitCmt::R98.5" Content="Extension Parameter Bit R98.5" />
  <Message ID="MLCRBitCmt::R98.6" Content="Extension Parameter Bit R98.6" />
  <Message ID="MLCRBitCmt::R98.7" Content="Extension Parameter Bit R98.7" />
  <Message ID="MLCRBitCmt::R98.8" Content="Extension Parameter Bit R98.8" />
  <Message ID="MLCRBitCmt::R98.9" Content="Extension Parameter Bit R98.9" />
  <Message ID="MLCRBitCmt::R98.10" Content="Extension Parameter Bit R98.10" />
  <Message ID="MLCRBitCmt::R98.11" Content="Extension Parameter Bit R98.11" />
  <Message ID="MLCRBitCmt::R98.12" Content="Extension Parameter Bit R98.12" />
  <Message ID="MLCRBitCmt::R98.13" Content="Extension Parameter Bit R98.13" />
  <Message ID="MLCRBitCmt::R98.14" Content="Extension Parameter Bit R98.14" />
  <Message ID="MLCRBitCmt::R98.15" Content="Extension Parameter Bit R98.15" />
  <Message ID="MLCRBitCmt::R99.0" Content="Extension Parameter Bit R99.0" />
  <Message ID="MLCRBitCmt::R99.1" Content="Extension Parameter Bit R99.1" />
  <Message ID="MLCRBitCmt::R99.2" Content="Extension Parameter Bit R99.2" />
  <Message ID="MLCRBitCmt::R99.3" Content="Extension Parameter Bit R99.3" />
  <Message ID="MLCRBitCmt::R99.4" Content="Extension Parameter Bit R99.4" />
  <Message ID="MLCRBitCmt::R99.5" Content="Extension Parameter Bit R99.5" />
  <Message ID="MLCRBitCmt::R99.6" Content="Extension Parameter Bit R99.6" />
  <Message ID="MLCRBitCmt::R99.7" Content="Extension Parameter Bit R99.7" />
  <Message ID="MLCRBitCmt::R99.8" Content="Extension Parameter Bit R99.8" />
  <Message ID="MLCRBitCmt::R99.9" Content="Extension Parameter Bit R99.9" />
  <Message ID="MLCRBitCmt::R99.10" Content="Extension Parameter Bit R99.10" />
  <Message ID="MLCRBitCmt::R99.11" Content="Extension Parameter Bit R99.11" />
  <Message ID="MLCRBitCmt::R99.12" Content="Extension Parameter Bit R99.12" />
  <Message ID="MLCRBitCmt::R99.13" Content="Extension Parameter Bit R99.13" />
  <Message ID="MLCRBitCmt::R99.14" Content="Extension Parameter Bit R99.14" />
  <Message ID="MLCRBitCmt::R99.15" Content="Extension Parameter Bit R99.15" />
  <Message ID="MLCRBitCmt::R100.0" Content="Extension Parameter Bit R100.0" />
  <Message ID="MLCRBitCmt::R100.1" Content="Extension Parameter Bit R100.1" />
  <Message ID="MLCRBitCmt::R100.2" Content="Extension Parameter Bit R100.2" />
  <Message ID="MLCRBitCmt::R100.3" Content="Extension Parameter Bit R100.3" />
  <Message ID="MLCRBitCmt::R100.4" Content="Extension Parameter Bit R100.4" />
  <Message ID="MLCRBitCmt::R100.5" Content="Extension Parameter Bit R100.5" />
  <Message ID="MLCRBitCmt::R100.6" Content="Extension Parameter Bit R100.6" />
  <Message ID="MLCRBitCmt::R100.7" Content="Extension Parameter Bit R100.7" />
  <Message ID="MLCRBitCmt::R100.8" Content="Extension Parameter Bit R100.8" />
  <Message ID="MLCRBitCmt::R100.9" Content="Extension Parameter Bit R100.9" />
  <Message ID="MLCRBitCmt::R100.10" Content="Extension Parameter Bit R100.10" />
  <Message ID="MLCRBitCmt::R100.11" Content="Extension Parameter Bit R100.11" />
  <Message ID="MLCRBitCmt::R100.12" Content="Extension Parameter Bit R100.12" />
  <Message ID="MLCRBitCmt::R100.13" Content="Extension Parameter Bit R100.13" />
  <Message ID="MLCRBitCmt::R100.14" Content="Extension Parameter Bit R100.14" />
  <Message ID="MLCRBitCmt::R100.15" Content="Extension Parameter Bit R100.15" />
</ResMap>
