<?xml version="1.0" encoding="utf-8" ?>
<ResMap>
	<Message ID="AlarmMsg::Coordinate::ID=1" Content="数组指数不能是浮点或空的" />
	<Message ID="AlarmMsg::Coordinate::ID=2" Content="档案不存在" />
	<Message ID="AlarmMsg::Coordinate::ID=3" Content="除零错误 " />
	<Message ID="AlarmMsg::Coordinate::ID=4" Content="运算域错误" />
	<Message ID="AlarmMsg::Coordinate::ID=5" Content="程序加载失败" />
	<Message ID="AlarmMsg::Coordinate::ID=6" Content="圆弧不在工作平面上" />
	<Message ID="AlarmMsg::Coordinate::ID=7" Content="圆弧半径太短" />
	<Message ID="AlarmMsg::Coordinate::ID=8" Content="圆弧终点不在圆弧上" />
	<Message ID="AlarmMsg::Coordinate::ID=9" Content="宏呼叫层次太深" />
	<Message ID="AlarmMsg::Coordinate::ID=10" Content="固定形式宏呼叫层次太深" />
	<Message ID="AlarmMsg::Coordinate::ID=11" Content="子程序呼叫层次太深" />
	<Message ID="AlarmMsg::Coordinate::ID=12" Content="太多模块取消指令,G67" />
	<Message ID="AlarmMsg::Coordinate::ID=13" Content="G65,G66必须是所有G码中最后一个G码" />
	<Message ID="AlarmMsg::Coordinate::ID=14" Content="没有程序号码" />
	<Message ID="AlarmMsg::Coordinate::ID=15" Content="M 码太多" />
	<Message ID="AlarmMsg::Coordinate::ID=16" Content="不合法的变数存取" />
	<Message ID="AlarmMsg::Coordinate::ID=17" Content="找不到标签" />
	<Message ID="AlarmMsg::Coordinate::ID=18" Content="找不到行数" />
	<Message ID="AlarmMsg::Coordinate::ID=19" Content="子程序无M99" />
	<Message ID="AlarmMsg::Coordinate::ID=20" Content="G 码太多" />
	<Message ID="AlarmMsg::Coordinate::ID=21" Content="太多IJK参数" />
	<Message ID="AlarmMsg::Coordinate::ID=22" Content="没有定义的工作平面坐标" />
	<Message ID="AlarmMsg::Coordinate::ID=23" Content="语义错误" />
	<Message ID="AlarmMsg::Coordinate::ID=24" Content="圆弧半径错误" />
	<Message ID="AlarmMsg::Coordinate::ID=25" Content="宏堆栈数据已满或取出错误" />
	<Message ID="AlarmMsg::Coordinate::ID=26" Content="宏堆栈数据为空" />
	<Message ID="AlarmMsg::Coordinate::ID=27" Content="宏程序发出警告" />
	<Message ID="AlarmMsg::Coordinate::ID=28" Content="系统程序错误" />
	<Message ID="AlarmMsg::Coordinate::ID=29" Content="在圆弧时变更刀长补偿" />
	<Message ID="AlarmMsg::Coordinate::ID=30" Content="切削速度命令为零" />
	<Message ID="AlarmMsg::Coordinate::ID=31" Content="在圆弧时取消半径补偿" />
	<Message ID="AlarmMsg::Coordinate::ID=32" Content="在圆弧时启动半径补偿" />
	<Message ID="AlarmMsg::Coordinate::ID=33" Content=",A,R或,C命令用法不当" />
	<Message ID="AlarmMsg::Coordinate::ID=34" Content="命令语意相冲突" />
	<Message ID="AlarmMsg::Coordinate::ID=35" Content="角隅太小无法插入圆角或倒角" />
	<Message ID="AlarmMsg::Coordinate::ID=36" Content="不适当的,A角度命令" />
	<Message ID="AlarmMsg::Coordinate::ID=37" Content="倒角值超过前后单节长度" />
	<Message ID="AlarmMsg::Coordinate::ID=38" Content="不正确的单节跳跃开关号码" />
	<Message ID="AlarmMsg::Coordinate::ID=39" Content="使用量测功能不可以启动刀具半径补偿" />
	<Message ID="AlarmMsg::Coordinate::ID=40" Content="超过软件或硬件行程极限" />
	<Message ID="AlarmMsg::Coordinate::ID=41" Content="Goto标签必须是整数" />
	<Message ID="AlarmMsg::Coordinate::ID=42" Content="逻辑操作数必须是整数或空的" />
	<Message ID="AlarmMsg::Coordinate::ID=43" Content="ASIN()/ACOS()操作数必须介于-1.0和1.0" />
	<Message ID="AlarmMsg::Coordinate::ID=44" Content="SQRT()操作数不可为负数" />
	<Message ID="AlarmMsg::Coordinate::ID=45" Content="L码必须是整数" />
	<Message ID="AlarmMsg::Coordinate::ID=46" Content="O码必须是整数" />
	<Message ID="AlarmMsg::Coordinate::ID=47" Content="M码必须是整数" />
	<Message ID="AlarmMsg::Coordinate::ID=48" Content="主轴速度,S,必须是整数" />
	<Message ID="AlarmMsg::Coordinate::ID=49" Content="刀长补正号码,H,必须是整数" />
	<Message ID="AlarmMsg::Coordinate::ID=50" Content="刀径补正号码,D,必须是整数" />
	<Message ID="AlarmMsg::Coordinate::ID=51" Content="刀号,T,必须是整数" />
	<Message ID="AlarmMsg::Coordinate::ID=52" Content="子程序号码,P,必须是整数" />
	<Message ID="AlarmMsg::Coordinate::ID=53" Content="重复次数,L,必须是整数" />
	<Message ID="AlarmMsg::Coordinate::ID=54" Content="数据型别不兼容" />
	<Message ID="AlarmMsg::Coordinate::ID=55" Content="刀长补正号码,H,超出范围" />
	<Message ID="AlarmMsg::Coordinate::ID=56" Content="G10数据表地址,P,超出范围" />
	<Message ID="AlarmMsg::Coordinate::ID=57" Content="刀径补正号码,D,超出范围" />
	<Message ID="AlarmMsg::Coordinate::ID=58" Content="刀鼻补偿号码超出范围" />
	<Message ID="AlarmMsg::Coordinate::ID=59" Content="子程序呼叫序号,H,必须是整数" />
	<Message ID="AlarmMsg::Coordinate::ID=60" Content="M99返回序号,P,必须是整数" />
	<Message ID="AlarmMsg::Coordinate::ID=61" Content="工件坐标号码超出范围" />
	<Message ID="AlarmMsg::Coordinate::ID=62" Content="暂停跳跃来源,Q,必须是整数" />
	<Message ID="AlarmMsg::Coordinate::ID=63" Content="暂停跳跃来源,Q,超出范围" />
	<Message ID="AlarmMsg::Coordinate::ID=64" Content="P码必须是整数" />
	<Message ID="AlarmMsg::Coordinate::ID=65" Content=",A命令与轴位移命令相冲" />
	<Message ID="AlarmMsg::Coordinate::ID=66" Content="增量命令与绝对命令相冲" />
	<Message ID="AlarmMsg::Coordinate::ID=67" Content="圆弧圆心向量与圆半径相冲" />
	<Message ID="AlarmMsg::Coordinate::ID=68" Content="公英制转换不可以在Quiet模式下使用" />
	<Message ID="AlarmMsg::Coordinate::ID=69" Content="倒角与圆角命令相冲" />
	<Message ID="AlarmMsg::Coordinate::ID=70" Content="不合法G码指令" />
	<Message ID="AlarmMsg::Coordinate::ID=71" Content="未指定主程序名称" />
	<Message ID="AlarmMsg::Coordinate::ID=72" Content="车牙超出最高切削速度" />
	<Message ID="AlarmMsg::Coordinate::ID=73" Content="攻牙超出最高切削速度" />
	<Message ID="AlarmMsg::Coordinate::ID=74" Content="刀具半径太大造成补偿路径过切" />
	<Message ID="AlarmMsg::Coordinate::ID=75" Content="准确停止(Exact Stop)等待过久" />
	<Message ID="AlarmMsg::Coordinate::ID=76" Content="G04暂停时间不可为负数" />
	<Message ID="AlarmMsg::Coordinate::ID=77" Content="Nurbs曲线格式错误" />
	<Message ID="AlarmMsg::Coordinate::ID=78" Content="Nurbs系统内存不足" />
	<Message ID="AlarmMsg::Coordinate::ID=79" Content="Nurbs曲线控制点数超过上限值" />
	<Message ID="AlarmMsg::Coordinate::ID=80" Content="车牙牙距不可为负数" />
	<Message ID="AlarmMsg::Coordinate::ID=81" Content="在G45~G48下，G02/G03只能是90度或270度" />
	<Message ID="AlarmMsg::Coordinate::ID=82" Content="G41/G42不能与G45~G48同时使用" />
	<Message ID="AlarmMsg::Coordinate::ID=84" Content="使用快钻没有下P自变量" />
	<Message ID="AlarmMsg::Coordinate::ID=85" Content="在 G93 模式下 F 自变量不对" />
	<Message ID="AlarmMsg::Coordinate::ID=86" Content="在 G10 L1501模式下,自变量R和自变量I不可单独存在" />
	<Message ID="AlarmMsg::Coordinate::ID=87" Content="在 G10 L1501模式下,自变量P和自变量Q不能为相同值" />
	<Message ID="AlarmMsg::Coordinate::ID=88" Content="在 G10 L1501模式,下了自变量I后加工程序不能有时间轴指令" />
	<Message ID="AlarmMsg::Coordinate::ID=89" Content="在 G10 L1501模式,主轴必须是增量指令" />
	<Message ID="AlarmMsg::Coordinate::ID=90" Content="开启极坐标插值时，C轴零速检查失败" />
	<Message ID="AlarmMsg::Coordinate::ID=91" Content="主轴同步, 基础主轴号码错误" />
	<Message ID="AlarmMsg::Coordinate::ID=92" Content="主轴同步, 同步主轴号码错误" />
	<Message ID="AlarmMsg::Coordinate::ID=93" Content="主轴同步, 主轴型态错误" />
	<Message ID="AlarmMsg::Coordinate::ID=94" Content="主轴承载期间刚攻指令主轴转速超过" />
	<Message ID="AlarmMsg::Coordinate::ID=95" Content="主轴同步, 基础主轴转速比率错误" />
	<Message ID="AlarmMsg::Coordinate::ID=96" Content="主轴同步, 同步主轴转速比率错误" />
	<Message ID="AlarmMsg::Coordinate::ID=97" Content="轴偶合功能启用或解除失败" />
	<Message ID="AlarmMsg::Coordinate::ID=98" Content="参数学习自变量错误" />
	<Message ID="AlarmMsg::Coordinate::ID=99" Content="学习条件不符合" />
	<Message ID="AlarmMsg::Coordinate::ID=100" Content="控制器机型不支持此G码指令" />
	<Message ID="AlarmMsg::Coordinate::ID=101" Content="主轴同步, 基础主轴与同步主轴螺距(Pitch)设定不一致" />
	<Message ID="AlarmMsg::Coordinate::ID=102" Content="主轴同步, 重复的G51.2或G114.1指令" />
	<Message ID="AlarmMsg::Coordinate::ID=103" Content="高速高精参数设置不当" />
	<Message ID="AlarmMsg::Coordinate::ID=104" Content="虚拟轴功能启用失败" />
	<Message ID="AlarmMsg::Coordinate::ID=105" Content="轴耦合功能设定错误" />
	<Message ID="AlarmMsg::Coordinate::ID=106" Content="在G61、G63、放电加工模式下禁止使用G5.1路径平滑" />
	<Message ID="AlarmMsg::Coordinate::ID=107" Content="G5.1/G05指令格式错误" />
	<Message ID="AlarmMsg::Coordinate::ID=108" Content="G10 L1501/L1502指令格式错误" />
	<Message ID="AlarmMsg::Coordinate::ID=109" Content="G22指令错误, 启动失败" />
	<Message ID="AlarmMsg::Coordinate::ID=110" Content="加工档对于弹簧机动程而言过大" />
	<Message ID="AlarmMsg::Coordinate::ID=111" Content="轴交换功能, 轴向设定错误" />
	<Message ID="AlarmMsg::Coordinate::ID=112" Content="轴交换功能, 直径轴、半径轴设定错误" />
	<Message ID="AlarmMsg::Coordinate::ID=113" Content="轴交换功能, 启用或解除时机错误" />
	<Message ID="AlarmMsg::Coordinate::ID=114" Content="轴交换功能, 轴群设定错误" />
	<Message ID="AlarmMsg::Coordinate::ID=115" Content="G92.1功能轴向参数设定错误" />
	<Message ID="AlarmMsg::Coordinate::ID=116" Content="暂停点回归偏移量同步失败" />
	<Message ID="AlarmMsg::Coordinate::ID=117" Content="中断型子程序未下M97" />
	<Message ID="AlarmMsg::Coordinate::ID=118" Content="G43.4模式下不可使用G53指令" />
	<Message ID="AlarmMsg::Coordinate::ID=119" Content="G10 L16指令格式错误" />
	<Message ID="AlarmMsg::Coordinate::ID=120" Content="超过最大切削同动轴数错误" />
	<Message ID="AlarmMsg::Coordinate::ID=121" Content="LN()操作数必须为正数" />
	<Message ID="AlarmMsg::Coordinate::ID=122" Content="POW(,)第一个操作数不可为负数" />
	<Message ID="AlarmMsg::Coordinate::ID=123" Content="STR2INT()不合法的输入或字符串长度太长" />
	<Message ID="AlarmMsg::Coordinate::ID=124" Content="控制器机型不支持此S码指令" />
	<Message ID="AlarmMsg::Coordinate::ID=125" Content="控制器机型不支持此T码指令" />
	<Message ID="AlarmMsg::Coordinate::ID=126" Content="控制器机型不支持此H码指令" />
	<Message ID="AlarmMsg::Coordinate::ID=127" Content="控制器机型不支持此D码指令" />
	<Message ID="AlarmMsg::Coordinate::ID=131" Content="M/T 码子程序和宏太多" />
	<Message ID="AlarmMsg::Coordinate::ID=132" Content="程序名称含有不合法字符" />
	<Message ID="AlarmMsg::Coordinate::ID=133" Content="G02.4/G03.4插补模式下不支持此命令" />
	<Message ID="AlarmMsg::Coordinate::ID=134" Content="G02.4/G03.4指令格式错误" />
	<Message ID="AlarmMsg::Coordinate::ID=136" Content="轴向调机失败后请先重启控制器再进行CycleStart" />
	<Message ID="AlarmMsg::Coordinate::ID=137" Content="G04.1 P自变量的顺序错误" />
	<Message ID="AlarmMsg::Coordinate::ID=140" Content="在G43.4模式下禁止使用G05高精轨迹控制模式" />
	<Message ID="AlarmMsg::Coordinate::ID=143" Content="G10 L1501,P自变量所指定的轴向不存在" />
	<Message ID="AlarmMsg::Coordinate::ID=151" Content="第一旋转轴进入不合法范围" />
	<Message ID="AlarmMsg::Coordinate::ID=152" Content="第二旋转轴进入不合法范围" />
	<Message ID="AlarmMsg::Coordinate::ID=153" Content="此刀具方向无解" />
	<Message ID="AlarmMsg::Coordinate::ID=154" Content="无五轴功能" />
	<Message ID="AlarmMsg::Coordinate::ID=155" Content="五轴刀具方向未设定" />
	<Message ID="AlarmMsg::Coordinate::ID=156" Content="五轴轴向设定错误" />
	<Message ID="AlarmMsg::Coordinate::ID=157" Content="五轴刀具方向与旋转轴方向不相容" />
	<Message ID="AlarmMsg::Coordinate::ID=201" Content="程序不存在" />
	<Message ID="AlarmMsg::Coordinate::ID=202" Content="传文件通讯线路错误" />
	<Message ID="AlarmMsg::Coordinate::ID=203" Content="加工程序格式不符，请查阅警报说明" />
	<Message ID="AlarmMsg::Coordinate::ID=204" Content="档案太大" />
	<Message ID="AlarmMsg::Coordinate::ID=205" Content="档案是空的" />
	<Message ID="AlarmMsg::Coordinate::ID=206" Content="工作页无法取得写入权利" />
	<Message ID="AlarmMsg::Coordinate::ID=207" Content="指定序号不存在" />
	<Message ID="AlarmMsg::Coordinate::ID=208" Content="顺序文件不可使用跳跃指令" />
	<Message ID="AlarmMsg::Coordinate::ID=471" Content="加工程序1" />
	<Message ID="AlarmMsg::Coordinate::ID=472" Content="加工程序2" />
	<Message ID="AlarmMsg::Coordinate::ID=473" Content="加工程序3" />
	<Message ID="AlarmMsg::Coordinate::ID=474" Content="加工程序4" />
	<Message ID="AlarmMsg::Coordinate::ID=475" Content="加工程序5" />
	<Message ID="AlarmMsg::Coordinate::ID=476" Content="加工程序6" />
	<Message ID="AlarmMsg::Coordinate::ID=491" Content="仿真程序" />
	<Message ID="AlarmMsg::Motion::ID=1" Content="A,B编码器回馈讯号错误" />
	<Message ID="AlarmMsg::Motion::ID=2" Content="错误计数器溢位" />
	<Message ID="AlarmMsg::Motion::ID=3" Content="编码器模块错误" />
	<Message ID="AlarmMsg::Motion::ID=4" Content="无索引中断信号" />
	<Message ID="AlarmMsg::Motion::ID=5" Content="DDA指令超过额定值" />
	<Message ID="AlarmMsg::Motion::ID=6" Content="索引状态无法清除" />
	<Message ID="AlarmMsg::Motion::ID=8" Content="遗失位置命令" />
	<Message ID="AlarmMsg::Motion::ID=9" Content="驱动器警报" />
	<Message ID="AlarmMsg::Motion::ID=10" Content="轴向位置命令通讯异常" />
	<Message ID="AlarmMsg::Motion::ID=11" Content="驱动器通讯异常" />
	<Message ID="AlarmMsg::Motion::ID=12" Content="驱动器寻原点失败" />
	<Message ID="AlarmMsg::Motion::ID=13" Content="轴向调机失败后请先重启控制器再进行JOG, MPG, 寻原点等操作" />
	<Message ID="AlarmMsg::Motion::ID=14" Content="超过系统串行轴向数量上限, 请放大插补时间或关闭此轴" />
	<Message ID="AlarmMsg::Motion::ID=17" Content="超过正向第一软件行程极限" />
	<Message ID="AlarmMsg::Motion::ID=18" Content="超过负向第一软件行程极限" />
	<Message ID="AlarmMsg::Motion::ID=19" Content="追随误差超过" />
	<Message ID="AlarmMsg::Motion::ID=20" Content="不能在移动中切回控制模式" />
	<Message ID="AlarmMsg::Motion::ID=21" Content="必须重新寻原点" />
	<Message ID="AlarmMsg::Motion::ID=22" Content="原点位置不准确" />
	<Message ID="AlarmMsg::Motion::ID=23" Content="严重追随误差超过" />
	<Message ID="AlarmMsg::Motion::ID=24" Content="严重双回路位置误差超过" />
	<Message ID="AlarmMsg::Motion::ID=25" Content="超过正向硬件行程极限" />
	<Message ID="AlarmMsg::Motion::ID=26" Content="超过负向硬件行程极限" />
	<Message ID="AlarmMsg::Motion::ID=27" Content="PLC轴程序错误" />
	<Message ID="AlarmMsg::Motion::ID=28" Content="系统内存太低" />
	<Message ID="AlarmMsg::Motion::ID=29" Content="寻原点找不到原点Index讯号" />
	<Message ID="AlarmMsg::Motion::ID=30" Content="寻原点零速检查失败" />
	<Message ID="AlarmMsg::Motion::ID=31" Content="静态双回路位置误差超过" />
	<Message ID="AlarmMsg::Motion::ID=32" Content="(Z轴)追随主轴误差超过" />
	<Message ID="AlarmMsg::Motion::ID=33" Content="绝对位置读取失败" />
	<Message ID="AlarmMsg::Motion::ID=34" Content="未完成第一次原点设定，绝对位置无法运作" />
	<Message ID="AlarmMsg::Motion::ID=35" Content="绝对位置电池失效,请更换电池并重新设定原点" />
	<Message ID="AlarmMsg::Motion::ID=36" Content="寻原点离不开原点开关" />
	<Message ID="AlarmMsg::Motion::ID=37" Content="超过正向第二软件行程极限" />
	<Message ID="AlarmMsg::Motion::ID=38" Content="超过负向第二软件行程极限" />
	<Message ID="AlarmMsg::Motion::ID=39" Content="攻牙严重过行程" />
	<Message ID="AlarmMsg::Motion::ID=40" Content="双回授自我检测误差超过" />
	<Message ID="AlarmMsg::Motion::ID=41" Content="超过正向第三软件行程极限" />
	<Message ID="AlarmMsg::Motion::ID=42" Content="超过负向第三软件行程极限" />
	<Message ID="AlarmMsg::Motion::ID=43" Content="进入第一软件行程极限保护范围" />
	<Message ID="AlarmMsg::Motion::ID=44" Content="进入第二软件行程极限保护范围" />
	<Message ID="AlarmMsg::Motion::ID=45" Content="进入第三软件行程极限保护范围" />
	<Message ID="AlarmMsg::Motion::ID=46" Content="原点开关讯号异常" />
	<Message ID="AlarmMsg::Motion::ID=50" Content="不能在速度控制模式切成扭力控制模式" />
	<Message ID="AlarmMsg::Motion::ID=51" Content="移动中禁止启动加工" />
	<Message ID="AlarmMsg::Motion::ID=52" Content="驱动器后级电未投入，请检查电源连接线路" />
	<Message ID="AlarmMsg::Motion::ID=55" Content="绝对式编码器相关参数设定错误" />
	<Message ID="AlarmMsg::Motion::ID=57" Content="驱动器无法进入伺服ON" />
	<Message ID="AlarmMsg::Spindle::ID=17" Content="主轴定位位置检查错误" />
	<Message ID="AlarmMsg::Spindle::ID=18" Content="主轴定位索引信号没有找到" />
	<Message ID="AlarmMsg::Spindle::ID=20" Content="主轴无参考点，齿轮比、编码器位置、或轴型态设定错误" />
	<Message ID="AlarmMsg::Spindle::ID=21" Content="空档下进行攻牙" />
	<Message ID="AlarmMsg::Spindle::ID=22" Content="设定的主轴马达型态仅支持新代变频器" />
	<Message ID="AlarmMsg::Spindle::ID=23" Content="主轴转速未到达，请检查Pr1991~与Pr1831~设定是否合理" />
	<Message ID="AlarmMsg::Compiler::ID=1" Content="在批注中遇到档案结束的符号" />
	<Message ID="AlarmMsg::Compiler::ID=2" Content="没有字符串符号结尾的字符串" />
	<Message ID="AlarmMsg::Compiler::ID=3" Content="句法错误" />
	<Message ID="AlarmMsg::Compiler::ID=4" Content="无效的变数" />
	<Message ID="AlarmMsg::Compiler::ID=5" Content="数学式太复杂" />
	<Message ID="AlarmMsg::Compiler::ID=6" Content="EXIT子句在重复循环之外" />
	<Message ID="AlarmMsg::Compiler::ID=7" Content="重复循环太深" />
	<Message ID="AlarmMsg::Compiler::ID=8" Content="子句中没有结束的符号';'" />
	<Message ID="AlarmMsg::Compiler::ID=9" Content="错误的给值符号':='" />
	<Message ID="AlarmMsg::Compiler::ID=10" Content="没有右边的')' " />
	<Message ID="AlarmMsg::Compiler::ID=11" Content="没有右边的']' " />
	<Message ID="AlarmMsg::Compiler::ID=12" Content="关键词是FOR的子句中，找不到'FOR' " />
	<Message ID="AlarmMsg::Compiler::ID=13" Content="关键词是FOR的子句中，找不到'DO' " />
	<Message ID="AlarmMsg::Compiler::ID=14" Content="关键词是FOR的子句中，找不到'END_FOR' " />
	<Message ID="AlarmMsg::Compiler::ID=15" Content="关键词是REPEAT的子句中，找不到'UNTIL' " />
	<Message ID="AlarmMsg::Compiler::ID=16" Content="关键词是REPEAT的子句中，找不到'END_REPEAT' " />
	<Message ID="AlarmMsg::Compiler::ID=17" Content="关键词是WHILE的子句中，找不到'DO' " />
	<Message ID="AlarmMsg::Compiler::ID=18" Content="关键词是WHILE的子句中，找不到'END_WHILE' " />
	<Message ID="AlarmMsg::Compiler::ID=19" Content="关键词是IF的子句中，找不到'THEN' " />
	<Message ID="AlarmMsg::Compiler::ID=20" Content="关键词是IF的子句中，找不到'ELSE'或'END_IF' " />
	<Message ID="AlarmMsg::Compiler::ID=21" Content="关键词是IF的子句中，找不到'END_IF' " />
	<Message ID="AlarmMsg::Compiler::ID=22" Content="关键词是CASE的子句中，找不到'OF' " />
	<Message ID="AlarmMsg::Compiler::ID=23" Content="关键词是CASE的子句中，找不到'ELSE'或'END_CASE' " />
	<Message ID="AlarmMsg::Compiler::ID=24" Content="关键词是CASE的子句中，找不到'END_CASE' " />
	<Message ID="AlarmMsg::Compiler::ID=25" Content="关键词是CASE的子句中，找不到':'或',' " />
	<Message ID="AlarmMsg::Compiler::ID=27" Content="无效的字符 " />
	<Message ID="AlarmMsg::Operation::ID=1" Content="轴板设定错误,I/O功能无法正常启动" />
	<Message ID="AlarmMsg::Operation::ID=2" Content="系统参数文件存取失败，系统无法运作" />
	<Message ID="AlarmMsg::Operation::ID=3" Content="加工数据文件存取失败，系统无法运作" />
	<Message ID="AlarmMsg::Operation::ID=4" Content="加工数据遗失,加工前请重校加工数据" />
	<Message ID="AlarmMsg::Operation::ID=5" Content="I/O传输错误" />
	<Message ID="AlarmMsg::Operation::ID=6" Content="永久内存数据检查错误, 加工前请重校加工数据" />
	<Message ID="AlarmMsg::Operation::ID=7" Content="内存空间不足，小于1M" />
	<Message ID="AlarmMsg::Operation::ID=8" Content="内存空间严重不足，小于100K" />
	<Message ID="AlarmMsg::Operation::ID=9" Content="差值逾时次数超过100" />
	<Message ID="AlarmMsg::Operation::ID=10" Content="轴群编号参数设定错误" />
	<Message ID="AlarmMsg::Operation::ID=11" Content="暂停点偏移量错误" />
	<Message ID="AlarmMsg::Operation::ID=13" Content="此软件版本与机型无法驱动此款控制器硬件, 请联络供货商!" />
	<Message ID="AlarmMsg::Operation::ID=15" Content="输出接点过载，请断电确认配线是否异常。" />
	<Message ID="AlarmMsg::Operation::ID=16" Content="直线度补偿功能参数设定错误" />
	<Message ID="AlarmMsg::Operation::ID=18" Content="轴向或主轴的端口号码设定错误" />
	<Message ID="AlarmMsg::Operation::ID=19" Content="系统加工中或未就绪时不可经由人机操作切换公英制" />
	<Message ID="AlarmMsg::Operation::ID=20" Content="加工档名与备份档名不一致, 请检查加工数据设定值" />
	<Message ID="AlarmMsg::Operation::ID=21" Content="使用前一次加工数据文件,请检查加工数据设定值" />
	<Message ID="AlarmMsg::Operation::ID=22" Content="加工数据文件重建,加工前请重校加工数据" />
	<Message ID="AlarmMsg::Operation::ID=23" Content="加工中断电, 加工前请重校加工数据" />
	<Message ID="AlarmMsg::Operation::ID=24" Content="加工数据文件写入失败,加工前请重校加工数据" />
	<Message ID="AlarmMsg::Operation::ID=25" Content="加工数据文件多次写入失败,加工前请重校加工数据" />
	<Message ID="AlarmMsg::Operation::ID=26" Content="加工数据文件严重写入失败,加工前请重校加工数据并做磁盘驱动器扫瞄" />
	<Message ID="AlarmMsg::Operation::ID=41" Content="加工档加载失败，请检查加工程序是否放于指定路径" />
	<Message ID="AlarmMsg::Operation::ID=42" Content="加工程序数据错误，请检查加工档案" />
	<Message ID="AlarmMsg::Operation::ID=43" Content="电子凸轮组数过多&lt;最多8组&gt;，请修改加工程序减少组数" />
	<Message ID="AlarmMsg::Operation::ID=44" Content="凸轮曲线数量过多&lt;最多32条&gt;，请修改加工程序减少曲线数量" />
	<Message ID="AlarmMsg::Operation::ID=45" Content="路径规画失败，请检查马达运动参数或修改凸轮曲线" />
	<Message ID="AlarmMsg::Operation::ID=46" Content="找不到轴名称，请检查参数321到参数340的设定" />
	<Message ID="AlarmMsg::Operation::ID=47" Content="工件计数用的R值不在可用的范围内，请选择用户自行定义的号码" />
	<Message ID="AlarmMsg::Macro::ID=300" Content="自动分中,起始点错误" />
	<Message ID="AlarmMsg::Macro::ID=301" Content="自动分中,&lt;长度&gt;或&lt;安全距离&gt;输入错误" />
	<Message ID="AlarmMsg::Macro::ID=302" Content="自动分中,&lt;宽度&gt;或&lt;安全距离&gt;输入错误" />
	<Message ID="AlarmMsg::Macro::ID=303" Content="自动分中,&lt;安全高度&gt;输入错误" />
	<Message ID="AlarmMsg::Macro::ID=304" Content="自动分中,&lt;速度&gt;输入错误" />
	<Message ID="AlarmMsg::Macro::ID=305" Content="自动分中,&lt;安全距离&gt;输入错误" />
	<Message ID="AlarmMsg::Macro::ID=306" Content="自动分中,&lt;长度&gt;或&lt;宽度&gt;输入错误" />
	<Message ID="AlarmMsg::Macro::ID=307" Content="自动分中时发生错误" />
	<Message ID="AlarmMsg::Macro::ID=320" Content="主轴至对刀仪距离输入错误" />
	<Message ID="AlarmMsg::Macro::ID=321" Content="预估刀长输入错误" />
	<Message ID="AlarmMsg::Macro::ID=322" Content="主轴至对刀仪距离或预估刀长输入错误" />
	<Message ID="AlarmMsg::Macro::ID=323" Content="第一次与第二次探测的误差超过容许范围" />
	<Message ID="AlarmMsg::Macro::ID=324" Content="刀具量测时发生错误" />
	<Message ID="AlarmMsg::Macro::ID=330" Content="Z轴最低点错误警报" />
	<Message ID="AlarmMsg::Macro::ID=331" Content="刀具量测时发生错误警报" />
	<Message ID="AlarmMsg::Macro::ID=332" Content="第二次与第三次探测误差超过设定范围" />
	<Message ID="AlarmMsg::Macro::ID=333" Content="Z方向起始点错误警报" />
	<Message ID="AlarmMsg::Macro::ID=334" Content="执行G码对刀指令前没有下过H码" />
	<Message ID="AlarmMsg::Macro::ID=335" Content="量测位置设定错误，刀长量测讯号已被触发" />
	<Message ID="AlarmMsg::Macro::ID=336" Content="量测位置设定错误，刀长量测讯号未被触发" />
	<Message ID="AlarmMsg::Macro::ID=401" Content="输入错误的工件坐标系设定" />
	<Message ID="AlarmMsg::Macro::ID=402" Content="输入错误的刀具设定" />
	<Message ID="AlarmMsg::Macro::ID=403" Content="输入错误的对刀模式" />
	<Message ID="AlarmMsg::Macro::ID=404" Content="是否使用参考点设定错误" />
	<Message ID="AlarmMsg::Macro::ID=451" Content="主轴刀号与断刀点的刀号不一致" />
	<Message ID="AlarmMsg::Macro::ID=452" Content="刀具回退功能,刀具收回轴向必须为X Y Z" />
	<Message ID="AlarmMsg::Macro::ID=453" Content="O888800断点回归程序不支持G91增量模式" />
	<Message ID="AlarmMsg::Servo::ID=10h" Content="电源电压不足(AL.10)" />
	<Message ID="AlarmMsg::Servo::ID=12h" Content="内存异常1(RAM)(AL.12)" />
	<Message ID="AlarmMsg::Servo::ID=13h" Content="打印基版异常(AL.13)" />
	<Message ID="AlarmMsg::Servo::ID=15h" Content="内存异常2(EEP-ROM)(AL.15)" />
	<Message ID="AlarmMsg::Servo::ID=16h" Content="编码器通信异常1(AL.16)" />
	<Message ID="AlarmMsg::Servo::ID=17h" Content="CPU异常(AL.17)" />
	<Message ID="AlarmMsg::Servo::ID=19h" Content="内存异常3(Flash ROM)(AL.19)" />
	<Message ID="AlarmMsg::Servo::ID=1Ah" Content="马达组合异常(AL.1A)" />
	<Message ID="AlarmMsg::Servo::ID=20h" Content="编码器通信异常2(AL.20)" />
	<Message ID="AlarmMsg::Servo::ID=24h" Content="马达输出接地(AL.24)" />
	<Message ID="AlarmMsg::Servo::ID=25h" Content="绝对位置数据异常(AL.25)" />
	<Message ID="AlarmMsg::Servo::ID=30h" Content="回生异常(AL.30)" />
	<Message ID="AlarmMsg::Servo::ID=31h" Content="回转速度超过瞬间容许值(AL.31)" />
	<Message ID="AlarmMsg::Servo::ID=32h" Content="电流超过容许值(AL.32)" />
	<Message ID="AlarmMsg::Servo::ID=33h" Content="电压超过容许值(AL.33)" />
	<Message ID="AlarmMsg::Servo::ID=35h" Content="指令脉冲周波数过高(AL.35)" />
	<Message ID="AlarmMsg::Servo::ID=37h" Content="参数设定异常(AL.37)" />
	<Message ID="AlarmMsg::Servo::ID=45h" Content="主回路组件过热(AL.45)" />
	<Message ID="AlarmMsg::Servo::ID=46h" Content="马达过热(AL.46)" />
	<Message ID="AlarmMsg::Servo::ID=47h" Content="冷却风扇异常(AL.47)" />
	<Message ID="AlarmMsg::Servo::ID=50h" Content="过负载1(AL.50)" />
	<Message ID="AlarmMsg::Servo::ID=51h" Content="过负载2(AL.51)" />
	<Message ID="AlarmMsg::Servo::ID=52h" Content="误差过大(AL.52)" />
	<Message ID="AlarmMsg::Servo::ID=8Ah" Content="串行通信逾时(AL.8A)" />
	<Message ID="AlarmMsg::Servo::ID=8Eh" Content="串行通信异常(AL.8E)" />
	<Message ID="AlarmMsg::Servo::ID=92h" Content="绝对位置编码器电池断线(AL.92)" />
	<Message ID="AlarmMsg::Servo::ID=96h" Content="原点设定错误(AL.96)" />
	<Message ID="AlarmMsg::Servo::ID=99h" Content="冲程极限警告(AL.99)" />
	<Message ID="AlarmMsg::Servo::ID=9Fh" Content="绝对位置编码器电池电压过低(AL.9F)" />
	<Message ID="AlarmMsg::Servo::ID=E0h" Content="过回生警告(AL.E0)" />
	<Message ID="AlarmMsg::Servo::ID=E1h" Content="过负载警告(AL.E1)" />
	<Message ID="AlarmMsg::Servo::ID=E3h" Content="绝对位置计数器警告(AL.E3)" />
	<Message ID="AlarmMsg::Servo::ID=E5h" Content="ABS逾时警告(AL.E5)" />
	<Message ID="AlarmMsg::Servo::ID=E6h" Content="紧急停止(AL.E6)" />
	<Message ID="AlarmMsg::Servo::ID=E8h" Content="冷却风扇速度异常警告(AL.E8)" />
	<Message ID="AlarmMsg::Servo::ID=E9h" Content="主回路OFF警告(AL.E9)" />
	<Message ID="AlarmMsg::Servo::ID=EAh" Content="ABS SV ON警告(AL.EA)" />
	<Message ID="AlarmMsg::Servo::ID=ECh" Content="过负载警告2(AL.EC)" />
	<Message ID="AlarmMsg::Servo::ID=EDh" Content="输出过大警告(AL.ED)" />
	<Message ID="AlarmMsg::MLC::ID=1" Content="X轴超过正向硬件行程极限" />
	<Message ID="AlarmMsg::MLC::ID=2" Content="X轴超过负向硬件行程极限" />
	<Message ID="AlarmMsg::MLC::ID=3" Content="X轴尚未原点复归" />
	<Message ID="AlarmMsg::MLC::ID=4" Content="X轴伺服驱动器警报" />
	<Message ID="AlarmMsg::MLC::ID=9" Content="Y轴超过正向硬件行程极限" />
	<Message ID="AlarmMsg::MLC::ID=10" Content="Y轴超过负向硬件行程极限" />
	<Message ID="AlarmMsg::MLC::ID=11" Content="Y轴尚未原点复归" />
	<Message ID="AlarmMsg::MLC::ID=12" Content="Y轴伺服驱动器警报" />
	<Message ID="AlarmMsg::MLC::ID=17" Content="Z轴超过正向硬件行程极限" />
	<Message ID="AlarmMsg::MLC::ID=18" Content="Z轴超过负向硬件行程极限" />
	<Message ID="AlarmMsg::MLC::ID=19" Content="Z轴尚未原点复归" />
	<Message ID="AlarmMsg::MLC::ID=20" Content="Z轴伺服驱动器警报" />
	<Message ID="AlarmMsg::MLC::ID=25" Content="A轴超过正向硬件行程极限" />
	<Message ID="AlarmMsg::MLC::ID=26" Content="A轴超过负向硬件行程极限" />
	<Message ID="AlarmMsg::MLC::ID=27" Content="A轴尚未原点复归" />
	<Message ID="AlarmMsg::MLC::ID=28" Content="A轴伺服驱动器警报" />
	<Message ID="AlarmMsg::MLC::ID=33" Content="B轴超过正向硬件行程极限" />
	<Message ID="AlarmMsg::MLC::ID=34" Content="B轴超过负向硬件行程极限" />
	<Message ID="AlarmMsg::MLC::ID=35" Content="B轴尚未原点复归" />
	<Message ID="AlarmMsg::MLC::ID=36" Content="B轴伺服驱动器警报" />
	<Message ID="AlarmMsg::MLC::ID=41" Content="C轴超过正向硬件行程极限" />
	<Message ID="AlarmMsg::MLC::ID=42" Content="C轴超过负向硬件行程极限" />
	<Message ID="AlarmMsg::MLC::ID=43" Content="C轴尚未原点复归" />
	<Message ID="AlarmMsg::MLC::ID=44" Content="C轴伺服驱动器警报" />
	<Message ID="AlarmMsg::MLC::ID=49" Content="主轴伺服驱动器警报" />
	<Message ID="AlarmMsg::MLC::ID=50" Content="加工液马达过载" />
	<Message ID="AlarmMsg::MLC::ID=51" Content="油压系统警报" />
	<Message ID="AlarmMsg::MLC::ID=52" Content="风压不足" />
	<Message ID="AlarmMsg::MLC::ID=53" Content="润滑油不足" />
	<Message ID="AlarmMsg::MLC::ID=54" Content="加工液液位不足" />
	<Message ID="AlarmMsg::MLC::ID=55" Content="夹爪未关" />
	<Message ID="AlarmMsg::MLC::ID=56" Content="刀库系统警报" />
	<Message ID="AlarmMsg::MLC::ID=57" Content="CPU温度过高, 超过80度" />
	<Message ID="AlarmMsg::Drv_YASKAWA::ID=20h" Content="参数Checksum异常。"/>
	<Message ID="AlarmMsg::Drv_YASKAWA::ID=21h" Content="参数格式异常。"/>
	<Message ID="AlarmMsg::Drv_YASKAWA::ID=22h" Content="系统Checksum异常。"/>
	<Message ID="AlarmMsg::Drv_YASKAWA::ID=23h" Content="参数密码异常。"/>
	<Message ID="AlarmMsg::Drv_YASKAWA::ID=24h" Content="系统警报"/>
	<Message ID="AlarmMsg::Drv_YASKAWA::ID=25h" Content="系统警报"/>
	<Message ID="AlarmMsg::Drv_YASKAWA::ID=30h" Content="主回路检出部故障。"/>
	<Message ID="AlarmMsg::Drv_YASKAWA::ID=40h" Content="参数设定错误1。"/>
	<Message ID="AlarmMsg::Drv_YASKAWA::ID=41h" Content="分周脉波输出设定故障。"/>
	<Message ID="AlarmMsg::Drv_YASKAWA::ID=42h" Content="参数组合故障。"/>
	<Message ID="AlarmMsg::Drv_YASKAWA::ID=44h" Content="半闭回路/全闭回路参数设定故障。"/>
	<Message ID="AlarmMsg::Drv_YASKAWA::ID=4Ah" Content="参数设定错误2。"/>
	<Message ID="AlarmMsg::Drv_YASKAWA::ID=50h" Content="容量选配错误。"/>
	<Message ID="AlarmMsg::Drv_YASKAWA::ID=51h" Content="产品不支持警报。"/>
	<Message ID="AlarmMsg::Drv_YASKAWA::ID=70h" Content="侦测到马达类型改变"/>
	<Message ID="AlarmMsg::Drv_YASKAWA::ID=80h" Content="线性编码器pitch设定错误"/>
	<Message ID="AlarmMsg::Drv_YASKAWA::ID=B0h" Content="伺服ON指令无效警报。"/>
	<Message ID="AlarmMsg::Drv_YASKAWA::ID=100h" Content="过电流或过热检出。"/>
	<Message ID="AlarmMsg::Drv_YASKAWA::ID=101h" Content="电机过电流检出。"/>
	<Message ID="AlarmMsg::Drv_YASKAWA::ID=300h" Content="回生故障。"/>
	<Message ID="AlarmMsg::Drv_YASKAWA::ID=320h" Content="回生过载。"/>
	<Message ID="AlarmMsg::Drv_YASKAWA::ID=330h" Content="主回路电源接线故障。"/>
	<Message ID="AlarmMsg::Drv_YASKAWA::ID=400h" Content="电压过大。"/>
	<Message ID="AlarmMsg::Drv_YASKAWA::ID=410h" Content="低电压。"/>
	<Message ID="AlarmMsg::Drv_YASKAWA::ID=450h" Content="主电路电容过电压。"/>
	<Message ID="AlarmMsg::Drv_YASKAWA::ID=510h" Content="速度过大。"/>
	<Message ID="AlarmMsg::Drv_YASKAWA::ID=511h" Content="编码器脉波输出过速度"/>
	<Message ID="AlarmMsg::Drv_YASKAWA::ID=520h" Content="振动警报。"/>
	<Message ID="AlarmMsg::Drv_YASKAWA::ID=521h" Content="Autotuning警报。"/>
	<Message ID="AlarmMsg::Drv_YASKAWA::ID=710h" Content="过载（瞬间最大负载）。"/>
	<Message ID="AlarmMsg::Drv_YASKAWA::ID=720h" Content="过载（连续最大负载）。"/>
	<Message ID="AlarmMsg::Drv_YASKAWA::ID=730h" Content="动态制动（DB）过载。"/>
	<Message ID="AlarmMsg::Drv_YASKAWA::ID=731h" Content="动态制动（DB） 过载。"/>
	<Message ID="AlarmMsg::Drv_YASKAWA::ID=740h" Content="冲击电流限制电阻过载。"/>
	<Message ID="AlarmMsg::Drv_YASKAWA::ID=7A0h" Content="散热片过热。"/>
	<Message ID="AlarmMsg::Drv_YASKAWA::ID=7A1h" Content="内部温度异常(控制板温度异常)。"/>
	<Message ID="AlarmMsg::Drv_YASKAWA::ID=7A2h" Content="内部温度异常(电源板温度异常)。"/>
	<Message ID="AlarmMsg::Drv_YASKAWA::ID=7A3h" Content="内部温度传感器异常。"/>
	<Message ID="AlarmMsg::Drv_YASKAWA::ID=7ABh" Content="伺服驱动器内部风扇停止。"/>
	<Message ID="AlarmMsg::Drv_YASKAWA::ID=810h" Content="绝对式数据遗失，请参考绝对式电池保养须知，更换电池，并重开系统。"/>
	<Message ID="AlarmMsg::Drv_YASKAWA::ID=820h" Content="编码器Checksum警报。"/>
	<Message ID="AlarmMsg::Drv_YASKAWA::ID=830h" Content="编码器电池警报。"/>
	<Message ID="AlarmMsg::Drv_YASKAWA::ID=840h" Content="编码器数据错误。"/>
	<Message ID="AlarmMsg::Drv_YASKAWA::ID=850h" Content="编码器过速。"/>
	<Message ID="AlarmMsg::Drv_YASKAWA::ID=860h" Content="编码器过热。"/>
	<Message ID="AlarmMsg::Drv_YASKAWA::ID=861h" Content="马达过热。"/>
	<Message ID="AlarmMsg::Drv_YASKAWA::ID=890h" Content="编码器Scale错误。"/>
	<Message ID="AlarmMsg::Drv_YASKAWA::ID=891h" Content="编码器模块错误。"/>
	<Message ID="AlarmMsg::Drv_YASKAWA::ID=8A0h" Content="外部编码器Scale错误。"/>
	<Message ID="AlarmMsg::Drv_YASKAWA::ID=8A1h" Content="外部编码器模块故障。"/>
	<Message ID="AlarmMsg::Drv_YASKAWA::ID=8A2h" Content="外部编码器传感器故障（增量型）。"/>
	<Message ID="AlarmMsg::Drv_YASKAWA::ID=8A3h" Content="外部编码器位置错误（绝对值）。"/>
	<Message ID="AlarmMsg::Drv_YASKAWA::ID=8A5h" Content="编码器过速度。"/>
	<Message ID="AlarmMsg::Drv_YASKAWA::ID=8A6h" Content="编码器过热错误。"/>
	<Message ID="AlarmMsg::Drv_YASKAWA::ID=900h" Content="位置偏差过大。"/>
	<Message ID="AlarmMsg::Drv_YASKAWA::ID=901h" Content="伺服ON 时位置偏差过大。"/>
	<Message ID="AlarmMsg::Drv_YASKAWA::ID=910h" Content="过载。"/>
	<Message ID="AlarmMsg::Drv_YASKAWA::ID=911h" Content="振动。"/>
	<Message ID="AlarmMsg::Drv_YASKAWA::ID=912h" Content="内部温度异常警告1 （控制板温度异常）"/>
	<Message ID="AlarmMsg::Drv_YASKAWA::ID=913h" Content="内部温度异常警告2  （电源板温度异常）"/>
	<Message ID="AlarmMsg::Drv_YASKAWA::ID=920h" Content="回生超载。"/>
	<Message ID="AlarmMsg::Drv_YASKAWA::ID=921h" Content="动态煞车(DB) 过载。"/>
	<Message ID="AlarmMsg::Drv_YASKAWA::ID=923h" Content="SERVOPACK内建风扇停止转动。"/>
	<Message ID="AlarmMsg::Drv_YASKAWA::ID=930h" Content="绝对值编码器的电池异常。"/>
	<Message ID="AlarmMsg::Drv_YASKAWA::ID=941h" Content="需要重新接通电源的参数变更。"/>
	<Message ID="AlarmMsg::Drv_YASKAWA::ID=942h" Content="速度波纹补偿异常。"/>
	<Message ID="AlarmMsg::Drv_YASKAWA::ID=94Ah" Content="数据设置警告1（参数数目错误）。"/>
	<Message ID="AlarmMsg::Drv_YASKAWA::ID=94Bh" Content="数据设置警告2（超出范围）。"/>
	<Message ID="AlarmMsg::Drv_YASKAWA::ID=94Ch" Content="数据设置警告3（计算错误）。"/>
	<Message ID="AlarmMsg::Drv_YASKAWA::ID=94Dh" Content="数据设置警告4（参数尺寸）。"/>
	<Message ID="AlarmMsg::Drv_YASKAWA::ID=94Eh" Content="数据设置警告5（锁存模式错误）。"/>
	<Message ID="AlarmMsg::Drv_YASKAWA::ID=95Ah" Content="命令警告1（驱动器无法执行当前命令）。"/>
	<Message ID="AlarmMsg::Drv_YASKAWA::ID=95Bh" Content="命令警告2（不支持的命令）。"/>
	<Message ID="AlarmMsg::Drv_YASKAWA::ID=95Dh" Content="命令警告4（命令干扰）。"/>
	<Message ID="AlarmMsg::Drv_YASKAWA::ID=95Eh" Content="命令警告5（子命令禁用）。"/>
	<Message ID="AlarmMsg::Drv_YASKAWA::ID=95Fh" Content="命令警告6（未定义的命令）。"/>
	<Message ID="AlarmMsg::Drv_YASKAWA::ID=960h" Content="MECHATROLINK通讯警告。"/>
	<Message ID="AlarmMsg::Drv_YASKAWA::ID=971h" Content="低电压警告。"/>
	<Message ID="AlarmMsg::Drv_YASKAWA::ID=9A0h" Content="过行程"/>
	<Message ID="AlarmMsg::Drv_YASKAWA::ID=9B0h" Content="预防性维护警告"/>
	<Message ID="AlarmMsg::Drv_YASKAWA::ID=B10h" Content="速度指令 A/D 错误。"/>
	<Message ID="AlarmMsg::Drv_YASKAWA::ID=B11h" Content="速度指令 A/D 转换异常。"/>
	<Message ID="AlarmMsg::Drv_YASKAWA::ID=B20h" Content="转矩指令读取错误。"/>
	<Message ID="AlarmMsg::Drv_YASKAWA::ID=B31h" Content="电流检出故障1。（U 相）"/>
	<Message ID="AlarmMsg::Drv_YASKAWA::ID=B32h" Content="电流检出故障2。（V相）"/>
	<Message ID="AlarmMsg::Drv_YASKAWA::ID=B33h" Content="电流检出错误3。（电流检测）"/>
	<Message ID="AlarmMsg::Drv_YASKAWA::ID=B6Ah" Content="MECHATROLINK通信ASIC错误 1。"/>
	<Message ID="AlarmMsg::Drv_YASKAWA::ID=B6Bh" Content="MECHATROLINK通信ASIC错误 2。"/>
	<Message ID="AlarmMsg::Drv_YASKAWA::ID=BF0h" Content="系统警报0。"/>
	<Message ID="AlarmMsg::Drv_YASKAWA::ID=BF1h" Content="系统警报1。"/>
	<Message ID="AlarmMsg::Drv_YASKAWA::ID=BF2h" Content="系统警报2。"/>
	<Message ID="AlarmMsg::Drv_YASKAWA::ID=BF3h" Content="系统警报3。"/>
	<Message ID="AlarmMsg::Drv_YASKAWA::ID=BF4h" Content="系统警报4。"/>
	<Message ID="AlarmMsg::Drv_YASKAWA::ID=C10h" Content="伺服暴走。"/>
	<Message ID="AlarmMsg::Drv_YASKAWA::ID=C20h" Content="相位检测错误。"/>
	<Message ID="AlarmMsg::Drv_YASKAWA::ID=C21h" Content="霍尔传感器错误。"/>
	<Message ID="AlarmMsg::Drv_YASKAWA::ID=C22h" Content="相位资料不匹配。"/>
	<Message ID="AlarmMsg::Drv_YASKAWA::ID=C50h" Content="极性检测失败1。"/>
	<Message ID="AlarmMsg::Drv_YASKAWA::ID=C51h" Content="在极性检测时发生过行程。"/>
	<Message ID="AlarmMsg::Drv_YASKAWA::ID=C52h" Content="极性检测未完成。"/>
	<Message ID="AlarmMsg::Drv_YASKAWA::ID=C53h" Content="极性检测超出范围。"/>
	<Message ID="AlarmMsg::Drv_YASKAWA::ID=C54h" Content="极性检测失败2。"/>
	<Message ID="AlarmMsg::Drv_YASKAWA::ID=C80h" Content="编码器清除错误（多回转圈数上限值设定错误）。"/>
	<Message ID="AlarmMsg::Drv_YASKAWA::ID=C90h" Content="编码器通信错误。"/>
	<Message ID="AlarmMsg::Drv_YASKAWA::ID=C91h" Content="编码器通信位置数据加速度异常。"/>
	<Message ID="AlarmMsg::Drv_YASKAWA::ID=C92h" Content="编码器通信定时器错误。"/>
	<Message ID="AlarmMsg::Drv_YASKAWA::ID=CA0h" Content="编码器参数错误。"/>
	<Message ID="AlarmMsg::Drv_YASKAWA::ID=CB0h" Content="编码器回波错误。"/>
	<Message ID="AlarmMsg::Drv_YASKAWA::ID=CC0h" Content="多回转圈数上限值不一致。"/>
	<Message ID="AlarmMsg::Drv_YASKAWA::ID=CF1h" Content="回授选购卡通信故障*1（接收失败）。"/>
	<Message ID="AlarmMsg::Drv_YASKAWA::ID=CF2h" Content="回授选购卡通信故障*1（定时器停止）。"/>
	<Message ID="AlarmMsg::Drv_YASKAWA::ID=D00h" Content="位置偏差过大。"/>
	<Message ID="AlarmMsg::Drv_YASKAWA::ID=D01h" Content="伺服ON 时位置偏差过大警报。"/>
	<Message ID="AlarmMsg::Drv_YASKAWA::ID=D02h" Content="伺服ON 时速度限制引起的位置偏差过大警报。"/>
	<Message ID="AlarmMsg::Drv_YASKAWA::ID=D10h" Content="马达-负载位置间偏差过大。"/>
	<Message ID="AlarmMsg::Drv_YASKAWA::ID=D30h" Content="位置数据溢位。"/>
	<Message ID="AlarmMsg::Drv_YASKAWA::ID=E02h" Content="MECHATROLINK- II 内同步错误 1。"/>
	<Message ID="AlarmMsg::Drv_YASKAWA::ID=E40h" Content="MECHATROLINK- II 传输周期设定错误。"/>
	<Message ID="AlarmMsg::Drv_YASKAWA::ID=E50h" Content="MECHATROLINK- II 同步错误 1。"/>
	<Message ID="AlarmMsg::Drv_YASKAWA::ID=E51h" Content="MECHATROLINK- II 同步失败。"/>
	<Message ID="AlarmMsg::Drv_YASKAWA::ID=E60h" Content="MECHATROLINK- II 通讯错误（接收错误）。"/>
	<Message ID="AlarmMsg::Drv_YASKAWA::ID=E61h" Content="MECHATROLINK- II 传输周期错误（同步间隔误差）。"/>
	<Message ID="AlarmMsg::Drv_YASKAWA::ID=E71h" Content="安全选项模块检测故障。"/>
	<Message ID="AlarmMsg::Drv_YASKAWA::ID=E72h" Content="回馈选项模块检测故障。"/>
	<Message ID="AlarmMsg::Drv_YASKAWA::ID=E74h" Content="不支持的安全选项的模块。"/>
	<Message ID="AlarmMsg::Drv_YASKAWA::ID=EA2h" Content="DRV报警 2（SERVOPACK WDT错误）。"/>
	<Message ID="AlarmMsg::Drv_YASKAWA::ID=EB1h" Content="SERVOPACK: 安全模块报警。"/>
	<Message ID="AlarmMsg::Drv_YASKAWA::ID=EC8h" Content="Gate Drive错误 1。"/>
	<Message ID="AlarmMsg::Drv_YASKAWA::ID=EC9h" Content="Gate Drive错误 2。"/>
	<Message ID="AlarmMsg::Drv_YASKAWA::ID=ED1h" Content="命令执行超时。"/>
	<Message ID="AlarmMsg::Drv_YASKAWA::ID=F10h" Content="电源线欠相。"/>
	<Message ID="AlarmMsg::Drv_YASKAWA::ID=F50h" Content="马达动力线断线或毁损。"/>
</ResMap>
