﻿<?xml version="1.0" encoding="UTF-8"?>
<Screen>
	<Name>TableSystemData</Name>
	<Panel>
		<Name>Panel_TableSystemData</Name>
		<Left>0</Left>
		<Top>0</Top>
		<Width>800</Width>
		<Height>470</Height>
		<ForeColor>0,255,0</ForeColor>
		<BackColor>0,0,0</BackColor>
	</Panel>
	<Label>
		<Caption>System Data</Caption>
		<Name>lbl_TableTitle</Name>
		<Left>40</Left>
		<Top>20</Top>
		<Width>120</Width>
		<Height>25</Height>
		<Alignment>0</Alignment>
		<FontSize>15</FontSize>
		<BorderStyle>0</BorderStyle>
		<ForeColor>0,255,0</ForeColor>
		<BackColor>0,0,0</BackColor>
	</Label>
	<Label>
		<Name>lbl_GrdTitle1</Name>
		<Caption>No</Caption>
		<Left>50</Left>
		<Top>48</Top>
		<Height>22</Height>
		<Width>40</Width>
		<Alignment>2</Alignment>
		<FontSize>12</FontSize>
		<BorderStyle>0</BorderStyle>
		<ForeColor>0,255,0</ForeColor>
		<BackColor>0,0,0</BackColor>
		<Visible>True</Visible>
	</Label>
	<Label>
		<Name>lbl_GrdTitle2</Name>
		<Caption>Data</Caption>
		<Left>90</Left>
		<Top>48</Top>
		<Height>22</Height>
		<Width>100</Width>
		<Alignment>2</Alignment>
		<FontSize>12</FontSize>
		<BorderStyle>0</BorderStyle>
		<ForeColor>0,255,0</ForeColor>
		<BackColor>0,0,0</BackColor>
		<Visible>True</Visible>
	</Label>
	<Label>
		<Name>lbl_GrdTitle3</Name>
		<Caption>No</Caption>
		<Left>190</Left>
		<Top>48</Top>
		<Height>22</Height>
		<Width>40</Width>
		<Alignment>2</Alignment>
		<FontSize>12</FontSize>
		<BorderStyle>0</BorderStyle>
		<ForeColor>0,255,0</ForeColor>
		<BackColor>0,0,0</BackColor>
		<Visible>True</Visible>
	</Label>
	<Label>
		<Name>lbl_GrdTitle4</Name>
		<Caption>Data</Caption>
		<Left>230</Left>
		<Top>48</Top>
		<Height>22</Height>
		<Width>100</Width>
		<Alignment>2</Alignment>
		<FontSize>12</FontSize>
		<BorderStyle>0</BorderStyle>
		<ForeColor>0,255,0</ForeColor>
		<BackColor>0,0,0</BackColor>
		<Visible>True</Visible>
	</Label>
	<Label>
		<Name>lbl_GrdTitle5</Name>
		<Caption>No</Caption>
		<Left>330</Left>
		<Top>48</Top>
		<Height>22</Height>
		<Width>40</Width>
		<Alignment>2</Alignment>
		<FontSize>12</FontSize>
		<BorderStyle>0</BorderStyle>
		<ForeColor>0,255,0</ForeColor>
		<BackColor>0,0,0</BackColor>
		<Visible>True</Visible>
	</Label>
	<Label>
		<Name>lbl_GrdTitle6</Name>
		<Caption>Data</Caption>
		<Left>370</Left>
		<Top>48</Top>
		<Height>22</Height>
		<Width>100</Width>
		<Alignment>2</Alignment>
		<FontSize>12</FontSize>
		<BorderStyle>0</BorderStyle>
		<ForeColor>0,255,0</ForeColor>
		<BackColor>0,0,0</BackColor>
		<Visible>True</Visible>
	</Label>
	<Label>
		<Name>lbl_GrdTitle7</Name>
		<Caption>No</Caption>
		<Left>470</Left>
		<Top>48</Top>
		<Height>22</Height>
		<Width>40</Width>
		<Alignment>2</Alignment>
		<FontSize>12</FontSize>
		<BorderStyle>0</BorderStyle>
		<ForeColor>0,255,0</ForeColor>
		<BackColor>0,0,0</BackColor>
		<Visible>True</Visible>
	</Label>
	<Label>
		<Name>lbl_GrdTitle8</Name>
		<Caption>Data</Caption>
		<Left>510</Left>
		<Top>48</Top>
		<Height>22</Height>
		<Width>100</Width>
		<Alignment>2</Alignment>
		<FontSize>12</FontSize>
		<BorderStyle>0</BorderStyle>
		<ForeColor>0,255,0</ForeColor>
		<BackColor>0,0,0</BackColor>
		<Visible>True</Visible>
	</Label>
	<Label>
		<Name>lbl_GrdTitle9</Name>
		<Caption>No</Caption>
		<Left>610</Left>
		<Top>48</Top>
		<Height>22</Height>
		<Width>40</Width>
		<Alignment>2</Alignment>
		<FontSize>12</FontSize>
		<BorderStyle>0</BorderStyle>
		<ForeColor>0,255,0</ForeColor>
		<BackColor>0,0,0</BackColor>
		<Visible>True</Visible>
	</Label>
	<Label>
		<Name>lbl_GrdTitle10</Name>
		<Caption>Data</Caption>
		<Left>650</Left>
		<Top>48</Top>
		<Height>22</Height>
		<Width>100</Width>
		<Alignment>2</Alignment>
		<FontSize>12</FontSize>
		<BorderStyle>0</BorderStyle>
		<ForeColor>0,255,0</ForeColor>
		<BackColor>0,0,0</BackColor>
		<Visible>True</Visible>
	</Label>
	<Grid Name="SystemDataTable" Height="23" Repeat="16">
		<Label>
			<Name>lbl_GrdFlowCol1</Name>
			<Caption>1</Caption>
			<Left>50</Left>
			<Top>70</Top>
			<Height>23</Height>
			<Width>40</Width>
			<Alignment>2</Alignment>
			<FontSize>12</FontSize>
			<BorderStyle>0</BorderStyle>
			<ForeColor>0,255,0</ForeColor>
			<BackColor>0,0,0</BackColor>
		</Label>
		<Label>
			<Name>Dis_Col1</Name>
			<Caption></Caption>
			<Left>90</Left>
			<Top>70</Top>
			<Width>100</Width>
			<Height>23</Height>
			<Alignment>2</Alignment>
			<BorderStyle>0</BorderStyle>
			<FontSize>12</FontSize>
			<ForeColor>255,255,255</ForeColor>
			<BackColor>0,0,0</BackColor>
		</Label>
		<Label>
			<Name>lbl_GrdFlowCol2</Name>
			<Caption>16</Caption>
			<Left>190</Left>
			<Top>70</Top>
			<Height>23</Height>
			<Width>40</Width>
			<Alignment>2</Alignment>
			<FontSize>12</FontSize>
			<BorderStyle>0</BorderStyle>
			<ForeColor>0,255,0</ForeColor>
			<BackColor>0,0,0</BackColor>
		</Label>
		<Label>
			<Name>Dis_Col2</Name>
			<Caption></Caption>
			<Left>230</Left>
			<Top>70</Top>
			<Width>100</Width>
			<Height>23</Height>
			<Alignment>2</Alignment>
			<FontSize>12</FontSize>
			<BorderStyle>0</BorderStyle>
			<ForeColor>255,255,255</ForeColor>
			<BackColor>0,0,0</BackColor>
		</Label>
		<Label>
			<Name>lbl_GrdFlowCol3</Name>
			<Caption>32</Caption>
			<Left>330</Left>
			<Top>70</Top>
			<Height>23</Height>
			<Width>40</Width>
			<Alignment>2</Alignment>
			<FontSize>12</FontSize>
			<BorderStyle>0</BorderStyle>
			<ForeColor>0,255,0</ForeColor>
			<BackColor>0,0,0</BackColor>
		</Label>
		<Label>
			<Name>Dis_Col3</Name>
			<Caption></Caption>
			<Left>370</Left>
			<Top>70</Top>
			<Width>100</Width>
			<Height>23</Height>
			<Alignment>2</Alignment>
			<BorderStyle>0</BorderStyle>
			<FontSize>12</FontSize>
			<ForeColor>255,255,255</ForeColor>
			<BackColor>0,0,0</BackColor>
		</Label>
		<Label>	
			<Name>lbl_GrdFlowCol4</Name>
			<Caption>48</Caption>
			<Left>470</Left>
			<Top>70</Top>
			<Height>23</Height>
			<Width>40</Width>
			<Alignment>2</Alignment>
			<FontSize>12</FontSize>
			<BorderStyle>0</BorderStyle>
			<ForeColor>0,255,0</ForeColor>
			<BackColor>0,0,0</BackColor>
		</Label>
		<Label>
			<Name>Dis_Col4</Name>
			<Caption></Caption>
			<Left>510</Left>
			<Top>70</Top>
			<Width>100</Width>
			<Height>23</Height>
			<Alignment>2</Alignment>
			<FontSize>12</FontSize>
			<BorderStyle>0</BorderStyle>
			<ForeColor>255,255,255</ForeColor>
			<BackColor>0,0,0</BackColor>
		</Label>
		<Label>
			<Name>lbl_GrdFlowCol5</Name>
			<Caption>64</Caption>
			<Left>610</Left>
			<Top>70</Top>
			<Height>23</Height>
			<Width>40</Width>
			<Alignment>2</Alignment>
			<FontSize>12</FontSize>
			<BorderStyle>0</BorderStyle>
			<ForeColor>0,255,0</ForeColor>
			<BackColor>0,0,0</BackColor>
		</Label>
		<Label>
			<Name>Dis_Col5</Name>
			<Caption></Caption>
			<Left>650</Left>
			<Top>70</Top>
			<Width>100</Width>
			<Height>23</Height>
			<Alignment>2</Alignment>
			<BorderStyle>0</BorderStyle>
			<FontSize>12</FontSize>
			<ForeColor>255,255,255</ForeColor>
			<BackColor>0,0,0</BackColor>
		</Label>
	</Grid>
</Screen>
