<?xml version="1.0" encoding="utf-8" ?>
<ResMap>
	<Message ID="MMI::NoParamGroup" Content="parameter group doesn't exist!" />
	<Message ID="SRIParam::1" Content="*連接埠1 是否啟用" />
	<Message ID="SRIParam::2" Content="*連接埠1 通訊協定" />
	<Message ID="SRIParam::3" Content="*連接埠1 鮑率" />
	<Message ID="SRIParam::4" Content="*連接埠1 控制模式(0:軟體; 1:硬體; 2:混合)" />
	<Message ID="SRIParam::5" Content="*連接埠1 掃描時間(ms)" />
	<Message ID="SRIParam::6" Content="*連接埠1 通訊逾時時間(ms)" />
	<Message ID="SRIParam::21" Content="*連接埠2 是否啟用" />
	<Message ID="SRIParam::22" Content="*連接埠2 通訊協定" />
	<Message ID="SRIParam::23" Content="*連接埠2 鮑率" />
	<Message ID="SRIParam::24" Content="*連接埠2 控制模式(0:軟體; 1:硬體; 2:混合)" />
	<Message ID="SRIParam::25" Content="*連接埠2 掃描時間(ms)" />
	<Message ID="SRIParam::26" Content="*連接埠2 通訊逾時時間(ms)" />
	<Message ID="SRIParam::41" Content="*連接埠3 是否啟用" />
	<Message ID="SRIParam::42" Content="*連接埠3 通訊協定" />
	<Message ID="SRIParam::43" Content="*連接埠3 鮑率" />
	<Message ID="SRIParam::44" Content="*連接埠3 控制模式(0:軟體; 1:硬體; 2:混合)" />
	<Message ID="SRIParam::45" Content="*連接埠3 掃描時間(ms)" />
	<Message ID="SRIParam::46" Content="*連接埠3 通訊逾時時間(ms)" />
	<Message ID="SRIParam::61" Content="*連接埠4 是否啟用" />
	<Message ID="SRIParam::62" Content="*連接埠4 通訊協定" />
	<Message ID="SRIParam::63" Content="*連接埠4 鮑率" />
	<Message ID="SRIParam::64" Content="*連接埠4 控制模式(0:軟體; 1:硬體; 2:混合)" />
	<Message ID="SRIParam::65" Content="*連接埠4 掃描時間(ms)" />
	<Message ID="SRIParam::66" Content="*連接埠4 通訊逾時時間(ms)" />
	<Message ID="SRIParam::81" Content="*連接埠5 是否啟用" />
	<Message ID="SRIParam::82" Content="*連接埠5 通訊協定" />
	<Message ID="SRIParam::83" Content="*連接埠5 鮑率" />
	<Message ID="SRIParam::84" Content="*連接埠5 控制模式(0:軟體; 1:硬體; 2:混合)" />
	<Message ID="SRIParam::85" Content="*連接埠5 掃描時間(ms)" />
	<Message ID="SRIParam::86" Content="*連接埠5 通訊逾時時間(ms)" />
	<Message ID="SRIParam::101" Content="*連接埠6 是否啟用" />
	<Message ID="SRIParam::102" Content="*連接埠6 通訊協定" />
	<Message ID="SRIParam::103" Content="*連接埠6 鮑率" />
	<Message ID="SRIParam::104" Content="*連接埠6 控制模式(0:軟體; 1:硬體; 2:混合)" />
	<Message ID="SRIParam::105" Content="*連接埠6 掃描時間(ms)" />
	<Message ID="SRIParam::106" Content="*連接埠6 通訊逾時時間(ms)" />
	<Message ID="SRIParam::121" Content="*連接埠7 是否啟用" />
	<Message ID="SRIParam::122" Content="*連接埠7 通訊協定" />
	<Message ID="SRIParam::123" Content="*連接埠7 鮑率" />
	<Message ID="SRIParam::124" Content="*連接埠7 控制模式(0:軟體; 1:硬體; 2:混合)" />
	<Message ID="SRIParam::125" Content="*連接埠7 掃描時間(ms)" />
	<Message ID="SRIParam::126" Content="*連接埠7 通訊逾時時間(ms)" />
	<Message ID="SRIParam::141" Content="*連接埠8 是否啟用" />
	<Message ID="SRIParam::142" Content="*連接埠8 通訊協定" />
	<Message ID="SRIParam::143" Content="*連接埠8 鮑率" />
	<Message ID="SRIParam::144" Content="*連接埠8 控制模式(0:軟體; 1:硬體; 2:混合)" />
	<Message ID="SRIParam::145" Content="*連接埠8 掃描時間(ms)" />
	<Message ID="SRIParam::146" Content="*連接埠8 通訊逾時時間(ms)" />
</ResMap>
