﻿<?xml version="1.0" encoding="UTF-8"?>
<Screen>
	<Name>G00</Name>
	<Picture>
		<Name>Picture_G00</Name>
		<Picture>Image\G00.bmp</Picture>
		<Left>10</Left>
		<Top>25</Top>
		<Height>180</Height>
		<Width>270</Width>
		<BorderStyle>1</BorderStyle>
	</Picture>
	<Label>
		<Name>Lab_CoordX</Name>
		<Caption>STR::Browser::G00::Caption::X_End</Caption>
		<Left>325</Left>
		<Top>25</Top>
		<Height>30</Height>
		<Width>90</Width>
		<ForeColor>100,150,255</ForeColor>
		<BorderStyle>0</BorderStyle>
		<Alignment>0</Alignment>
		<FontSize>15</FontSize>
	</Label>
	<Label>
		<Name>Lab_Coord_Abs_X</Name>
		<Caption>STR::Browser::G00::Caption::Abs_X</Caption>
		<Left>340</Left>
		<Top>60</Top>
		<Height>30</Height>
		<Width>90</Width>
		<ForeColor>10,10,255</ForeColor>
		<BorderStyle>0</BorderStyle>
		<Alignment>0</Alignment>
		<FontSize>15</FontSize>
	</Label>
	<Label>
		<Name>Lab_Coord_Inc_U</Name>
		<Caption>STR::Browser::G00::Caption::Inc_U</Caption>
		<Left>340</Left>
		<Top>90</Top>
		<Height>30</Height>
		<Width>90</Width>
		<ForeColor>10,10,255</ForeColor>
		<BorderStyle>0</BorderStyle>
		<Alignment>0</Alignment>
		<FontSize>15</FontSize>
	</Label>
	<Input>
		<EmptyVal>accept</EmptyVal>
		<Name>Inp_Abs_X</Name>
		<MacroAddr>X</MacroAddr>
		<Left>420</Left>
		<Top>60</Top>
		<Height>30</Height>
		<Width>100</Width>
		<BackColor>180,200,220</BackColor>
		<ForeColor>0,0,0</ForeColor>
		<BorderStyle>1</BorderStyle>
		<Alignment>1</Alignment>
		<FontSize>12</FontSize>
		<InputFormat>Double:L</InputFormat>
		<HintLabel>STR::Cycle::Hint::X_End</HintLabel>
	</Input>
	<Input>
		<EmptyVal>accept</EmptyVal>
		<Name>Inp_Inc_U</Name>
		<MacroAddr>U</MacroAddr>
		<Left>420</Left>
		<Top>90</Top>
		<Height>30</Height>
		<Width>100</Width>
		<BackColor>180,200,220</BackColor>
		<ForeColor>0,0,0</ForeColor>
		<BorderStyle>1</BorderStyle>
		<Alignment>1</Alignment>
		<FontSize>12</FontSize>
		<InputFormat>Double:L</InputFormat>
		<HintLabel>STR::Browser::G00::HintLabel::Inc_U</HintLabel>
	</Input>
	<Label>
		<Name>Lab_CoordZ</Name>
		<Caption>STR::Browser::G00::Caption::Z_End</Caption>
		<Left>325</Left>
		<Top>125</Top>
		<Height>30</Height>
		<Width>90</Width>
		<ForeColor>100,150,255</ForeColor>
		<BorderStyle>0</BorderStyle>
		<Alignment>0</Alignment>
		<FontSize>15</FontSize>
	</Label>
	<Label>
		<Name>Lab_Coord_Abs_Z</Name>
		<Caption>STR::Browser::G00::Caption::Abs_Z</Caption>
		<Left>340</Left>
		<Top>155</Top>
		<Height>30</Height>
		<Width>90</Width>
		<ForeColor>10,10,255</ForeColor>
		<BorderStyle>0</BorderStyle>
		<Alignment>0</Alignment>
		<FontSize>15</FontSize>
	</Label>
	<Label>
		<Name>Lab_Coord_Inc_W</Name>
		<Caption>STR::Browser::G00::Caption::Inc_W</Caption>
		<Left>340</Left>
		<Top>185</Top>
		<Height>30</Height>
		<Width>90</Width>
		<ForeColor>10,10,255</ForeColor>
		<BorderStyle>0</BorderStyle>
		<Alignment>0</Alignment>
		<FontSize>15</FontSize>
	</Label>
	<Input>
		<EmptyVal>accept</EmptyVal>
		<Name>Inp_Abs_Z</Name>
		<MacroAddr>Z</MacroAddr>
		<Left>420</Left>
		<Top>155</Top>
		<Height>30</Height>
		<Width>100</Width>
		<BackColor>180,200,235</BackColor>
		<ForeColor>0,0,0</ForeColor>
		<BorderStyle>1</BorderStyle>
		<Alignment>1</Alignment>
		<FontSize>12</FontSize>
		<InputFormat>Double:L</InputFormat>
		<HintLabel>STR::Cycle::Hint::Z_End</HintLabel>
	</Input>
	<Input>
		<EmptyVal>accept</EmptyVal>
		<Name>Inp_Inc_W</Name>
		<MacroAddr>W</MacroAddr>
		<Left>420</Left>
		<Top>185</Top>
		<Height>30</Height>
		<Width>100</Width>
		<BackColor>180,200,235</BackColor>
		<ForeColor>0,0,0</ForeColor>
		<BorderStyle>1</BorderStyle>
		<Alignment>1</Alignment>
		<FontSize>12</FontSize>
		<InputFormat>Double:L</InputFormat>
		<HintLabel>STR::Browser::G00::HintLabel::Inc_W</HintLabel>
	</Input>
	<Label>
		<Name>Lab_LineNo</Name>
		<Caption>STR::Browser::G00::Caption::Lab_LineNo::LineNo</Caption>
		<Left>340</Left>
		<Top>235</Top>
		<Height>30</Height>
		<Width>90</Width>
		<ForeColor>10,10,255</ForeColor>
		<BorderStyle>0</BorderStyle>
		<Alignment>0</Alignment>
		<FontSize>14</FontSize>
	</Label>
	<Input>
		<EmptyVal>accept</EmptyVal>
		<Name>Inp_LineNo</Name>
		<MacroAddr>N</MacroAddr>
		<Left>420</Left>
		<Top>235</Top>
		<Height>30</Height>
		<Width>100</Width>
		<BackColor>180,200,235</BackColor>
		<ForeColor>0,0,0</ForeColor>
		<BorderStyle>1</BorderStyle>
		<Alignment>1</Alignment>
		<FontSize>12</FontSize>
		<InputFormat>Long</InputFormat>
		<HintLabel>STR::Browser::G00::HintLabel::Inp_LineNo::LineNo_N</HintLabel>
	</Input>
</Screen>
