﻿<?xml version="1.0" encoding="utf-8" ?>
<ResMap>
	<!--========== ComPortParam Label Caption ==========-->
	<Message ID="SRIParameter::ComPort::Title" Content="串口号" />
	<Message ID="SRIParameter::ComPort::RealScanTime" Content="实际扫描时间(μs)" />
	<Message ID="SRIParameter::ComPort::EnableDisable" Content="启用-关闭" />
	<Message ID="SRIParameter::ComPort::ProtocolType" Content="通讯接口" />
	<Message ID="SRIParameter::ComPort::BuadRate" Content="鲍率" />
	<Message ID="SRIParameter::ComPort::ControlMode" Content="控制方式" />
	<Message ID="SRIParameter::ComPort::ScanTime" Content="扫描时间(ms)" />
	<Message ID="SRIParameter::ComPort::Timeout" Content="逾时时间(ms)" />
	<Message ID="SRIParameter::ComPort::DeviceInfo" Content="装置参数信息" />
	
	<!--========== Label/ListInput/Button ItemCaption ==========-->
	<Message ID="SRIParameter::ComPort::Enable" Content="启用" />
	<Message ID="SRIParameter::ComPort::Disable" Content="关闭" />
	<Message ID="SRIParameter::ComPort::Reserved" Content="系统保留" />
	<Message ID="SRIParameter::ComPort::Hardware" Content="硬件" />
	<Message ID="SRIParameter::ComPort::Software" Content="软件" />
	<Message ID="SRIParameter::ComPort::Setting" Content="设定" />
	
	<!--========== common message ==========-->
	<Message ID="SRIParameter::ComPort::InitError" Content="初始化错误" />
	<Message ID="SRIParameter::ComPort::NotSupport" Content="系统未支持此串口号!" />
	<Message ID="SRIParameter::ComPort::SettingError" Content="设定错误！" />
	<Message ID="SRIParameter::ComPort::SettingSuccess" Content="储存成功，重开机后生效！" />
	<Message ID="SRIParameter::ComPort::SettingConfirm" Content="设定尚未储存，离开前是否先储存?" />
</ResMap>
