﻿<?xml version="1.0" encoding="UTF-8"?>
<!--Created by 'eHMI'version2.2.17-->
<ResMap>
  <Message ID="Browser::HSHPParamData::Caption::Lab_ParamLevelSpeed::HSHPSpeedParam" Content="Velocity Lv Param" />
  <Message ID="Browser::HSHPParamData::Caption::Lab_ParamLevelSmooth::HSHPSmoothParam" Content="Smooth Lv Param" />
  <Message ID="Browser::HSHPParamData::Caption::Lab_P_Default_T::HSHPParamDefault" Content="(Table)" />
  <Message ID="Browser::HSHPParamData::Caption::Lab_HighPrecision::HighPrecision" Content="(Precision)" />
  <Message ID="Browser::HSHPParamData::Caption::Lab_HighSpeed::HighSpeed" Content="(Velocity)" />
  <Message ID="Browser::HSHPParamData::Caption::Lab_ParamCorr_T::HSHPCorrParam" Content="Index" />
  <Message ID="Browser::HSHPParamData::Caption::Lab_TitleHead_T::ParamItem" Content="Item" />
  <Message ID="Browser::HSHPParamData::Caption::Lab_TitleLv0_T::HSHPParamLv0" Content="Lv 0" />
  <Message ID="Browser::HSHPParamData::Caption::Lab_TitleLv1_T::HSHPParamLv1" Content="Lv 1" />
  <Message ID="Browser::HSHPParamData::Caption::Lab_TitleLv9_T::HSHPParamLv9" Content="Lv 9" />
  <Message ID="Browser::HSHPParamData::Caption::Lab_P_Default_B::HSHPParamDefault" Content="(Table)" />
  <Message ID="Browser::HSHPParamData::Caption::Lab_PathMapping::PathMapping" Content="(Accuracy)" />
  <Message ID="Browser::HSHPParamData::Caption::Lab_HighSpeed::HighSmooth" Content="(Smooth)" />
  <Message ID="Browser::HSHPParamData::Caption::Lab_ParamCorr_B::HSHPCorrParam" Content="Index" />
  <Message ID="Browser::HSHPParamData::Caption::Lab_TitleHead_B::ParamItem" Content="Item" />
  <Message ID="Browser::HSHPParamData::Caption::Lab_TitleLv0_B::HSHPParamLv0" Content="Lv 0" />
  <Message ID="Browser::HSHPParamData::Caption::Lab_TitleLv1_B::HSHPParamLv1" Content="Lv 1" />
  <Message ID="Browser::HSHPParamData::Caption::Lab_TitleLv9_B::HSHPParamLv9" Content="Lv 9" />
  <Message ID="Browser::HSHPParamData::Caption::TOLDescription" Content="Machining tolerance(um)" />
</ResMap>