﻿<?xml version="1.0" encoding="UTF-8"?>
<!--Created by 'eHMI'version2.2.17-->
<ResMap>
  <Message ID="Browser::HSHPParamData::Caption::Lab_Title" Content="加工应用" />
  <Message ID="Browser::HSHPParamData::Caption::Lab_ParamNoHead::ParamID" Content="编号" />
  <Message ID="Browser::HSHPParamData::Caption::Lab_ParamTitleHead::ParamItem" Content="说明" />
  <Message ID="Browser::HSHPParamData::Caption::Lab_Condition1" Content="条件1" />
  <Message ID="Browser::HSHPParamData::Caption::Lab_Condition2" Content="条件2" />
  <Message ID="Browser::HSHPParamData::Caption::Lab_Condition3" Content="条件3" />
  <Message ID="Browser::HSHPParamData::Caption::Lab_Command" Content="调用指令" />
  <Message ID="Browser::HSHPParamData::Caption::DecriptionLabel::Description" Content="默认值参数说明" />
  <Message ID="Browser::HSHPParamData::Caption::DescriptLabel::P1" Content="P1" />
  <Message ID="Browser::HSHPParamData::Caption::DescriptLabel::P2" Content="P2" />
  <Message ID="Browser::HSHPParamData::Caption::DescriptLabel::P3" Content="P3" />
  <Message ID="Browser::HSHPParamData::Caption::DescriptLabel::P4" Content="P4" />
  <Message ID="Browser::HSHPParamData::Caption::DescriptLabel::P5" Content="P5" />
  <Message ID="Browser::HSHPParamData::Caption::WorkTypeLabel::WorkType" Content="加工类型" />
  <Message ID="Browser::HSHPParamData::Caption::WorkTypeLabel::P1" Content="精加工" />
  <Message ID="Browser::HSHPParamData::Caption::WorkTypeLabel::P2" Content="精加工" />
  <Message ID="Browser::HSHPParamData::Caption::WorkTypeLabel::P3" Content="精加工" />
  <Message ID="Browser::HSHPParamData::Caption::WorkTypeLabel::P4" Content="粗加工" />
  <Message ID="Browser::HSHPParamData::Caption::WorkTypeLabel::P5" Content="粗加工" />
  <Message ID="Browser::HSHPParamData::Caption::CharLabel::Characteristic" Content="加工特性" />
  <Message ID="Browser::HSHPParamData::Caption::CharLabel::P1" Content="　高精度（路径贴合）" />
  <Message ID="Browser::HSHPParamData::Caption::CharLabel::P2" Content="　一般（速度优先）" />
  <Message ID="Browser::HSHPParamData::Caption::CharLabel::P3" Content="　高平滑性（速度变化平稳，但转角处有较大轮廓误差）" />
  <Message ID="Browser::HSHPParamData::Caption::CharLabel::P4" Content="　精度佳（适用于材料预留量少时）" />
  <Message ID="Browser::HSHPParamData::Caption::CharLabel::P5" Content="　稳度佳（适用于材料预留量多时）" />
  <Message ID="Browser::HSHPParamData::Caption::PostscriptumLabel::PostscriptumLabel" Content="（备注：默认值Pr401数值的设置，是基于Pr405 = 5000）" />
  <Message ID="Browser::HSHPParamData::Caption::Lab_P_Default::HSHPParamDefault" Content="参数总表" />
</ResMap>