﻿<?xml version="1.0" encoding="UTF-8"?>
<!--Created by 'eHMI'version2.2.17-->
<ResMap>
  <Message ID="Browser::HSHPParamData::Caption::Lab_ParamLevelSpeed::HSHPSpeedParam" Content="速度等级参数" />
  <Message ID="Browser::HSHPParamData::Caption::Lab_ParamLevelSmooth::HSHPSmoothParam" Content="平滑等级参数" />
  <Message ID="Browser::HSHPParamData::Caption::Lab_P_Default_T::HSHPParamDefault" Content="(参数总表)" />
  <Message ID="Browser::HSHPParamData::Caption::Lab_HighPrecision::HighPrecision" Content="(精度优先)" />
  <Message ID="Browser::HSHPParamData::Caption::Lab_HighSpeed::HighSpeed" Content="(速度优先)" />
  <Message ID="Browser::HSHPParamData::Caption::Lab_ParamCorr_T::HSHPCorrParam" Content="编号" />
  <Message ID="Browser::HSHPParamData::Caption::Lab_TitleHead_T::ParamItem" Content="说明" />
  <Message ID="Browser::HSHPParamData::Caption::Lab_TitleLv0_T::HSHPParamLv0" Content="0 级" />
  <Message ID="Browser::HSHPParamData::Caption::Lab_TitleLv1_T::HSHPParamLv1" Content="1 级" />
  <Message ID="Browser::HSHPParamData::Caption::Lab_TitleLv9_T::HSHPParamLv9" Content="9 级" />
  <Message ID="Browser::HSHPParamData::Caption::Lab_P_Default_B::HSHPParamDefault" Content="(参数总表)" />
  <Message ID="Browser::HSHPParamData::Caption::Lab_PathMapping::PathMapping" Content="(路径贴合)" />
  <Message ID="Browser::HSHPParamData::Caption::Lab_HighSpeed::HighSmooth" Content="(高平滑性)" />
  <Message ID="Browser::HSHPParamData::Caption::Lab_ParamCorr_B::HSHPCorrParam" Content="编号" />
  <Message ID="Browser::HSHPParamData::Caption::Lab_TitleHead_B::ParamItem" Content="说明" />
  <Message ID="Browser::HSHPParamData::Caption::Lab_TitleLv0_B::HSHPParamLv0" Content="0 级" />
  <Message ID="Browser::HSHPParamData::Caption::Lab_TitleLv1_B::HSHPParamLv1" Content="1 级" />
  <Message ID="Browser::HSHPParamData::Caption::Lab_TitleLv9_B::HSHPParamLv9" Content="9 级" />
  <Message ID="Browser::HSHPParamData::Caption::TOLDescription" Content="加工误差容许量(um)" />
</ResMap>