﻿<?xml version="1.0" encoding="UTF-8"?>
<!--Created by 'eHMI'version2.2.6-->
<ResMap>
  <Message ID="Browser::SysParam_Axes::Caption::1301" Content="啟動節距補償功能 (0:關閉, 1:單向, 2:雙向)" />
  <Message ID="Browser::SysParam_Axes::Caption::1321" Content="節距誤差補償基本長度 (BLU)" />
  <Message ID="Browser::SysParam_Axes::Caption::1341" Content="節距誤差補償原點位置編號" />
  <Message ID="Browser::SysParam_Axes::Caption::1221" Content="啟動背隙補償功能 (0:關閉, 1:線軌補償, 2:硬軌補償)" />
  <Message ID="Browser::SysParam_Axes::Caption::1241" Content="G00背隙補償量 (BLU)" />
  <Message ID="Browser::SysParam_Axes::Caption::1261" Content="G01背隙補償量 (BLU)" />
  <Message ID="Browser::SysParam_Axes::Caption::1281" Content="背隙臨界速度 (mm/min)" />
  <Message ID="Browser::SysParam_Axes::Caption::1401" Content="機構補償時間常數 (ms)" />
  <Message ID="Browser::SysParam_Axes::Caption::1361" Content="尖角補償正向補償量 (BLU)" />
  <Message ID="Browser::SysParam_Axes::Caption::1441" Content="尖角補償負向補償量 (BLU)" />
  <Message ID="Browser::SysParam_Axes::Caption::1461" Content="尖角補償第一段保持時間常數 (ms)" />
  <Message ID="Browser::SysParam_Axes::Caption::1381" Content="尖角補償第二段保持時間常數 (ms)" />
  
  <Message ID="Browser::SysParam_PitchError::Caption::Location" Content="座標" />
  <Message ID="Browser::SysParam_PitchError::Caption::Positive" Content="正向" />
  <Message ID="Browser::SysParam_PitchError::Caption::Negative" Content="負向" />
</ResMap>