﻿<?xml version="1.0" encoding="UTF-8"?>
<!--Created by 'eHMI'version2.2.24-->
<ResMap>
  <Message ID="Browser::Tapping::Caption::Lab_AdjustVarTitle::Setting" Content="調適設定" />
  <Message ID="Browser::Tapping::Caption::Lab_AdjustProgramTitle::ID8" Content="調適程式" />
  <Message ID="Browser::Tapping::Caption::Lab_AdjustVar1::Plane" Content="平面" />
  <Message ID="Browser::Tapping::HintLabel::Inp_AdjustVar1" Content="循圓調適平面設定" />
  <Message ID="Browser::Tapping::Caption::Lab_AdjustVar2::Direction" Content="方向" />
  <Message ID="Browser::Tapping::HintLabel::Inp_AdjustVar2" Content="循圓運行的方向，有順與逆時針兩種" />
  <Message ID="Browser::Tapping::Caption::Lab_AdjustVar3::WorkCoor" Content="座標系" />
  <Message ID="Browser::Tapping::HintLabel::Inp_AdjustVar3" Content="循圓路徑圓心所在的座標系" />
  <Message ID="Browser::Tapping::Caption::Lab_AdjustVar4::Radius" Content="半徑R" />
  <Message ID="Browser::Tapping::HintLabel::Inp_AdjustVar4::ID9" Content="循圓路徑的半徑大小" />
  <Message ID="Browser::Tapping::Caption::Lab_AdjustVar5::Feedrate" Content="速度F" />
  <Message ID="Browser::Tapping::HintLabel::Inp_AdjustVar5::ID10" Content="循圓動作的進給速率" />
  <Message ID="Browser::Tapping::Caption::Lab_AdjustVar6::MetricAndInch" Content="公英制" />
  <Message ID="Browser::Tapping::Caption::Lab_AdjustVar6_1::Metric" Content="公制" />
  <Message ID="Browser::Tapping::Caption::Lab_AdjustVar6_2::Inch" Content="英制" />
  <Message ID="Browser::Tapping::HintLabel::Inp_AdjustVar6" Content="循圓調適公英制設定" />
  <Message ID="Browser::Tapping::Caption::Lab_AdjustParamTitle::Parameter" Content="參數設定" />
  <Message ID="Browser::Tapping::Caption::Lab_AdjustSysParamTitle::SysParameter" Content="控制器參數" />
  <Message ID="Browser::Tapping::Caption::Lab_AdjustSysParam1::1stHoldTime" Content="第一保持時間" />
  <Message ID="Browser::Tapping::Caption::Lab_AdjustSysParam2::2ndHoldTime" Content="第二保持時間" />
  <Message ID="Browser::Tapping::Caption::Lab_AdjustSysParam3::PosComp" Content="正向補償量" />
  <Message ID="Browser::Tapping::Caption::Lab_AdjustSysParam4::NegComp" Content="負向補償量" />
  <Message ID="Browser::Tapping::Caption::Lab_AdjustSerialParamTitle::DriverParam" Content="串列參數" />
  <Message ID="Browser::Tapping::Caption::Lab_AdjustSerialParam1::VelGain" Content="速度增益" />
  <Message ID="Browser::Tapping::Caption::Lab_AdjustSerialParam2::VelIntegral" Content="速度積分" />
  <Message ID="Browser::Tapping::Caption::Lab_AdjustSerialParam3::PosGain" Content="位置增益" />
  <Message ID="Browser::Tapping::Caption::Lab_AdjustResult::Result" Content="調適結果" />
  <Message ID="Browser::Tapping::Caption::Lab_DbgTitle2::Roundness" Content="真圓度" />
  <Message ID="Browser::Tapping::Caption::Lab_DbgTitle1::Resolution" Content="解析度" />
  <Message ID="Browser::Tapping::Caption::Lab_DbgTitle3::AvgRadius" Content="平均圓半徑" />
</ResMap>