﻿<?xml version="1.0" encoding="UTF-8"?>
<!--Created by 'eHMI'version2.2.3-->
<ResMap>
  <Message ID="Browser::NetworkSet::Caption::Lab_IPParamTitle::IPAddressParameter" Content="IP地址设定参数" />
  <Message ID="Browser::NetworkSet::Caption::Lab_DHCPTitle::IPAddressSetting" Content="IP地址取得方法" />
  <Message ID="Browser::NetworkSet::ItemCaption::Inp_IsEnableDHCP::SpecifyIP" Content="直接指定IP地址" />
  <Message ID="Browser::NetworkSet::ItemCaption::Inp_IsEnableDHCP::GetByDHCP" Content="透过DHCP指定IP地址" />
  <Message ID="Browser::NetworkSet::Caption::Lab_IPTitle::IPAddress" Content="IP地址" />
  <Message ID="Browser::NetworkSet::Caption::Lab_NetMaskTitle::SubnetMask" Content="子网掩码" />
  <Message ID="Browser::NetworkSet::Caption::Lab_GatewayTitle::DefGateway" Content="预设网关" />
  <Message ID="Browser::NetworkSet::Caption::Lab_NameServerTitle::NameServerParameter" Content="名称服务器参数" />
  <Message ID="Browser::NetworkSet::Caption::Lab_PriDNSTitle::PrimaryDNS" Content="主要DNS" />
  <Message ID="Browser::NetworkSet::Caption::Lab_PriWINSTitle::PrimaryWINS" Content="主要WINS" />
  <Message ID="Browser::NetworkSet::Caption::Lab_NetDiskTitle::NetworkDisk" Content="网络磁盘驱动器" />
  <Message ID="Browser::NetworkSet::Caption::Lab_RemotePath::RemoteHostPath" Content="远程路径名称" />
  <Message ID="Browser::NetworkSet::Caption::Lab_PCName::PCName" Content="个人PC名称" />
  <Message ID="Browser::NetworkSet::Caption::Lab_DirName::DirName" Content="共享文件名" />
  <Message ID="Browser::NetworkSet::Caption::Lab_UserName::UserName" Content="使用者名称" />
  <Message ID="Browser::NetworkSet::Caption::Lab_DirPassword::DirPassword" Content="用户密码" />
  <Message ID="Browser::NetworkSet::Caption::Lab_NetStatus::NetStatus" Content="网络状态" />
  <Message ID="Browser::NetworkSet::Caption::Lab_FTPTitle::FTPServer" Content="资源共享" />
  <Message ID="Browser::NetworkSet::Caption::Lab_SharedPath::SharedFolderPath" Content="分享目录路径" />
  <Message ID="Browser::NetworkSet::Caption::Label1::nextpage" Content="第二网口设定 (按pagedown)" />
</ResMap>