﻿<?xml version="1.0" encoding="UTF-8"?>
<Screen>
	<Name>G163</Name>
	<Picture>
		<Name>Back_Picture</Name>
		<Picture>Image\Back4_3_3.bmp</Picture>
		<Left>0</Left>
		<Top>0</Top>
		<Height>392</Height>
		<Width>736</Width>
		<BorderStyle>0</BorderStyle>
	</Picture>
	<Picture>
		<Name>Picture_G163</Name>
		<Picture>Image\G1631.bmp</Picture>
		<Left>18</Left>
		<Top>108</Top>
		<Height>250</Height>
		<Width>337</Width>
		<BorderStyle>1</BorderStyle>
	</Picture>
	<Label>
		<Name>G163_Title</Name>
		<Caption>STR::G163::G163_Title</Caption>
		<Left>11</Left>
		<Top>19</Top>
		<Height>25</Height>
		<Width>350</Width>
		<ForeColor>255,255,255</ForeColor>
		<BorderStyle>0</BorderStyle>
		<BackColor>159,145,124</BackColor>
		<Alignment>2</Alignment>
		<FontSize>15</FontSize>
	</Label>
	<Label>
		<Name>XY_Arg</Name>
		<Caption>STR::G161::XY_Arg</Caption>
		<Left>421</Left>
		<Top>12</Top>
		<Height>30</Height>
		<Width>250</Width>
		<ForeColor>255,255,255</ForeColor>
		<BorderStyle>0</BorderStyle>
		<Alignment>2</Alignment>
		<FontSize>15</FontSize>
		<BackColor>159,145,124</BackColor>
	</Label>
	<Label>
		<Name>Mach_Range</Name>
		<Caption>STR::G161::Mach_Range</Caption>
		<Left>400</Left>
		<Top>55</Top>
		<Height>30</Height>
		<Width>150</Width>
		<ForeColor>255,255,255</ForeColor>
		<BorderStyle>0</BorderStyle>
		<Alignment>0</Alignment>
		<FontSize>15</FontSize>
		<BackColor>159,145,124</BackColor>
	</Label>
	<Label>
		<Name>Width</Name>
		<Caption>STR::G161::Width</Caption>
		<Left>500</Left>
		<Top>40</Top>
		<Height>30</Height>
		<Width>80</Width>
		<ForeColor>247,239,97</ForeColor>
		<BorderStyle>0</BorderStyle>
		<Alignment>1</Alignment>
		<FontSize>15</FontSize>
		<BackColor>159,145,124</BackColor>
	</Label>
	<Input>
		<Name>Inp_W</Name>
		<MacroAddr>I</MacroAddr>
		<Left>590</Left>
		<Top>40</Top>
		<Height>30</Height>
		<Width>120</Width>
		<BackColor>235,235,235</BackColor>
		<ForeColor>0,0,0</ForeColor>
		<BorderStyle>1</BorderStyle>
		<Alignment>1</Alignment>
		<FontSize>12</FontSize>
		<InputFormat>Double:3F</InputFormat>
		<HintLabel>STR::G161::Hint::Width</HintLabel>
	</Input>
	<Label>
		<Name>Length</Name>
		<Caption>STR::G161::Length</Caption>
		<Left>500</Left>
		<Top>70</Top>
		<Height>30</Height>
		<Width>80</Width>
		<ForeColor>247,239,97</ForeColor>
		<BorderStyle>0</BorderStyle>
		<Alignment>1</Alignment>
		<FontSize>15</FontSize>
		<BackColor>159,145,124</BackColor>
	</Label>
	<Input>
		<Name>Inp_L</Name>
		<MacroAddr>J</MacroAddr>
		<Left>590</Left>
		<Top>70</Top>
		<Height>30</Height>
		<Width>120</Width>
		<BackColor>235,235,235</BackColor>
		<ForeColor>0,0,0</ForeColor>
		<BorderStyle>1</BorderStyle>
		<Alignment>1</Alignment>
		<FontSize>12</FontSize>
		<InputFormat>Double:3F</InputFormat>
		<HintLabel>STR::G161::Hint::Length</HintLabel>
	</Input>
	<Label>
		<Name>Cut_Width</Name>
		<Caption>STR::G163::Cut_Width</Caption>
		<Left>420</Left>
		<Top>100</Top>
		<Height>30</Height>
		<Width>160</Width>
		<ForeColor>247,239,97</ForeColor>
		<BorderStyle>0</BorderStyle>
		<Alignment>1</Alignment>
		<FontSize>15</FontSize>
		<BackColor>159,145,124</BackColor>
	</Label>
	<Input>
		<Name>Inp_CW</Name>
		<MacroAddr>W</MacroAddr>
		<Left>590</Left>
		<Top>100</Top>
		<Height>30</Height>
		<Width>120</Width>
		<BackColor>235,235,235</BackColor>
		<ForeColor>0,0,0</ForeColor>
		<BorderStyle>1</BorderStyle>
		<Alignment>1</Alignment>
		<FontSize>12</FontSize>
		<InputFormat>Double:3F</InputFormat>
		<HintLabel>STR::G163::Hint::Cut_Width</HintLabel>
	</Input>
	<Label>
		<Name>Z_Arg</Name>
		<Caption>STR::G161::Z_Arg</Caption>
		<Left>471</Left>
		<Top>150</Top>
		<Height>30</Height>
		<Width>150</Width>
		<ForeColor>255,255,255</ForeColor>
		<BorderStyle>0</BorderStyle>
		<Alignment>2</Alignment>
		<FontSize>15</FontSize>
		<BackColor>159,145,124</BackColor>
	</Label>
	<Label>
		<Name>Z_Inc</Name>
		<Caption>STR::G161::Z_Inc</Caption>
		<Left>420</Left>
		<Top>180</Top>
		<Height>30</Height>
		<Width>160</Width>
		<ForeColor>247,239,97</ForeColor>
		<BorderStyle>0</BorderStyle>
		<Alignment>1</Alignment>
		<FontSize>15</FontSize>
		<BackColor>159,145,124</BackColor>
	</Label>
	<Input>
		<Name>Inp_ZI</Name>
		<MacroAddr>D</MacroAddr>
		<Left>590</Left>
		<Top>180</Top>
		<Height>30</Height>
		<Width>120</Width>
		<BackColor>235,235,235</BackColor>
		<ForeColor>0,0,0</ForeColor>
		<BorderStyle>1</BorderStyle>
		<Alignment>1</Alignment>
		<FontSize>12</FontSize>
		<InputFormat>Double:3F</InputFormat>
		<HintLabel>STR::G161::Hint::Z_Inc</HintLabel>
	</Input>
	<Label>
		<Name>Z_Dep</Name>
		<Caption>STR::G161::Z_Dep</Caption>
		<Left>420</Left>
		<Top>210</Top>
		<Height>30</Height>
		<Width>160</Width>
		<ForeColor>247,239,97</ForeColor>
		<BorderStyle>0</BorderStyle>
		<Alignment>1</Alignment>
		<FontSize>15</FontSize>
		<BackColor>159,145,124</BackColor>
	</Label>
	<Input>
		<Name>Inp_ZD</Name>
		<MacroAddr>H</MacroAddr>
		<Left>590</Left>
		<Top>210</Top>
		<Height>30</Height>
		<Width>120</Width>
		<BackColor>235,235,235</BackColor>
		<ForeColor>0,0,0</ForeColor>
		<BorderStyle>1</BorderStyle>
		<Alignment>1</Alignment>
		<FontSize>12</FontSize>
		<InputFormat>Double:3F</InputFormat>
		<HintLabel>STR::G161::Hint::Z_Dep</HintLabel>
	</Input>
	<Label>
		<Name>Speed</Name>
		<Caption>STR::G161::Speed</Caption>
		<Left>420</Left>
		<Top>275</Top>
		<Height>30</Height>
		<Width>160</Width>
		<ForeColor>247,239,97</ForeColor>
		<BorderStyle>0</BorderStyle>
		<Alignment>1</Alignment>
		<FontSize>15</FontSize>
		<BackColor>159,145,124</BackColor>
	</Label>
	<Input>
		<Name>Inp_S</Name>
		<MacroAddr>S</MacroAddr>
		<Left>590</Left>
		<Top>275</Top>
		<Height>30</Height>
		<Width>120</Width>
		<BackColor>235,235,235</BackColor>
		<ForeColor>0,0,0</ForeColor>
		<BorderStyle>1</BorderStyle>
		<Alignment>1</Alignment>
		<FontSize>12</FontSize>
		<InputFormat>Double:3F</InputFormat>
		<HintLabel>STR::G161::Hint::Speed</HintLabel>
	</Input>
	<Label>
		<Name>Feedrate_XY</Name>
		<Caption>STR::G161::Feedrate_XY</Caption>
		<Left>420</Left>
		<Top>305</Top>
		<Height>30</Height>
		<Width>160</Width>
		<ForeColor>247,239,97</ForeColor>
		<BorderStyle>0</BorderStyle>
		<Alignment>1</Alignment>
		<FontSize>15</FontSize>
		<BackColor>159,145,124</BackColor>
	</Label>
	<Input>
		<Name>Inp_FXY</Name>
		<MacroAddr>F</MacroAddr>
		<Left>590</Left>
		<Top>305</Top>
		<Height>30</Height>
		<Width>120</Width>
		<BackColor>235,235,235</BackColor>
		<ForeColor>0,0,0</ForeColor>
		<BorderStyle>1</BorderStyle>
		<Alignment>1</Alignment>
		<FontSize>12</FontSize>
		<InputFormat>Double:3F</InputFormat>
		<HintLabel>STR::G161::Hint::Feedrate_XY</HintLabel>
	</Input>
	<Label>
		<Name>Feedrate_Z</Name>
		<Caption>STR::G161::Feedrate_Z</Caption>
		<Left>420</Left>
		<Top>335</Top>
		<Height>30</Height>
		<Width>160</Width>
		<ForeColor>247,239,97</ForeColor>
		<BorderStyle>0</BorderStyle>
		<Alignment>1</Alignment>
		<FontSize>15</FontSize>
		<BackColor>159,145,124</BackColor>
	</Label>
	<Input>
		<Name>Inp_FZ</Name>
		<MacroAddr>E</MacroAddr>
		<Left>590</Left>
		<Top>335</Top>
		<Height>30</Height>
		<Width>120</Width>
		<BackColor>235,235,235</BackColor>
		<ForeColor>0,0,0</ForeColor>
		<BorderStyle>1</BorderStyle>
		<Alignment>1</Alignment>
		<FontSize>12</FontSize>
		<InputFormat>Double:3F</InputFormat>
		<HintLabel>STR::G161::Hint::Feedrate_Z</HintLabel>
	</Input>
</Screen>
