﻿<?xml version="1.0" encoding="utf-8" ?>
<ResMap>
	<Message ID=" CncState0" Content="版本編號"/>
	<Message ID=" CncState1" Content="實際進給速率"/>
	<Message ID=" CncState2" Content="刀具號碼"/>
	<Message ID=" CncState3" Content="實際主軸轉速"/>
	<Message ID=" CncState4" Content="控制器狀態"/>
	<Message ID=" CncState5" Content="控制器模式"/>
	<Message ID=" CncState6" Content="加工工件數"/>
	<Message ID=" CncState7" Content="需求工件數"/>
	<Message ID=" CncState8" Content="加工時間"/>
	<Message ID=" CncState9" Content="累計加工時間"/>
	<Message ID=" CncState10" Content="執行行號"/>
	<Message ID=" CncState11" Content="執行序號"/>
	<Message ID=" CncState12" Content="線性軸的小數點個數"/>
	<Message ID=" CncState13" Content="目前輸入單位"/>
	<Message ID=" CncState14" Content="旋轉軸的小數點個數"/>
	<Message ID=" CncState15" Content="刀半徑補償號碼D"/>
	<Message ID=" CncState16" Content="刀長度補償號碼H"/>
	<Message ID=" CncState17" Content="主軸上限速度"/>
	<Message ID=" CncState18" Content="進給命令F"/>
	<Message ID=" CncState19" Content="進給百分比"/>
	<Message ID=" CncState20" Content="主軸速度命令"/>
	<Message ID=" CncState21" Content="主軸速度百分比"/>
	<Message ID=" CncState22" Content="累計開機時間"/>
	<Message ID=" CncState23" Content="手輪倍率"/>
	<Message ID=" CncState24" Content="主軸檔位"/>
	<Message ID=" CncState25" Content="目前工件座標號碼"/>
	<Message ID=" CncState26" Content="開機時間"/>

	<Message ID=" CncState27" Content="保留"/>
	<Message ID=" CncState28" Content="保留"/>
	<Message ID=" CncState29" Content="保留"/>
	<Message ID=" CncState30" Content="保留"/>
	<Message ID=" CncState31" Content="保留"/>
	<Message ID=" CncState32" Content="保留"/>
	<Message ID=" CncState33" Content="保留"/>
	<Message ID=" CncState34" Content="保留"/>
	<Message ID=" CncState35" Content="保留"/>
	<Message ID=" CncState36" Content="保留"/>
	<Message ID=" CncState37" Content="保留"/>
	<Message ID=" CncState38" Content="保留"/>
	<Message ID=" CncState39" Content="保留"/>
	<Message ID=" CncState40" Content="保留"/>
	<Message ID=" CncState41" Content="保留"/>
	<Message ID=" CncState42" Content="保留"/>
	<Message ID=" CncState43" Content="保留"/>
	<Message ID=" CncState44" Content="保留"/>
	<Message ID=" CncState45" Content="保留"/>
	<Message ID=" CncState46" Content="保留"/>
	<Message ID=" CncState47" Content="保留"/>
	<Message ID=" CncState48" Content="保留"/>
	<Message ID=" CncState49" Content="保留"/>
	<Message ID=" CncState50" Content="保留"/>

	<Message ID=" CncState51" Content="Guidance remain distance"/>
	<Message ID=" CncState52" Content="Guidance remain distance in x-direction"/>
	<Message ID=" CncState53" Content="Guidance remain distance in y-direction"/>

	<Message ID=" CncState54" Content="保留"/>
	<Message ID=" CncState55" Content="保留"/>
	<Message ID=" CncState56" Content="保留"/>
	<Message ID=" CncState57" Content="保留"/>
	<Message ID=" CncState58" Content="保留"/>
	<Message ID=" CncState59" Content="保留"/>
	<Message ID=" CncState60" Content="保留"/>
	
	<Message ID=" CncState61" Content="目前加工中的插值模式"/>

	<Message ID=" CncState62" Content="保留"/>
	<Message ID=" CncState63" Content="保留"/>
	<Message ID=" CncState64" Content="保留"/>
	<Message ID=" CncState65" Content="保留"/>
	<Message ID=" CncState66" Content="保留"/>
	<Message ID=" CncState67" Content="保留"/>
	<Message ID=" CncState68" Content="保留"/>
	<Message ID=" CncState69" Content="保留"/>
	<Message ID=" CncState70" Content="保留"/>
	
	<Message ID=" CncState71" Content="差值模式(G00/G01/G02/G33/G34/G35)"/>
	<Message ID=" CncState72" Content="工作平面模式(G17/G18/G19)"/>
	<Message ID=" CncState73" Content="絕對/相對命令模式(G90/G91)"/>
	<Message ID=" CncState74" Content="第二行程模式(G22/G23)"/>
	<Message ID=" CncState75" Content="進給速率模式(G94/G95)"/>
	<Message ID=" CncState76" Content="公英制輸入模式(G70/G71)"/>
	<Message ID=" CncState77" Content="刀具半徑補償模式(G40/G41/G42)"/>
	<Message ID=" CncState78" Content="刀具長度補償模式(G43/G44/G49)"/>
	<Message ID=" CncState79" Content="放大縮小模式(G50/G51)"/>
	<Message ID=" CncState80" Content="等表面速度切削模式(G96/G97)"/>
	<Message ID=" CncState81" Content="進給速率控制模式(G61/G62/G63/G64)"/>
	<Message ID=" CncState82" Content="旋轉模式(G68/G69)"/>
	<Message ID=" CncState83" Content="主軸速度檢查模式(G25/G26)"/>
	<Message ID=" CncState84" Content="極座標差值模式(G12/G13)"/>
	<Message ID=" CncState85" Content="極座標命令模式(G15/G16)"/>

	<Message ID=" CncState86" Content="保留"/>
	<Message ID=" CncState87" Content="保留"/>
	<Message ID=" CncState88" Content="保留"/>
	<Message ID=" CncState89" Content="保留"/>
	<Message ID=" CncState90" Content="保留"/>
	<Message ID=" CncState91" Content="保留"/>
	<Message ID=" CncState92" Content="保留"/>
	<Message ID=" CncState93" Content="保留"/>
	<Message ID=" CncState94" Content="保留"/>
	<Message ID=" CncState95" Content="保留"/>
	<Message ID=" CncState96" Content="保留"/>
	<Message ID=" CncState97" Content="保留"/>
	<Message ID=" CncState98" Content="保留"/>
	<Message ID=" CncState99" Content="保留"/>
	<Message ID=" CncState100" Content="保留"/>

	<Message ID=" CncState101" Content="第1軸機械座標位置"/>
	<Message ID=" CncState102" Content="第2軸機械座標位置"/>
	<Message ID=" CncState103" Content="第3軸機械座標位置"/>
	<Message ID=" CncState104" Content="第4軸機械座標位置"/>
	<Message ID=" CncState105" Content="第5軸機械座標位置"/>
	<Message ID=" CncState106" Content="第6軸機械座標位置"/>
	<Message ID=" CncState107" Content="第7軸機械座標位置"/>
	<Message ID=" CncState108" Content="第8軸機械座標位置"/>
	<Message ID=" CncState109" Content="第9軸機械座標位置"/>
	<Message ID=" CncState110" Content="第10軸機械座標位置"/>
	<Message ID=" CncState111" Content="第11軸機械座標位置"/>
	<Message ID=" CncState112" Content="第12軸機械座標位置"/>
	<Message ID=" CncState113" Content="第13軸機械座標位置"/>
	<Message ID=" CncState114" Content="第14軸機械座標位置"/>
	<Message ID=" CncState115" Content="第15軸機械座標位置"/>
	<Message ID=" CncState116" Content="第16軸機械座標位置"/>
	<Message ID=" CncState117" Content="第17軸機械座標位置"/>
	<Message ID=" CncState118" Content="第18軸機械座標位置"/>
	<Message ID=" CncState119" Content="第19軸機械座標位置"/>
	<Message ID=" CncState120" Content="第20軸機械座標位置"/>
	<Message ID=" CncState121" Content="第21軸機械座標位置"/>
	<Message ID=" CncState122" Content="第22軸機械座標位置"/>
	<Message ID=" CncState123" Content="第23軸機械座標位置"/>
	<Message ID=" CncState124" Content="第24軸機械座標位置"/>
	<Message ID=" CncState125" Content="第25軸機械座標位置"/>
	<Message ID=" CncState126" Content="第26軸機械座標位置"/>
	<Message ID=" CncState127" Content="第27軸機械座標位置"/>
	<Message ID=" CncState128" Content="第28軸機械座標位置"/>
	<Message ID=" CncState129" Content="第29軸機械座標位置"/>
	<Message ID=" CncState130" Content="第30軸機械座標位置"/>
	<Message ID=" CncState131" Content="第31軸機械座標位置"/>
	<Message ID=" CncState132" Content="第32軸機械座標位置"/>
	<Message ID=" CncState133" Content="第33軸機械座標位置"/>
	<Message ID=" CncState134" Content="第34軸機械座標位置"/>
	<Message ID=" CncState135" Content="第35軸機械座標位置"/>
	<Message ID=" CncState136" Content="第36軸機械座標位置"/>
	<Message ID=" CncState137" Content="第37軸機械座標位置"/>
	<Message ID=" CncState138" Content="第38軸機械座標位置"/>
	<Message ID=" CncState139" Content="第39軸機械座標位置"/>
	<Message ID=" CncState140" Content="第40軸機械座標位置"/>

	<Message ID=" CncState141" Content="第1軸相對座標位置"/>
	<Message ID=" CncState142" Content="第2軸相對座標位置"/>	
	<Message ID=" CncState143" Content="第3軸相對座標位置"/>
	<Message ID=" CncState144" Content="第4軸相對座標位置"/>
	<Message ID=" CncState145" Content="第5軸相對座標位置"/>
	<Message ID=" CncState146" Content="第6軸相對座標位置"/>
	<Message ID=" CncState147" Content="第7軸相對座標位置"/>
	<Message ID=" CncState148" Content="第8軸相對座標位置"/>
	<Message ID=" CncState149" Content="第9軸相對座標位置"/>
	<Message ID=" CncState150" Content="第10軸相對座標位置"/>
	<Message ID=" CncState151" Content="第11軸相對座標位置"/>
	<Message ID=" CncState152" Content="第12軸相對座標位置"/>
	<Message ID=" CncState153" Content="第13軸相對座標位置"/>
	<Message ID=" CncState154" Content="第14軸相對座標位置"/>
	<Message ID=" CncState155" Content="第15軸相對座標位置"/>
	<Message ID=" CncState156" Content="第16軸相對座標位置"/>
	<Message ID=" CncState157" Content="第17軸相對座標位置"/>
	<Message ID=" CncState158" Content="第18軸相對座標位置"/>
	<Message ID=" CncState159" Content="第19軸相對座標位置"/>
	<Message ID=" CncState160" Content="第20軸相對座標位置"/>
	<Message ID=" CncState161" Content="第21軸相對座標位置"/>
	<Message ID=" CncState162" Content="第22軸相對座標位置"/>
	<Message ID=" CncState163" Content="第23軸相對座標位置"/>
	<Message ID=" CncState164" Content="第24軸相對座標位置"/>
	<Message ID=" CncState165" Content="第25軸相對座標位置"/>
	<Message ID=" CncState166" Content="第26軸相對座標位置"/>
	<Message ID=" CncState167" Content="第27軸相對座標位置"/>
	<Message ID=" CncState168" Content="第28軸相對座標位置"/>
	<Message ID=" CncState169" Content="第29軸相對座標位置"/>
	<Message ID=" CncState170" Content="第30軸相對座標位置"/>
	<Message ID=" CncState171" Content="第31軸相對座標位置"/>
	<Message ID=" CncState172" Content="第32軸相對座標位置"/>
	<Message ID=" CncState173" Content="第33軸相對座標位置"/>
	<Message ID=" CncState174" Content="第34軸相對座標位置"/>
	<Message ID=" CncState175" Content="第35軸相對座標位置"/>
	<Message ID=" CncState176" Content="第36軸相對座標位置"/>
	<Message ID=" CncState177" Content="第37軸相對座標位置"/>
	<Message ID=" CncState178" Content="第38軸相對座標位置"/>
	<Message ID=" CncState179" Content="第39軸相對座標位置"/>
	<Message ID=" CncState180" Content="第40軸相對座標位置"/>

	<Message ID=" CncState181" Content="第1軸相對座標位置"/>
	<Message ID=" CncState182" Content="第2軸相對座標位置"/>	
	<Message ID=" CncState183" Content="第3軸相對座標位置"/>
	<Message ID=" CncState184" Content="第4軸相對座標位置"/>
	<Message ID=" CncState185" Content="第5軸相對座標位置"/>
	<Message ID=" CncState186" Content="第6軸相對座標位置"/>
	<Message ID=" CncState187" Content="第7軸相對座標位置"/>
	<Message ID=" CncState188" Content="第8軸相對座標位置"/>
	<Message ID=" CncState189" Content="第9軸相對座標位置"/>
	<Message ID=" CncState190" Content="第10軸相對座標位置"/>
	<Message ID=" CncState191" Content="第11軸相對座標位置"/>
	<Message ID=" CncState192" Content="第12軸相對座標位置"/>
	<Message ID=" CncState193" Content="第13軸相對座標位置"/>
	<Message ID=" CncState194" Content="第14軸相對座標位置"/>
	<Message ID=" CncState195" Content="第15軸相對座標位置"/>
	<Message ID=" CncState196" Content="第16軸相對座標位置"/>
	<Message ID=" CncState197" Content="第17軸相對座標位置"/>
	<Message ID=" CncState198" Content="第18軸相對座標位置"/>
	<Message ID=" CncState199" Content="第19軸相對座標位置"/>
	<Message ID=" CncState200" Content="第20軸相對座標位置"/>
	<Message ID=" CncState201" Content="第21軸相對座標位置"/>
	<Message ID=" CncState202" Content="第22軸相對座標位置"/>
	<Message ID=" CncState203" Content="第23軸相對座標位置"/>
	<Message ID=" CncState204" Content="第24軸相對座標位置"/>
	<Message ID=" CncState205" Content="第25軸相對座標位置"/>
	<Message ID=" CncState206" Content="第26軸相對座標位置"/>
	<Message ID=" CncState207" Content="第27軸相對座標位置"/>
	<Message ID=" CncState208" Content="第28軸相對座標位置"/>
	<Message ID=" CncState209" Content="第29軸相對座標位置"/>
	<Message ID=" CncState210" Content="第30軸相對座標位置"/>
	<Message ID=" CncState211" Content="第31軸相對座標位置"/>
	<Message ID=" CncState212" Content="第32軸相對座標位置"/>
	<Message ID=" CncState213" Content="第33軸相對座標位置"/>
	<Message ID=" CncState214" Content="第34軸相對座標位置"/>
	<Message ID=" CncState215" Content="第35軸相對座標位置"/>
	<Message ID=" CncState216" Content="第36軸相對座標位置"/>
	<Message ID=" CncState217" Content="第37軸相對座標位置"/>
	<Message ID=" CncState218" Content="第38軸相對座標位置"/>
	<Message ID=" CncState219" Content="第39軸相對座標位置"/>
	<Message ID=" CncState220" Content="第40軸相對座標位置"/>

	<Message ID=" CncState221" Content="第1軸單節剩餘距離"/>
	<Message ID=" CncState222" Content="第2軸單節剩餘距離"/>	
	<Message ID=" CncState223" Content="第3軸單節剩餘距離"/>
	<Message ID=" CncState224" Content="第4軸單節剩餘距離"/>
	<Message ID=" CncState225" Content="第5軸單節剩餘距離"/>
	<Message ID=" CncState226" Content="第6軸單節剩餘距離"/>
	<Message ID=" CncState227" Content="第7軸單節剩餘距離"/>
	<Message ID=" CncState228" Content="第8軸單節剩餘距離"/>
	<Message ID=" CncState229" Content="第9軸單節剩餘距離"/>
	<Message ID=" CncState230" Content="第10軸單節剩餘距離"/>
	<Message ID=" CncState231" Content="第11軸單節剩餘距離"/>
	<Message ID=" CncState232" Content="第12軸單節剩餘距離"/>
	<Message ID=" CncState233" Content="第13軸單節剩餘距離"/>
	<Message ID=" CncState234" Content="第14軸單節剩餘距離"/>
	<Message ID=" CncState235" Content="第15軸單節剩餘距離"/>
	<Message ID=" CncState236" Content="第16軸單節剩餘距離"/>
	<Message ID=" CncState237" Content="第17軸單節剩餘距離"/>
	<Message ID=" CncState238" Content="第18軸單節剩餘距離"/>
	<Message ID=" CncState239" Content="第19軸單節剩餘距離"/>
	<Message ID=" CncState240" Content="第20軸單節剩餘距離"/>
	<Message ID=" CncState241" Content="第21軸單節剩餘距離"/>
	<Message ID=" CncState242" Content="第22軸單節剩餘距離"/>
	<Message ID=" CncState243" Content="第23軸單節剩餘距離"/>
	<Message ID=" CncState244" Content="第24軸單節剩餘距離"/>
	<Message ID=" CncState245" Content="第25軸單節剩餘距離"/>
	<Message ID=" CncState246" Content="第26軸單節剩餘距離"/>
	<Message ID=" CncState247" Content="第27軸單節剩餘距離"/>
	<Message ID=" CncState248" Content="第28軸單節剩餘距離"/>
	<Message ID=" CncState249" Content="第29軸單節剩餘距離"/>
	<Message ID=" CncState250" Content="第30軸單節剩餘距離"/>
	<Message ID=" CncState251" Content="第31軸單節剩餘距離"/>
	<Message ID=" CncState252" Content="第32軸單節剩餘距離"/>
	<Message ID=" CncState253" Content="第33軸單節剩餘距離"/>
	<Message ID=" CncState254" Content="第34軸單節剩餘距離"/>
	<Message ID=" CncState255" Content="第35軸單節剩餘距離"/>
	<Message ID=" CncState256" Content="第36軸單節剩餘距離"/>
	<Message ID=" CncState257" Content="第37軸單節剩餘距離"/>
	<Message ID=" CncState258" Content="第38軸單節剩餘距離"/>
	<Message ID=" CncState259" Content="第39軸單節剩餘距離"/>
	<Message ID=" CncState260" Content="第40軸單節剩餘距離"/>

	<Message ID=" CncState261" Content="第1軸的小數點個數"/>
	<Message ID=" CncState262" Content="第2軸的小數點個數"/>	
	<Message ID=" CncState263" Content="第3軸的小數點個數"/>
	<Message ID=" CncState264" Content="第4軸的小數點個數"/>
	<Message ID=" CncState265" Content="第5軸的小數點個數"/>
	<Message ID=" CncState266" Content="第6軸的小數點個數"/>
	<Message ID=" CncState267" Content="第7軸的小數點個數"/>
	<Message ID=" CncState268" Content="第8軸的小數點個數"/>
	<Message ID=" CncState269" Content="第9軸的小數點個數"/>
	<Message ID=" CncState270" Content="第10軸的小數點個數"/>
	<Message ID=" CncState271" Content="第11軸的小數點個數"/>
	<Message ID=" CncState272" Content="第12軸的小數點個數"/>
	<Message ID=" CncState273" Content="第13軸的小數點個數"/>
	<Message ID=" CncState274" Content="第14軸的小數點個數"/>
	<Message ID=" CncState275" Content="第15軸的小數點個數"/>
	<Message ID=" CncState276" Content="第16軸的小數點個數"/>
	<Message ID=" CncState277" Content="第17軸的小數點個數"/>
	<Message ID=" CncState278" Content="第18軸的小數點個數"/>
	<Message ID=" CncState279" Content="第19軸的小數點個數"/>
	<Message ID=" CncState280" Content="第20軸的小數點個數"/>
	<Message ID=" CncState281" Content="第21軸的小數點個數"/>
	<Message ID=" CncState282" Content="第22軸的小數點個數"/>
	<Message ID=" CncState283" Content="第23軸的小數點個數"/>
	<Message ID=" CncState284" Content="第24軸的小數點個數"/>
	<Message ID=" CncState285" Content="第25軸的小數點個數"/>
	<Message ID=" CncState286" Content="第26軸的小數點個數"/>
	<Message ID=" CncState287" Content="第27軸的小數點個數"/>
	<Message ID=" CncState288" Content="第28軸的小數點個數"/>
	<Message ID=" CncState289" Content="第29軸的小數點個數"/>
	<Message ID=" CncState290" Content="第30軸的小數點個數"/>
	<Message ID=" CncState291" Content="第31軸的小數點個數"/>
	<Message ID=" CncState292" Content="第32軸的小數點個數"/>
	<Message ID=" CncState293" Content="第33軸的小數點個數"/>
	<Message ID=" CncState294" Content="第34軸的小數點個數"/>
	<Message ID=" CncState295" Content="第35軸的小數點個數"/>
	<Message ID=" CncState296" Content="第36軸的小數點個數"/>
	<Message ID=" CncState297" Content="第37軸的小數點個數"/>
	<Message ID=" CncState298" Content="第38軸的小數點個數"/>
	<Message ID=" CncState299" Content="第39軸的小數點個數"/>
	<Message ID=" CncState300" Content="第40軸的小數點個數"/>

	<Message ID=" CncState301" Content="第1軸的刀長補正向量"/>
	<Message ID=" CncState302" Content="第2軸的刀長補正向量"/>
	<Message ID=" CncState303" Content="第3軸的刀長補正向量"/>
	<Message ID=" CncState304" Content="第4軸的刀長補正向量"/>
	<Message ID=" CncState305" Content="第5軸的刀長補正向量"/>
	<Message ID=" CncState306" Content="第6軸的刀長補正向量"/>
	<Message ID=" CncState307" Content="第7軸的刀長補正向量"/>
	<Message ID=" CncState308" Content="第8軸的刀長補正向量"/>
	<Message ID=" CncState309" Content="第9軸的刀長補正向量"/>
	<Message ID=" CncState310" Content="第10軸的刀長補正向量"/>
	<Message ID=" CncState311" Content="第11軸的刀長補正向量"/>
	<Message ID=" CncState312" Content="第12軸的刀長補正向量"/>
	<Message ID=" CncState313" Content="第13軸的刀長補正向量"/>
	<Message ID=" CncState314" Content="第14軸的刀長補正向量"/>
	<Message ID=" CncState315" Content="第15軸的刀長補正向量"/>
	<Message ID=" CncState316" Content="第16軸的刀長補正向量"/>
	<Message ID=" CncState317" Content="第17軸的刀長補正向量"/>
	<Message ID=" CncState318" Content="第18軸的刀長補正向量"/>
	<Message ID=" CncState319" Content="第19軸的刀長補正向量"/>
	<Message ID=" CncState320" Content="第20軸的刀長補正向量"/>
	<Message ID=" CncState321" Content="第21軸的刀長補正向量"/>
	<Message ID=" CncState322" Content="第22軸的刀長補正向量"/>
	<Message ID=" CncState323" Content="第23軸的刀長補正向量"/>
	<Message ID=" CncState324" Content="第24軸的刀長補正向量"/>
	<Message ID=" CncState325" Content="第25軸的刀長補正向量"/>
	<Message ID=" CncState326" Content="第26軸的刀長補正向量"/>
	<Message ID=" CncState327" Content="第27軸的刀長補正向量"/>
	<Message ID=" CncState328" Content="第28軸的刀長補正向量"/>
	<Message ID=" CncState329" Content="第29軸的刀長補正向量"/>
	<Message ID=" CncState330" Content="第30軸的刀長補正向量"/>
	<Message ID=" CncState331" Content="第31軸的刀長補正向量"/>
	<Message ID=" CncState332" Content="第32軸的刀長補正向量"/>
	<Message ID=" CncState333" Content="第33軸的刀長補正向量"/>
	<Message ID=" CncState334" Content="第34軸的刀長補正向量"/>
	<Message ID=" CncState335" Content="第35軸的刀長補正向量"/>
	<Message ID=" CncState336" Content="第36軸的刀長補正向量"/>
	<Message ID=" CncState337" Content="第37軸的刀長補正向量"/>
	<Message ID=" CncState338" Content="第38軸的刀長補正向量"/>
	<Message ID=" CncState339" Content="第39軸的刀長補正向量"/>
	<Message ID=" CncState340" Content="第40軸的刀長補正向量"/>
	
	<Message ID=" CncState341" Content="保留"/>
	<Message ID=" CncState342" Content="保留"/>
	<Message ID=" CncState343" Content="保留"/>
	<Message ID=" CncState344" Content="保留"/>
	<Message ID=" CncState345" Content="保留"/>
	<Message ID=" CncState346" Content="保留"/>
	<Message ID=" CncState347" Content="保留"/>
	<Message ID=" CncState348" Content="保留"/>
	<Message ID=" CncState349" Content="保留"/>
	<Message ID=" CncState350" Content="保留"/>
	<Message ID=" CncState351" Content="保留"/>
	<Message ID=" CncState352" Content="保留"/>
	<Message ID=" CncState353" Content="保留"/>
	<Message ID=" CncState354" Content="保留"/>
	<Message ID=" CncState355" Content="保留"/>
	<Message ID=" CncState356" Content="保留"/>
	<Message ID=" CncState357" Content="保留"/>
	<Message ID=" CncState358" Content="保留"/>
	<Message ID=" CncState359" Content="保留"/>
	<Message ID=" CncState360" Content="保留"/>
	<Message ID=" CncState361" Content="保留"/>
	<Message ID=" CncState362" Content="保留"/>
	<Message ID=" CncState363" Content="保留"/>
	<Message ID=" CncState364" Content="保留"/>
	<Message ID=" CncState365" Content="保留"/>
	<Message ID=" CncState366" Content="保留"/>
	<Message ID=" CncState367" Content="保留"/>
	<Message ID=" CncState368" Content="保留"/>
	<Message ID=" CncState369" Content="保留"/>
	<Message ID=" CncState370" Content="保留"/>
	<Message ID=" CncState371" Content="保留"/>
	<Message ID=" CncState372" Content="保留"/>
	<Message ID=" CncState373" Content="保留"/>
	<Message ID=" CncState374" Content="保留"/>
	<Message ID=" CncState375" Content="保留"/>
	<Message ID=" CncState376" Content="保留"/>
	<Message ID=" CncState377" Content="保留"/>
	<Message ID=" CncState378" Content="保留"/>
	<Message ID=" CncState379" Content="保留"/>
	<Message ID=" CncState380" Content="保留"/>
	<Message ID=" CncState381" Content="保留"/>
	<Message ID=" CncState382" Content="保留"/>
	<Message ID=" CncState383" Content="保留"/>
	<Message ID=" CncState384" Content="保留"/>
	<Message ID=" CncState385" Content="保留"/>
	<Message ID=" CncState386" Content="保留"/>
	<Message ID=" CncState387" Content="保留"/>
	<Message ID=" CncState388" Content="保留"/>
	<Message ID=" CncState389" Content="保留"/>
	<Message ID=" CncState390" Content="保留"/>
	<Message ID=" CncState391" Content="保留"/>
	<Message ID=" CncState392" Content="保留"/>
	<Message ID=" CncState393" Content="保留"/>
	<Message ID=" CncState394" Content="保留"/>
	<Message ID=" CncState395" Content="保留"/>
	<Message ID=" CncState396" Content="保留"/>
	<Message ID=" CncState397" Content="保留"/>
	<Message ID=" CncState398" Content="保留"/>
	<Message ID=" CncState399" Content="保留"/>
</ResMap>
