﻿<?xml version="1.0" encoding="UTF-8"?>
<!--Created by 'eHMI'version2.2.6-->
<ResMap>
  <Message ID="Browser::ToolManagement::Caption::lbl_TableTitle::Title" Content="刀具管理功能" />
  <Message ID="Browser::ToolManagement::Caption::Label8::Status" Content="刀具状态" />
  <Message ID="Browser::ToolManagement::Caption::Label7::Announce" Content="寿命预告" />
  <Message ID="Browser::ToolManagement::Caption::Label6::maxLife" Content="最大寿命" />
  <Message ID="Browser::ToolManagement::Caption::Label5::CurLife" Content="当前寿命" />
  <Message ID="Browser::ToolManagement::Caption::Label4::info" Content="刀号资讯" />
  <Message ID="Browser::ToolManagement::Caption::Label3::group" Content="群组" />
  <Message ID="Browser::ToolManagement::Caption::Label2::Turret" Content="刀库" />
  <Message ID="Browser::ToolManagement::HintLabel::inp_Turr::ID1" Content="刀库刀具号码" />
  <Message ID="Browser::ToolManagement::HintLabel::inp_Gp::ID2" Content="刀号群组设定，设定0为取消群组" />
  <Message ID="Browser::ToolManagement::HintLabel::inp_infoLU::ID3" Content="(L)锁定状态, (U)解锁状态" />
  <Message ID="Browser::ToolManagement::HintLabel::inp_infoR::ID6" Content="(R)数值有效, (-)数值无效" />
  <Message ID="Browser::ToolManagement::HintLabel::inp_infoTC::ID5" Content="(T)使用时间, (C)使用次数" />
  <Message ID="Browser::ToolManagement::HintLabel::inp_infoBN::ID4" Content="(B)大直径刀具, (N)标准刀具" />
  <Message ID="Browser::ToolManagement::HintLabel::inp_curLife::ID7" Content="刀具当前寿命值，显示内容与寿命计数值类型相关" />
  <Message ID="Browser::ToolManagement::HintLabel::inp_announce::ID9" Content="当刀具寿命小于该设定值时送出相关Register给PLC" />
  <Message ID="Browser::ToolManagement::HintLabel::inp_maxLife::ID8" Content="刀具的最大使用寿命" />
  <Message ID="Browser::ToolManagement::HintLabel::inp_status::ID10" Content="0:未管理,1:未使用,2:可使用,3:终了预告,4:寿命终结,5:刀具破损" />  
  <Message ID="ToolManagement::NoMNG" Content="未管理" />
  <Message ID="ToolManagement::Disable" Content="未使用" />
  <Message ID="ToolManagement::Enable" Content="可使用" />
  <Message ID="ToolManagement::AlmostOver" Content="终了预告" />
  <Message ID="ToolManagement::Over" Content="寿命终结" />
  <Message ID="ToolManagement::Damage" Content="刀具破损" />
</ResMap>